{"timestamp_unix": 1772442899.02391, "pid": 120299, "device_index": 0, "gpu_uuid": "GPU-6f954bfd-7081-31b7-f15c-f9a174bf4d7f", "gpu_util_percent": 36.0, "gpu_mem_util_percent": 14.0, "gpu_mem_used_mib": 1004.0, "gpu_mem_total_mib": 49140.0, "gpu_power_w": 48.65, "process_present": true, "process_mem_mib": 500.0, "process_mem_share_percent": 1.0175010175010175, "process_util_available": true, "process_util_backend": "nvml", "process_sm_util_percent": null, "process_mem_util_percent": null}
{"timestamp_unix": 1772442899.399019, "pid": 120299, "device_index": 0, "gpu_uuid": "GPU-6f954bfd-7081-31b7-f15c-f9a174bf4d7f", "gpu_util_percent": 36.0, "gpu_mem_util_percent": 14.0, "gpu_mem_used_mib": 1004.0, "gpu_mem_total_mib": 49140.0, "gpu_power_w": 62.91, "process_present": true, "process_mem_mib": 500.0, "process_mem_share_percent": 1.0175010175010175, "process_util_available": true, "process_util_backend": "nvml", "process_sm_util_percent": null, "process_mem_util_percent": null}
{"timestamp_unix": 1772442899.7168198, "pid": 120299, "device_index": 0, "gpu_uuid": "GPU-6f954bfd-7081-31b7-f15c-f9a174bf4d7f", "gpu_util_percent": 36.0, "gpu_mem_util_percent": 14.0, "gpu_mem_used_mib": 1004.0, "gpu_mem_total_mib": 49140.0, "gpu_power_w": 62.91, "process_present": true, "process_mem_mib": 500.0, "process_mem_share_percent": 1.0175010175010175, "process_util_available": true, "process_util_backend": "nvml", "process_sm_util_percent": null, "process_mem_util_percent": null}
{"timestamp_unix": 1772442900.0461764, "pid": 120299, "device_index": 0, "gpu_uuid": "GPU-6f954bfd-7081-31b7-f15c-f9a174bf4d7f", "gpu_util_percent": 14.0, "gpu_mem_util_percent": 1.0, "gpu_mem_used_mib": 1004.0, "gpu_mem_total_mib": 49140.0, "gpu_power_w": 78.8, "process_present": true, "process_mem_mib": 500.0, "process_mem_share_percent": 1.0175010175010175, "process_util_available": true, "process_util_backend": "nvml", "process_sm_util_percent": null, "process_mem_util_percent": null}
{"timestamp_unix": 1772442900.3396807, "pid": 120299, "device_index": 0, "gpu_uuid": "GPU-6f954bfd-7081-31b7-f15c-f9a174bf4d7f", "gpu_util_percent": 14.0, "gpu_mem_util_percent": 1.0, "gpu_mem_used_mib": 1215.0, "gpu_mem_total_mib": 49140.0, "gpu_power_w": 84.15, "process_present": true, "process_mem_mib": 790.0, "process_mem_share_percent": 1.6076516076516076, "process_util_available": true, "process_util_backend": "nvml", "process_sm_util_percent": 17.0, "process_mem_util_percent": 1.0}
{"timestamp_unix": 1772442900.6439037, "pid": 120299, "device_index": 0, "gpu_uuid": "GPU-6f954bfd-7081-31b7-f15c-f9a174bf4d7f", "gpu_util_percent": 14.0, "gpu_mem_util_percent": 1.0, "gpu_mem_used_mib": 1537.0, "gpu_mem_total_mib": 49140.0, "gpu_power_w": 84.15, "process_present": true, "process_mem_mib": 1294.0, "process_mem_share_percent": 2.6332926332926334, "process_util_available": true, "process_util_backend": "nvml", "process_sm_util_percent": 21.0, "process_mem_util_percent": 1.0}
{"timestamp_unix": 1772442900.9624982, "pid": 120299, "device_index": 0, "gpu_uuid": "GPU-6f954bfd-7081-31b7-f15c-f9a174bf4d7f", "gpu_util_percent": 18.0, "gpu_mem_util_percent": 2.0, "gpu_mem_used_mib": 1865.0, "gpu_mem_total_mib": 49140.0, "gpu_power_w": 86.78, "process_present": true, "process_mem_mib": 1544.0, "process_mem_share_percent": 3.142043142043142, "process_util_available": true, "process_util_backend": "nvml", "process_sm_util_percent": null, "process_mem_util_percent": null}
{"timestamp_unix": 1772442901.2669826, "pid": 120299, "device_index": 0, "gpu_uuid": "GPU-6f954bfd-7081-31b7-f15c-f9a174bf4d7f", "gpu_util_percent": 18.0, "gpu_mem_util_percent": 2.0, "gpu_mem_used_mib": 3656.0, "gpu_mem_total_mib": 49140.0, "gpu_power_w": 86.78, "process_present": true, "process_mem_mib": 3418.0, "process_mem_share_percent": 6.9556369556369555, "process_util_available": true, "process_util_backend": "nvml", "process_sm_util_percent": 22.0, "process_mem_util_percent": 3.0}
{"timestamp_unix": 1772442901.5658708, "pid": 120299, "device_index": 0, "gpu_uuid": "GPU-6f954bfd-7081-31b7-f15c-f9a174bf4d7f", "gpu_util_percent": 18.0, "gpu_mem_util_percent": 2.0, "gpu_mem_used_mib": 5474.0, "gpu_mem_total_mib": 49140.0, "gpu_power_w": 89.31, "process_present": true, "process_mem_mib": 5242.0, "process_mem_share_percent": 10.667480667480667, "process_util_available": true, "process_util_backend": "nvml", "process_sm_util_percent": 22.0, "process_mem_util_percent": 3.0}
{"timestamp_unix": 1772442901.8538184, "pid": 120299, "device_index": 0, "gpu_uuid": "GPU-6f954bfd-7081-31b7-f15c-f9a174bf4d7f", "gpu_util_percent": 25.0, "gpu_mem_util_percent": 4.0, "gpu_mem_used_mib": 7479.0, "gpu_mem_total_mib": 49140.0, "gpu_power_w": 91.31, "process_present": true, "process_mem_mib": 7228.0, "process_mem_share_percent": 14.708994708994707, "process_util_available": true, "process_util_backend": "nvml", "process_sm_util_percent": 23.0, "process_mem_util_percent": 3.0}
{"timestamp_unix": 1772442902.1434844, "pid": 120299, "device_index": 0, "gpu_uuid": "GPU-6f954bfd-7081-31b7-f15c-f9a174bf4d7f", "gpu_util_percent": 25.0, "gpu_mem_util_percent": 4.0, "gpu_mem_used_mib": 9585.0, "gpu_mem_total_mib": 49140.0, "gpu_power_w": 91.31, "process_present": true, "process_mem_mib": 9372.0, "process_mem_share_percent": 19.072039072039072, "process_util_available": true, "process_util_backend": "nvml", "process_sm_util_percent": 23.0, "process_mem_util_percent": 4.0}
{"timestamp_unix": 1772442902.435923, "pid": 120299, "device_index": 0, "gpu_uuid": "GPU-6f954bfd-7081-31b7-f15c-f9a174bf4d7f", "gpu_util_percent": 25.0, "gpu_mem_util_percent": 4.0, "gpu_mem_used_mib": 11827.0, "gpu_mem_total_mib": 49140.0, "gpu_power_w": 93.94, "process_present": true, "process_mem_mib": 11598.0, "process_mem_share_percent": 23.6019536019536, "process_util_available": true, "process_util_backend": "nvml", "process_sm_util_percent": 24.0, "process_mem_util_percent": 4.0}
{"timestamp_unix": 1772442902.7262537, "pid": 120299, "device_index": 0, "gpu_uuid": "GPU-6f954bfd-7081-31b7-f15c-f9a174bf4d7f", "gpu_util_percent": 25.0, "gpu_mem_util_percent": 4.0, "gpu_mem_used_mib": 13789.0, "gpu_mem_total_mib": 49140.0, "gpu_power_w": 93.94, "process_present": true, "process_mem_mib": 13494.0, "process_mem_share_percent": 27.460317460317462, "process_util_available": true, "process_util_backend": "nvml", "process_sm_util_percent": 23.0, "process_mem_util_percent": 4.0}
{"timestamp_unix": 1772442903.0317552, "pid": 120299, "device_index": 0, "gpu_uuid": "GPU-6f954bfd-7081-31b7-f15c-f9a174bf4d7f", "gpu_util_percent": 23.0, "gpu_mem_util_percent": 3.0, "gpu_mem_used_mib": 15323.0, "gpu_mem_total_mib": 49140.0, "gpu_power_w": 94.39, "process_present": true, "process_mem_mib": 15050.0, "process_mem_share_percent": 30.626780626780626, "process_util_available": true, "process_util_backend": "nvml", "process_sm_util_percent": 23.0, "process_mem_util_percent": 3.0}
{"timestamp_unix": 1772442903.3202424, "pid": 120299, "device_index": 0, "gpu_uuid": "GPU-6f954bfd-7081-31b7-f15c-f9a174bf4d7f", "gpu_util_percent": 23.0, "gpu_mem_util_percent": 3.0, "gpu_mem_used_mib": 16823.0, "gpu_mem_total_mib": 49140.0, "gpu_power_w": 94.16, "process_present": true, "process_mem_mib": 16508.0, "process_mem_share_percent": 33.59381359381359, "process_util_available": true, "process_util_backend": "nvml", "process_sm_util_percent": 26.0, "process_mem_util_percent": 3.0}
{"timestamp_unix": 1772442903.617682, "pid": 120299, "device_index": 0, "gpu_uuid": "GPU-6f954bfd-7081-31b7-f15c-f9a174bf4d7f", "gpu_util_percent": 23.0, "gpu_mem_util_percent": 3.0, "gpu_mem_used_mib": 18301.0, "gpu_mem_total_mib": 49140.0, "gpu_power_w": 94.16, "process_present": true, "process_mem_mib": 18020.0, "process_mem_share_percent": 36.67073667073667, "process_util_available": true, "process_util_backend": "nvml", "process_sm_util_percent": 23.0, "process_mem_util_percent": 3.0}
{"timestamp_unix": 1772442903.9177454, "pid": 120299, "device_index": 0, "gpu_uuid": "GPU-6f954bfd-7081-31b7-f15c-f9a174bf4d7f", "gpu_util_percent": 24.0, "gpu_mem_util_percent": 4.0, "gpu_mem_used_mib": 20081.0, "gpu_mem_total_mib": 49140.0, "gpu_power_w": 94.14, "process_present": true, "process_mem_mib": 19826.0, "process_mem_share_percent": 40.34595034595034, "process_util_available": true, "process_util_backend": "nvml", "process_sm_util_percent": 24.0, "process_mem_util_percent": 3.0}
{"timestamp_unix": 1772442904.2164032, "pid": 120299, "device_index": 0, "gpu_uuid": "GPU-6f954bfd-7081-31b7-f15c-f9a174bf4d7f", "gpu_util_percent": 24.0, "gpu_mem_util_percent": 4.0, "gpu_mem_used_mib": 21985.0, "gpu_mem_total_mib": 49140.0, "gpu_power_w": 94.14, "process_present": true, "process_mem_mib": 21750.0, "process_mem_share_percent": 44.26129426129426, "process_util_available": true, "process_util_backend": "nvml", "process_sm_util_percent": 24.0, "process_mem_util_percent": 4.0}
{"timestamp_unix": 1772442904.5068102, "pid": 120299, "device_index": 0, "gpu_uuid": "GPU-6f954bfd-7081-31b7-f15c-f9a174bf4d7f", "gpu_util_percent": 24.0, "gpu_mem_util_percent": 4.0, "gpu_mem_used_mib": 23949.0, "gpu_mem_total_mib": 49140.0, "gpu_power_w": 94.7, "process_present": true, "process_mem_mib": 23712.0, "process_mem_share_percent": 48.25396825396825, "process_util_available": true, "process_util_backend": "nvml", "process_sm_util_percent": 24.0, "process_mem_util_percent": 4.0}
{"timestamp_unix": 1772442904.7993178, "pid": 120299, "device_index": 0, "gpu_uuid": "GPU-6f954bfd-7081-31b7-f15c-f9a174bf4d7f", "gpu_util_percent": 25.0, "gpu_mem_util_percent": 5.0, "gpu_mem_used_mib": 26029.0, "gpu_mem_total_mib": 49140.0, "gpu_power_w": 95.16, "process_present": true, "process_mem_mib": 25738.0, "process_mem_share_percent": 52.37688237688237, "process_util_available": true, "process_util_backend": "nvml", "process_sm_util_percent": 24.0, "process_mem_util_percent": 4.0}
{"timestamp_unix": 1772442905.0898104, "pid": 120299, "device_index": 0, "gpu_uuid": "GPU-6f954bfd-7081-31b7-f15c-f9a174bf4d7f", "gpu_util_percent": 25.0, "gpu_mem_util_percent": 5.0, "gpu_mem_used_mib": 27547.0, "gpu_mem_total_mib": 49140.0, "gpu_power_w": 95.16, "process_present": true, "process_mem_mib": 27264.0, "process_mem_share_percent": 55.482295482295484, "process_util_available": true, "process_util_backend": "nvml", "process_sm_util_percent": 24.0, "process_mem_util_percent": 4.0}
{"timestamp_unix": 1772442905.3816922, "pid": 120299, "device_index": 0, "gpu_uuid": "GPU-6f954bfd-7081-31b7-f15c-f9a174bf4d7f", "gpu_util_percent": 25.0, "gpu_mem_util_percent": 5.0, "gpu_mem_used_mib": 29149.0, "gpu_mem_total_mib": 49140.0, "gpu_power_w": 95.24, "process_present": true, "process_mem_mib": 28856.0, "process_mem_share_percent": 58.72201872201872, "process_util_available": true, "process_util_backend": "nvml", "process_sm_util_percent": 22.0, "process_mem_util_percent": 3.0}
{"timestamp_unix": 1772442905.6743941, "pid": 120299, "device_index": 0, "gpu_uuid": "GPU-6f954bfd-7081-31b7-f15c-f9a174bf4d7f", "gpu_util_percent": 25.0, "gpu_mem_util_percent": 5.0, "gpu_mem_used_mib": 30744.0, "gpu_mem_total_mib": 49140.0, "gpu_power_w": 95.24, "process_present": true, "process_mem_mib": 30464.0, "process_mem_share_percent": 61.99430199430199, "process_util_available": true, "process_util_backend": "nvml", "process_sm_util_percent": 22.0, "process_mem_util_percent": 4.0}
{"timestamp_unix": 1772442905.9682496, "pid": 120299, "device_index": 0, "gpu_uuid": "GPU-6f954bfd-7081-31b7-f15c-f9a174bf4d7f", "gpu_util_percent": 24.0, "gpu_mem_util_percent": 4.0, "gpu_mem_used_mib": 32524.0, "gpu_mem_total_mib": 49140.0, "gpu_power_w": 95.27, "process_present": true, "process_mem_mib": 32262.0, "process_mem_share_percent": 65.65323565323565, "process_util_available": true, "process_util_backend": "nvml", "process_sm_util_percent": 22.0, "process_mem_util_percent": 4.0}
{"timestamp_unix": 1772442906.2782674, "pid": 120299, "device_index": 0, "gpu_uuid": "GPU-6f954bfd-7081-31b7-f15c-f9a174bf4d7f", "gpu_util_percent": 24.0, "gpu_mem_util_percent": 4.0, "gpu_mem_used_mib": 33506.0, "gpu_mem_total_mib": 49140.0, "gpu_power_w": 95.27, "process_present": true, "process_mem_mib": 33010.0, "process_mem_share_percent": 67.17541717541718, "process_util_available": true, "process_util_backend": "nvml", "process_sm_util_percent": 19.0, "process_mem_util_percent": 3.0}
{"timestamp_unix": 1772442906.5832133, "pid": 120299, "device_index": 0, "gpu_uuid": "GPU-6f954bfd-7081-31b7-f15c-f9a174bf4d7f", "gpu_util_percent": 24.0, "gpu_mem_util_percent": 4.0, "gpu_mem_used_mib": 33742.0, "gpu_mem_total_mib": 49140.0, "gpu_power_w": 94.7, "process_present": true, "process_mem_mib": 33238.0, "process_mem_share_percent": 67.63939763939763, "process_util_available": true, "process_util_backend": "nvml", "process_sm_util_percent": 22.0, "process_mem_util_percent": 4.0}
{"timestamp_unix": 1772442906.8828483, "pid": 120299, "device_index": 0, "gpu_uuid": "GPU-6f954bfd-7081-31b7-f15c-f9a174bf4d7f", "gpu_util_percent": 26.0, "gpu_mem_util_percent": 6.0, "gpu_mem_used_mib": 33742.0, "gpu_mem_total_mib": 49140.0, "gpu_power_w": 95.41, "process_present": true, "process_mem_mib": 33238.0, "process_mem_share_percent": 67.63939763939763, "process_util_available": true, "process_util_backend": "nvml", "process_sm_util_percent": 24.0, "process_mem_util_percent": 5.0}
{"timestamp_unix": 1772442907.184496, "pid": 120299, "device_index": 0, "gpu_uuid": "GPU-6f954bfd-7081-31b7-f15c-f9a174bf4d7f", "gpu_util_percent": 26.0, "gpu_mem_util_percent": 6.0, "gpu_mem_used_mib": 33742.0, "gpu_mem_total_mib": 49140.0, "gpu_power_w": 95.41, "process_present": true, "process_mem_mib": 33238.0, "process_mem_share_percent": 67.63939763939763, "process_util_available": true, "process_util_backend": "nvml", "process_sm_util_percent": 26.0, "process_mem_util_percent": 5.0}
{"timestamp_unix": 1772442907.4762473, "pid": 120299, "device_index": 0, "gpu_uuid": "GPU-6f954bfd-7081-31b7-f15c-f9a174bf4d7f", "gpu_util_percent": 26.0, "gpu_mem_util_percent": 6.0, "gpu_mem_used_mib": 33742.0, "gpu_mem_total_mib": 49140.0, "gpu_power_w": 97.13, "process_present": true, "process_mem_mib": 33238.0, "process_mem_share_percent": 67.63939763939763, "process_util_available": true, "process_util_backend": "nvml", "process_sm_util_percent": 26.0, "process_mem_util_percent": 5.0}
{"timestamp_unix": 1772442907.768277, "pid": 120299, "device_index": 0, "gpu_uuid": "GPU-6f954bfd-7081-31b7-f15c-f9a174bf4d7f", "gpu_util_percent": 26.0, "gpu_mem_util_percent": 6.0, "gpu_mem_used_mib": 33742.0, "gpu_mem_total_mib": 49140.0, "gpu_power_w": 97.13, "process_present": true, "process_mem_mib": 33238.0, "process_mem_share_percent": 67.63939763939763, "process_util_available": true, "process_util_backend": "nvml", "process_sm_util_percent": 26.0, "process_mem_util_percent": 5.0}
{"timestamp_unix": 1772442908.0723157, "pid": 120299, "device_index": 0, "gpu_uuid": "GPU-6f954bfd-7081-31b7-f15c-f9a174bf4d7f", "gpu_util_percent": 28.0, "gpu_mem_util_percent": 5.0, "gpu_mem_used_mib": 33742.0, "gpu_mem_total_mib": 49140.0, "gpu_power_w": 99.06, "process_present": true, "process_mem_mib": 33238.0, "process_mem_share_percent": 67.63939763939763, "process_util_available": true, "process_util_backend": "nvml", "process_sm_util_percent": 27.0, "process_mem_util_percent": 4.0}
{"timestamp_unix": 1772442908.3672056, "pid": 120299, "device_index": 0, "gpu_uuid": "GPU-6f954bfd-7081-31b7-f15c-f9a174bf4d7f", "gpu_util_percent": 28.0, "gpu_mem_util_percent": 5.0, "gpu_mem_used_mib": 33738.0, "gpu_mem_total_mib": 49140.0, "gpu_power_w": 98.49, "process_present": true, "process_mem_mib": 33238.0, "process_mem_share_percent": 67.63939763939763, "process_util_available": true, "process_util_backend": "nvml", "process_sm_util_percent": 28.0, "process_mem_util_percent": 4.0}
{"timestamp_unix": 1772442908.6575515, "pid": 120299, "device_index": 0, "gpu_uuid": "GPU-6f954bfd-7081-31b7-f15c-f9a174bf4d7f", "gpu_util_percent": 28.0, "gpu_mem_util_percent": 5.0, "gpu_mem_used_mib": 33738.0, "gpu_mem_total_mib": 49140.0, "gpu_power_w": 98.49, "process_present": true, "process_mem_mib": 33238.0, "process_mem_share_percent": 67.63939763939763, "process_util_available": true, "process_util_backend": "nvml", "process_sm_util_percent": 26.0, "process_mem_util_percent": 4.0}
{"timestamp_unix": 1772442908.9531207, "pid": 120299, "device_index": 0, "gpu_uuid": "GPU-6f954bfd-7081-31b7-f15c-f9a174bf4d7f", "gpu_util_percent": 28.0, "gpu_mem_util_percent": 5.0, "gpu_mem_used_mib": 33738.0, "gpu_mem_total_mib": 49140.0, "gpu_power_w": 97.9, "process_present": true, "process_mem_mib": 33238.0, "process_mem_share_percent": 67.63939763939763, "process_util_available": true, "process_util_backend": "nvml", "process_sm_util_percent": 26.0, "process_mem_util_percent": 4.0}
{"timestamp_unix": 1772442909.2543392, "pid": 120299, "device_index": 0, "gpu_uuid": "GPU-6f954bfd-7081-31b7-f15c-f9a174bf4d7f", "gpu_util_percent": 28.0, "gpu_mem_util_percent": 5.0, "gpu_mem_used_mib": 33738.0, "gpu_mem_total_mib": 49140.0, "gpu_power_w": 97.9, "process_present": true, "process_mem_mib": 33238.0, "process_mem_share_percent": 67.63939763939763, "process_util_available": true, "process_util_backend": "nvml", "process_sm_util_percent": 26.0, "process_mem_util_percent": 4.0}
{"timestamp_unix": 1772442909.5618157, "pid": 120299, "device_index": 0, "gpu_uuid": "GPU-6f954bfd-7081-31b7-f15c-f9a174bf4d7f", "gpu_util_percent": 28.0, "gpu_mem_util_percent": 5.0, "gpu_mem_used_mib": 33738.0, "gpu_mem_total_mib": 49140.0, "gpu_power_w": 97.49, "process_present": true, "process_mem_mib": 33238.0, "process_mem_share_percent": 67.63939763939763, "process_util_available": true, "process_util_backend": "nvml", "process_sm_util_percent": 25.0, "process_mem_util_percent": 4.0}
{"timestamp_unix": 1772442909.8661385, "pid": 120299, "device_index": 0, "gpu_uuid": "GPU-6f954bfd-7081-31b7-f15c-f9a174bf4d7f", "gpu_util_percent": 27.0, "gpu_mem_util_percent": 4.0, "gpu_mem_used_mib": 33738.0, "gpu_mem_total_mib": 49140.0, "gpu_power_w": 97.04, "process_present": true, "process_mem_mib": 33238.0, "process_mem_share_percent": 67.63939763939763, "process_util_available": true, "process_util_backend": "nvml", "process_sm_util_percent": 26.0, "process_mem_util_percent": 4.0}
{"timestamp_unix": 1772442910.1577282, "pid": 120299, "device_index": 0, "gpu_uuid": "GPU-6f954bfd-7081-31b7-f15c-f9a174bf4d7f", "gpu_util_percent": 27.0, "gpu_mem_util_percent": 4.0, "gpu_mem_used_mib": 33738.0, "gpu_mem_total_mib": 49140.0, "gpu_power_w": 97.04, "process_present": true, "process_mem_mib": 33238.0, "process_mem_share_percent": 67.63939763939763, "process_util_available": true, "process_util_backend": "nvml", "process_sm_util_percent": 26.0, "process_mem_util_percent": 3.0}
{"timestamp_unix": 1772442910.4515347, "pid": 120299, "device_index": 0, "gpu_uuid": "GPU-6f954bfd-7081-31b7-f15c-f9a174bf4d7f", "gpu_util_percent": 27.0, "gpu_mem_util_percent": 4.0, "gpu_mem_used_mib": 33738.0, "gpu_mem_total_mib": 49140.0, "gpu_power_w": 96.66, "process_present": true, "process_mem_mib": 33238.0, "process_mem_share_percent": 67.63939763939763, "process_util_available": true, "process_util_backend": "nvml", "process_sm_util_percent": 26.0, "process_mem_util_percent": 3.0}
{"timestamp_unix": 1772442910.74286, "pid": 120299, "device_index": 0, "gpu_uuid": "GPU-6f954bfd-7081-31b7-f15c-f9a174bf4d7f", "gpu_util_percent": 27.0, "gpu_mem_util_percent": 4.0, "gpu_mem_used_mib": 33737.0, "gpu_mem_total_mib": 49140.0, "gpu_power_w": 96.66, "process_present": true, "process_mem_mib": 33238.0, "process_mem_share_percent": 67.63939763939763, "process_util_available": true, "process_util_backend": "nvml", "process_sm_util_percent": 25.0, "process_mem_util_percent": 3.0}
{"timestamp_unix": 1772442911.0387626, "pid": 120299, "device_index": 0, "gpu_uuid": "GPU-6f954bfd-7081-31b7-f15c-f9a174bf4d7f", "gpu_util_percent": 27.0, "gpu_mem_util_percent": 4.0, "gpu_mem_used_mib": 33737.0, "gpu_mem_total_mib": 49140.0, "gpu_power_w": 96.12, "process_present": true, "process_mem_mib": 33238.0, "process_mem_share_percent": 67.63939763939763, "process_util_available": true, "process_util_backend": "nvml", "process_sm_util_percent": 27.0, "process_mem_util_percent": 3.0}
{"timestamp_unix": 1772442911.3285003, "pid": 120299, "device_index": 0, "gpu_uuid": "GPU-6f954bfd-7081-31b7-f15c-f9a174bf4d7f", "gpu_util_percent": 27.0, "gpu_mem_util_percent": 4.0, "gpu_mem_used_mib": 33737.0, "gpu_mem_total_mib": 49140.0, "gpu_power_w": 95.7, "process_present": true, "process_mem_mib": 33238.0, "process_mem_share_percent": 67.63939763939763, "process_util_available": true, "process_util_backend": "nvml", "process_sm_util_percent": 27.0, "process_mem_util_percent": 3.0}
{"timestamp_unix": 1772442911.6259413, "pid": 120299, "device_index": 0, "gpu_uuid": "GPU-6f954bfd-7081-31b7-f15c-f9a174bf4d7f", "gpu_util_percent": 27.0, "gpu_mem_util_percent": 4.0, "gpu_mem_used_mib": 33737.0, "gpu_mem_total_mib": 49140.0, "gpu_power_w": 95.7, "process_present": true, "process_mem_mib": 33238.0, "process_mem_share_percent": 67.63939763939763, "process_util_available": true, "process_util_backend": "nvml", "process_sm_util_percent": 26.0, "process_mem_util_percent": 3.0}
{"timestamp_unix": 1772442911.9297616, "pid": 120299, "device_index": 0, "gpu_uuid": "GPU-6f954bfd-7081-31b7-f15c-f9a174bf4d7f", "gpu_util_percent": 27.0, "gpu_mem_util_percent": 3.0, "gpu_mem_used_mib": 33737.0, "gpu_mem_total_mib": 49140.0, "gpu_power_w": 95.46, "process_present": true, "process_mem_mib": 33238.0, "process_mem_share_percent": 67.63939763939763, "process_util_available": true, "process_util_backend": "nvml", "process_sm_util_percent": 26.0, "process_mem_util_percent": 3.0}
{"timestamp_unix": 1772442912.2334669, "pid": 120299, "device_index": 0, "gpu_uuid": "GPU-6f954bfd-7081-31b7-f15c-f9a174bf4d7f", "gpu_util_percent": 27.0, "gpu_mem_util_percent": 3.0, "gpu_mem_used_mib": 33736.0, "gpu_mem_total_mib": 49140.0, "gpu_power_w": 95.46, "process_present": true, "process_mem_mib": 33238.0, "process_mem_share_percent": 67.63939763939763, "process_util_available": true, "process_util_backend": "nvml", "process_sm_util_percent": 24.0, "process_mem_util_percent": 4.0}
{"timestamp_unix": 1772442912.531743, "pid": 120299, "device_index": 0, "gpu_uuid": "GPU-6f954bfd-7081-31b7-f15c-f9a174bf4d7f", "gpu_util_percent": 27.0, "gpu_mem_util_percent": 3.0, "gpu_mem_used_mib": 33736.0, "gpu_mem_total_mib": 49140.0, "gpu_power_w": 95.13, "process_present": true, "process_mem_mib": 33238.0, "process_mem_share_percent": 67.63939763939763, "process_util_available": true, "process_util_backend": "nvml", "process_sm_util_percent": 26.0, "process_mem_util_percent": 5.0}
{"timestamp_unix": 1772442912.8320258, "pid": 120299, "device_index": 0, "gpu_uuid": "GPU-6f954bfd-7081-31b7-f15c-f9a174bf4d7f", "gpu_util_percent": 27.0, "gpu_mem_util_percent": 5.0, "gpu_mem_used_mib": 33736.0, "gpu_mem_total_mib": 49140.0, "gpu_power_w": 96.27, "process_present": true, "process_mem_mib": 33238.0, "process_mem_share_percent": 67.63939763939763, "process_util_available": true, "process_util_backend": "nvml", "process_sm_util_percent": 26.0, "process_mem_util_percent": 5.0}
{"timestamp_unix": 1772442913.1318715, "pid": 120299, "device_index": 0, "gpu_uuid": "GPU-6f954bfd-7081-31b7-f15c-f9a174bf4d7f", "gpu_util_percent": 27.0, "gpu_mem_util_percent": 5.0, "gpu_mem_used_mib": 33735.0, "gpu_mem_total_mib": 49140.0, "gpu_power_w": 96.27, "process_present": true, "process_mem_mib": 33238.0, "process_mem_share_percent": 67.63939763939763, "process_util_available": true, "process_util_backend": "nvml", "process_sm_util_percent": null, "process_mem_util_percent": null}
{"timestamp_unix": 1772442913.4221797, "pid": 120299, "device_index": 0, "gpu_uuid": "GPU-6f954bfd-7081-31b7-f15c-f9a174bf4d7f", "gpu_util_percent": 27.0, "gpu_mem_util_percent": 5.0, "gpu_mem_used_mib": 33739.0, "gpu_mem_total_mib": 49140.0, "gpu_power_w": 98.0, "process_present": true, "process_mem_mib": 33238.0, "process_mem_share_percent": 67.63939763939763, "process_util_available": true, "process_util_backend": "nvml", "process_sm_util_percent": null, "process_mem_util_percent": null}
{"timestamp_unix": 1772442913.709803, "pid": 120299, "device_index": 0, "gpu_uuid": "GPU-6f954bfd-7081-31b7-f15c-f9a174bf4d7f", "gpu_util_percent": 27.0, "gpu_mem_util_percent": 5.0, "gpu_mem_used_mib": 33739.0, "gpu_mem_total_mib": 49140.0, "gpu_power_w": 98.0, "process_present": true, "process_mem_mib": 33238.0, "process_mem_share_percent": 67.63939763939763, "process_util_available": true, "process_util_backend": "nvml", "process_sm_util_percent": null, "process_mem_util_percent": null}
{"timestamp_unix": 1772442914.000852, "pid": 120299, "device_index": 0, "gpu_uuid": "GPU-6f954bfd-7081-31b7-f15c-f9a174bf4d7f", "gpu_util_percent": 26.0, "gpu_mem_util_percent": 5.0, "gpu_mem_used_mib": 33740.0, "gpu_mem_total_mib": 49140.0, "gpu_power_w": 98.23, "process_present": true, "process_mem_mib": 33238.0, "process_mem_share_percent": 67.63939763939763, "process_util_available": true, "process_util_backend": "nvml", "process_sm_util_percent": 27.0, "process_mem_util_percent": 5.0}
{"timestamp_unix": 1772442914.3212445, "pid": 120299, "device_index": 0, "gpu_uuid": "GPU-6f954bfd-7081-31b7-f15c-f9a174bf4d7f", "gpu_util_percent": 26.0, "gpu_mem_util_percent": 5.0, "gpu_mem_used_mib": 33740.0, "gpu_mem_total_mib": 49140.0, "gpu_power_w": 96.75, "process_present": true, "process_mem_mib": 33238.0, "process_mem_share_percent": 67.63939763939763, "process_util_available": true, "process_util_backend": "nvml", "process_sm_util_percent": null, "process_mem_util_percent": null}
{"timestamp_unix": 1772442914.6102283, "pid": 120299, "device_index": 0, "gpu_uuid": "GPU-6f954bfd-7081-31b7-f15c-f9a174bf4d7f", "gpu_util_percent": 26.0, "gpu_mem_util_percent": 5.0, "gpu_mem_used_mib": 33740.0, "gpu_mem_total_mib": 49140.0, "gpu_power_w": 96.75, "process_present": true, "process_mem_mib": 33238.0, "process_mem_share_percent": 67.63939763939763, "process_util_available": true, "process_util_backend": "nvml", "process_sm_util_percent": 24.0, "process_mem_util_percent": 4.0}
{"timestamp_unix": 1772442914.9280057, "pid": 120299, "device_index": 0, "gpu_uuid": "GPU-6f954bfd-7081-31b7-f15c-f9a174bf4d7f", "gpu_util_percent": 27.0, "gpu_mem_util_percent": 5.0, "gpu_mem_used_mib": 33740.0, "gpu_mem_total_mib": 49140.0, "gpu_power_w": 95.83, "process_present": true, "process_mem_mib": 33238.0, "process_mem_share_percent": 67.63939763939763, "process_util_available": true, "process_util_backend": "nvml", "process_sm_util_percent": 26.0, "process_mem_util_percent": 5.0}
{"timestamp_unix": 1772442915.2338321, "pid": 120299, "device_index": 0, "gpu_uuid": "GPU-6f954bfd-7081-31b7-f15c-f9a174bf4d7f", "gpu_util_percent": 27.0, "gpu_mem_util_percent": 5.0, "gpu_mem_used_mib": 33739.0, "gpu_mem_total_mib": 49140.0, "gpu_power_w": 95.83, "process_present": true, "process_mem_mib": 33238.0, "process_mem_share_percent": 67.63939763939763, "process_util_available": true, "process_util_backend": "nvml", "process_sm_util_percent": 26.0, "process_mem_util_percent": 5.0}
{"timestamp_unix": 1772442915.5314748, "pid": 120299, "device_index": 0, "gpu_uuid": "GPU-6f954bfd-7081-31b7-f15c-f9a174bf4d7f", "gpu_util_percent": 27.0, "gpu_mem_util_percent": 5.0, "gpu_mem_used_mib": 33739.0, "gpu_mem_total_mib": 49140.0, "gpu_power_w": 96.3, "process_present": true, "process_mem_mib": 33238.0, "process_mem_share_percent": 67.63939763939763, "process_util_available": true, "process_util_backend": "nvml", "process_sm_util_percent": 27.0, "process_mem_util_percent": 5.0}
{"timestamp_unix": 1772442915.8235357, "pid": 120299, "device_index": 0, "gpu_uuid": "GPU-6f954bfd-7081-31b7-f15c-f9a174bf4d7f", "gpu_util_percent": 27.0, "gpu_mem_util_percent": 6.0, "gpu_mem_used_mib": 33739.0, "gpu_mem_total_mib": 49140.0, "gpu_power_w": 98.81, "process_present": true, "process_mem_mib": 33238.0, "process_mem_share_percent": 67.63939763939763, "process_util_available": true, "process_util_backend": "nvml", "process_sm_util_percent": 27.0, "process_mem_util_percent": 5.0}
{"timestamp_unix": 1772442916.117243, "pid": 120299, "device_index": 0, "gpu_uuid": "GPU-6f954bfd-7081-31b7-f15c-f9a174bf4d7f", "gpu_util_percent": 27.0, "gpu_mem_util_percent": 6.0, "gpu_mem_used_mib": 34222.0, "gpu_mem_total_mib": 49140.0, "gpu_power_w": 98.81, "process_present": true, "process_mem_mib": 33894.0, "process_mem_share_percent": 68.97435897435898, "process_util_available": true, "process_util_backend": "nvml", "process_sm_util_percent": 27.0, "process_mem_util_percent": 5.0}
{"timestamp_unix": 1772442916.4103863, "pid": 120299, "device_index": 0, "gpu_uuid": "GPU-6f954bfd-7081-31b7-f15c-f9a174bf4d7f", "gpu_util_percent": 27.0, "gpu_mem_util_percent": 6.0, "gpu_mem_used_mib": 35350.0, "gpu_mem_total_mib": 49140.0, "gpu_power_w": 99.02, "process_present": true, "process_mem_mib": 34848.0, "process_mem_share_percent": 70.91575091575092, "process_util_available": true, "process_util_backend": "nvml", "process_sm_util_percent": 13.0, "process_mem_util_percent": 2.0}
{"timestamp_unix": 1772442916.7035875, "pid": 120299, "device_index": 0, "gpu_uuid": "GPU-6f954bfd-7081-31b7-f15c-f9a174bf4d7f", "gpu_util_percent": 27.0, "gpu_mem_util_percent": 6.0, "gpu_mem_used_mib": 35753.0, "gpu_mem_total_mib": 49140.0, "gpu_power_w": 99.02, "process_present": true, "process_mem_mib": 35250.0, "process_mem_share_percent": 71.73382173382173, "process_util_available": true, "process_util_backend": "nvml", "process_sm_util_percent": 17.0, "process_mem_util_percent": 1.0}
{"timestamp_unix": 1772442916.9936879, "pid": 120299, "device_index": 0, "gpu_uuid": "GPU-6f954bfd-7081-31b7-f15c-f9a174bf4d7f", "gpu_util_percent": 28.0, "gpu_mem_util_percent": 7.0, "gpu_mem_used_mib": 35753.0, "gpu_mem_total_mib": 49140.0, "gpu_power_w": 96.22, "process_present": true, "process_mem_mib": 35250.0, "process_mem_share_percent": 71.73382173382173, "process_util_available": true, "process_util_backend": "nvml", "process_sm_util_percent": 30.0, "process_mem_util_percent": 8.0}
{"timestamp_unix": 1772442917.2882016, "pid": 120299, "device_index": 0, "gpu_uuid": "GPU-6f954bfd-7081-31b7-f15c-f9a174bf4d7f", "gpu_util_percent": 28.0, "gpu_mem_util_percent": 7.0, "gpu_mem_used_mib": 35749.0, "gpu_mem_total_mib": 49140.0, "gpu_power_w": 98.3, "process_present": true, "process_mem_mib": 35250.0, "process_mem_share_percent": 71.73382173382173, "process_util_available": true, "process_util_backend": "nvml", "process_sm_util_percent": 30.0, "process_mem_util_percent": 8.0}
{"timestamp_unix": 1772442917.5950267, "pid": 120299, "device_index": 0, "gpu_uuid": "GPU-6f954bfd-7081-31b7-f15c-f9a174bf4d7f", "gpu_util_percent": 28.0, "gpu_mem_util_percent": 7.0, "gpu_mem_used_mib": 35749.0, "gpu_mem_total_mib": 49140.0, "gpu_power_w": 98.3, "process_present": true, "process_mem_mib": 35250.0, "process_mem_share_percent": 71.73382173382173, "process_util_available": true, "process_util_backend": "nvml", "process_sm_util_percent": 29.0, "process_mem_util_percent": 7.0}
{"timestamp_unix": 1772442917.9146652, "pid": 120299, "device_index": 0, "gpu_uuid": "GPU-6f954bfd-7081-31b7-f15c-f9a174bf4d7f", "gpu_util_percent": 30.0, "gpu_mem_util_percent": 8.0, "gpu_mem_used_mib": 35749.0, "gpu_mem_total_mib": 49140.0, "gpu_power_w": 103.23, "process_present": true, "process_mem_mib": 35250.0, "process_mem_share_percent": 71.73382173382173, "process_util_available": true, "process_util_backend": "nvml", "process_sm_util_percent": 29.0, "process_mem_util_percent": 8.0}
{"timestamp_unix": 1772442918.2166045, "pid": 120299, "device_index": 0, "gpu_uuid": "GPU-6f954bfd-7081-31b7-f15c-f9a174bf4d7f", "gpu_util_percent": 30.0, "gpu_mem_util_percent": 8.0, "gpu_mem_used_mib": 35748.0, "gpu_mem_total_mib": 49140.0, "gpu_power_w": 103.23, "process_present": true, "process_mem_mib": 35250.0, "process_mem_share_percent": 71.73382173382173, "process_util_available": true, "process_util_backend": "nvml", "process_sm_util_percent": 30.0, "process_mem_util_percent": 7.0}
{"timestamp_unix": 1772442918.5063734, "pid": 120299, "device_index": 0, "gpu_uuid": "GPU-6f954bfd-7081-31b7-f15c-f9a174bf4d7f", "gpu_util_percent": 30.0, "gpu_mem_util_percent": 8.0, "gpu_mem_used_mib": 35748.0, "gpu_mem_total_mib": 49140.0, "gpu_power_w": 103.13, "process_present": true, "process_mem_mib": 35250.0, "process_mem_share_percent": 71.73382173382173, "process_util_available": true, "process_util_backend": "nvml", "process_sm_util_percent": 29.0, "process_mem_util_percent": 7.0}
{"timestamp_unix": 1772442918.801143, "pid": 120299, "device_index": 0, "gpu_uuid": "GPU-6f954bfd-7081-31b7-f15c-f9a174bf4d7f", "gpu_util_percent": 30.0, "gpu_mem_util_percent": 8.0, "gpu_mem_used_mib": 35748.0, "gpu_mem_total_mib": 49140.0, "gpu_power_w": 102.69, "process_present": true, "process_mem_mib": 35250.0, "process_mem_share_percent": 71.73382173382173, "process_util_available": true, "process_util_backend": "nvml", "process_sm_util_percent": 29.0, "process_mem_util_percent": 7.0}
{"timestamp_unix": 1772442919.0898001, "pid": 120299, "device_index": 0, "gpu_uuid": "GPU-6f954bfd-7081-31b7-f15c-f9a174bf4d7f", "gpu_util_percent": 30.0, "gpu_mem_util_percent": 8.0, "gpu_mem_used_mib": 35748.0, "gpu_mem_total_mib": 49140.0, "gpu_power_w": 102.69, "process_present": true, "process_mem_mib": 35250.0, "process_mem_share_percent": 71.73382173382173, "process_util_available": true, "process_util_backend": "nvml", "process_sm_util_percent": 28.0, "process_mem_util_percent": 7.0}
{"timestamp_unix": 1772442919.3826203, "pid": 120299, "device_index": 0, "gpu_uuid": "GPU-6f954bfd-7081-31b7-f15c-f9a174bf4d7f", "gpu_util_percent": 30.0, "gpu_mem_util_percent": 8.0, "gpu_mem_used_mib": 35748.0, "gpu_mem_total_mib": 49140.0, "gpu_power_w": 102.31, "process_present": true, "process_mem_mib": 35250.0, "process_mem_share_percent": 71.73382173382173, "process_util_available": true, "process_util_backend": "nvml", "process_sm_util_percent": 29.0, "process_mem_util_percent": 7.0}
{"timestamp_unix": 1772442919.672338, "pid": 120299, "device_index": 0, "gpu_uuid": "GPU-6f954bfd-7081-31b7-f15c-f9a174bf4d7f", "gpu_util_percent": 30.0, "gpu_mem_util_percent": 8.0, "gpu_mem_used_mib": 35748.0, "gpu_mem_total_mib": 49140.0, "gpu_power_w": 102.31, "process_present": true, "process_mem_mib": 35250.0, "process_mem_share_percent": 71.73382173382173, "process_util_available": true, "process_util_backend": "nvml", "process_sm_util_percent": 28.0, "process_mem_util_percent": 7.0}
{"timestamp_unix": 1772442919.9681914, "pid": 120299, "device_index": 0, "gpu_uuid": "GPU-6f954bfd-7081-31b7-f15c-f9a174bf4d7f", "gpu_util_percent": 30.0, "gpu_mem_util_percent": 7.0, "gpu_mem_used_mib": 35748.0, "gpu_mem_total_mib": 49140.0, "gpu_power_w": 102.01, "process_present": true, "process_mem_mib": 35250.0, "process_mem_share_percent": 71.73382173382173, "process_util_available": true, "process_util_backend": "nvml", "process_sm_util_percent": 28.0, "process_mem_util_percent": 6.0}
{"timestamp_unix": 1772442920.3022063, "pid": 120299, "device_index": 0, "gpu_uuid": "GPU-6f954bfd-7081-31b7-f15c-f9a174bf4d7f", "gpu_util_percent": 30.0, "gpu_mem_util_percent": 7.0, "gpu_mem_used_mib": 35746.0, "gpu_mem_total_mib": 49140.0, "gpu_power_w": 101.67, "process_present": true, "process_mem_mib": 35250.0, "process_mem_share_percent": 71.73382173382173, "process_util_available": true, "process_util_backend": "nvml", "process_sm_util_percent": 28.0, "process_mem_util_percent": 6.0}
{"timestamp_unix": 1772442920.6104767, "pid": 120299, "device_index": 0, "gpu_uuid": "GPU-6f954bfd-7081-31b7-f15c-f9a174bf4d7f", "gpu_util_percent": 30.0, "gpu_mem_util_percent": 7.0, "gpu_mem_used_mib": 35746.0, "gpu_mem_total_mib": 49140.0, "gpu_power_w": 101.67, "process_present": true, "process_mem_mib": 35250.0, "process_mem_share_percent": 71.73382173382173, "process_util_available": true, "process_util_backend": "nvml", "process_sm_util_percent": 28.0, "process_mem_util_percent": 6.0}
{"timestamp_unix": 1772442920.926692, "pid": 120299, "device_index": 0, "gpu_uuid": "GPU-6f954bfd-7081-31b7-f15c-f9a174bf4d7f", "gpu_util_percent": 28.0, "gpu_mem_util_percent": 7.0, "gpu_mem_used_mib": 35746.0, "gpu_mem_total_mib": 49140.0, "gpu_power_w": 101.13, "process_present": true, "process_mem_mib": 35250.0, "process_mem_share_percent": 71.73382173382173, "process_util_available": true, "process_util_backend": "nvml", "process_sm_util_percent": 27.0, "process_mem_util_percent": 6.0}
{"timestamp_unix": 1772442921.222096, "pid": 120299, "device_index": 0, "gpu_uuid": "GPU-6f954bfd-7081-31b7-f15c-f9a174bf4d7f", "gpu_util_percent": 28.0, "gpu_mem_util_percent": 7.0, "gpu_mem_used_mib": 35745.0, "gpu_mem_total_mib": 49140.0, "gpu_power_w": 101.13, "process_present": true, "process_mem_mib": 35250.0, "process_mem_share_percent": 71.73382173382173, "process_util_available": true, "process_util_backend": "nvml", "process_sm_util_percent": 28.0, "process_mem_util_percent": 6.0}
{"timestamp_unix": 1772442921.511138, "pid": 120299, "device_index": 0, "gpu_uuid": "GPU-6f954bfd-7081-31b7-f15c-f9a174bf4d7f", "gpu_util_percent": 28.0, "gpu_mem_util_percent": 7.0, "gpu_mem_used_mib": 35745.0, "gpu_mem_total_mib": 49140.0, "gpu_power_w": 100.72, "process_present": true, "process_mem_mib": 35250.0, "process_mem_share_percent": 71.73382173382173, "process_util_available": true, "process_util_backend": "nvml", "process_sm_util_percent": 27.0, "process_mem_util_percent": 6.0}
{"timestamp_unix": 1772442921.8033876, "pid": 120299, "device_index": 0, "gpu_uuid": "GPU-6f954bfd-7081-31b7-f15c-f9a174bf4d7f", "gpu_util_percent": 28.0, "gpu_mem_util_percent": 6.0, "gpu_mem_used_mib": 35745.0, "gpu_mem_total_mib": 49140.0, "gpu_power_w": 100.31, "process_present": true, "process_mem_mib": 35250.0, "process_mem_share_percent": 71.73382173382173, "process_util_available": true, "process_util_backend": "nvml", "process_sm_util_percent": 27.0, "process_mem_util_percent": 5.0}
{"timestamp_unix": 1772442922.0936372, "pid": 120299, "device_index": 0, "gpu_uuid": "GPU-6f954bfd-7081-31b7-f15c-f9a174bf4d7f", "gpu_util_percent": 28.0, "gpu_mem_util_percent": 6.0, "gpu_mem_used_mib": 35745.0, "gpu_mem_total_mib": 49140.0, "gpu_power_w": 100.31, "process_present": true, "process_mem_mib": 35250.0, "process_mem_share_percent": 71.73382173382173, "process_util_available": true, "process_util_backend": "nvml", "process_sm_util_percent": 26.0, "process_mem_util_percent": 4.0}
{"timestamp_unix": 1772442922.3840094, "pid": 120299, "device_index": 0, "gpu_uuid": "GPU-6f954bfd-7081-31b7-f15c-f9a174bf4d7f", "gpu_util_percent": 28.0, "gpu_mem_util_percent": 6.0, "gpu_mem_used_mib": 35745.0, "gpu_mem_total_mib": 49140.0, "gpu_power_w": 99.29, "process_present": true, "process_mem_mib": 35250.0, "process_mem_share_percent": 71.73382173382173, "process_util_available": true, "process_util_backend": "nvml", "process_sm_util_percent": 14.0, "process_mem_util_percent": 2.0}
{"timestamp_unix": 1772442922.6742723, "pid": 120299, "device_index": 0, "gpu_uuid": "GPU-6f954bfd-7081-31b7-f15c-f9a174bf4d7f", "gpu_util_percent": 28.0, "gpu_mem_util_percent": 6.0, "gpu_mem_used_mib": 35745.0, "gpu_mem_total_mib": 49140.0, "gpu_power_w": 99.29, "process_present": true, "process_mem_mib": 35250.0, "process_mem_share_percent": 71.73382173382173, "process_util_available": true, "process_util_backend": "nvml", "process_sm_util_percent": 21.0, "process_mem_util_percent": 3.0}
{"timestamp_unix": 1772442922.9770267, "pid": 120299, "device_index": 0, "gpu_uuid": "GPU-6f954bfd-7081-31b7-f15c-f9a174bf4d7f", "gpu_util_percent": 28.0, "gpu_mem_util_percent": 6.0, "gpu_mem_used_mib": 35745.0, "gpu_mem_total_mib": 49140.0, "gpu_power_w": 97.88, "process_present": true, "process_mem_mib": 35250.0, "process_mem_share_percent": 71.73382173382173, "process_util_available": true, "process_util_backend": "nvml", "process_sm_util_percent": 26.0, "process_mem_util_percent": 5.0}
{"timestamp_unix": 1772442923.2853274, "pid": 120299, "device_index": 0, "gpu_uuid": "GPU-6f954bfd-7081-31b7-f15c-f9a174bf4d7f", "gpu_util_percent": 28.0, "gpu_mem_util_percent": 6.0, "gpu_mem_used_mib": 35745.0, "gpu_mem_total_mib": 49140.0, "gpu_power_w": 97.88, "process_present": true, "process_mem_mib": 35250.0, "process_mem_share_percent": 71.73382173382173, "process_util_available": true, "process_util_backend": "nvml", "process_sm_util_percent": 27.0, "process_mem_util_percent": 6.0}
{"timestamp_unix": 1772442923.5842748, "pid": 120299, "device_index": 0, "gpu_uuid": "GPU-6f954bfd-7081-31b7-f15c-f9a174bf4d7f", "gpu_util_percent": 28.0, "gpu_mem_util_percent": 6.0, "gpu_mem_used_mib": 35745.0, "gpu_mem_total_mib": 49140.0, "gpu_power_w": 98.66, "process_present": true, "process_mem_mib": 35250.0, "process_mem_share_percent": 71.73382173382173, "process_util_available": true, "process_util_backend": "nvml", "process_sm_util_percent": 27.0, "process_mem_util_percent": 6.0}
{"timestamp_unix": 1772442923.882835, "pid": 120299, "device_index": 0, "gpu_uuid": "GPU-6f954bfd-7081-31b7-f15c-f9a174bf4d7f", "gpu_util_percent": 28.0, "gpu_mem_util_percent": 6.0, "gpu_mem_used_mib": 35745.0, "gpu_mem_total_mib": 49140.0, "gpu_power_w": 100.63, "process_present": true, "process_mem_mib": 35250.0, "process_mem_share_percent": 71.73382173382173, "process_util_available": true, "process_util_backend": "nvml", "process_sm_util_percent": 27.0, "process_mem_util_percent": 6.0}
{"timestamp_unix": 1772442924.1722, "pid": 120299, "device_index": 0, "gpu_uuid": "GPU-6f954bfd-7081-31b7-f15c-f9a174bf4d7f", "gpu_util_percent": 28.0, "gpu_mem_util_percent": 6.0, "gpu_mem_used_mib": 35745.0, "gpu_mem_total_mib": 49140.0, "gpu_power_w": 100.63, "process_present": true, "process_mem_mib": 35250.0, "process_mem_share_percent": 71.73382173382173, "process_util_available": true, "process_util_backend": "nvml", "process_sm_util_percent": 27.0, "process_mem_util_percent": 6.0}
{"timestamp_unix": 1772442924.4662454, "pid": 120299, "device_index": 0, "gpu_uuid": "GPU-6f954bfd-7081-31b7-f15c-f9a174bf4d7f", "gpu_util_percent": 28.0, "gpu_mem_util_percent": 6.0, "gpu_mem_used_mib": 35745.0, "gpu_mem_total_mib": 49140.0, "gpu_power_w": 100.9, "process_present": true, "process_mem_mib": 35250.0, "process_mem_share_percent": 71.73382173382173, "process_util_available": true, "process_util_backend": "nvml", "process_sm_util_percent": 27.0, "process_mem_util_percent": 6.0}
{"timestamp_unix": 1772442924.7573113, "pid": 120299, "device_index": 0, "gpu_uuid": "GPU-6f954bfd-7081-31b7-f15c-f9a174bf4d7f", "gpu_util_percent": 28.0, "gpu_mem_util_percent": 6.0, "gpu_mem_used_mib": 35745.0, "gpu_mem_total_mib": 49140.0, "gpu_power_w": 100.9, "process_present": true, "process_mem_mib": 35250.0, "process_mem_share_percent": 71.73382173382173, "process_util_available": true, "process_util_backend": "nvml", "process_sm_util_percent": 27.0, "process_mem_util_percent": 6.0}
{"timestamp_unix": 1772442925.0516665, "pid": 120299, "device_index": 0, "gpu_uuid": "GPU-6f954bfd-7081-31b7-f15c-f9a174bf4d7f", "gpu_util_percent": 29.0, "gpu_mem_util_percent": 7.0, "gpu_mem_used_mib": 35745.0, "gpu_mem_total_mib": 49140.0, "gpu_power_w": 100.98, "process_present": true, "process_mem_mib": 35250.0, "process_mem_share_percent": 71.73382173382173, "process_util_available": true, "process_util_backend": "nvml", "process_sm_util_percent": 27.0, "process_mem_util_percent": 6.0}
{"timestamp_unix": 1772442925.3419802, "pid": 120299, "device_index": 0, "gpu_uuid": "GPU-6f954bfd-7081-31b7-f15c-f9a174bf4d7f", "gpu_util_percent": 29.0, "gpu_mem_util_percent": 7.0, "gpu_mem_used_mib": 35745.0, "gpu_mem_total_mib": 49140.0, "gpu_power_w": 101.61, "process_present": true, "process_mem_mib": 35250.0, "process_mem_share_percent": 71.73382173382173, "process_util_available": true, "process_util_backend": "nvml", "process_sm_util_percent": 27.0, "process_mem_util_percent": 6.0}
{"timestamp_unix": 1772442925.6349797, "pid": 120299, "device_index": 0, "gpu_uuid": "GPU-6f954bfd-7081-31b7-f15c-f9a174bf4d7f", "gpu_util_percent": 29.0, "gpu_mem_util_percent": 7.0, "gpu_mem_used_mib": 35745.0, "gpu_mem_total_mib": 49140.0, "gpu_power_w": 101.61, "process_present": true, "process_mem_mib": 35250.0, "process_mem_share_percent": 71.73382173382173, "process_util_available": true, "process_util_backend": "nvml", "process_sm_util_percent": 27.0, "process_mem_util_percent": 6.0}
{"timestamp_unix": 1772442925.9354503, "pid": 120299, "device_index": 0, "gpu_uuid": "GPU-6f954bfd-7081-31b7-f15c-f9a174bf4d7f", "gpu_util_percent": 28.0, "gpu_mem_util_percent": 7.0, "gpu_mem_used_mib": 35745.0, "gpu_mem_total_mib": 49140.0, "gpu_power_w": 101.93, "process_present": true, "process_mem_mib": 35250.0, "process_mem_share_percent": 71.73382173382173, "process_util_available": true, "process_util_backend": "nvml", "process_sm_util_percent": 27.0, "process_mem_util_percent": 6.0}
{"timestamp_unix": 1772442926.235893, "pid": 120299, "device_index": 0, "gpu_uuid": "GPU-6f954bfd-7081-31b7-f15c-f9a174bf4d7f", "gpu_util_percent": 28.0, "gpu_mem_util_percent": 7.0, "gpu_mem_used_mib": 35837.0, "gpu_mem_total_mib": 49140.0, "gpu_power_w": 101.93, "process_present": true, "process_mem_mib": 35400.0, "process_mem_share_percent": 72.03907203907204, "process_util_available": true, "process_util_backend": "nvml", "process_sm_util_percent": 28.0, "process_mem_util_percent": 6.0}
{"timestamp_unix": 1772442926.5355859, "pid": 120299, "device_index": 0, "gpu_uuid": "GPU-6f954bfd-7081-31b7-f15c-f9a174bf4d7f", "gpu_util_percent": 28.0, "gpu_mem_util_percent": 7.0, "gpu_mem_used_mib": 36393.0, "gpu_mem_total_mib": 49140.0, "gpu_power_w": 102.19, "process_present": true, "process_mem_mib": 35986.0, "process_mem_share_percent": 73.23158323158323, "process_util_available": true, "process_util_backend": "nvml", "process_sm_util_percent": 27.0, "process_mem_util_percent": 6.0}
{"timestamp_unix": 1772442926.8255446, "pid": 120299, "device_index": 0, "gpu_uuid": "GPU-6f954bfd-7081-31b7-f15c-f9a174bf4d7f", "gpu_util_percent": 14.0, "gpu_mem_util_percent": 1.0, "gpu_mem_used_mib": 36831.0, "gpu_mem_total_mib": 49140.0, "gpu_power_w": 99.95, "process_present": true, "process_mem_mib": 36652.0, "process_mem_share_percent": 74.58689458689459, "process_util_available": true, "process_util_backend": "nvml", "process_sm_util_percent": 7.0, "process_mem_util_percent": 0.0}
{"timestamp_unix": 1772442927.1183877, "pid": 120299, "device_index": 0, "gpu_uuid": "GPU-6f954bfd-7081-31b7-f15c-f9a174bf4d7f", "gpu_util_percent": 14.0, "gpu_mem_util_percent": 1.0, "gpu_mem_used_mib": 37180.0, "gpu_mem_total_mib": 49140.0, "gpu_power_w": 99.95, "process_present": true, "process_mem_mib": 36676.0, "process_mem_share_percent": 74.63573463573464, "process_util_available": true, "process_util_backend": "nvml", "process_sm_util_percent": 26.0, "process_mem_util_percent": 9.0}
{"timestamp_unix": 1772442927.4101014, "pid": 120299, "device_index": 0, "gpu_uuid": "GPU-6f954bfd-7081-31b7-f15c-f9a174bf4d7f", "gpu_util_percent": 14.0, "gpu_mem_util_percent": 1.0, "gpu_mem_used_mib": 37180.0, "gpu_mem_total_mib": 49140.0, "gpu_power_w": 99.67, "process_present": true, "process_mem_mib": 36676.0, "process_mem_share_percent": 74.63573463573464, "process_util_available": true, "process_util_backend": "nvml", "process_sm_util_percent": 28.0, "process_mem_util_percent": 10.0}
{"timestamp_unix": 1772442927.7037256, "pid": 120299, "device_index": 0, "gpu_uuid": "GPU-6f954bfd-7081-31b7-f15c-f9a174bf4d7f", "gpu_util_percent": 14.0, "gpu_mem_util_percent": 1.0, "gpu_mem_used_mib": 37180.0, "gpu_mem_total_mib": 49140.0, "gpu_power_w": 99.67, "process_present": true, "process_mem_mib": 36676.0, "process_mem_share_percent": 74.63573463573464, "process_util_available": true, "process_util_backend": "nvml", "process_sm_util_percent": 27.0, "process_mem_util_percent": 11.0}
{"timestamp_unix": 1772442927.9930532, "pid": 120299, "device_index": 0, "gpu_uuid": "GPU-6f954bfd-7081-31b7-f15c-f9a174bf4d7f", "gpu_util_percent": 28.0, "gpu_mem_util_percent": 12.0, "gpu_mem_used_mib": 37179.0, "gpu_mem_total_mib": 49140.0, "gpu_power_w": 103.5, "process_present": true, "process_mem_mib": 36676.0, "process_mem_share_percent": 74.63573463573464, "process_util_available": true, "process_util_backend": "nvml", "process_sm_util_percent": 27.0, "process_mem_util_percent": 11.0}
{"timestamp_unix": 1772442928.284179, "pid": 120299, "device_index": 0, "gpu_uuid": "GPU-6f954bfd-7081-31b7-f15c-f9a174bf4d7f", "gpu_util_percent": 28.0, "gpu_mem_util_percent": 12.0, "gpu_mem_used_mib": 37175.0, "gpu_mem_total_mib": 49140.0, "gpu_power_w": 103.5, "process_present": true, "process_mem_mib": 36676.0, "process_mem_share_percent": 74.63573463573464, "process_util_available": true, "process_util_backend": "nvml", "process_sm_util_percent": 29.0, "process_mem_util_percent": 12.0}
{"timestamp_unix": 1772442928.5829127, "pid": 120299, "device_index": 0, "gpu_uuid": "GPU-6f954bfd-7081-31b7-f15c-f9a174bf4d7f", "gpu_util_percent": 28.0, "gpu_mem_util_percent": 12.0, "gpu_mem_used_mib": 37175.0, "gpu_mem_total_mib": 49140.0, "gpu_power_w": 108.29, "process_present": true, "process_mem_mib": 36676.0, "process_mem_share_percent": 74.63573463573464, "process_util_available": true, "process_util_backend": "nvml", "process_sm_util_percent": null, "process_mem_util_percent": null}
{"timestamp_unix": 1772442928.8846095, "pid": 120299, "device_index": 0, "gpu_uuid": "GPU-6f954bfd-7081-31b7-f15c-f9a174bf4d7f", "gpu_util_percent": 28.0, "gpu_mem_util_percent": 11.0, "gpu_mem_used_mib": 37175.0, "gpu_mem_total_mib": 49140.0, "gpu_power_w": 108.37, "process_present": true, "process_mem_mib": 36676.0, "process_mem_share_percent": 74.63573463573464, "process_util_available": true, "process_util_backend": "nvml", "process_sm_util_percent": null, "process_mem_util_percent": null}
{"timestamp_unix": 1772442929.1845105, "pid": 120299, "device_index": 0, "gpu_uuid": "GPU-6f954bfd-7081-31b7-f15c-f9a174bf4d7f", "gpu_util_percent": 28.0, "gpu_mem_util_percent": 11.0, "gpu_mem_used_mib": 37175.0, "gpu_mem_total_mib": 49140.0, "gpu_power_w": 108.37, "process_present": true, "process_mem_mib": 36676.0, "process_mem_share_percent": 74.63573463573464, "process_util_available": true, "process_util_backend": "nvml", "process_sm_util_percent": 29.0, "process_mem_util_percent": 10.0}
{"timestamp_unix": 1772442929.4894707, "pid": 120299, "device_index": 0, "gpu_uuid": "GPU-6f954bfd-7081-31b7-f15c-f9a174bf4d7f", "gpu_util_percent": 28.0, "gpu_mem_util_percent": 11.0, "gpu_mem_used_mib": 37175.0, "gpu_mem_total_mib": 49140.0, "gpu_power_w": 107.87, "process_present": true, "process_mem_mib": 36676.0, "process_mem_share_percent": 74.63573463573464, "process_util_available": true, "process_util_backend": "nvml", "process_sm_util_percent": 28.0, "process_mem_util_percent": 10.0}
{"timestamp_unix": 1772442929.7831414, "pid": 120299, "device_index": 0, "gpu_uuid": "GPU-6f954bfd-7081-31b7-f15c-f9a174bf4d7f", "gpu_util_percent": 28.0, "gpu_mem_util_percent": 11.0, "gpu_mem_used_mib": 37175.0, "gpu_mem_total_mib": 49140.0, "gpu_power_w": 107.87, "process_present": true, "process_mem_mib": 36676.0, "process_mem_share_percent": 74.63573463573464, "process_util_available": true, "process_util_backend": "nvml", "process_sm_util_percent": 29.0, "process_mem_util_percent": 10.0}
{"timestamp_unix": 1772442930.0743842, "pid": 120299, "device_index": 0, "gpu_uuid": "GPU-6f954bfd-7081-31b7-f15c-f9a174bf4d7f", "gpu_util_percent": 28.0, "gpu_mem_util_percent": 10.0, "gpu_mem_used_mib": 37175.0, "gpu_mem_total_mib": 49140.0, "gpu_power_w": 107.1, "process_present": true, "process_mem_mib": 36676.0, "process_mem_share_percent": 74.63573463573464, "process_util_available": true, "process_util_backend": "nvml", "process_sm_util_percent": 29.0, "process_mem_util_percent": 10.0}
{"timestamp_unix": 1772442930.3687432, "pid": 120299, "device_index": 0, "gpu_uuid": "GPU-6f954bfd-7081-31b7-f15c-f9a174bf4d7f", "gpu_util_percent": 28.0, "gpu_mem_util_percent": 10.0, "gpu_mem_used_mib": 37178.0, "gpu_mem_total_mib": 49140.0, "gpu_power_w": 106.49, "process_present": true, "process_mem_mib": 36676.0, "process_mem_share_percent": 74.63573463573464, "process_util_available": true, "process_util_backend": "nvml", "process_sm_util_percent": 29.0, "process_mem_util_percent": 9.0}
{"timestamp_unix": 1772442930.6602445, "pid": 120299, "device_index": 0, "gpu_uuid": "GPU-6f954bfd-7081-31b7-f15c-f9a174bf4d7f", "gpu_util_percent": 28.0, "gpu_mem_util_percent": 10.0, "gpu_mem_used_mib": 37178.0, "gpu_mem_total_mib": 49140.0, "gpu_power_w": 106.49, "process_present": true, "process_mem_mib": 36676.0, "process_mem_share_percent": 74.63573463573464, "process_util_available": true, "process_util_backend": "nvml", "process_sm_util_percent": 29.0, "process_mem_util_percent": 9.0}
{"timestamp_unix": 1772442930.961534, "pid": 120299, "device_index": 0, "gpu_uuid": "GPU-6f954bfd-7081-31b7-f15c-f9a174bf4d7f", "gpu_util_percent": 29.0, "gpu_mem_util_percent": 9.0, "gpu_mem_used_mib": 37178.0, "gpu_mem_total_mib": 49140.0, "gpu_power_w": 105.61, "process_present": true, "process_mem_mib": 36676.0, "process_mem_share_percent": 74.63573463573464, "process_util_available": true, "process_util_backend": "nvml", "process_sm_util_percent": 30.0, "process_mem_util_percent": 9.0}
{"timestamp_unix": 1772442931.2623909, "pid": 120299, "device_index": 0, "gpu_uuid": "GPU-6f954bfd-7081-31b7-f15c-f9a174bf4d7f", "gpu_util_percent": 29.0, "gpu_mem_util_percent": 9.0, "gpu_mem_used_mib": 37178.0, "gpu_mem_total_mib": 49140.0, "gpu_power_w": 105.61, "process_present": true, "process_mem_mib": 36676.0, "process_mem_share_percent": 74.63573463573464, "process_util_available": true, "process_util_backend": "nvml", "process_sm_util_percent": 31.0, "process_mem_util_percent": 9.0}
{"timestamp_unix": 1772442931.56782, "pid": 120299, "device_index": 0, "gpu_uuid": "GPU-6f954bfd-7081-31b7-f15c-f9a174bf4d7f", "gpu_util_percent": 29.0, "gpu_mem_util_percent": 9.0, "gpu_mem_used_mib": 37178.0, "gpu_mem_total_mib": 49140.0, "gpu_power_w": 105.29, "process_present": true, "process_mem_mib": 36676.0, "process_mem_share_percent": 74.63573463573464, "process_util_available": true, "process_util_backend": "nvml", "process_sm_util_percent": 28.0, "process_mem_util_percent": 6.0}
{"timestamp_unix": 1772442931.8682127, "pid": 120299, "device_index": 0, "gpu_uuid": "GPU-6f954bfd-7081-31b7-f15c-f9a174bf4d7f", "gpu_util_percent": 26.0, "gpu_mem_util_percent": 6.0, "gpu_mem_used_mib": 37178.0, "gpu_mem_total_mib": 49140.0, "gpu_power_w": 103.6, "process_present": true, "process_mem_mib": 36676.0, "process_mem_share_percent": 74.63573463573464, "process_util_available": true, "process_util_backend": "nvml", "process_sm_util_percent": 27.0, "process_mem_util_percent": 6.0}
{"timestamp_unix": 1772442932.1677809, "pid": 120299, "device_index": 0, "gpu_uuid": "GPU-6f954bfd-7081-31b7-f15c-f9a174bf4d7f", "gpu_util_percent": 26.0, "gpu_mem_util_percent": 6.0, "gpu_mem_used_mib": 37178.0, "gpu_mem_total_mib": 49140.0, "gpu_power_w": 103.6, "process_present": true, "process_mem_mib": 36676.0, "process_mem_share_percent": 74.63573463573464, "process_util_available": true, "process_util_backend": "nvml", "process_sm_util_percent": 14.0, "process_mem_util_percent": 3.0}
{"timestamp_unix": 1772442932.4589036, "pid": 120299, "device_index": 0, "gpu_uuid": "GPU-6f954bfd-7081-31b7-f15c-f9a174bf4d7f", "gpu_util_percent": 26.0, "gpu_mem_util_percent": 6.0, "gpu_mem_used_mib": 37177.0, "gpu_mem_total_mib": 49140.0, "gpu_power_w": 101.46, "process_present": true, "process_mem_mib": 36676.0, "process_mem_share_percent": 74.63573463573464, "process_util_available": true, "process_util_backend": "nvml", "process_sm_util_percent": 27.0, "process_mem_util_percent": 6.0}
{"timestamp_unix": 1772442932.7536898, "pid": 120299, "device_index": 0, "gpu_uuid": "GPU-6f954bfd-7081-31b7-f15c-f9a174bf4d7f", "gpu_util_percent": 26.0, "gpu_mem_util_percent": 6.0, "gpu_mem_used_mib": 37177.0, "gpu_mem_total_mib": 49140.0, "gpu_power_w": 101.46, "process_present": true, "process_mem_mib": 36676.0, "process_mem_share_percent": 74.63573463573464, "process_util_available": true, "process_util_backend": "nvml", "process_sm_util_percent": 27.0, "process_mem_util_percent": 5.0}
{"timestamp_unix": 1772442933.043054, "pid": 120299, "device_index": 0, "gpu_uuid": "GPU-6f954bfd-7081-31b7-f15c-f9a174bf4d7f", "gpu_util_percent": 25.0, "gpu_mem_util_percent": 6.0, "gpu_mem_used_mib": 37177.0, "gpu_mem_total_mib": 49140.0, "gpu_power_w": 100.62, "process_present": true, "process_mem_mib": 36676.0, "process_mem_share_percent": 74.63573463573464, "process_util_available": true, "process_util_backend": "nvml", "process_sm_util_percent": 26.0, "process_mem_util_percent": 5.0}
{"timestamp_unix": 1772442933.3370068, "pid": 120299, "device_index": 0, "gpu_uuid": "GPU-6f954bfd-7081-31b7-f15c-f9a174bf4d7f", "gpu_util_percent": 25.0, "gpu_mem_util_percent": 6.0, "gpu_mem_used_mib": 37181.0, "gpu_mem_total_mib": 49140.0, "gpu_power_w": 100.44, "process_present": true, "process_mem_mib": 36676.0, "process_mem_share_percent": 74.63573463573464, "process_util_available": true, "process_util_backend": "nvml", "process_sm_util_percent": 28.0, "process_mem_util_percent": 6.0}
{"timestamp_unix": 1772442933.6239996, "pid": 120299, "device_index": 0, "gpu_uuid": "GPU-6f954bfd-7081-31b7-f15c-f9a174bf4d7f", "gpu_util_percent": 25.0, "gpu_mem_util_percent": 6.0, "gpu_mem_used_mib": 37181.0, "gpu_mem_total_mib": 49140.0, "gpu_power_w": 100.44, "process_present": true, "process_mem_mib": 36676.0, "process_mem_share_percent": 74.63573463573464, "process_util_available": true, "process_util_backend": "nvml", "process_sm_util_percent": 29.0, "process_mem_util_percent": 6.0}
{"timestamp_unix": 1772442933.9220319, "pid": 120299, "device_index": 0, "gpu_uuid": "GPU-6f954bfd-7081-31b7-f15c-f9a174bf4d7f", "gpu_util_percent": 28.0, "gpu_mem_util_percent": 7.0, "gpu_mem_used_mib": 37181.0, "gpu_mem_total_mib": 49140.0, "gpu_power_w": 101.28, "process_present": true, "process_mem_mib": 36676.0, "process_mem_share_percent": 74.63573463573464, "process_util_available": true, "process_util_backend": "nvml", "process_sm_util_percent": 28.0, "process_mem_util_percent": 7.0}
{"timestamp_unix": 1772442934.2278578, "pid": 120299, "device_index": 0, "gpu_uuid": "GPU-6f954bfd-7081-31b7-f15c-f9a174bf4d7f", "gpu_util_percent": 28.0, "gpu_mem_util_percent": 7.0, "gpu_mem_used_mib": 37181.0, "gpu_mem_total_mib": 49140.0, "gpu_power_w": 101.28, "process_present": true, "process_mem_mib": 36676.0, "process_mem_share_percent": 74.63573463573464, "process_util_available": true, "process_util_backend": "nvml", "process_sm_util_percent": 29.0, "process_mem_util_percent": 7.0}
{"timestamp_unix": 1772442934.5351627, "pid": 120299, "device_index": 0, "gpu_uuid": "GPU-6f954bfd-7081-31b7-f15c-f9a174bf4d7f", "gpu_util_percent": 28.0, "gpu_mem_util_percent": 7.0, "gpu_mem_used_mib": 37181.0, "gpu_mem_total_mib": 49140.0, "gpu_power_w": 102.82, "process_present": true, "process_mem_mib": 36676.0, "process_mem_share_percent": 74.63573463573464, "process_util_available": true, "process_util_backend": "nvml", "process_sm_util_percent": 28.0, "process_mem_util_percent": 7.0}
{"timestamp_unix": 1772442934.8325207, "pid": 120299, "device_index": 0, "gpu_uuid": "GPU-6f954bfd-7081-31b7-f15c-f9a174bf4d7f", "gpu_util_percent": 27.0, "gpu_mem_util_percent": 7.0, "gpu_mem_used_mib": 37181.0, "gpu_mem_total_mib": 49140.0, "gpu_power_w": 103.26, "process_present": true, "process_mem_mib": 36676.0, "process_mem_share_percent": 74.63573463573464, "process_util_available": true, "process_util_backend": "nvml", "process_sm_util_percent": 27.0, "process_mem_util_percent": 7.0}
{"timestamp_unix": 1772442935.1421108, "pid": 120299, "device_index": 0, "gpu_uuid": "GPU-6f954bfd-7081-31b7-f15c-f9a174bf4d7f", "gpu_util_percent": 27.0, "gpu_mem_util_percent": 7.0, "gpu_mem_used_mib": 37181.0, "gpu_mem_total_mib": 49140.0, "gpu_power_w": 103.26, "process_present": true, "process_mem_mib": 36676.0, "process_mem_share_percent": 74.63573463573464, "process_util_available": true, "process_util_backend": "nvml", "process_sm_util_percent": 27.0, "process_mem_util_percent": 7.0}
{"timestamp_unix": 1772442935.4347565, "pid": 120299, "device_index": 0, "gpu_uuid": "GPU-6f954bfd-7081-31b7-f15c-f9a174bf4d7f", "gpu_util_percent": 27.0, "gpu_mem_util_percent": 7.0, "gpu_mem_used_mib": 37180.0, "gpu_mem_total_mib": 49140.0, "gpu_power_w": 103.35, "process_present": true, "process_mem_mib": 36676.0, "process_mem_share_percent": 74.63573463573464, "process_util_available": true, "process_util_backend": "nvml", "process_sm_util_percent": 29.0, "process_mem_util_percent": 7.0}
{"timestamp_unix": 1772442935.7269602, "pid": 120299, "device_index": 0, "gpu_uuid": "GPU-6f954bfd-7081-31b7-f15c-f9a174bf4d7f", "gpu_util_percent": 27.0, "gpu_mem_util_percent": 7.0, "gpu_mem_used_mib": 37180.0, "gpu_mem_total_mib": 49140.0, "gpu_power_w": 103.35, "process_present": true, "process_mem_mib": 36676.0, "process_mem_share_percent": 74.63573463573464, "process_util_available": true, "process_util_backend": "nvml", "process_sm_util_percent": 27.0, "process_mem_util_percent": 7.0}
{"timestamp_unix": 1772442936.0185559, "pid": 120299, "device_index": 0, "gpu_uuid": "GPU-6f954bfd-7081-31b7-f15c-f9a174bf4d7f", "gpu_util_percent": 27.0, "gpu_mem_util_percent": 8.0, "gpu_mem_used_mib": 37852.0, "gpu_mem_total_mib": 49140.0, "gpu_power_w": 103.45, "process_present": true, "process_mem_mib": 37408.0, "process_mem_share_percent": 76.12535612535612, "process_util_available": true, "process_util_backend": "nvml", "process_sm_util_percent": 28.0, "process_mem_util_percent": 7.0}
{"timestamp_unix": 1772442936.3113062, "pid": 120299, "device_index": 0, "gpu_uuid": "GPU-6f954bfd-7081-31b7-f15c-f9a174bf4d7f", "gpu_util_percent": 27.0, "gpu_mem_util_percent": 8.0, "gpu_mem_used_mib": 38122.0, "gpu_mem_total_mib": 49140.0, "gpu_power_w": 103.89, "process_present": true, "process_mem_mib": 37678.0, "process_mem_share_percent": 76.67480667480667, "process_util_available": true, "process_util_backend": "nvml", "process_sm_util_percent": 28.0, "process_mem_util_percent": 7.0}
{"timestamp_unix": 1772442936.6064413, "pid": 120299, "device_index": 0, "gpu_uuid": "GPU-6f954bfd-7081-31b7-f15c-f9a174bf4d7f", "gpu_util_percent": 27.0, "gpu_mem_util_percent": 8.0, "gpu_mem_used_mib": 38422.0, "gpu_mem_total_mib": 49140.0, "gpu_power_w": 103.89, "process_present": true, "process_mem_mib": 37948.0, "process_mem_share_percent": 77.22425722425722, "process_util_available": true, "process_util_backend": "nvml", "process_sm_util_percent": 27.0, "process_mem_util_percent": 7.0}
{"timestamp_unix": 1772442936.9069889, "pid": 120299, "device_index": 0, "gpu_uuid": "GPU-6f954bfd-7081-31b7-f15c-f9a174bf4d7f", "gpu_util_percent": 27.0, "gpu_mem_util_percent": 8.0, "gpu_mem_used_mib": 38662.0, "gpu_mem_total_mib": 49140.0, "gpu_power_w": 104.04, "process_present": true, "process_mem_mib": 38158.0, "process_mem_share_percent": 77.65160765160766, "process_util_available": true, "process_util_backend": "nvml", "process_sm_util_percent": 27.0, "process_mem_util_percent": 7.0}
{"timestamp_unix": 1772442937.214365, "pid": 120299, "device_index": 0, "gpu_uuid": "GPU-6f954bfd-7081-31b7-f15c-f9a174bf4d7f", "gpu_util_percent": 27.0, "gpu_mem_util_percent": 8.0, "gpu_mem_used_mib": 39205.0, "gpu_mem_total_mib": 49140.0, "gpu_power_w": 104.04, "process_present": true, "process_mem_mib": 38990.0, "process_mem_share_percent": 79.34472934472934, "process_util_available": true, "process_util_backend": "nvml", "process_sm_util_percent": null, "process_mem_util_percent": null}
{"timestamp_unix": 1772442937.5177436, "pid": 120299, "device_index": 0, "gpu_uuid": "GPU-6f954bfd-7081-31b7-f15c-f9a174bf4d7f", "gpu_util_percent": 27.0, "gpu_mem_util_percent": 8.0, "gpu_mem_used_mib": 39493.0, "gpu_mem_total_mib": 49140.0, "gpu_power_w": 98.91, "process_present": true, "process_mem_mib": 38990.0, "process_mem_share_percent": 79.34472934472934, "process_util_available": true, "process_util_backend": "nvml", "process_sm_util_percent": 32.0, "process_mem_util_percent": 13.0}
{"timestamp_unix": 1772442937.808801, "pid": 120299, "device_index": 0, "gpu_uuid": "GPU-6f954bfd-7081-31b7-f15c-f9a174bf4d7f", "gpu_util_percent": 34.0, "gpu_mem_util_percent": 15.0, "gpu_mem_used_mib": 39493.0, "gpu_mem_total_mib": 49140.0, "gpu_power_w": 102.16, "process_present": true, "process_mem_mib": 38990.0, "process_mem_share_percent": 79.34472934472934, "process_util_available": true, "process_util_backend": "nvml", "process_sm_util_percent": 33.0, "process_mem_util_percent": 13.0}
{"timestamp_unix": 1772442938.1024847, "pid": 120299, "device_index": 0, "gpu_uuid": "GPU-6f954bfd-7081-31b7-f15c-f9a174bf4d7f", "gpu_util_percent": 34.0, "gpu_mem_util_percent": 15.0, "gpu_mem_used_mib": 39493.0, "gpu_mem_total_mib": 49140.0, "gpu_power_w": 102.16, "process_present": true, "process_mem_mib": 38990.0, "process_mem_share_percent": 79.34472934472934, "process_util_available": true, "process_util_backend": "nvml", "process_sm_util_percent": 34.0, "process_mem_util_percent": 14.0}
{"timestamp_unix": 1772442938.3933322, "pid": 120299, "device_index": 0, "gpu_uuid": "GPU-6f954bfd-7081-31b7-f15c-f9a174bf4d7f", "gpu_util_percent": 34.0, "gpu_mem_util_percent": 15.0, "gpu_mem_used_mib": 39489.0, "gpu_mem_total_mib": 49140.0, "gpu_power_w": 109.85, "process_present": true, "process_mem_mib": 38990.0, "process_mem_share_percent": 79.34472934472934, "process_util_available": true, "process_util_backend": "nvml", "process_sm_util_percent": 34.0, "process_mem_util_percent": 14.0}
{"timestamp_unix": 1772442938.6888375, "pid": 120299, "device_index": 0, "gpu_uuid": "GPU-6f954bfd-7081-31b7-f15c-f9a174bf4d7f", "gpu_util_percent": 34.0, "gpu_mem_util_percent": 15.0, "gpu_mem_used_mib": 39489.0, "gpu_mem_total_mib": 49140.0, "gpu_power_w": 109.85, "process_present": true, "process_mem_mib": 38990.0, "process_mem_share_percent": 79.34472934472934, "process_util_available": true, "process_util_backend": "nvml", "process_sm_util_percent": 33.0, "process_mem_util_percent": 13.0}
{"timestamp_unix": 1772442938.9801576, "pid": 120299, "device_index": 0, "gpu_uuid": "GPU-6f954bfd-7081-31b7-f15c-f9a174bf4d7f", "gpu_util_percent": 34.0, "gpu_mem_util_percent": 14.0, "gpu_mem_used_mib": 39489.0, "gpu_mem_total_mib": 49140.0, "gpu_power_w": 111.59, "process_present": true, "process_mem_mib": 38990.0, "process_mem_share_percent": 79.34472934472934, "process_util_available": true, "process_util_backend": "nvml", "process_sm_util_percent": 33.0, "process_mem_util_percent": 14.0}
{"timestamp_unix": 1772442939.2725751, "pid": 120299, "device_index": 0, "gpu_uuid": "GPU-6f954bfd-7081-31b7-f15c-f9a174bf4d7f", "gpu_util_percent": 34.0, "gpu_mem_util_percent": 14.0, "gpu_mem_used_mib": 39490.0, "gpu_mem_total_mib": 49140.0, "gpu_power_w": 111.59, "process_present": true, "process_mem_mib": 38990.0, "process_mem_share_percent": 79.34472934472934, "process_util_available": true, "process_util_backend": "nvml", "process_sm_util_percent": 34.0, "process_mem_util_percent": 13.0}
{"timestamp_unix": 1772442939.5783143, "pid": 120299, "device_index": 0, "gpu_uuid": "GPU-6f954bfd-7081-31b7-f15c-f9a174bf4d7f", "gpu_util_percent": 34.0, "gpu_mem_util_percent": 14.0, "gpu_mem_used_mib": 39490.0, "gpu_mem_total_mib": 49140.0, "gpu_power_w": 111.53, "process_present": true, "process_mem_mib": 38990.0, "process_mem_share_percent": 79.34472934472934, "process_util_available": true, "process_util_backend": "nvml", "process_sm_util_percent": 32.0, "process_mem_util_percent": 13.0}
{"timestamp_unix": 1772442939.8836887, "pid": 120299, "device_index": 0, "gpu_uuid": "GPU-6f954bfd-7081-31b7-f15c-f9a174bf4d7f", "gpu_util_percent": 32.0, "gpu_mem_util_percent": 13.0, "gpu_mem_used_mib": 39490.0, "gpu_mem_total_mib": 49140.0, "gpu_power_w": 110.95, "process_present": true, "process_mem_mib": 38990.0, "process_mem_share_percent": 79.34472934472934, "process_util_available": true, "process_util_backend": "nvml", "process_sm_util_percent": 33.0, "process_mem_util_percent": 14.0}
{"timestamp_unix": 1772442940.194877, "pid": 120299, "device_index": 0, "gpu_uuid": "GPU-6f954bfd-7081-31b7-f15c-f9a174bf4d7f", "gpu_util_percent": 32.0, "gpu_mem_util_percent": 13.0, "gpu_mem_used_mib": 39490.0, "gpu_mem_total_mib": 49140.0, "gpu_power_w": 110.95, "process_present": true, "process_mem_mib": 38990.0, "process_mem_share_percent": 79.34472934472934, "process_util_available": true, "process_util_backend": "nvml", "process_sm_util_percent": 33.0, "process_mem_util_percent": 13.0}
{"timestamp_unix": 1772442940.4893303, "pid": 120299, "device_index": 0, "gpu_uuid": "GPU-6f954bfd-7081-31b7-f15c-f9a174bf4d7f", "gpu_util_percent": 32.0, "gpu_mem_util_percent": 13.0, "gpu_mem_used_mib": 39490.0, "gpu_mem_total_mib": 49140.0, "gpu_power_w": 110.54, "process_present": true, "process_mem_mib": 38990.0, "process_mem_share_percent": 79.34472934472934, "process_util_available": true, "process_util_backend": "nvml", "process_sm_util_percent": 33.0, "process_mem_util_percent": 14.0}
{"timestamp_unix": 1772442940.7847042, "pid": 120299, "device_index": 0, "gpu_uuid": "GPU-6f954bfd-7081-31b7-f15c-f9a174bf4d7f", "gpu_util_percent": 32.0, "gpu_mem_util_percent": 13.0, "gpu_mem_used_mib": 39490.0, "gpu_mem_total_mib": 49140.0, "gpu_power_w": 110.54, "process_present": true, "process_mem_mib": 38990.0, "process_mem_share_percent": 79.34472934472934, "process_util_available": true, "process_util_backend": "nvml", "process_sm_util_percent": 32.0, "process_mem_util_percent": 13.0}
{"timestamp_unix": 1772442941.0775633, "pid": 120299, "device_index": 0, "gpu_uuid": "GPU-6f954bfd-7081-31b7-f15c-f9a174bf4d7f", "gpu_util_percent": 33.0, "gpu_mem_util_percent": 14.0, "gpu_mem_used_mib": 39489.0, "gpu_mem_total_mib": 49140.0, "gpu_power_w": 110.69, "process_present": true, "process_mem_mib": 38990.0, "process_mem_share_percent": 79.34472934472934, "process_util_available": true, "process_util_backend": "nvml", "process_sm_util_percent": 30.0, "process_mem_util_percent": 10.0}
{"timestamp_unix": 1772442941.3727064, "pid": 120299, "device_index": 0, "gpu_uuid": "GPU-6f954bfd-7081-31b7-f15c-f9a174bf4d7f", "gpu_util_percent": 33.0, "gpu_mem_util_percent": 14.0, "gpu_mem_used_mib": 39489.0, "gpu_mem_total_mib": 49140.0, "gpu_power_w": 108.96, "process_present": true, "process_mem_mib": 38990.0, "process_mem_share_percent": 79.34472934472934, "process_util_available": true, "process_util_backend": "nvml", "process_sm_util_percent": 29.0, "process_mem_util_percent": 8.0}
{"timestamp_unix": 1772442941.669231, "pid": 120299, "device_index": 0, "gpu_uuid": "GPU-6f954bfd-7081-31b7-f15c-f9a174bf4d7f", "gpu_util_percent": 33.0, "gpu_mem_util_percent": 14.0, "gpu_mem_used_mib": 39489.0, "gpu_mem_total_mib": 49140.0, "gpu_power_w": 108.96, "process_present": true, "process_mem_mib": 38990.0, "process_mem_share_percent": 79.34472934472934, "process_util_available": true, "process_util_backend": "nvml", "process_sm_util_percent": 28.0, "process_mem_util_percent": 7.0}
{"timestamp_unix": 1772442941.9600384, "pid": 120299, "device_index": 0, "gpu_uuid": "GPU-6f954bfd-7081-31b7-f15c-f9a174bf4d7f", "gpu_util_percent": 27.0, "gpu_mem_util_percent": 8.0, "gpu_mem_used_mib": 39489.0, "gpu_mem_total_mib": 49140.0, "gpu_power_w": 105.72, "process_present": true, "process_mem_mib": 38990.0, "process_mem_share_percent": 79.34472934472934, "process_util_available": true, "process_util_backend": "nvml", "process_sm_util_percent": 28.0, "process_mem_util_percent": 7.0}
{"timestamp_unix": 1772442942.2682817, "pid": 120299, "device_index": 0, "gpu_uuid": "GPU-6f954bfd-7081-31b7-f15c-f9a174bf4d7f", "gpu_util_percent": 27.0, "gpu_mem_util_percent": 8.0, "gpu_mem_used_mib": 39489.0, "gpu_mem_total_mib": 49140.0, "gpu_power_w": 105.72, "process_present": true, "process_mem_mib": 38990.0, "process_mem_share_percent": 79.34472934472934, "process_util_available": true, "process_util_backend": "nvml", "process_sm_util_percent": 28.0, "process_mem_util_percent": 7.0}
{"timestamp_unix": 1772442942.566869, "pid": 120299, "device_index": 0, "gpu_uuid": "GPU-6f954bfd-7081-31b7-f15c-f9a174bf4d7f", "gpu_util_percent": 27.0, "gpu_mem_util_percent": 8.0, "gpu_mem_used_mib": 39489.0, "gpu_mem_total_mib": 49140.0, "gpu_power_w": 103.52, "process_present": true, "process_mem_mib": 38990.0, "process_mem_share_percent": 79.34472934472934, "process_util_available": true, "process_util_backend": "nvml", "process_sm_util_percent": 28.0, "process_mem_util_percent": 7.0}
{"timestamp_unix": 1772442942.8686059, "pid": 120299, "device_index": 0, "gpu_uuid": "GPU-6f954bfd-7081-31b7-f15c-f9a174bf4d7f", "gpu_util_percent": 28.0, "gpu_mem_util_percent": 8.0, "gpu_mem_used_mib": 39489.0, "gpu_mem_total_mib": 49140.0, "gpu_power_w": 103.11, "process_present": true, "process_mem_mib": 38990.0, "process_mem_share_percent": 79.34472934472934, "process_util_available": true, "process_util_backend": "nvml", "process_sm_util_percent": 28.0, "process_mem_util_percent": 7.0}
{"timestamp_unix": 1772442943.167175, "pid": 120299, "device_index": 0, "gpu_uuid": "GPU-6f954bfd-7081-31b7-f15c-f9a174bf4d7f", "gpu_util_percent": 28.0, "gpu_mem_util_percent": 8.0, "gpu_mem_used_mib": 39488.0, "gpu_mem_total_mib": 49140.0, "gpu_power_w": 103.11, "process_present": true, "process_mem_mib": 38990.0, "process_mem_share_percent": 79.34472934472934, "process_util_available": true, "process_util_backend": "nvml", "process_sm_util_percent": 24.0, "process_mem_util_percent": 5.0}
{"timestamp_unix": 1772442943.4585702, "pid": 120299, "device_index": 0, "gpu_uuid": "GPU-6f954bfd-7081-31b7-f15c-f9a174bf4d7f", "gpu_util_percent": 28.0, "gpu_mem_util_percent": 8.0, "gpu_mem_used_mib": 39492.0, "gpu_mem_total_mib": 49140.0, "gpu_power_w": 101.5, "process_present": true, "process_mem_mib": 38990.0, "process_mem_share_percent": 79.34472934472934, "process_util_available": true, "process_util_backend": "nvml", "process_sm_util_percent": 26.0, "process_mem_util_percent": 6.0}
{"timestamp_unix": 1772442943.7532263, "pid": 120299, "device_index": 0, "gpu_uuid": "GPU-6f954bfd-7081-31b7-f15c-f9a174bf4d7f", "gpu_util_percent": 28.0, "gpu_mem_util_percent": 8.0, "gpu_mem_used_mib": 39492.0, "gpu_mem_total_mib": 49140.0, "gpu_power_w": 101.5, "process_present": true, "process_mem_mib": 39854.0, "process_mem_share_percent": 81.1029711029711, "process_util_available": true, "process_util_backend": "nvml", "process_sm_util_percent": 27.0, "process_mem_util_percent": 7.0}
{"timestamp_unix": 1772442944.0441544, "pid": 120299, "device_index": 0, "gpu_uuid": "GPU-6f954bfd-7081-31b7-f15c-f9a174bf4d7f", "gpu_util_percent": 28.0, "gpu_mem_util_percent": 8.0, "gpu_mem_used_mib": 40357.0, "gpu_mem_total_mib": 49140.0, "gpu_power_w": 101.54, "process_present": true, "process_mem_mib": 39854.0, "process_mem_share_percent": 81.1029711029711, "process_util_available": true, "process_util_backend": "nvml", "process_sm_util_percent": 27.0, "process_mem_util_percent": 7.0}
{"timestamp_unix": 1772442944.339242, "pid": 120299, "device_index": 0, "gpu_uuid": "GPU-6f954bfd-7081-31b7-f15c-f9a174bf4d7f", "gpu_util_percent": 28.0, "gpu_mem_util_percent": 8.0, "gpu_mem_used_mib": 40356.0, "gpu_mem_total_mib": 49140.0, "gpu_power_w": 102.26, "process_present": true, "process_mem_mib": 39854.0, "process_mem_share_percent": 81.1029711029711, "process_util_available": true, "process_util_backend": "nvml", "process_sm_util_percent": null, "process_mem_util_percent": null}
{"timestamp_unix": 1772442944.6343403, "pid": 120299, "device_index": 0, "gpu_uuid": "GPU-6f954bfd-7081-31b7-f15c-f9a174bf4d7f", "gpu_util_percent": 28.0, "gpu_mem_util_percent": 8.0, "gpu_mem_used_mib": 40356.0, "gpu_mem_total_mib": 49140.0, "gpu_power_w": 102.26, "process_present": true, "process_mem_mib": 39854.0, "process_mem_share_percent": 81.1029711029711, "process_util_available": true, "process_util_backend": "nvml", "process_sm_util_percent": 27.0, "process_mem_util_percent": 7.0}
{"timestamp_unix": 1772442944.9240072, "pid": 120299, "device_index": 0, "gpu_uuid": "GPU-6f954bfd-7081-31b7-f15c-f9a174bf4d7f", "gpu_util_percent": 26.0, "gpu_mem_util_percent": 8.0, "gpu_mem_used_mib": 40356.0, "gpu_mem_total_mib": 49140.0, "gpu_power_w": 104.38, "process_present": true, "process_mem_mib": 39854.0, "process_mem_share_percent": 81.1029711029711, "process_util_available": true, "process_util_backend": "nvml", "process_sm_util_percent": 27.0, "process_mem_util_percent": 8.0}
{"timestamp_unix": 1772442945.2333698, "pid": 120299, "device_index": 0, "gpu_uuid": "GPU-6f954bfd-7081-31b7-f15c-f9a174bf4d7f", "gpu_util_percent": 26.0, "gpu_mem_util_percent": 8.0, "gpu_mem_used_mib": 40356.0, "gpu_mem_total_mib": 49140.0, "gpu_power_w": 104.38, "process_present": true, "process_mem_mib": 39854.0, "process_mem_share_percent": 81.1029711029711, "process_util_available": true, "process_util_backend": "nvml", "process_sm_util_percent": 28.0, "process_mem_util_percent": 8.0}
{"timestamp_unix": 1772442945.5352557, "pid": 120299, "device_index": 0, "gpu_uuid": "GPU-6f954bfd-7081-31b7-f15c-f9a174bf4d7f", "gpu_util_percent": 26.0, "gpu_mem_util_percent": 8.0, "gpu_mem_used_mib": 41316.0, "gpu_mem_total_mib": 49140.0, "gpu_power_w": 104.97, "process_present": true, "process_mem_mib": 40814.0, "process_mem_share_percent": 83.05657305657306, "process_util_available": true, "process_util_backend": "nvml", "process_sm_util_percent": 28.0, "process_mem_util_percent": 8.0}
{"timestamp_unix": 1772442945.8446443, "pid": 120299, "device_index": 0, "gpu_uuid": "GPU-6f954bfd-7081-31b7-f15c-f9a174bf4d7f", "gpu_util_percent": 28.0, "gpu_mem_util_percent": 8.0, "gpu_mem_used_mib": 41316.0, "gpu_mem_total_mib": 49140.0, "gpu_power_w": 105.5, "process_present": true, "process_mem_mib": 40814.0, "process_mem_share_percent": 83.05657305657306, "process_util_available": true, "process_util_backend": "nvml", "process_sm_util_percent": 28.0, "process_mem_util_percent": 8.0}
{"timestamp_unix": 1772442946.1369765, "pid": 120299, "device_index": 0, "gpu_uuid": "GPU-6f954bfd-7081-31b7-f15c-f9a174bf4d7f", "gpu_util_percent": 28.0, "gpu_mem_util_percent": 8.0, "gpu_mem_used_mib": 41316.0, "gpu_mem_total_mib": 49140.0, "gpu_power_w": 105.5, "process_present": true, "process_mem_mib": 40814.0, "process_mem_share_percent": 83.05657305657306, "process_util_available": true, "process_util_backend": "nvml", "process_sm_util_percent": 27.0, "process_mem_util_percent": 8.0}
{"timestamp_unix": 1772442946.4263647, "pid": 120299, "device_index": 0, "gpu_uuid": "GPU-6f954bfd-7081-31b7-f15c-f9a174bf4d7f", "gpu_util_percent": 28.0, "gpu_mem_util_percent": 8.0, "gpu_mem_used_mib": 41316.0, "gpu_mem_total_mib": 49140.0, "gpu_power_w": 105.51, "process_present": true, "process_mem_mib": 40814.0, "process_mem_share_percent": 83.05657305657306, "process_util_available": true, "process_util_backend": "nvml", "process_sm_util_percent": 28.0, "process_mem_util_percent": 8.0}
{"timestamp_unix": 1772442946.718523, "pid": 120299, "device_index": 0, "gpu_uuid": "GPU-6f954bfd-7081-31b7-f15c-f9a174bf4d7f", "gpu_util_percent": 28.0, "gpu_mem_util_percent": 8.0, "gpu_mem_used_mib": 41316.0, "gpu_mem_total_mib": 49140.0, "gpu_power_w": 105.51, "process_present": true, "process_mem_mib": 40814.0, "process_mem_share_percent": 83.05657305657306, "process_util_available": true, "process_util_backend": "nvml", "process_sm_util_percent": 28.0, "process_mem_util_percent": 8.0}
{"timestamp_unix": 1772442947.009295, "pid": 120299, "device_index": 0, "gpu_uuid": "GPU-6f954bfd-7081-31b7-f15c-f9a174bf4d7f", "gpu_util_percent": 28.0, "gpu_mem_util_percent": 9.0, "gpu_mem_used_mib": 42324.0, "gpu_mem_total_mib": 49140.0, "gpu_power_w": 105.85, "process_present": true, "process_mem_mib": 41822.0, "process_mem_share_percent": 85.10785510785512, "process_util_available": true, "process_util_backend": "nvml", "process_sm_util_percent": 28.0, "process_mem_util_percent": 8.0}
{"timestamp_unix": 1772442947.301989, "pid": 120299, "device_index": 0, "gpu_uuid": "GPU-6f954bfd-7081-31b7-f15c-f9a174bf4d7f", "gpu_util_percent": 28.0, "gpu_mem_util_percent": 9.0, "gpu_mem_used_mib": 42318.0, "gpu_mem_total_mib": 49140.0, "gpu_power_w": 106.22, "process_present": true, "process_mem_mib": 41822.0, "process_mem_share_percent": 85.10785510785512, "process_util_available": true, "process_util_backend": "nvml", "process_sm_util_percent": 27.0, "process_mem_util_percent": 8.0}
{"timestamp_unix": 1772442947.5909753, "pid": 120299, "device_index": 0, "gpu_uuid": "GPU-6f954bfd-7081-31b7-f15c-f9a174bf4d7f", "gpu_util_percent": 28.0, "gpu_mem_util_percent": 9.0, "gpu_mem_used_mib": 42318.0, "gpu_mem_total_mib": 49140.0, "gpu_power_w": 106.22, "process_present": true, "process_mem_mib": 41822.0, "process_mem_share_percent": 85.10785510785512, "process_util_available": true, "process_util_backend": "nvml", "process_sm_util_percent": null, "process_mem_util_percent": null}
{"timestamp_unix": 1772442947.894321, "pid": 120299, "device_index": 0, "gpu_uuid": "GPU-6f954bfd-7081-31b7-f15c-f9a174bf4d7f", "gpu_util_percent": 20.0, "gpu_mem_util_percent": 5.0, "gpu_mem_used_mib": 43410.0, "gpu_mem_total_mib": 49140.0, "gpu_power_w": 100.96, "process_present": true, "process_mem_mib": 42914.0, "process_mem_share_percent": 87.33007733007733, "process_util_available": true, "process_util_backend": "nvml", "process_sm_util_percent": 27.0, "process_mem_util_percent": 10.0}
{"timestamp_unix": 1772442948.2017684, "pid": 120299, "device_index": 0, "gpu_uuid": "GPU-6f954bfd-7081-31b7-f15c-f9a174bf4d7f", "gpu_util_percent": 20.0, "gpu_mem_util_percent": 5.0, "gpu_mem_used_mib": 43410.0, "gpu_mem_total_mib": 49140.0, "gpu_power_w": 100.96, "process_present": true, "process_mem_mib": 42914.0, "process_mem_share_percent": 87.33007733007733, "process_util_available": true, "process_util_backend": "nvml", "process_sm_util_percent": 34.0, "process_mem_util_percent": 16.0}
{"timestamp_unix": 1772442948.5045269, "pid": 120299, "device_index": 0, "gpu_uuid": "GPU-6f954bfd-7081-31b7-f15c-f9a174bf4d7f", "gpu_util_percent": 20.0, "gpu_mem_util_percent": 5.0, "gpu_mem_used_mib": 43490.0, "gpu_mem_total_mib": 49140.0, "gpu_power_w": 104.77, "process_present": true, "process_mem_mib": 42994.0, "process_mem_share_percent": 87.4928774928775, "process_util_available": true, "process_util_backend": "nvml", "process_sm_util_percent": 34.0, "process_mem_util_percent": 18.0}
{"timestamp_unix": 1772442948.8057215, "pid": 120299, "device_index": 0, "gpu_uuid": "GPU-6f954bfd-7081-31b7-f15c-f9a174bf4d7f", "gpu_util_percent": 34.0, "gpu_mem_util_percent": 17.0, "gpu_mem_used_mib": 43490.0, "gpu_mem_total_mib": 49140.0, "gpu_power_w": 114.05, "process_present": true, "process_mem_mib": 42994.0, "process_mem_share_percent": 87.4928774928775, "process_util_available": true, "process_util_backend": "nvml", "process_sm_util_percent": 33.0, "process_mem_util_percent": 17.0}
{"timestamp_unix": 1772442949.112193, "pid": 120299, "device_index": 0, "gpu_uuid": "GPU-6f954bfd-7081-31b7-f15c-f9a174bf4d7f", "gpu_util_percent": 34.0, "gpu_mem_util_percent": 17.0, "gpu_mem_used_mib": 43488.0, "gpu_mem_total_mib": 49140.0, "gpu_power_w": 114.05, "process_present": true, "process_mem_mib": 42994.0, "process_mem_share_percent": 87.4928774928775, "process_util_available": true, "process_util_backend": "nvml", "process_sm_util_percent": 33.0, "process_mem_util_percent": 18.0}
{"timestamp_unix": 1772442949.4288685, "pid": 120299, "device_index": 0, "gpu_uuid": "GPU-6f954bfd-7081-31b7-f15c-f9a174bf4d7f", "gpu_util_percent": 34.0, "gpu_mem_util_percent": 17.0, "gpu_mem_used_mib": 43488.0, "gpu_mem_total_mib": 49140.0, "gpu_power_w": 116.66, "process_present": true, "process_mem_mib": 42994.0, "process_mem_share_percent": 87.4928774928775, "process_util_available": true, "process_util_backend": "nvml", "process_sm_util_percent": 32.0, "process_mem_util_percent": 16.0}
{"timestamp_unix": 1772442949.7228184, "pid": 120299, "device_index": 0, "gpu_uuid": "GPU-6f954bfd-7081-31b7-f15c-f9a174bf4d7f", "gpu_util_percent": 34.0, "gpu_mem_util_percent": 17.0, "gpu_mem_used_mib": 43488.0, "gpu_mem_total_mib": 49140.0, "gpu_power_w": 116.66, "process_present": true, "process_mem_mib": 42994.0, "process_mem_share_percent": 87.4928774928775, "process_util_available": true, "process_util_backend": "nvml", "process_sm_util_percent": 32.0, "process_mem_util_percent": 17.0}
{"timestamp_unix": 1772442950.0159497, "pid": 120299, "device_index": 0, "gpu_uuid": "GPU-6f954bfd-7081-31b7-f15c-f9a174bf4d7f", "gpu_util_percent": 32.0, "gpu_mem_util_percent": 17.0, "gpu_mem_used_mib": 43488.0, "gpu_mem_total_mib": 49140.0, "gpu_power_w": 116.34, "process_present": true, "process_mem_mib": 42994.0, "process_mem_share_percent": 87.4928774928775, "process_util_available": true, "process_util_backend": "nvml", "process_sm_util_percent": 32.0, "process_mem_util_percent": 16.0}
{"timestamp_unix": 1772442950.3085938, "pid": 120299, "device_index": 0, "gpu_uuid": "GPU-6f954bfd-7081-31b7-f15c-f9a174bf4d7f", "gpu_util_percent": 32.0, "gpu_mem_util_percent": 17.0, "gpu_mem_used_mib": 43488.0, "gpu_mem_total_mib": 49140.0, "gpu_power_w": 115.88, "process_present": true, "process_mem_mib": 42994.0, "process_mem_share_percent": 87.4928774928775, "process_util_available": true, "process_util_backend": "nvml", "process_sm_util_percent": 32.0, "process_mem_util_percent": 17.0}
{"timestamp_unix": 1772442950.6019874, "pid": 120299, "device_index": 0, "gpu_uuid": "GPU-6f954bfd-7081-31b7-f15c-f9a174bf4d7f", "gpu_util_percent": 32.0, "gpu_mem_util_percent": 17.0, "gpu_mem_used_mib": 43488.0, "gpu_mem_total_mib": 49140.0, "gpu_power_w": 115.88, "process_present": true, "process_mem_mib": 42994.0, "process_mem_share_percent": 87.4928774928775, "process_util_available": true, "process_util_backend": "nvml", "process_sm_util_percent": 33.0, "process_mem_util_percent": 16.0}
{"timestamp_unix": 1772442950.894675, "pid": 120299, "device_index": 0, "gpu_uuid": "GPU-6f954bfd-7081-31b7-f15c-f9a174bf4d7f", "gpu_util_percent": 33.0, "gpu_mem_util_percent": 16.0, "gpu_mem_used_mib": 43488.0, "gpu_mem_total_mib": 49140.0, "gpu_power_w": 115.51, "process_present": true, "process_mem_mib": 42994.0, "process_mem_share_percent": 87.4928774928775, "process_util_available": true, "process_util_backend": "nvml", "process_sm_util_percent": 33.0, "process_mem_util_percent": 16.0}
{"timestamp_unix": 1772442951.1880398, "pid": 120299, "device_index": 0, "gpu_uuid": "GPU-6f954bfd-7081-31b7-f15c-f9a174bf4d7f", "gpu_util_percent": 33.0, "gpu_mem_util_percent": 16.0, "gpu_mem_used_mib": 43497.0, "gpu_mem_total_mib": 49140.0, "gpu_power_w": 115.51, "process_present": true, "process_mem_mib": 42994.0, "process_mem_share_percent": 87.4928774928775, "process_util_available": true, "process_util_backend": "nvml", "process_sm_util_percent": 36.0, "process_mem_util_percent": 15.0}
{"timestamp_unix": 1772442951.4942758, "pid": 120299, "device_index": 0, "gpu_uuid": "GPU-6f954bfd-7081-31b7-f15c-f9a174bf4d7f", "gpu_util_percent": 33.0, "gpu_mem_util_percent": 16.0, "gpu_mem_used_mib": 43497.0, "gpu_mem_total_mib": 49140.0, "gpu_power_w": 115.4, "process_present": true, "process_mem_mib": 42994.0, "process_mem_share_percent": 87.4928774928775, "process_util_available": true, "process_util_backend": "nvml", "process_sm_util_percent": 35.0, "process_mem_util_percent": 16.0}
{"timestamp_unix": 1772442951.799864, "pid": 120299, "device_index": 0, "gpu_uuid": "GPU-6f954bfd-7081-31b7-f15c-f9a174bf4d7f", "gpu_util_percent": 34.0, "gpu_mem_util_percent": 17.0, "gpu_mem_used_mib": 43497.0, "gpu_mem_total_mib": 49140.0, "gpu_power_w": 115.26, "process_present": true, "process_mem_mib": 42994.0, "process_mem_share_percent": 87.4928774928775, "process_util_available": true, "process_util_backend": "nvml", "process_sm_util_percent": 34.0, "process_mem_util_percent": 15.0}
{"timestamp_unix": 1772442952.0998354, "pid": 120299, "device_index": 0, "gpu_uuid": "GPU-6f954bfd-7081-31b7-f15c-f9a174bf4d7f", "gpu_util_percent": 34.0, "gpu_mem_util_percent": 17.0, "gpu_mem_used_mib": 43497.0, "gpu_mem_total_mib": 49140.0, "gpu_power_w": 115.26, "process_present": true, "process_mem_mib": 42994.0, "process_mem_share_percent": 87.4928774928775, "process_util_available": true, "process_util_backend": "nvml", "process_sm_util_percent": 33.0, "process_mem_util_percent": 16.0}
{"timestamp_unix": 1772442952.3894033, "pid": 120299, "device_index": 0, "gpu_uuid": "GPU-6f954bfd-7081-31b7-f15c-f9a174bf4d7f", "gpu_util_percent": 34.0, "gpu_mem_util_percent": 17.0, "gpu_mem_used_mib": 43497.0, "gpu_mem_total_mib": 49140.0, "gpu_power_w": 114.75, "process_present": true, "process_mem_mib": 42994.0, "process_mem_share_percent": 87.4928774928775, "process_util_available": true, "process_util_backend": "nvml", "process_sm_util_percent": 34.0, "process_mem_util_percent": 15.0}
{"timestamp_unix": 1772442952.6838691, "pid": 120299, "device_index": 0, "gpu_uuid": "GPU-6f954bfd-7081-31b7-f15c-f9a174bf4d7f", "gpu_util_percent": 34.0, "gpu_mem_util_percent": 17.0, "gpu_mem_used_mib": 43497.0, "gpu_mem_total_mib": 49140.0, "gpu_power_w": 114.75, "process_present": true, "process_mem_mib": 42994.0, "process_mem_share_percent": 87.4928774928775, "process_util_available": true, "process_util_backend": "nvml", "process_sm_util_percent": 34.0, "process_mem_util_percent": 16.0}
{"timestamp_unix": 1772442952.9759266, "pid": 120299, "device_index": 0, "gpu_uuid": "GPU-6f954bfd-7081-31b7-f15c-f9a174bf4d7f", "gpu_util_percent": 33.0, "gpu_mem_util_percent": 15.0, "gpu_mem_used_mib": 43497.0, "gpu_mem_total_mib": 49140.0, "gpu_power_w": 114.46, "process_present": true, "process_mem_mib": 42994.0, "process_mem_share_percent": 87.4928774928775, "process_util_available": true, "process_util_backend": "nvml", "process_sm_util_percent": 31.0, "process_mem_util_percent": 12.0}
{"timestamp_unix": 1772442953.2697144, "pid": 120299, "device_index": 0, "gpu_uuid": "GPU-6f954bfd-7081-31b7-f15c-f9a174bf4d7f", "gpu_util_percent": 33.0, "gpu_mem_util_percent": 15.0, "gpu_mem_used_mib": 43497.0, "gpu_mem_total_mib": 49140.0, "gpu_power_w": 114.46, "process_present": true, "process_mem_mib": 42994.0, "process_mem_share_percent": 87.4928774928775, "process_util_available": true, "process_util_backend": "nvml", "process_sm_util_percent": 30.0, "process_mem_util_percent": 9.0}
{"timestamp_unix": 1772442953.5629303, "pid": 120299, "device_index": 0, "gpu_uuid": "GPU-6f954bfd-7081-31b7-f15c-f9a174bf4d7f", "gpu_util_percent": 33.0, "gpu_mem_util_percent": 15.0, "gpu_mem_used_mib": 43493.0, "gpu_mem_total_mib": 49140.0, "gpu_power_w": 111.56, "process_present": true, "process_mem_mib": 42994.0, "process_mem_share_percent": 87.4928774928775, "process_util_available": true, "process_util_backend": "nvml", "process_sm_util_percent": 14.0, "process_mem_util_percent": 4.0}
{"timestamp_unix": 1772442953.8571825, "pid": 120299, "device_index": 0, "gpu_uuid": "GPU-6f954bfd-7081-31b7-f15c-f9a174bf4d7f", "gpu_util_percent": 18.0, "gpu_mem_util_percent": 3.0, "gpu_mem_used_mib": 43493.0, "gpu_mem_total_mib": 49140.0, "gpu_power_w": 106.0, "process_present": true, "process_mem_mib": 42994.0, "process_mem_share_percent": 87.4928774928775, "process_util_available": true, "process_util_backend": "nvml", "process_sm_util_percent": 22.0, "process_mem_util_percent": 5.0}
{"timestamp_unix": 1772442954.1634593, "pid": 120299, "device_index": 0, "gpu_uuid": "GPU-6f954bfd-7081-31b7-f15c-f9a174bf4d7f", "gpu_util_percent": 18.0, "gpu_mem_util_percent": 3.0, "gpu_mem_used_mib": 43493.0, "gpu_mem_total_mib": 49140.0, "gpu_power_w": 106.0, "process_present": true, "process_mem_mib": 42994.0, "process_mem_share_percent": 87.4928774928775, "process_util_available": true, "process_util_backend": "nvml", "process_sm_util_percent": 28.0, "process_mem_util_percent": 8.0}
{"timestamp_unix": 1772442954.4797363, "pid": 120299, "device_index": 0, "gpu_uuid": "GPU-6f954bfd-7081-31b7-f15c-f9a174bf4d7f", "gpu_util_percent": 18.0, "gpu_mem_util_percent": 3.0, "gpu_mem_used_mib": 43493.0, "gpu_mem_total_mib": 49140.0, "gpu_power_w": 104.13, "process_present": true, "process_mem_mib": 42994.0, "process_mem_share_percent": 87.4928774928775, "process_util_available": true, "process_util_backend": "nvml", "process_sm_util_percent": 28.0, "process_mem_util_percent": 8.0}
{"timestamp_unix": 1772442954.7850637, "pid": 120299, "device_index": 0, "gpu_uuid": "GPU-6f954bfd-7081-31b7-f15c-f9a174bf4d7f", "gpu_util_percent": 18.0, "gpu_mem_util_percent": 3.0, "gpu_mem_used_mib": 44505.0, "gpu_mem_total_mib": 49140.0, "gpu_power_w": 104.13, "process_present": true, "process_mem_mib": 44006.0, "process_mem_share_percent": 89.55229955229956, "process_util_available": true, "process_util_backend": "nvml", "process_sm_util_percent": 28.0, "process_mem_util_percent": 8.0}
{"timestamp_unix": 1772442955.0776665, "pid": 120299, "device_index": 0, "gpu_uuid": "GPU-6f954bfd-7081-31b7-f15c-f9a174bf4d7f", "gpu_util_percent": 30.0, "gpu_mem_util_percent": 9.0, "gpu_mem_used_mib": 44505.0, "gpu_mem_total_mib": 49140.0, "gpu_power_w": 104.69, "process_present": true, "process_mem_mib": 44006.0, "process_mem_share_percent": 89.55229955229956, "process_util_available": true, "process_util_backend": "nvml", "process_sm_util_percent": 29.0, "process_mem_util_percent": 8.0}
{"timestamp_unix": 1772442955.3718028, "pid": 120299, "device_index": 0, "gpu_uuid": "GPU-6f954bfd-7081-31b7-f15c-f9a174bf4d7f", "gpu_util_percent": 30.0, "gpu_mem_util_percent": 9.0, "gpu_mem_used_mib": 44506.0, "gpu_mem_total_mib": 49140.0, "gpu_power_w": 106.68, "process_present": true, "process_mem_mib": 44006.0, "process_mem_share_percent": 89.55229955229956, "process_util_available": true, "process_util_backend": "nvml", "process_sm_util_percent": 30.0, "process_mem_util_percent": 8.0}
{"timestamp_unix": 1772442955.8364868, "pid": 120299, "device_index": 0, "gpu_uuid": "GPU-6f954bfd-7081-31b7-f15c-f9a174bf4d7f", "gpu_util_percent": 30.0, "gpu_mem_util_percent": 9.0, "gpu_mem_used_mib": 44506.0, "gpu_mem_total_mib": 49140.0, "gpu_power_w": 106.68, "process_present": true, "process_mem_mib": 44006.0, "process_mem_share_percent": 89.55229955229956, "process_util_available": true, "process_util_backend": "nvml", "process_sm_util_percent": 15.0, "process_mem_util_percent": 4.0}
{"timestamp_unix": 1772442956.129506, "pid": 120299, "device_index": 0, "gpu_uuid": "GPU-6f954bfd-7081-31b7-f15c-f9a174bf4d7f", "gpu_util_percent": 20.0, "gpu_mem_util_percent": 4.0, "gpu_mem_used_mib": 44506.0, "gpu_mem_total_mib": 49140.0, "gpu_power_w": 106.08, "process_present": true, "process_mem_mib": 44006.0, "process_mem_share_percent": 89.55229955229956, "process_util_available": true, "process_util_backend": "nvml", "process_sm_util_percent": 26.0, "process_mem_util_percent": 7.0}
{"timestamp_unix": 1772442956.4261768, "pid": 120299, "device_index": 0, "gpu_uuid": "GPU-6f954bfd-7081-31b7-f15c-f9a174bf4d7f", "gpu_util_percent": 20.0, "gpu_mem_util_percent": 4.0, "gpu_mem_used_mib": 44506.0, "gpu_mem_total_mib": 49140.0, "gpu_power_w": 103.71, "process_present": true, "process_mem_mib": 44006.0, "process_mem_share_percent": 89.55229955229956, "process_util_available": true, "process_util_backend": "nvml", "process_sm_util_percent": 30.0, "process_mem_util_percent": 9.0}
{"timestamp_unix": 1772442956.728958, "pid": 120299, "device_index": 0, "gpu_uuid": "GPU-6f954bfd-7081-31b7-f15c-f9a174bf4d7f", "gpu_util_percent": 20.0, "gpu_mem_util_percent": 4.0, "gpu_mem_used_mib": 45658.0, "gpu_mem_total_mib": 49140.0, "gpu_power_w": 103.71, "process_present": true, "process_mem_mib": 45158.0, "process_mem_share_percent": 91.8966218966219, "process_util_available": true, "process_util_backend": "nvml", "process_sm_util_percent": 30.0, "process_mem_util_percent": 10.0}
{"timestamp_unix": 1772442957.035924, "pid": 120299, "device_index": 0, "gpu_uuid": "GPU-6f954bfd-7081-31b7-f15c-f9a174bf4d7f", "gpu_util_percent": 31.0, "gpu_mem_util_percent": 9.0, "gpu_mem_used_mib": 45658.0, "gpu_mem_total_mib": 49140.0, "gpu_power_w": 104.38, "process_present": true, "process_mem_mib": 45158.0, "process_mem_share_percent": 91.8966218966219, "process_util_available": true, "process_util_backend": "nvml", "process_sm_util_percent": 15.0, "process_mem_util_percent": 4.0}
{"timestamp_unix": 1772442957.3447402, "pid": 120299, "device_index": 0, "gpu_uuid": "GPU-6f954bfd-7081-31b7-f15c-f9a174bf4d7f", "gpu_util_percent": 31.0, "gpu_mem_util_percent": 9.0, "gpu_mem_used_mib": 45658.0, "gpu_mem_total_mib": 49140.0, "gpu_power_w": 108.11, "process_present": true, "process_mem_mib": 45158.0, "process_mem_share_percent": 91.8966218966219, "process_util_available": true, "process_util_backend": "nvml", "process_sm_util_percent": 30.0, "process_mem_util_percent": 9.0}
{"timestamp_unix": 1772442957.6381629, "pid": 120299, "device_index": 0, "gpu_uuid": "GPU-6f954bfd-7081-31b7-f15c-f9a174bf4d7f", "gpu_util_percent": 31.0, "gpu_mem_util_percent": 9.0, "gpu_mem_used_mib": 45658.0, "gpu_mem_total_mib": 49140.0, "gpu_power_w": 108.11, "process_present": true, "process_mem_mib": 45158.0, "process_mem_share_percent": 91.8966218966219, "process_util_available": true, "process_util_backend": "nvml", "process_sm_util_percent": 15.0, "process_mem_util_percent": 4.0}
{"timestamp_unix": 1772442957.929152, "pid": 120299, "device_index": 0, "gpu_uuid": "GPU-6f954bfd-7081-31b7-f15c-f9a174bf4d7f", "gpu_util_percent": 30.0, "gpu_mem_util_percent": 9.0, "gpu_mem_used_mib": 45658.0, "gpu_mem_total_mib": 49140.0, "gpu_power_w": 108.0, "process_present": true, "process_mem_mib": 45158.0, "process_mem_share_percent": 91.8966218966219, "process_util_available": true, "process_util_backend": "nvml", "process_sm_util_percent": 29.0, "process_mem_util_percent": 9.0}
{"timestamp_unix": 1772442958.2220323, "pid": 120299, "device_index": 0, "gpu_uuid": "GPU-6f954bfd-7081-31b7-f15c-f9a174bf4d7f", "gpu_util_percent": 30.0, "gpu_mem_util_percent": 9.0, "gpu_mem_used_mib": 45658.0, "gpu_mem_total_mib": 49140.0, "gpu_power_w": 108.0, "process_present": true, "process_mem_mib": 45158.0, "process_mem_share_percent": 91.8966218966219, "process_util_available": true, "process_util_backend": "nvml", "process_sm_util_percent": null, "process_mem_util_percent": null}
{"timestamp_unix": 1772442958.5110364, "pid": 120299, "device_index": 0, "gpu_uuid": "GPU-6f954bfd-7081-31b7-f15c-f9a174bf4d7f", "gpu_util_percent": 30.0, "gpu_mem_util_percent": 9.0, "gpu_mem_used_mib": 46906.0, "gpu_mem_total_mib": 49140.0, "gpu_power_w": 104.57, "process_present": true, "process_mem_mib": 46406.0, "process_mem_share_percent": 94.43630443630444, "process_util_available": true, "process_util_backend": "nvml", "process_sm_util_percent": null, "process_mem_util_percent": null}
{"timestamp_unix": 1772442958.8060334, "pid": 120299, "device_index": 0, "gpu_uuid": "GPU-6f954bfd-7081-31b7-f15c-f9a174bf4d7f", "gpu_util_percent": 40.0, "gpu_mem_util_percent": 21.0, "gpu_mem_used_mib": 46906.0, "gpu_mem_total_mib": 49140.0, "gpu_power_w": 106.3, "process_present": true, "process_mem_mib": 46406.0, "process_mem_share_percent": 94.43630443630444, "process_util_available": true, "process_util_backend": "nvml", "process_sm_util_percent": 38.0, "process_mem_util_percent": 19.0}
{"timestamp_unix": 1772442959.0988681, "pid": 120299, "device_index": 0, "gpu_uuid": "GPU-6f954bfd-7081-31b7-f15c-f9a174bf4d7f", "gpu_util_percent": 40.0, "gpu_mem_util_percent": 21.0, "gpu_mem_used_mib": 46906.0, "gpu_mem_total_mib": 49140.0, "gpu_power_w": 106.3, "process_present": true, "process_mem_mib": 46406.0, "process_mem_share_percent": 94.43630443630444, "process_util_available": true, "process_util_backend": "nvml", "process_sm_util_percent": null, "process_mem_util_percent": null}
{"timestamp_unix": 1772442959.400291, "pid": 120299, "device_index": 0, "gpu_uuid": "GPU-6f954bfd-7081-31b7-f15c-f9a174bf4d7f", "gpu_util_percent": 40.0, "gpu_mem_util_percent": 21.0, "gpu_mem_used_mib": 46906.0, "gpu_mem_total_mib": 49140.0, "gpu_power_w": 114.64, "process_present": true, "process_mem_mib": 46406.0, "process_mem_share_percent": 94.43630443630444, "process_util_available": true, "process_util_backend": "nvml", "process_sm_util_percent": 19.0, "process_mem_util_percent": 10.0}
{"timestamp_unix": 1772442959.7002401, "pid": 120299, "device_index": 0, "gpu_uuid": "GPU-6f954bfd-7081-31b7-f15c-f9a174bf4d7f", "gpu_util_percent": 40.0, "gpu_mem_util_percent": 21.0, "gpu_mem_used_mib": 46906.0, "gpu_mem_total_mib": 49140.0, "gpu_power_w": 114.64, "process_present": true, "process_mem_mib": 46406.0, "process_mem_share_percent": 94.43630443630444, "process_util_available": true, "process_util_backend": "nvml", "process_sm_util_percent": null, "process_mem_util_percent": null}
{"timestamp_unix": 1772442960.0000482, "pid": 120299, "device_index": 0, "gpu_uuid": "GPU-6f954bfd-7081-31b7-f15c-f9a174bf4d7f", "gpu_util_percent": 36.0, "gpu_mem_util_percent": 19.0, "gpu_mem_used_mib": 46906.0, "gpu_mem_total_mib": 49140.0, "gpu_power_w": 121.49, "process_present": true, "process_mem_mib": 46406.0, "process_mem_share_percent": 94.43630443630444, "process_util_available": true, "process_util_backend": "nvml", "process_sm_util_percent": 36.0, "process_mem_util_percent": 19.0}
{"timestamp_unix": 1772442960.2909904, "pid": 120299, "device_index": 0, "gpu_uuid": "GPU-6f954bfd-7081-31b7-f15c-f9a174bf4d7f", "gpu_util_percent": 36.0, "gpu_mem_util_percent": 19.0, "gpu_mem_used_mib": 46905.0, "gpu_mem_total_mib": 49140.0, "gpu_power_w": 120.83, "process_present": true, "process_mem_mib": 46406.0, "process_mem_share_percent": 94.43630443630444, "process_util_available": true, "process_util_backend": "nvml", "process_sm_util_percent": 38.0, "process_mem_util_percent": 20.0}
{"timestamp_unix": 1772442960.5841703, "pid": 120299, "device_index": 0, "gpu_uuid": "GPU-6f954bfd-7081-31b7-f15c-f9a174bf4d7f", "gpu_util_percent": 36.0, "gpu_mem_util_percent": 19.0, "gpu_mem_used_mib": 46905.0, "gpu_mem_total_mib": 49140.0, "gpu_power_w": 120.83, "process_present": true, "process_mem_mib": 46498.0, "process_mem_share_percent": 94.62352462352463, "process_util_available": true, "process_util_backend": "nvml", "process_sm_util_percent": 35.0, "process_mem_util_percent": 18.0}
{"timestamp_unix": 1772442960.8751266, "pid": 120299, "device_index": 0, "gpu_uuid": "GPU-6f954bfd-7081-31b7-f15c-f9a174bf4d7f", "gpu_util_percent": 35.0, "gpu_mem_util_percent": 19.0, "gpu_mem_used_mib": 46997.0, "gpu_mem_total_mib": 49140.0, "gpu_power_w": 119.8, "process_present": true, "process_mem_mib": 46498.0, "process_mem_share_percent": 94.62352462352463, "process_util_available": true, "process_util_backend": "nvml", "process_sm_util_percent": 36.0, "process_mem_util_percent": 20.0}
{"timestamp_unix": 1772442961.1694992, "pid": 120299, "device_index": 0, "gpu_uuid": "GPU-6f954bfd-7081-31b7-f15c-f9a174bf4d7f", "gpu_util_percent": 35.0, "gpu_mem_util_percent": 19.0, "gpu_mem_used_mib": 46997.0, "gpu_mem_total_mib": 49140.0, "gpu_power_w": 119.8, "process_present": true, "process_mem_mib": 46498.0, "process_mem_share_percent": 94.62352462352463, "process_util_available": true, "process_util_backend": "nvml", "process_sm_util_percent": 37.0, "process_mem_util_percent": 19.0}
{"timestamp_unix": 1772442961.4592128, "pid": 120299, "device_index": 0, "gpu_uuid": "GPU-6f954bfd-7081-31b7-f15c-f9a174bf4d7f", "gpu_util_percent": 35.0, "gpu_mem_util_percent": 19.0, "gpu_mem_used_mib": 46997.0, "gpu_mem_total_mib": 49140.0, "gpu_power_w": 119.5, "process_present": true, "process_mem_mib": 46498.0, "process_mem_share_percent": 94.62352462352463, "process_util_available": true, "process_util_backend": "nvml", "process_sm_util_percent": 37.0, "process_mem_util_percent": 20.0}
{"timestamp_unix": 1772442961.7511961, "pid": 120299, "device_index": 0, "gpu_uuid": "GPU-6f954bfd-7081-31b7-f15c-f9a174bf4d7f", "gpu_util_percent": 35.0, "gpu_mem_util_percent": 19.0, "gpu_mem_used_mib": 46997.0, "gpu_mem_total_mib": 49140.0, "gpu_power_w": 119.5, "process_present": true, "process_mem_mib": 46498.0, "process_mem_share_percent": 94.62352462352463, "process_util_available": true, "process_util_backend": "nvml", "process_sm_util_percent": 35.0, "process_mem_util_percent": 18.0}
{"timestamp_unix": 1772442962.0496356, "pid": 120299, "device_index": 0, "gpu_uuid": "GPU-6f954bfd-7081-31b7-f15c-f9a174bf4d7f", "gpu_util_percent": 36.0, "gpu_mem_util_percent": 19.0, "gpu_mem_used_mib": 46996.0, "gpu_mem_total_mib": 49140.0, "gpu_power_w": 119.4, "process_present": true, "process_mem_mib": 46498.0, "process_mem_share_percent": 94.62352462352463, "process_util_available": true, "process_util_backend": "nvml", "process_sm_util_percent": 37.0, "process_mem_util_percent": 19.0}
{"timestamp_unix": 1772442962.3549025, "pid": 120299, "device_index": 0, "gpu_uuid": "GPU-6f954bfd-7081-31b7-f15c-f9a174bf4d7f", "gpu_util_percent": 36.0, "gpu_mem_util_percent": 19.0, "gpu_mem_used_mib": 46996.0, "gpu_mem_total_mib": 49140.0, "gpu_power_w": 119.18, "process_present": true, "process_mem_mib": 46498.0, "process_mem_share_percent": 94.62352462352463, "process_util_available": true, "process_util_backend": "nvml", "process_sm_util_percent": 35.0, "process_mem_util_percent": 18.0}
{"timestamp_unix": 1772442962.646659, "pid": 120299, "device_index": 0, "gpu_uuid": "GPU-6f954bfd-7081-31b7-f15c-f9a174bf4d7f", "gpu_util_percent": 36.0, "gpu_mem_util_percent": 19.0, "gpu_mem_used_mib": 46996.0, "gpu_mem_total_mib": 49140.0, "gpu_power_w": 119.18, "process_present": true, "process_mem_mib": 46498.0, "process_mem_share_percent": 94.62352462352463, "process_util_available": true, "process_util_backend": "nvml", "process_sm_util_percent": 36.0, "process_mem_util_percent": 19.0}
{"timestamp_unix": 1772442962.9386516, "pid": 120299, "device_index": 0, "gpu_uuid": "GPU-6f954bfd-7081-31b7-f15c-f9a174bf4d7f", "gpu_util_percent": 37.0, "gpu_mem_util_percent": 18.0, "gpu_mem_used_mib": 46996.0, "gpu_mem_total_mib": 49140.0, "gpu_power_w": 118.57, "process_present": true, "process_mem_mib": 46498.0, "process_mem_share_percent": 94.62352462352463, "process_util_available": true, "process_util_backend": "nvml", "process_sm_util_percent": 37.0, "process_mem_util_percent": 19.0}
{"timestamp_unix": 1772442963.2294142, "pid": 120299, "device_index": 0, "gpu_uuid": "GPU-6f954bfd-7081-31b7-f15c-f9a174bf4d7f", "gpu_util_percent": 37.0, "gpu_mem_util_percent": 18.0, "gpu_mem_used_mib": 46995.0, "gpu_mem_total_mib": 49140.0, "gpu_power_w": 118.57, "process_present": true, "process_mem_mib": 46498.0, "process_mem_share_percent": 94.62352462352463, "process_util_available": true, "process_util_backend": "nvml", "process_sm_util_percent": 29.0, "process_mem_util_percent": 10.0}
{"timestamp_unix": 1772442963.5220408, "pid": 120299, "device_index": 0, "gpu_uuid": "GPU-6f954bfd-7081-31b7-f15c-f9a174bf4d7f", "gpu_util_percent": 37.0, "gpu_mem_util_percent": 18.0, "gpu_mem_used_mib": 46999.0, "gpu_mem_total_mib": 49140.0, "gpu_power_w": 114.72, "process_present": true, "process_mem_mib": 46498.0, "process_mem_share_percent": 94.62352462352463, "process_util_available": true, "process_util_backend": "nvml", "process_sm_util_percent": 30.0, "process_mem_util_percent": 10.0}
{"timestamp_unix": 1772442963.8184304, "pid": 120299, "device_index": 0, "gpu_uuid": "GPU-6f954bfd-7081-31b7-f15c-f9a174bf4d7f", "gpu_util_percent": 30.0, "gpu_mem_util_percent": 10.0, "gpu_mem_used_mib": 46999.0, "gpu_mem_total_mib": 49140.0, "gpu_power_w": 109.7, "process_present": true, "process_mem_mib": 46498.0, "process_mem_share_percent": 94.62352462352463, "process_util_available": true, "process_util_backend": "nvml", "process_sm_util_percent": 29.0, "process_mem_util_percent": 9.0}
{"timestamp_unix": 1772442964.1112113, "pid": 120299, "device_index": 0, "gpu_uuid": "GPU-6f954bfd-7081-31b7-f15c-f9a174bf4d7f", "gpu_util_percent": 30.0, "gpu_mem_util_percent": 10.0, "gpu_mem_used_mib": 46999.0, "gpu_mem_total_mib": 49140.0, "gpu_power_w": 109.7, "process_present": true, "process_mem_mib": 46498.0, "process_mem_share_percent": 94.62352462352463, "process_util_available": true, "process_util_backend": "nvml", "process_sm_util_percent": 29.0, "process_mem_util_percent": 9.0}
{"timestamp_unix": 1772442964.420898, "pid": 120299, "device_index": 0, "gpu_uuid": "GPU-6f954bfd-7081-31b7-f15c-f9a174bf4d7f", "gpu_util_percent": 30.0, "gpu_mem_util_percent": 10.0, "gpu_mem_used_mib": 46999.0, "gpu_mem_total_mib": 49140.0, "gpu_power_w": 107.57, "process_present": true, "process_mem_mib": 47330.0, "process_mem_share_percent": 96.31664631664631, "process_util_available": true, "process_util_backend": "nvml", "process_sm_util_percent": 26.0, "process_mem_util_percent": 8.0}
{"timestamp_unix": 1772442964.7282166, "pid": 120299, "device_index": 0, "gpu_uuid": "GPU-6f954bfd-7081-31b7-f15c-f9a174bf4d7f", "gpu_util_percent": 30.0, "gpu_mem_util_percent": 10.0, "gpu_mem_used_mib": 48143.0, "gpu_mem_total_mib": 49140.0, "gpu_power_w": 107.57, "process_present": true, "process_mem_mib": 47642.0, "process_mem_share_percent": 96.95156695156695, "process_util_available": true, "process_util_backend": "nvml", "process_sm_util_percent": 25.0, "process_mem_util_percent": 8.0}
{"timestamp_unix": 1772442965.0352674, "pid": 120299, "device_index": 0, "gpu_uuid": "GPU-6f954bfd-7081-31b7-f15c-f9a174bf4d7f", "gpu_util_percent": 29.0, "gpu_mem_util_percent": 9.0, "gpu_mem_used_mib": 48143.0, "gpu_mem_total_mib": 49140.0, "gpu_power_w": 105.38, "process_present": true, "process_mem_mib": 47642.0, "process_mem_share_percent": 96.95156695156695, "process_util_available": true, "process_util_backend": "nvml", "process_sm_util_percent": 29.0, "process_mem_util_percent": 9.0}
{"timestamp_unix": 1772442965.3335314, "pid": 120299, "device_index": 0, "gpu_uuid": "GPU-6f954bfd-7081-31b7-f15c-f9a174bf4d7f", "gpu_util_percent": 29.0, "gpu_mem_util_percent": 9.0, "gpu_mem_used_mib": 48143.0, "gpu_mem_total_mib": 49140.0, "gpu_power_w": 105.58, "process_present": true, "process_mem_mib": 47642.0, "process_mem_share_percent": 96.95156695156695, "process_util_available": true, "process_util_backend": "nvml", "process_sm_util_percent": 29.0, "process_mem_util_percent": 9.0}
{"timestamp_unix": 1772442965.624587, "pid": 120299, "device_index": 0, "gpu_uuid": "GPU-6f954bfd-7081-31b7-f15c-f9a174bf4d7f", "gpu_util_percent": 29.0, "gpu_mem_util_percent": 9.0, "gpu_mem_used_mib": 48143.0, "gpu_mem_total_mib": 49140.0, "gpu_power_w": 105.58, "process_present": true, "process_mem_mib": 47642.0, "process_mem_share_percent": 96.95156695156695, "process_util_available": true, "process_util_backend": "nvml", "process_sm_util_percent": 29.0, "process_mem_util_percent": 9.0}
{"timestamp_unix": 1772442965.922347, "pid": 120299, "device_index": 0, "gpu_uuid": "GPU-6f954bfd-7081-31b7-f15c-f9a174bf4d7f", "gpu_util_percent": 31.0, "gpu_mem_util_percent": 10.0, "gpu_mem_used_mib": 48143.0, "gpu_mem_total_mib": 49140.0, "gpu_power_w": 108.14, "process_present": true, "process_mem_mib": 47642.0, "process_mem_share_percent": 96.95156695156695, "process_util_available": true, "process_util_backend": "nvml", "process_sm_util_percent": 30.0, "process_mem_util_percent": 9.0}
{"timestamp_unix": 1772442966.2147472, "pid": 120299, "device_index": 0, "gpu_uuid": "GPU-6f954bfd-7081-31b7-f15c-f9a174bf4d7f", "gpu_util_percent": 31.0, "gpu_mem_util_percent": 10.0, "gpu_mem_used_mib": 40358.0, "gpu_mem_total_mib": 49140.0, "gpu_power_w": 108.14, "process_present": true, "process_mem_mib": 38422.0, "process_mem_share_percent": 78.1888481888482, "process_util_available": true, "process_util_backend": "nvml", "process_sm_util_percent": 15.0, "process_mem_util_percent": 4.0}
{"timestamp_unix": 1772442966.5068753, "pid": 120299, "device_index": 0, "gpu_uuid": "GPU-6f954bfd-7081-31b7-f15c-f9a174bf4d7f", "gpu_util_percent": 31.0, "gpu_mem_util_percent": 10.0, "gpu_mem_used_mib": 28380.0, "gpu_mem_total_mib": 49140.0, "gpu_power_w": 106.03, "process_present": true, "process_mem_mib": 26272.0, "process_mem_share_percent": 53.46357346357347, "process_util_available": true, "process_util_backend": "nvml", "process_sm_util_percent": null, "process_mem_util_percent": null}
{"timestamp_unix": 1772442966.797153, "pid": 120299, "device_index": 0, "gpu_uuid": "GPU-6f954bfd-7081-31b7-f15c-f9a174bf4d7f", "gpu_util_percent": 89.0, "gpu_mem_util_percent": 7.0, "gpu_mem_used_mib": 17904.0, "gpu_mem_total_mib": 49140.0, "gpu_power_w": 108.64, "process_present": true, "process_mem_mib": 16742.0, "process_mem_share_percent": 34.07000407000407, "process_util_available": true, "process_util_backend": "nvml", "process_sm_util_percent": null, "process_mem_util_percent": null}
{"timestamp_unix": 1772442967.0861762, "pid": 120299, "device_index": 0, "gpu_uuid": "GPU-6f954bfd-7081-31b7-f15c-f9a174bf4d7f", "gpu_util_percent": 89.0, "gpu_mem_util_percent": 7.0, "gpu_mem_used_mib": 18954.0, "gpu_mem_total_mib": 49140.0, "gpu_power_w": 108.64, "process_present": true, "process_mem_mib": 18674.0, "process_mem_share_percent": 38.001628001628, "process_util_available": true, "process_util_backend": "nvml", "process_sm_util_percent": 33.0, "process_mem_util_percent": 7.0}
{"timestamp_unix": 1772442967.3846567, "pid": 120299, "device_index": 0, "gpu_uuid": "GPU-6f954bfd-7081-31b7-f15c-f9a174bf4d7f", "gpu_util_percent": 89.0, "gpu_mem_util_percent": 7.0, "gpu_mem_used_mib": 20566.0, "gpu_mem_total_mib": 49140.0, "gpu_power_w": 114.52, "process_present": true, "process_mem_mib": 20296.0, "process_mem_share_percent": 41.30240130240131, "process_util_available": true, "process_util_backend": "nvml", "process_sm_util_percent": 26.0, "process_mem_util_percent": 7.0}
{"timestamp_unix": 1772442967.6837718, "pid": 120299, "device_index": 0, "gpu_uuid": "GPU-6f954bfd-7081-31b7-f15c-f9a174bf4d7f", "gpu_util_percent": 89.0, "gpu_mem_util_percent": 7.0, "gpu_mem_used_mib": 22182.0, "gpu_mem_total_mib": 49140.0, "gpu_power_w": 114.52, "process_present": true, "process_mem_mib": 21878.0, "process_mem_share_percent": 44.52177452177452, "process_util_available": true, "process_util_backend": "nvml", "process_sm_util_percent": 26.0, "process_mem_util_percent": 8.0}
{"timestamp_unix": 1772442967.9843395, "pid": 120299, "device_index": 0, "gpu_uuid": "GPU-6f954bfd-7081-31b7-f15c-f9a174bf4d7f", "gpu_util_percent": 25.0, "gpu_mem_util_percent": 7.0, "gpu_mem_used_mib": 24022.0, "gpu_mem_total_mib": 49140.0, "gpu_power_w": 120.82, "process_present": true, "process_mem_mib": 23794.0, "process_mem_share_percent": 48.42083842083842, "process_util_available": true, "process_util_backend": "nvml", "process_sm_util_percent": 26.0, "process_mem_util_percent": 7.0}
{"timestamp_unix": 1772442968.273366, "pid": 120299, "device_index": 0, "gpu_uuid": "GPU-6f954bfd-7081-31b7-f15c-f9a174bf4d7f", "gpu_util_percent": 25.0, "gpu_mem_util_percent": 7.0, "gpu_mem_used_mib": 25942.0, "gpu_mem_total_mib": 49140.0, "gpu_power_w": 120.82, "process_present": true, "process_mem_mib": 25710.0, "process_mem_share_percent": 52.319902319902326, "process_util_available": true, "process_util_backend": "nvml", "process_sm_util_percent": 26.0, "process_mem_util_percent": 8.0}
{"timestamp_unix": 1772442968.5652542, "pid": 120299, "device_index": 0, "gpu_uuid": "GPU-6f954bfd-7081-31b7-f15c-f9a174bf4d7f", "gpu_util_percent": 25.0, "gpu_mem_util_percent": 7.0, "gpu_mem_used_mib": 27816.0, "gpu_mem_total_mib": 49140.0, "gpu_power_w": 124.38, "process_present": true, "process_mem_mib": 27574.0, "process_mem_share_percent": 56.113146113146115, "process_util_available": true, "process_util_backend": "nvml", "process_sm_util_percent": 25.0, "process_mem_util_percent": 7.0}
{"timestamp_unix": 1772442968.855652, "pid": 120299, "device_index": 0, "gpu_uuid": "GPU-6f954bfd-7081-31b7-f15c-f9a174bf4d7f", "gpu_util_percent": 28.0, "gpu_mem_util_percent": 9.0, "gpu_mem_used_mib": 30076.0, "gpu_mem_total_mib": 49140.0, "gpu_power_w": 122.89, "process_present": true, "process_mem_mib": 30908.0, "process_mem_share_percent": 62.89784289784289, "process_util_available": true, "process_util_backend": "nvml", "process_sm_util_percent": 27.0, "process_mem_util_percent": 8.0}
{"timestamp_unix": 1772442969.147809, "pid": 120299, "device_index": 0, "gpu_uuid": "GPU-6f954bfd-7081-31b7-f15c-f9a174bf4d7f", "gpu_util_percent": 28.0, "gpu_mem_util_percent": 9.0, "gpu_mem_used_mib": 32762.0, "gpu_mem_total_mib": 49140.0, "gpu_power_w": 122.89, "process_present": true, "process_mem_mib": 32510.0, "process_mem_share_percent": 66.15791615791616, "process_util_available": true, "process_util_backend": "nvml", "process_sm_util_percent": 27.0, "process_mem_util_percent": 9.0}
{"timestamp_unix": 1772442969.4388921, "pid": 120299, "device_index": 0, "gpu_uuid": "GPU-6f954bfd-7081-31b7-f15c-f9a174bf4d7f", "gpu_util_percent": 28.0, "gpu_mem_util_percent": 9.0, "gpu_mem_used_mib": 34394.0, "gpu_mem_total_mib": 49140.0, "gpu_power_w": 114.46, "process_present": true, "process_mem_mib": 34124.0, "process_mem_share_percent": 69.44240944240944, "process_util_available": true, "process_util_backend": "nvml", "process_sm_util_percent": 26.0, "process_mem_util_percent": 7.0}
{"timestamp_unix": 1772442969.7293568, "pid": 120299, "device_index": 0, "gpu_uuid": "GPU-6f954bfd-7081-31b7-f15c-f9a174bf4d7f", "gpu_util_percent": 28.0, "gpu_mem_util_percent": 9.0, "gpu_mem_used_mib": 35968.0, "gpu_mem_total_mib": 49140.0, "gpu_power_w": 114.46, "process_present": true, "process_mem_mib": 35720.0, "process_mem_share_percent": 72.69027269027269, "process_util_available": true, "process_util_backend": "nvml", "process_sm_util_percent": 25.0, "process_mem_util_percent": 7.0}
{"timestamp_unix": 1772442970.0295618, "pid": 120299, "device_index": 0, "gpu_uuid": "GPU-6f954bfd-7081-31b7-f15c-f9a174bf4d7f", "gpu_util_percent": 27.0, "gpu_mem_util_percent": 9.0, "gpu_mem_used_mib": 37778.0, "gpu_mem_total_mib": 49140.0, "gpu_power_w": 105.89, "process_present": true, "process_mem_mib": 37554.0, "process_mem_share_percent": 76.42246642246641, "process_util_available": true, "process_util_backend": "nvml", "process_sm_util_percent": 26.0, "process_mem_util_percent": 8.0}
{"timestamp_unix": 1772442970.3324442, "pid": 120299, "device_index": 0, "gpu_uuid": "GPU-6f954bfd-7081-31b7-f15c-f9a174bf4d7f", "gpu_util_percent": 27.0, "gpu_mem_util_percent": 9.0, "gpu_mem_used_mib": 38762.0, "gpu_mem_total_mib": 49140.0, "gpu_power_w": 104.85, "process_present": true, "process_mem_mib": 38272.0, "process_mem_share_percent": 77.88359788359789, "process_util_available": true, "process_util_backend": "nvml", "process_sm_util_percent": null, "process_mem_util_percent": null}
{"timestamp_unix": 1772442970.6363983, "pid": 120299, "device_index": 0, "gpu_uuid": "GPU-6f954bfd-7081-31b7-f15c-f9a174bf4d7f", "gpu_util_percent": 27.0, "gpu_mem_util_percent": 9.0, "gpu_mem_used_mib": 40334.0, "gpu_mem_total_mib": 49140.0, "gpu_power_w": 104.85, "process_present": true, "process_mem_mib": 39844.0, "process_mem_share_percent": 81.08262108262109, "process_util_available": true, "process_util_backend": "nvml", "process_sm_util_percent": 11.0, "process_mem_util_percent": 4.0}
{"timestamp_unix": 1772442970.9361243, "pid": 120299, "device_index": 0, "gpu_uuid": "GPU-6f954bfd-7081-31b7-f15c-f9a174bf4d7f", "gpu_util_percent": 39.0, "gpu_mem_util_percent": 24.0, "gpu_mem_used_mib": 40334.0, "gpu_mem_total_mib": 49140.0, "gpu_power_w": 103.1, "process_present": true, "process_mem_mib": 39844.0, "process_mem_share_percent": 81.08262108262109, "process_util_available": true, "process_util_backend": "nvml", "process_sm_util_percent": 37.0, "process_mem_util_percent": 23.0}
{"timestamp_unix": 1772442971.234951, "pid": 120299, "device_index": 0, "gpu_uuid": "GPU-6f954bfd-7081-31b7-f15c-f9a174bf4d7f", "gpu_util_percent": 39.0, "gpu_mem_util_percent": 24.0, "gpu_mem_used_mib": 40334.0, "gpu_mem_total_mib": 49140.0, "gpu_power_w": 103.1, "process_present": true, "process_mem_mib": 39844.0, "process_mem_share_percent": 81.08262108262109, "process_util_available": true, "process_util_backend": "nvml", "process_sm_util_percent": 39.0, "process_mem_util_percent": 24.0}
{"timestamp_unix": 1772442971.5254986, "pid": 120299, "device_index": 0, "gpu_uuid": "GPU-6f954bfd-7081-31b7-f15c-f9a174bf4d7f", "gpu_util_percent": 39.0, "gpu_mem_util_percent": 24.0, "gpu_mem_used_mib": 40334.0, "gpu_mem_total_mib": 49140.0, "gpu_power_w": 113.06, "process_present": true, "process_mem_mib": 39844.0, "process_mem_share_percent": 81.08262108262109, "process_util_available": true, "process_util_backend": "nvml", "process_sm_util_percent": 38.0, "process_mem_util_percent": 23.0}
{"timestamp_unix": 1772442971.8219264, "pid": 120299, "device_index": 0, "gpu_uuid": "GPU-6f954bfd-7081-31b7-f15c-f9a174bf4d7f", "gpu_util_percent": 39.0, "gpu_mem_util_percent": 24.0, "gpu_mem_used_mib": 40334.0, "gpu_mem_total_mib": 49140.0, "gpu_power_w": 126.69, "process_present": true, "process_mem_mib": 39844.0, "process_mem_share_percent": 81.08262108262109, "process_util_available": true, "process_util_backend": "nvml", "process_sm_util_percent": 39.0, "process_mem_util_percent": 23.0}
{"timestamp_unix": 1772442972.1137648, "pid": 120299, "device_index": 0, "gpu_uuid": "GPU-6f954bfd-7081-31b7-f15c-f9a174bf4d7f", "gpu_util_percent": 39.0, "gpu_mem_util_percent": 24.0, "gpu_mem_used_mib": 40446.0, "gpu_mem_total_mib": 49140.0, "gpu_power_w": 126.69, "process_present": true, "process_mem_mib": 39956.0, "process_mem_share_percent": 81.31054131054131, "process_util_available": true, "process_util_backend": "nvml", "process_sm_util_percent": 38.0, "process_mem_util_percent": 22.0}
{"timestamp_unix": 1772442972.4054954, "pid": 120299, "device_index": 0, "gpu_uuid": "GPU-6f954bfd-7081-31b7-f15c-f9a174bf4d7f", "gpu_util_percent": 39.0, "gpu_mem_util_percent": 24.0, "gpu_mem_used_mib": 40446.0, "gpu_mem_total_mib": 49140.0, "gpu_power_w": 126.48, "process_present": true, "process_mem_mib": 39956.0, "process_mem_share_percent": 81.31054131054131, "process_util_available": true, "process_util_backend": "nvml", "process_sm_util_percent": 40.0, "process_mem_util_percent": 23.0}
{"timestamp_unix": 1772442972.6972072, "pid": 120299, "device_index": 0, "gpu_uuid": "GPU-6f954bfd-7081-31b7-f15c-f9a174bf4d7f", "gpu_util_percent": 39.0, "gpu_mem_util_percent": 24.0, "gpu_mem_used_mib": 40446.0, "gpu_mem_total_mib": 49140.0, "gpu_power_w": 126.48, "process_present": true, "process_mem_mib": 39956.0, "process_mem_share_percent": 81.31054131054131, "process_util_available": true, "process_util_backend": "nvml", "process_sm_util_percent": 39.0, "process_mem_util_percent": 22.0}
{"timestamp_unix": 1772442972.9898398, "pid": 120299, "device_index": 0, "gpu_uuid": "GPU-6f954bfd-7081-31b7-f15c-f9a174bf4d7f", "gpu_util_percent": 40.0, "gpu_mem_util_percent": 24.0, "gpu_mem_used_mib": 40446.0, "gpu_mem_total_mib": 49140.0, "gpu_power_w": 128.61, "process_present": true, "process_mem_mib": 39956.0, "process_mem_share_percent": 81.31054131054131, "process_util_available": true, "process_util_backend": "nvml", "process_sm_util_percent": 40.0, "process_mem_util_percent": 22.0}
{"timestamp_unix": 1772442973.296065, "pid": 120299, "device_index": 0, "gpu_uuid": "GPU-6f954bfd-7081-31b7-f15c-f9a174bf4d7f", "gpu_util_percent": 40.0, "gpu_mem_util_percent": 24.0, "gpu_mem_used_mib": 40446.0, "gpu_mem_total_mib": 49140.0, "gpu_power_w": 128.61, "process_present": true, "process_mem_mib": 39956.0, "process_mem_share_percent": 81.31054131054131, "process_util_available": true, "process_util_backend": "nvml", "process_sm_util_percent": 40.0, "process_mem_util_percent": 22.0}
{"timestamp_unix": 1772442973.5989087, "pid": 120299, "device_index": 0, "gpu_uuid": "GPU-6f954bfd-7081-31b7-f15c-f9a174bf4d7f", "gpu_util_percent": 40.0, "gpu_mem_util_percent": 24.0, "gpu_mem_used_mib": 40450.0, "gpu_mem_total_mib": 49140.0, "gpu_power_w": 132.82, "process_present": true, "process_mem_mib": 39956.0, "process_mem_share_percent": 81.31054131054131, "process_util_available": true, "process_util_backend": "nvml", "process_sm_util_percent": 40.0, "process_mem_util_percent": 22.0}
{"timestamp_unix": 1772442973.9001348, "pid": 120299, "device_index": 0, "gpu_uuid": "GPU-6f954bfd-7081-31b7-f15c-f9a174bf4d7f", "gpu_util_percent": 40.0, "gpu_mem_util_percent": 22.0, "gpu_mem_used_mib": 40450.0, "gpu_mem_total_mib": 49140.0, "gpu_power_w": 141.07, "process_present": true, "process_mem_mib": 39956.0, "process_mem_share_percent": 81.31054131054131, "process_util_available": true, "process_util_backend": "nvml", "process_sm_util_percent": 39.0, "process_mem_util_percent": 22.0}
{"timestamp_unix": 1772442974.191535, "pid": 120299, "device_index": 0, "gpu_uuid": "GPU-6f954bfd-7081-31b7-f15c-f9a174bf4d7f", "gpu_util_percent": 40.0, "gpu_mem_util_percent": 22.0, "gpu_mem_used_mib": 40450.0, "gpu_mem_total_mib": 49140.0, "gpu_power_w": 141.07, "process_present": true, "process_mem_mib": 39956.0, "process_mem_share_percent": 81.31054131054131, "process_util_available": true, "process_util_backend": "nvml", "process_sm_util_percent": 39.0, "process_mem_util_percent": 22.0}
{"timestamp_unix": 1772442974.484334, "pid": 120299, "device_index": 0, "gpu_uuid": "GPU-6f954bfd-7081-31b7-f15c-f9a174bf4d7f", "gpu_util_percent": 40.0, "gpu_mem_util_percent": 22.0, "gpu_mem_used_mib": 40450.0, "gpu_mem_total_mib": 49140.0, "gpu_power_w": 147.4, "process_present": true, "process_mem_mib": 39956.0, "process_mem_share_percent": 81.31054131054131, "process_util_available": true, "process_util_backend": "nvml", "process_sm_util_percent": 31.0, "process_mem_util_percent": 11.0}
{"timestamp_unix": 1772442974.7752616, "pid": 120299, "device_index": 0, "gpu_uuid": "GPU-6f954bfd-7081-31b7-f15c-f9a174bf4d7f", "gpu_util_percent": 40.0, "gpu_mem_util_percent": 22.0, "gpu_mem_used_mib": 40450.0, "gpu_mem_total_mib": 49140.0, "gpu_power_w": 147.4, "process_present": true, "process_mem_mib": 39956.0, "process_mem_share_percent": 81.31054131054131, "process_util_available": true, "process_util_backend": "nvml", "process_sm_util_percent": 16.0, "process_mem_util_percent": 6.0}
{"timestamp_unix": 1772442975.0693686, "pid": 120299, "device_index": 0, "gpu_uuid": "GPU-6f954bfd-7081-31b7-f15c-f9a174bf4d7f", "gpu_util_percent": 31.0, "gpu_mem_util_percent": 11.0, "gpu_mem_used_mib": 40450.0, "gpu_mem_total_mib": 49140.0, "gpu_power_w": 141.87, "process_present": true, "process_mem_mib": 39956.0, "process_mem_share_percent": 81.31054131054131, "process_util_available": true, "process_util_backend": "nvml", "process_sm_util_percent": null, "process_mem_util_percent": null}
{"timestamp_unix": 1772442975.3600152, "pid": 120299, "device_index": 0, "gpu_uuid": "GPU-6f954bfd-7081-31b7-f15c-f9a174bf4d7f", "gpu_util_percent": 31.0, "gpu_mem_util_percent": 11.0, "gpu_mem_used_mib": 40450.0, "gpu_mem_total_mib": 49140.0, "gpu_power_w": 135.07, "process_present": true, "process_mem_mib": 39956.0, "process_mem_share_percent": 81.31054131054131, "process_util_available": true, "process_util_backend": "nvml", "process_sm_util_percent": 16.0, "process_mem_util_percent": 5.0}
{"timestamp_unix": 1772442975.6528854, "pid": 120299, "device_index": 0, "gpu_uuid": "GPU-6f954bfd-7081-31b7-f15c-f9a174bf4d7f", "gpu_util_percent": 31.0, "gpu_mem_util_percent": 11.0, "gpu_mem_used_mib": 40450.0, "gpu_mem_total_mib": 49140.0, "gpu_power_w": 135.07, "process_present": true, "process_mem_mib": 39956.0, "process_mem_share_percent": 81.31054131054131, "process_util_available": true, "process_util_backend": "nvml", "process_sm_util_percent": 32.0, "process_mem_util_percent": 11.0}
{"timestamp_unix": 1772442975.9614704, "pid": 120299, "device_index": 0, "gpu_uuid": "GPU-6f954bfd-7081-31b7-f15c-f9a174bf4d7f", "gpu_util_percent": 32.0, "gpu_mem_util_percent": 12.0, "gpu_mem_used_mib": 40450.0, "gpu_mem_total_mib": 49140.0, "gpu_power_w": 123.7, "process_present": true, "process_mem_mib": 39956.0, "process_mem_share_percent": 81.31054131054131, "process_util_available": true, "process_util_backend": "nvml", "process_sm_util_percent": 32.0, "process_mem_util_percent": 10.0}
{"timestamp_unix": 1772442976.2658877, "pid": 120299, "device_index": 0, "gpu_uuid": "GPU-6f954bfd-7081-31b7-f15c-f9a174bf4d7f", "gpu_util_percent": 32.0, "gpu_mem_util_percent": 12.0, "gpu_mem_used_mib": 40459.0, "gpu_mem_total_mib": 49140.0, "gpu_power_w": 123.7, "process_present": true, "process_mem_mib": 39956.0, "process_mem_share_percent": 81.31054131054131, "process_util_available": true, "process_util_backend": "nvml", "process_sm_util_percent": 35.0, "process_mem_util_percent": 11.0}
{"timestamp_unix": 1772442976.5675564, "pid": 120299, "device_index": 0, "gpu_uuid": "GPU-6f954bfd-7081-31b7-f15c-f9a174bf4d7f", "gpu_util_percent": 32.0, "gpu_mem_util_percent": 12.0, "gpu_mem_used_mib": 40459.0, "gpu_mem_total_mib": 49140.0, "gpu_power_w": 113.42, "process_present": true, "process_mem_mib": 39956.0, "process_mem_share_percent": 81.31054131054131, "process_util_available": true, "process_util_backend": "nvml", "process_sm_util_percent": 26.0, "process_mem_util_percent": 7.0}
{"timestamp_unix": 1772442976.865949, "pid": 120299, "device_index": 0, "gpu_uuid": "GPU-6f954bfd-7081-31b7-f15c-f9a174bf4d7f", "gpu_util_percent": 29.0, "gpu_mem_util_percent": 9.0, "gpu_mem_used_mib": 40459.0, "gpu_mem_total_mib": 49140.0, "gpu_power_w": 107.89, "process_present": true, "process_mem_mib": 39956.0, "process_mem_share_percent": 81.31054131054131, "process_util_available": true, "process_util_backend": "nvml", "process_sm_util_percent": 29.0, "process_mem_util_percent": 8.0}
{"timestamp_unix": 1772442977.1591675, "pid": 120299, "device_index": 0, "gpu_uuid": "GPU-6f954bfd-7081-31b7-f15c-f9a174bf4d7f", "gpu_util_percent": 29.0, "gpu_mem_util_percent": 9.0, "gpu_mem_used_mib": 41885.0, "gpu_mem_total_mib": 49140.0, "gpu_power_w": 107.89, "process_present": true, "process_mem_mib": 41382.0, "process_mem_share_percent": 84.21245421245422, "process_util_available": true, "process_util_backend": "nvml", "process_sm_util_percent": 32.0, "process_mem_util_percent": 10.0}
{"timestamp_unix": 1772442977.4567187, "pid": 120299, "device_index": 0, "gpu_uuid": "GPU-6f954bfd-7081-31b7-f15c-f9a174bf4d7f", "gpu_util_percent": 29.0, "gpu_mem_util_percent": 9.0, "gpu_mem_used_mib": 41885.0, "gpu_mem_total_mib": 49140.0, "gpu_power_w": 107.54, "process_present": true, "process_mem_mib": 41382.0, "process_mem_share_percent": 84.21245421245422, "process_util_available": true, "process_util_backend": "nvml", "process_sm_util_percent": 31.0, "process_mem_util_percent": 9.0}
{"timestamp_unix": 1772442977.7511733, "pid": 120299, "device_index": 0, "gpu_uuid": "GPU-6f954bfd-7081-31b7-f15c-f9a174bf4d7f", "gpu_util_percent": 29.0, "gpu_mem_util_percent": 9.0, "gpu_mem_used_mib": 41885.0, "gpu_mem_total_mib": 49140.0, "gpu_power_w": 107.54, "process_present": true, "process_mem_mib": 41382.0, "process_mem_share_percent": 84.21245421245422, "process_util_available": true, "process_util_backend": "nvml", "process_sm_util_percent": 31.0, "process_mem_util_percent": 9.0}
{"timestamp_unix": 1772442978.0427434, "pid": 120299, "device_index": 0, "gpu_uuid": "GPU-6f954bfd-7081-31b7-f15c-f9a174bf4d7f", "gpu_util_percent": 32.0, "gpu_mem_util_percent": 10.0, "gpu_mem_used_mib": 41884.0, "gpu_mem_total_mib": 49140.0, "gpu_power_w": 110.22, "process_present": true, "process_mem_mib": 41382.0, "process_mem_share_percent": 84.21245421245422, "process_util_available": true, "process_util_backend": "nvml", "process_sm_util_percent": 32.0, "process_mem_util_percent": 10.0}
{"timestamp_unix": 1772442978.3374712, "pid": 120299, "device_index": 0, "gpu_uuid": "GPU-6f954bfd-7081-31b7-f15c-f9a174bf4d7f", "gpu_util_percent": 32.0, "gpu_mem_util_percent": 10.0, "gpu_mem_used_mib": 41884.0, "gpu_mem_total_mib": 49140.0, "gpu_power_w": 111.12, "process_present": true, "process_mem_mib": 41382.0, "process_mem_share_percent": 84.21245421245422, "process_util_available": true, "process_util_backend": "nvml", "process_sm_util_percent": 33.0, "process_mem_util_percent": 10.0}
{"timestamp_unix": 1772442978.6284523, "pid": 120299, "device_index": 0, "gpu_uuid": "GPU-6f954bfd-7081-31b7-f15c-f9a174bf4d7f", "gpu_util_percent": 32.0, "gpu_mem_util_percent": 10.0, "gpu_mem_used_mib": 41880.0, "gpu_mem_total_mib": 49140.0, "gpu_power_w": 111.12, "process_present": true, "process_mem_mib": 41382.0, "process_mem_share_percent": 84.21245421245422, "process_util_available": true, "process_util_backend": "nvml", "process_sm_util_percent": 32.0, "process_mem_util_percent": 10.0}
{"timestamp_unix": 1772442978.944898, "pid": 120299, "device_index": 0, "gpu_uuid": "GPU-6f954bfd-7081-31b7-f15c-f9a174bf4d7f", "gpu_util_percent": 32.0, "gpu_mem_util_percent": 10.0, "gpu_mem_used_mib": 43417.0, "gpu_mem_total_mib": 49140.0, "gpu_power_w": 111.16, "process_present": true, "process_mem_mib": 42918.0, "process_mem_share_percent": 87.33821733821733, "process_util_available": true, "process_util_backend": "nvml", "process_sm_util_percent": null, "process_mem_util_percent": null}
{"timestamp_unix": 1772442979.2521613, "pid": 120299, "device_index": 0, "gpu_uuid": "GPU-6f954bfd-7081-31b7-f15c-f9a174bf4d7f", "gpu_util_percent": 32.0, "gpu_mem_util_percent": 10.0, "gpu_mem_used_mib": 43417.0, "gpu_mem_total_mib": 49140.0, "gpu_power_w": 111.16, "process_present": true, "process_mem_mib": 42918.0, "process_mem_share_percent": 87.33821733821733, "process_util_available": true, "process_util_backend": "nvml", "process_sm_util_percent": 32.0, "process_mem_util_percent": 10.0}
{"timestamp_unix": 1772442979.5617301, "pid": 120299, "device_index": 0, "gpu_uuid": "GPU-6f954bfd-7081-31b7-f15c-f9a174bf4d7f", "gpu_util_percent": 32.0, "gpu_mem_util_percent": 10.0, "gpu_mem_used_mib": 43417.0, "gpu_mem_total_mib": 49140.0, "gpu_power_w": 111.85, "process_present": true, "process_mem_mib": 42918.0, "process_mem_share_percent": 87.33821733821733, "process_util_available": true, "process_util_backend": "nvml", "process_sm_util_percent": 31.0, "process_mem_util_percent": 10.0}
{"timestamp_unix": 1772442979.8552115, "pid": 120299, "device_index": 0, "gpu_uuid": "GPU-6f954bfd-7081-31b7-f15c-f9a174bf4d7f", "gpu_util_percent": 32.0, "gpu_mem_util_percent": 11.0, "gpu_mem_used_mib": 43417.0, "gpu_mem_total_mib": 49140.0, "gpu_power_w": 111.94, "process_present": true, "process_mem_mib": 42918.0, "process_mem_share_percent": 87.33821733821733, "process_util_available": true, "process_util_backend": "nvml", "process_sm_util_percent": 31.0, "process_mem_util_percent": 10.0}
{"timestamp_unix": 1772442980.147379, "pid": 120299, "device_index": 0, "gpu_uuid": "GPU-6f954bfd-7081-31b7-f15c-f9a174bf4d7f", "gpu_util_percent": 32.0, "gpu_mem_util_percent": 11.0, "gpu_mem_used_mib": 43417.0, "gpu_mem_total_mib": 49140.0, "gpu_power_w": 111.94, "process_present": true, "process_mem_mib": 42918.0, "process_mem_share_percent": 87.33821733821733, "process_util_available": true, "process_util_backend": "nvml", "process_sm_util_percent": 31.0, "process_mem_util_percent": 10.0}
{"timestamp_unix": 1772442980.4395554, "pid": 120299, "device_index": 0, "gpu_uuid": "GPU-6f954bfd-7081-31b7-f15c-f9a174bf4d7f", "gpu_util_percent": 32.0, "gpu_mem_util_percent": 11.0, "gpu_mem_used_mib": 45049.0, "gpu_mem_total_mib": 49140.0, "gpu_power_w": 112.08, "process_present": true, "process_mem_mib": 44550.0, "process_mem_share_percent": 90.65934065934066, "process_util_available": true, "process_util_backend": "nvml", "process_sm_util_percent": 32.0, "process_mem_util_percent": 12.0}
{"timestamp_unix": 1772442980.7325764, "pid": 120299, "device_index": 0, "gpu_uuid": "GPU-6f954bfd-7081-31b7-f15c-f9a174bf4d7f", "gpu_util_percent": 32.0, "gpu_mem_util_percent": 11.0, "gpu_mem_used_mib": 45045.0, "gpu_mem_total_mib": 49140.0, "gpu_power_w": 112.08, "process_present": true, "process_mem_mib": 44550.0, "process_mem_share_percent": 90.65934065934066, "process_util_available": true, "process_util_backend": "nvml", "process_sm_util_percent": 31.0, "process_mem_util_percent": 10.0}
{"timestamp_unix": 1772442981.022723, "pid": 120299, "device_index": 0, "gpu_uuid": "GPU-6f954bfd-7081-31b7-f15c-f9a174bf4d7f", "gpu_util_percent": 32.0, "gpu_mem_util_percent": 11.0, "gpu_mem_used_mib": 45043.0, "gpu_mem_total_mib": 49140.0, "gpu_power_w": 112.91, "process_present": true, "process_mem_mib": 44550.0, "process_mem_share_percent": 90.65934065934066, "process_util_available": true, "process_util_backend": "nvml", "process_sm_util_percent": 16.0, "process_mem_util_percent": 5.0}
{"timestamp_unix": 1772442981.3181632, "pid": 120299, "device_index": 0, "gpu_uuid": "GPU-6f954bfd-7081-31b7-f15c-f9a174bf4d7f", "gpu_util_percent": 32.0, "gpu_mem_util_percent": 11.0, "gpu_mem_used_mib": 46811.0, "gpu_mem_total_mib": 49140.0, "gpu_power_w": 105.46, "process_present": true, "process_mem_mib": 46318.0, "process_mem_share_percent": 94.25722425722427, "process_util_available": true, "process_util_backend": "nvml", "process_sm_util_percent": 17.0, "process_mem_util_percent": 2.0}
{"timestamp_unix": 1772442981.6209357, "pid": 120299, "device_index": 0, "gpu_uuid": "GPU-6f954bfd-7081-31b7-f15c-f9a174bf4d7f", "gpu_util_percent": 32.0, "gpu_mem_util_percent": 11.0, "gpu_mem_used_mib": 46811.0, "gpu_mem_total_mib": 49140.0, "gpu_power_w": 105.46, "process_present": true, "process_mem_mib": 46318.0, "process_mem_share_percent": 94.25722425722427, "process_util_available": true, "process_util_backend": "nvml", "process_sm_util_percent": 41.0, "process_mem_util_percent": 24.0}
{"timestamp_unix": 1772442981.943334, "pid": 120299, "device_index": 0, "gpu_uuid": "GPU-6f954bfd-7081-31b7-f15c-f9a174bf4d7f", "gpu_util_percent": 43.0, "gpu_mem_util_percent": 26.0, "gpu_mem_used_mib": 46811.0, "gpu_mem_total_mib": 49140.0, "gpu_power_w": 113.22, "process_present": true, "process_mem_mib": 46446.0, "process_mem_share_percent": 94.51770451770452, "process_util_available": true, "process_util_backend": "nvml", "process_sm_util_percent": 43.0, "process_mem_util_percent": 27.0}
{"timestamp_unix": 1772442982.2388263, "pid": 120299, "device_index": 0, "gpu_uuid": "GPU-6f954bfd-7081-31b7-f15c-f9a174bf4d7f", "gpu_util_percent": 43.0, "gpu_mem_util_percent": 26.0, "gpu_mem_used_mib": 46939.0, "gpu_mem_total_mib": 49140.0, "gpu_power_w": 113.22, "process_present": true, "process_mem_mib": 46446.0, "process_mem_share_percent": 94.51770451770452, "process_util_available": true, "process_util_backend": "nvml", "process_sm_util_percent": 42.0, "process_mem_util_percent": 26.0}
{"timestamp_unix": 1772442982.5328174, "pid": 120299, "device_index": 0, "gpu_uuid": "GPU-6f954bfd-7081-31b7-f15c-f9a174bf4d7f", "gpu_util_percent": 43.0, "gpu_mem_util_percent": 26.0, "gpu_mem_used_mib": 46939.0, "gpu_mem_total_mib": 49140.0, "gpu_power_w": 138.45, "process_present": true, "process_mem_mib": 46446.0, "process_mem_share_percent": 94.51770451770452, "process_util_available": true, "process_util_backend": "nvml", "process_sm_util_percent": 41.0, "process_mem_util_percent": 26.0}
{"timestamp_unix": 1772442982.8253243, "pid": 120299, "device_index": 0, "gpu_uuid": "GPU-6f954bfd-7081-31b7-f15c-f9a174bf4d7f", "gpu_util_percent": 41.0, "gpu_mem_util_percent": 26.0, "gpu_mem_used_mib": 46939.0, "gpu_mem_total_mib": 49140.0, "gpu_power_w": 153.65, "process_present": true, "process_mem_mib": 46446.0, "process_mem_share_percent": 94.51770451770452, "process_util_available": true, "process_util_backend": "nvml", "process_sm_util_percent": 41.0, "process_mem_util_percent": 25.0}
{"timestamp_unix": 1772442983.12247, "pid": 120299, "device_index": 0, "gpu_uuid": "GPU-6f954bfd-7081-31b7-f15c-f9a174bf4d7f", "gpu_util_percent": 41.0, "gpu_mem_util_percent": 26.0, "gpu_mem_used_mib": 46942.0, "gpu_mem_total_mib": 49140.0, "gpu_power_w": 153.65, "process_present": true, "process_mem_mib": 46446.0, "process_mem_share_percent": 94.51770451770452, "process_util_available": true, "process_util_backend": "nvml", "process_sm_util_percent": 41.0, "process_mem_util_percent": 26.0}
{"timestamp_unix": 1772442983.421991, "pid": 120299, "device_index": 0, "gpu_uuid": "GPU-6f954bfd-7081-31b7-f15c-f9a174bf4d7f", "gpu_util_percent": 41.0, "gpu_mem_util_percent": 26.0, "gpu_mem_used_mib": 46942.0, "gpu_mem_total_mib": 49140.0, "gpu_power_w": 154.73, "process_present": true, "process_mem_mib": 46446.0, "process_mem_share_percent": 94.51770451770452, "process_util_available": true, "process_util_backend": "nvml", "process_sm_util_percent": 43.0, "process_mem_util_percent": 25.0}
{"timestamp_unix": 1772442983.71131, "pid": 120299, "device_index": 0, "gpu_uuid": "GPU-6f954bfd-7081-31b7-f15c-f9a174bf4d7f", "gpu_util_percent": 41.0, "gpu_mem_util_percent": 26.0, "gpu_mem_used_mib": 46942.0, "gpu_mem_total_mib": 49140.0, "gpu_power_w": 154.73, "process_present": true, "process_mem_mib": 46446.0, "process_mem_share_percent": 94.51770451770452, "process_util_available": true, "process_util_backend": "nvml", "process_sm_util_percent": 42.0, "process_mem_util_percent": 25.0}
{"timestamp_unix": 1772442984.017019, "pid": 120299, "device_index": 0, "gpu_uuid": "GPU-6f954bfd-7081-31b7-f15c-f9a174bf4d7f", "gpu_util_percent": 40.0, "gpu_mem_util_percent": 26.0, "gpu_mem_used_mib": 46942.0, "gpu_mem_total_mib": 49140.0, "gpu_power_w": 154.41, "process_present": true, "process_mem_mib": 46446.0, "process_mem_share_percent": 94.51770451770452, "process_util_available": true, "process_util_backend": "nvml", "process_sm_util_percent": 40.0, "process_mem_util_percent": 25.0}
{"timestamp_unix": 1772442984.3184102, "pid": 120299, "device_index": 0, "gpu_uuid": "GPU-6f954bfd-7081-31b7-f15c-f9a174bf4d7f", "gpu_util_percent": 40.0, "gpu_mem_util_percent": 26.0, "gpu_mem_used_mib": 46942.0, "gpu_mem_total_mib": 49140.0, "gpu_power_w": 153.45, "process_present": true, "process_mem_mib": 46446.0, "process_mem_share_percent": 94.51770451770452, "process_util_available": true, "process_util_backend": "nvml", "process_sm_util_percent": 43.0, "process_mem_util_percent": 26.0}
{"timestamp_unix": 1772442984.620874, "pid": 120299, "device_index": 0, "gpu_uuid": "GPU-6f954bfd-7081-31b7-f15c-f9a174bf4d7f", "gpu_util_percent": 40.0, "gpu_mem_util_percent": 26.0, "gpu_mem_used_mib": 46944.0, "gpu_mem_total_mib": 49140.0, "gpu_power_w": 153.45, "process_present": true, "process_mem_mib": 46446.0, "process_mem_share_percent": 94.51770451770452, "process_util_available": true, "process_util_backend": "nvml", "process_sm_util_percent": 40.0, "process_mem_util_percent": 25.0}
{"timestamp_unix": 1772442984.9310915, "pid": 120299, "device_index": 0, "gpu_uuid": "GPU-6f954bfd-7081-31b7-f15c-f9a174bf4d7f", "gpu_util_percent": 40.0, "gpu_mem_util_percent": 25.0, "gpu_mem_used_mib": 46944.0, "gpu_mem_total_mib": 49140.0, "gpu_power_w": 153.7, "process_present": true, "process_mem_mib": 46446.0, "process_mem_share_percent": 94.51770451770452, "process_util_available": true, "process_util_backend": "nvml", "process_sm_util_percent": 41.0, "process_mem_util_percent": 26.0}
{"timestamp_unix": 1772442985.2237682, "pid": 120299, "device_index": 0, "gpu_uuid": "GPU-6f954bfd-7081-31b7-f15c-f9a174bf4d7f", "gpu_util_percent": 40.0, "gpu_mem_util_percent": 25.0, "gpu_mem_used_mib": 46944.0, "gpu_mem_total_mib": 49140.0, "gpu_power_w": 153.7, "process_present": true, "process_mem_mib": 46446.0, "process_mem_share_percent": 94.51770451770452, "process_util_available": true, "process_util_backend": "nvml", "process_sm_util_percent": 40.0, "process_mem_util_percent": 24.0}
{"timestamp_unix": 1772442985.5186248, "pid": 120299, "device_index": 0, "gpu_uuid": "GPU-6f954bfd-7081-31b7-f15c-f9a174bf4d7f", "gpu_util_percent": 40.0, "gpu_mem_util_percent": 25.0, "gpu_mem_used_mib": 46944.0, "gpu_mem_total_mib": 49140.0, "gpu_power_w": 153.71, "process_present": true, "process_mem_mib": 46446.0, "process_mem_share_percent": 94.51770451770452, "process_util_available": true, "process_util_backend": "nvml", "process_sm_util_percent": 40.0, "process_mem_util_percent": 25.0}
{"timestamp_unix": 1772442985.8096912, "pid": 120299, "device_index": 0, "gpu_uuid": "GPU-6f954bfd-7081-31b7-f15c-f9a174bf4d7f", "gpu_util_percent": 39.0, "gpu_mem_util_percent": 25.0, "gpu_mem_used_mib": 46944.0, "gpu_mem_total_mib": 49140.0, "gpu_power_w": 153.34, "process_present": true, "process_mem_mib": 46446.0, "process_mem_share_percent": 94.51770451770452, "process_util_available": true, "process_util_backend": "nvml", "process_sm_util_percent": 39.0, "process_mem_util_percent": 24.0}
{"timestamp_unix": 1772442986.1054425, "pid": 120299, "device_index": 0, "gpu_uuid": "GPU-6f954bfd-7081-31b7-f15c-f9a174bf4d7f", "gpu_util_percent": 39.0, "gpu_mem_util_percent": 25.0, "gpu_mem_used_mib": 46944.0, "gpu_mem_total_mib": 49140.0, "gpu_power_w": 153.34, "process_present": true, "process_mem_mib": 46446.0, "process_mem_share_percent": 94.51770451770452, "process_util_available": true, "process_util_backend": "nvml", "process_sm_util_percent": 40.0, "process_mem_util_percent": 25.0}
{"timestamp_unix": 1772442986.3985775, "pid": 120299, "device_index": 0, "gpu_uuid": "GPU-6f954bfd-7081-31b7-f15c-f9a174bf4d7f", "gpu_util_percent": 39.0, "gpu_mem_util_percent": 25.0, "gpu_mem_used_mib": 46943.0, "gpu_mem_total_mib": 49140.0, "gpu_power_w": 152.57, "process_present": true, "process_mem_mib": 46446.0, "process_mem_share_percent": 94.51770451770452, "process_util_available": true, "process_util_backend": "nvml", "process_sm_util_percent": 40.0, "process_mem_util_percent": 23.0}
{"timestamp_unix": 1772442986.689102, "pid": 120299, "device_index": 0, "gpu_uuid": "GPU-6f954bfd-7081-31b7-f15c-f9a174bf4d7f", "gpu_util_percent": 39.0, "gpu_mem_util_percent": 25.0, "gpu_mem_used_mib": 46943.0, "gpu_mem_total_mib": 49140.0, "gpu_power_w": 152.57, "process_present": true, "process_mem_mib": 46446.0, "process_mem_share_percent": 94.51770451770452, "process_util_available": true, "process_util_backend": "nvml", "process_sm_util_percent": 30.0, "process_mem_util_percent": 12.0}
{"timestamp_unix": 1772442987.0020936, "pid": 120299, "device_index": 0, "gpu_uuid": "GPU-6f954bfd-7081-31b7-f15c-f9a174bf4d7f", "gpu_util_percent": 31.0, "gpu_mem_util_percent": 13.0, "gpu_mem_used_mib": 46943.0, "gpu_mem_total_mib": 49140.0, "gpu_power_w": 147.79, "process_present": true, "process_mem_mib": 46446.0, "process_mem_share_percent": 94.51770451770452, "process_util_available": true, "process_util_backend": "nvml", "process_sm_util_percent": 16.0, "process_mem_util_percent": 6.0}
{"timestamp_unix": 1772442987.3013713, "pid": 120299, "device_index": 0, "gpu_uuid": "GPU-6f954bfd-7081-31b7-f15c-f9a174bf4d7f", "gpu_util_percent": 31.0, "gpu_mem_util_percent": 13.0, "gpu_mem_used_mib": 46943.0, "gpu_mem_total_mib": 49140.0, "gpu_power_w": 138.76, "process_present": true, "process_mem_mib": 46446.0, "process_mem_share_percent": 94.51770451770452, "process_util_available": true, "process_util_backend": "nvml", "process_sm_util_percent": null, "process_mem_util_percent": null}
