{"timestamp_unix": 1772442519.2646494, "pid": 113948, "device_index": 0, "gpu_uuid": "GPU-6f954bfd-7081-31b7-f15c-f9a174bf4d7f", "gpu_util_percent": 33.0, "gpu_mem_util_percent": 17.0, "gpu_mem_used_mib": 1004.0, "gpu_mem_total_mib": 49140.0, "gpu_power_w": 49.86, "process_present": true, "process_mem_mib": 500.0, "process_mem_share_percent": 1.0175010175010175, "process_util_available": true, "process_util_backend": "nvml", "process_sm_util_percent": null, "process_mem_util_percent": null}
{"timestamp_unix": 1772442519.6367571, "pid": 113948, "device_index": 0, "gpu_uuid": "GPU-6f954bfd-7081-31b7-f15c-f9a174bf4d7f", "gpu_util_percent": 33.0, "gpu_mem_util_percent": 17.0, "gpu_mem_used_mib": 1004.0, "gpu_mem_total_mib": 49140.0, "gpu_power_w": 49.86, "process_present": true, "process_mem_mib": 500.0, "process_mem_share_percent": 1.0175010175010175, "process_util_available": true, "process_util_backend": "nvml", "process_sm_util_percent": null, "process_mem_util_percent": null}
{"timestamp_unix": 1772442519.9579477, "pid": 113948, "device_index": 0, "gpu_uuid": "GPU-6f954bfd-7081-31b7-f15c-f9a174bf4d7f", "gpu_util_percent": 13.0, "gpu_mem_util_percent": 1.0, "gpu_mem_used_mib": 1004.0, "gpu_mem_total_mib": 49140.0, "gpu_power_w": 68.46, "process_present": true, "process_mem_mib": 500.0, "process_mem_share_percent": 1.0175010175010175, "process_util_available": true, "process_util_backend": "nvml", "process_sm_util_percent": null, "process_mem_util_percent": null}
{"timestamp_unix": 1772442520.2762773, "pid": 113948, "device_index": 0, "gpu_uuid": "GPU-6f954bfd-7081-31b7-f15c-f9a174bf4d7f", "gpu_util_percent": 13.0, "gpu_mem_util_percent": 1.0, "gpu_mem_used_mib": 1004.0, "gpu_mem_total_mib": 49140.0, "gpu_power_w": 68.46, "process_present": true, "process_mem_mib": 500.0, "process_mem_share_percent": 1.0175010175010175, "process_util_available": true, "process_util_backend": "nvml", "process_sm_util_percent": null, "process_mem_util_percent": null}
{"timestamp_unix": 1772442520.600245, "pid": 113948, "device_index": 0, "gpu_uuid": "GPU-6f954bfd-7081-31b7-f15c-f9a174bf4d7f", "gpu_util_percent": 13.0, "gpu_mem_util_percent": 1.0, "gpu_mem_used_mib": 1142.0, "gpu_mem_total_mib": 49140.0, "gpu_power_w": 84.26, "process_present": true, "process_mem_mib": 692.0, "process_mem_share_percent": 1.4082214082214082, "process_util_available": true, "process_util_backend": "nvml", "process_sm_util_percent": null, "process_mem_util_percent": null}
{"timestamp_unix": 1772442520.9038773, "pid": 113948, "device_index": 0, "gpu_uuid": "GPU-6f954bfd-7081-31b7-f15c-f9a174bf4d7f", "gpu_util_percent": 24.0, "gpu_mem_util_percent": 2.0, "gpu_mem_used_mib": 1632.0, "gpu_mem_total_mib": 49140.0, "gpu_power_w": 85.33, "process_present": true, "process_mem_mib": 1376.0, "process_mem_share_percent": 2.8001628001628, "process_util_available": true, "process_util_backend": "nvml", "process_sm_util_percent": 22.0, "process_mem_util_percent": 1.0}
{"timestamp_unix": 1772442521.1909115, "pid": 113948, "device_index": 0, "gpu_uuid": "GPU-6f954bfd-7081-31b7-f15c-f9a174bf4d7f", "gpu_util_percent": 24.0, "gpu_mem_util_percent": 2.0, "gpu_mem_used_mib": 1958.0, "gpu_mem_total_mib": 49140.0, "gpu_power_w": 85.33, "process_present": true, "process_mem_mib": 1512.0, "process_mem_share_percent": 3.076923076923077, "process_util_available": true, "process_util_backend": "nvml", "process_sm_util_percent": 15.0, "process_mem_util_percent": 1.0}
{"timestamp_unix": 1772442521.4813085, "pid": 113948, "device_index": 0, "gpu_uuid": "GPU-6f954bfd-7081-31b7-f15c-f9a174bf4d7f", "gpu_util_percent": 24.0, "gpu_mem_util_percent": 2.0, "gpu_mem_used_mib": 3624.0, "gpu_mem_total_mib": 49140.0, "gpu_power_w": 86.89, "process_present": true, "process_mem_mib": 3408.0, "process_mem_share_percent": 6.9352869352869355, "process_util_available": true, "process_util_backend": "nvml", "process_sm_util_percent": 20.0, "process_mem_util_percent": 2.0}
{"timestamp_unix": 1772442521.7734187, "pid": 113948, "device_index": 0, "gpu_uuid": "GPU-6f954bfd-7081-31b7-f15c-f9a174bf4d7f", "gpu_util_percent": 23.0, "gpu_mem_util_percent": 4.0, "gpu_mem_used_mib": 5811.0, "gpu_mem_total_mib": 49140.0, "gpu_power_w": 90.48, "process_present": true, "process_mem_mib": 5552.0, "process_mem_share_percent": 11.298331298331298, "process_util_available": true, "process_util_backend": "nvml", "process_sm_util_percent": 23.0, "process_mem_util_percent": 4.0}
{"timestamp_unix": 1772442522.066433, "pid": 113948, "device_index": 0, "gpu_uuid": "GPU-6f954bfd-7081-31b7-f15c-f9a174bf4d7f", "gpu_util_percent": 23.0, "gpu_mem_util_percent": 4.0, "gpu_mem_used_mib": 7911.0, "gpu_mem_total_mib": 49140.0, "gpu_power_w": 90.48, "process_present": true, "process_mem_mib": 7684.0, "process_mem_share_percent": 15.636955636955637, "process_util_available": true, "process_util_backend": "nvml", "process_sm_util_percent": 23.0, "process_mem_util_percent": 4.0}
{"timestamp_unix": 1772442522.3542283, "pid": 113948, "device_index": 0, "gpu_uuid": "GPU-6f954bfd-7081-31b7-f15c-f9a174bf4d7f", "gpu_util_percent": 23.0, "gpu_mem_util_percent": 4.0, "gpu_mem_used_mib": 10313.0, "gpu_mem_total_mib": 49140.0, "gpu_power_w": 92.94, "process_present": true, "process_mem_mib": 10152.0, "process_mem_share_percent": 20.659340659340657, "process_util_available": true, "process_util_backend": "nvml", "process_sm_util_percent": 23.0, "process_mem_util_percent": 4.0}
{"timestamp_unix": 1772442522.6431944, "pid": 113948, "device_index": 0, "gpu_uuid": "GPU-6f954bfd-7081-31b7-f15c-f9a174bf4d7f", "gpu_util_percent": 23.0, "gpu_mem_util_percent": 4.0, "gpu_mem_used_mib": 12815.0, "gpu_mem_total_mib": 49140.0, "gpu_power_w": 92.94, "process_present": true, "process_mem_mib": 12626.0, "process_mem_share_percent": 25.693935693935693, "process_util_available": true, "process_util_backend": "nvml", "process_sm_util_percent": 23.0, "process_mem_util_percent": 4.0}
{"timestamp_unix": 1772442522.9479299, "pid": 113948, "device_index": 0, "gpu_uuid": "GPU-6f954bfd-7081-31b7-f15c-f9a174bf4d7f", "gpu_util_percent": 23.0, "gpu_mem_util_percent": 5.0, "gpu_mem_used_mib": 15161.0, "gpu_mem_total_mib": 49140.0, "gpu_power_w": 94.13, "process_present": true, "process_mem_mib": 14880.0, "process_mem_share_percent": 30.28083028083028, "process_util_available": true, "process_util_backend": "nvml", "process_sm_util_percent": 12.0, "process_mem_util_percent": 2.0}
{"timestamp_unix": 1772442523.2548635, "pid": 113948, "device_index": 0, "gpu_uuid": "GPU-6f954bfd-7081-31b7-f15c-f9a174bf4d7f", "gpu_util_percent": 23.0, "gpu_mem_util_percent": 5.0, "gpu_mem_used_mib": 16903.0, "gpu_mem_total_mib": 49140.0, "gpu_power_w": 94.13, "process_present": true, "process_mem_mib": 16646.0, "process_mem_share_percent": 33.87464387464387, "process_util_available": true, "process_util_backend": "nvml", "process_sm_util_percent": 25.0, "process_mem_util_percent": 4.0}
{"timestamp_unix": 1772442523.552895, "pid": 113948, "device_index": 0, "gpu_uuid": "GPU-6f954bfd-7081-31b7-f15c-f9a174bf4d7f", "gpu_util_percent": 23.0, "gpu_mem_util_percent": 5.0, "gpu_mem_used_mib": 18703.0, "gpu_mem_total_mib": 49140.0, "gpu_power_w": 94.2, "process_present": true, "process_mem_mib": 18442.0, "process_mem_share_percent": 37.529507529507526, "process_util_available": true, "process_util_backend": "nvml", "process_sm_util_percent": 23.0, "process_mem_util_percent": 3.0}
{"timestamp_unix": 1772442523.8425653, "pid": 113948, "device_index": 0, "gpu_uuid": "GPU-6f954bfd-7081-31b7-f15c-f9a174bf4d7f", "gpu_util_percent": 23.0, "gpu_mem_util_percent": 4.0, "gpu_mem_used_mib": 20405.0, "gpu_mem_total_mib": 49140.0, "gpu_power_w": 93.72, "process_present": true, "process_mem_mib": 20170.0, "process_mem_share_percent": 41.045991045991045, "process_util_available": true, "process_util_backend": "nvml", "process_sm_util_percent": 23.0, "process_mem_util_percent": 4.0}
{"timestamp_unix": 1772442524.1353033, "pid": 113948, "device_index": 0, "gpu_uuid": "GPU-6f954bfd-7081-31b7-f15c-f9a174bf4d7f", "gpu_util_percent": 23.0, "gpu_mem_util_percent": 4.0, "gpu_mem_used_mib": 22523.0, "gpu_mem_total_mib": 49140.0, "gpu_power_w": 93.72, "process_present": true, "process_mem_mib": 22298.0, "process_mem_share_percent": 45.376475376475376, "process_util_available": true, "process_util_backend": "nvml", "process_sm_util_percent": 24.0, "process_mem_util_percent": 4.0}
{"timestamp_unix": 1772442524.4255633, "pid": 113948, "device_index": 0, "gpu_uuid": "GPU-6f954bfd-7081-31b7-f15c-f9a174bf4d7f", "gpu_util_percent": 23.0, "gpu_mem_util_percent": 4.0, "gpu_mem_used_mib": 24633.0, "gpu_mem_total_mib": 49140.0, "gpu_power_w": 93.96, "process_present": true, "process_mem_mib": 24410.0, "process_mem_share_percent": 49.67439967439967, "process_util_available": true, "process_util_backend": "nvml", "process_sm_util_percent": 23.0, "process_mem_util_percent": 4.0}
{"timestamp_unix": 1772442524.7182345, "pid": 113948, "device_index": 0, "gpu_uuid": "GPU-6f954bfd-7081-31b7-f15c-f9a174bf4d7f", "gpu_util_percent": 23.0, "gpu_mem_util_percent": 4.0, "gpu_mem_used_mib": 26773.0, "gpu_mem_total_mib": 49140.0, "gpu_power_w": 93.96, "process_present": true, "process_mem_mib": 26598.0, "process_mem_share_percent": 54.12698412698413, "process_util_available": true, "process_util_backend": "nvml", "process_sm_util_percent": 22.0, "process_mem_util_percent": 4.0}
{"timestamp_unix": 1772442525.0080109, "pid": 113948, "device_index": 0, "gpu_uuid": "GPU-6f954bfd-7081-31b7-f15c-f9a174bf4d7f", "gpu_util_percent": 21.0, "gpu_mem_util_percent": 4.0, "gpu_mem_used_mib": 28901.0, "gpu_mem_total_mib": 49140.0, "gpu_power_w": 94.32, "process_present": true, "process_mem_mib": 28640.0, "process_mem_share_percent": 58.28245828245828, "process_util_available": true, "process_util_backend": "nvml", "process_sm_util_percent": 23.0, "process_mem_util_percent": 4.0}
{"timestamp_unix": 1772442525.3059282, "pid": 113948, "device_index": 0, "gpu_uuid": "GPU-6f954bfd-7081-31b7-f15c-f9a174bf4d7f", "gpu_util_percent": 21.0, "gpu_mem_util_percent": 4.0, "gpu_mem_used_mib": 30803.0, "gpu_mem_total_mib": 49140.0, "gpu_power_w": 94.19, "process_present": true, "process_mem_mib": 30508.0, "process_mem_share_percent": 62.083842083842086, "process_util_available": true, "process_util_backend": "nvml", "process_sm_util_percent": 23.0, "process_mem_util_percent": 4.0}
{"timestamp_unix": 1772442525.61209, "pid": 113948, "device_index": 0, "gpu_uuid": "GPU-6f954bfd-7081-31b7-f15c-f9a174bf4d7f", "gpu_util_percent": 21.0, "gpu_mem_util_percent": 4.0, "gpu_mem_used_mib": 32639.0, "gpu_mem_total_mib": 49140.0, "gpu_power_w": 94.19, "process_present": true, "process_mem_mib": 32378.0, "process_mem_share_percent": 65.88929588929588, "process_util_available": true, "process_util_backend": "nvml", "process_sm_util_percent": 22.0, "process_mem_util_percent": 4.0}
{"timestamp_unix": 1772442525.916521, "pid": 113948, "device_index": 0, "gpu_uuid": "GPU-6f954bfd-7081-31b7-f15c-f9a174bf4d7f", "gpu_util_percent": 22.0, "gpu_mem_util_percent": 4.0, "gpu_mem_used_mib": 34393.0, "gpu_mem_total_mib": 49140.0, "gpu_power_w": 93.83, "process_present": true, "process_mem_mib": 34182.0, "process_mem_share_percent": 69.56043956043956, "process_util_available": true, "process_util_backend": "nvml", "process_sm_util_percent": 22.0, "process_mem_util_percent": 4.0}
{"timestamp_unix": 1772442526.2168741, "pid": 113948, "device_index": 0, "gpu_uuid": "GPU-6f954bfd-7081-31b7-f15c-f9a174bf4d7f", "gpu_util_percent": 22.0, "gpu_mem_util_percent": 4.0, "gpu_mem_used_mib": 36345.0, "gpu_mem_total_mib": 49140.0, "gpu_power_w": 93.83, "process_present": true, "process_mem_mib": 35846.0, "process_mem_share_percent": 72.94668294668296, "process_util_available": true, "process_util_backend": "nvml", "process_sm_util_percent": 23.0, "process_mem_util_percent": 4.0}
{"timestamp_unix": 1772442526.513715, "pid": 113948, "device_index": 0, "gpu_uuid": "GPU-6f954bfd-7081-31b7-f15c-f9a174bf4d7f", "gpu_util_percent": 22.0, "gpu_mem_util_percent": 4.0, "gpu_mem_used_mib": 36539.0, "gpu_mem_total_mib": 49140.0, "gpu_power_w": 93.53, "process_present": true, "process_mem_mib": 36040.0, "process_mem_share_percent": 73.34147334147335, "process_util_available": true, "process_util_backend": "nvml", "process_sm_util_percent": 12.0, "process_mem_util_percent": 2.0}
{"timestamp_unix": 1772442526.8100226, "pid": 113948, "device_index": 0, "gpu_uuid": "GPU-6f954bfd-7081-31b7-f15c-f9a174bf4d7f", "gpu_util_percent": 26.0, "gpu_mem_util_percent": 6.0, "gpu_mem_used_mib": 36539.0, "gpu_mem_total_mib": 49140.0, "gpu_power_w": 93.55, "process_present": true, "process_mem_mib": 36040.0, "process_mem_share_percent": 73.34147334147335, "process_util_available": true, "process_util_backend": "nvml", "process_sm_util_percent": 27.0, "process_mem_util_percent": 5.0}
{"timestamp_unix": 1772442527.1019146, "pid": 113948, "device_index": 0, "gpu_uuid": "GPU-6f954bfd-7081-31b7-f15c-f9a174bf4d7f", "gpu_util_percent": 26.0, "gpu_mem_util_percent": 6.0, "gpu_mem_used_mib": 36539.0, "gpu_mem_total_mib": 49140.0, "gpu_power_w": 93.55, "process_present": true, "process_mem_mib": 36040.0, "process_mem_share_percent": 73.34147334147335, "process_util_available": true, "process_util_backend": "nvml", "process_sm_util_percent": 26.0, "process_mem_util_percent": 5.0}
{"timestamp_unix": 1772442527.390612, "pid": 113948, "device_index": 0, "gpu_uuid": "GPU-6f954bfd-7081-31b7-f15c-f9a174bf4d7f", "gpu_util_percent": 26.0, "gpu_mem_util_percent": 6.0, "gpu_mem_used_mib": 36539.0, "gpu_mem_total_mib": 49140.0, "gpu_power_w": 95.35, "process_present": true, "process_mem_mib": 36040.0, "process_mem_share_percent": 73.34147334147335, "process_util_available": true, "process_util_backend": "nvml", "process_sm_util_percent": null, "process_mem_util_percent": null}
{"timestamp_unix": 1772442527.6828394, "pid": 113948, "device_index": 0, "gpu_uuid": "GPU-6f954bfd-7081-31b7-f15c-f9a174bf4d7f", "gpu_util_percent": 26.0, "gpu_mem_util_percent": 6.0, "gpu_mem_used_mib": 36539.0, "gpu_mem_total_mib": 49140.0, "gpu_power_w": 95.35, "process_present": true, "process_mem_mib": 36040.0, "process_mem_share_percent": 73.34147334147335, "process_util_available": true, "process_util_backend": "nvml", "process_sm_util_percent": 26.0, "process_mem_util_percent": 5.0}
{"timestamp_unix": 1772442527.973135, "pid": 113948, "device_index": 0, "gpu_uuid": "GPU-6f954bfd-7081-31b7-f15c-f9a174bf4d7f", "gpu_util_percent": 26.0, "gpu_mem_util_percent": 5.0, "gpu_mem_used_mib": 36539.0, "gpu_mem_total_mib": 49140.0, "gpu_power_w": 97.89, "process_present": true, "process_mem_mib": 36040.0, "process_mem_share_percent": 73.34147334147335, "process_util_available": true, "process_util_backend": "nvml", "process_sm_util_percent": null, "process_mem_util_percent": null}
{"timestamp_unix": 1772442528.263321, "pid": 113948, "device_index": 0, "gpu_uuid": "GPU-6f954bfd-7081-31b7-f15c-f9a174bf4d7f", "gpu_util_percent": 26.0, "gpu_mem_util_percent": 5.0, "gpu_mem_used_mib": 36538.0, "gpu_mem_total_mib": 49140.0, "gpu_power_w": 97.36, "process_present": true, "process_mem_mib": 36040.0, "process_mem_share_percent": 73.34147334147335, "process_util_available": true, "process_util_backend": "nvml", "process_sm_util_percent": 26.0, "process_mem_util_percent": 4.0}
{"timestamp_unix": 1772442528.56781, "pid": 113948, "device_index": 0, "gpu_uuid": "GPU-6f954bfd-7081-31b7-f15c-f9a174bf4d7f", "gpu_util_percent": 26.0, "gpu_mem_util_percent": 5.0, "gpu_mem_used_mib": 36538.0, "gpu_mem_total_mib": 49140.0, "gpu_power_w": 97.36, "process_present": true, "process_mem_mib": 36040.0, "process_mem_share_percent": 73.34147334147335, "process_util_available": true, "process_util_backend": "nvml", "process_sm_util_percent": 26.0, "process_mem_util_percent": 4.0}
{"timestamp_unix": 1772442528.8685935, "pid": 113948, "device_index": 0, "gpu_uuid": "GPU-6f954bfd-7081-31b7-f15c-f9a174bf4d7f", "gpu_util_percent": 26.0, "gpu_mem_util_percent": 5.0, "gpu_mem_used_mib": 36538.0, "gpu_mem_total_mib": 49140.0, "gpu_power_w": 96.8, "process_present": true, "process_mem_mib": 36040.0, "process_mem_share_percent": 73.34147334147335, "process_util_available": true, "process_util_backend": "nvml", "process_sm_util_percent": 26.0, "process_mem_util_percent": 4.0}
{"timestamp_unix": 1772442529.1678421, "pid": 113948, "device_index": 0, "gpu_uuid": "GPU-6f954bfd-7081-31b7-f15c-f9a174bf4d7f", "gpu_util_percent": 26.0, "gpu_mem_util_percent": 5.0, "gpu_mem_used_mib": 36539.0, "gpu_mem_total_mib": 49140.0, "gpu_power_w": 96.8, "process_present": true, "process_mem_mib": 36040.0, "process_mem_share_percent": 73.34147334147335, "process_util_available": true, "process_util_backend": "nvml", "process_sm_util_percent": 27.0, "process_mem_util_percent": 4.0}
{"timestamp_unix": 1772442529.456779, "pid": 113948, "device_index": 0, "gpu_uuid": "GPU-6f954bfd-7081-31b7-f15c-f9a174bf4d7f", "gpu_util_percent": 26.0, "gpu_mem_util_percent": 5.0, "gpu_mem_used_mib": 36539.0, "gpu_mem_total_mib": 49140.0, "gpu_power_w": 96.46, "process_present": true, "process_mem_mib": 36040.0, "process_mem_share_percent": 73.34147334147335, "process_util_available": true, "process_util_backend": "nvml", "process_sm_util_percent": 26.0, "process_mem_util_percent": 4.0}
{"timestamp_unix": 1772442529.747253, "pid": 113948, "device_index": 0, "gpu_uuid": "GPU-6f954bfd-7081-31b7-f15c-f9a174bf4d7f", "gpu_util_percent": 26.0, "gpu_mem_util_percent": 5.0, "gpu_mem_used_mib": 36539.0, "gpu_mem_total_mib": 49140.0, "gpu_power_w": 96.46, "process_present": true, "process_mem_mib": 36040.0, "process_mem_share_percent": 73.34147334147335, "process_util_available": true, "process_util_backend": "nvml", "process_sm_util_percent": 25.0, "process_mem_util_percent": 4.0}
{"timestamp_unix": 1772442530.0431952, "pid": 113948, "device_index": 0, "gpu_uuid": "GPU-6f954bfd-7081-31b7-f15c-f9a174bf4d7f", "gpu_util_percent": 26.0, "gpu_mem_util_percent": 4.0, "gpu_mem_used_mib": 36539.0, "gpu_mem_total_mib": 49140.0, "gpu_power_w": 95.97, "process_present": true, "process_mem_mib": 36040.0, "process_mem_share_percent": 73.34147334147335, "process_util_available": true, "process_util_backend": "nvml", "process_sm_util_percent": 25.0, "process_mem_util_percent": 4.0}
{"timestamp_unix": 1772442530.335778, "pid": 113948, "device_index": 0, "gpu_uuid": "GPU-6f954bfd-7081-31b7-f15c-f9a174bf4d7f", "gpu_util_percent": 26.0, "gpu_mem_util_percent": 4.0, "gpu_mem_used_mib": 36541.0, "gpu_mem_total_mib": 49140.0, "gpu_power_w": 95.51, "process_present": true, "process_mem_mib": 36040.0, "process_mem_share_percent": 73.34147334147335, "process_util_available": true, "process_util_backend": "nvml", "process_sm_util_percent": 26.0, "process_mem_util_percent": 3.0}
{"timestamp_unix": 1772442530.6258833, "pid": 113948, "device_index": 0, "gpu_uuid": "GPU-6f954bfd-7081-31b7-f15c-f9a174bf4d7f", "gpu_util_percent": 26.0, "gpu_mem_util_percent": 4.0, "gpu_mem_used_mib": 36541.0, "gpu_mem_total_mib": 49140.0, "gpu_power_w": 95.51, "process_present": true, "process_mem_mib": 36040.0, "process_mem_share_percent": 73.34147334147335, "process_util_available": true, "process_util_backend": "nvml", "process_sm_util_percent": 25.0, "process_mem_util_percent": 3.0}
{"timestamp_unix": 1772442530.9191546, "pid": 113948, "device_index": 0, "gpu_uuid": "GPU-6f954bfd-7081-31b7-f15c-f9a174bf4d7f", "gpu_util_percent": 26.0, "gpu_mem_util_percent": 4.0, "gpu_mem_used_mib": 36541.0, "gpu_mem_total_mib": 49140.0, "gpu_power_w": 95.29, "process_present": true, "process_mem_mib": 36040.0, "process_mem_share_percent": 73.34147334147335, "process_util_available": true, "process_util_backend": "nvml", "process_sm_util_percent": 25.0, "process_mem_util_percent": 3.0}
{"timestamp_unix": 1772442531.2292721, "pid": 113948, "device_index": 0, "gpu_uuid": "GPU-6f954bfd-7081-31b7-f15c-f9a174bf4d7f", "gpu_util_percent": 26.0, "gpu_mem_util_percent": 4.0, "gpu_mem_used_mib": 36541.0, "gpu_mem_total_mib": 49140.0, "gpu_power_w": 95.29, "process_present": true, "process_mem_mib": 36040.0, "process_mem_share_percent": 73.34147334147335, "process_util_available": true, "process_util_backend": "nvml", "process_sm_util_percent": 26.0, "process_mem_util_percent": 3.0}
{"timestamp_unix": 1772442531.5368638, "pid": 113948, "device_index": 0, "gpu_uuid": "GPU-6f954bfd-7081-31b7-f15c-f9a174bf4d7f", "gpu_util_percent": 26.0, "gpu_mem_util_percent": 4.0, "gpu_mem_used_mib": 36540.0, "gpu_mem_total_mib": 49140.0, "gpu_power_w": 94.97, "process_present": true, "process_mem_mib": 36040.0, "process_mem_share_percent": 73.34147334147335, "process_util_available": true, "process_util_backend": "nvml", "process_sm_util_percent": 25.0, "process_mem_util_percent": 3.0}
{"timestamp_unix": 1772442531.8381891, "pid": 113948, "device_index": 0, "gpu_uuid": "GPU-6f954bfd-7081-31b7-f15c-f9a174bf4d7f", "gpu_util_percent": 25.0, "gpu_mem_util_percent": 6.0, "gpu_mem_used_mib": 36540.0, "gpu_mem_total_mib": 49140.0, "gpu_power_w": 94.41, "process_present": true, "process_mem_mib": 36040.0, "process_mem_share_percent": 73.34147334147335, "process_util_available": true, "process_util_backend": "nvml", "process_sm_util_percent": 21.0, "process_mem_util_percent": 4.0}
{"timestamp_unix": 1772442532.137269, "pid": 113948, "device_index": 0, "gpu_uuid": "GPU-6f954bfd-7081-31b7-f15c-f9a174bf4d7f", "gpu_util_percent": 25.0, "gpu_mem_util_percent": 6.0, "gpu_mem_used_mib": 36540.0, "gpu_mem_total_mib": 49140.0, "gpu_power_w": 94.41, "process_present": true, "process_mem_mib": 36040.0, "process_mem_share_percent": 73.34147334147335, "process_util_available": true, "process_util_backend": "nvml", "process_sm_util_percent": 25.0, "process_mem_util_percent": 5.0}
{"timestamp_unix": 1772442532.4277766, "pid": 113948, "device_index": 0, "gpu_uuid": "GPU-6f954bfd-7081-31b7-f15c-f9a174bf4d7f", "gpu_util_percent": 25.0, "gpu_mem_util_percent": 6.0, "gpu_mem_used_mib": 36540.0, "gpu_mem_total_mib": 49140.0, "gpu_power_w": 95.57, "process_present": true, "process_mem_mib": 36040.0, "process_mem_share_percent": 73.34147334147335, "process_util_available": true, "process_util_backend": "nvml", "process_sm_util_percent": 25.0, "process_mem_util_percent": 5.0}
{"timestamp_unix": 1772442532.7186058, "pid": 113948, "device_index": 0, "gpu_uuid": "GPU-6f954bfd-7081-31b7-f15c-f9a174bf4d7f", "gpu_util_percent": 25.0, "gpu_mem_util_percent": 6.0, "gpu_mem_used_mib": 36540.0, "gpu_mem_total_mib": 49140.0, "gpu_power_w": 95.57, "process_present": true, "process_mem_mib": 36040.0, "process_mem_share_percent": 73.34147334147335, "process_util_available": true, "process_util_backend": "nvml", "process_sm_util_percent": 25.0, "process_mem_util_percent": 5.0}
{"timestamp_unix": 1772442533.008032, "pid": 113948, "device_index": 0, "gpu_uuid": "GPU-6f954bfd-7081-31b7-f15c-f9a174bf4d7f", "gpu_util_percent": 25.0, "gpu_mem_util_percent": 6.0, "gpu_mem_used_mib": 36540.0, "gpu_mem_total_mib": 49140.0, "gpu_power_w": 97.4, "process_present": true, "process_mem_mib": 36040.0, "process_mem_share_percent": 73.34147334147335, "process_util_available": true, "process_util_backend": "nvml", "process_sm_util_percent": 25.0, "process_mem_util_percent": 6.0}
{"timestamp_unix": 1772442533.3025436, "pid": 113948, "device_index": 0, "gpu_uuid": "GPU-6f954bfd-7081-31b7-f15c-f9a174bf4d7f", "gpu_util_percent": 25.0, "gpu_mem_util_percent": 6.0, "gpu_mem_used_mib": 36540.0, "gpu_mem_total_mib": 49140.0, "gpu_power_w": 97.59, "process_present": true, "process_mem_mib": 36040.0, "process_mem_share_percent": 73.34147334147335, "process_util_available": true, "process_util_backend": "nvml", "process_sm_util_percent": 25.0, "process_mem_util_percent": 5.0}
{"timestamp_unix": 1772442533.5910623, "pid": 113948, "device_index": 0, "gpu_uuid": "GPU-6f954bfd-7081-31b7-f15c-f9a174bf4d7f", "gpu_util_percent": 25.0, "gpu_mem_util_percent": 6.0, "gpu_mem_used_mib": 36540.0, "gpu_mem_total_mib": 49140.0, "gpu_power_w": 97.59, "process_present": true, "process_mem_mib": 36040.0, "process_mem_share_percent": 73.34147334147335, "process_util_available": true, "process_util_backend": "nvml", "process_sm_util_percent": 24.0, "process_mem_util_percent": 5.0}
{"timestamp_unix": 1772442534.0532758, "pid": 113948, "device_index": 0, "gpu_uuid": "GPU-6f954bfd-7081-31b7-f15c-f9a174bf4d7f", "gpu_util_percent": 24.0, "gpu_mem_util_percent": 6.0, "gpu_mem_used_mib": 36540.0, "gpu_mem_total_mib": 49140.0, "gpu_power_w": 97.76, "process_present": true, "process_mem_mib": 36040.0, "process_mem_share_percent": 73.34147334147335, "process_util_available": true, "process_util_backend": "nvml", "process_sm_util_percent": 12.0, "process_mem_util_percent": 2.0}
{"timestamp_unix": 1772442534.3512359, "pid": 113948, "device_index": 0, "gpu_uuid": "GPU-6f954bfd-7081-31b7-f15c-f9a174bf4d7f", "gpu_util_percent": 24.0, "gpu_mem_util_percent": 6.0, "gpu_mem_used_mib": 36540.0, "gpu_mem_total_mib": 49140.0, "gpu_power_w": 95.49, "process_present": true, "process_mem_mib": 36040.0, "process_mem_share_percent": 73.34147334147335, "process_util_available": true, "process_util_backend": "nvml", "process_sm_util_percent": 24.0, "process_mem_util_percent": 5.0}
{"timestamp_unix": 1772442534.6541219, "pid": 113948, "device_index": 0, "gpu_uuid": "GPU-6f954bfd-7081-31b7-f15c-f9a174bf4d7f", "gpu_util_percent": 24.0, "gpu_mem_util_percent": 6.0, "gpu_mem_used_mib": 36540.0, "gpu_mem_total_mib": 49140.0, "gpu_power_w": 95.49, "process_present": true, "process_mem_mib": 36040.0, "process_mem_share_percent": 73.34147334147335, "process_util_available": true, "process_util_backend": "nvml", "process_sm_util_percent": 25.0, "process_mem_util_percent": 6.0}
{"timestamp_unix": 1772442534.9443843, "pid": 113948, "device_index": 0, "gpu_uuid": "GPU-6f954bfd-7081-31b7-f15c-f9a174bf4d7f", "gpu_util_percent": 25.0, "gpu_mem_util_percent": 6.0, "gpu_mem_used_mib": 36540.0, "gpu_mem_total_mib": 49140.0, "gpu_power_w": 95.53, "process_present": true, "process_mem_mib": 36040.0, "process_mem_share_percent": 73.34147334147335, "process_util_available": true, "process_util_backend": "nvml", "process_sm_util_percent": 25.0, "process_mem_util_percent": 6.0}
{"timestamp_unix": 1772442535.235803, "pid": 113948, "device_index": 0, "gpu_uuid": "GPU-6f954bfd-7081-31b7-f15c-f9a174bf4d7f", "gpu_util_percent": 25.0, "gpu_mem_util_percent": 6.0, "gpu_mem_used_mib": 36540.0, "gpu_mem_total_mib": 49140.0, "gpu_power_w": 95.53, "process_present": true, "process_mem_mib": 36040.0, "process_mem_share_percent": 73.34147334147335, "process_util_available": true, "process_util_backend": "nvml", "process_sm_util_percent": 26.0, "process_mem_util_percent": 6.0}
{"timestamp_unix": 1772442535.527437, "pid": 113948, "device_index": 0, "gpu_uuid": "GPU-6f954bfd-7081-31b7-f15c-f9a174bf4d7f", "gpu_util_percent": 25.0, "gpu_mem_util_percent": 6.0, "gpu_mem_used_mib": 36592.0, "gpu_mem_total_mib": 49140.0, "gpu_power_w": 98.55, "process_present": true, "process_mem_mib": 36284.0, "process_mem_share_percent": 73.83801383801384, "process_util_available": true, "process_util_backend": "nvml", "process_sm_util_percent": 25.0, "process_mem_util_percent": 6.0}
{"timestamp_unix": 1772442535.8242407, "pid": 113948, "device_index": 0, "gpu_uuid": "GPU-6f954bfd-7081-31b7-f15c-f9a174bf4d7f", "gpu_util_percent": 24.0, "gpu_mem_util_percent": 6.0, "gpu_mem_used_mib": 38236.0, "gpu_mem_total_mib": 49140.0, "gpu_power_w": 98.53, "process_present": true, "process_mem_mib": 37740.0, "process_mem_share_percent": 76.80097680097681, "process_util_available": true, "process_util_backend": "nvml", "process_sm_util_percent": 24.0, "process_mem_util_percent": 5.0}
{"timestamp_unix": 1772442536.1175919, "pid": 113948, "device_index": 0, "gpu_uuid": "GPU-6f954bfd-7081-31b7-f15c-f9a174bf4d7f", "gpu_util_percent": 24.0, "gpu_mem_util_percent": 6.0, "gpu_mem_used_mib": 38622.0, "gpu_mem_total_mib": 49140.0, "gpu_power_w": 98.53, "process_present": true, "process_mem_mib": 38126.0, "process_mem_share_percent": 77.58648758648758, "process_util_available": true, "process_util_backend": "nvml", "process_sm_util_percent": 11.0, "process_mem_util_percent": 2.0}
{"timestamp_unix": 1772442536.4093413, "pid": 113948, "device_index": 0, "gpu_uuid": "GPU-6f954bfd-7081-31b7-f15c-f9a174bf4d7f", "gpu_util_percent": 24.0, "gpu_mem_util_percent": 6.0, "gpu_mem_used_mib": 38622.0, "gpu_mem_total_mib": 49140.0, "gpu_power_w": 96.44, "process_present": true, "process_mem_mib": 38126.0, "process_mem_share_percent": 77.58648758648758, "process_util_available": true, "process_util_backend": "nvml", "process_sm_util_percent": 28.0, "process_mem_util_percent": 8.0}
{"timestamp_unix": 1772442536.7144597, "pid": 113948, "device_index": 0, "gpu_uuid": "GPU-6f954bfd-7081-31b7-f15c-f9a174bf4d7f", "gpu_util_percent": 24.0, "gpu_mem_util_percent": 6.0, "gpu_mem_used_mib": 38621.0, "gpu_mem_total_mib": 49140.0, "gpu_power_w": 96.44, "process_present": true, "process_mem_mib": 38126.0, "process_mem_share_percent": 77.58648758648758, "process_util_available": true, "process_util_backend": "nvml", "process_sm_util_percent": 28.0, "process_mem_util_percent": 8.0}
{"timestamp_unix": 1772442537.0162737, "pid": 113948, "device_index": 0, "gpu_uuid": "GPU-6f954bfd-7081-31b7-f15c-f9a174bf4d7f", "gpu_util_percent": 28.0, "gpu_mem_util_percent": 9.0, "gpu_mem_used_mib": 38621.0, "gpu_mem_total_mib": 49140.0, "gpu_power_w": 98.3, "process_present": true, "process_mem_mib": 38126.0, "process_mem_share_percent": 77.58648758648758, "process_util_available": true, "process_util_backend": "nvml", "process_sm_util_percent": 28.0, "process_mem_util_percent": 7.0}
{"timestamp_unix": 1772442537.3306122, "pid": 113948, "device_index": 0, "gpu_uuid": "GPU-6f954bfd-7081-31b7-f15c-f9a174bf4d7f", "gpu_util_percent": 28.0, "gpu_mem_util_percent": 9.0, "gpu_mem_used_mib": 38621.0, "gpu_mem_total_mib": 49140.0, "gpu_power_w": 102.42, "process_present": true, "process_mem_mib": 38126.0, "process_mem_share_percent": 77.58648758648758, "process_util_available": true, "process_util_backend": "nvml", "process_sm_util_percent": 28.0, "process_mem_util_percent": 7.0}
{"timestamp_unix": 1772442537.6260517, "pid": 113948, "device_index": 0, "gpu_uuid": "GPU-6f954bfd-7081-31b7-f15c-f9a174bf4d7f", "gpu_util_percent": 28.0, "gpu_mem_util_percent": 9.0, "gpu_mem_used_mib": 38621.0, "gpu_mem_total_mib": 49140.0, "gpu_power_w": 102.42, "process_present": true, "process_mem_mib": 38126.0, "process_mem_share_percent": 77.58648758648758, "process_util_available": true, "process_util_backend": "nvml", "process_sm_util_percent": 27.0, "process_mem_util_percent": 7.0}
{"timestamp_unix": 1772442537.9188063, "pid": 113948, "device_index": 0, "gpu_uuid": "GPU-6f954bfd-7081-31b7-f15c-f9a174bf4d7f", "gpu_util_percent": 27.0, "gpu_mem_util_percent": 7.0, "gpu_mem_used_mib": 38621.0, "gpu_mem_total_mib": 49140.0, "gpu_power_w": 101.81, "process_present": true, "process_mem_mib": 38126.0, "process_mem_share_percent": 77.58648758648758, "process_util_available": true, "process_util_backend": "nvml", "process_sm_util_percent": 28.0, "process_mem_util_percent": 7.0}
{"timestamp_unix": 1772442538.2092953, "pid": 113948, "device_index": 0, "gpu_uuid": "GPU-6f954bfd-7081-31b7-f15c-f9a174bf4d7f", "gpu_util_percent": 27.0, "gpu_mem_util_percent": 7.0, "gpu_mem_used_mib": 38621.0, "gpu_mem_total_mib": 49140.0, "gpu_power_w": 101.81, "process_present": true, "process_mem_mib": 38126.0, "process_mem_share_percent": 77.58648758648758, "process_util_available": true, "process_util_backend": "nvml", "process_sm_util_percent": 27.0, "process_mem_util_percent": 7.0}
{"timestamp_unix": 1772442538.5011303, "pid": 113948, "device_index": 0, "gpu_uuid": "GPU-6f954bfd-7081-31b7-f15c-f9a174bf4d7f", "gpu_util_percent": 27.0, "gpu_mem_util_percent": 7.0, "gpu_mem_used_mib": 38621.0, "gpu_mem_total_mib": 49140.0, "gpu_power_w": 101.44, "process_present": true, "process_mem_mib": 38126.0, "process_mem_share_percent": 77.58648758648758, "process_util_available": true, "process_util_backend": "nvml", "process_sm_util_percent": 26.0, "process_mem_util_percent": 7.0}
{"timestamp_unix": 1772442538.7917082, "pid": 113948, "device_index": 0, "gpu_uuid": "GPU-6f954bfd-7081-31b7-f15c-f9a174bf4d7f", "gpu_util_percent": 24.0, "gpu_mem_util_percent": 7.0, "gpu_mem_used_mib": 38621.0, "gpu_mem_total_mib": 49140.0, "gpu_power_w": 101.06, "process_present": true, "process_mem_mib": 38126.0, "process_mem_share_percent": 77.58648758648758, "process_util_available": true, "process_util_backend": "nvml", "process_sm_util_percent": 24.0, "process_mem_util_percent": 7.0}
{"timestamp_unix": 1772442539.0858002, "pid": 113948, "device_index": 0, "gpu_uuid": "GPU-6f954bfd-7081-31b7-f15c-f9a174bf4d7f", "gpu_util_percent": 24.0, "gpu_mem_util_percent": 7.0, "gpu_mem_used_mib": 38620.0, "gpu_mem_total_mib": 49140.0, "gpu_power_w": 101.06, "process_present": true, "process_mem_mib": 38126.0, "process_mem_share_percent": 77.58648758648758, "process_util_available": true, "process_util_backend": "nvml", "process_sm_util_percent": 25.0, "process_mem_util_percent": 7.0}
{"timestamp_unix": 1772442539.3854904, "pid": 113948, "device_index": 0, "gpu_uuid": "GPU-6f954bfd-7081-31b7-f15c-f9a174bf4d7f", "gpu_util_percent": 24.0, "gpu_mem_util_percent": 7.0, "gpu_mem_used_mib": 38620.0, "gpu_mem_total_mib": 49140.0, "gpu_power_w": 100.93, "process_present": true, "process_mem_mib": 38126.0, "process_mem_share_percent": 77.58648758648758, "process_util_available": true, "process_util_backend": "nvml", "process_sm_util_percent": 24.0, "process_mem_util_percent": 7.0}
{"timestamp_unix": 1772442539.6854827, "pid": 113948, "device_index": 0, "gpu_uuid": "GPU-6f954bfd-7081-31b7-f15c-f9a174bf4d7f", "gpu_util_percent": 24.0, "gpu_mem_util_percent": 7.0, "gpu_mem_used_mib": 38620.0, "gpu_mem_total_mib": 49140.0, "gpu_power_w": 100.93, "process_present": true, "process_mem_mib": 38126.0, "process_mem_share_percent": 77.58648758648758, "process_util_available": true, "process_util_backend": "nvml", "process_sm_util_percent": 23.0, "process_mem_util_percent": 7.0}
{"timestamp_unix": 1772442539.9873264, "pid": 113948, "device_index": 0, "gpu_uuid": "GPU-6f954bfd-7081-31b7-f15c-f9a174bf4d7f", "gpu_util_percent": 23.0, "gpu_mem_util_percent": 7.0, "gpu_mem_used_mib": 38620.0, "gpu_mem_total_mib": 49140.0, "gpu_power_w": 100.91, "process_present": true, "process_mem_mib": 38126.0, "process_mem_share_percent": 77.58648758648758, "process_util_available": true, "process_util_backend": "nvml", "process_sm_util_percent": 23.0, "process_mem_util_percent": 7.0}
{"timestamp_unix": 1772442540.2799487, "pid": 113948, "device_index": 0, "gpu_uuid": "GPU-6f954bfd-7081-31b7-f15c-f9a174bf4d7f", "gpu_util_percent": 23.0, "gpu_mem_util_percent": 7.0, "gpu_mem_used_mib": 38619.0, "gpu_mem_total_mib": 49140.0, "gpu_power_w": 100.77, "process_present": true, "process_mem_mib": 38126.0, "process_mem_share_percent": 77.58648758648758, "process_util_available": true, "process_util_backend": "nvml", "process_sm_util_percent": 23.0, "process_mem_util_percent": 6.0}
{"timestamp_unix": 1772442540.5733333, "pid": 113948, "device_index": 0, "gpu_uuid": "GPU-6f954bfd-7081-31b7-f15c-f9a174bf4d7f", "gpu_util_percent": 23.0, "gpu_mem_util_percent": 7.0, "gpu_mem_used_mib": 38619.0, "gpu_mem_total_mib": 49140.0, "gpu_power_w": 100.77, "process_present": true, "process_mem_mib": 38126.0, "process_mem_share_percent": 77.58648758648758, "process_util_available": true, "process_util_backend": "nvml", "process_sm_util_percent": 24.0, "process_mem_util_percent": 6.0}
{"timestamp_unix": 1772442540.8651407, "pid": 113948, "device_index": 0, "gpu_uuid": "GPU-6f954bfd-7081-31b7-f15c-f9a174bf4d7f", "gpu_util_percent": 25.0, "gpu_mem_util_percent": 7.0, "gpu_mem_used_mib": 38623.0, "gpu_mem_total_mib": 49140.0, "gpu_power_w": 100.34, "process_present": true, "process_mem_mib": 38126.0, "process_mem_share_percent": 77.58648758648758, "process_util_available": true, "process_util_backend": "nvml", "process_sm_util_percent": 25.0, "process_mem_util_percent": 6.0}
{"timestamp_unix": 1772442541.156987, "pid": 113948, "device_index": 0, "gpu_uuid": "GPU-6f954bfd-7081-31b7-f15c-f9a174bf4d7f", "gpu_util_percent": 25.0, "gpu_mem_util_percent": 7.0, "gpu_mem_used_mib": 38623.0, "gpu_mem_total_mib": 49140.0, "gpu_power_w": 100.34, "process_present": true, "process_mem_mib": 38126.0, "process_mem_share_percent": 77.58648758648758, "process_util_available": true, "process_util_backend": "nvml", "process_sm_util_percent": 25.0, "process_mem_util_percent": 4.0}
{"timestamp_unix": 1772442541.4499483, "pid": 113948, "device_index": 0, "gpu_uuid": "GPU-6f954bfd-7081-31b7-f15c-f9a174bf4d7f", "gpu_util_percent": 25.0, "gpu_mem_util_percent": 7.0, "gpu_mem_used_mib": 38623.0, "gpu_mem_total_mib": 49140.0, "gpu_power_w": 99.06, "process_present": true, "process_mem_mib": 38126.0, "process_mem_share_percent": 77.58648758648758, "process_util_available": true, "process_util_backend": "nvml", "process_sm_util_percent": 25.0, "process_mem_util_percent": 4.0}
{"timestamp_unix": 1772442541.739546, "pid": 113948, "device_index": 0, "gpu_uuid": "GPU-6f954bfd-7081-31b7-f15c-f9a174bf4d7f", "gpu_util_percent": 25.0, "gpu_mem_util_percent": 7.0, "gpu_mem_used_mib": 38623.0, "gpu_mem_total_mib": 49140.0, "gpu_power_w": 99.06, "process_present": true, "process_mem_mib": 38126.0, "process_mem_share_percent": 77.58648758648758, "process_util_available": true, "process_util_backend": "nvml", "process_sm_util_percent": 12.0, "process_mem_util_percent": 2.0}
{"timestamp_unix": 1772442542.036336, "pid": 113948, "device_index": 0, "gpu_uuid": "GPU-6f954bfd-7081-31b7-f15c-f9a174bf4d7f", "gpu_util_percent": 24.0, "gpu_mem_util_percent": 6.0, "gpu_mem_used_mib": 38623.0, "gpu_mem_total_mib": 49140.0, "gpu_power_w": 97.13, "process_present": true, "process_mem_mib": 38126.0, "process_mem_share_percent": 77.58648758648758, "process_util_available": true, "process_util_backend": "nvml", "process_sm_util_percent": 25.0, "process_mem_util_percent": 6.0}
{"timestamp_unix": 1772442542.3388748, "pid": 113948, "device_index": 0, "gpu_uuid": "GPU-6f954bfd-7081-31b7-f15c-f9a174bf4d7f", "gpu_util_percent": 24.0, "gpu_mem_util_percent": 6.0, "gpu_mem_used_mib": 38623.0, "gpu_mem_total_mib": 49140.0, "gpu_power_w": 97.86, "process_present": true, "process_mem_mib": 38126.0, "process_mem_share_percent": 77.58648758648758, "process_util_available": true, "process_util_backend": "nvml", "process_sm_util_percent": 26.0, "process_mem_util_percent": 6.0}
{"timestamp_unix": 1772442542.6387043, "pid": 113948, "device_index": 0, "gpu_uuid": "GPU-6f954bfd-7081-31b7-f15c-f9a174bf4d7f", "gpu_util_percent": 24.0, "gpu_mem_util_percent": 6.0, "gpu_mem_used_mib": 38623.0, "gpu_mem_total_mib": 49140.0, "gpu_power_w": 97.86, "process_present": true, "process_mem_mib": 38126.0, "process_mem_share_percent": 77.58648758648758, "process_util_available": true, "process_util_backend": "nvml", "process_sm_util_percent": 26.0, "process_mem_util_percent": 7.0}
{"timestamp_unix": 1772442542.9279747, "pid": 113948, "device_index": 0, "gpu_uuid": "GPU-6f954bfd-7081-31b7-f15c-f9a174bf4d7f", "gpu_util_percent": 25.0, "gpu_mem_util_percent": 7.0, "gpu_mem_used_mib": 38623.0, "gpu_mem_total_mib": 49140.0, "gpu_power_w": 100.22, "process_present": true, "process_mem_mib": 38126.0, "process_mem_share_percent": 77.58648758648758, "process_util_available": true, "process_util_backend": "nvml", "process_sm_util_percent": null, "process_mem_util_percent": null}
{"timestamp_unix": 1772442543.2192302, "pid": 113948, "device_index": 0, "gpu_uuid": "GPU-6f954bfd-7081-31b7-f15c-f9a174bf4d7f", "gpu_util_percent": 25.0, "gpu_mem_util_percent": 7.0, "gpu_mem_used_mib": 38617.0, "gpu_mem_total_mib": 49140.0, "gpu_power_w": 100.22, "process_present": true, "process_mem_mib": 38126.0, "process_mem_share_percent": 77.58648758648758, "process_util_available": true, "process_util_backend": "nvml", "process_sm_util_percent": null, "process_mem_util_percent": null}
{"timestamp_unix": 1772442543.5110064, "pid": 113948, "device_index": 0, "gpu_uuid": "GPU-6f954bfd-7081-31b7-f15c-f9a174bf4d7f", "gpu_util_percent": 25.0, "gpu_mem_util_percent": 7.0, "gpu_mem_used_mib": 38617.0, "gpu_mem_total_mib": 49140.0, "gpu_power_w": 100.63, "process_present": true, "process_mem_mib": 38126.0, "process_mem_share_percent": 77.58648758648758, "process_util_available": true, "process_util_backend": "nvml", "process_sm_util_percent": null, "process_mem_util_percent": null}
{"timestamp_unix": 1772442543.8092065, "pid": 113948, "device_index": 0, "gpu_uuid": "GPU-6f954bfd-7081-31b7-f15c-f9a174bf4d7f", "gpu_util_percent": 27.0, "gpu_mem_util_percent": 8.0, "gpu_mem_used_mib": 38617.0, "gpu_mem_total_mib": 49140.0, "gpu_power_w": 100.61, "process_present": true, "process_mem_mib": 38126.0, "process_mem_share_percent": 77.58648758648758, "process_util_available": true, "process_util_backend": "nvml", "process_sm_util_percent": 26.0, "process_mem_util_percent": 7.0}
{"timestamp_unix": 1772442544.1018977, "pid": 113948, "device_index": 0, "gpu_uuid": "GPU-6f954bfd-7081-31b7-f15c-f9a174bf4d7f", "gpu_util_percent": 27.0, "gpu_mem_util_percent": 8.0, "gpu_mem_used_mib": 38616.0, "gpu_mem_total_mib": 49140.0, "gpu_power_w": 100.61, "process_present": true, "process_mem_mib": 38126.0, "process_mem_share_percent": 77.58648758648758, "process_util_available": true, "process_util_backend": "nvml", "process_sm_util_percent": 26.0, "process_mem_util_percent": 7.0}
{"timestamp_unix": 1772442544.392919, "pid": 113948, "device_index": 0, "gpu_uuid": "GPU-6f954bfd-7081-31b7-f15c-f9a174bf4d7f", "gpu_util_percent": 27.0, "gpu_mem_util_percent": 8.0, "gpu_mem_used_mib": 38616.0, "gpu_mem_total_mib": 49140.0, "gpu_power_w": 101.13, "process_present": true, "process_mem_mib": 38126.0, "process_mem_share_percent": 77.58648758648758, "process_util_available": true, "process_util_backend": "nvml", "process_sm_util_percent": 26.0, "process_mem_util_percent": 7.0}
{"timestamp_unix": 1772442544.7025013, "pid": 113948, "device_index": 0, "gpu_uuid": "GPU-6f954bfd-7081-31b7-f15c-f9a174bf4d7f", "gpu_util_percent": 27.0, "gpu_mem_util_percent": 8.0, "gpu_mem_used_mib": 38616.0, "gpu_mem_total_mib": 49140.0, "gpu_power_w": 101.13, "process_present": true, "process_mem_mib": 38126.0, "process_mem_share_percent": 77.58648758648758, "process_util_available": true, "process_util_backend": "nvml", "process_sm_util_percent": 26.0, "process_mem_util_percent": 7.0}
{"timestamp_unix": 1772442545.0029235, "pid": 113948, "device_index": 0, "gpu_uuid": "GPU-6f954bfd-7081-31b7-f15c-f9a174bf4d7f", "gpu_util_percent": 26.0, "gpu_mem_util_percent": 7.0, "gpu_mem_used_mib": 38616.0, "gpu_mem_total_mib": 49140.0, "gpu_power_w": 101.4, "process_present": true, "process_mem_mib": 38126.0, "process_mem_share_percent": 77.58648758648758, "process_util_available": true, "process_util_backend": "nvml", "process_sm_util_percent": 26.0, "process_mem_util_percent": 7.0}
{"timestamp_unix": 1772442545.3066123, "pid": 113948, "device_index": 0, "gpu_uuid": "GPU-6f954bfd-7081-31b7-f15c-f9a174bf4d7f", "gpu_util_percent": 26.0, "gpu_mem_util_percent": 7.0, "gpu_mem_used_mib": 39134.0, "gpu_mem_total_mib": 49140.0, "gpu_power_w": 101.76, "process_present": true, "process_mem_mib": 38644.0, "process_mem_share_percent": 78.64061864061864, "process_util_available": true, "process_util_backend": "nvml", "process_sm_util_percent": 13.0, "process_mem_util_percent": 3.0}
{"timestamp_unix": 1772442545.6026251, "pid": 113948, "device_index": 0, "gpu_uuid": "GPU-6f954bfd-7081-31b7-f15c-f9a174bf4d7f", "gpu_util_percent": 26.0, "gpu_mem_util_percent": 7.0, "gpu_mem_used_mib": 39704.0, "gpu_mem_total_mib": 49140.0, "gpu_power_w": 101.76, "process_present": true, "process_mem_mib": 39214.0, "process_mem_share_percent": 79.8005698005698, "process_util_available": true, "process_util_backend": "nvml", "process_sm_util_percent": 15.0, "process_mem_util_percent": 1.0}
{"timestamp_unix": 1772442545.894612, "pid": 113948, "device_index": 0, "gpu_uuid": "GPU-6f954bfd-7081-31b7-f15c-f9a174bf4d7f", "gpu_util_percent": 31.0, "gpu_mem_util_percent": 12.0, "gpu_mem_used_mib": 39704.0, "gpu_mem_total_mib": 49140.0, "gpu_power_w": 99.44, "process_present": true, "process_mem_mib": 39214.0, "process_mem_share_percent": 79.8005698005698, "process_util_available": true, "process_util_backend": "nvml", "process_sm_util_percent": 31.0, "process_mem_util_percent": 11.0}
{"timestamp_unix": 1772442546.1871135, "pid": 113948, "device_index": 0, "gpu_uuid": "GPU-6f954bfd-7081-31b7-f15c-f9a174bf4d7f", "gpu_util_percent": 31.0, "gpu_mem_util_percent": 12.0, "gpu_mem_used_mib": 39704.0, "gpu_mem_total_mib": 49140.0, "gpu_power_w": 99.44, "process_present": true, "process_mem_mib": 39214.0, "process_mem_share_percent": 79.8005698005698, "process_util_available": true, "process_util_backend": "nvml", "process_sm_util_percent": 31.0, "process_mem_util_percent": 12.0}
{"timestamp_unix": 1772442546.4783404, "pid": 113948, "device_index": 0, "gpu_uuid": "GPU-6f954bfd-7081-31b7-f15c-f9a174bf4d7f", "gpu_util_percent": 31.0, "gpu_mem_util_percent": 12.0, "gpu_mem_used_mib": 39704.0, "gpu_mem_total_mib": 49140.0, "gpu_power_w": 102.28, "process_present": true, "process_mem_mib": 39214.0, "process_mem_share_percent": 79.8005698005698, "process_util_available": true, "process_util_backend": "nvml", "process_sm_util_percent": 31.0, "process_mem_util_percent": 11.0}
{"timestamp_unix": 1772442546.7709434, "pid": 113948, "device_index": 0, "gpu_uuid": "GPU-6f954bfd-7081-31b7-f15c-f9a174bf4d7f", "gpu_util_percent": 30.0, "gpu_mem_util_percent": 11.0, "gpu_mem_used_mib": 39704.0, "gpu_mem_total_mib": 49140.0, "gpu_power_w": 107.84, "process_present": true, "process_mem_mib": 39214.0, "process_mem_share_percent": 79.8005698005698, "process_util_available": true, "process_util_backend": "nvml", "process_sm_util_percent": 30.0, "process_mem_util_percent": 11.0}
{"timestamp_unix": 1772442547.0666537, "pid": 113948, "device_index": 0, "gpu_uuid": "GPU-6f954bfd-7081-31b7-f15c-f9a174bf4d7f", "gpu_util_percent": 30.0, "gpu_mem_util_percent": 11.0, "gpu_mem_used_mib": 39704.0, "gpu_mem_total_mib": 49140.0, "gpu_power_w": 107.84, "process_present": true, "process_mem_mib": 39214.0, "process_mem_share_percent": 79.8005698005698, "process_util_available": true, "process_util_backend": "nvml", "process_sm_util_percent": 30.0, "process_mem_util_percent": 11.0}
{"timestamp_unix": 1772442547.3685045, "pid": 113948, "device_index": 0, "gpu_uuid": "GPU-6f954bfd-7081-31b7-f15c-f9a174bf4d7f", "gpu_util_percent": 30.0, "gpu_mem_util_percent": 11.0, "gpu_mem_used_mib": 39704.0, "gpu_mem_total_mib": 49140.0, "gpu_power_w": 107.24, "process_present": true, "process_mem_mib": 39214.0, "process_mem_share_percent": 79.8005698005698, "process_util_available": true, "process_util_backend": "nvml", "process_sm_util_percent": 30.0, "process_mem_util_percent": 11.0}
{"timestamp_unix": 1772442547.6672115, "pid": 113948, "device_index": 0, "gpu_uuid": "GPU-6f954bfd-7081-31b7-f15c-f9a174bf4d7f", "gpu_util_percent": 30.0, "gpu_mem_util_percent": 11.0, "gpu_mem_used_mib": 39704.0, "gpu_mem_total_mib": 49140.0, "gpu_power_w": 107.24, "process_present": true, "process_mem_mib": 39214.0, "process_mem_share_percent": 79.8005698005698, "process_util_available": true, "process_util_backend": "nvml", "process_sm_util_percent": 30.0, "process_mem_util_percent": 10.0}
{"timestamp_unix": 1772442547.9662392, "pid": 113948, "device_index": 0, "gpu_uuid": "GPU-6f954bfd-7081-31b7-f15c-f9a174bf4d7f", "gpu_util_percent": 28.0, "gpu_mem_util_percent": 10.0, "gpu_mem_used_mib": 39704.0, "gpu_mem_total_mib": 49140.0, "gpu_power_w": 106.75, "process_present": true, "process_mem_mib": 39214.0, "process_mem_share_percent": 79.8005698005698, "process_util_available": true, "process_util_backend": "nvml", "process_sm_util_percent": 29.0, "process_mem_util_percent": 9.0}
{"timestamp_unix": 1772442548.2861934, "pid": 113948, "device_index": 0, "gpu_uuid": "GPU-6f954bfd-7081-31b7-f15c-f9a174bf4d7f", "gpu_util_percent": 28.0, "gpu_mem_util_percent": 10.0, "gpu_mem_used_mib": 39704.0, "gpu_mem_total_mib": 49140.0, "gpu_power_w": 105.68, "process_present": true, "process_mem_mib": 39214.0, "process_mem_share_percent": 79.8005698005698, "process_util_available": true, "process_util_backend": "nvml", "process_sm_util_percent": 29.0, "process_mem_util_percent": 9.0}
{"timestamp_unix": 1772442548.577689, "pid": 113948, "device_index": 0, "gpu_uuid": "GPU-6f954bfd-7081-31b7-f15c-f9a174bf4d7f", "gpu_util_percent": 28.0, "gpu_mem_util_percent": 10.0, "gpu_mem_used_mib": 39704.0, "gpu_mem_total_mib": 49140.0, "gpu_power_w": 105.68, "process_present": true, "process_mem_mib": 39214.0, "process_mem_share_percent": 79.8005698005698, "process_util_available": true, "process_util_backend": "nvml", "process_sm_util_percent": 29.0, "process_mem_util_percent": 9.0}
{"timestamp_unix": 1772442548.871226, "pid": 113948, "device_index": 0, "gpu_uuid": "GPU-6f954bfd-7081-31b7-f15c-f9a174bf4d7f", "gpu_util_percent": 25.0, "gpu_mem_util_percent": 7.0, "gpu_mem_used_mib": 39704.0, "gpu_mem_total_mib": 49140.0, "gpu_power_w": 104.16, "process_present": true, "process_mem_mib": 39214.0, "process_mem_share_percent": 79.8005698005698, "process_util_available": true, "process_util_backend": "nvml", "process_sm_util_percent": 26.0, "process_mem_util_percent": 8.0}
{"timestamp_unix": 1772442549.161279, "pid": 113948, "device_index": 0, "gpu_uuid": "GPU-6f954bfd-7081-31b7-f15c-f9a174bf4d7f", "gpu_util_percent": 25.0, "gpu_mem_util_percent": 7.0, "gpu_mem_used_mib": 39704.0, "gpu_mem_total_mib": 49140.0, "gpu_power_w": 104.16, "process_present": true, "process_mem_mib": 39214.0, "process_mem_share_percent": 79.8005698005698, "process_util_available": true, "process_util_backend": "nvml", "process_sm_util_percent": 28.0, "process_mem_util_percent": 9.0}
{"timestamp_unix": 1772442549.4551158, "pid": 113948, "device_index": 0, "gpu_uuid": "GPU-6f954bfd-7081-31b7-f15c-f9a174bf4d7f", "gpu_util_percent": 25.0, "gpu_mem_util_percent": 7.0, "gpu_mem_used_mib": 39704.0, "gpu_mem_total_mib": 49140.0, "gpu_power_w": 104.09, "process_present": true, "process_mem_mib": 39214.0, "process_mem_share_percent": 79.8005698005698, "process_util_available": true, "process_util_backend": "nvml", "process_sm_util_percent": 28.0, "process_mem_util_percent": 10.0}
{"timestamp_unix": 1772442549.7466056, "pid": 113948, "device_index": 0, "gpu_uuid": "GPU-6f954bfd-7081-31b7-f15c-f9a174bf4d7f", "gpu_util_percent": 25.0, "gpu_mem_util_percent": 7.0, "gpu_mem_used_mib": 39704.0, "gpu_mem_total_mib": 49140.0, "gpu_power_w": 104.09, "process_present": true, "process_mem_mib": 39214.0, "process_mem_share_percent": 79.8005698005698, "process_util_available": true, "process_util_backend": "nvml", "process_sm_util_percent": 28.0, "process_mem_util_percent": 8.0}
{"timestamp_unix": 1772442550.0392878, "pid": 113948, "device_index": 0, "gpu_uuid": "GPU-6f954bfd-7081-31b7-f15c-f9a174bf4d7f", "gpu_util_percent": 27.0, "gpu_mem_util_percent": 8.0, "gpu_mem_used_mib": 39704.0, "gpu_mem_total_mib": 49140.0, "gpu_power_w": 103.86, "process_present": true, "process_mem_mib": 39214.0, "process_mem_share_percent": 79.8005698005698, "process_util_available": true, "process_util_backend": "nvml", "process_sm_util_percent": 26.0, "process_mem_util_percent": 6.0}
{"timestamp_unix": 1772442550.3479571, "pid": 113948, "device_index": 0, "gpu_uuid": "GPU-6f954bfd-7081-31b7-f15c-f9a174bf4d7f", "gpu_util_percent": 27.0, "gpu_mem_util_percent": 8.0, "gpu_mem_used_mib": 39704.0, "gpu_mem_total_mib": 49140.0, "gpu_power_w": 102.54, "process_present": true, "process_mem_mib": 39214.0, "process_mem_share_percent": 79.8005698005698, "process_util_available": true, "process_util_backend": "nvml", "process_sm_util_percent": 26.0, "process_mem_util_percent": 6.0}
{"timestamp_unix": 1772442550.6531122, "pid": 113948, "device_index": 0, "gpu_uuid": "GPU-6f954bfd-7081-31b7-f15c-f9a174bf4d7f", "gpu_util_percent": 27.0, "gpu_mem_util_percent": 8.0, "gpu_mem_used_mib": 39704.0, "gpu_mem_total_mib": 49140.0, "gpu_power_w": 102.54, "process_present": true, "process_mem_mib": 39214.0, "process_mem_share_percent": 79.8005698005698, "process_util_available": true, "process_util_backend": "nvml", "process_sm_util_percent": 26.0, "process_mem_util_percent": 6.0}
{"timestamp_unix": 1772442550.9490478, "pid": 113948, "device_index": 0, "gpu_uuid": "GPU-6f954bfd-7081-31b7-f15c-f9a174bf4d7f", "gpu_util_percent": 27.0, "gpu_mem_util_percent": 6.0, "gpu_mem_used_mib": 39704.0, "gpu_mem_total_mib": 49140.0, "gpu_power_w": 100.45, "process_present": true, "process_mem_mib": 39214.0, "process_mem_share_percent": 79.8005698005698, "process_util_available": true, "process_util_backend": "nvml", "process_sm_util_percent": 28.0, "process_mem_util_percent": 6.0}
{"timestamp_unix": 1772442551.2422194, "pid": 113948, "device_index": 0, "gpu_uuid": "GPU-6f954bfd-7081-31b7-f15c-f9a174bf4d7f", "gpu_util_percent": 27.0, "gpu_mem_util_percent": 6.0, "gpu_mem_used_mib": 39704.0, "gpu_mem_total_mib": 49140.0, "gpu_power_w": 100.45, "process_present": true, "process_mem_mib": 39214.0, "process_mem_share_percent": 79.8005698005698, "process_util_available": true, "process_util_backend": "nvml", "process_sm_util_percent": 23.0, "process_mem_util_percent": 4.0}
{"timestamp_unix": 1772442551.5358453, "pid": 113948, "device_index": 0, "gpu_uuid": "GPU-6f954bfd-7081-31b7-f15c-f9a174bf4d7f", "gpu_util_percent": 27.0, "gpu_mem_util_percent": 6.0, "gpu_mem_used_mib": 39704.0, "gpu_mem_total_mib": 49140.0, "gpu_power_w": 98.97, "process_present": true, "process_mem_mib": 39214.0, "process_mem_share_percent": 79.8005698005698, "process_util_available": true, "process_util_backend": "nvml", "process_sm_util_percent": 27.0, "process_mem_util_percent": 6.0}
{"timestamp_unix": 1772442551.831052, "pid": 113948, "device_index": 0, "gpu_uuid": "GPU-6f954bfd-7081-31b7-f15c-f9a174bf4d7f", "gpu_util_percent": 30.0, "gpu_mem_util_percent": 8.0, "gpu_mem_used_mib": 39704.0, "gpu_mem_total_mib": 49140.0, "gpu_power_w": 99.47, "process_present": true, "process_mem_mib": 39214.0, "process_mem_share_percent": 79.8005698005698, "process_util_available": true, "process_util_backend": "nvml", "process_sm_util_percent": 28.0, "process_mem_util_percent": 7.0}
{"timestamp_unix": 1772442552.124204, "pid": 113948, "device_index": 0, "gpu_uuid": "GPU-6f954bfd-7081-31b7-f15c-f9a174bf4d7f", "gpu_util_percent": 30.0, "gpu_mem_util_percent": 8.0, "gpu_mem_used_mib": 39704.0, "gpu_mem_total_mib": 49140.0, "gpu_power_w": 99.47, "process_present": true, "process_mem_mib": 39214.0, "process_mem_share_percent": 79.8005698005698, "process_util_available": true, "process_util_backend": "nvml", "process_sm_util_percent": 28.0, "process_mem_util_percent": 7.0}
{"timestamp_unix": 1772442552.419484, "pid": 113948, "device_index": 0, "gpu_uuid": "GPU-6f954bfd-7081-31b7-f15c-f9a174bf4d7f", "gpu_util_percent": 30.0, "gpu_mem_util_percent": 8.0, "gpu_mem_used_mib": 39704.0, "gpu_mem_total_mib": 49140.0, "gpu_power_w": 101.53, "process_present": true, "process_mem_mib": 39214.0, "process_mem_share_percent": 79.8005698005698, "process_util_available": true, "process_util_backend": "nvml", "process_sm_util_percent": 28.0, "process_mem_util_percent": 7.0}
{"timestamp_unix": 1772442552.7144215, "pid": 113948, "device_index": 0, "gpu_uuid": "GPU-6f954bfd-7081-31b7-f15c-f9a174bf4d7f", "gpu_util_percent": 30.0, "gpu_mem_util_percent": 8.0, "gpu_mem_used_mib": 39704.0, "gpu_mem_total_mib": 49140.0, "gpu_power_w": 101.53, "process_present": true, "process_mem_mib": 39214.0, "process_mem_share_percent": 79.8005698005698, "process_util_available": true, "process_util_backend": "nvml", "process_sm_util_percent": 29.0, "process_mem_util_percent": 7.0}
{"timestamp_unix": 1772442553.0189998, "pid": 113948, "device_index": 0, "gpu_uuid": "GPU-6f954bfd-7081-31b7-f15c-f9a174bf4d7f", "gpu_util_percent": 29.0, "gpu_mem_util_percent": 8.0, "gpu_mem_used_mib": 39704.0, "gpu_mem_total_mib": 49140.0, "gpu_power_w": 102.85, "process_present": true, "process_mem_mib": 39214.0, "process_mem_share_percent": 79.8005698005698, "process_util_available": true, "process_util_backend": "nvml", "process_sm_util_percent": 28.0, "process_mem_util_percent": 7.0}
{"timestamp_unix": 1772442553.346154, "pid": 113948, "device_index": 0, "gpu_uuid": "GPU-6f954bfd-7081-31b7-f15c-f9a174bf4d7f", "gpu_util_percent": 29.0, "gpu_mem_util_percent": 8.0, "gpu_mem_used_mib": 39704.0, "gpu_mem_total_mib": 49140.0, "gpu_power_w": 103.05, "process_present": true, "process_mem_mib": 39214.0, "process_mem_share_percent": 79.8005698005698, "process_util_available": true, "process_util_backend": "nvml", "process_sm_util_percent": 28.0, "process_mem_util_percent": 7.0}
{"timestamp_unix": 1772442553.6509871, "pid": 113948, "device_index": 0, "gpu_uuid": "GPU-6f954bfd-7081-31b7-f15c-f9a174bf4d7f", "gpu_util_percent": 29.0, "gpu_mem_util_percent": 8.0, "gpu_mem_used_mib": 39704.0, "gpu_mem_total_mib": 49140.0, "gpu_power_w": 103.05, "process_present": true, "process_mem_mib": 39214.0, "process_mem_share_percent": 79.8005698005698, "process_util_available": true, "process_util_backend": "nvml", "process_sm_util_percent": null, "process_mem_util_percent": null}
{"timestamp_unix": 1772442553.9430246, "pid": 113948, "device_index": 0, "gpu_uuid": "GPU-6f954bfd-7081-31b7-f15c-f9a174bf4d7f", "gpu_util_percent": 30.0, "gpu_mem_util_percent": 8.0, "gpu_mem_used_mib": 39704.0, "gpu_mem_total_mib": 49140.0, "gpu_power_w": 103.21, "process_present": true, "process_mem_mib": 39214.0, "process_mem_share_percent": 79.8005698005698, "process_util_available": true, "process_util_backend": "nvml", "process_sm_util_percent": 14.0, "process_mem_util_percent": 4.0}
{"timestamp_unix": 1772442554.2358046, "pid": 113948, "device_index": 0, "gpu_uuid": "GPU-6f954bfd-7081-31b7-f15c-f9a174bf4d7f", "gpu_util_percent": 30.0, "gpu_mem_util_percent": 8.0, "gpu_mem_used_mib": 39780.0, "gpu_mem_total_mib": 49140.0, "gpu_power_w": 103.21, "process_present": true, "process_mem_mib": 39442.0, "process_mem_share_percent": 80.26455026455027, "process_util_available": true, "process_util_backend": "nvml", "process_sm_util_percent": null, "process_mem_util_percent": null}
{"timestamp_unix": 1772442554.525949, "pid": 113948, "device_index": 0, "gpu_uuid": "GPU-6f954bfd-7081-31b7-f15c-f9a174bf4d7f", "gpu_util_percent": 30.0, "gpu_mem_util_percent": 8.0, "gpu_mem_used_mib": 40540.0, "gpu_mem_total_mib": 49140.0, "gpu_power_w": 104.06, "process_present": true, "process_mem_mib": 40164.0, "process_mem_share_percent": 81.73382173382173, "process_util_available": true, "process_util_backend": "nvml", "process_sm_util_percent": null, "process_mem_util_percent": null}
{"timestamp_unix": 1772442554.8244731, "pid": 113948, "device_index": 0, "gpu_uuid": "GPU-6f954bfd-7081-31b7-f15c-f9a174bf4d7f", "gpu_util_percent": 30.0, "gpu_mem_util_percent": 9.0, "gpu_mem_used_mib": 41300.0, "gpu_mem_total_mib": 49140.0, "gpu_power_w": 104.06, "process_present": true, "process_mem_mib": 40962.0, "process_mem_share_percent": 83.35775335775337, "process_util_available": true, "process_util_backend": "nvml", "process_sm_util_percent": 28.0, "process_mem_util_percent": 8.0}
{"timestamp_unix": 1772442555.1172173, "pid": 113948, "device_index": 0, "gpu_uuid": "GPU-6f954bfd-7081-31b7-f15c-f9a174bf4d7f", "gpu_util_percent": 30.0, "gpu_mem_util_percent": 9.0, "gpu_mem_used_mib": 41537.0, "gpu_mem_total_mib": 49140.0, "gpu_power_w": 104.06, "process_present": true, "process_mem_mib": 41038.0, "process_mem_share_percent": 83.5124135124135, "process_util_available": true, "process_util_backend": "nvml", "process_sm_util_percent": null, "process_mem_util_percent": null}
{"timestamp_unix": 1772442555.4092546, "pid": 113948, "device_index": 0, "gpu_uuid": "GPU-6f954bfd-7081-31b7-f15c-f9a174bf4d7f", "gpu_util_percent": 30.0, "gpu_mem_util_percent": 9.0, "gpu_mem_used_mib": 42227.0, "gpu_mem_total_mib": 49140.0, "gpu_power_w": 98.15, "process_present": true, "process_mem_mib": 41728.0, "process_mem_share_percent": 84.91656491656492, "process_util_available": true, "process_util_backend": "nvml", "process_sm_util_percent": 24.0, "process_mem_util_percent": 7.0}
{"timestamp_unix": 1772442555.7146997, "pid": 113948, "device_index": 0, "gpu_uuid": "GPU-6f954bfd-7081-31b7-f15c-f9a174bf4d7f", "gpu_util_percent": 30.0, "gpu_mem_util_percent": 9.0, "gpu_mem_used_mib": 42227.0, "gpu_mem_total_mib": 49140.0, "gpu_power_w": 98.15, "process_present": true, "process_mem_mib": 41728.0, "process_mem_share_percent": 84.91656491656492, "process_util_available": true, "process_util_backend": "nvml", "process_sm_util_percent": 36.0, "process_mem_util_percent": 15.0}
{"timestamp_unix": 1772442556.0192459, "pid": 113948, "device_index": 0, "gpu_uuid": "GPU-6f954bfd-7081-31b7-f15c-f9a174bf4d7f", "gpu_util_percent": 36.0, "gpu_mem_util_percent": 15.0, "gpu_mem_used_mib": 42223.0, "gpu_mem_total_mib": 49140.0, "gpu_power_w": 101.97, "process_present": true, "process_mem_mib": 41728.0, "process_mem_share_percent": 84.91656491656492, "process_util_available": true, "process_util_backend": "nvml", "process_sm_util_percent": 35.0, "process_mem_util_percent": 15.0}
{"timestamp_unix": 1772442556.3284965, "pid": 113948, "device_index": 0, "gpu_uuid": "GPU-6f954bfd-7081-31b7-f15c-f9a174bf4d7f", "gpu_util_percent": 36.0, "gpu_mem_util_percent": 15.0, "gpu_mem_used_mib": 42224.0, "gpu_mem_total_mib": 49140.0, "gpu_power_w": 110.34, "process_present": true, "process_mem_mib": 41728.0, "process_mem_share_percent": 84.91656491656492, "process_util_available": true, "process_util_backend": "nvml", "process_sm_util_percent": 36.0, "process_mem_util_percent": 14.0}
{"timestamp_unix": 1772442556.6224403, "pid": 113948, "device_index": 0, "gpu_uuid": "GPU-6f954bfd-7081-31b7-f15c-f9a174bf4d7f", "gpu_util_percent": 36.0, "gpu_mem_util_percent": 15.0, "gpu_mem_used_mib": 42224.0, "gpu_mem_total_mib": 49140.0, "gpu_power_w": 110.34, "process_present": true, "process_mem_mib": 41728.0, "process_mem_share_percent": 84.91656491656492, "process_util_available": true, "process_util_backend": "nvml", "process_sm_util_percent": 35.0, "process_mem_util_percent": 15.0}
{"timestamp_unix": 1772442556.9134247, "pid": 113948, "device_index": 0, "gpu_uuid": "GPU-6f954bfd-7081-31b7-f15c-f9a174bf4d7f", "gpu_util_percent": 36.0, "gpu_mem_util_percent": 15.0, "gpu_mem_used_mib": 42224.0, "gpu_mem_total_mib": 49140.0, "gpu_power_w": 112.89, "process_present": true, "process_mem_mib": 41728.0, "process_mem_share_percent": 84.91656491656492, "process_util_available": true, "process_util_backend": "nvml", "process_sm_util_percent": 34.0, "process_mem_util_percent": 14.0}
{"timestamp_unix": 1772442557.206763, "pid": 113948, "device_index": 0, "gpu_uuid": "GPU-6f954bfd-7081-31b7-f15c-f9a174bf4d7f", "gpu_util_percent": 36.0, "gpu_mem_util_percent": 15.0, "gpu_mem_used_mib": 42224.0, "gpu_mem_total_mib": 49140.0, "gpu_power_w": 112.89, "process_present": true, "process_mem_mib": 41728.0, "process_mem_share_percent": 84.91656491656492, "process_util_available": true, "process_util_backend": "nvml", "process_sm_util_percent": 36.0, "process_mem_util_percent": 14.0}
{"timestamp_unix": 1772442557.5004146, "pid": 113948, "device_index": 0, "gpu_uuid": "GPU-6f954bfd-7081-31b7-f15c-f9a174bf4d7f", "gpu_util_percent": 36.0, "gpu_mem_util_percent": 15.0, "gpu_mem_used_mib": 42224.0, "gpu_mem_total_mib": 49140.0, "gpu_power_w": 112.23, "process_present": true, "process_mem_mib": 41728.0, "process_mem_share_percent": 84.91656491656492, "process_util_available": true, "process_util_backend": "nvml", "process_sm_util_percent": 34.0, "process_mem_util_percent": 13.0}
{"timestamp_unix": 1772442557.792817, "pid": 113948, "device_index": 0, "gpu_uuid": "GPU-6f954bfd-7081-31b7-f15c-f9a174bf4d7f", "gpu_util_percent": 36.0, "gpu_mem_util_percent": 15.0, "gpu_mem_used_mib": 42224.0, "gpu_mem_total_mib": 49140.0, "gpu_power_w": 111.47, "process_present": true, "process_mem_mib": 41728.0, "process_mem_share_percent": 84.91656491656492, "process_util_available": true, "process_util_backend": "nvml", "process_sm_util_percent": 34.0, "process_mem_util_percent": 14.0}
{"timestamp_unix": 1772442558.0859437, "pid": 113948, "device_index": 0, "gpu_uuid": "GPU-6f954bfd-7081-31b7-f15c-f9a174bf4d7f", "gpu_util_percent": 36.0, "gpu_mem_util_percent": 15.0, "gpu_mem_used_mib": 42224.0, "gpu_mem_total_mib": 49140.0, "gpu_power_w": 111.47, "process_present": true, "process_mem_mib": 41728.0, "process_mem_share_percent": 84.91656491656492, "process_util_available": true, "process_util_backend": "nvml", "process_sm_util_percent": 34.0, "process_mem_util_percent": 13.0}
{"timestamp_unix": 1772442558.3862293, "pid": 113948, "device_index": 0, "gpu_uuid": "GPU-6f954bfd-7081-31b7-f15c-f9a174bf4d7f", "gpu_util_percent": 36.0, "gpu_mem_util_percent": 15.0, "gpu_mem_used_mib": 42224.0, "gpu_mem_total_mib": 49140.0, "gpu_power_w": 110.95, "process_present": true, "process_mem_mib": 41728.0, "process_mem_share_percent": 84.91656491656492, "process_util_available": true, "process_util_backend": "nvml", "process_sm_util_percent": 34.0, "process_mem_util_percent": 14.0}
{"timestamp_unix": 1772442558.6837437, "pid": 113948, "device_index": 0, "gpu_uuid": "GPU-6f954bfd-7081-31b7-f15c-f9a174bf4d7f", "gpu_util_percent": 36.0, "gpu_mem_util_percent": 15.0, "gpu_mem_used_mib": 42224.0, "gpu_mem_total_mib": 49140.0, "gpu_power_w": 110.95, "process_present": true, "process_mem_mib": 41728.0, "process_mem_share_percent": 84.91656491656492, "process_util_available": true, "process_util_backend": "nvml", "process_sm_util_percent": 16.0, "process_mem_util_percent": 5.0}
{"timestamp_unix": 1772442558.991026, "pid": 113948, "device_index": 0, "gpu_uuid": "GPU-6f954bfd-7081-31b7-f15c-f9a174bf4d7f", "gpu_util_percent": 31.0, "gpu_mem_util_percent": 9.0, "gpu_mem_used_mib": 42224.0, "gpu_mem_total_mib": 49140.0, "gpu_power_w": 110.14, "process_present": true, "process_mem_mib": 41728.0, "process_mem_share_percent": 84.91656491656492, "process_util_available": true, "process_util_backend": "nvml", "process_sm_util_percent": 30.0, "process_mem_util_percent": 8.0}
{"timestamp_unix": 1772442559.2849689, "pid": 113948, "device_index": 0, "gpu_uuid": "GPU-6f954bfd-7081-31b7-f15c-f9a174bf4d7f", "gpu_util_percent": 31.0, "gpu_mem_util_percent": 9.0, "gpu_mem_used_mib": 42224.0, "gpu_mem_total_mib": 49140.0, "gpu_power_w": 106.81, "process_present": true, "process_mem_mib": 41728.0, "process_mem_share_percent": 84.91656491656492, "process_util_available": true, "process_util_backend": "nvml", "process_sm_util_percent": 29.0, "process_mem_util_percent": 7.0}
{"timestamp_unix": 1772442559.5747502, "pid": 113948, "device_index": 0, "gpu_uuid": "GPU-6f954bfd-7081-31b7-f15c-f9a174bf4d7f", "gpu_util_percent": 31.0, "gpu_mem_util_percent": 9.0, "gpu_mem_used_mib": 42224.0, "gpu_mem_total_mib": 49140.0, "gpu_power_w": 106.81, "process_present": true, "process_mem_mib": 41728.0, "process_mem_share_percent": 84.91656491656492, "process_util_available": true, "process_util_backend": "nvml", "process_sm_util_percent": 30.0, "process_mem_util_percent": 8.0}
{"timestamp_unix": 1772442559.8691232, "pid": 113948, "device_index": 0, "gpu_uuid": "GPU-6f954bfd-7081-31b7-f15c-f9a174bf4d7f", "gpu_util_percent": 31.0, "gpu_mem_util_percent": 8.0, "gpu_mem_used_mib": 42224.0, "gpu_mem_total_mib": 49140.0, "gpu_power_w": 103.58, "process_present": true, "process_mem_mib": 41728.0, "process_mem_share_percent": 84.91656491656492, "process_util_available": true, "process_util_backend": "nvml", "process_sm_util_percent": 29.0, "process_mem_util_percent": 7.0}
{"timestamp_unix": 1772442560.15949, "pid": 113948, "device_index": 0, "gpu_uuid": "GPU-6f954bfd-7081-31b7-f15c-f9a174bf4d7f", "gpu_util_percent": 31.0, "gpu_mem_util_percent": 8.0, "gpu_mem_used_mib": 42222.0, "gpu_mem_total_mib": 49140.0, "gpu_power_w": 103.58, "process_present": true, "process_mem_mib": 41728.0, "process_mem_share_percent": 84.91656491656492, "process_util_available": true, "process_util_backend": "nvml", "process_sm_util_percent": 29.0, "process_mem_util_percent": 7.0}
{"timestamp_unix": 1772442560.4521616, "pid": 113948, "device_index": 0, "gpu_uuid": "GPU-6f954bfd-7081-31b7-f15c-f9a174bf4d7f", "gpu_util_percent": 31.0, "gpu_mem_util_percent": 8.0, "gpu_mem_used_mib": 42222.0, "gpu_mem_total_mib": 49140.0, "gpu_power_w": 103.29, "process_present": true, "process_mem_mib": 41728.0, "process_mem_share_percent": 84.91656491656492, "process_util_available": true, "process_util_backend": "nvml", "process_sm_util_percent": 28.0, "process_mem_util_percent": 7.0}
{"timestamp_unix": 1772442560.7431042, "pid": 113948, "device_index": 0, "gpu_uuid": "GPU-6f954bfd-7081-31b7-f15c-f9a174bf4d7f", "gpu_util_percent": 31.0, "gpu_mem_util_percent": 8.0, "gpu_mem_used_mib": 42222.0, "gpu_mem_total_mib": 49140.0, "gpu_power_w": 103.29, "process_present": true, "process_mem_mib": 41728.0, "process_mem_share_percent": 84.91656491656492, "process_util_available": true, "process_util_backend": "nvml", "process_sm_util_percent": 14.0, "process_mem_util_percent": 3.0}
{"timestamp_unix": 1772442561.0478997, "pid": 113948, "device_index": 0, "gpu_uuid": "GPU-6f954bfd-7081-31b7-f15c-f9a174bf4d7f", "gpu_util_percent": 23.0, "gpu_mem_util_percent": 5.0, "gpu_mem_used_mib": 42227.0, "gpu_mem_total_mib": 49140.0, "gpu_power_w": 102.38, "process_present": true, "process_mem_mib": 41728.0, "process_mem_share_percent": 84.91656491656492, "process_util_available": true, "process_util_backend": "nvml", "process_sm_util_percent": 20.0, "process_mem_util_percent": 4.0}
{"timestamp_unix": 1772442561.3515584, "pid": 113948, "device_index": 0, "gpu_uuid": "GPU-6f954bfd-7081-31b7-f15c-f9a174bf4d7f", "gpu_util_percent": 23.0, "gpu_mem_util_percent": 5.0, "gpu_mem_used_mib": 42227.0, "gpu_mem_total_mib": 49140.0, "gpu_power_w": 101.41, "process_present": true, "process_mem_mib": 41728.0, "process_mem_share_percent": 84.91656491656492, "process_util_available": true, "process_util_backend": "nvml", "process_sm_util_percent": 26.0, "process_mem_util_percent": 8.0}
{"timestamp_unix": 1772442561.65166, "pid": 113948, "device_index": 0, "gpu_uuid": "GPU-6f954bfd-7081-31b7-f15c-f9a174bf4d7f", "gpu_util_percent": 23.0, "gpu_mem_util_percent": 5.0, "gpu_mem_used_mib": 42227.0, "gpu_mem_total_mib": 49140.0, "gpu_power_w": 101.41, "process_present": true, "process_mem_mib": 41728.0, "process_mem_share_percent": 84.91656491656492, "process_util_available": true, "process_util_backend": "nvml", "process_sm_util_percent": 25.0, "process_mem_util_percent": 8.0}
{"timestamp_unix": 1772442561.9427123, "pid": 113948, "device_index": 0, "gpu_uuid": "GPU-6f954bfd-7081-31b7-f15c-f9a174bf4d7f", "gpu_util_percent": 27.0, "gpu_mem_util_percent": 8.0, "gpu_mem_used_mib": 42227.0, "gpu_mem_total_mib": 49140.0, "gpu_power_w": 102.65, "process_present": true, "process_mem_mib": 41728.0, "process_mem_share_percent": 84.91656491656492, "process_util_available": true, "process_util_backend": "nvml", "process_sm_util_percent": 26.0, "process_mem_util_percent": 8.0}
{"timestamp_unix": 1772442562.2366815, "pid": 113948, "device_index": 0, "gpu_uuid": "GPU-6f954bfd-7081-31b7-f15c-f9a174bf4d7f", "gpu_util_percent": 27.0, "gpu_mem_util_percent": 8.0, "gpu_mem_used_mib": 42227.0, "gpu_mem_total_mib": 49140.0, "gpu_power_w": 102.65, "process_present": true, "process_mem_mib": 41728.0, "process_mem_share_percent": 84.91656491656492, "process_util_available": true, "process_util_backend": "nvml", "process_sm_util_percent": 28.0, "process_mem_util_percent": 8.0}
{"timestamp_unix": 1772442562.528426, "pid": 113948, "device_index": 0, "gpu_uuid": "GPU-6f954bfd-7081-31b7-f15c-f9a174bf4d7f", "gpu_util_percent": 27.0, "gpu_mem_util_percent": 8.0, "gpu_mem_used_mib": 42228.0, "gpu_mem_total_mib": 49140.0, "gpu_power_w": 105.49, "process_present": true, "process_mem_mib": 41728.0, "process_mem_share_percent": 84.91656491656492, "process_util_available": true, "process_util_backend": "nvml", "process_sm_util_percent": 28.0, "process_mem_util_percent": 8.0}
{"timestamp_unix": 1772442562.8278732, "pid": 113948, "device_index": 0, "gpu_uuid": "GPU-6f954bfd-7081-31b7-f15c-f9a174bf4d7f", "gpu_util_percent": 31.0, "gpu_mem_util_percent": 10.0, "gpu_mem_used_mib": 42228.0, "gpu_mem_total_mib": 49140.0, "gpu_power_w": 105.85, "process_present": true, "process_mem_mib": 41728.0, "process_mem_share_percent": 84.91656491656492, "process_util_available": true, "process_util_backend": "nvml", "process_sm_util_percent": 29.0, "process_mem_util_percent": 9.0}
{"timestamp_unix": 1772442563.1190233, "pid": 113948, "device_index": 0, "gpu_uuid": "GPU-6f954bfd-7081-31b7-f15c-f9a174bf4d7f", "gpu_util_percent": 31.0, "gpu_mem_util_percent": 10.0, "gpu_mem_used_mib": 42228.0, "gpu_mem_total_mib": 49140.0, "gpu_power_w": 105.85, "process_present": true, "process_mem_mib": 41728.0, "process_mem_share_percent": 84.91656491656492, "process_util_available": true, "process_util_backend": "nvml", "process_sm_util_percent": 29.0, "process_mem_util_percent": 9.0}
{"timestamp_unix": 1772442563.4092073, "pid": 113948, "device_index": 0, "gpu_uuid": "GPU-6f954bfd-7081-31b7-f15c-f9a174bf4d7f", "gpu_util_percent": 31.0, "gpu_mem_util_percent": 10.0, "gpu_mem_used_mib": 42228.0, "gpu_mem_total_mib": 49140.0, "gpu_power_w": 106.4, "process_present": true, "process_mem_mib": 41728.0, "process_mem_share_percent": 84.91656491656492, "process_util_available": true, "process_util_backend": "nvml", "process_sm_util_percent": 29.0, "process_mem_util_percent": 9.0}
{"timestamp_unix": 1772442563.7150369, "pid": 113948, "device_index": 0, "gpu_uuid": "GPU-6f954bfd-7081-31b7-f15c-f9a174bf4d7f", "gpu_util_percent": 31.0, "gpu_mem_util_percent": 10.0, "gpu_mem_used_mib": 42228.0, "gpu_mem_total_mib": 49140.0, "gpu_power_w": 106.4, "process_present": true, "process_mem_mib": 41728.0, "process_mem_share_percent": 84.91656491656492, "process_util_available": true, "process_util_backend": "nvml", "process_sm_util_percent": 29.0, "process_mem_util_percent": 9.0}
{"timestamp_unix": 1772442564.0212452, "pid": 113948, "device_index": 0, "gpu_uuid": "GPU-6f954bfd-7081-31b7-f15c-f9a174bf4d7f", "gpu_util_percent": 29.0, "gpu_mem_util_percent": 9.0, "gpu_mem_used_mib": 42228.0, "gpu_mem_total_mib": 49140.0, "gpu_power_w": 106.55, "process_present": true, "process_mem_mib": 41728.0, "process_mem_share_percent": 84.91656491656492, "process_util_available": true, "process_util_backend": "nvml", "process_sm_util_percent": 29.0, "process_mem_util_percent": 9.0}
{"timestamp_unix": 1772442564.3283854, "pid": 113948, "device_index": 0, "gpu_uuid": "GPU-6f954bfd-7081-31b7-f15c-f9a174bf4d7f", "gpu_util_percent": 29.0, "gpu_mem_util_percent": 9.0, "gpu_mem_used_mib": 43148.0, "gpu_mem_total_mib": 49140.0, "gpu_power_w": 106.93, "process_present": true, "process_mem_mib": 42648.0, "process_mem_share_percent": 86.7887667887668, "process_util_available": true, "process_util_backend": "nvml", "process_sm_util_percent": 30.0, "process_mem_util_percent": 9.0}
{"timestamp_unix": 1772442564.6414385, "pid": 113948, "device_index": 0, "gpu_uuid": "GPU-6f954bfd-7081-31b7-f15c-f9a174bf4d7f", "gpu_util_percent": 29.0, "gpu_mem_util_percent": 9.0, "gpu_mem_used_mib": 43224.0, "gpu_mem_total_mib": 49140.0, "gpu_power_w": 106.93, "process_present": true, "process_mem_mib": 42724.0, "process_mem_share_percent": 86.94342694342694, "process_util_available": true, "process_util_backend": "nvml", "process_sm_util_percent": 28.0, "process_mem_util_percent": 9.0}
{"timestamp_unix": 1772442564.9357698, "pid": 113948, "device_index": 0, "gpu_uuid": "GPU-6f954bfd-7081-31b7-f15c-f9a174bf4d7f", "gpu_util_percent": 15.0, "gpu_mem_util_percent": 1.0, "gpu_mem_used_mib": 44264.0, "gpu_mem_total_mib": 49140.0, "gpu_power_w": 104.52, "process_present": true, "process_mem_mib": 43764.0, "process_mem_share_percent": 89.05982905982906, "process_util_available": true, "process_util_backend": "nvml", "process_sm_util_percent": 10.0, "process_mem_util_percent": 1.0}
{"timestamp_unix": 1772442565.2278535, "pid": 113948, "device_index": 0, "gpu_uuid": "GPU-6f954bfd-7081-31b7-f15c-f9a174bf4d7f", "gpu_util_percent": 15.0, "gpu_mem_util_percent": 1.0, "gpu_mem_used_mib": 44264.0, "gpu_mem_total_mib": 49140.0, "gpu_power_w": 104.52, "process_present": true, "process_mem_mib": 43764.0, "process_mem_share_percent": 89.05982905982906, "process_util_available": true, "process_util_backend": "nvml", "process_sm_util_percent": 37.0, "process_mem_util_percent": 19.0}
{"timestamp_unix": 1772442565.5190656, "pid": 113948, "device_index": 0, "gpu_uuid": "GPU-6f954bfd-7081-31b7-f15c-f9a174bf4d7f", "gpu_util_percent": 15.0, "gpu_mem_util_percent": 1.0, "gpu_mem_used_mib": 44264.0, "gpu_mem_total_mib": 49140.0, "gpu_power_w": 104.79, "process_present": true, "process_mem_mib": 43764.0, "process_mem_share_percent": 89.05982905982906, "process_util_available": true, "process_util_backend": "nvml", "process_sm_util_percent": 37.0, "process_mem_util_percent": 18.0}
{"timestamp_unix": 1772442565.8137095, "pid": 113948, "device_index": 0, "gpu_uuid": "GPU-6f954bfd-7081-31b7-f15c-f9a174bf4d7f", "gpu_util_percent": 36.0, "gpu_mem_util_percent": 17.0, "gpu_mem_used_mib": 44263.0, "gpu_mem_total_mib": 49140.0, "gpu_power_w": 110.28, "process_present": true, "process_mem_mib": 43764.0, "process_mem_share_percent": 89.05982905982906, "process_util_available": true, "process_util_backend": "nvml", "process_sm_util_percent": 35.0, "process_mem_util_percent": 17.0}
{"timestamp_unix": 1772442566.1067023, "pid": 113948, "device_index": 0, "gpu_uuid": "GPU-6f954bfd-7081-31b7-f15c-f9a174bf4d7f", "gpu_util_percent": 36.0, "gpu_mem_util_percent": 17.0, "gpu_mem_used_mib": 44259.0, "gpu_mem_total_mib": 49140.0, "gpu_power_w": 110.28, "process_present": true, "process_mem_mib": 43764.0, "process_mem_share_percent": 89.05982905982906, "process_util_available": true, "process_util_backend": "nvml", "process_sm_util_percent": 36.0, "process_mem_util_percent": 17.0}
{"timestamp_unix": 1772442566.4041262, "pid": 113948, "device_index": 0, "gpu_uuid": "GPU-6f954bfd-7081-31b7-f15c-f9a174bf4d7f", "gpu_util_percent": 36.0, "gpu_mem_util_percent": 17.0, "gpu_mem_used_mib": 44259.0, "gpu_mem_total_mib": 49140.0, "gpu_power_w": 117.27, "process_present": true, "process_mem_mib": 43764.0, "process_mem_share_percent": 89.05982905982906, "process_util_available": true, "process_util_backend": "nvml", "process_sm_util_percent": 36.0, "process_mem_util_percent": 17.0}
{"timestamp_unix": 1772442566.706046, "pid": 113948, "device_index": 0, "gpu_uuid": "GPU-6f954bfd-7081-31b7-f15c-f9a174bf4d7f", "gpu_util_percent": 36.0, "gpu_mem_util_percent": 17.0, "gpu_mem_used_mib": 44259.0, "gpu_mem_total_mib": 49140.0, "gpu_power_w": 117.27, "process_present": true, "process_mem_mib": 43764.0, "process_mem_share_percent": 89.05982905982906, "process_util_available": true, "process_util_backend": "nvml", "process_sm_util_percent": 36.0, "process_mem_util_percent": 17.0}
{"timestamp_unix": 1772442567.012737, "pid": 113948, "device_index": 0, "gpu_uuid": "GPU-6f954bfd-7081-31b7-f15c-f9a174bf4d7f", "gpu_util_percent": 36.0, "gpu_mem_util_percent": 18.0, "gpu_mem_used_mib": 44259.0, "gpu_mem_total_mib": 49140.0, "gpu_power_w": 116.47, "process_present": true, "process_mem_mib": 43764.0, "process_mem_share_percent": 89.05982905982906, "process_util_available": true, "process_util_backend": "nvml", "process_sm_util_percent": 35.0, "process_mem_util_percent": 16.0}
{"timestamp_unix": 1772442567.3287902, "pid": 113948, "device_index": 0, "gpu_uuid": "GPU-6f954bfd-7081-31b7-f15c-f9a174bf4d7f", "gpu_util_percent": 36.0, "gpu_mem_util_percent": 18.0, "gpu_mem_used_mib": 44258.0, "gpu_mem_total_mib": 49140.0, "gpu_power_w": 116.01, "process_present": true, "process_mem_mib": 43764.0, "process_mem_share_percent": 89.05982905982906, "process_util_available": true, "process_util_backend": "nvml", "process_sm_util_percent": 36.0, "process_mem_util_percent": 17.0}
{"timestamp_unix": 1772442567.6227462, "pid": 113948, "device_index": 0, "gpu_uuid": "GPU-6f954bfd-7081-31b7-f15c-f9a174bf4d7f", "gpu_util_percent": 36.0, "gpu_mem_util_percent": 18.0, "gpu_mem_used_mib": 44258.0, "gpu_mem_total_mib": 49140.0, "gpu_power_w": 116.01, "process_present": true, "process_mem_mib": 43764.0, "process_mem_share_percent": 89.05982905982906, "process_util_available": true, "process_util_backend": "nvml", "process_sm_util_percent": 35.0, "process_mem_util_percent": 16.0}
{"timestamp_unix": 1772442567.9128716, "pid": 113948, "device_index": 0, "gpu_uuid": "GPU-6f954bfd-7081-31b7-f15c-f9a174bf4d7f", "gpu_util_percent": 34.0, "gpu_mem_util_percent": 15.0, "gpu_mem_used_mib": 44257.0, "gpu_mem_total_mib": 49140.0, "gpu_power_w": 115.87, "process_present": true, "process_mem_mib": 43764.0, "process_mem_share_percent": 89.05982905982906, "process_util_available": true, "process_util_backend": "nvml", "process_sm_util_percent": 35.0, "process_mem_util_percent": 16.0}
{"timestamp_unix": 1772442568.2056942, "pid": 113948, "device_index": 0, "gpu_uuid": "GPU-6f954bfd-7081-31b7-f15c-f9a174bf4d7f", "gpu_util_percent": 34.0, "gpu_mem_util_percent": 15.0, "gpu_mem_used_mib": 44257.0, "gpu_mem_total_mib": 49140.0, "gpu_power_w": 115.87, "process_present": true, "process_mem_mib": 43764.0, "process_mem_share_percent": 89.05982905982906, "process_util_available": true, "process_util_backend": "nvml", "process_sm_util_percent": 35.0, "process_mem_util_percent": 16.0}
{"timestamp_unix": 1772442568.4946744, "pid": 113948, "device_index": 0, "gpu_uuid": "GPU-6f954bfd-7081-31b7-f15c-f9a174bf4d7f", "gpu_util_percent": 34.0, "gpu_mem_util_percent": 15.0, "gpu_mem_used_mib": 44257.0, "gpu_mem_total_mib": 49140.0, "gpu_power_w": 115.75, "process_present": true, "process_mem_mib": 43764.0, "process_mem_share_percent": 89.05982905982906, "process_util_available": true, "process_util_backend": "nvml", "process_sm_util_percent": 35.0, "process_mem_util_percent": 16.0}
{"timestamp_unix": 1772442568.7928112, "pid": 113948, "device_index": 0, "gpu_uuid": "GPU-6f954bfd-7081-31b7-f15c-f9a174bf4d7f", "gpu_util_percent": 36.0, "gpu_mem_util_percent": 18.0, "gpu_mem_used_mib": 44257.0, "gpu_mem_total_mib": 49140.0, "gpu_power_w": 114.95, "process_present": true, "process_mem_mib": 43764.0, "process_mem_share_percent": 89.05982905982906, "process_util_available": true, "process_util_backend": "nvml", "process_sm_util_percent": 34.0, "process_mem_util_percent": 16.0}
{"timestamp_unix": 1772442569.0873077, "pid": 113948, "device_index": 0, "gpu_uuid": "GPU-6f954bfd-7081-31b7-f15c-f9a174bf4d7f", "gpu_util_percent": 36.0, "gpu_mem_util_percent": 18.0, "gpu_mem_used_mib": 44259.0, "gpu_mem_total_mib": 49140.0, "gpu_power_w": 114.95, "process_present": true, "process_mem_mib": 43764.0, "process_mem_share_percent": 89.05982905982906, "process_util_available": true, "process_util_backend": "nvml", "process_sm_util_percent": 36.0, "process_mem_util_percent": 15.0}
{"timestamp_unix": 1772442569.3951213, "pid": 113948, "device_index": 0, "gpu_uuid": "GPU-6f954bfd-7081-31b7-f15c-f9a174bf4d7f", "gpu_util_percent": 36.0, "gpu_mem_util_percent": 18.0, "gpu_mem_used_mib": 44259.0, "gpu_mem_total_mib": 49140.0, "gpu_power_w": 114.48, "process_present": true, "process_mem_mib": 43764.0, "process_mem_share_percent": 89.05982905982906, "process_util_available": true, "process_util_backend": "nvml", "process_sm_util_percent": 33.0, "process_mem_util_percent": 14.0}
{"timestamp_unix": 1772442569.702334, "pid": 113948, "device_index": 0, "gpu_uuid": "GPU-6f954bfd-7081-31b7-f15c-f9a174bf4d7f", "gpu_util_percent": 36.0, "gpu_mem_util_percent": 18.0, "gpu_mem_used_mib": 44259.0, "gpu_mem_total_mib": 49140.0, "gpu_power_w": 114.48, "process_present": true, "process_mem_mib": 43764.0, "process_mem_share_percent": 89.05982905982906, "process_util_available": true, "process_util_backend": "nvml", "process_sm_util_percent": 33.0, "process_mem_util_percent": 14.0}
{"timestamp_unix": 1772442569.9952025, "pid": 113948, "device_index": 0, "gpu_uuid": "GPU-6f954bfd-7081-31b7-f15c-f9a174bf4d7f", "gpu_util_percent": 32.0, "gpu_mem_util_percent": 12.0, "gpu_mem_used_mib": 44259.0, "gpu_mem_total_mib": 49140.0, "gpu_power_w": 113.72, "process_present": true, "process_mem_mib": 43764.0, "process_mem_share_percent": 89.05982905982906, "process_util_available": true, "process_util_backend": "nvml", "process_sm_util_percent": 29.0, "process_mem_util_percent": 9.0}
{"timestamp_unix": 1772442570.2906215, "pid": 113948, "device_index": 0, "gpu_uuid": "GPU-6f954bfd-7081-31b7-f15c-f9a174bf4d7f", "gpu_util_percent": 32.0, "gpu_mem_util_percent": 12.0, "gpu_mem_used_mib": 44259.0, "gpu_mem_total_mib": 49140.0, "gpu_power_w": 109.55, "process_present": true, "process_mem_mib": 43764.0, "process_mem_share_percent": 89.05982905982906, "process_util_available": true, "process_util_backend": "nvml", "process_sm_util_percent": 30.0, "process_mem_util_percent": 9.0}
{"timestamp_unix": 1772442570.5836167, "pid": 113948, "device_index": 0, "gpu_uuid": "GPU-6f954bfd-7081-31b7-f15c-f9a174bf4d7f", "gpu_util_percent": 32.0, "gpu_mem_util_percent": 12.0, "gpu_mem_used_mib": 44259.0, "gpu_mem_total_mib": 49140.0, "gpu_power_w": 109.55, "process_present": true, "process_mem_mib": 43764.0, "process_mem_share_percent": 89.05982905982906, "process_util_available": true, "process_util_backend": "nvml", "process_sm_util_percent": 18.0, "process_mem_util_percent": 4.0}
{"timestamp_unix": 1772442570.8765757, "pid": 113948, "device_index": 0, "gpu_uuid": "GPU-6f954bfd-7081-31b7-f15c-f9a174bf4d7f", "gpu_util_percent": 27.0, "gpu_mem_util_percent": 9.0, "gpu_mem_used_mib": 44259.0, "gpu_mem_total_mib": 49140.0, "gpu_power_w": 104.05, "process_present": true, "process_mem_mib": 43764.0, "process_mem_share_percent": 89.05982905982906, "process_util_available": true, "process_util_backend": "nvml", "process_sm_util_percent": 27.0, "process_mem_util_percent": 8.0}
{"timestamp_unix": 1772442571.171193, "pid": 113948, "device_index": 0, "gpu_uuid": "GPU-6f954bfd-7081-31b7-f15c-f9a174bf4d7f", "gpu_util_percent": 27.0, "gpu_mem_util_percent": 9.0, "gpu_mem_used_mib": 44259.0, "gpu_mem_total_mib": 49140.0, "gpu_power_w": 104.05, "process_present": true, "process_mem_mib": 43764.0, "process_mem_share_percent": 89.05982905982906, "process_util_available": true, "process_util_backend": "nvml", "process_sm_util_percent": 29.0, "process_mem_util_percent": 9.0}
{"timestamp_unix": 1772442571.4610434, "pid": 113948, "device_index": 0, "gpu_uuid": "GPU-6f954bfd-7081-31b7-f15c-f9a174bf4d7f", "gpu_util_percent": 27.0, "gpu_mem_util_percent": 9.0, "gpu_mem_used_mib": 45267.0, "gpu_mem_total_mib": 49140.0, "gpu_power_w": 104.07, "process_present": true, "process_mem_mib": 44772.0, "process_mem_share_percent": 91.11111111111111, "process_util_available": true, "process_util_backend": "nvml", "process_sm_util_percent": 28.0, "process_mem_util_percent": 9.0}
{"timestamp_unix": 1772442571.7679832, "pid": 113948, "device_index": 0, "gpu_uuid": "GPU-6f954bfd-7081-31b7-f15c-f9a174bf4d7f", "gpu_util_percent": 27.0, "gpu_mem_util_percent": 9.0, "gpu_mem_used_mib": 45267.0, "gpu_mem_total_mib": 49140.0, "gpu_power_w": 107.06, "process_present": true, "process_mem_mib": 44772.0, "process_mem_share_percent": 91.11111111111111, "process_util_available": true, "process_util_backend": "nvml", "process_sm_util_percent": 28.0, "process_mem_util_percent": 9.0}
{"timestamp_unix": 1772442572.0684764, "pid": 113948, "device_index": 0, "gpu_uuid": "GPU-6f954bfd-7081-31b7-f15c-f9a174bf4d7f", "gpu_util_percent": 28.0, "gpu_mem_util_percent": 10.0, "gpu_mem_used_mib": 45267.0, "gpu_mem_total_mib": 49140.0, "gpu_power_w": 107.06, "process_present": true, "process_mem_mib": 44772.0, "process_mem_share_percent": 91.11111111111111, "process_util_available": true, "process_util_backend": "nvml", "process_sm_util_percent": 28.0, "process_mem_util_percent": 9.0}
{"timestamp_unix": 1772442572.3726904, "pid": 113948, "device_index": 0, "gpu_uuid": "GPU-6f954bfd-7081-31b7-f15c-f9a174bf4d7f", "gpu_util_percent": 28.0, "gpu_mem_util_percent": 10.0, "gpu_mem_used_mib": 45267.0, "gpu_mem_total_mib": 49140.0, "gpu_power_w": 107.76, "process_present": true, "process_mem_mib": 44772.0, "process_mem_share_percent": 91.11111111111111, "process_util_available": true, "process_util_backend": "nvml", "process_sm_util_percent": 29.0, "process_mem_util_percent": 9.0}
{"timestamp_unix": 1772442572.6788483, "pid": 113948, "device_index": 0, "gpu_uuid": "GPU-6f954bfd-7081-31b7-f15c-f9a174bf4d7f", "gpu_util_percent": 28.0, "gpu_mem_util_percent": 10.0, "gpu_mem_used_mib": 45267.0, "gpu_mem_total_mib": 49140.0, "gpu_power_w": 107.76, "process_present": true, "process_mem_mib": 44772.0, "process_mem_share_percent": 91.11111111111111, "process_util_available": true, "process_util_backend": "nvml", "process_sm_util_percent": 29.0, "process_mem_util_percent": 9.0}
{"timestamp_unix": 1772442572.9737523, "pid": 113948, "device_index": 0, "gpu_uuid": "GPU-6f954bfd-7081-31b7-f15c-f9a174bf4d7f", "gpu_util_percent": 28.0, "gpu_mem_util_percent": 10.0, "gpu_mem_used_mib": 46371.0, "gpu_mem_total_mib": 49140.0, "gpu_power_w": 108.22, "process_present": true, "process_mem_mib": 45876.0, "process_mem_share_percent": 93.35775335775335, "process_util_available": true, "process_util_backend": "nvml", "process_sm_util_percent": 29.0, "process_mem_util_percent": 11.0}
{"timestamp_unix": 1772442573.2712002, "pid": 113948, "device_index": 0, "gpu_uuid": "GPU-6f954bfd-7081-31b7-f15c-f9a174bf4d7f", "gpu_util_percent": 28.0, "gpu_mem_util_percent": 10.0, "gpu_mem_used_mib": 46371.0, "gpu_mem_total_mib": 49140.0, "gpu_power_w": 108.99, "process_present": true, "process_mem_mib": 45876.0, "process_mem_share_percent": 93.35775335775335, "process_util_available": true, "process_util_backend": "nvml", "process_sm_util_percent": 29.0, "process_mem_util_percent": 9.0}
{"timestamp_unix": 1772442573.5640354, "pid": 113948, "device_index": 0, "gpu_uuid": "GPU-6f954bfd-7081-31b7-f15c-f9a174bf4d7f", "gpu_util_percent": 28.0, "gpu_mem_util_percent": 10.0, "gpu_mem_used_mib": 46371.0, "gpu_mem_total_mib": 49140.0, "gpu_power_w": 108.99, "process_present": true, "process_mem_mib": 45876.0, "process_mem_share_percent": 93.35775335775335, "process_util_available": true, "process_util_backend": "nvml", "process_sm_util_percent": 29.0, "process_mem_util_percent": 10.0}
{"timestamp_unix": 1772442573.868609, "pid": 113948, "device_index": 0, "gpu_uuid": "GPU-6f954bfd-7081-31b7-f15c-f9a174bf4d7f", "gpu_util_percent": 29.0, "gpu_mem_util_percent": 10.0, "gpu_mem_used_mib": 46371.0, "gpu_mem_total_mib": 49140.0, "gpu_power_w": 109.16, "process_present": true, "process_mem_mib": 45876.0, "process_mem_share_percent": 93.35775335775335, "process_util_available": true, "process_util_backend": "nvml", "process_sm_util_percent": null, "process_mem_util_percent": null}
{"timestamp_unix": 1772442574.159843, "pid": 113948, "device_index": 0, "gpu_uuid": "GPU-6f954bfd-7081-31b7-f15c-f9a174bf4d7f", "gpu_util_percent": 29.0, "gpu_mem_util_percent": 10.0, "gpu_mem_used_mib": 46371.0, "gpu_mem_total_mib": 49140.0, "gpu_power_w": 109.16, "process_present": true, "process_mem_mib": 45876.0, "process_mem_share_percent": 93.35775335775335, "process_util_available": true, "process_util_backend": "nvml", "process_sm_util_percent": null, "process_mem_util_percent": null}
{"timestamp_unix": 1772442574.4541757, "pid": 113948, "device_index": 0, "gpu_uuid": "GPU-6f954bfd-7081-31b7-f15c-f9a174bf4d7f", "gpu_util_percent": 29.0, "gpu_mem_util_percent": 10.0, "gpu_mem_used_mib": 46371.0, "gpu_mem_total_mib": 49140.0, "gpu_power_w": 108.57, "process_present": true, "process_mem_mib": 45876.0, "process_mem_share_percent": 93.35775335775335, "process_util_available": true, "process_util_backend": "nvml", "process_sm_util_percent": null, "process_mem_util_percent": null}
{"timestamp_unix": 1772442574.7628605, "pid": 113948, "device_index": 0, "gpu_uuid": "GPU-6f954bfd-7081-31b7-f15c-f9a174bf4d7f", "gpu_util_percent": 29.0, "gpu_mem_util_percent": 10.0, "gpu_mem_used_mib": 47567.0, "gpu_mem_total_mib": 49140.0, "gpu_power_w": 108.57, "process_present": true, "process_mem_mib": 47072.0, "process_mem_share_percent": 95.7916157916158, "process_util_available": true, "process_util_backend": "nvml", "process_sm_util_percent": 26.0, "process_mem_util_percent": 10.0}
{"timestamp_unix": 1772442575.0697227, "pid": 113948, "device_index": 0, "gpu_uuid": "GPU-6f954bfd-7081-31b7-f15c-f9a174bf4d7f", "gpu_util_percent": 38.0, "gpu_mem_util_percent": 21.0, "gpu_mem_used_mib": 47567.0, "gpu_mem_total_mib": 49140.0, "gpu_power_w": 104.92, "process_present": true, "process_mem_mib": 47072.0, "process_mem_share_percent": 95.7916157916158, "process_util_available": true, "process_util_backend": "nvml", "process_sm_util_percent": 36.0, "process_mem_util_percent": 19.0}
{"timestamp_unix": 1772442575.3663545, "pid": 113948, "device_index": 0, "gpu_uuid": "GPU-6f954bfd-7081-31b7-f15c-f9a174bf4d7f", "gpu_util_percent": 38.0, "gpu_mem_util_percent": 21.0, "gpu_mem_used_mib": 47566.0, "gpu_mem_total_mib": 49140.0, "gpu_power_w": 109.88, "process_present": true, "process_mem_mib": 47072.0, "process_mem_share_percent": 95.7916157916158, "process_util_available": true, "process_util_backend": "nvml", "process_sm_util_percent": 38.0, "process_mem_util_percent": 20.0}
{"timestamp_unix": 1772442575.656411, "pid": 113948, "device_index": 0, "gpu_uuid": "GPU-6f954bfd-7081-31b7-f15c-f9a174bf4d7f", "gpu_util_percent": 38.0, "gpu_mem_util_percent": 21.0, "gpu_mem_used_mib": 47566.0, "gpu_mem_total_mib": 49140.0, "gpu_power_w": 109.88, "process_present": true, "process_mem_mib": 47072.0, "process_mem_share_percent": 95.7916157916158, "process_util_available": true, "process_util_backend": "nvml", "process_sm_util_percent": 37.0, "process_mem_util_percent": 19.0}
{"timestamp_unix": 1772442575.9544556, "pid": 113948, "device_index": 0, "gpu_uuid": "GPU-6f954bfd-7081-31b7-f15c-f9a174bf4d7f", "gpu_util_percent": 39.0, "gpu_mem_util_percent": 21.0, "gpu_mem_used_mib": 47566.0, "gpu_mem_total_mib": 49140.0, "gpu_power_w": 121.13, "process_present": true, "process_mem_mib": 47072.0, "process_mem_share_percent": 95.7916157916158, "process_util_available": true, "process_util_backend": "nvml", "process_sm_util_percent": 37.0, "process_mem_util_percent": 19.0}
{"timestamp_unix": 1772442576.245166, "pid": 113948, "device_index": 0, "gpu_uuid": "GPU-6f954bfd-7081-31b7-f15c-f9a174bf4d7f", "gpu_util_percent": 39.0, "gpu_mem_util_percent": 21.0, "gpu_mem_used_mib": 47570.0, "gpu_mem_total_mib": 49140.0, "gpu_power_w": 121.13, "process_present": true, "process_mem_mib": 47072.0, "process_mem_share_percent": 95.7916157916158, "process_util_available": true, "process_util_backend": "nvml", "process_sm_util_percent": 38.0, "process_mem_util_percent": 20.0}
{"timestamp_unix": 1772442576.5389988, "pid": 113948, "device_index": 0, "gpu_uuid": "GPU-6f954bfd-7081-31b7-f15c-f9a174bf4d7f", "gpu_util_percent": 39.0, "gpu_mem_util_percent": 21.0, "gpu_mem_used_mib": 47570.0, "gpu_mem_total_mib": 49140.0, "gpu_power_w": 120.69, "process_present": true, "process_mem_mib": 47072.0, "process_mem_share_percent": 95.7916157916158, "process_util_available": true, "process_util_backend": "nvml", "process_sm_util_percent": 37.0, "process_mem_util_percent": 19.0}
{"timestamp_unix": 1772442576.8350565, "pid": 113948, "device_index": 0, "gpu_uuid": "GPU-6f954bfd-7081-31b7-f15c-f9a174bf4d7f", "gpu_util_percent": 33.0, "gpu_mem_util_percent": 17.0, "gpu_mem_used_mib": 47654.0, "gpu_mem_total_mib": 49140.0, "gpu_power_w": 120.07, "process_present": true, "process_mem_mib": 47156.0, "process_mem_share_percent": 95.96255596255597, "process_util_available": true, "process_util_backend": "nvml", "process_sm_util_percent": 35.0, "process_mem_util_percent": 18.0}
{"timestamp_unix": 1772442577.1260228, "pid": 113948, "device_index": 0, "gpu_uuid": "GPU-6f954bfd-7081-31b7-f15c-f9a174bf4d7f", "gpu_util_percent": 33.0, "gpu_mem_util_percent": 17.0, "gpu_mem_used_mib": 47653.0, "gpu_mem_total_mib": 49140.0, "gpu_power_w": 120.07, "process_present": true, "process_mem_mib": 47156.0, "process_mem_share_percent": 95.96255596255597, "process_util_available": true, "process_util_backend": "nvml", "process_sm_util_percent": 37.0, "process_mem_util_percent": 19.0}
{"timestamp_unix": 1772442577.4313385, "pid": 113948, "device_index": 0, "gpu_uuid": "GPU-6f954bfd-7081-31b7-f15c-f9a174bf4d7f", "gpu_util_percent": 33.0, "gpu_mem_util_percent": 17.0, "gpu_mem_used_mib": 47653.0, "gpu_mem_total_mib": 49140.0, "gpu_power_w": 119.31, "process_present": true, "process_mem_mib": 47156.0, "process_mem_share_percent": 95.96255596255597, "process_util_available": true, "process_util_backend": "nvml", "process_sm_util_percent": 36.0, "process_mem_util_percent": 18.0}
{"timestamp_unix": 1772442577.7348852, "pid": 113948, "device_index": 0, "gpu_uuid": "GPU-6f954bfd-7081-31b7-f15c-f9a174bf4d7f", "gpu_util_percent": 33.0, "gpu_mem_util_percent": 17.0, "gpu_mem_used_mib": 47653.0, "gpu_mem_total_mib": 49140.0, "gpu_power_w": 119.31, "process_present": true, "process_mem_mib": 47156.0, "process_mem_share_percent": 95.96255596255597, "process_util_available": true, "process_util_backend": "nvml", "process_sm_util_percent": 37.0, "process_mem_util_percent": 18.0}
{"timestamp_unix": 1772442578.0259917, "pid": 113948, "device_index": 0, "gpu_uuid": "GPU-6f954bfd-7081-31b7-f15c-f9a174bf4d7f", "gpu_util_percent": 37.0, "gpu_mem_util_percent": 19.0, "gpu_mem_used_mib": 47653.0, "gpu_mem_total_mib": 49140.0, "gpu_power_w": 118.51, "process_present": true, "process_mem_mib": 47156.0, "process_mem_share_percent": 95.96255596255597, "process_util_available": true, "process_util_backend": "nvml", "process_sm_util_percent": 36.0, "process_mem_util_percent": 19.0}
{"timestamp_unix": 1772442578.324255, "pid": 113948, "device_index": 0, "gpu_uuid": "GPU-6f954bfd-7081-31b7-f15c-f9a174bf4d7f", "gpu_util_percent": 37.0, "gpu_mem_util_percent": 19.0, "gpu_mem_used_mib": 47653.0, "gpu_mem_total_mib": 49140.0, "gpu_power_w": 118.21, "process_present": true, "process_mem_mib": 47156.0, "process_mem_share_percent": 95.96255596255597, "process_util_available": true, "process_util_backend": "nvml", "process_sm_util_percent": 35.0, "process_mem_util_percent": 17.0}
{"timestamp_unix": 1772442578.6195397, "pid": 113948, "device_index": 0, "gpu_uuid": "GPU-6f954bfd-7081-31b7-f15c-f9a174bf4d7f", "gpu_util_percent": 37.0, "gpu_mem_util_percent": 19.0, "gpu_mem_used_mib": 47653.0, "gpu_mem_total_mib": 49140.0, "gpu_power_w": 118.21, "process_present": true, "process_mem_mib": 47156.0, "process_mem_share_percent": 95.96255596255597, "process_util_available": true, "process_util_backend": "nvml", "process_sm_util_percent": 37.0, "process_mem_util_percent": 19.0}
{"timestamp_unix": 1772442578.9133658, "pid": 113948, "device_index": 0, "gpu_uuid": "GPU-6f954bfd-7081-31b7-f15c-f9a174bf4d7f", "gpu_util_percent": 37.0, "gpu_mem_util_percent": 20.0, "gpu_mem_used_mib": 47653.0, "gpu_mem_total_mib": 49140.0, "gpu_power_w": 118.27, "process_present": true, "process_mem_mib": 47156.0, "process_mem_share_percent": 95.96255596255597, "process_util_available": true, "process_util_backend": "nvml", "process_sm_util_percent": 34.0, "process_mem_util_percent": 15.0}
{"timestamp_unix": 1772442579.2056208, "pid": 113948, "device_index": 0, "gpu_uuid": "GPU-6f954bfd-7081-31b7-f15c-f9a174bf4d7f", "gpu_util_percent": 37.0, "gpu_mem_util_percent": 20.0, "gpu_mem_used_mib": 47653.0, "gpu_mem_total_mib": 49140.0, "gpu_power_w": 118.27, "process_present": true, "process_mem_mib": 47156.0, "process_mem_share_percent": 95.96255596255597, "process_util_available": true, "process_util_backend": "nvml", "process_sm_util_percent": 30.0, "process_mem_util_percent": 10.0}
{"timestamp_unix": 1772442579.497129, "pid": 113948, "device_index": 0, "gpu_uuid": "GPU-6f954bfd-7081-31b7-f15c-f9a174bf4d7f", "gpu_util_percent": 37.0, "gpu_mem_util_percent": 20.0, "gpu_mem_used_mib": 47653.0, "gpu_mem_total_mib": 49140.0, "gpu_power_w": 114.22, "process_present": true, "process_mem_mib": 47156.0, "process_mem_share_percent": 95.96255596255597, "process_util_available": true, "process_util_backend": "nvml", "process_sm_util_percent": 30.0, "process_mem_util_percent": 10.0}
{"timestamp_unix": 1772442579.7976444, "pid": 113948, "device_index": 0, "gpu_uuid": "GPU-6f954bfd-7081-31b7-f15c-f9a174bf4d7f", "gpu_util_percent": 29.0, "gpu_mem_util_percent": 10.0, "gpu_mem_used_mib": 47653.0, "gpu_mem_total_mib": 49140.0, "gpu_power_w": 109.79, "process_present": true, "process_mem_mib": 47156.0, "process_mem_share_percent": 95.96255596255597, "process_util_available": true, "process_util_backend": "nvml", "process_sm_util_percent": 30.0, "process_mem_util_percent": 10.0}
{"timestamp_unix": 1772442580.1027553, "pid": 113948, "device_index": 0, "gpu_uuid": "GPU-6f954bfd-7081-31b7-f15c-f9a174bf4d7f", "gpu_util_percent": 29.0, "gpu_mem_util_percent": 10.0, "gpu_mem_used_mib": 47647.0, "gpu_mem_total_mib": 49140.0, "gpu_power_w": 109.79, "process_present": true, "process_mem_mib": 47156.0, "process_mem_share_percent": 95.96255596255597, "process_util_available": true, "process_util_backend": "nvml", "process_sm_util_percent": 30.0, "process_mem_util_percent": 10.0}
{"timestamp_unix": 1772442580.4032326, "pid": 113948, "device_index": 0, "gpu_uuid": "GPU-6f954bfd-7081-31b7-f15c-f9a174bf4d7f", "gpu_util_percent": 29.0, "gpu_mem_util_percent": 10.0, "gpu_mem_used_mib": 43927.0, "gpu_mem_total_mib": 49140.0, "gpu_power_w": 106.55, "process_present": true, "process_mem_mib": 42158.0, "process_mem_share_percent": 85.7916157916158, "process_util_available": true, "process_util_backend": "nvml", "process_sm_util_percent": null, "process_mem_util_percent": null}
{"timestamp_unix": 1772442580.70018, "pid": 113948, "device_index": 0, "gpu_uuid": "GPU-6f954bfd-7081-31b7-f15c-f9a174bf4d7f", "gpu_util_percent": 29.0, "gpu_mem_util_percent": 10.0, "gpu_mem_used_mib": 32607.0, "gpu_mem_total_mib": 49140.0, "gpu_power_w": 106.55, "process_present": true, "process_mem_mib": 30636.0, "process_mem_share_percent": 62.34432234432234, "process_util_available": true, "process_util_backend": "nvml", "process_sm_util_percent": null, "process_mem_util_percent": null}
{"timestamp_unix": 1772442580.992894, "pid": 113948, "device_index": 0, "gpu_uuid": "GPU-6f954bfd-7081-31b7-f15c-f9a174bf4d7f", "gpu_util_percent": 71.0, "gpu_mem_util_percent": 6.0, "gpu_mem_used_mib": 20150.0, "gpu_mem_total_mib": 49140.0, "gpu_power_w": 102.88, "process_present": true, "process_mem_mib": 18558.0, "process_mem_share_percent": 37.765567765567766, "process_util_available": true, "process_util_backend": "nvml", "process_sm_util_percent": null, "process_mem_util_percent": null}
{"timestamp_unix": 1772442581.284166, "pid": 113948, "device_index": 0, "gpu_uuid": "GPU-6f954bfd-7081-31b7-f15c-f9a174bf4d7f", "gpu_util_percent": 71.0, "gpu_mem_util_percent": 6.0, "gpu_mem_used_mib": 9660.0, "gpu_mem_total_mib": 49140.0, "gpu_power_w": 104.49, "process_present": true, "process_mem_mib": 8508.0, "process_mem_share_percent": 17.313797313797313, "process_util_available": true, "process_util_backend": "nvml", "process_sm_util_percent": null, "process_mem_util_percent": null}
{"timestamp_unix": 1772442581.5743916, "pid": 113948, "device_index": 0, "gpu_uuid": "GPU-6f954bfd-7081-31b7-f15c-f9a174bf4d7f", "gpu_util_percent": 71.0, "gpu_mem_util_percent": 6.0, "gpu_mem_used_mib": 6748.0, "gpu_mem_total_mib": 49140.0, "gpu_power_w": 104.49, "process_present": true, "process_mem_mib": 6304.0, "process_mem_share_percent": 12.828652828652828, "process_util_available": true, "process_util_backend": "nvml", "process_sm_util_percent": 42.0, "process_mem_util_percent": 6.0}
{"timestamp_unix": 1772442581.864664, "pid": 113948, "device_index": 0, "gpu_uuid": "GPU-6f954bfd-7081-31b7-f15c-f9a174bf4d7f", "gpu_util_percent": 26.0, "gpu_mem_util_percent": 9.0, "gpu_mem_used_mib": 7366.0, "gpu_mem_total_mib": 49140.0, "gpu_power_w": 113.25, "process_present": true, "process_mem_mib": 7138.0, "process_mem_share_percent": 14.525844525844525, "process_util_available": true, "process_util_backend": "nvml", "process_sm_util_percent": 25.0, "process_mem_util_percent": 8.0}
{"timestamp_unix": 1772442582.1558626, "pid": 113948, "device_index": 0, "gpu_uuid": "GPU-6f954bfd-7081-31b7-f15c-f9a174bf4d7f", "gpu_util_percent": 26.0, "gpu_mem_util_percent": 9.0, "gpu_mem_used_mib": 9150.0, "gpu_mem_total_mib": 49140.0, "gpu_power_w": 113.25, "process_present": true, "process_mem_mib": 8896.0, "process_mem_share_percent": 18.103378103378105, "process_util_available": true, "process_util_backend": "nvml", "process_sm_util_percent": 24.0, "process_mem_util_percent": 7.0}
{"timestamp_unix": 1772442582.4457114, "pid": 113948, "device_index": 0, "gpu_uuid": "GPU-6f954bfd-7081-31b7-f15c-f9a174bf4d7f", "gpu_util_percent": 26.0, "gpu_mem_util_percent": 9.0, "gpu_mem_used_mib": 11184.0, "gpu_mem_total_mib": 49140.0, "gpu_power_w": 118.53, "process_present": true, "process_mem_mib": 10970.0, "process_mem_share_percent": 22.323972323972324, "process_util_available": true, "process_util_backend": "nvml", "process_sm_util_percent": 24.0, "process_mem_util_percent": 8.0}
{"timestamp_unix": 1772442582.752226, "pid": 113948, "device_index": 0, "gpu_uuid": "GPU-6f954bfd-7081-31b7-f15c-f9a174bf4d7f", "gpu_util_percent": 26.0, "gpu_mem_util_percent": 9.0, "gpu_mem_used_mib": 13406.0, "gpu_mem_total_mib": 49140.0, "gpu_power_w": 118.53, "process_present": true, "process_mem_mib": 13212.0, "process_mem_share_percent": 26.886446886446887, "process_util_available": true, "process_util_backend": "nvml", "process_sm_util_percent": 23.0, "process_mem_util_percent": 8.0}
{"timestamp_unix": 1772442583.1334088, "pid": 113948, "device_index": 0, "gpu_uuid": "GPU-6f954bfd-7081-31b7-f15c-f9a174bf4d7f", "gpu_util_percent": 23.0, "gpu_mem_util_percent": 9.0, "gpu_mem_used_mib": 14598.0, "gpu_mem_total_mib": 49140.0, "gpu_power_w": 123.53, "process_present": true, "process_mem_mib": 14430.0, "process_mem_share_percent": 29.365079365079367, "process_util_available": true, "process_util_backend": "nvml", "process_sm_util_percent": 7.0, "process_mem_util_percent": 1.0}
{"timestamp_unix": 1772442583.433828, "pid": 113948, "device_index": 0, "gpu_uuid": "GPU-6f954bfd-7081-31b7-f15c-f9a174bf4d7f", "gpu_util_percent": 23.0, "gpu_mem_util_percent": 9.0, "gpu_mem_used_mib": 16890.0, "gpu_mem_total_mib": 49140.0, "gpu_power_w": 118.0, "process_present": true, "process_mem_mib": 16716.0, "process_mem_share_percent": 34.01709401709402, "process_util_available": true, "process_util_backend": "nvml", "process_sm_util_percent": 22.0, "process_mem_util_percent": 8.0}
{"timestamp_unix": 1772442583.7344663, "pid": 113948, "device_index": 0, "gpu_uuid": "GPU-6f954bfd-7081-31b7-f15c-f9a174bf4d7f", "gpu_util_percent": 23.0, "gpu_mem_util_percent": 9.0, "gpu_mem_used_mib": 20072.0, "gpu_mem_total_mib": 49140.0, "gpu_power_w": 118.0, "process_present": true, "process_mem_mib": 19848.0, "process_mem_share_percent": 40.39072039072039, "process_util_available": true, "process_util_backend": "nvml", "process_sm_util_percent": 24.0, "process_mem_util_percent": 8.0}
{"timestamp_unix": 1772442584.0287125, "pid": 113948, "device_index": 0, "gpu_uuid": "GPU-6f954bfd-7081-31b7-f15c-f9a174bf4d7f", "gpu_util_percent": 23.0, "gpu_mem_util_percent": 8.0, "gpu_mem_used_mib": 21953.0, "gpu_mem_total_mib": 49140.0, "gpu_power_w": 111.96, "process_present": true, "process_mem_mib": 21716.0, "process_mem_share_percent": 44.19210419210419, "process_util_available": true, "process_util_backend": "nvml", "process_sm_util_percent": 23.0, "process_mem_util_percent": 7.0}
{"timestamp_unix": 1772442584.3223803, "pid": 113948, "device_index": 0, "gpu_uuid": "GPU-6f954bfd-7081-31b7-f15c-f9a174bf4d7f", "gpu_util_percent": 23.0, "gpu_mem_util_percent": 8.0, "gpu_mem_used_mib": 23893.0, "gpu_mem_total_mib": 49140.0, "gpu_power_w": 108.0, "process_present": true, "process_mem_mib": 23632.0, "process_mem_share_percent": 48.09116809116809, "process_util_available": true, "process_util_backend": "nvml", "process_sm_util_percent": 25.0, "process_mem_util_percent": 8.0}
{"timestamp_unix": 1772442584.6125195, "pid": 113948, "device_index": 0, "gpu_uuid": "GPU-6f954bfd-7081-31b7-f15c-f9a174bf4d7f", "gpu_util_percent": 23.0, "gpu_mem_util_percent": 8.0, "gpu_mem_used_mib": 25827.0, "gpu_mem_total_mib": 49140.0, "gpu_power_w": 108.0, "process_present": true, "process_mem_mib": 25590.0, "process_mem_share_percent": 52.07570207570208, "process_util_available": true, "process_util_backend": "nvml", "process_sm_util_percent": 25.0, "process_mem_util_percent": 8.0}
{"timestamp_unix": 1772442584.9057052, "pid": 113948, "device_index": 0, "gpu_uuid": "GPU-6f954bfd-7081-31b7-f15c-f9a174bf4d7f", "gpu_util_percent": 24.0, "gpu_mem_util_percent": 8.0, "gpu_mem_used_mib": 27835.0, "gpu_mem_total_mib": 49140.0, "gpu_power_w": 104.24, "process_present": true, "process_mem_mib": 27636.0, "process_mem_share_percent": 56.23931623931624, "process_util_available": true, "process_util_backend": "nvml", "process_sm_util_percent": 25.0, "process_mem_util_percent": 7.0}
{"timestamp_unix": 1772442585.198491, "pid": 113948, "device_index": 0, "gpu_uuid": "GPU-6f954bfd-7081-31b7-f15c-f9a174bf4d7f", "gpu_util_percent": 24.0, "gpu_mem_util_percent": 8.0, "gpu_mem_used_mib": 30213.0, "gpu_mem_total_mib": 49140.0, "gpu_power_w": 104.24, "process_present": true, "process_mem_mib": 30028.0, "process_mem_share_percent": 61.107041107041105, "process_util_available": true, "process_util_backend": "nvml", "process_sm_util_percent": 27.0, "process_mem_util_percent": 9.0}
{"timestamp_unix": 1772442585.4928596, "pid": 113948, "device_index": 0, "gpu_uuid": "GPU-6f954bfd-7081-31b7-f15c-f9a174bf4d7f", "gpu_util_percent": 24.0, "gpu_mem_util_percent": 8.0, "gpu_mem_used_mib": 33599.0, "gpu_mem_total_mib": 49140.0, "gpu_power_w": 104.69, "process_present": true, "process_mem_mib": 33306.0, "process_mem_share_percent": 67.77777777777779, "process_util_available": true, "process_util_backend": "nvml", "process_sm_util_percent": 27.0, "process_mem_util_percent": 8.0}
{"timestamp_unix": 1772442585.8015487, "pid": 113948, "device_index": 0, "gpu_uuid": "GPU-6f954bfd-7081-31b7-f15c-f9a174bf4d7f", "gpu_util_percent": 27.0, "gpu_mem_util_percent": 9.0, "gpu_mem_used_mib": 35523.0, "gpu_mem_total_mib": 49140.0, "gpu_power_w": 105.31, "process_present": true, "process_mem_mib": 35270.0, "process_mem_share_percent": 71.77452177452177, "process_util_available": true, "process_util_backend": "nvml", "process_sm_util_percent": 26.0, "process_mem_util_percent": 8.0}
{"timestamp_unix": 1772442586.1035326, "pid": 113948, "device_index": 0, "gpu_uuid": "GPU-6f954bfd-7081-31b7-f15c-f9a174bf4d7f", "gpu_util_percent": 27.0, "gpu_mem_util_percent": 9.0, "gpu_mem_used_mib": 37291.0, "gpu_mem_total_mib": 49140.0, "gpu_power_w": 105.31, "process_present": true, "process_mem_mib": 37040.0, "process_mem_share_percent": 75.37647537647537, "process_util_available": true, "process_util_backend": "nvml", "process_sm_util_percent": 25.0, "process_mem_util_percent": 7.0}
{"timestamp_unix": 1772442586.4103296, "pid": 113948, "device_index": 0, "gpu_uuid": "GPU-6f954bfd-7081-31b7-f15c-f9a174bf4d7f", "gpu_util_percent": 27.0, "gpu_mem_util_percent": 9.0, "gpu_mem_used_mib": 39283.0, "gpu_mem_total_mib": 49140.0, "gpu_power_w": 104.82, "process_present": true, "process_mem_mib": 39068.0, "process_mem_share_percent": 79.50345950345951, "process_util_available": true, "process_util_backend": "nvml", "process_sm_util_percent": 27.0, "process_mem_util_percent": 9.0}
{"timestamp_unix": 1772442586.704799, "pid": 113948, "device_index": 0, "gpu_uuid": "GPU-6f954bfd-7081-31b7-f15c-f9a174bf4d7f", "gpu_util_percent": 27.0, "gpu_mem_util_percent": 9.0, "gpu_mem_used_mib": 41251.0, "gpu_mem_total_mib": 49140.0, "gpu_power_w": 104.82, "process_present": true, "process_mem_mib": 40756.0, "process_mem_share_percent": 82.93854293854294, "process_util_available": true, "process_util_backend": "nvml", "process_sm_util_percent": 13.0, "process_mem_util_percent": 4.0}
{"timestamp_unix": 1772442586.9958446, "pid": 113948, "device_index": 0, "gpu_uuid": "GPU-6f954bfd-7081-31b7-f15c-f9a174bf4d7f", "gpu_util_percent": 18.0, "gpu_mem_util_percent": 4.0, "gpu_mem_used_mib": 41255.0, "gpu_mem_total_mib": 49140.0, "gpu_power_w": 103.95, "process_present": true, "process_mem_mib": 41520.0, "process_mem_share_percent": 84.49328449328449, "process_util_available": true, "process_util_backend": "nvml", "process_sm_util_percent": null, "process_mem_util_percent": null}
{"timestamp_unix": 1772442587.291096, "pid": 113948, "device_index": 0, "gpu_uuid": "GPU-6f954bfd-7081-31b7-f15c-f9a174bf4d7f", "gpu_util_percent": 18.0, "gpu_mem_util_percent": 4.0, "gpu_mem_used_mib": 42679.0, "gpu_mem_total_mib": 49140.0, "gpu_power_w": 102.37, "process_present": true, "process_mem_mib": 42184.0, "process_mem_share_percent": 85.84452584452585, "process_util_available": true, "process_util_backend": "nvml", "process_sm_util_percent": 31.0, "process_mem_util_percent": 14.0}
{"timestamp_unix": 1772442587.58612, "pid": 113948, "device_index": 0, "gpu_uuid": "GPU-6f954bfd-7081-31b7-f15c-f9a174bf4d7f", "gpu_util_percent": 18.0, "gpu_mem_util_percent": 4.0, "gpu_mem_used_mib": 42679.0, "gpu_mem_total_mib": 49140.0, "gpu_power_w": 102.37, "process_present": true, "process_mem_mib": 42184.0, "process_mem_share_percent": 85.84452584452585, "process_util_available": true, "process_util_backend": "nvml", "process_sm_util_percent": 38.0, "process_mem_util_percent": 21.0}
{"timestamp_unix": 1772442587.8775961, "pid": 113948, "device_index": 0, "gpu_uuid": "GPU-6f954bfd-7081-31b7-f15c-f9a174bf4d7f", "gpu_util_percent": 41.0, "gpu_mem_util_percent": 24.0, "gpu_mem_used_mib": 42679.0, "gpu_mem_total_mib": 49140.0, "gpu_power_w": 110.6, "process_present": true, "process_mem_mib": 42184.0, "process_mem_share_percent": 85.84452584452585, "process_util_available": true, "process_util_backend": "nvml", "process_sm_util_percent": 41.0, "process_mem_util_percent": 23.0}
{"timestamp_unix": 1772442588.1712637, "pid": 113948, "device_index": 0, "gpu_uuid": "GPU-6f954bfd-7081-31b7-f15c-f9a174bf4d7f", "gpu_util_percent": 41.0, "gpu_mem_util_percent": 24.0, "gpu_mem_used_mib": 42679.0, "gpu_mem_total_mib": 49140.0, "gpu_power_w": 110.6, "process_present": true, "process_mem_mib": 42184.0, "process_mem_share_percent": 85.84452584452585, "process_util_available": true, "process_util_backend": "nvml", "process_sm_util_percent": 41.0, "process_mem_util_percent": 23.0}
{"timestamp_unix": 1772442588.4796944, "pid": 113948, "device_index": 0, "gpu_uuid": "GPU-6f954bfd-7081-31b7-f15c-f9a174bf4d7f", "gpu_util_percent": 41.0, "gpu_mem_util_percent": 24.0, "gpu_mem_used_mib": 42679.0, "gpu_mem_total_mib": 49140.0, "gpu_power_w": 129.01, "process_present": true, "process_mem_mib": 42288.0, "process_mem_share_percent": 86.05616605616606, "process_util_available": true, "process_util_backend": "nvml", "process_sm_util_percent": 39.0, "process_mem_util_percent": 23.0}
{"timestamp_unix": 1772442588.7975295, "pid": 113948, "device_index": 0, "gpu_uuid": "GPU-6f954bfd-7081-31b7-f15c-f9a174bf4d7f", "gpu_util_percent": 38.0, "gpu_mem_util_percent": 23.0, "gpu_mem_used_mib": 42783.0, "gpu_mem_total_mib": 49140.0, "gpu_power_w": 140.35, "process_present": true, "process_mem_mib": 42288.0, "process_mem_share_percent": 86.05616605616606, "process_util_available": true, "process_util_backend": "nvml", "process_sm_util_percent": null, "process_mem_util_percent": null}
{"timestamp_unix": 1772442589.1127663, "pid": 113948, "device_index": 0, "gpu_uuid": "GPU-6f954bfd-7081-31b7-f15c-f9a174bf4d7f", "gpu_util_percent": 38.0, "gpu_mem_util_percent": 23.0, "gpu_mem_used_mib": 42783.0, "gpu_mem_total_mib": 49140.0, "gpu_power_w": 140.35, "process_present": true, "process_mem_mib": 42288.0, "process_mem_share_percent": 86.05616605616606, "process_util_available": true, "process_util_backend": "nvml", "process_sm_util_percent": 20.0, "process_mem_util_percent": 11.0}
{"timestamp_unix": 1772442589.406648, "pid": 113948, "device_index": 0, "gpu_uuid": "GPU-6f954bfd-7081-31b7-f15c-f9a174bf4d7f", "gpu_util_percent": 38.0, "gpu_mem_util_percent": 23.0, "gpu_mem_used_mib": 42783.0, "gpu_mem_total_mib": 49140.0, "gpu_power_w": 147.09, "process_present": true, "process_mem_mib": 42288.0, "process_mem_share_percent": 86.05616605616606, "process_util_available": true, "process_util_backend": "nvml", "process_sm_util_percent": null, "process_mem_util_percent": null}
{"timestamp_unix": 1772442589.6965063, "pid": 113948, "device_index": 0, "gpu_uuid": "GPU-6f954bfd-7081-31b7-f15c-f9a174bf4d7f", "gpu_util_percent": 38.0, "gpu_mem_util_percent": 23.0, "gpu_mem_used_mib": 42784.0, "gpu_mem_total_mib": 49140.0, "gpu_power_w": 147.09, "process_present": true, "process_mem_mib": 42288.0, "process_mem_share_percent": 86.05616605616606, "process_util_available": true, "process_util_backend": "nvml", "process_sm_util_percent": null, "process_mem_util_percent": null}
{"timestamp_unix": 1772442589.9896352, "pid": 113948, "device_index": 0, "gpu_uuid": "GPU-6f954bfd-7081-31b7-f15c-f9a174bf4d7f", "gpu_util_percent": 40.0, "gpu_mem_util_percent": 24.0, "gpu_mem_used_mib": 42784.0, "gpu_mem_total_mib": 49140.0, "gpu_power_w": 147.26, "process_present": true, "process_mem_mib": 42288.0, "process_mem_share_percent": 86.05616605616606, "process_util_available": true, "process_util_backend": "nvml", "process_sm_util_percent": 39.0, "process_mem_util_percent": 22.0}
{"timestamp_unix": 1772442590.285933, "pid": 113948, "device_index": 0, "gpu_uuid": "GPU-6f954bfd-7081-31b7-f15c-f9a174bf4d7f", "gpu_util_percent": 40.0, "gpu_mem_util_percent": 24.0, "gpu_mem_used_mib": 42784.0, "gpu_mem_total_mib": 49140.0, "gpu_power_w": 146.8, "process_present": true, "process_mem_mib": 42288.0, "process_mem_share_percent": 86.05616605616606, "process_util_available": true, "process_util_backend": "nvml", "process_sm_util_percent": 39.0, "process_mem_util_percent": 23.0}
{"timestamp_unix": 1772442590.5762908, "pid": 113948, "device_index": 0, "gpu_uuid": "GPU-6f954bfd-7081-31b7-f15c-f9a174bf4d7f", "gpu_util_percent": 40.0, "gpu_mem_util_percent": 24.0, "gpu_mem_used_mib": 42784.0, "gpu_mem_total_mib": 49140.0, "gpu_power_w": 146.8, "process_present": true, "process_mem_mib": 42288.0, "process_mem_share_percent": 86.05616605616606, "process_util_available": true, "process_util_backend": "nvml", "process_sm_util_percent": 38.0, "process_mem_util_percent": 22.0}
{"timestamp_unix": 1772442590.8705134, "pid": 113948, "device_index": 0, "gpu_uuid": "GPU-6f954bfd-7081-31b7-f15c-f9a174bf4d7f", "gpu_util_percent": 31.0, "gpu_mem_util_percent": 12.0, "gpu_mem_used_mib": 42784.0, "gpu_mem_total_mib": 49140.0, "gpu_power_w": 144.11, "process_present": true, "process_mem_mib": 42288.0, "process_mem_share_percent": 86.05616605616606, "process_util_available": true, "process_util_backend": "nvml", "process_sm_util_percent": 30.0, "process_mem_util_percent": 11.0}
{"timestamp_unix": 1772442591.1723433, "pid": 113948, "device_index": 0, "gpu_uuid": "GPU-6f954bfd-7081-31b7-f15c-f9a174bf4d7f", "gpu_util_percent": 31.0, "gpu_mem_util_percent": 12.0, "gpu_mem_used_mib": 42784.0, "gpu_mem_total_mib": 49140.0, "gpu_power_w": 144.11, "process_present": true, "process_mem_mib": 42288.0, "process_mem_share_percent": 86.05616605616606, "process_util_available": true, "process_util_backend": "nvml", "process_sm_util_percent": 31.0, "process_mem_util_percent": 11.0}
{"timestamp_unix": 1772442591.4804199, "pid": 113948, "device_index": 0, "gpu_uuid": "GPU-6f954bfd-7081-31b7-f15c-f9a174bf4d7f", "gpu_util_percent": 31.0, "gpu_mem_util_percent": 12.0, "gpu_mem_used_mib": 42784.0, "gpu_mem_total_mib": 49140.0, "gpu_power_w": 137.03, "process_present": true, "process_mem_mib": 42288.0, "process_mem_share_percent": 86.05616605616606, "process_util_available": true, "process_util_backend": "nvml", "process_sm_util_percent": 30.0, "process_mem_util_percent": 11.0}
{"timestamp_unix": 1772442591.7956736, "pid": 113948, "device_index": 0, "gpu_uuid": "GPU-6f954bfd-7081-31b7-f15c-f9a174bf4d7f", "gpu_util_percent": 31.0, "gpu_mem_util_percent": 12.0, "gpu_mem_used_mib": 42784.0, "gpu_mem_total_mib": 49140.0, "gpu_power_w": 131.71, "process_present": true, "process_mem_mib": 42288.0, "process_mem_share_percent": 86.05616605616606, "process_util_available": true, "process_util_backend": "nvml", "process_sm_util_percent": 30.0, "process_mem_util_percent": 11.0}
{"timestamp_unix": 1772442592.0907025, "pid": 113948, "device_index": 0, "gpu_uuid": "GPU-6f954bfd-7081-31b7-f15c-f9a174bf4d7f", "gpu_util_percent": 31.0, "gpu_mem_util_percent": 12.0, "gpu_mem_used_mib": 42784.0, "gpu_mem_total_mib": 49140.0, "gpu_power_w": 131.71, "process_present": true, "process_mem_mib": 42288.0, "process_mem_share_percent": 86.05616605616606, "process_util_available": true, "process_util_backend": "nvml", "process_sm_util_percent": 30.0, "process_mem_util_percent": 11.0}
{"timestamp_unix": 1772442592.3862698, "pid": 113948, "device_index": 0, "gpu_uuid": "GPU-6f954bfd-7081-31b7-f15c-f9a174bf4d7f", "gpu_util_percent": 31.0, "gpu_mem_util_percent": 12.0, "gpu_mem_used_mib": 42784.0, "gpu_mem_total_mib": 49140.0, "gpu_power_w": 125.89, "process_present": true, "process_mem_mib": 42288.0, "process_mem_share_percent": 86.05616605616606, "process_util_available": true, "process_util_backend": "nvml", "process_sm_util_percent": 30.0, "process_mem_util_percent": 11.0}
{"timestamp_unix": 1772442592.6782174, "pid": 113948, "device_index": 0, "gpu_uuid": "GPU-6f954bfd-7081-31b7-f15c-f9a174bf4d7f", "gpu_util_percent": 31.0, "gpu_mem_util_percent": 12.0, "gpu_mem_used_mib": 42784.0, "gpu_mem_total_mib": 49140.0, "gpu_power_w": 125.89, "process_present": true, "process_mem_mib": 42288.0, "process_mem_share_percent": 86.05616605616606, "process_util_available": true, "process_util_backend": "nvml", "process_sm_util_percent": 25.0, "process_mem_util_percent": 8.0}
{"timestamp_unix": 1772442592.9700391, "pid": 113948, "device_index": 0, "gpu_uuid": "GPU-6f954bfd-7081-31b7-f15c-f9a174bf4d7f", "gpu_util_percent": 21.0, "gpu_mem_util_percent": 6.0, "gpu_mem_used_mib": 42784.0, "gpu_mem_total_mib": 49140.0, "gpu_power_w": 113.87, "process_present": true, "process_mem_mib": 42288.0, "process_mem_share_percent": 86.05616605616606, "process_util_available": true, "process_util_backend": "nvml", "process_sm_util_percent": 27.0, "process_mem_util_percent": 10.0}
{"timestamp_unix": 1772442593.2611957, "pid": 113948, "device_index": 0, "gpu_uuid": "GPU-6f954bfd-7081-31b7-f15c-f9a174bf4d7f", "gpu_util_percent": 21.0, "gpu_mem_util_percent": 6.0, "gpu_mem_used_mib": 44118.0, "gpu_mem_total_mib": 49140.0, "gpu_power_w": 108.15, "process_present": true, "process_mem_mib": 43622.0, "process_mem_share_percent": 88.77085877085878, "process_util_available": true, "process_util_backend": "nvml", "process_sm_util_percent": 29.0, "process_mem_util_percent": 10.0}
{"timestamp_unix": 1772442593.557139, "pid": 113948, "device_index": 0, "gpu_uuid": "GPU-6f954bfd-7081-31b7-f15c-f9a174bf4d7f", "gpu_util_percent": 21.0, "gpu_mem_util_percent": 6.0, "gpu_mem_used_mib": 44118.0, "gpu_mem_total_mib": 49140.0, "gpu_power_w": 108.15, "process_present": true, "process_mem_mib": 43622.0, "process_mem_share_percent": 88.77085877085878, "process_util_available": true, "process_util_backend": "nvml", "process_sm_util_percent": 29.0, "process_mem_util_percent": 11.0}
{"timestamp_unix": 1772442593.8703465, "pid": 113948, "device_index": 0, "gpu_uuid": "GPU-6f954bfd-7081-31b7-f15c-f9a174bf4d7f", "gpu_util_percent": 29.0, "gpu_mem_util_percent": 11.0, "gpu_mem_used_mib": 44118.0, "gpu_mem_total_mib": 49140.0, "gpu_power_w": 109.99, "process_present": true, "process_mem_mib": 43622.0, "process_mem_share_percent": 88.77085877085878, "process_util_available": true, "process_util_backend": "nvml", "process_sm_util_percent": 28.0, "process_mem_util_percent": 11.0}
{"timestamp_unix": 1772442594.1787748, "pid": 113948, "device_index": 0, "gpu_uuid": "GPU-6f954bfd-7081-31b7-f15c-f9a174bf4d7f", "gpu_util_percent": 29.0, "gpu_mem_util_percent": 11.0, "gpu_mem_used_mib": 44118.0, "gpu_mem_total_mib": 49140.0, "gpu_power_w": 109.99, "process_present": true, "process_mem_mib": 43622.0, "process_mem_share_percent": 88.77085877085878, "process_util_available": true, "process_util_backend": "nvml", "process_sm_util_percent": 28.0, "process_mem_util_percent": 11.0}
{"timestamp_unix": 1772442594.484375, "pid": 113948, "device_index": 0, "gpu_uuid": "GPU-6f954bfd-7081-31b7-f15c-f9a174bf4d7f", "gpu_util_percent": 29.0, "gpu_mem_util_percent": 11.0, "gpu_mem_used_mib": 44118.0, "gpu_mem_total_mib": 49140.0, "gpu_power_w": 112.02, "process_present": true, "process_mem_mib": 43622.0, "process_mem_share_percent": 88.77085877085878, "process_util_available": true, "process_util_backend": "nvml", "process_sm_util_percent": 29.0, "process_mem_util_percent": 11.0}
{"timestamp_unix": 1772442594.7748992, "pid": 113948, "device_index": 0, "gpu_uuid": "GPU-6f954bfd-7081-31b7-f15c-f9a174bf4d7f", "gpu_util_percent": 29.0, "gpu_mem_util_percent": 12.0, "gpu_mem_used_mib": 45557.0, "gpu_mem_total_mib": 49140.0, "gpu_power_w": 112.6, "process_present": true, "process_mem_mib": 45062.0, "process_mem_share_percent": 91.7012617012617, "process_util_available": true, "process_util_backend": "nvml", "process_sm_util_percent": 30.0, "process_mem_util_percent": 12.0}
{"timestamp_unix": 1772442595.0692098, "pid": 113948, "device_index": 0, "gpu_uuid": "GPU-6f954bfd-7081-31b7-f15c-f9a174bf4d7f", "gpu_util_percent": 29.0, "gpu_mem_util_percent": 12.0, "gpu_mem_used_mib": 45555.0, "gpu_mem_total_mib": 49140.0, "gpu_power_w": 112.6, "process_present": true, "process_mem_mib": 45062.0, "process_mem_share_percent": 91.7012617012617, "process_util_available": true, "process_util_backend": "nvml", "process_sm_util_percent": 29.0, "process_mem_util_percent": 11.0}
{"timestamp_unix": 1772442595.3608518, "pid": 113948, "device_index": 0, "gpu_uuid": "GPU-6f954bfd-7081-31b7-f15c-f9a174bf4d7f", "gpu_util_percent": 29.0, "gpu_mem_util_percent": 12.0, "gpu_mem_used_mib": 45555.0, "gpu_mem_total_mib": 49140.0, "gpu_power_w": 113.0, "process_present": true, "process_mem_mib": 45062.0, "process_mem_share_percent": 91.7012617012617, "process_util_available": true, "process_util_backend": "nvml", "process_sm_util_percent": 29.0, "process_mem_util_percent": 11.0}
{"timestamp_unix": 1772442595.6570947, "pid": 113948, "device_index": 0, "gpu_uuid": "GPU-6f954bfd-7081-31b7-f15c-f9a174bf4d7f", "gpu_util_percent": 29.0, "gpu_mem_util_percent": 12.0, "gpu_mem_used_mib": 45555.0, "gpu_mem_total_mib": 49140.0, "gpu_power_w": 113.0, "process_present": true, "process_mem_mib": 45062.0, "process_mem_share_percent": 91.7012617012617, "process_util_available": true, "process_util_backend": "nvml", "process_sm_util_percent": 29.0, "process_mem_util_percent": 11.0}
{"timestamp_unix": 1772442595.952046, "pid": 113948, "device_index": 0, "gpu_uuid": "GPU-6f954bfd-7081-31b7-f15c-f9a174bf4d7f", "gpu_util_percent": 29.0, "gpu_mem_util_percent": 11.0, "gpu_mem_used_mib": 45555.0, "gpu_mem_total_mib": 49140.0, "gpu_power_w": 113.05, "process_present": true, "process_mem_mib": 45638.0, "process_mem_share_percent": 92.87342287342287, "process_util_available": true, "process_util_backend": "nvml", "process_sm_util_percent": 30.0, "process_mem_util_percent": 11.0}
{"timestamp_unix": 1772442596.2429633, "pid": 113948, "device_index": 0, "gpu_uuid": "GPU-6f954bfd-7081-31b7-f15c-f9a174bf4d7f", "gpu_util_percent": 29.0, "gpu_mem_util_percent": 11.0, "gpu_mem_used_mib": 47096.0, "gpu_mem_total_mib": 49140.0, "gpu_power_w": 113.05, "process_present": true, "process_mem_mib": 46598.0, "process_mem_share_percent": 94.82702482702483, "process_util_available": true, "process_util_backend": "nvml", "process_sm_util_percent": 31.0, "process_mem_util_percent": 12.0}
{"timestamp_unix": 1772442596.5524127, "pid": 113948, "device_index": 0, "gpu_uuid": "GPU-6f954bfd-7081-31b7-f15c-f9a174bf4d7f", "gpu_util_percent": 29.0, "gpu_mem_util_percent": 11.0, "gpu_mem_used_mib": 47096.0, "gpu_mem_total_mib": 49140.0, "gpu_power_w": 113.87, "process_present": true, "process_mem_mib": 46598.0, "process_mem_share_percent": 94.82702482702483, "process_util_available": true, "process_util_backend": "nvml", "process_sm_util_percent": 15.0, "process_mem_util_percent": 5.0}
{"timestamp_unix": 1772442596.8626819, "pid": 113948, "device_index": 0, "gpu_uuid": "GPU-6f954bfd-7081-31b7-f15c-f9a174bf4d7f", "gpu_util_percent": 13.0, "gpu_mem_util_percent": 1.0, "gpu_mem_used_mib": 47458.0, "gpu_mem_total_mib": 49140.0, "gpu_power_w": 107.88, "process_present": true, "process_mem_mib": 45316.0, "process_mem_share_percent": 92.21815221815221, "process_util_available": true, "process_util_backend": "nvml", "process_sm_util_percent": null, "process_mem_util_percent": null}
{"timestamp_unix": 1772442597.1713583, "pid": 113948, "device_index": 0, "gpu_uuid": "GPU-6f954bfd-7081-31b7-f15c-f9a174bf4d7f", "gpu_util_percent": 13.0, "gpu_mem_util_percent": 1.0, "gpu_mem_used_mib": 45597.0, "gpu_mem_total_mib": 49140.0, "gpu_power_w": 107.88, "process_present": true, "process_mem_mib": 45100.0, "process_mem_share_percent": 91.77859177859177, "process_util_available": true, "process_util_backend": "nvml", "process_sm_util_percent": 20.0, "process_mem_util_percent": 12.0}
{"timestamp_unix": 1772442597.462354, "pid": 113948, "device_index": 0, "gpu_uuid": "GPU-6f954bfd-7081-31b7-f15c-f9a174bf4d7f", "gpu_util_percent": 13.0, "gpu_mem_util_percent": 1.0, "gpu_mem_used_mib": 45597.0, "gpu_mem_total_mib": 49140.0, "gpu_power_w": 113.57, "process_present": true, "process_mem_mib": 45100.0, "process_mem_share_percent": 91.77859177859177, "process_util_available": true, "process_util_backend": "nvml", "process_sm_util_percent": 42.0, "process_mem_util_percent": 27.0}
{"timestamp_unix": 1772442597.7578588, "pid": 113948, "device_index": 0, "gpu_uuid": "GPU-6f954bfd-7081-31b7-f15c-f9a174bf4d7f", "gpu_util_percent": 13.0, "gpu_mem_util_percent": 1.0, "gpu_mem_used_mib": 45717.0, "gpu_mem_total_mib": 49140.0, "gpu_power_w": 113.57, "process_present": true, "process_mem_mib": 45220.0, "process_mem_share_percent": 92.02279202279202, "process_util_available": true, "process_util_backend": "nvml", "process_sm_util_percent": 41.0, "process_mem_util_percent": 26.0}
{"timestamp_unix": 1772442598.0519595, "pid": 113948, "device_index": 0, "gpu_uuid": "GPU-6f954bfd-7081-31b7-f15c-f9a174bf4d7f", "gpu_util_percent": 41.0, "gpu_mem_util_percent": 27.0, "gpu_mem_used_mib": 45717.0, "gpu_mem_total_mib": 49140.0, "gpu_power_w": 135.89, "process_present": true, "process_mem_mib": 45220.0, "process_mem_share_percent": 92.02279202279202, "process_util_available": true, "process_util_backend": "nvml", "process_sm_util_percent": 41.0, "process_mem_util_percent": 26.0}
{"timestamp_unix": 1772442598.3461003, "pid": 113948, "device_index": 0, "gpu_uuid": "GPU-6f954bfd-7081-31b7-f15c-f9a174bf4d7f", "gpu_util_percent": 41.0, "gpu_mem_util_percent": 27.0, "gpu_mem_used_mib": 45717.0, "gpu_mem_total_mib": 49140.0, "gpu_power_w": 153.35, "process_present": true, "process_mem_mib": 45220.0, "process_mem_share_percent": 92.02279202279202, "process_util_available": true, "process_util_backend": "nvml", "process_sm_util_percent": 41.0, "process_mem_util_percent": 26.0}
{"timestamp_unix": 1772442598.6396275, "pid": 113948, "device_index": 0, "gpu_uuid": "GPU-6f954bfd-7081-31b7-f15c-f9a174bf4d7f", "gpu_util_percent": 41.0, "gpu_mem_util_percent": 27.0, "gpu_mem_used_mib": 45717.0, "gpu_mem_total_mib": 49140.0, "gpu_power_w": 153.35, "process_present": true, "process_mem_mib": 45220.0, "process_mem_share_percent": 92.02279202279202, "process_util_available": true, "process_util_backend": "nvml", "process_sm_util_percent": 41.0, "process_mem_util_percent": 26.0}
{"timestamp_unix": 1772442598.9322042, "pid": 113948, "device_index": 0, "gpu_uuid": "GPU-6f954bfd-7081-31b7-f15c-f9a174bf4d7f", "gpu_util_percent": 40.0, "gpu_mem_util_percent": 26.0, "gpu_mem_used_mib": 45717.0, "gpu_mem_total_mib": 49140.0, "gpu_power_w": 153.0, "process_present": true, "process_mem_mib": 45220.0, "process_mem_share_percent": 92.02279202279202, "process_util_available": true, "process_util_backend": "nvml", "process_sm_util_percent": 42.0, "process_mem_util_percent": 26.0}
{"timestamp_unix": 1772442599.2367435, "pid": 113948, "device_index": 0, "gpu_uuid": "GPU-6f954bfd-7081-31b7-f15c-f9a174bf4d7f", "gpu_util_percent": 40.0, "gpu_mem_util_percent": 26.0, "gpu_mem_used_mib": 45711.0, "gpu_mem_total_mib": 49140.0, "gpu_power_w": 153.0, "process_present": true, "process_mem_mib": 45220.0, "process_mem_share_percent": 92.02279202279202, "process_util_available": true, "process_util_backend": "nvml", "process_sm_util_percent": 41.0, "process_mem_util_percent": 27.0}
{"timestamp_unix": 1772442599.5347543, "pid": 113948, "device_index": 0, "gpu_uuid": "GPU-6f954bfd-7081-31b7-f15c-f9a174bf4d7f", "gpu_util_percent": 40.0, "gpu_mem_util_percent": 26.0, "gpu_mem_used_mib": 45711.0, "gpu_mem_total_mib": 49140.0, "gpu_power_w": 153.5, "process_present": true, "process_mem_mib": 45220.0, "process_mem_share_percent": 92.02279202279202, "process_util_available": true, "process_util_backend": "nvml", "process_sm_util_percent": 41.0, "process_mem_util_percent": 25.0}
{"timestamp_unix": 1772442599.8474379, "pid": 113948, "device_index": 0, "gpu_uuid": "GPU-6f954bfd-7081-31b7-f15c-f9a174bf4d7f", "gpu_util_percent": 41.0, "gpu_mem_util_percent": 28.0, "gpu_mem_used_mib": 45711.0, "gpu_mem_total_mib": 49140.0, "gpu_power_w": 152.8, "process_present": true, "process_mem_mib": 45220.0, "process_mem_share_percent": 92.02279202279202, "process_util_available": true, "process_util_backend": "nvml", "process_sm_util_percent": 40.0, "process_mem_util_percent": 26.0}
{"timestamp_unix": 1772442600.140749, "pid": 113948, "device_index": 0, "gpu_uuid": "GPU-6f954bfd-7081-31b7-f15c-f9a174bf4d7f", "gpu_util_percent": 41.0, "gpu_mem_util_percent": 28.0, "gpu_mem_used_mib": 45711.0, "gpu_mem_total_mib": 49140.0, "gpu_power_w": 152.8, "process_present": true, "process_mem_mib": 45220.0, "process_mem_share_percent": 92.02279202279202, "process_util_available": true, "process_util_backend": "nvml", "process_sm_util_percent": 40.0, "process_mem_util_percent": 25.0}
{"timestamp_unix": 1772442600.4355793, "pid": 113948, "device_index": 0, "gpu_uuid": "GPU-6f954bfd-7081-31b7-f15c-f9a174bf4d7f", "gpu_util_percent": 41.0, "gpu_mem_util_percent": 28.0, "gpu_mem_used_mib": 45711.0, "gpu_mem_total_mib": 49140.0, "gpu_power_w": 152.04, "process_present": true, "process_mem_mib": 45220.0, "process_mem_share_percent": 92.02279202279202, "process_util_available": true, "process_util_backend": "nvml", "process_sm_util_percent": 40.0, "process_mem_util_percent": 26.0}
{"timestamp_unix": 1772442600.726608, "pid": 113948, "device_index": 0, "gpu_uuid": "GPU-6f954bfd-7081-31b7-f15c-f9a174bf4d7f", "gpu_util_percent": 41.0, "gpu_mem_util_percent": 28.0, "gpu_mem_used_mib": 45711.0, "gpu_mem_total_mib": 49140.0, "gpu_power_w": 152.04, "process_present": true, "process_mem_mib": 45220.0, "process_mem_share_percent": 92.02279202279202, "process_util_available": true, "process_util_backend": "nvml", "process_sm_util_percent": 39.0, "process_mem_util_percent": 24.0}
{"timestamp_unix": 1772442601.0189908, "pid": 113948, "device_index": 0, "gpu_uuid": "GPU-6f954bfd-7081-31b7-f15c-f9a174bf4d7f", "gpu_util_percent": 38.0, "gpu_mem_util_percent": 23.0, "gpu_mem_used_mib": 45710.0, "gpu_mem_total_mib": 49140.0, "gpu_power_w": 152.13, "process_present": true, "process_mem_mib": 45220.0, "process_mem_share_percent": 92.02279202279202, "process_util_available": true, "process_util_backend": "nvml", "process_sm_util_percent": 41.0, "process_mem_util_percent": 25.0}
{"timestamp_unix": 1772442601.3089042, "pid": 113948, "device_index": 0, "gpu_uuid": "GPU-6f954bfd-7081-31b7-f15c-f9a174bf4d7f", "gpu_util_percent": 38.0, "gpu_mem_util_percent": 23.0, "gpu_mem_used_mib": 45710.0, "gpu_mem_total_mib": 49140.0, "gpu_power_w": 151.17, "process_present": true, "process_mem_mib": 45220.0, "process_mem_share_percent": 92.02279202279202, "process_util_available": true, "process_util_backend": "nvml", "process_sm_util_percent": 41.0, "process_mem_util_percent": 24.0}
{"timestamp_unix": 1772442601.6043928, "pid": 113948, "device_index": 0, "gpu_uuid": "GPU-6f954bfd-7081-31b7-f15c-f9a174bf4d7f", "gpu_util_percent": 38.0, "gpu_mem_util_percent": 23.0, "gpu_mem_used_mib": 45710.0, "gpu_mem_total_mib": 49140.0, "gpu_power_w": 151.17, "process_present": true, "process_mem_mib": 45220.0, "process_mem_share_percent": 92.02279202279202, "process_util_available": true, "process_util_backend": "nvml", "process_sm_util_percent": 40.0, "process_mem_util_percent": 25.0}
{"timestamp_unix": 1772442601.9124875, "pid": 113948, "device_index": 0, "gpu_uuid": "GPU-6f954bfd-7081-31b7-f15c-f9a174bf4d7f", "gpu_util_percent": 37.0, "gpu_mem_util_percent": 22.0, "gpu_mem_used_mib": 45710.0, "gpu_mem_total_mib": 49140.0, "gpu_power_w": 150.4, "process_present": true, "process_mem_mib": 45220.0, "process_mem_share_percent": 92.02279202279202, "process_util_available": true, "process_util_backend": "nvml", "process_sm_util_percent": 35.0, "process_mem_util_percent": 18.0}
{"timestamp_unix": 1772442602.2213333, "pid": 113948, "device_index": 0, "gpu_uuid": "GPU-6f954bfd-7081-31b7-f15c-f9a174bf4d7f", "gpu_util_percent": 37.0, "gpu_mem_util_percent": 22.0, "gpu_mem_used_mib": 45710.0, "gpu_mem_total_mib": 49140.0, "gpu_power_w": 150.4, "process_present": true, "process_mem_mib": 45220.0, "process_mem_share_percent": 92.02279202279202, "process_util_available": true, "process_util_backend": "nvml", "process_sm_util_percent": 31.0, "process_mem_util_percent": 12.0}
{"timestamp_unix": 1772442602.5128183, "pid": 113948, "device_index": 0, "gpu_uuid": "GPU-6f954bfd-7081-31b7-f15c-f9a174bf4d7f", "gpu_util_percent": 37.0, "gpu_mem_util_percent": 22.0, "gpu_mem_used_mib": 45710.0, "gpu_mem_total_mib": 49140.0, "gpu_power_w": 143.68, "process_present": true, "process_mem_mib": 45220.0, "process_mem_share_percent": 92.02279202279202, "process_util_available": true, "process_util_backend": "nvml", "process_sm_util_percent": 15.0, "process_mem_util_percent": 6.0}
