{"timestamp_unix": 1772442153.375106, "pid": 107876, "device_index": 0, "gpu_uuid": "GPU-6f954bfd-7081-31b7-f15c-f9a174bf4d7f", "gpu_util_percent": 49.0, "gpu_mem_util_percent": 13.0, "gpu_mem_used_mib": 1012.0, "gpu_mem_total_mib": 49140.0, "gpu_power_w": 43.91, "process_present": true, "process_mem_mib": 500.0, "process_mem_share_percent": 1.0175010175010175, "process_util_available": true, "process_util_backend": "nvml", "process_sm_util_percent": 1.0, "process_mem_util_percent": 0.0}
{"timestamp_unix": 1772442153.778676, "pid": 107876, "device_index": 0, "gpu_uuid": "GPU-6f954bfd-7081-31b7-f15c-f9a174bf4d7f", "gpu_util_percent": 13.0, "gpu_mem_util_percent": 1.0, "gpu_mem_used_mib": 1008.0, "gpu_mem_total_mib": 49140.0, "gpu_power_w": 59.81, "process_present": true, "process_mem_mib": 500.0, "process_mem_share_percent": 1.0175010175010175, "process_util_available": true, "process_util_backend": "nvml", "process_sm_util_percent": null, "process_mem_util_percent": null}
{"timestamp_unix": 1772442154.0943482, "pid": 107876, "device_index": 0, "gpu_uuid": "GPU-6f954bfd-7081-31b7-f15c-f9a174bf4d7f", "gpu_util_percent": 13.0, "gpu_mem_util_percent": 1.0, "gpu_mem_used_mib": 1007.0, "gpu_mem_total_mib": 49140.0, "gpu_power_w": 59.81, "process_present": true, "process_mem_mib": 500.0, "process_mem_share_percent": 1.0175010175010175, "process_util_available": true, "process_util_backend": "nvml", "process_sm_util_percent": null, "process_mem_util_percent": null}
{"timestamp_unix": 1772442154.4215817, "pid": 107876, "device_index": 0, "gpu_uuid": "GPU-6f954bfd-7081-31b7-f15c-f9a174bf4d7f", "gpu_util_percent": 13.0, "gpu_mem_util_percent": 1.0, "gpu_mem_used_mib": 1007.0, "gpu_mem_total_mib": 49140.0, "gpu_power_w": 75.62, "process_present": true, "process_mem_mib": 500.0, "process_mem_share_percent": 1.0175010175010175, "process_util_available": true, "process_util_backend": "nvml", "process_sm_util_percent": null, "process_mem_util_percent": null}
{"timestamp_unix": 1772442154.728701, "pid": 107876, "device_index": 0, "gpu_uuid": "GPU-6f954bfd-7081-31b7-f15c-f9a174bf4d7f", "gpu_util_percent": 13.0, "gpu_mem_util_percent": 1.0, "gpu_mem_used_mib": 1207.0, "gpu_mem_total_mib": 49140.0, "gpu_power_w": 75.62, "process_present": true, "process_mem_mib": 700.0, "process_mem_share_percent": 1.4245014245014245, "process_util_available": true, "process_util_backend": "nvml", "process_sm_util_percent": null, "process_mem_util_percent": null}
{"timestamp_unix": 1772442155.0198805, "pid": 107876, "device_index": 0, "gpu_uuid": "GPU-6f954bfd-7081-31b7-f15c-f9a174bf4d7f", "gpu_util_percent": 21.0, "gpu_mem_util_percent": 2.0, "gpu_mem_used_mib": 1475.0, "gpu_mem_total_mib": 49140.0, "gpu_power_w": 77.9, "process_present": true, "process_mem_mib": 1220.0, "process_mem_share_percent": 2.4827024827024826, "process_util_available": true, "process_util_backend": "nvml", "process_sm_util_percent": 11.0, "process_mem_util_percent": 0.0}
{"timestamp_unix": 1772442155.3092046, "pid": 107876, "device_index": 0, "gpu_uuid": "GPU-6f954bfd-7081-31b7-f15c-f9a174bf4d7f", "gpu_util_percent": 21.0, "gpu_mem_util_percent": 2.0, "gpu_mem_used_mib": 1785.0, "gpu_mem_total_mib": 49140.0, "gpu_power_w": 80.77, "process_present": true, "process_mem_mib": 1300.0, "process_mem_share_percent": 2.6455026455026456, "process_util_available": true, "process_util_backend": "nvml", "process_sm_util_percent": null, "process_mem_util_percent": null}
{"timestamp_unix": 1772442155.6000583, "pid": 107876, "device_index": 0, "gpu_uuid": "GPU-6f954bfd-7081-31b7-f15c-f9a174bf4d7f", "gpu_util_percent": 21.0, "gpu_mem_util_percent": 2.0, "gpu_mem_used_mib": 3077.0, "gpu_mem_total_mib": 49140.0, "gpu_power_w": 80.77, "process_present": true, "process_mem_mib": 2782.0, "process_mem_share_percent": 5.661375661375661, "process_util_available": true, "process_util_backend": "nvml", "process_sm_util_percent": 19.0, "process_mem_util_percent": 2.0}
{"timestamp_unix": 1772442155.8877335, "pid": 107876, "device_index": 0, "gpu_uuid": "GPU-6f954bfd-7081-31b7-f15c-f9a174bf4d7f", "gpu_util_percent": 21.0, "gpu_mem_util_percent": 3.0, "gpu_mem_used_mib": 4777.0, "gpu_mem_total_mib": 49140.0, "gpu_power_w": 83.61, "process_present": true, "process_mem_mib": 4486.0, "process_mem_share_percent": 9.12901912901913, "process_util_available": true, "process_util_backend": "nvml", "process_sm_util_percent": 23.0, "process_mem_util_percent": 3.0}
{"timestamp_unix": 1772442156.1769447, "pid": 107876, "device_index": 0, "gpu_uuid": "GPU-6f954bfd-7081-31b7-f15c-f9a174bf4d7f", "gpu_util_percent": 21.0, "gpu_mem_util_percent": 3.0, "gpu_mem_used_mib": 6598.0, "gpu_mem_total_mib": 49140.0, "gpu_power_w": 83.61, "process_present": true, "process_mem_mib": 6332.0, "process_mem_share_percent": 12.885632885632885, "process_util_available": true, "process_util_backend": "nvml", "process_sm_util_percent": 22.0, "process_mem_util_percent": 3.0}
{"timestamp_unix": 1772442156.4675465, "pid": 107876, "device_index": 0, "gpu_uuid": "GPU-6f954bfd-7081-31b7-f15c-f9a174bf4d7f", "gpu_util_percent": 21.0, "gpu_mem_util_percent": 3.0, "gpu_mem_used_mib": 8522.0, "gpu_mem_total_mib": 49140.0, "gpu_power_w": 85.91, "process_present": true, "process_mem_mib": 8196.0, "process_mem_share_percent": 16.678876678876676, "process_util_available": true, "process_util_backend": "nvml", "process_sm_util_percent": 22.0, "process_mem_util_percent": 3.0}
{"timestamp_unix": 1772442156.7679183, "pid": 107876, "device_index": 0, "gpu_uuid": "GPU-6f954bfd-7081-31b7-f15c-f9a174bf4d7f", "gpu_util_percent": 22.0, "gpu_mem_util_percent": 4.0, "gpu_mem_used_mib": 9922.0, "gpu_mem_total_mib": 49140.0, "gpu_power_w": 88.47, "process_present": true, "process_mem_mib": 9616.0, "process_mem_share_percent": 19.56857956857957, "process_util_available": true, "process_util_backend": "nvml", "process_sm_util_percent": 21.0, "process_mem_util_percent": 3.0}
{"timestamp_unix": 1772442157.0678926, "pid": 107876, "device_index": 0, "gpu_uuid": "GPU-6f954bfd-7081-31b7-f15c-f9a174bf4d7f", "gpu_util_percent": 22.0, "gpu_mem_util_percent": 4.0, "gpu_mem_used_mib": 11392.0, "gpu_mem_total_mib": 49140.0, "gpu_power_w": 88.47, "process_present": true, "process_mem_mib": 11076.0, "process_mem_share_percent": 22.53968253968254, "process_util_available": true, "process_util_backend": "nvml", "process_sm_util_percent": 22.0, "process_mem_util_percent": 3.0}
{"timestamp_unix": 1772442157.3567963, "pid": 107876, "device_index": 0, "gpu_uuid": "GPU-6f954bfd-7081-31b7-f15c-f9a174bf4d7f", "gpu_util_percent": 22.0, "gpu_mem_util_percent": 4.0, "gpu_mem_used_mib": 12726.0, "gpu_mem_total_mib": 49140.0, "gpu_power_w": 88.12, "process_present": true, "process_mem_mib": 12426.0, "process_mem_share_percent": 25.286935286935286, "process_util_available": true, "process_util_backend": "nvml", "process_sm_util_percent": 21.0, "process_mem_util_percent": 3.0}
{"timestamp_unix": 1772442157.64987, "pid": 107876, "device_index": 0, "gpu_uuid": "GPU-6f954bfd-7081-31b7-f15c-f9a174bf4d7f", "gpu_util_percent": 22.0, "gpu_mem_util_percent": 4.0, "gpu_mem_used_mib": 14332.0, "gpu_mem_total_mib": 49140.0, "gpu_power_w": 88.12, "process_present": true, "process_mem_mib": 14064.0, "process_mem_share_percent": 28.620268620268618, "process_util_available": true, "process_util_backend": "nvml", "process_sm_util_percent": 10.0, "process_mem_util_percent": 1.0}
{"timestamp_unix": 1772442157.9360633, "pid": 107876, "device_index": 0, "gpu_uuid": "GPU-6f954bfd-7081-31b7-f15c-f9a174bf4d7f", "gpu_util_percent": 22.0, "gpu_mem_util_percent": 4.0, "gpu_mem_used_mib": 16076.0, "gpu_mem_total_mib": 49140.0, "gpu_power_w": 88.0, "process_present": true, "process_mem_mib": 15730.0, "process_mem_share_percent": 32.01058201058201, "process_util_available": true, "process_util_backend": "nvml", "process_sm_util_percent": null, "process_mem_util_percent": null}
{"timestamp_unix": 1772442158.2229927, "pid": 107876, "device_index": 0, "gpu_uuid": "GPU-6f954bfd-7081-31b7-f15c-f9a174bf4d7f", "gpu_util_percent": 22.0, "gpu_mem_util_percent": 4.0, "gpu_mem_used_mib": 17458.0, "gpu_mem_total_mib": 49140.0, "gpu_power_w": 88.02, "process_present": true, "process_mem_mib": 17094.0, "process_mem_share_percent": 34.78632478632478, "process_util_available": true, "process_util_backend": "nvml", "process_sm_util_percent": 12.0, "process_mem_util_percent": 1.0}
{"timestamp_unix": 1772442158.512908, "pid": 107876, "device_index": 0, "gpu_uuid": "GPU-6f954bfd-7081-31b7-f15c-f9a174bf4d7f", "gpu_util_percent": 22.0, "gpu_mem_util_percent": 4.0, "gpu_mem_used_mib": 18826.0, "gpu_mem_total_mib": 49140.0, "gpu_power_w": 88.02, "process_present": true, "process_mem_mib": 18536.0, "process_mem_share_percent": 37.72079772079772, "process_util_available": true, "process_util_backend": "nvml", "process_sm_util_percent": 22.0, "process_mem_util_percent": 3.0}
{"timestamp_unix": 1772442158.8013976, "pid": 107876, "device_index": 0, "gpu_uuid": "GPU-6f954bfd-7081-31b7-f15c-f9a174bf4d7f", "gpu_util_percent": 22.0, "gpu_mem_util_percent": 4.0, "gpu_mem_used_mib": 20386.0, "gpu_mem_total_mib": 49140.0, "gpu_power_w": 88.21, "process_present": true, "process_mem_mib": 20092.0, "process_mem_share_percent": 40.887260887260894, "process_util_available": true, "process_util_backend": "nvml", "process_sm_util_percent": 22.0, "process_mem_util_percent": 3.0}
{"timestamp_unix": 1772442159.1052017, "pid": 107876, "device_index": 0, "gpu_uuid": "GPU-6f954bfd-7081-31b7-f15c-f9a174bf4d7f", "gpu_util_percent": 22.0, "gpu_mem_util_percent": 4.0, "gpu_mem_used_mib": 22032.0, "gpu_mem_total_mib": 49140.0, "gpu_power_w": 88.21, "process_present": true, "process_mem_mib": 21772.0, "process_mem_share_percent": 44.30606430606431, "process_util_available": true, "process_util_backend": "nvml", "process_sm_util_percent": 23.0, "process_mem_util_percent": 4.0}
{"timestamp_unix": 1772442159.4117532, "pid": 107876, "device_index": 0, "gpu_uuid": "GPU-6f954bfd-7081-31b7-f15c-f9a174bf4d7f", "gpu_util_percent": 22.0, "gpu_mem_util_percent": 4.0, "gpu_mem_used_mib": 23736.0, "gpu_mem_total_mib": 49140.0, "gpu_power_w": 88.23, "process_present": true, "process_mem_mib": 23438.0, "process_mem_share_percent": 47.696377696377695, "process_util_available": true, "process_util_backend": "nvml", "process_sm_util_percent": 11.0, "process_mem_util_percent": 1.0}
{"timestamp_unix": 1772442159.7172515, "pid": 107876, "device_index": 0, "gpu_uuid": "GPU-6f954bfd-7081-31b7-f15c-f9a174bf4d7f", "gpu_util_percent": 22.0, "gpu_mem_util_percent": 4.0, "gpu_mem_used_mib": 25152.0, "gpu_mem_total_mib": 49140.0, "gpu_power_w": 88.23, "process_present": true, "process_mem_mib": 24838.0, "process_mem_share_percent": 50.545380545380546, "process_util_available": true, "process_util_backend": "nvml", "process_sm_util_percent": 22.0, "process_mem_util_percent": 3.0}
{"timestamp_unix": 1772442160.0076241, "pid": 107876, "device_index": 0, "gpu_uuid": "GPU-6f954bfd-7081-31b7-f15c-f9a174bf4d7f", "gpu_util_percent": 22.0, "gpu_mem_util_percent": 3.0, "gpu_mem_used_mib": 26644.0, "gpu_mem_total_mib": 49140.0, "gpu_power_w": 88.16, "process_present": true, "process_mem_mib": 26364.0, "process_mem_share_percent": 53.65079365079365, "process_util_available": true, "process_util_backend": "nvml", "process_sm_util_percent": 11.0, "process_mem_util_percent": 1.0}
{"timestamp_unix": 1772442160.3023603, "pid": 107876, "device_index": 0, "gpu_uuid": "GPU-6f954bfd-7081-31b7-f15c-f9a174bf4d7f", "gpu_util_percent": 22.0, "gpu_mem_util_percent": 3.0, "gpu_mem_used_mib": 28260.0, "gpu_mem_total_mib": 49140.0, "gpu_power_w": 88.17, "process_present": true, "process_mem_mib": 27988.0, "process_mem_share_percent": 56.955636955636955, "process_util_available": true, "process_util_backend": "nvml", "process_sm_util_percent": 23.0, "process_mem_util_percent": 4.0}
{"timestamp_unix": 1772442160.59243, "pid": 107876, "device_index": 0, "gpu_uuid": "GPU-6f954bfd-7081-31b7-f15c-f9a174bf4d7f", "gpu_util_percent": 22.0, "gpu_mem_util_percent": 3.0, "gpu_mem_used_mib": 29950.0, "gpu_mem_total_mib": 49140.0, "gpu_power_w": 88.17, "process_present": true, "process_mem_mib": 29658.0, "process_mem_share_percent": 60.35409035409035, "process_util_available": true, "process_util_backend": "nvml", "process_sm_util_percent": 21.0, "process_mem_util_percent": 3.0}
{"timestamp_unix": 1772442160.8853385, "pid": 107876, "device_index": 0, "gpu_uuid": "GPU-6f954bfd-7081-31b7-f15c-f9a174bf4d7f", "gpu_util_percent": 20.0, "gpu_mem_util_percent": 3.0, "gpu_mem_used_mib": 30370.0, "gpu_mem_total_mib": 49140.0, "gpu_power_w": 88.35, "process_present": true, "process_mem_mib": 29898.0, "process_mem_share_percent": 60.84249084249084, "process_util_available": true, "process_util_backend": "nvml", "process_sm_util_percent": 7.0, "process_mem_util_percent": 0.0}
{"timestamp_unix": 1772442161.1755962, "pid": 107876, "device_index": 0, "gpu_uuid": "GPU-6f954bfd-7081-31b7-f15c-f9a174bf4d7f", "gpu_util_percent": 20.0, "gpu_mem_util_percent": 3.0, "gpu_mem_used_mib": 30402.0, "gpu_mem_total_mib": 49140.0, "gpu_power_w": 88.35, "process_present": true, "process_mem_mib": 29898.0, "process_mem_share_percent": 60.84249084249084, "process_util_available": true, "process_util_backend": "nvml", "process_sm_util_percent": 25.0, "process_mem_util_percent": 4.0}
{"timestamp_unix": 1772442161.4686575, "pid": 107876, "device_index": 0, "gpu_uuid": "GPU-6f954bfd-7081-31b7-f15c-f9a174bf4d7f", "gpu_util_percent": 20.0, "gpu_mem_util_percent": 3.0, "gpu_mem_used_mib": 30402.0, "gpu_mem_total_mib": 49140.0, "gpu_power_w": 88.05, "process_present": true, "process_mem_mib": 29898.0, "process_mem_share_percent": 60.84249084249084, "process_util_available": true, "process_util_backend": "nvml", "process_sm_util_percent": 27.0, "process_mem_util_percent": 5.0}
{"timestamp_unix": 1772442161.76826, "pid": 107876, "device_index": 0, "gpu_uuid": "GPU-6f954bfd-7081-31b7-f15c-f9a174bf4d7f", "gpu_util_percent": 25.0, "gpu_mem_util_percent": 5.0, "gpu_mem_used_mib": 30402.0, "gpu_mem_total_mib": 49140.0, "gpu_power_w": 90.15, "process_present": true, "process_mem_mib": 29898.0, "process_mem_share_percent": 60.84249084249084, "process_util_available": true, "process_util_backend": "nvml", "process_sm_util_percent": 26.0, "process_mem_util_percent": 5.0}
{"timestamp_unix": 1772442162.0669835, "pid": 107876, "device_index": 0, "gpu_uuid": "GPU-6f954bfd-7081-31b7-f15c-f9a174bf4d7f", "gpu_util_percent": 25.0, "gpu_mem_util_percent": 5.0, "gpu_mem_used_mib": 30401.0, "gpu_mem_total_mib": 49140.0, "gpu_power_w": 90.15, "process_present": true, "process_mem_mib": 29898.0, "process_mem_share_percent": 60.84249084249084, "process_util_available": true, "process_util_backend": "nvml", "process_sm_util_percent": 13.0, "process_mem_util_percent": 2.0}
{"timestamp_unix": 1772442162.3662887, "pid": 107876, "device_index": 0, "gpu_uuid": "GPU-6f954bfd-7081-31b7-f15c-f9a174bf4d7f", "gpu_util_percent": 25.0, "gpu_mem_util_percent": 5.0, "gpu_mem_used_mib": 30401.0, "gpu_mem_total_mib": 49140.0, "gpu_power_w": 93.63, "process_present": true, "process_mem_mib": 29898.0, "process_mem_share_percent": 60.84249084249084, "process_util_available": true, "process_util_backend": "nvml", "process_sm_util_percent": 27.0, "process_mem_util_percent": 5.0}
{"timestamp_unix": 1772442162.6686828, "pid": 107876, "device_index": 0, "gpu_uuid": "GPU-6f954bfd-7081-31b7-f15c-f9a174bf4d7f", "gpu_util_percent": 25.0, "gpu_mem_util_percent": 5.0, "gpu_mem_used_mib": 30401.0, "gpu_mem_total_mib": 49140.0, "gpu_power_w": 93.63, "process_present": true, "process_mem_mib": 29898.0, "process_mem_share_percent": 60.84249084249084, "process_util_available": true, "process_util_backend": "nvml", "process_sm_util_percent": 25.0, "process_mem_util_percent": 4.0}
{"timestamp_unix": 1772442162.9682586, "pid": 107876, "device_index": 0, "gpu_uuid": "GPU-6f954bfd-7081-31b7-f15c-f9a174bf4d7f", "gpu_util_percent": 25.0, "gpu_mem_util_percent": 5.0, "gpu_mem_used_mib": 30401.0, "gpu_mem_total_mib": 49140.0, "gpu_power_w": 93.11, "process_present": true, "process_mem_mib": 29898.0, "process_mem_share_percent": 60.84249084249084, "process_util_available": true, "process_util_backend": "nvml", "process_sm_util_percent": 25.0, "process_mem_util_percent": 4.0}
{"timestamp_unix": 1772442163.2569025, "pid": 107876, "device_index": 0, "gpu_uuid": "GPU-6f954bfd-7081-31b7-f15c-f9a174bf4d7f", "gpu_util_percent": 25.0, "gpu_mem_util_percent": 5.0, "gpu_mem_used_mib": 30401.0, "gpu_mem_total_mib": 49140.0, "gpu_power_w": 92.78, "process_present": true, "process_mem_mib": 29898.0, "process_mem_share_percent": 60.84249084249084, "process_util_available": true, "process_util_backend": "nvml", "process_sm_util_percent": 26.0, "process_mem_util_percent": 4.0}
{"timestamp_unix": 1772442163.552432, "pid": 107876, "device_index": 0, "gpu_uuid": "GPU-6f954bfd-7081-31b7-f15c-f9a174bf4d7f", "gpu_util_percent": 25.0, "gpu_mem_util_percent": 5.0, "gpu_mem_used_mib": 30405.0, "gpu_mem_total_mib": 49140.0, "gpu_power_w": 92.78, "process_present": true, "process_mem_mib": 29898.0, "process_mem_share_percent": 60.84249084249084, "process_util_available": true, "process_util_backend": "nvml", "process_sm_util_percent": 26.0, "process_mem_util_percent": 4.0}
{"timestamp_unix": 1772442163.8423102, "pid": 107876, "device_index": 0, "gpu_uuid": "GPU-6f954bfd-7081-31b7-f15c-f9a174bf4d7f", "gpu_util_percent": 25.0, "gpu_mem_util_percent": 4.0, "gpu_mem_used_mib": 30405.0, "gpu_mem_total_mib": 49140.0, "gpu_power_w": 92.28, "process_present": true, "process_mem_mib": 29898.0, "process_mem_share_percent": 60.84249084249084, "process_util_available": true, "process_util_backend": "nvml", "process_sm_util_percent": 25.0, "process_mem_util_percent": 4.0}
{"timestamp_unix": 1772442164.1351867, "pid": 107876, "device_index": 0, "gpu_uuid": "GPU-6f954bfd-7081-31b7-f15c-f9a174bf4d7f", "gpu_util_percent": 25.0, "gpu_mem_util_percent": 4.0, "gpu_mem_used_mib": 30405.0, "gpu_mem_total_mib": 49140.0, "gpu_power_w": 92.28, "process_present": true, "process_mem_mib": 29898.0, "process_mem_share_percent": 60.84249084249084, "process_util_available": true, "process_util_backend": "nvml", "process_sm_util_percent": 25.0, "process_mem_util_percent": 3.0}
{"timestamp_unix": 1772442164.4239762, "pid": 107876, "device_index": 0, "gpu_uuid": "GPU-6f954bfd-7081-31b7-f15c-f9a174bf4d7f", "gpu_util_percent": 25.0, "gpu_mem_util_percent": 4.0, "gpu_mem_used_mib": 30405.0, "gpu_mem_total_mib": 49140.0, "gpu_power_w": 92.0, "process_present": true, "process_mem_mib": 29898.0, "process_mem_share_percent": 60.84249084249084, "process_util_available": true, "process_util_backend": "nvml", "process_sm_util_percent": 26.0, "process_mem_util_percent": 3.0}
{"timestamp_unix": 1772442164.7279465, "pid": 107876, "device_index": 0, "gpu_uuid": "GPU-6f954bfd-7081-31b7-f15c-f9a174bf4d7f", "gpu_util_percent": 25.0, "gpu_mem_util_percent": 4.0, "gpu_mem_used_mib": 30405.0, "gpu_mem_total_mib": 49140.0, "gpu_power_w": 92.0, "process_present": true, "process_mem_mib": 29898.0, "process_mem_share_percent": 60.84249084249084, "process_util_available": true, "process_util_backend": "nvml", "process_sm_util_percent": 24.0, "process_mem_util_percent": 3.0}
{"timestamp_unix": 1772442165.0380812, "pid": 107876, "device_index": 0, "gpu_uuid": "GPU-6f954bfd-7081-31b7-f15c-f9a174bf4d7f", "gpu_util_percent": 24.0, "gpu_mem_util_percent": 4.0, "gpu_mem_used_mib": 30404.0, "gpu_mem_total_mib": 49140.0, "gpu_power_w": 91.7, "process_present": true, "process_mem_mib": 29898.0, "process_mem_share_percent": 60.84249084249084, "process_util_available": true, "process_util_backend": "nvml", "process_sm_util_percent": 25.0, "process_mem_util_percent": 3.0}
{"timestamp_unix": 1772442165.3441548, "pid": 107876, "device_index": 0, "gpu_uuid": "GPU-6f954bfd-7081-31b7-f15c-f9a174bf4d7f", "gpu_util_percent": 24.0, "gpu_mem_util_percent": 4.0, "gpu_mem_used_mib": 30404.0, "gpu_mem_total_mib": 49140.0, "gpu_power_w": 91.44, "process_present": true, "process_mem_mib": 29898.0, "process_mem_share_percent": 60.84249084249084, "process_util_available": true, "process_util_backend": "nvml", "process_sm_util_percent": 25.0, "process_mem_util_percent": 3.0}
{"timestamp_unix": 1772442165.6515164, "pid": 107876, "device_index": 0, "gpu_uuid": "GPU-6f954bfd-7081-31b7-f15c-f9a174bf4d7f", "gpu_util_percent": 24.0, "gpu_mem_util_percent": 4.0, "gpu_mem_used_mib": 30406.0, "gpu_mem_total_mib": 49140.0, "gpu_power_w": 91.44, "process_present": true, "process_mem_mib": 29898.0, "process_mem_share_percent": 60.84249084249084, "process_util_available": true, "process_util_backend": "nvml", "process_sm_util_percent": 13.0, "process_mem_util_percent": 1.0}
{"timestamp_unix": 1772442165.939886, "pid": 107876, "device_index": 0, "gpu_uuid": "GPU-6f954bfd-7081-31b7-f15c-f9a174bf4d7f", "gpu_util_percent": 25.0, "gpu_mem_util_percent": 3.0, "gpu_mem_used_mib": 30406.0, "gpu_mem_total_mib": 49140.0, "gpu_power_w": 91.03, "process_present": true, "process_mem_mib": 29898.0, "process_mem_share_percent": 60.84249084249084, "process_util_available": true, "process_util_backend": "nvml", "process_sm_util_percent": 24.0, "process_mem_util_percent": 3.0}
{"timestamp_unix": 1772442166.2279985, "pid": 107876, "device_index": 0, "gpu_uuid": "GPU-6f954bfd-7081-31b7-f15c-f9a174bf4d7f", "gpu_util_percent": 25.0, "gpu_mem_util_percent": 3.0, "gpu_mem_used_mib": 30406.0, "gpu_mem_total_mib": 49140.0, "gpu_power_w": 90.72, "process_present": true, "process_mem_mib": 29898.0, "process_mem_share_percent": 60.84249084249084, "process_util_available": true, "process_util_backend": "nvml", "process_sm_util_percent": 25.0, "process_mem_util_percent": 3.0}
{"timestamp_unix": 1772442166.519526, "pid": 107876, "device_index": 0, "gpu_uuid": "GPU-6f954bfd-7081-31b7-f15c-f9a174bf4d7f", "gpu_util_percent": 25.0, "gpu_mem_util_percent": 3.0, "gpu_mem_used_mib": 30406.0, "gpu_mem_total_mib": 49140.0, "gpu_power_w": 90.72, "process_present": true, "process_mem_mib": 29898.0, "process_mem_share_percent": 60.84249084249084, "process_util_available": true, "process_util_backend": "nvml", "process_sm_util_percent": 20.0, "process_mem_util_percent": 2.0}
{"timestamp_unix": 1772442166.8100636, "pid": 107876, "device_index": 0, "gpu_uuid": "GPU-6f954bfd-7081-31b7-f15c-f9a174bf4d7f", "gpu_util_percent": 23.0, "gpu_mem_util_percent": 4.0, "gpu_mem_used_mib": 30406.0, "gpu_mem_total_mib": 49140.0, "gpu_power_w": 89.97, "process_present": true, "process_mem_mib": 29898.0, "process_mem_share_percent": 60.84249084249084, "process_util_available": true, "process_util_backend": "nvml", "process_sm_util_percent": 24.0, "process_mem_util_percent": 4.0}
{"timestamp_unix": 1772442167.1026616, "pid": 107876, "device_index": 0, "gpu_uuid": "GPU-6f954bfd-7081-31b7-f15c-f9a174bf4d7f", "gpu_util_percent": 23.0, "gpu_mem_util_percent": 4.0, "gpu_mem_used_mib": 30405.0, "gpu_mem_total_mib": 49140.0, "gpu_power_w": 89.97, "process_present": true, "process_mem_mib": 29898.0, "process_mem_share_percent": 60.84249084249084, "process_util_available": true, "process_util_backend": "nvml", "process_sm_util_percent": 24.0, "process_mem_util_percent": 5.0}
{"timestamp_unix": 1772442167.5854862, "pid": 107876, "device_index": 0, "gpu_uuid": "GPU-6f954bfd-7081-31b7-f15c-f9a174bf4d7f", "gpu_util_percent": 23.0, "gpu_mem_util_percent": 4.0, "gpu_mem_used_mib": 30405.0, "gpu_mem_total_mib": 49140.0, "gpu_power_w": 90.79, "process_present": true, "process_mem_mib": 29898.0, "process_mem_share_percent": 60.84249084249084, "process_util_available": true, "process_util_backend": "nvml", "process_sm_util_percent": 13.0, "process_mem_util_percent": 2.0}
{"timestamp_unix": 1772442167.885862, "pid": 107876, "device_index": 0, "gpu_uuid": "GPU-6f954bfd-7081-31b7-f15c-f9a174bf4d7f", "gpu_util_percent": 15.0, "gpu_mem_util_percent": 2.0, "gpu_mem_used_mib": 30405.0, "gpu_mem_total_mib": 49140.0, "gpu_power_w": 89.72, "process_present": true, "process_mem_mib": 29898.0, "process_mem_share_percent": 60.84249084249084, "process_util_available": true, "process_util_backend": "nvml", "process_sm_util_percent": 20.0, "process_mem_util_percent": 3.0}
{"timestamp_unix": 1772442168.1955636, "pid": 107876, "device_index": 0, "gpu_uuid": "GPU-6f954bfd-7081-31b7-f15c-f9a174bf4d7f", "gpu_util_percent": 15.0, "gpu_mem_util_percent": 2.0, "gpu_mem_used_mib": 30405.0, "gpu_mem_total_mib": 49140.0, "gpu_power_w": 89.72, "process_present": true, "process_mem_mib": 29898.0, "process_mem_share_percent": 60.84249084249084, "process_util_available": true, "process_util_backend": "nvml", "process_sm_util_percent": 25.0, "process_mem_util_percent": 5.0}
{"timestamp_unix": 1772442168.5008152, "pid": 107876, "device_index": 0, "gpu_uuid": "GPU-6f954bfd-7081-31b7-f15c-f9a174bf4d7f", "gpu_util_percent": 15.0, "gpu_mem_util_percent": 2.0, "gpu_mem_used_mib": 30401.0, "gpu_mem_total_mib": 49140.0, "gpu_power_w": 90.27, "process_present": true, "process_mem_mib": 29898.0, "process_mem_share_percent": 60.84249084249084, "process_util_available": true, "process_util_backend": "nvml", "process_sm_util_percent": 25.0, "process_mem_util_percent": 5.0}
{"timestamp_unix": 1772442168.8021276, "pid": 107876, "device_index": 0, "gpu_uuid": "GPU-6f954bfd-7081-31b7-f15c-f9a174bf4d7f", "gpu_util_percent": 24.0, "gpu_mem_util_percent": 5.0, "gpu_mem_used_mib": 30401.0, "gpu_mem_total_mib": 49140.0, "gpu_power_w": 91.74, "process_present": true, "process_mem_mib": 29898.0, "process_mem_share_percent": 60.84249084249084, "process_util_available": true, "process_util_backend": "nvml", "process_sm_util_percent": 24.0, "process_mem_util_percent": 5.0}
{"timestamp_unix": 1772442169.0953188, "pid": 107876, "device_index": 0, "gpu_uuid": "GPU-6f954bfd-7081-31b7-f15c-f9a174bf4d7f", "gpu_util_percent": 24.0, "gpu_mem_util_percent": 5.0, "gpu_mem_used_mib": 30401.0, "gpu_mem_total_mib": 49140.0, "gpu_power_w": 91.74, "process_present": true, "process_mem_mib": 29898.0, "process_mem_share_percent": 60.84249084249084, "process_util_available": true, "process_util_backend": "nvml", "process_sm_util_percent": 25.0, "process_mem_util_percent": 5.0}
{"timestamp_unix": 1772442169.3901317, "pid": 107876, "device_index": 0, "gpu_uuid": "GPU-6f954bfd-7081-31b7-f15c-f9a174bf4d7f", "gpu_util_percent": 24.0, "gpu_mem_util_percent": 5.0, "gpu_mem_used_mib": 30401.0, "gpu_mem_total_mib": 49140.0, "gpu_power_w": 92.97, "process_present": true, "process_mem_mib": 29898.0, "process_mem_share_percent": 60.84249084249084, "process_util_available": true, "process_util_backend": "nvml", "process_sm_util_percent": 24.0, "process_mem_util_percent": 5.0}
{"timestamp_unix": 1772442169.6851153, "pid": 107876, "device_index": 0, "gpu_uuid": "GPU-6f954bfd-7081-31b7-f15c-f9a174bf4d7f", "gpu_util_percent": 24.0, "gpu_mem_util_percent": 5.0, "gpu_mem_used_mib": 30401.0, "gpu_mem_total_mib": 49140.0, "gpu_power_w": 92.97, "process_present": true, "process_mem_mib": 29898.0, "process_mem_share_percent": 60.84249084249084, "process_util_available": true, "process_util_backend": "nvml", "process_sm_util_percent": 24.0, "process_mem_util_percent": 5.0}
{"timestamp_unix": 1772442169.976518, "pid": 107876, "device_index": 0, "gpu_uuid": "GPU-6f954bfd-7081-31b7-f15c-f9a174bf4d7f", "gpu_util_percent": 24.0, "gpu_mem_util_percent": 5.0, "gpu_mem_used_mib": 30401.0, "gpu_mem_total_mib": 49140.0, "gpu_power_w": 93.03, "process_present": true, "process_mem_mib": 29898.0, "process_mem_share_percent": 60.84249084249084, "process_util_available": true, "process_util_backend": "nvml", "process_sm_util_percent": 24.0, "process_mem_util_percent": 5.0}
{"timestamp_unix": 1772442170.268905, "pid": 107876, "device_index": 0, "gpu_uuid": "GPU-6f954bfd-7081-31b7-f15c-f9a174bf4d7f", "gpu_util_percent": 24.0, "gpu_mem_util_percent": 5.0, "gpu_mem_used_mib": 30401.0, "gpu_mem_total_mib": 49140.0, "gpu_power_w": 93.42, "process_present": true, "process_mem_mib": 29898.0, "process_mem_share_percent": 60.84249084249084, "process_util_available": true, "process_util_backend": "nvml", "process_sm_util_percent": 25.0, "process_mem_util_percent": 5.0}
{"timestamp_unix": 1772442170.5612135, "pid": 107876, "device_index": 0, "gpu_uuid": "GPU-6f954bfd-7081-31b7-f15c-f9a174bf4d7f", "gpu_util_percent": 24.0, "gpu_mem_util_percent": 5.0, "gpu_mem_used_mib": 30401.0, "gpu_mem_total_mib": 49140.0, "gpu_power_w": 93.42, "process_present": true, "process_mem_mib": 29978.0, "process_mem_share_percent": 61.00529100529101, "process_util_available": true, "process_util_backend": "nvml", "process_sm_util_percent": 24.0, "process_mem_util_percent": 5.0}
{"timestamp_unix": 1772442170.8690915, "pid": 107876, "device_index": 0, "gpu_uuid": "GPU-6f954bfd-7081-31b7-f15c-f9a174bf4d7f", "gpu_util_percent": 23.0, "gpu_mem_util_percent": 5.0, "gpu_mem_used_mib": 31356.0, "gpu_mem_total_mib": 49140.0, "gpu_power_w": 93.7, "process_present": true, "process_mem_mib": 30854.0, "process_mem_share_percent": 62.78795278795278, "process_util_available": true, "process_util_backend": "nvml", "process_sm_util_percent": 12.0, "process_mem_util_percent": 2.0}
{"timestamp_unix": 1772442171.169309, "pid": 107876, "device_index": 0, "gpu_uuid": "GPU-6f954bfd-7081-31b7-f15c-f9a174bf4d7f", "gpu_util_percent": 23.0, "gpu_mem_util_percent": 5.0, "gpu_mem_used_mib": 31756.0, "gpu_mem_total_mib": 49140.0, "gpu_power_w": 93.7, "process_present": true, "process_mem_mib": 31254.0, "process_mem_share_percent": 63.601953601953596, "process_util_available": true, "process_util_backend": "nvml", "process_sm_util_percent": 16.0, "process_mem_util_percent": 2.0}
{"timestamp_unix": 1772442171.4688206, "pid": 107876, "device_index": 0, "gpu_uuid": "GPU-6f954bfd-7081-31b7-f15c-f9a174bf4d7f", "gpu_util_percent": 23.0, "gpu_mem_util_percent": 5.0, "gpu_mem_used_mib": 31756.0, "gpu_mem_total_mib": 49140.0, "gpu_power_w": 90.32, "process_present": true, "process_mem_mib": 31254.0, "process_mem_share_percent": 63.601953601953596, "process_util_available": true, "process_util_backend": "nvml", "process_sm_util_percent": 28.0, "process_mem_util_percent": 7.0}
{"timestamp_unix": 1772442171.7591872, "pid": 107876, "device_index": 0, "gpu_uuid": "GPU-6f954bfd-7081-31b7-f15c-f9a174bf4d7f", "gpu_util_percent": 26.0, "gpu_mem_util_percent": 8.0, "gpu_mem_used_mib": 31756.0, "gpu_mem_total_mib": 49140.0, "gpu_power_w": 92.22, "process_present": true, "process_mem_mib": 31254.0, "process_mem_share_percent": 63.601953601953596, "process_util_available": true, "process_util_backend": "nvml", "process_sm_util_percent": 26.0, "process_mem_util_percent": 7.0}
{"timestamp_unix": 1772442172.0481794, "pid": 107876, "device_index": 0, "gpu_uuid": "GPU-6f954bfd-7081-31b7-f15c-f9a174bf4d7f", "gpu_util_percent": 26.0, "gpu_mem_util_percent": 8.0, "gpu_mem_used_mib": 31756.0, "gpu_mem_total_mib": 49140.0, "gpu_power_w": 92.22, "process_present": true, "process_mem_mib": 31254.0, "process_mem_share_percent": 63.601953601953596, "process_util_available": true, "process_util_backend": "nvml", "process_sm_util_percent": 25.0, "process_mem_util_percent": 7.0}
{"timestamp_unix": 1772442172.339718, "pid": 107876, "device_index": 0, "gpu_uuid": "GPU-6f954bfd-7081-31b7-f15c-f9a174bf4d7f", "gpu_util_percent": 26.0, "gpu_mem_util_percent": 8.0, "gpu_mem_used_mib": 31756.0, "gpu_mem_total_mib": 49140.0, "gpu_power_w": 97.76, "process_present": true, "process_mem_mib": 31254.0, "process_mem_share_percent": 63.601953601953596, "process_util_available": true, "process_util_backend": "nvml", "process_sm_util_percent": 24.0, "process_mem_util_percent": 7.0}
{"timestamp_unix": 1772442172.6281123, "pid": 107876, "device_index": 0, "gpu_uuid": "GPU-6f954bfd-7081-31b7-f15c-f9a174bf4d7f", "gpu_util_percent": 26.0, "gpu_mem_util_percent": 8.0, "gpu_mem_used_mib": 31756.0, "gpu_mem_total_mib": 49140.0, "gpu_power_w": 97.76, "process_present": true, "process_mem_mib": 31254.0, "process_mem_share_percent": 63.601953601953596, "process_util_available": true, "process_util_backend": "nvml", "process_sm_util_percent": 25.0, "process_mem_util_percent": 7.0}
{"timestamp_unix": 1772442172.9189963, "pid": 107876, "device_index": 0, "gpu_uuid": "GPU-6f954bfd-7081-31b7-f15c-f9a174bf4d7f", "gpu_util_percent": 25.0, "gpu_mem_util_percent": 7.0, "gpu_mem_used_mib": 31756.0, "gpu_mem_total_mib": 49140.0, "gpu_power_w": 97.66, "process_present": true, "process_mem_mib": 31254.0, "process_mem_share_percent": 63.601953601953596, "process_util_available": true, "process_util_backend": "nvml", "process_sm_util_percent": null, "process_mem_util_percent": null}
{"timestamp_unix": 1772442173.2108002, "pid": 107876, "device_index": 0, "gpu_uuid": "GPU-6f954bfd-7081-31b7-f15c-f9a174bf4d7f", "gpu_util_percent": 25.0, "gpu_mem_util_percent": 7.0, "gpu_mem_used_mib": 31754.0, "gpu_mem_total_mib": 49140.0, "gpu_power_w": 97.66, "process_present": true, "process_mem_mib": 31254.0, "process_mem_share_percent": 63.601953601953596, "process_util_available": true, "process_util_backend": "nvml", "process_sm_util_percent": null, "process_mem_util_percent": null}
{"timestamp_unix": 1772442173.5183613, "pid": 107876, "device_index": 0, "gpu_uuid": "GPU-6f954bfd-7081-31b7-f15c-f9a174bf4d7f", "gpu_util_percent": 25.0, "gpu_mem_util_percent": 7.0, "gpu_mem_used_mib": 31754.0, "gpu_mem_total_mib": 49140.0, "gpu_power_w": 97.42, "process_present": true, "process_mem_mib": 31254.0, "process_mem_share_percent": 63.601953601953596, "process_util_available": true, "process_util_backend": "nvml", "process_sm_util_percent": null, "process_mem_util_percent": null}
{"timestamp_unix": 1772442173.8191986, "pid": 107876, "device_index": 0, "gpu_uuid": "GPU-6f954bfd-7081-31b7-f15c-f9a174bf4d7f", "gpu_util_percent": 24.0, "gpu_mem_util_percent": 7.0, "gpu_mem_used_mib": 31754.0, "gpu_mem_total_mib": 49140.0, "gpu_power_w": 96.82, "process_present": true, "process_mem_mib": 31254.0, "process_mem_share_percent": 63.601953601953596, "process_util_available": true, "process_util_backend": "nvml", "process_sm_util_percent": 24.0, "process_mem_util_percent": 6.0}
{"timestamp_unix": 1772442174.1174443, "pid": 107876, "device_index": 0, "gpu_uuid": "GPU-6f954bfd-7081-31b7-f15c-f9a174bf4d7f", "gpu_util_percent": 24.0, "gpu_mem_util_percent": 7.0, "gpu_mem_used_mib": 31755.0, "gpu_mem_total_mib": 49140.0, "gpu_power_w": 96.82, "process_present": true, "process_mem_mib": 31254.0, "process_mem_share_percent": 63.601953601953596, "process_util_available": true, "process_util_backend": "nvml", "process_sm_util_percent": 26.0, "process_mem_util_percent": 7.0}
{"timestamp_unix": 1772442174.418871, "pid": 107876, "device_index": 0, "gpu_uuid": "GPU-6f954bfd-7081-31b7-f15c-f9a174bf4d7f", "gpu_util_percent": 24.0, "gpu_mem_util_percent": 7.0, "gpu_mem_used_mib": 31755.0, "gpu_mem_total_mib": 49140.0, "gpu_power_w": 96.42, "process_present": true, "process_mem_mib": 31254.0, "process_mem_share_percent": 63.601953601953596, "process_util_available": true, "process_util_backend": "nvml", "process_sm_util_percent": 25.0, "process_mem_util_percent": 6.0}
{"timestamp_unix": 1772442174.7124534, "pid": 107876, "device_index": 0, "gpu_uuid": "GPU-6f954bfd-7081-31b7-f15c-f9a174bf4d7f", "gpu_util_percent": 24.0, "gpu_mem_util_percent": 7.0, "gpu_mem_used_mib": 31755.0, "gpu_mem_total_mib": 49140.0, "gpu_power_w": 96.42, "process_present": true, "process_mem_mib": 31254.0, "process_mem_share_percent": 63.601953601953596, "process_util_available": true, "process_util_backend": "nvml", "process_sm_util_percent": 26.0, "process_mem_util_percent": 6.0}
{"timestamp_unix": 1772442175.0063167, "pid": 107876, "device_index": 0, "gpu_uuid": "GPU-6f954bfd-7081-31b7-f15c-f9a174bf4d7f", "gpu_util_percent": 27.0, "gpu_mem_util_percent": 6.0, "gpu_mem_used_mib": 31755.0, "gpu_mem_total_mib": 49140.0, "gpu_power_w": 95.92, "process_present": true, "process_mem_mib": 31254.0, "process_mem_share_percent": 63.601953601953596, "process_util_available": true, "process_util_backend": "nvml", "process_sm_util_percent": 27.0, "process_mem_util_percent": 6.0}
{"timestamp_unix": 1772442175.300735, "pid": 107876, "device_index": 0, "gpu_uuid": "GPU-6f954bfd-7081-31b7-f15c-f9a174bf4d7f", "gpu_util_percent": 27.0, "gpu_mem_util_percent": 6.0, "gpu_mem_used_mib": 31754.0, "gpu_mem_total_mib": 49140.0, "gpu_power_w": 95.58, "process_present": true, "process_mem_mib": 31254.0, "process_mem_share_percent": 63.601953601953596, "process_util_available": true, "process_util_backend": "nvml", "process_sm_util_percent": null, "process_mem_util_percent": null}
{"timestamp_unix": 1772442175.5894065, "pid": 107876, "device_index": 0, "gpu_uuid": "GPU-6f954bfd-7081-31b7-f15c-f9a174bf4d7f", "gpu_util_percent": 27.0, "gpu_mem_util_percent": 6.0, "gpu_mem_used_mib": 31754.0, "gpu_mem_total_mib": 49140.0, "gpu_power_w": 95.58, "process_present": true, "process_mem_mib": 31254.0, "process_mem_share_percent": 63.601953601953596, "process_util_available": true, "process_util_backend": "nvml", "process_sm_util_percent": 26.0, "process_mem_util_percent": 5.0}
{"timestamp_unix": 1772442175.8810394, "pid": 107876, "device_index": 0, "gpu_uuid": "GPU-6f954bfd-7081-31b7-f15c-f9a174bf4d7f", "gpu_util_percent": 28.0, "gpu_mem_util_percent": 5.0, "gpu_mem_used_mib": 31754.0, "gpu_mem_total_mib": 49140.0, "gpu_power_w": 94.86, "process_present": true, "process_mem_mib": 31254.0, "process_mem_share_percent": 63.601953601953596, "process_util_available": true, "process_util_backend": "nvml", "process_sm_util_percent": 25.0, "process_mem_util_percent": 4.0}
{"timestamp_unix": 1772442176.1729271, "pid": 107876, "device_index": 0, "gpu_uuid": "GPU-6f954bfd-7081-31b7-f15c-f9a174bf4d7f", "gpu_util_percent": 28.0, "gpu_mem_util_percent": 5.0, "gpu_mem_used_mib": 31753.0, "gpu_mem_total_mib": 49140.0, "gpu_power_w": 94.86, "process_present": true, "process_mem_mib": 31254.0, "process_mem_share_percent": 63.601953601953596, "process_util_available": true, "process_util_backend": "nvml", "process_sm_util_percent": 25.0, "process_mem_util_percent": 4.0}
{"timestamp_unix": 1772442176.4791832, "pid": 107876, "device_index": 0, "gpu_uuid": "GPU-6f954bfd-7081-31b7-f15c-f9a174bf4d7f", "gpu_util_percent": 28.0, "gpu_mem_util_percent": 5.0, "gpu_mem_used_mib": 31753.0, "gpu_mem_total_mib": 49140.0, "gpu_power_w": 93.83, "process_present": true, "process_mem_mib": 31254.0, "process_mem_share_percent": 63.601953601953596, "process_util_available": true, "process_util_backend": "nvml", "process_sm_util_percent": 25.0, "process_mem_util_percent": 4.0}
{"timestamp_unix": 1772442176.7857857, "pid": 107876, "device_index": 0, "gpu_uuid": "GPU-6f954bfd-7081-31b7-f15c-f9a174bf4d7f", "gpu_util_percent": 26.0, "gpu_mem_util_percent": 4.0, "gpu_mem_used_mib": 31753.0, "gpu_mem_total_mib": 49140.0, "gpu_power_w": 93.19, "process_present": true, "process_mem_mib": 31254.0, "process_mem_share_percent": 63.601953601953596, "process_util_available": true, "process_util_backend": "nvml", "process_sm_util_percent": 25.0, "process_mem_util_percent": 4.0}
{"timestamp_unix": 1772442177.0859795, "pid": 107876, "device_index": 0, "gpu_uuid": "GPU-6f954bfd-7081-31b7-f15c-f9a174bf4d7f", "gpu_util_percent": 26.0, "gpu_mem_util_percent": 4.0, "gpu_mem_used_mib": 31748.0, "gpu_mem_total_mib": 49140.0, "gpu_power_w": 93.19, "process_present": true, "process_mem_mib": 31254.0, "process_mem_share_percent": 63.601953601953596, "process_util_available": true, "process_util_backend": "nvml", "process_sm_util_percent": 21.0, "process_mem_util_percent": 4.0}
{"timestamp_unix": 1772442177.377406, "pid": 107876, "device_index": 0, "gpu_uuid": "GPU-6f954bfd-7081-31b7-f15c-f9a174bf4d7f", "gpu_util_percent": 26.0, "gpu_mem_util_percent": 4.0, "gpu_mem_used_mib": 31748.0, "gpu_mem_total_mib": 49140.0, "gpu_power_w": 92.18, "process_present": true, "process_mem_mib": 31254.0, "process_mem_share_percent": 63.601953601953596, "process_util_available": true, "process_util_backend": "nvml", "process_sm_util_percent": 24.0, "process_mem_util_percent": 5.0}
{"timestamp_unix": 1772442177.6722453, "pid": 107876, "device_index": 0, "gpu_uuid": "GPU-6f954bfd-7081-31b7-f15c-f9a174bf4d7f", "gpu_util_percent": 26.0, "gpu_mem_util_percent": 4.0, "gpu_mem_used_mib": 31748.0, "gpu_mem_total_mib": 49140.0, "gpu_power_w": 92.18, "process_present": true, "process_mem_mib": 31254.0, "process_mem_share_percent": 63.601953601953596, "process_util_available": true, "process_util_backend": "nvml", "process_sm_util_percent": 24.0, "process_mem_util_percent": 5.0}
{"timestamp_unix": 1772442177.9632523, "pid": 107876, "device_index": 0, "gpu_uuid": "GPU-6f954bfd-7081-31b7-f15c-f9a174bf4d7f", "gpu_util_percent": 25.0, "gpu_mem_util_percent": 6.0, "gpu_mem_used_mib": 31748.0, "gpu_mem_total_mib": 49140.0, "gpu_power_w": 93.01, "process_present": true, "process_mem_mib": 31254.0, "process_mem_share_percent": 63.601953601953596, "process_util_available": true, "process_util_backend": "nvml", "process_sm_util_percent": 25.0, "process_mem_util_percent": 6.0}
{"timestamp_unix": 1772442178.256613, "pid": 107876, "device_index": 0, "gpu_uuid": "GPU-6f954bfd-7081-31b7-f15c-f9a174bf4d7f", "gpu_util_percent": 25.0, "gpu_mem_util_percent": 6.0, "gpu_mem_used_mib": 31748.0, "gpu_mem_total_mib": 49140.0, "gpu_power_w": 95.1, "process_present": true, "process_mem_mib": 31254.0, "process_mem_share_percent": 63.601953601953596, "process_util_available": true, "process_util_backend": "nvml", "process_sm_util_percent": 25.0, "process_mem_util_percent": 5.0}
{"timestamp_unix": 1772442178.5510128, "pid": 107876, "device_index": 0, "gpu_uuid": "GPU-6f954bfd-7081-31b7-f15c-f9a174bf4d7f", "gpu_util_percent": 25.0, "gpu_mem_util_percent": 6.0, "gpu_mem_used_mib": 31752.0, "gpu_mem_total_mib": 49140.0, "gpu_power_w": 95.1, "process_present": true, "process_mem_mib": 31254.0, "process_mem_share_percent": 63.601953601953596, "process_util_available": true, "process_util_backend": "nvml", "process_sm_util_percent": 25.0, "process_mem_util_percent": 6.0}
{"timestamp_unix": 1772442178.8414228, "pid": 107876, "device_index": 0, "gpu_uuid": "GPU-6f954bfd-7081-31b7-f15c-f9a174bf4d7f", "gpu_util_percent": 26.0, "gpu_mem_util_percent": 6.0, "gpu_mem_used_mib": 31752.0, "gpu_mem_total_mib": 49140.0, "gpu_power_w": 95.33, "process_present": true, "process_mem_mib": 31254.0, "process_mem_share_percent": 63.601953601953596, "process_util_available": true, "process_util_backend": "nvml", "process_sm_util_percent": 25.0, "process_mem_util_percent": 6.0}
{"timestamp_unix": 1772442179.1482358, "pid": 107876, "device_index": 0, "gpu_uuid": "GPU-6f954bfd-7081-31b7-f15c-f9a174bf4d7f", "gpu_util_percent": 26.0, "gpu_mem_util_percent": 6.0, "gpu_mem_used_mib": 31750.0, "gpu_mem_total_mib": 49140.0, "gpu_power_w": 95.33, "process_present": true, "process_mem_mib": 31254.0, "process_mem_share_percent": 63.601953601953596, "process_util_available": true, "process_util_backend": "nvml", "process_sm_util_percent": 25.0, "process_mem_util_percent": 6.0}
{"timestamp_unix": 1772442179.452169, "pid": 107876, "device_index": 0, "gpu_uuid": "GPU-6f954bfd-7081-31b7-f15c-f9a174bf4d7f", "gpu_util_percent": 26.0, "gpu_mem_util_percent": 6.0, "gpu_mem_used_mib": 31750.0, "gpu_mem_total_mib": 49140.0, "gpu_power_w": 95.52, "process_present": true, "process_mem_mib": 31254.0, "process_mem_share_percent": 63.601953601953596, "process_util_available": true, "process_util_backend": "nvml", "process_sm_util_percent": 25.0, "process_mem_util_percent": 6.0}
{"timestamp_unix": 1772442179.7523775, "pid": 107876, "device_index": 0, "gpu_uuid": "GPU-6f954bfd-7081-31b7-f15c-f9a174bf4d7f", "gpu_util_percent": 26.0, "gpu_mem_util_percent": 6.0, "gpu_mem_used_mib": 31750.0, "gpu_mem_total_mib": 49140.0, "gpu_power_w": 95.79, "process_present": true, "process_mem_mib": 31254.0, "process_mem_share_percent": 63.601953601953596, "process_util_available": true, "process_util_backend": "nvml", "process_sm_util_percent": 24.0, "process_mem_util_percent": 6.0}
{"timestamp_unix": 1772442180.0503263, "pid": 107876, "device_index": 0, "gpu_uuid": "GPU-6f954bfd-7081-31b7-f15c-f9a174bf4d7f", "gpu_util_percent": 26.0, "gpu_mem_util_percent": 6.0, "gpu_mem_used_mib": 31750.0, "gpu_mem_total_mib": 49140.0, "gpu_power_w": 95.79, "process_present": true, "process_mem_mib": 31254.0, "process_mem_share_percent": 63.601953601953596, "process_util_available": true, "process_util_backend": "nvml", "process_sm_util_percent": 25.0, "process_mem_util_percent": 6.0}
{"timestamp_unix": 1772442180.3409266, "pid": 107876, "device_index": 0, "gpu_uuid": "GPU-6f954bfd-7081-31b7-f15c-f9a174bf4d7f", "gpu_util_percent": 26.0, "gpu_mem_util_percent": 6.0, "gpu_mem_used_mib": 31870.0, "gpu_mem_total_mib": 49140.0, "gpu_power_w": 96.15, "process_present": true, "process_mem_mib": 31404.0, "process_mem_share_percent": 63.9072039072039, "process_util_available": true, "process_util_backend": "nvml", "process_sm_util_percent": 25.0, "process_mem_util_percent": 6.0}
{"timestamp_unix": 1772442180.6358576, "pid": 107876, "device_index": 0, "gpu_uuid": "GPU-6f954bfd-7081-31b7-f15c-f9a174bf4d7f", "gpu_util_percent": 26.0, "gpu_mem_util_percent": 6.0, "gpu_mem_used_mib": 32140.0, "gpu_mem_total_mib": 49140.0, "gpu_power_w": 96.15, "process_present": true, "process_mem_mib": 31704.0, "process_mem_share_percent": 64.51770451770452, "process_util_available": true, "process_util_backend": "nvml", "process_sm_util_percent": 25.0, "process_mem_util_percent": 6.0}
{"timestamp_unix": 1772442180.926574, "pid": 107876, "device_index": 0, "gpu_uuid": "GPU-6f954bfd-7081-31b7-f15c-f9a174bf4d7f", "gpu_util_percent": 26.0, "gpu_mem_util_percent": 6.0, "gpu_mem_used_mib": 32310.0, "gpu_mem_total_mib": 49140.0, "gpu_power_w": 96.41, "process_present": true, "process_mem_mib": 31814.0, "process_mem_share_percent": 64.74155474155474, "process_util_available": true, "process_util_backend": "nvml", "process_sm_util_percent": null, "process_mem_util_percent": null}
{"timestamp_unix": 1772442181.2222528, "pid": 107876, "device_index": 0, "gpu_uuid": "GPU-6f954bfd-7081-31b7-f15c-f9a174bf4d7f", "gpu_util_percent": 26.0, "gpu_mem_util_percent": 6.0, "gpu_mem_used_mib": 32927.0, "gpu_mem_total_mib": 49140.0, "gpu_power_w": 96.41, "process_present": true, "process_mem_mib": 32428.0, "process_mem_share_percent": 65.991045991046, "process_util_available": true, "process_util_backend": "nvml", "process_sm_util_percent": 22.0, "process_mem_util_percent": 5.0}
{"timestamp_unix": 1772442181.511136, "pid": 107876, "device_index": 0, "gpu_uuid": "GPU-6f954bfd-7081-31b7-f15c-f9a174bf4d7f", "gpu_util_percent": 26.0, "gpu_mem_util_percent": 6.0, "gpu_mem_used_mib": 32927.0, "gpu_mem_total_mib": 49140.0, "gpu_power_w": 92.47, "process_present": true, "process_mem_mib": 32428.0, "process_mem_share_percent": 65.991045991046, "process_util_available": true, "process_util_backend": "nvml", "process_sm_util_percent": 30.0, "process_mem_util_percent": 11.0}
{"timestamp_unix": 1772442181.8023064, "pid": 107876, "device_index": 0, "gpu_uuid": "GPU-6f954bfd-7081-31b7-f15c-f9a174bf4d7f", "gpu_util_percent": 32.0, "gpu_mem_util_percent": 12.0, "gpu_mem_used_mib": 32927.0, "gpu_mem_total_mib": 49140.0, "gpu_power_w": 95.57, "process_present": true, "process_mem_mib": 32428.0, "process_mem_share_percent": 65.991045991046, "process_util_available": true, "process_util_backend": "nvml", "process_sm_util_percent": 30.0, "process_mem_util_percent": 11.0}
{"timestamp_unix": 1772442182.1032212, "pid": 107876, "device_index": 0, "gpu_uuid": "GPU-6f954bfd-7081-31b7-f15c-f9a174bf4d7f", "gpu_util_percent": 32.0, "gpu_mem_util_percent": 12.0, "gpu_mem_used_mib": 32929.0, "gpu_mem_total_mib": 49140.0, "gpu_power_w": 95.57, "process_present": true, "process_mem_mib": 32428.0, "process_mem_share_percent": 65.991045991046, "process_util_available": true, "process_util_backend": "nvml", "process_sm_util_percent": 30.0, "process_mem_util_percent": 11.0}
{"timestamp_unix": 1772442182.4009087, "pid": 107876, "device_index": 0, "gpu_uuid": "GPU-6f954bfd-7081-31b7-f15c-f9a174bf4d7f", "gpu_util_percent": 32.0, "gpu_mem_util_percent": 12.0, "gpu_mem_used_mib": 32933.0, "gpu_mem_total_mib": 49140.0, "gpu_power_w": 102.49, "process_present": true, "process_mem_mib": 32428.0, "process_mem_share_percent": 65.991045991046, "process_util_available": true, "process_util_backend": "nvml", "process_sm_util_percent": 30.0, "process_mem_util_percent": 10.0}
{"timestamp_unix": 1772442182.711652, "pid": 107876, "device_index": 0, "gpu_uuid": "GPU-6f954bfd-7081-31b7-f15c-f9a174bf4d7f", "gpu_util_percent": 32.0, "gpu_mem_util_percent": 12.0, "gpu_mem_used_mib": 32933.0, "gpu_mem_total_mib": 49140.0, "gpu_power_w": 102.49, "process_present": true, "process_mem_mib": 32428.0, "process_mem_share_percent": 65.991045991046, "process_util_available": true, "process_util_backend": "nvml", "process_sm_util_percent": 30.0, "process_mem_util_percent": 11.0}
{"timestamp_unix": 1772442183.0187218, "pid": 107876, "device_index": 0, "gpu_uuid": "GPU-6f954bfd-7081-31b7-f15c-f9a174bf4d7f", "gpu_util_percent": 31.0, "gpu_mem_util_percent": 11.0, "gpu_mem_used_mib": 32933.0, "gpu_mem_total_mib": 49140.0, "gpu_power_w": 102.68, "process_present": true, "process_mem_mib": 32428.0, "process_mem_share_percent": 65.991045991046, "process_util_available": true, "process_util_backend": "nvml", "process_sm_util_percent": 29.0, "process_mem_util_percent": 10.0}
{"timestamp_unix": 1772442183.3089526, "pid": 107876, "device_index": 0, "gpu_uuid": "GPU-6f954bfd-7081-31b7-f15c-f9a174bf4d7f", "gpu_util_percent": 31.0, "gpu_mem_util_percent": 11.0, "gpu_mem_used_mib": 32933.0, "gpu_mem_total_mib": 49140.0, "gpu_power_w": 102.04, "process_present": true, "process_mem_mib": 32428.0, "process_mem_share_percent": 65.991045991046, "process_util_available": true, "process_util_backend": "nvml", "process_sm_util_percent": 30.0, "process_mem_util_percent": 10.0}
{"timestamp_unix": 1772442183.6021976, "pid": 107876, "device_index": 0, "gpu_uuid": "GPU-6f954bfd-7081-31b7-f15c-f9a174bf4d7f", "gpu_util_percent": 31.0, "gpu_mem_util_percent": 11.0, "gpu_mem_used_mib": 32933.0, "gpu_mem_total_mib": 49140.0, "gpu_power_w": 102.04, "process_present": true, "process_mem_mib": 32428.0, "process_mem_share_percent": 65.991045991046, "process_util_available": true, "process_util_backend": "nvml", "process_sm_util_percent": 29.0, "process_mem_util_percent": 9.0}
{"timestamp_unix": 1772442183.8927279, "pid": 107876, "device_index": 0, "gpu_uuid": "GPU-6f954bfd-7081-31b7-f15c-f9a174bf4d7f", "gpu_util_percent": 30.0, "gpu_mem_util_percent": 9.0, "gpu_mem_used_mib": 32933.0, "gpu_mem_total_mib": 49140.0, "gpu_power_w": 101.62, "process_present": true, "process_mem_mib": 32428.0, "process_mem_share_percent": 65.991045991046, "process_util_available": true, "process_util_backend": "nvml", "process_sm_util_percent": 29.0, "process_mem_util_percent": 10.0}
{"timestamp_unix": 1772442184.184907, "pid": 107876, "device_index": 0, "gpu_uuid": "GPU-6f954bfd-7081-31b7-f15c-f9a174bf4d7f", "gpu_util_percent": 30.0, "gpu_mem_util_percent": 9.0, "gpu_mem_used_mib": 32933.0, "gpu_mem_total_mib": 49140.0, "gpu_power_w": 101.62, "process_present": true, "process_mem_mib": 32428.0, "process_mem_share_percent": 65.991045991046, "process_util_available": true, "process_util_backend": "nvml", "process_sm_util_percent": 29.0, "process_mem_util_percent": 9.0}
{"timestamp_unix": 1772442184.4742076, "pid": 107876, "device_index": 0, "gpu_uuid": "GPU-6f954bfd-7081-31b7-f15c-f9a174bf4d7f", "gpu_util_percent": 30.0, "gpu_mem_util_percent": 9.0, "gpu_mem_used_mib": 32933.0, "gpu_mem_total_mib": 49140.0, "gpu_power_w": 101.29, "process_present": true, "process_mem_mib": 32428.0, "process_mem_share_percent": 65.991045991046, "process_util_available": true, "process_util_backend": "nvml", "process_sm_util_percent": 28.0, "process_mem_util_percent": 9.0}
{"timestamp_unix": 1772442184.7690177, "pid": 107876, "device_index": 0, "gpu_uuid": "GPU-6f954bfd-7081-31b7-f15c-f9a174bf4d7f", "gpu_util_percent": 29.0, "gpu_mem_util_percent": 9.0, "gpu_mem_used_mib": 32933.0, "gpu_mem_total_mib": 49140.0, "gpu_power_w": 100.46, "process_present": true, "process_mem_mib": 32428.0, "process_mem_share_percent": 65.991045991046, "process_util_available": true, "process_util_backend": "nvml", "process_sm_util_percent": 28.0, "process_mem_util_percent": 9.0}
{"timestamp_unix": 1772442185.0682056, "pid": 107876, "device_index": 0, "gpu_uuid": "GPU-6f954bfd-7081-31b7-f15c-f9a174bf4d7f", "gpu_util_percent": 29.0, "gpu_mem_util_percent": 9.0, "gpu_mem_used_mib": 32933.0, "gpu_mem_total_mib": 49140.0, "gpu_power_w": 100.46, "process_present": true, "process_mem_mib": 32428.0, "process_mem_share_percent": 65.991045991046, "process_util_available": true, "process_util_backend": "nvml", "process_sm_util_percent": 29.0, "process_mem_util_percent": 9.0}
{"timestamp_unix": 1772442185.3691308, "pid": 107876, "device_index": 0, "gpu_uuid": "GPU-6f954bfd-7081-31b7-f15c-f9a174bf4d7f", "gpu_util_percent": 29.0, "gpu_mem_util_percent": 9.0, "gpu_mem_used_mib": 32933.0, "gpu_mem_total_mib": 49140.0, "gpu_power_w": 100.14, "process_present": true, "process_mem_mib": 32428.0, "process_mem_share_percent": 65.991045991046, "process_util_available": true, "process_util_backend": "nvml", "process_sm_util_percent": 29.0, "process_mem_util_percent": 9.0}
{"timestamp_unix": 1772442185.6771755, "pid": 107876, "device_index": 0, "gpu_uuid": "GPU-6f954bfd-7081-31b7-f15c-f9a174bf4d7f", "gpu_util_percent": 29.0, "gpu_mem_util_percent": 9.0, "gpu_mem_used_mib": 32933.0, "gpu_mem_total_mib": 49140.0, "gpu_power_w": 100.14, "process_present": true, "process_mem_mib": 32428.0, "process_mem_share_percent": 65.991045991046, "process_util_available": true, "process_util_backend": "nvml", "process_sm_util_percent": 27.0, "process_mem_util_percent": 7.0}
{"timestamp_unix": 1772442185.9732237, "pid": 107876, "device_index": 0, "gpu_uuid": "GPU-6f954bfd-7081-31b7-f15c-f9a174bf4d7f", "gpu_util_percent": 27.0, "gpu_mem_util_percent": 6.0, "gpu_mem_used_mib": 32933.0, "gpu_mem_total_mib": 49140.0, "gpu_power_w": 99.37, "process_present": true, "process_mem_mib": 32428.0, "process_mem_share_percent": 65.991045991046, "process_util_available": true, "process_util_backend": "nvml", "process_sm_util_percent": 25.0, "process_mem_util_percent": 6.0}
{"timestamp_unix": 1772442186.2664442, "pid": 107876, "device_index": 0, "gpu_uuid": "GPU-6f954bfd-7081-31b7-f15c-f9a174bf4d7f", "gpu_util_percent": 27.0, "gpu_mem_util_percent": 6.0, "gpu_mem_used_mib": 32933.0, "gpu_mem_total_mib": 49140.0, "gpu_power_w": 97.37, "process_present": true, "process_mem_mib": 32428.0, "process_mem_share_percent": 65.991045991046, "process_util_available": true, "process_util_backend": "nvml", "process_sm_util_percent": 26.0, "process_mem_util_percent": 5.0}
{"timestamp_unix": 1772442186.5585294, "pid": 107876, "device_index": 0, "gpu_uuid": "GPU-6f954bfd-7081-31b7-f15c-f9a174bf4d7f", "gpu_util_percent": 27.0, "gpu_mem_util_percent": 6.0, "gpu_mem_used_mib": 32933.0, "gpu_mem_total_mib": 49140.0, "gpu_power_w": 97.37, "process_present": true, "process_mem_mib": 32428.0, "process_mem_share_percent": 65.991045991046, "process_util_available": true, "process_util_backend": "nvml", "process_sm_util_percent": 25.0, "process_mem_util_percent": 5.0}
{"timestamp_unix": 1772442186.8526378, "pid": 107876, "device_index": 0, "gpu_uuid": "GPU-6f954bfd-7081-31b7-f15c-f9a174bf4d7f", "gpu_util_percent": 27.0, "gpu_mem_util_percent": 6.0, "gpu_mem_used_mib": 32933.0, "gpu_mem_total_mib": 49140.0, "gpu_power_w": 96.18, "process_present": true, "process_mem_mib": 32428.0, "process_mem_share_percent": 65.991045991046, "process_util_available": true, "process_util_backend": "nvml", "process_sm_util_percent": 13.0, "process_mem_util_percent": 2.0}
{"timestamp_unix": 1772442187.1426961, "pid": 107876, "device_index": 0, "gpu_uuid": "GPU-6f954bfd-7081-31b7-f15c-f9a174bf4d7f", "gpu_util_percent": 27.0, "gpu_mem_util_percent": 6.0, "gpu_mem_used_mib": 32933.0, "gpu_mem_total_mib": 49140.0, "gpu_power_w": 96.18, "process_present": true, "process_mem_mib": 32428.0, "process_mem_share_percent": 65.991045991046, "process_util_available": true, "process_util_backend": "nvml", "process_sm_util_percent": 23.0, "process_mem_util_percent": 5.0}
{"timestamp_unix": 1772442187.4360967, "pid": 107876, "device_index": 0, "gpu_uuid": "GPU-6f954bfd-7081-31b7-f15c-f9a174bf4d7f", "gpu_util_percent": 27.0, "gpu_mem_util_percent": 6.0, "gpu_mem_used_mib": 32933.0, "gpu_mem_total_mib": 49140.0, "gpu_power_w": 94.86, "process_present": true, "process_mem_mib": 32428.0, "process_mem_share_percent": 65.991045991046, "process_util_available": true, "process_util_backend": "nvml", "process_sm_util_percent": 25.0, "process_mem_util_percent": 5.0}
{"timestamp_unix": 1772442187.732252, "pid": 107876, "device_index": 0, "gpu_uuid": "GPU-6f954bfd-7081-31b7-f15c-f9a174bf4d7f", "gpu_util_percent": 27.0, "gpu_mem_util_percent": 6.0, "gpu_mem_used_mib": 32933.0, "gpu_mem_total_mib": 49140.0, "gpu_power_w": 95.15, "process_present": true, "process_mem_mib": 32428.0, "process_mem_share_percent": 65.991045991046, "process_util_available": true, "process_util_backend": "nvml", "process_sm_util_percent": 25.0, "process_mem_util_percent": 6.0}
{"timestamp_unix": 1772442188.0355642, "pid": 107876, "device_index": 0, "gpu_uuid": "GPU-6f954bfd-7081-31b7-f15c-f9a174bf4d7f", "gpu_util_percent": 26.0, "gpu_mem_util_percent": 7.0, "gpu_mem_used_mib": 32933.0, "gpu_mem_total_mib": 49140.0, "gpu_power_w": 95.15, "process_present": true, "process_mem_mib": 32428.0, "process_mem_share_percent": 65.991045991046, "process_util_available": true, "process_util_backend": "nvml", "process_sm_util_percent": 26.0, "process_mem_util_percent": 6.0}
{"timestamp_unix": 1772442188.332476, "pid": 107876, "device_index": 0, "gpu_uuid": "GPU-6f954bfd-7081-31b7-f15c-f9a174bf4d7f", "gpu_util_percent": 26.0, "gpu_mem_util_percent": 7.0, "gpu_mem_used_mib": 32933.0, "gpu_mem_total_mib": 49140.0, "gpu_power_w": 97.12, "process_present": true, "process_mem_mib": 32428.0, "process_mem_share_percent": 65.991045991046, "process_util_available": true, "process_util_backend": "nvml", "process_sm_util_percent": null, "process_mem_util_percent": null}
{"timestamp_unix": 1772442188.626, "pid": 107876, "device_index": 0, "gpu_uuid": "GPU-6f954bfd-7081-31b7-f15c-f9a174bf4d7f", "gpu_util_percent": 26.0, "gpu_mem_util_percent": 7.0, "gpu_mem_used_mib": 32933.0, "gpu_mem_total_mib": 49140.0, "gpu_power_w": 97.12, "process_present": true, "process_mem_mib": 32428.0, "process_mem_share_percent": 65.991045991046, "process_util_available": true, "process_util_backend": "nvml", "process_sm_util_percent": null, "process_mem_util_percent": null}
{"timestamp_unix": 1772442188.919084, "pid": 107876, "device_index": 0, "gpu_uuid": "GPU-6f954bfd-7081-31b7-f15c-f9a174bf4d7f", "gpu_util_percent": 28.0, "gpu_mem_util_percent": 7.0, "gpu_mem_used_mib": 32933.0, "gpu_mem_total_mib": 49140.0, "gpu_power_w": 97.69, "process_present": true, "process_mem_mib": 32428.0, "process_mem_share_percent": 65.991045991046, "process_util_available": true, "process_util_backend": "nvml", "process_sm_util_percent": null, "process_mem_util_percent": null}
{"timestamp_unix": 1772442189.2101223, "pid": 107876, "device_index": 0, "gpu_uuid": "GPU-6f954bfd-7081-31b7-f15c-f9a174bf4d7f", "gpu_util_percent": 28.0, "gpu_mem_util_percent": 7.0, "gpu_mem_used_mib": 32932.0, "gpu_mem_total_mib": 49140.0, "gpu_power_w": 97.69, "process_present": true, "process_mem_mib": 32428.0, "process_mem_share_percent": 65.991045991046, "process_util_available": true, "process_util_backend": "nvml", "process_sm_util_percent": 26.0, "process_mem_util_percent": 7.0}
{"timestamp_unix": 1772442189.5046034, "pid": 107876, "device_index": 0, "gpu_uuid": "GPU-6f954bfd-7081-31b7-f15c-f9a174bf4d7f", "gpu_util_percent": 28.0, "gpu_mem_util_percent": 7.0, "gpu_mem_used_mib": 32992.0, "gpu_mem_total_mib": 49140.0, "gpu_power_w": 97.96, "process_present": true, "process_mem_mib": 32548.0, "process_mem_share_percent": 66.23524623524624, "process_util_available": true, "process_util_backend": "nvml", "process_sm_util_percent": 25.0, "process_mem_util_percent": 7.0}
{"timestamp_unix": 1772442189.794911, "pid": 107876, "device_index": 0, "gpu_uuid": "GPU-6f954bfd-7081-31b7-f15c-f9a174bf4d7f", "gpu_util_percent": 26.0, "gpu_mem_util_percent": 7.0, "gpu_mem_used_mib": 33292.0, "gpu_mem_total_mib": 49140.0, "gpu_power_w": 97.96, "process_present": true, "process_mem_mib": 32818.0, "process_mem_share_percent": 66.78469678469679, "process_util_available": true, "process_util_backend": "nvml", "process_sm_util_percent": 25.0, "process_mem_util_percent": 7.0}
{"timestamp_unix": 1772442190.087603, "pid": 107876, "device_index": 0, "gpu_uuid": "GPU-6f954bfd-7081-31b7-f15c-f9a174bf4d7f", "gpu_util_percent": 26.0, "gpu_mem_util_percent": 7.0, "gpu_mem_used_mib": 34283.0, "gpu_mem_total_mib": 49140.0, "gpu_power_w": 97.96, "process_present": true, "process_mem_mib": 33808.0, "process_mem_share_percent": 68.7993487993488, "process_util_available": true, "process_util_backend": "nvml", "process_sm_util_percent": 28.0, "process_mem_util_percent": 7.0}
{"timestamp_unix": 1772442190.3815346, "pid": 107876, "device_index": 0, "gpu_uuid": "GPU-6f954bfd-7081-31b7-f15c-f9a174bf4d7f", "gpu_util_percent": 26.0, "gpu_mem_util_percent": 7.0, "gpu_mem_used_mib": 34553.0, "gpu_mem_total_mib": 49140.0, "gpu_power_w": 98.05, "process_present": true, "process_mem_mib": 34108.0, "process_mem_share_percent": 69.40984940984941, "process_util_available": true, "process_util_backend": "nvml", "process_sm_util_percent": 27.0, "process_mem_util_percent": 7.0}
{"timestamp_unix": 1772442190.6892853, "pid": 107876, "device_index": 0, "gpu_uuid": "GPU-6f954bfd-7081-31b7-f15c-f9a174bf4d7f", "gpu_util_percent": 26.0, "gpu_mem_util_percent": 7.0, "gpu_mem_used_mib": 34853.0, "gpu_mem_total_mib": 49140.0, "gpu_power_w": 98.05, "process_present": true, "process_mem_mib": 34408.0, "process_mem_share_percent": 70.02035002035002, "process_util_available": true, "process_util_backend": "nvml", "process_sm_util_percent": 26.0, "process_mem_util_percent": 7.0}
{"timestamp_unix": 1772442190.9946508, "pid": 107876, "device_index": 0, "gpu_uuid": "GPU-6f954bfd-7081-31b7-f15c-f9a174bf4d7f", "gpu_util_percent": 27.0, "gpu_mem_util_percent": 8.0, "gpu_mem_used_mib": 35093.0, "gpu_mem_total_mib": 49140.0, "gpu_power_w": 98.35, "process_present": true, "process_mem_mib": 34588.0, "process_mem_share_percent": 70.38665038665039, "process_util_available": true, "process_util_backend": "nvml", "process_sm_util_percent": 14.0, "process_mem_util_percent": 3.0}
{"timestamp_unix": 1772442191.3024707, "pid": 107876, "device_index": 0, "gpu_uuid": "GPU-6f954bfd-7081-31b7-f15c-f9a174bf4d7f", "gpu_util_percent": 27.0, "gpu_mem_util_percent": 8.0, "gpu_mem_used_mib": 35813.0, "gpu_mem_total_mib": 49140.0, "gpu_power_w": 94.2, "process_present": true, "process_mem_mib": 35338.0, "process_mem_share_percent": 71.91290191290192, "process_util_available": true, "process_util_backend": "nvml", "process_sm_util_percent": 15.0, "process_mem_util_percent": 1.0}
{"timestamp_unix": 1772442191.5927958, "pid": 107876, "device_index": 0, "gpu_uuid": "GPU-6f954bfd-7081-31b7-f15c-f9a174bf4d7f", "gpu_util_percent": 27.0, "gpu_mem_util_percent": 8.0, "gpu_mem_used_mib": 35843.0, "gpu_mem_total_mib": 49140.0, "gpu_power_w": 94.2, "process_present": true, "process_mem_mib": 35338.0, "process_mem_share_percent": 71.91290191290192, "process_util_available": true, "process_util_backend": "nvml", "process_sm_util_percent": 34.0, "process_mem_util_percent": 13.0}
{"timestamp_unix": 1772442191.8861954, "pid": 107876, "device_index": 0, "gpu_uuid": "GPU-6f954bfd-7081-31b7-f15c-f9a174bf4d7f", "gpu_util_percent": 35.0, "gpu_mem_util_percent": 14.0, "gpu_mem_used_mib": 35843.0, "gpu_mem_total_mib": 49140.0, "gpu_power_w": 95.29, "process_present": true, "process_mem_mib": 35338.0, "process_mem_share_percent": 71.91290191290192, "process_util_available": true, "process_util_backend": "nvml", "process_sm_util_percent": 34.0, "process_mem_util_percent": 14.0}
{"timestamp_unix": 1772442192.1758857, "pid": 107876, "device_index": 0, "gpu_uuid": "GPU-6f954bfd-7081-31b7-f15c-f9a174bf4d7f", "gpu_util_percent": 35.0, "gpu_mem_util_percent": 14.0, "gpu_mem_used_mib": 35843.0, "gpu_mem_total_mib": 49140.0, "gpu_power_w": 95.29, "process_present": true, "process_mem_mib": 35338.0, "process_mem_share_percent": 71.91290191290192, "process_util_available": true, "process_util_backend": "nvml", "process_sm_util_percent": 35.0, "process_mem_util_percent": 14.0}
{"timestamp_unix": 1772442192.4682193, "pid": 107876, "device_index": 0, "gpu_uuid": "GPU-6f954bfd-7081-31b7-f15c-f9a174bf4d7f", "gpu_util_percent": 35.0, "gpu_mem_util_percent": 14.0, "gpu_mem_used_mib": 35843.0, "gpu_mem_total_mib": 49140.0, "gpu_power_w": 101.8, "process_present": true, "process_mem_mib": 35338.0, "process_mem_share_percent": 71.91290191290192, "process_util_available": true, "process_util_backend": "nvml", "process_sm_util_percent": 35.0, "process_mem_util_percent": 14.0}
{"timestamp_unix": 1772442192.7569056, "pid": 107876, "device_index": 0, "gpu_uuid": "GPU-6f954bfd-7081-31b7-f15c-f9a174bf4d7f", "gpu_util_percent": 36.0, "gpu_mem_util_percent": 15.0, "gpu_mem_used_mib": 35843.0, "gpu_mem_total_mib": 49140.0, "gpu_power_w": 107.89, "process_present": true, "process_mem_mib": 35338.0, "process_mem_share_percent": 71.91290191290192, "process_util_available": true, "process_util_backend": "nvml", "process_sm_util_percent": 34.0, "process_mem_util_percent": 13.0}
{"timestamp_unix": 1772442193.0479653, "pid": 107876, "device_index": 0, "gpu_uuid": "GPU-6f954bfd-7081-31b7-f15c-f9a174bf4d7f", "gpu_util_percent": 36.0, "gpu_mem_util_percent": 15.0, "gpu_mem_used_mib": 35841.0, "gpu_mem_total_mib": 49140.0, "gpu_power_w": 107.89, "process_present": true, "process_mem_mib": 35338.0, "process_mem_share_percent": 71.91290191290192, "process_util_available": true, "process_util_backend": "nvml", "process_sm_util_percent": 34.0, "process_mem_util_percent": 13.0}
{"timestamp_unix": 1772442193.3518355, "pid": 107876, "device_index": 0, "gpu_uuid": "GPU-6f954bfd-7081-31b7-f15c-f9a174bf4d7f", "gpu_util_percent": 36.0, "gpu_mem_util_percent": 15.0, "gpu_mem_used_mib": 35841.0, "gpu_mem_total_mib": 49140.0, "gpu_power_w": 107.51, "process_present": true, "process_mem_mib": 35338.0, "process_mem_share_percent": 71.91290191290192, "process_util_available": true, "process_util_backend": "nvml", "process_sm_util_percent": 33.0, "process_mem_util_percent": 13.0}
{"timestamp_unix": 1772442193.6478295, "pid": 107876, "device_index": 0, "gpu_uuid": "GPU-6f954bfd-7081-31b7-f15c-f9a174bf4d7f", "gpu_util_percent": 36.0, "gpu_mem_util_percent": 15.0, "gpu_mem_used_mib": 35837.0, "gpu_mem_total_mib": 49140.0, "gpu_power_w": 107.51, "process_present": true, "process_mem_mib": 35338.0, "process_mem_share_percent": 71.91290191290192, "process_util_available": true, "process_util_backend": "nvml", "process_sm_util_percent": 32.0, "process_mem_util_percent": 13.0}
{"timestamp_unix": 1772442193.9551072, "pid": 107876, "device_index": 0, "gpu_uuid": "GPU-6f954bfd-7081-31b7-f15c-f9a174bf4d7f", "gpu_util_percent": 31.0, "gpu_mem_util_percent": 12.0, "gpu_mem_used_mib": 35837.0, "gpu_mem_total_mib": 49140.0, "gpu_power_w": 106.9, "process_present": true, "process_mem_mib": 35338.0, "process_mem_share_percent": 71.91290191290192, "process_util_available": true, "process_util_backend": "nvml", "process_sm_util_percent": 30.0, "process_mem_util_percent": 12.0}
{"timestamp_unix": 1772442194.2555683, "pid": 107876, "device_index": 0, "gpu_uuid": "GPU-6f954bfd-7081-31b7-f15c-f9a174bf4d7f", "gpu_util_percent": 31.0, "gpu_mem_util_percent": 12.0, "gpu_mem_used_mib": 35838.0, "gpu_mem_total_mib": 49140.0, "gpu_power_w": 106.35, "process_present": true, "process_mem_mib": 35338.0, "process_mem_share_percent": 71.91290191290192, "process_util_available": true, "process_util_backend": "nvml", "process_sm_util_percent": 32.0, "process_mem_util_percent": 12.0}
{"timestamp_unix": 1772442194.5474074, "pid": 107876, "device_index": 0, "gpu_uuid": "GPU-6f954bfd-7081-31b7-f15c-f9a174bf4d7f", "gpu_util_percent": 31.0, "gpu_mem_util_percent": 12.0, "gpu_mem_used_mib": 35838.0, "gpu_mem_total_mib": 49140.0, "gpu_power_w": 106.35, "process_present": true, "process_mem_mib": 35338.0, "process_mem_share_percent": 71.91290191290192, "process_util_available": true, "process_util_backend": "nvml", "process_sm_util_percent": 30.0, "process_mem_util_percent": 13.0}
{"timestamp_unix": 1772442194.841738, "pid": 107876, "device_index": 0, "gpu_uuid": "GPU-6f954bfd-7081-31b7-f15c-f9a174bf4d7f", "gpu_util_percent": 31.0, "gpu_mem_util_percent": 12.0, "gpu_mem_used_mib": 35838.0, "gpu_mem_total_mib": 49140.0, "gpu_power_w": 105.97, "process_present": true, "process_mem_mib": 35338.0, "process_mem_share_percent": 71.91290191290192, "process_util_available": true, "process_util_backend": "nvml", "process_sm_util_percent": 30.0, "process_mem_util_percent": 12.0}
{"timestamp_unix": 1772442195.1357675, "pid": 107876, "device_index": 0, "gpu_uuid": "GPU-6f954bfd-7081-31b7-f15c-f9a174bf4d7f", "gpu_util_percent": 31.0, "gpu_mem_util_percent": 12.0, "gpu_mem_used_mib": 35838.0, "gpu_mem_total_mib": 49140.0, "gpu_power_w": 105.97, "process_present": true, "process_mem_mib": 35338.0, "process_mem_share_percent": 71.91290191290192, "process_util_available": true, "process_util_backend": "nvml", "process_sm_util_percent": 30.0, "process_mem_util_percent": 12.0}
{"timestamp_unix": 1772442195.4281101, "pid": 107876, "device_index": 0, "gpu_uuid": "GPU-6f954bfd-7081-31b7-f15c-f9a174bf4d7f", "gpu_util_percent": 31.0, "gpu_mem_util_percent": 12.0, "gpu_mem_used_mib": 35838.0, "gpu_mem_total_mib": 49140.0, "gpu_power_w": 105.75, "process_present": true, "process_mem_mib": 35338.0, "process_mem_share_percent": 71.91290191290192, "process_util_available": true, "process_util_backend": "nvml", "process_sm_util_percent": 31.0, "process_mem_util_percent": 12.0}
{"timestamp_unix": 1772442195.7236624, "pid": 107876, "device_index": 0, "gpu_uuid": "GPU-6f954bfd-7081-31b7-f15c-f9a174bf4d7f", "gpu_util_percent": 31.0, "gpu_mem_util_percent": 12.0, "gpu_mem_used_mib": 35838.0, "gpu_mem_total_mib": 49140.0, "gpu_power_w": 105.75, "process_present": true, "process_mem_mib": 35338.0, "process_mem_share_percent": 71.91290191290192, "process_util_available": true, "process_util_backend": "nvml", "process_sm_util_percent": 29.0, "process_mem_util_percent": 9.0}
{"timestamp_unix": 1772442196.017031, "pid": 107876, "device_index": 0, "gpu_uuid": "GPU-6f954bfd-7081-31b7-f15c-f9a174bf4d7f", "gpu_util_percent": 28.0, "gpu_mem_util_percent": 8.0, "gpu_mem_used_mib": 35838.0, "gpu_mem_total_mib": 49140.0, "gpu_power_w": 104.62, "process_present": true, "process_mem_mib": 35338.0, "process_mem_share_percent": 71.91290191290192, "process_util_available": true, "process_util_backend": "nvml", "process_sm_util_percent": 28.0, "process_mem_util_percent": 7.0}
{"timestamp_unix": 1772442196.317554, "pid": 107876, "device_index": 0, "gpu_uuid": "GPU-6f954bfd-7081-31b7-f15c-f9a174bf4d7f", "gpu_util_percent": 28.0, "gpu_mem_util_percent": 8.0, "gpu_mem_used_mib": 35837.0, "gpu_mem_total_mib": 49140.0, "gpu_power_w": 101.63, "process_present": true, "process_mem_mib": 35338.0, "process_mem_share_percent": 71.91290191290192, "process_util_available": true, "process_util_backend": "nvml", "process_sm_util_percent": 29.0, "process_mem_util_percent": 7.0}
{"timestamp_unix": 1772442196.6172757, "pid": 107876, "device_index": 0, "gpu_uuid": "GPU-6f954bfd-7081-31b7-f15c-f9a174bf4d7f", "gpu_util_percent": 28.0, "gpu_mem_util_percent": 8.0, "gpu_mem_used_mib": 35837.0, "gpu_mem_total_mib": 49140.0, "gpu_power_w": 101.63, "process_present": true, "process_mem_mib": 35338.0, "process_mem_share_percent": 71.91290191290192, "process_util_available": true, "process_util_backend": "nvml", "process_sm_util_percent": 29.0, "process_mem_util_percent": 7.0}
{"timestamp_unix": 1772442196.918882, "pid": 107876, "device_index": 0, "gpu_uuid": "GPU-6f954bfd-7081-31b7-f15c-f9a174bf4d7f", "gpu_util_percent": 28.0, "gpu_mem_util_percent": 7.0, "gpu_mem_used_mib": 35837.0, "gpu_mem_total_mib": 49140.0, "gpu_power_w": 98.94, "process_present": true, "process_mem_mib": 35338.0, "process_mem_share_percent": 71.91290191290192, "process_util_available": true, "process_util_backend": "nvml", "process_sm_util_percent": 29.0, "process_mem_util_percent": 7.0}
{"timestamp_unix": 1772442197.2267678, "pid": 107876, "device_index": 0, "gpu_uuid": "GPU-6f954bfd-7081-31b7-f15c-f9a174bf4d7f", "gpu_util_percent": 28.0, "gpu_mem_util_percent": 7.0, "gpu_mem_used_mib": 36504.0, "gpu_mem_total_mib": 49140.0, "gpu_power_w": 98.94, "process_present": true, "process_mem_mib": 36010.0, "process_mem_share_percent": 73.28042328042328, "process_util_available": true, "process_util_backend": "nvml", "process_sm_util_percent": 13.0, "process_mem_util_percent": 3.0}
{"timestamp_unix": 1772442197.5189576, "pid": 107876, "device_index": 0, "gpu_uuid": "GPU-6f954bfd-7081-31b7-f15c-f9a174bf4d7f", "gpu_util_percent": 28.0, "gpu_mem_util_percent": 7.0, "gpu_mem_used_mib": 36504.0, "gpu_mem_total_mib": 49140.0, "gpu_power_w": 96.78, "process_present": true, "process_mem_mib": 36010.0, "process_mem_share_percent": 73.28042328042328, "process_util_available": true, "process_util_backend": "nvml", "process_sm_util_percent": 27.0, "process_mem_util_percent": 7.0}
{"timestamp_unix": 1772442197.8144114, "pid": 107876, "device_index": 0, "gpu_uuid": "GPU-6f954bfd-7081-31b7-f15c-f9a174bf4d7f", "gpu_util_percent": 27.0, "gpu_mem_util_percent": 7.0, "gpu_mem_used_mib": 36504.0, "gpu_mem_total_mib": 49140.0, "gpu_power_w": 96.45, "process_present": true, "process_mem_mib": 36010.0, "process_mem_share_percent": 73.28042328042328, "process_util_available": true, "process_util_backend": "nvml", "process_sm_util_percent": 27.0, "process_mem_util_percent": 7.0}
{"timestamp_unix": 1772442198.107179, "pid": 107876, "device_index": 0, "gpu_uuid": "GPU-6f954bfd-7081-31b7-f15c-f9a174bf4d7f", "gpu_util_percent": 27.0, "gpu_mem_util_percent": 7.0, "gpu_mem_used_mib": 36504.0, "gpu_mem_total_mib": 49140.0, "gpu_power_w": 96.45, "process_present": true, "process_mem_mib": 36724.0, "process_mem_share_percent": 74.73341473341473, "process_util_available": true, "process_util_backend": "nvml", "process_sm_util_percent": 27.0, "process_mem_util_percent": 7.0}
{"timestamp_unix": 1772442198.4025884, "pid": 107876, "device_index": 0, "gpu_uuid": "GPU-6f954bfd-7081-31b7-f15c-f9a174bf4d7f", "gpu_util_percent": 27.0, "gpu_mem_util_percent": 7.0, "gpu_mem_used_mib": 37320.0, "gpu_mem_total_mib": 49140.0, "gpu_power_w": 98.34, "process_present": true, "process_mem_mib": 36826.0, "process_mem_share_percent": 74.94098494098495, "process_util_available": true, "process_util_backend": "nvml", "process_sm_util_percent": 27.0, "process_mem_util_percent": 7.0}
{"timestamp_unix": 1772442198.6999102, "pid": 107876, "device_index": 0, "gpu_uuid": "GPU-6f954bfd-7081-31b7-f15c-f9a174bf4d7f", "gpu_util_percent": 27.0, "gpu_mem_util_percent": 7.0, "gpu_mem_used_mib": 37320.0, "gpu_mem_total_mib": 49140.0, "gpu_power_w": 98.34, "process_present": true, "process_mem_mib": 36826.0, "process_mem_share_percent": 74.94098494098495, "process_util_available": true, "process_util_backend": "nvml", "process_sm_util_percent": 28.0, "process_mem_util_percent": 7.0}
{"timestamp_unix": 1772442198.9923902, "pid": 107876, "device_index": 0, "gpu_uuid": "GPU-6f954bfd-7081-31b7-f15c-f9a174bf4d7f", "gpu_util_percent": 28.0, "gpu_mem_util_percent": 7.0, "gpu_mem_used_mib": 37318.0, "gpu_mem_total_mib": 49140.0, "gpu_power_w": 99.42, "process_present": true, "process_mem_mib": 36826.0, "process_mem_share_percent": 74.94098494098495, "process_util_available": true, "process_util_backend": "nvml", "process_sm_util_percent": 28.0, "process_mem_util_percent": 7.0}
{"timestamp_unix": 1772442199.2982213, "pid": 107876, "device_index": 0, "gpu_uuid": "GPU-6f954bfd-7081-31b7-f15c-f9a174bf4d7f", "gpu_util_percent": 28.0, "gpu_mem_util_percent": 7.0, "gpu_mem_used_mib": 38191.0, "gpu_mem_total_mib": 49140.0, "gpu_power_w": 99.73, "process_present": true, "process_mem_mib": 37690.0, "process_mem_share_percent": 76.6992266992267, "process_util_available": true, "process_util_backend": "nvml", "process_sm_util_percent": 28.0, "process_mem_util_percent": 8.0}
{"timestamp_unix": 1772442199.6039543, "pid": 107876, "device_index": 0, "gpu_uuid": "GPU-6f954bfd-7081-31b7-f15c-f9a174bf4d7f", "gpu_util_percent": 28.0, "gpu_mem_util_percent": 7.0, "gpu_mem_used_mib": 38191.0, "gpu_mem_total_mib": 49140.0, "gpu_power_w": 99.73, "process_present": true, "process_mem_mib": 37690.0, "process_mem_share_percent": 76.6992266992267, "process_util_available": true, "process_util_backend": "nvml", "process_sm_util_percent": 27.0, "process_mem_util_percent": 7.0}
{"timestamp_unix": 1772442199.9030523, "pid": 107876, "device_index": 0, "gpu_uuid": "GPU-6f954bfd-7081-31b7-f15c-f9a174bf4d7f", "gpu_util_percent": 26.0, "gpu_mem_util_percent": 8.0, "gpu_mem_used_mib": 38191.0, "gpu_mem_total_mib": 49140.0, "gpu_power_w": 100.26, "process_present": true, "process_mem_mib": 37690.0, "process_mem_share_percent": 76.6992266992267, "process_util_available": true, "process_util_backend": "nvml", "process_sm_util_percent": 27.0, "process_mem_util_percent": 7.0}
{"timestamp_unix": 1772442200.212032, "pid": 107876, "device_index": 0, "gpu_uuid": "GPU-6f954bfd-7081-31b7-f15c-f9a174bf4d7f", "gpu_util_percent": 26.0, "gpu_mem_util_percent": 8.0, "gpu_mem_used_mib": 38419.0, "gpu_mem_total_mib": 49140.0, "gpu_power_w": 100.26, "process_present": true, "process_mem_mib": 38602.0, "process_mem_share_percent": 78.55514855514856, "process_util_available": true, "process_util_backend": "nvml", "process_sm_util_percent": 27.0, "process_mem_util_percent": 7.0}
{"timestamp_unix": 1772442200.5064802, "pid": 107876, "device_index": 0, "gpu_uuid": "GPU-6f954bfd-7081-31b7-f15c-f9a174bf4d7f", "gpu_util_percent": 26.0, "gpu_mem_util_percent": 8.0, "gpu_mem_used_mib": 39103.0, "gpu_mem_total_mib": 49140.0, "gpu_power_w": 100.64, "process_present": true, "process_mem_mib": 38602.0, "process_mem_share_percent": 78.55514855514856, "process_util_available": true, "process_util_backend": "nvml", "process_sm_util_percent": 27.0, "process_mem_util_percent": 8.0}
{"timestamp_unix": 1772442200.7986588, "pid": 107876, "device_index": 0, "gpu_uuid": "GPU-6f954bfd-7081-31b7-f15c-f9a174bf4d7f", "gpu_util_percent": 26.0, "gpu_mem_util_percent": 8.0, "gpu_mem_used_mib": 39103.0, "gpu_mem_total_mib": 49140.0, "gpu_power_w": 100.41, "process_present": true, "process_mem_mib": 38602.0, "process_mem_share_percent": 78.55514855514856, "process_util_available": true, "process_util_backend": "nvml", "process_sm_util_percent": 27.0, "process_mem_util_percent": 7.0}
{"timestamp_unix": 1772442201.188035, "pid": 107876, "device_index": 0, "gpu_uuid": "GPU-6f954bfd-7081-31b7-f15c-f9a174bf4d7f", "gpu_util_percent": 26.0, "gpu_mem_util_percent": 8.0, "gpu_mem_used_mib": 39103.0, "gpu_mem_total_mib": 49140.0, "gpu_power_w": 100.41, "process_present": true, "process_mem_mib": 38602.0, "process_mem_share_percent": 78.55514855514856, "process_util_available": true, "process_util_backend": "nvml", "process_sm_util_percent": 10.0, "process_mem_util_percent": 2.0}
{"timestamp_unix": 1772442201.4791415, "pid": 107876, "device_index": 0, "gpu_uuid": "GPU-6f954bfd-7081-31b7-f15c-f9a174bf4d7f", "gpu_util_percent": 26.0, "gpu_mem_util_percent": 8.0, "gpu_mem_used_mib": 39103.0, "gpu_mem_total_mib": 49140.0, "gpu_power_w": 96.74, "process_present": true, "process_mem_mib": 38602.0, "process_mem_share_percent": 78.55514855514856, "process_util_available": true, "process_util_backend": "nvml", "process_sm_util_percent": 27.0, "process_mem_util_percent": 8.0}
{"timestamp_unix": 1772442201.772857, "pid": 107876, "device_index": 0, "gpu_uuid": "GPU-6f954bfd-7081-31b7-f15c-f9a174bf4d7f", "gpu_util_percent": 13.0, "gpu_mem_util_percent": 1.0, "gpu_mem_used_mib": 39103.0, "gpu_mem_total_mib": 49140.0, "gpu_power_w": 93.03, "process_present": true, "process_mem_mib": 39438.0, "process_mem_share_percent": 80.25641025641026, "process_util_available": true, "process_util_backend": "nvml", "process_sm_util_percent": null, "process_mem_util_percent": null}
{"timestamp_unix": 1772442202.065527, "pid": 107876, "device_index": 0, "gpu_uuid": "GPU-6f954bfd-7081-31b7-f15c-f9a174bf4d7f", "gpu_util_percent": 13.0, "gpu_mem_util_percent": 1.0, "gpu_mem_used_mib": 40091.0, "gpu_mem_total_mib": 49140.0, "gpu_power_w": 93.03, "process_present": true, "process_mem_mib": 39590.0, "process_mem_share_percent": 80.56573056573056, "process_util_available": true, "process_util_backend": "nvml", "process_sm_util_percent": 27.0, "process_mem_util_percent": 10.0}
{"timestamp_unix": 1772442202.3696496, "pid": 107876, "device_index": 0, "gpu_uuid": "GPU-6f954bfd-7081-31b7-f15c-f9a174bf4d7f", "gpu_util_percent": 13.0, "gpu_mem_util_percent": 1.0, "gpu_mem_used_mib": 40093.0, "gpu_mem_total_mib": 49140.0, "gpu_power_w": 95.86, "process_present": true, "process_mem_mib": 39590.0, "process_mem_share_percent": 80.56573056573056, "process_util_available": true, "process_util_backend": "nvml", "process_sm_util_percent": 36.0, "process_mem_util_percent": 17.0}
{"timestamp_unix": 1772442202.6886382, "pid": 107876, "device_index": 0, "gpu_uuid": "GPU-6f954bfd-7081-31b7-f15c-f9a174bf4d7f", "gpu_util_percent": 13.0, "gpu_mem_util_percent": 1.0, "gpu_mem_used_mib": 40093.0, "gpu_mem_total_mib": 49140.0, "gpu_power_w": 95.86, "process_present": true, "process_mem_mib": 39590.0, "process_mem_share_percent": 80.56573056573056, "process_util_available": true, "process_util_backend": "nvml", "process_sm_util_percent": 36.0, "process_mem_util_percent": 16.0}
{"timestamp_unix": 1772442202.9814198, "pid": 107876, "device_index": 0, "gpu_uuid": "GPU-6f954bfd-7081-31b7-f15c-f9a174bf4d7f", "gpu_util_percent": 34.0, "gpu_mem_util_percent": 16.0, "gpu_mem_used_mib": 40093.0, "gpu_mem_total_mib": 49140.0, "gpu_power_w": 104.78, "process_present": true, "process_mem_mib": 39590.0, "process_mem_share_percent": 80.56573056573056, "process_util_available": true, "process_util_backend": "nvml", "process_sm_util_percent": 35.0, "process_mem_util_percent": 17.0}
{"timestamp_unix": 1772442203.273302, "pid": 107876, "device_index": 0, "gpu_uuid": "GPU-6f954bfd-7081-31b7-f15c-f9a174bf4d7f", "gpu_util_percent": 34.0, "gpu_mem_util_percent": 16.0, "gpu_mem_used_mib": 40165.0, "gpu_mem_total_mib": 49140.0, "gpu_power_w": 112.57, "process_present": true, "process_mem_mib": 39662.0, "process_mem_share_percent": 80.71225071225071, "process_util_available": true, "process_util_backend": "nvml", "process_sm_util_percent": 36.0, "process_mem_util_percent": 16.0}
{"timestamp_unix": 1772442203.5812268, "pid": 107876, "device_index": 0, "gpu_uuid": "GPU-6f954bfd-7081-31b7-f15c-f9a174bf4d7f", "gpu_util_percent": 34.0, "gpu_mem_util_percent": 16.0, "gpu_mem_used_mib": 40165.0, "gpu_mem_total_mib": 49140.0, "gpu_power_w": 112.57, "process_present": true, "process_mem_mib": 39662.0, "process_mem_share_percent": 80.71225071225071, "process_util_available": true, "process_util_backend": "nvml", "process_sm_util_percent": 34.0, "process_mem_util_percent": 16.0}
{"timestamp_unix": 1772442203.8743114, "pid": 107876, "device_index": 0, "gpu_uuid": "GPU-6f954bfd-7081-31b7-f15c-f9a174bf4d7f", "gpu_util_percent": 36.0, "gpu_mem_util_percent": 18.0, "gpu_mem_used_mib": 40169.0, "gpu_mem_total_mib": 49140.0, "gpu_power_w": 113.02, "process_present": true, "process_mem_mib": 39662.0, "process_mem_share_percent": 80.71225071225071, "process_util_available": true, "process_util_backend": "nvml", "process_sm_util_percent": 35.0, "process_mem_util_percent": 16.0}
{"timestamp_unix": 1772442204.1669548, "pid": 107876, "device_index": 0, "gpu_uuid": "GPU-6f954bfd-7081-31b7-f15c-f9a174bf4d7f", "gpu_util_percent": 36.0, "gpu_mem_util_percent": 18.0, "gpu_mem_used_mib": 40168.0, "gpu_mem_total_mib": 49140.0, "gpu_power_w": 113.02, "process_present": true, "process_mem_mib": 39662.0, "process_mem_share_percent": 80.71225071225071, "process_util_available": true, "process_util_backend": "nvml", "process_sm_util_percent": 35.0, "process_mem_util_percent": 17.0}
{"timestamp_unix": 1772442204.456906, "pid": 107876, "device_index": 0, "gpu_uuid": "GPU-6f954bfd-7081-31b7-f15c-f9a174bf4d7f", "gpu_util_percent": 36.0, "gpu_mem_util_percent": 18.0, "gpu_mem_used_mib": 40168.0, "gpu_mem_total_mib": 49140.0, "gpu_power_w": 113.54, "process_present": true, "process_mem_mib": 39662.0, "process_mem_share_percent": 80.71225071225071, "process_util_available": true, "process_util_backend": "nvml", "process_sm_util_percent": 35.0, "process_mem_util_percent": 16.0}
{"timestamp_unix": 1772442204.7622101, "pid": 107876, "device_index": 0, "gpu_uuid": "GPU-6f954bfd-7081-31b7-f15c-f9a174bf4d7f", "gpu_util_percent": 34.0, "gpu_mem_util_percent": 15.0, "gpu_mem_used_mib": 40168.0, "gpu_mem_total_mib": 49140.0, "gpu_power_w": 112.8, "process_present": true, "process_mem_mib": 39662.0, "process_mem_share_percent": 80.71225071225071, "process_util_available": true, "process_util_backend": "nvml", "process_sm_util_percent": 33.0, "process_mem_util_percent": 15.0}
{"timestamp_unix": 1772442205.0698786, "pid": 107876, "device_index": 0, "gpu_uuid": "GPU-6f954bfd-7081-31b7-f15c-f9a174bf4d7f", "gpu_util_percent": 34.0, "gpu_mem_util_percent": 15.0, "gpu_mem_used_mib": 40168.0, "gpu_mem_total_mib": 49140.0, "gpu_power_w": 112.8, "process_present": true, "process_mem_mib": 39662.0, "process_mem_share_percent": 80.71225071225071, "process_util_available": true, "process_util_backend": "nvml", "process_sm_util_percent": 35.0, "process_mem_util_percent": 15.0}
{"timestamp_unix": 1772442205.367836, "pid": 107876, "device_index": 0, "gpu_uuid": "GPU-6f954bfd-7081-31b7-f15c-f9a174bf4d7f", "gpu_util_percent": 34.0, "gpu_mem_util_percent": 15.0, "gpu_mem_used_mib": 40168.0, "gpu_mem_total_mib": 49140.0, "gpu_power_w": 112.66, "process_present": true, "process_mem_mib": 39662.0, "process_mem_share_percent": 80.71225071225071, "process_util_available": true, "process_util_backend": "nvml", "process_sm_util_percent": 35.0, "process_mem_util_percent": 16.0}
{"timestamp_unix": 1772442205.663635, "pid": 107876, "device_index": 0, "gpu_uuid": "GPU-6f954bfd-7081-31b7-f15c-f9a174bf4d7f", "gpu_util_percent": 34.0, "gpu_mem_util_percent": 15.0, "gpu_mem_used_mib": 40168.0, "gpu_mem_total_mib": 49140.0, "gpu_power_w": 112.66, "process_present": true, "process_mem_mib": 39662.0, "process_mem_share_percent": 80.71225071225071, "process_util_available": true, "process_util_backend": "nvml", "process_sm_util_percent": 34.0, "process_mem_util_percent": 15.0}
{"timestamp_unix": 1772442205.956522, "pid": 107876, "device_index": 0, "gpu_uuid": "GPU-6f954bfd-7081-31b7-f15c-f9a174bf4d7f", "gpu_util_percent": 35.0, "gpu_mem_util_percent": 17.0, "gpu_mem_used_mib": 40168.0, "gpu_mem_total_mib": 49140.0, "gpu_power_w": 112.5, "process_present": true, "process_mem_mib": 39662.0, "process_mem_share_percent": 80.71225071225071, "process_util_available": true, "process_util_backend": "nvml", "process_sm_util_percent": 33.0, "process_mem_util_percent": 15.0}
{"timestamp_unix": 1772442206.2500906, "pid": 107876, "device_index": 0, "gpu_uuid": "GPU-6f954bfd-7081-31b7-f15c-f9a174bf4d7f", "gpu_util_percent": 35.0, "gpu_mem_util_percent": 17.0, "gpu_mem_used_mib": 40168.0, "gpu_mem_total_mib": 49140.0, "gpu_power_w": 111.64, "process_present": true, "process_mem_mib": 39662.0, "process_mem_share_percent": 80.71225071225071, "process_util_available": true, "process_util_backend": "nvml", "process_sm_util_percent": 33.0, "process_mem_util_percent": 12.0}
{"timestamp_unix": 1772442206.5401306, "pid": 107876, "device_index": 0, "gpu_uuid": "GPU-6f954bfd-7081-31b7-f15c-f9a174bf4d7f", "gpu_util_percent": 35.0, "gpu_mem_util_percent": 17.0, "gpu_mem_used_mib": 40168.0, "gpu_mem_total_mib": 49140.0, "gpu_power_w": 111.64, "process_present": true, "process_mem_mib": 39662.0, "process_mem_share_percent": 80.71225071225071, "process_util_available": true, "process_util_backend": "nvml", "process_sm_util_percent": 29.0, "process_mem_util_percent": 8.0}
{"timestamp_unix": 1772442206.8307226, "pid": 107876, "device_index": 0, "gpu_uuid": "GPU-6f954bfd-7081-31b7-f15c-f9a174bf4d7f", "gpu_util_percent": 28.0, "gpu_mem_util_percent": 8.0, "gpu_mem_used_mib": 40168.0, "gpu_mem_total_mib": 49140.0, "gpu_power_w": 107.39, "process_present": true, "process_mem_mib": 39662.0, "process_mem_share_percent": 80.71225071225071, "process_util_available": true, "process_util_backend": "nvml", "process_sm_util_percent": 29.0, "process_mem_util_percent": 8.0}
{"timestamp_unix": 1772442207.1233904, "pid": 107876, "device_index": 0, "gpu_uuid": "GPU-6f954bfd-7081-31b7-f15c-f9a174bf4d7f", "gpu_util_percent": 28.0, "gpu_mem_util_percent": 8.0, "gpu_mem_used_mib": 40168.0, "gpu_mem_total_mib": 49140.0, "gpu_power_w": 107.39, "process_present": true, "process_mem_mib": 39662.0, "process_mem_share_percent": 80.71225071225071, "process_util_available": true, "process_util_backend": "nvml", "process_sm_util_percent": 29.0, "process_mem_util_percent": 8.0}
{"timestamp_unix": 1772442207.4278545, "pid": 107876, "device_index": 0, "gpu_uuid": "GPU-6f954bfd-7081-31b7-f15c-f9a174bf4d7f", "gpu_util_percent": 28.0, "gpu_mem_util_percent": 8.0, "gpu_mem_used_mib": 40168.0, "gpu_mem_total_mib": 49140.0, "gpu_power_w": 103.65, "process_present": true, "process_mem_mib": 39662.0, "process_mem_share_percent": 80.71225071225071, "process_util_available": true, "process_util_backend": "nvml", "process_sm_util_percent": 29.0, "process_mem_util_percent": 8.0}
{"timestamp_unix": 1772442207.7368495, "pid": 107876, "device_index": 0, "gpu_uuid": "GPU-6f954bfd-7081-31b7-f15c-f9a174bf4d7f", "gpu_util_percent": 28.0, "gpu_mem_util_percent": 8.0, "gpu_mem_used_mib": 41048.0, "gpu_mem_total_mib": 49140.0, "gpu_power_w": 103.65, "process_present": true, "process_mem_mib": 40542.0, "process_mem_share_percent": 82.5030525030525, "process_util_available": true, "process_util_backend": "nvml", "process_sm_util_percent": 19.0, "process_mem_util_percent": 4.0}
{"timestamp_unix": 1772442208.034425, "pid": 107876, "device_index": 0, "gpu_uuid": "GPU-6f954bfd-7081-31b7-f15c-f9a174bf4d7f", "gpu_util_percent": 22.0, "gpu_mem_util_percent": 7.0, "gpu_mem_used_mib": 41048.0, "gpu_mem_total_mib": 49140.0, "gpu_power_w": 101.27, "process_present": true, "process_mem_mib": 40542.0, "process_mem_share_percent": 82.5030525030525, "process_util_available": true, "process_util_backend": "nvml", "process_sm_util_percent": 26.0, "process_mem_util_percent": 7.0}
{"timestamp_unix": 1772442208.326471, "pid": 107876, "device_index": 0, "gpu_uuid": "GPU-6f954bfd-7081-31b7-f15c-f9a174bf4d7f", "gpu_util_percent": 22.0, "gpu_mem_util_percent": 7.0, "gpu_mem_used_mib": 41048.0, "gpu_mem_total_mib": 49140.0, "gpu_power_w": 100.71, "process_present": true, "process_mem_mib": 40542.0, "process_mem_share_percent": 82.5030525030525, "process_util_available": true, "process_util_backend": "nvml", "process_sm_util_percent": 27.0, "process_mem_util_percent": 7.0}
{"timestamp_unix": 1772442208.6249347, "pid": 107876, "device_index": 0, "gpu_uuid": "GPU-6f954bfd-7081-31b7-f15c-f9a174bf4d7f", "gpu_util_percent": 22.0, "gpu_mem_util_percent": 7.0, "gpu_mem_used_mib": 41048.0, "gpu_mem_total_mib": 49140.0, "gpu_power_w": 100.71, "process_present": true, "process_mem_mib": 40542.0, "process_mem_share_percent": 82.5030525030525, "process_util_available": true, "process_util_backend": "nvml", "process_sm_util_percent": 26.0, "process_mem_util_percent": 7.0}
{"timestamp_unix": 1772442208.917418, "pid": 107876, "device_index": 0, "gpu_uuid": "GPU-6f954bfd-7081-31b7-f15c-f9a174bf4d7f", "gpu_util_percent": 26.0, "gpu_mem_util_percent": 8.0, "gpu_mem_used_mib": 42052.0, "gpu_mem_total_mib": 49140.0, "gpu_power_w": 101.54, "process_present": true, "process_mem_mib": 41550.0, "process_mem_share_percent": 84.55433455433456, "process_util_available": true, "process_util_backend": "nvml", "process_sm_util_percent": 27.0, "process_mem_util_percent": 8.0}
{"timestamp_unix": 1772442209.2155826, "pid": 107876, "device_index": 0, "gpu_uuid": "GPU-6f954bfd-7081-31b7-f15c-f9a174bf4d7f", "gpu_util_percent": 26.0, "gpu_mem_util_percent": 8.0, "gpu_mem_used_mib": 42052.0, "gpu_mem_total_mib": 49140.0, "gpu_power_w": 101.54, "process_present": true, "process_mem_mib": 41550.0, "process_mem_share_percent": 84.55433455433456, "process_util_available": true, "process_util_backend": "nvml", "process_sm_util_percent": 26.0, "process_mem_util_percent": 8.0}
{"timestamp_unix": 1772442209.5082288, "pid": 107876, "device_index": 0, "gpu_uuid": "GPU-6f954bfd-7081-31b7-f15c-f9a174bf4d7f", "gpu_util_percent": 26.0, "gpu_mem_util_percent": 8.0, "gpu_mem_used_mib": 42052.0, "gpu_mem_total_mib": 49140.0, "gpu_power_w": 102.79, "process_present": true, "process_mem_mib": 41550.0, "process_mem_share_percent": 84.55433455433456, "process_util_available": true, "process_util_backend": "nvml", "process_sm_util_percent": 26.0, "process_mem_util_percent": 8.0}
{"timestamp_unix": 1772442209.8030531, "pid": 107876, "device_index": 0, "gpu_uuid": "GPU-6f954bfd-7081-31b7-f15c-f9a174bf4d7f", "gpu_util_percent": 27.0, "gpu_mem_util_percent": 8.0, "gpu_mem_used_mib": 43108.0, "gpu_mem_total_mib": 49140.0, "gpu_power_w": 103.02, "process_present": true, "process_mem_mib": 42606.0, "process_mem_share_percent": 86.7032967032967, "process_util_available": true, "process_util_backend": "nvml", "process_sm_util_percent": 27.0, "process_mem_util_percent": 8.0}
{"timestamp_unix": 1772442210.103114, "pid": 107876, "device_index": 0, "gpu_uuid": "GPU-6f954bfd-7081-31b7-f15c-f9a174bf4d7f", "gpu_util_percent": 27.0, "gpu_mem_util_percent": 8.0, "gpu_mem_used_mib": 43108.0, "gpu_mem_total_mib": 49140.0, "gpu_power_w": 103.02, "process_present": true, "process_mem_mib": 42606.0, "process_mem_share_percent": 86.7032967032967, "process_util_available": true, "process_util_backend": "nvml", "process_sm_util_percent": 27.0, "process_mem_util_percent": 8.0}
{"timestamp_unix": 1772442210.4028447, "pid": 107876, "device_index": 0, "gpu_uuid": "GPU-6f954bfd-7081-31b7-f15c-f9a174bf4d7f", "gpu_util_percent": 27.0, "gpu_mem_util_percent": 8.0, "gpu_mem_used_mib": 43107.0, "gpu_mem_total_mib": 49140.0, "gpu_power_w": 103.88, "process_present": true, "process_mem_mib": 42606.0, "process_mem_share_percent": 86.7032967032967, "process_util_available": true, "process_util_backend": "nvml", "process_sm_util_percent": 28.0, "process_mem_util_percent": 8.0}
{"timestamp_unix": 1772442210.7126522, "pid": 107876, "device_index": 0, "gpu_uuid": "GPU-6f954bfd-7081-31b7-f15c-f9a174bf4d7f", "gpu_util_percent": 27.0, "gpu_mem_util_percent": 8.0, "gpu_mem_used_mib": 43107.0, "gpu_mem_total_mib": 49140.0, "gpu_power_w": 103.88, "process_present": true, "process_mem_mib": 43710.0, "process_mem_share_percent": 88.94993894993894, "process_util_available": true, "process_util_backend": "nvml", "process_sm_util_percent": 27.0, "process_mem_util_percent": 9.0}
{"timestamp_unix": 1772442211.0098755, "pid": 107876, "device_index": 0, "gpu_uuid": "GPU-6f954bfd-7081-31b7-f15c-f9a174bf4d7f", "gpu_util_percent": 27.0, "gpu_mem_util_percent": 9.0, "gpu_mem_used_mib": 44211.0, "gpu_mem_total_mib": 49140.0, "gpu_power_w": 104.75, "process_present": true, "process_mem_mib": 43710.0, "process_mem_share_percent": 88.94993894993894, "process_util_available": true, "process_util_backend": "nvml", "process_sm_util_percent": 28.0, "process_mem_util_percent": 9.0}
{"timestamp_unix": 1772442211.305753, "pid": 107876, "device_index": 0, "gpu_uuid": "GPU-6f954bfd-7081-31b7-f15c-f9a174bf4d7f", "gpu_util_percent": 27.0, "gpu_mem_util_percent": 9.0, "gpu_mem_used_mib": 44211.0, "gpu_mem_total_mib": 49140.0, "gpu_power_w": 105.17, "process_present": true, "process_mem_mib": 43710.0, "process_mem_share_percent": 88.94993894993894, "process_util_available": true, "process_util_backend": "nvml", "process_sm_util_percent": 28.0, "process_mem_util_percent": 9.0}
{"timestamp_unix": 1772442211.5972977, "pid": 107876, "device_index": 0, "gpu_uuid": "GPU-6f954bfd-7081-31b7-f15c-f9a174bf4d7f", "gpu_util_percent": 27.0, "gpu_mem_util_percent": 9.0, "gpu_mem_used_mib": 44211.0, "gpu_mem_total_mib": 49140.0, "gpu_power_w": 105.17, "process_present": true, "process_mem_mib": 43710.0, "process_mem_share_percent": 88.94993894993894, "process_util_available": true, "process_util_backend": "nvml", "process_sm_util_percent": 27.0, "process_mem_util_percent": 9.0}
{"timestamp_unix": 1772442211.890542, "pid": 107876, "device_index": 0, "gpu_uuid": "GPU-6f954bfd-7081-31b7-f15c-f9a174bf4d7f", "gpu_util_percent": 27.0, "gpu_mem_util_percent": 9.0, "gpu_mem_used_mib": 44211.0, "gpu_mem_total_mib": 49140.0, "gpu_power_w": 105.5, "process_present": true, "process_mem_mib": 43710.0, "process_mem_share_percent": 88.94993894993894, "process_util_available": true, "process_util_backend": "nvml", "process_sm_util_percent": null, "process_mem_util_percent": null}
{"timestamp_unix": 1772442212.1871758, "pid": 107876, "device_index": 0, "gpu_uuid": "GPU-6f954bfd-7081-31b7-f15c-f9a174bf4d7f", "gpu_util_percent": 27.0, "gpu_mem_util_percent": 9.0, "gpu_mem_used_mib": 45407.0, "gpu_mem_total_mib": 49140.0, "gpu_power_w": 105.5, "process_present": true, "process_mem_mib": 44906.0, "process_mem_share_percent": 91.38380138380138, "process_util_available": true, "process_util_backend": "nvml", "process_sm_util_percent": 24.0, "process_mem_util_percent": 8.0}
{"timestamp_unix": 1772442212.4791994, "pid": 107876, "device_index": 0, "gpu_uuid": "GPU-6f954bfd-7081-31b7-f15c-f9a174bf4d7f", "gpu_util_percent": 27.0, "gpu_mem_util_percent": 9.0, "gpu_mem_used_mib": 45407.0, "gpu_mem_total_mib": 49140.0, "gpu_power_w": 98.93, "process_present": true, "process_mem_mib": 44906.0, "process_mem_share_percent": 91.38380138380138, "process_util_available": true, "process_util_backend": "nvml", "process_sm_util_percent": 35.0, "process_mem_util_percent": 18.0}
{"timestamp_unix": 1772442212.7814715, "pid": 107876, "device_index": 0, "gpu_uuid": "GPU-6f954bfd-7081-31b7-f15c-f9a174bf4d7f", "gpu_util_percent": 37.0, "gpu_mem_util_percent": 21.0, "gpu_mem_used_mib": 45407.0, "gpu_mem_total_mib": 49140.0, "gpu_power_w": 103.72, "process_present": true, "process_mem_mib": 44906.0, "process_mem_share_percent": 91.38380138380138, "process_util_available": true, "process_util_backend": "nvml", "process_sm_util_percent": 36.0, "process_mem_util_percent": 19.0}
{"timestamp_unix": 1772442213.0893228, "pid": 107876, "device_index": 0, "gpu_uuid": "GPU-6f954bfd-7081-31b7-f15c-f9a174bf4d7f", "gpu_util_percent": 37.0, "gpu_mem_util_percent": 21.0, "gpu_mem_used_mib": 45407.0, "gpu_mem_total_mib": 49140.0, "gpu_power_w": 103.72, "process_present": true, "process_mem_mib": 44906.0, "process_mem_share_percent": 91.38380138380138, "process_util_available": true, "process_util_backend": "nvml", "process_sm_util_percent": 19.0, "process_mem_util_percent": 9.0}
{"timestamp_unix": 1772442213.3960114, "pid": 107876, "device_index": 0, "gpu_uuid": "GPU-6f954bfd-7081-31b7-f15c-f9a174bf4d7f", "gpu_util_percent": 37.0, "gpu_mem_util_percent": 21.0, "gpu_mem_used_mib": 45407.0, "gpu_mem_total_mib": 49140.0, "gpu_power_w": 116.68, "process_present": true, "process_mem_mib": 44906.0, "process_mem_share_percent": 91.38380138380138, "process_util_available": true, "process_util_backend": "nvml", "process_sm_util_percent": 38.0, "process_mem_util_percent": 19.0}
{"timestamp_unix": 1772442213.7297173, "pid": 107876, "device_index": 0, "gpu_uuid": "GPU-6f954bfd-7081-31b7-f15c-f9a174bf4d7f", "gpu_util_percent": 37.0, "gpu_mem_util_percent": 21.0, "gpu_mem_used_mib": 45495.0, "gpu_mem_total_mib": 49140.0, "gpu_power_w": 116.68, "process_present": true, "process_mem_mib": 44994.0, "process_mem_share_percent": 91.56288156288156, "process_util_available": true, "process_util_backend": "nvml", "process_sm_util_percent": 36.0, "process_mem_util_percent": 19.0}
{"timestamp_unix": 1772442214.0239215, "pid": 107876, "device_index": 0, "gpu_uuid": "GPU-6f954bfd-7081-31b7-f15c-f9a174bf4d7f", "gpu_util_percent": 38.0, "gpu_mem_util_percent": 21.0, "gpu_mem_used_mib": 45499.0, "gpu_mem_total_mib": 49140.0, "gpu_power_w": 118.18, "process_present": true, "process_mem_mib": 44994.0, "process_mem_share_percent": 91.56288156288156, "process_util_available": true, "process_util_backend": "nvml", "process_sm_util_percent": 38.0, "process_mem_util_percent": 19.0}
{"timestamp_unix": 1772442214.319045, "pid": 107876, "device_index": 0, "gpu_uuid": "GPU-6f954bfd-7081-31b7-f15c-f9a174bf4d7f", "gpu_util_percent": 38.0, "gpu_mem_util_percent": 21.0, "gpu_mem_used_mib": 45499.0, "gpu_mem_total_mib": 49140.0, "gpu_power_w": 117.94, "process_present": true, "process_mem_mib": 44994.0, "process_mem_share_percent": 91.56288156288156, "process_util_available": true, "process_util_backend": "nvml", "process_sm_util_percent": null, "process_mem_util_percent": null}
{"timestamp_unix": 1772442214.6101794, "pid": 107876, "device_index": 0, "gpu_uuid": "GPU-6f954bfd-7081-31b7-f15c-f9a174bf4d7f", "gpu_util_percent": 38.0, "gpu_mem_util_percent": 21.0, "gpu_mem_used_mib": 45499.0, "gpu_mem_total_mib": 49140.0, "gpu_power_w": 117.94, "process_present": true, "process_mem_mib": 44994.0, "process_mem_share_percent": 91.56288156288156, "process_util_available": true, "process_util_backend": "nvml", "process_sm_util_percent": null, "process_mem_util_percent": null}
{"timestamp_unix": 1772442214.902033, "pid": 107876, "device_index": 0, "gpu_uuid": "GPU-6f954bfd-7081-31b7-f15c-f9a174bf4d7f", "gpu_util_percent": 34.0, "gpu_mem_util_percent": 18.0, "gpu_mem_used_mib": 45499.0, "gpu_mem_total_mib": 49140.0, "gpu_power_w": 118.01, "process_present": true, "process_mem_mib": 44994.0, "process_mem_share_percent": 91.56288156288156, "process_util_available": true, "process_util_backend": "nvml", "process_sm_util_percent": 34.0, "process_mem_util_percent": 18.0}
{"timestamp_unix": 1772442215.1933305, "pid": 107876, "device_index": 0, "gpu_uuid": "GPU-6f954bfd-7081-31b7-f15c-f9a174bf4d7f", "gpu_util_percent": 34.0, "gpu_mem_util_percent": 18.0, "gpu_mem_used_mib": 45499.0, "gpu_mem_total_mib": 49140.0, "gpu_power_w": 118.01, "process_present": true, "process_mem_mib": 44994.0, "process_mem_share_percent": 91.56288156288156, "process_util_available": true, "process_util_backend": "nvml", "process_sm_util_percent": 34.0, "process_mem_util_percent": 18.0}
{"timestamp_unix": 1772442215.4893491, "pid": 107876, "device_index": 0, "gpu_uuid": "GPU-6f954bfd-7081-31b7-f15c-f9a174bf4d7f", "gpu_util_percent": 34.0, "gpu_mem_util_percent": 18.0, "gpu_mem_used_mib": 45499.0, "gpu_mem_total_mib": 49140.0, "gpu_power_w": 117.35, "process_present": true, "process_mem_mib": 44994.0, "process_mem_share_percent": 91.56288156288156, "process_util_available": true, "process_util_backend": "nvml", "process_sm_util_percent": 33.0, "process_mem_util_percent": 19.0}
{"timestamp_unix": 1772442215.7974327, "pid": 107876, "device_index": 0, "gpu_uuid": "GPU-6f954bfd-7081-31b7-f15c-f9a174bf4d7f", "gpu_util_percent": 34.0, "gpu_mem_util_percent": 19.0, "gpu_mem_used_mib": 45499.0, "gpu_mem_total_mib": 49140.0, "gpu_power_w": 116.68, "process_present": true, "process_mem_mib": 44994.0, "process_mem_share_percent": 91.56288156288156, "process_util_available": true, "process_util_backend": "nvml", "process_sm_util_percent": 33.0, "process_mem_util_percent": 18.0}
{"timestamp_unix": 1772442216.1055074, "pid": 107876, "device_index": 0, "gpu_uuid": "GPU-6f954bfd-7081-31b7-f15c-f9a174bf4d7f", "gpu_util_percent": 34.0, "gpu_mem_util_percent": 19.0, "gpu_mem_used_mib": 45497.0, "gpu_mem_total_mib": 49140.0, "gpu_power_w": 116.68, "process_present": true, "process_mem_mib": 44994.0, "process_mem_share_percent": 91.56288156288156, "process_util_available": true, "process_util_backend": "nvml", "process_sm_util_percent": 32.0, "process_mem_util_percent": 17.0}
{"timestamp_unix": 1772442216.413305, "pid": 107876, "device_index": 0, "gpu_uuid": "GPU-6f954bfd-7081-31b7-f15c-f9a174bf4d7f", "gpu_util_percent": 34.0, "gpu_mem_util_percent": 19.0, "gpu_mem_used_mib": 45497.0, "gpu_mem_total_mib": 49140.0, "gpu_power_w": 116.38, "process_present": true, "process_mem_mib": 44994.0, "process_mem_share_percent": 91.56288156288156, "process_util_available": true, "process_util_backend": "nvml", "process_sm_util_percent": 31.0, "process_mem_util_percent": 17.0}
{"timestamp_unix": 1772442216.7099926, "pid": 107876, "device_index": 0, "gpu_uuid": "GPU-6f954bfd-7081-31b7-f15c-f9a174bf4d7f", "gpu_util_percent": 34.0, "gpu_mem_util_percent": 19.0, "gpu_mem_used_mib": 45497.0, "gpu_mem_total_mib": 49140.0, "gpu_power_w": 116.38, "process_present": true, "process_mem_mib": 44994.0, "process_mem_share_percent": 91.56288156288156, "process_util_available": true, "process_util_backend": "nvml", "process_sm_util_percent": 25.0, "process_mem_util_percent": 9.0}
{"timestamp_unix": 1772442217.0043821, "pid": 107876, "device_index": 0, "gpu_uuid": "GPU-6f954bfd-7081-31b7-f15c-f9a174bf4d7f", "gpu_util_percent": 25.0, "gpu_mem_util_percent": 9.0, "gpu_mem_used_mib": 45497.0, "gpu_mem_total_mib": 49140.0, "gpu_power_w": 113.44, "process_present": true, "process_mem_mib": 44994.0, "process_mem_share_percent": 91.56288156288156, "process_util_available": true, "process_util_backend": "nvml", "process_sm_util_percent": 26.0, "process_mem_util_percent": 9.0}
{"timestamp_unix": 1772442217.297636, "pid": 107876, "device_index": 0, "gpu_uuid": "GPU-6f954bfd-7081-31b7-f15c-f9a174bf4d7f", "gpu_util_percent": 25.0, "gpu_mem_util_percent": 9.0, "gpu_mem_used_mib": 45497.0, "gpu_mem_total_mib": 49140.0, "gpu_power_w": 107.89, "process_present": true, "process_mem_mib": 44994.0, "process_mem_share_percent": 91.56288156288156, "process_util_available": true, "process_util_backend": "nvml", "process_sm_util_percent": 27.0, "process_mem_util_percent": 9.0}
{"timestamp_unix": 1772442217.5897179, "pid": 107876, "device_index": 0, "gpu_uuid": "GPU-6f954bfd-7081-31b7-f15c-f9a174bf4d7f", "gpu_util_percent": 25.0, "gpu_mem_util_percent": 9.0, "gpu_mem_used_mib": 45497.0, "gpu_mem_total_mib": 49140.0, "gpu_power_w": 107.89, "process_present": true, "process_mem_mib": 44994.0, "process_mem_share_percent": 91.56288156288156, "process_util_available": true, "process_util_backend": "nvml", "process_sm_util_percent": 27.0, "process_mem_util_percent": 9.0}
{"timestamp_unix": 1772442217.88139, "pid": 107876, "device_index": 0, "gpu_uuid": "GPU-6f954bfd-7081-31b7-f15c-f9a174bf4d7f", "gpu_util_percent": 26.0, "gpu_mem_util_percent": 9.0, "gpu_mem_used_mib": 45497.0, "gpu_mem_total_mib": 49140.0, "gpu_power_w": 104.22, "process_present": true, "process_mem_mib": 44994.0, "process_mem_share_percent": 91.56288156288156, "process_util_available": true, "process_util_backend": "nvml", "process_sm_util_percent": 28.0, "process_mem_util_percent": 8.0}
{"timestamp_unix": 1772442218.175499, "pid": 107876, "device_index": 0, "gpu_uuid": "GPU-6f954bfd-7081-31b7-f15c-f9a174bf4d7f", "gpu_util_percent": 26.0, "gpu_mem_util_percent": 9.0, "gpu_mem_used_mib": 46553.0, "gpu_mem_total_mib": 49140.0, "gpu_power_w": 104.22, "process_present": true, "process_mem_mib": 46050.0, "process_mem_share_percent": 93.71184371184371, "process_util_available": true, "process_util_backend": "nvml", "process_sm_util_percent": 21.0, "process_mem_util_percent": 5.0}
{"timestamp_unix": 1772442218.48145, "pid": 107876, "device_index": 0, "gpu_uuid": "GPU-6f954bfd-7081-31b7-f15c-f9a174bf4d7f", "gpu_util_percent": 26.0, "gpu_mem_util_percent": 9.0, "gpu_mem_used_mib": 46553.0, "gpu_mem_total_mib": 49140.0, "gpu_power_w": 102.42, "process_present": true, "process_mem_mib": 46050.0, "process_mem_share_percent": 93.71184371184371, "process_util_available": true, "process_util_backend": "nvml", "process_sm_util_percent": 28.0, "process_mem_util_percent": 8.0}
{"timestamp_unix": 1772442218.7888, "pid": 107876, "device_index": 0, "gpu_uuid": "GPU-6f954bfd-7081-31b7-f15c-f9a174bf4d7f", "gpu_util_percent": 28.0, "gpu_mem_util_percent": 8.0, "gpu_mem_used_mib": 46549.0, "gpu_mem_total_mib": 49140.0, "gpu_power_w": 102.39, "process_present": true, "process_mem_mib": 46050.0, "process_mem_share_percent": 93.71184371184371, "process_util_available": true, "process_util_backend": "nvml", "process_sm_util_percent": 29.0, "process_mem_util_percent": 8.0}
{"timestamp_unix": 1772442219.0968401, "pid": 107876, "device_index": 0, "gpu_uuid": "GPU-6f954bfd-7081-31b7-f15c-f9a174bf4d7f", "gpu_util_percent": 28.0, "gpu_mem_util_percent": 8.0, "gpu_mem_used_mib": 46546.0, "gpu_mem_total_mib": 49140.0, "gpu_power_w": 102.39, "process_present": true, "process_mem_mib": 47250.0, "process_mem_share_percent": 96.15384615384616, "process_util_available": true, "process_util_backend": "nvml", "process_sm_util_percent": 28.0, "process_mem_util_percent": 9.0}
{"timestamp_unix": 1772442219.389575, "pid": 107876, "device_index": 0, "gpu_uuid": "GPU-6f954bfd-7081-31b7-f15c-f9a174bf4d7f", "gpu_util_percent": 28.0, "gpu_mem_util_percent": 8.0, "gpu_mem_used_mib": 47744.0, "gpu_mem_total_mib": 49140.0, "gpu_power_w": 105.11, "process_present": true, "process_mem_mib": 47250.0, "process_mem_share_percent": 96.15384615384616, "process_util_available": true, "process_util_backend": "nvml", "process_sm_util_percent": 14.0, "process_mem_util_percent": 4.0}
{"timestamp_unix": 1772442219.6857743, "pid": 107876, "device_index": 0, "gpu_uuid": "GPU-6f954bfd-7081-31b7-f15c-f9a174bf4d7f", "gpu_util_percent": 28.0, "gpu_mem_util_percent": 8.0, "gpu_mem_used_mib": 47744.0, "gpu_mem_total_mib": 49140.0, "gpu_power_w": 105.11, "process_present": true, "process_mem_mib": 47250.0, "process_mem_share_percent": 96.15384615384616, "process_util_available": true, "process_util_backend": "nvml", "process_sm_util_percent": 27.0, "process_mem_util_percent": 9.0}
{"timestamp_unix": 1772442219.9772558, "pid": 107876, "device_index": 0, "gpu_uuid": "GPU-6f954bfd-7081-31b7-f15c-f9a174bf4d7f", "gpu_util_percent": 27.0, "gpu_mem_util_percent": 9.0, "gpu_mem_used_mib": 47744.0, "gpu_mem_total_mib": 49140.0, "gpu_power_w": 105.47, "process_present": true, "process_mem_mib": 47250.0, "process_mem_share_percent": 96.15384615384616, "process_util_available": true, "process_util_backend": "nvml", "process_sm_util_percent": 27.0, "process_mem_util_percent": 9.0}
{"timestamp_unix": 1772442220.2710469, "pid": 107876, "device_index": 0, "gpu_uuid": "GPU-6f954bfd-7081-31b7-f15c-f9a174bf4d7f", "gpu_util_percent": 27.0, "gpu_mem_util_percent": 9.0, "gpu_mem_used_mib": 43078.0, "gpu_mem_total_mib": 49140.0, "gpu_power_w": 105.95, "process_present": true, "process_mem_mib": 41126.0, "process_mem_share_percent": 83.69149369149369, "process_util_available": true, "process_util_backend": "nvml", "process_sm_util_percent": 14.0, "process_mem_util_percent": 4.0}
{"timestamp_unix": 1772442220.560551, "pid": 107876, "device_index": 0, "gpu_uuid": "GPU-6f954bfd-7081-31b7-f15c-f9a174bf4d7f", "gpu_util_percent": 27.0, "gpu_mem_util_percent": 9.0, "gpu_mem_used_mib": 31050.0, "gpu_mem_total_mib": 49140.0, "gpu_power_w": 105.95, "process_present": true, "process_mem_mib": 28996.0, "process_mem_share_percent": 59.00691900691901, "process_util_available": true, "process_util_backend": "nvml", "process_sm_util_percent": null, "process_mem_util_percent": null}
{"timestamp_unix": 1772442220.8522074, "pid": 107876, "device_index": 0, "gpu_uuid": "GPU-6f954bfd-7081-31b7-f15c-f9a174bf4d7f", "gpu_util_percent": 75.0, "gpu_mem_util_percent": 6.0, "gpu_mem_used_mib": 20732.0, "gpu_mem_total_mib": 49140.0, "gpu_power_w": 104.99, "process_present": true, "process_mem_mib": 19692.0, "process_mem_share_percent": 40.07326007326007, "process_util_available": true, "process_util_backend": "nvml", "process_sm_util_percent": null, "process_mem_util_percent": null}
{"timestamp_unix": 1772442221.1517522, "pid": 107876, "device_index": 0, "gpu_uuid": "GPU-6f954bfd-7081-31b7-f15c-f9a174bf4d7f", "gpu_util_percent": 75.0, "gpu_mem_util_percent": 6.0, "gpu_mem_used_mib": 21927.0, "gpu_mem_total_mib": 49140.0, "gpu_power_w": 104.99, "process_present": true, "process_mem_mib": 21632.0, "process_mem_share_percent": 44.02116402116402, "process_util_available": true, "process_util_backend": "nvml", "process_sm_util_percent": null, "process_mem_util_percent": null}
{"timestamp_unix": 1772442221.4515398, "pid": 107876, "device_index": 0, "gpu_uuid": "GPU-6f954bfd-7081-31b7-f15c-f9a174bf4d7f", "gpu_util_percent": 75.0, "gpu_mem_util_percent": 6.0, "gpu_mem_used_mib": 23415.0, "gpu_mem_total_mib": 49140.0, "gpu_power_w": 108.3, "process_present": true, "process_mem_mib": 23120.0, "process_mem_share_percent": 47.04924704924705, "process_util_available": true, "process_util_backend": "nvml", "process_sm_util_percent": 24.0, "process_mem_util_percent": 7.0}
{"timestamp_unix": 1772442221.754084, "pid": 107876, "device_index": 0, "gpu_uuid": "GPU-6f954bfd-7081-31b7-f15c-f9a174bf4d7f", "gpu_util_percent": 25.0, "gpu_mem_util_percent": 8.0, "gpu_mem_used_mib": 24947.0, "gpu_mem_total_mib": 49140.0, "gpu_power_w": 114.18, "process_present": true, "process_mem_mib": 24686.0, "process_mem_share_percent": 50.23606023606023, "process_util_available": true, "process_util_backend": "nvml", "process_sm_util_percent": 23.0, "process_mem_util_percent": 6.0}
{"timestamp_unix": 1772442222.0437768, "pid": 107876, "device_index": 0, "gpu_uuid": "GPU-6f954bfd-7081-31b7-f15c-f9a174bf4d7f", "gpu_util_percent": 25.0, "gpu_mem_util_percent": 8.0, "gpu_mem_used_mib": 26633.0, "gpu_mem_total_mib": 49140.0, "gpu_power_w": 114.18, "process_present": true, "process_mem_mib": 26364.0, "process_mem_share_percent": 53.65079365079365, "process_util_available": true, "process_util_backend": "nvml", "process_sm_util_percent": 24.0, "process_mem_util_percent": 7.0}
{"timestamp_unix": 1772442222.3371873, "pid": 107876, "device_index": 0, "gpu_uuid": "GPU-6f954bfd-7081-31b7-f15c-f9a174bf4d7f", "gpu_util_percent": 25.0, "gpu_mem_util_percent": 8.0, "gpu_mem_used_mib": 29587.0, "gpu_mem_total_mib": 49140.0, "gpu_power_w": 117.8, "process_present": true, "process_mem_mib": 29264.0, "process_mem_share_percent": 59.552299552299544, "process_util_available": true, "process_util_backend": "nvml", "process_sm_util_percent": 25.0, "process_mem_util_percent": 8.0}
{"timestamp_unix": 1772442222.6282046, "pid": 107876, "device_index": 0, "gpu_uuid": "GPU-6f954bfd-7081-31b7-f15c-f9a174bf4d7f", "gpu_util_percent": 25.0, "gpu_mem_util_percent": 8.0, "gpu_mem_used_mib": 31105.0, "gpu_mem_total_mib": 49140.0, "gpu_power_w": 117.8, "process_present": true, "process_mem_mib": 30816.0, "process_mem_share_percent": 62.71062271062271, "process_util_available": true, "process_util_backend": "nvml", "process_sm_util_percent": 24.0, "process_mem_util_percent": 7.0}
{"timestamp_unix": 1772442222.9209256, "pid": 107876, "device_index": 0, "gpu_uuid": "GPU-6f954bfd-7081-31b7-f15c-f9a174bf4d7f", "gpu_util_percent": 24.0, "gpu_mem_util_percent": 8.0, "gpu_mem_used_mib": 32627.0, "gpu_mem_total_mib": 49140.0, "gpu_power_w": 119.36, "process_present": true, "process_mem_mib": 32332.0, "process_mem_share_percent": 65.7956857956858, "process_util_available": true, "process_util_backend": "nvml", "process_sm_util_percent": 25.0, "process_mem_util_percent": 7.0}
{"timestamp_unix": 1772442223.2202258, "pid": 107876, "device_index": 0, "gpu_uuid": "GPU-6f954bfd-7081-31b7-f15c-f9a174bf4d7f", "gpu_util_percent": 24.0, "gpu_mem_util_percent": 8.0, "gpu_mem_used_mib": 34266.0, "gpu_mem_total_mib": 49140.0, "gpu_power_w": 119.36, "process_present": true, "process_mem_mib": 34010.0, "process_mem_share_percent": 69.2104192104192, "process_util_available": true, "process_util_backend": "nvml", "process_sm_util_percent": 25.0, "process_mem_util_percent": 7.0}
{"timestamp_unix": 1772442223.5115063, "pid": 107876, "device_index": 0, "gpu_uuid": "GPU-6f954bfd-7081-31b7-f15c-f9a174bf4d7f", "gpu_util_percent": 24.0, "gpu_mem_util_percent": 8.0, "gpu_mem_used_mib": 36032.0, "gpu_mem_total_mib": 49140.0, "gpu_power_w": 112.32, "process_present": true, "process_mem_mib": 35628.0, "process_mem_share_percent": 72.5030525030525, "process_util_available": true, "process_util_backend": "nvml", "process_sm_util_percent": 25.0, "process_mem_util_percent": 8.0}
{"timestamp_unix": 1772442223.8189456, "pid": 107876, "device_index": 0, "gpu_uuid": "GPU-6f954bfd-7081-31b7-f15c-f9a174bf4d7f", "gpu_util_percent": 13.0, "gpu_mem_util_percent": 1.0, "gpu_mem_used_mib": 36122.0, "gpu_mem_total_mib": 49140.0, "gpu_power_w": 102.71, "process_present": true, "process_mem_mib": 35628.0, "process_mem_share_percent": 72.5030525030525, "process_util_available": true, "process_util_backend": "nvml", "process_sm_util_percent": null, "process_mem_util_percent": null}
{"timestamp_unix": 1772442224.120124, "pid": 107876, "device_index": 0, "gpu_uuid": "GPU-6f954bfd-7081-31b7-f15c-f9a174bf4d7f", "gpu_util_percent": 13.0, "gpu_mem_util_percent": 1.0, "gpu_mem_used_mib": 37598.0, "gpu_mem_total_mib": 49140.0, "gpu_power_w": 102.71, "process_present": true, "process_mem_mib": 37104.0, "process_mem_share_percent": 75.50671550671551, "process_util_available": true, "process_util_backend": "nvml", "process_sm_util_percent": 29.0, "process_mem_util_percent": 13.0}
{"timestamp_unix": 1772442224.4181259, "pid": 107876, "device_index": 0, "gpu_uuid": "GPU-6f954bfd-7081-31b7-f15c-f9a174bf4d7f", "gpu_util_percent": 13.0, "gpu_mem_util_percent": 1.0, "gpu_mem_used_mib": 37598.0, "gpu_mem_total_mib": 49140.0, "gpu_power_w": 101.0, "process_present": true, "process_mem_mib": 37104.0, "process_mem_share_percent": 75.50671550671551, "process_util_available": true, "process_util_backend": "nvml", "process_sm_util_percent": 39.0, "process_mem_util_percent": 22.0}
{"timestamp_unix": 1772442224.7162476, "pid": 107876, "device_index": 0, "gpu_uuid": "GPU-6f954bfd-7081-31b7-f15c-f9a174bf4d7f", "gpu_util_percent": 13.0, "gpu_mem_util_percent": 1.0, "gpu_mem_used_mib": 37598.0, "gpu_mem_total_mib": 49140.0, "gpu_power_w": 101.0, "process_present": true, "process_mem_mib": 37104.0, "process_mem_share_percent": 75.50671550671551, "process_util_available": true, "process_util_backend": "nvml", "process_sm_util_percent": 37.0, "process_mem_util_percent": 21.0}
{"timestamp_unix": 1772442225.0085146, "pid": 107876, "device_index": 0, "gpu_uuid": "GPU-6f954bfd-7081-31b7-f15c-f9a174bf4d7f", "gpu_util_percent": 38.0, "gpu_mem_util_percent": 23.0, "gpu_mem_used_mib": 37598.0, "gpu_mem_total_mib": 49140.0, "gpu_power_w": 110.09, "process_present": true, "process_mem_mib": 37104.0, "process_mem_share_percent": 75.50671550671551, "process_util_available": true, "process_util_backend": "nvml", "process_sm_util_percent": 39.0, "process_mem_util_percent": 22.0}
{"timestamp_unix": 1772442225.3035033, "pid": 107876, "device_index": 0, "gpu_uuid": "GPU-6f954bfd-7081-31b7-f15c-f9a174bf4d7f", "gpu_util_percent": 38.0, "gpu_mem_util_percent": 23.0, "gpu_mem_used_mib": 37598.0, "gpu_mem_total_mib": 49140.0, "gpu_power_w": 123.04, "process_present": true, "process_mem_mib": 37104.0, "process_mem_share_percent": 75.50671550671551, "process_util_available": true, "process_util_backend": "nvml", "process_sm_util_percent": 37.0, "process_mem_util_percent": 21.0}
{"timestamp_unix": 1772442225.5938373, "pid": 107876, "device_index": 0, "gpu_uuid": "GPU-6f954bfd-7081-31b7-f15c-f9a174bf4d7f", "gpu_util_percent": 38.0, "gpu_mem_util_percent": 23.0, "gpu_mem_used_mib": 37702.0, "gpu_mem_total_mib": 49140.0, "gpu_power_w": 123.04, "process_present": true, "process_mem_mib": 37208.0, "process_mem_share_percent": 75.71835571835572, "process_util_available": true, "process_util_backend": "nvml", "process_sm_util_percent": 38.0, "process_mem_util_percent": 22.0}
{"timestamp_unix": 1772442225.887265, "pid": 107876, "device_index": 0, "gpu_uuid": "GPU-6f954bfd-7081-31b7-f15c-f9a174bf4d7f", "gpu_util_percent": 37.0, "gpu_mem_util_percent": 20.0, "gpu_mem_used_mib": 37702.0, "gpu_mem_total_mib": 49140.0, "gpu_power_w": 122.78, "process_present": true, "process_mem_mib": 37208.0, "process_mem_share_percent": 75.71835571835572, "process_util_available": true, "process_util_backend": "nvml", "process_sm_util_percent": 38.0, "process_mem_util_percent": 21.0}
{"timestamp_unix": 1772442226.179992, "pid": 107876, "device_index": 0, "gpu_uuid": "GPU-6f954bfd-7081-31b7-f15c-f9a174bf4d7f", "gpu_util_percent": 37.0, "gpu_mem_util_percent": 20.0, "gpu_mem_used_mib": 37703.0, "gpu_mem_total_mib": 49140.0, "gpu_power_w": 122.78, "process_present": true, "process_mem_mib": 37208.0, "process_mem_share_percent": 75.71835571835572, "process_util_available": true, "process_util_backend": "nvml", "process_sm_util_percent": 41.0, "process_mem_util_percent": 22.0}
{"timestamp_unix": 1772442226.4833176, "pid": 107876, "device_index": 0, "gpu_uuid": "GPU-6f954bfd-7081-31b7-f15c-f9a174bf4d7f", "gpu_util_percent": 37.0, "gpu_mem_util_percent": 20.0, "gpu_mem_used_mib": 37703.0, "gpu_mem_total_mib": 49140.0, "gpu_power_w": 122.71, "process_present": true, "process_mem_mib": 37208.0, "process_mem_share_percent": 75.71835571835572, "process_util_available": true, "process_util_backend": "nvml", "process_sm_util_percent": 38.0, "process_mem_util_percent": 21.0}
{"timestamp_unix": 1772442226.783762, "pid": 107876, "device_index": 0, "gpu_uuid": "GPU-6f954bfd-7081-31b7-f15c-f9a174bf4d7f", "gpu_util_percent": 38.0, "gpu_mem_util_percent": 22.0, "gpu_mem_used_mib": 37703.0, "gpu_mem_total_mib": 49140.0, "gpu_power_w": 124.04, "process_present": true, "process_mem_mib": 37208.0, "process_mem_share_percent": 75.71835571835572, "process_util_available": true, "process_util_backend": "nvml", "process_sm_util_percent": 37.0, "process_mem_util_percent": 21.0}
{"timestamp_unix": 1772442227.0856674, "pid": 107876, "device_index": 0, "gpu_uuid": "GPU-6f954bfd-7081-31b7-f15c-f9a174bf4d7f", "gpu_util_percent": 38.0, "gpu_mem_util_percent": 22.0, "gpu_mem_used_mib": 37709.0, "gpu_mem_total_mib": 49140.0, "gpu_power_w": 124.04, "process_present": true, "process_mem_mib": 37208.0, "process_mem_share_percent": 75.71835571835572, "process_util_available": true, "process_util_backend": "nvml", "process_sm_util_percent": null, "process_mem_util_percent": null}
{"timestamp_unix": 1772442227.3857484, "pid": 107876, "device_index": 0, "gpu_uuid": "GPU-6f954bfd-7081-31b7-f15c-f9a174bf4d7f", "gpu_util_percent": 38.0, "gpu_mem_util_percent": 22.0, "gpu_mem_used_mib": 37709.0, "gpu_mem_total_mib": 49140.0, "gpu_power_w": 125.54, "process_present": true, "process_mem_mib": 37208.0, "process_mem_share_percent": 75.71835571835572, "process_util_available": true, "process_util_backend": "nvml", "process_sm_util_percent": 36.0, "process_mem_util_percent": 19.0}
{"timestamp_unix": 1772442227.6815605, "pid": 107876, "device_index": 0, "gpu_uuid": "GPU-6f954bfd-7081-31b7-f15c-f9a174bf4d7f", "gpu_util_percent": 38.0, "gpu_mem_util_percent": 22.0, "gpu_mem_used_mib": 37709.0, "gpu_mem_total_mib": 49140.0, "gpu_power_w": 125.54, "process_present": true, "process_mem_mib": 37208.0, "process_mem_share_percent": 75.71835571835572, "process_util_available": true, "process_util_backend": "nvml", "process_sm_util_percent": 38.0, "process_mem_util_percent": 21.0}
{"timestamp_unix": 1772442227.9780617, "pid": 107876, "device_index": 0, "gpu_uuid": "GPU-6f954bfd-7081-31b7-f15c-f9a174bf4d7f", "gpu_util_percent": 37.0, "gpu_mem_util_percent": 20.0, "gpu_mem_used_mib": 37709.0, "gpu_mem_total_mib": 49140.0, "gpu_power_w": 125.14, "process_present": true, "process_mem_mib": 37208.0, "process_mem_share_percent": 75.71835571835572, "process_util_available": true, "process_util_backend": "nvml", "process_sm_util_percent": 38.0, "process_mem_util_percent": 21.0}
{"timestamp_unix": 1772442228.2732625, "pid": 107876, "device_index": 0, "gpu_uuid": "GPU-6f954bfd-7081-31b7-f15c-f9a174bf4d7f", "gpu_util_percent": 37.0, "gpu_mem_util_percent": 20.0, "gpu_mem_used_mib": 37709.0, "gpu_mem_total_mib": 49140.0, "gpu_power_w": 122.88, "process_present": true, "process_mem_mib": 37208.0, "process_mem_share_percent": 75.71835571835572, "process_util_available": true, "process_util_backend": "nvml", "process_sm_util_percent": 39.0, "process_mem_util_percent": 21.0}
{"timestamp_unix": 1772442228.5637288, "pid": 107876, "device_index": 0, "gpu_uuid": "GPU-6f954bfd-7081-31b7-f15c-f9a174bf4d7f", "gpu_util_percent": 37.0, "gpu_mem_util_percent": 20.0, "gpu_mem_used_mib": 37709.0, "gpu_mem_total_mib": 49140.0, "gpu_power_w": 122.88, "process_present": true, "process_mem_mib": 37208.0, "process_mem_share_percent": 75.71835571835572, "process_util_available": true, "process_util_backend": "nvml", "process_sm_util_percent": 33.0, "process_mem_util_percent": 14.0}
{"timestamp_unix": 1772442228.8574355, "pid": 107876, "device_index": 0, "gpu_uuid": "GPU-6f954bfd-7081-31b7-f15c-f9a174bf4d7f", "gpu_util_percent": 30.0, "gpu_mem_util_percent": 10.0, "gpu_mem_used_mib": 37709.0, "gpu_mem_total_mib": 49140.0, "gpu_power_w": 117.84, "process_present": true, "process_mem_mib": 37208.0, "process_mem_share_percent": 75.71835571835572, "process_util_available": true, "process_util_backend": "nvml", "process_sm_util_percent": 29.0, "process_mem_util_percent": 9.0}
{"timestamp_unix": 1772442229.1499693, "pid": 107876, "device_index": 0, "gpu_uuid": "GPU-6f954bfd-7081-31b7-f15c-f9a174bf4d7f", "gpu_util_percent": 30.0, "gpu_mem_util_percent": 10.0, "gpu_mem_used_mib": 37711.0, "gpu_mem_total_mib": 49140.0, "gpu_power_w": 117.84, "process_present": true, "process_mem_mib": 37208.0, "process_mem_share_percent": 75.71835571835572, "process_util_available": true, "process_util_backend": "nvml", "process_sm_util_percent": 30.0, "process_mem_util_percent": 10.0}
{"timestamp_unix": 1772442229.4506826, "pid": 107876, "device_index": 0, "gpu_uuid": "GPU-6f954bfd-7081-31b7-f15c-f9a174bf4d7f", "gpu_util_percent": 30.0, "gpu_mem_util_percent": 10.0, "gpu_mem_used_mib": 37711.0, "gpu_mem_total_mib": 49140.0, "gpu_power_w": 110.14, "process_present": true, "process_mem_mib": 37208.0, "process_mem_share_percent": 75.71835571835572, "process_util_available": true, "process_util_backend": "nvml", "process_sm_util_percent": 30.0, "process_mem_util_percent": 10.0}
{"timestamp_unix": 1772442229.7613072, "pid": 107876, "device_index": 0, "gpu_uuid": "GPU-6f954bfd-7081-31b7-f15c-f9a174bf4d7f", "gpu_util_percent": 30.0, "gpu_mem_util_percent": 10.0, "gpu_mem_used_mib": 37711.0, "gpu_mem_total_mib": 49140.0, "gpu_power_w": 106.89, "process_present": true, "process_mem_mib": 37208.0, "process_mem_share_percent": 75.71835571835572, "process_util_available": true, "process_util_backend": "nvml", "process_sm_util_percent": null, "process_mem_util_percent": null}
{"timestamp_unix": 1772442230.0679088, "pid": 107876, "device_index": 0, "gpu_uuid": "GPU-6f954bfd-7081-31b7-f15c-f9a174bf4d7f", "gpu_util_percent": 30.0, "gpu_mem_util_percent": 10.0, "gpu_mem_used_mib": 38999.0, "gpu_mem_total_mib": 49140.0, "gpu_power_w": 106.89, "process_present": true, "process_mem_mib": 38496.0, "process_mem_share_percent": 78.33943833943835, "process_util_available": true, "process_util_backend": "nvml", "process_sm_util_percent": 12.0, "process_mem_util_percent": 3.0}
{"timestamp_unix": 1772442230.3674598, "pid": 107876, "device_index": 0, "gpu_uuid": "GPU-6f954bfd-7081-31b7-f15c-f9a174bf4d7f", "gpu_util_percent": 30.0, "gpu_mem_util_percent": 10.0, "gpu_mem_used_mib": 38999.0, "gpu_mem_total_mib": 49140.0, "gpu_power_w": 104.68, "process_present": true, "process_mem_mib": 38496.0, "process_mem_share_percent": 78.33943833943835, "process_util_available": true, "process_util_backend": "nvml", "process_sm_util_percent": null, "process_mem_util_percent": null}
{"timestamp_unix": 1772442230.6589427, "pid": 107876, "device_index": 0, "gpu_uuid": "GPU-6f954bfd-7081-31b7-f15c-f9a174bf4d7f", "gpu_util_percent": 30.0, "gpu_mem_util_percent": 10.0, "gpu_mem_used_mib": 38999.0, "gpu_mem_total_mib": 49140.0, "gpu_power_w": 104.68, "process_present": true, "process_mem_mib": 38496.0, "process_mem_share_percent": 78.33943833943835, "process_util_available": true, "process_util_backend": "nvml", "process_sm_util_percent": 28.0, "process_mem_util_percent": 9.0}
{"timestamp_unix": 1772442230.956348, "pid": 107876, "device_index": 0, "gpu_uuid": "GPU-6f954bfd-7081-31b7-f15c-f9a174bf4d7f", "gpu_util_percent": 29.0, "gpu_mem_util_percent": 10.0, "gpu_mem_used_mib": 39579.0, "gpu_mem_total_mib": 49140.0, "gpu_power_w": 104.39, "process_present": true, "process_mem_mib": 39888.0, "process_mem_share_percent": 81.17216117216117, "process_util_available": true, "process_util_backend": "nvml", "process_sm_util_percent": 27.0, "process_mem_util_percent": 9.0}
{"timestamp_unix": 1772442231.249856, "pid": 107876, "device_index": 0, "gpu_uuid": "GPU-6f954bfd-7081-31b7-f15c-f9a174bf4d7f", "gpu_util_percent": 29.0, "gpu_mem_util_percent": 10.0, "gpu_mem_used_mib": 40390.0, "gpu_mem_total_mib": 49140.0, "gpu_power_w": 107.22, "process_present": true, "process_mem_mib": 39888.0, "process_mem_share_percent": 81.17216117216117, "process_util_available": true, "process_util_backend": "nvml", "process_sm_util_percent": 28.0, "process_mem_util_percent": 10.0}
{"timestamp_unix": 1772442231.540494, "pid": 107876, "device_index": 0, "gpu_uuid": "GPU-6f954bfd-7081-31b7-f15c-f9a174bf4d7f", "gpu_util_percent": 29.0, "gpu_mem_util_percent": 10.0, "gpu_mem_used_mib": 40390.0, "gpu_mem_total_mib": 49140.0, "gpu_power_w": 107.22, "process_present": true, "process_mem_mib": 39888.0, "process_mem_share_percent": 81.17216117216117, "process_util_available": true, "process_util_backend": "nvml", "process_sm_util_percent": 27.0, "process_mem_util_percent": 9.0}
{"timestamp_unix": 1772442231.8333797, "pid": 107876, "device_index": 0, "gpu_uuid": "GPU-6f954bfd-7081-31b7-f15c-f9a174bf4d7f", "gpu_util_percent": 29.0, "gpu_mem_util_percent": 10.0, "gpu_mem_used_mib": 40390.0, "gpu_mem_total_mib": 49140.0, "gpu_power_w": 107.89, "process_present": true, "process_mem_mib": 39888.0, "process_mem_share_percent": 81.17216117216117, "process_util_available": true, "process_util_backend": "nvml", "process_sm_util_percent": 28.0, "process_mem_util_percent": 10.0}
{"timestamp_unix": 1772442232.1244116, "pid": 107876, "device_index": 0, "gpu_uuid": "GPU-6f954bfd-7081-31b7-f15c-f9a174bf4d7f", "gpu_util_percent": 29.0, "gpu_mem_util_percent": 10.0, "gpu_mem_used_mib": 41830.0, "gpu_mem_total_mib": 49140.0, "gpu_power_w": 107.89, "process_present": true, "process_mem_mib": 41328.0, "process_mem_share_percent": 84.1025641025641, "process_util_available": true, "process_util_backend": "nvml", "process_sm_util_percent": 29.0, "process_mem_util_percent": 11.0}
{"timestamp_unix": 1772442232.4315128, "pid": 107876, "device_index": 0, "gpu_uuid": "GPU-6f954bfd-7081-31b7-f15c-f9a174bf4d7f", "gpu_util_percent": 29.0, "gpu_mem_util_percent": 10.0, "gpu_mem_used_mib": 41830.0, "gpu_mem_total_mib": 49140.0, "gpu_power_w": 108.9, "process_present": true, "process_mem_mib": 41328.0, "process_mem_share_percent": 84.1025641025641, "process_util_available": true, "process_util_backend": "nvml", "process_sm_util_percent": 28.0, "process_mem_util_percent": 10.0}
{"timestamp_unix": 1772442232.7478185, "pid": 107876, "device_index": 0, "gpu_uuid": "GPU-6f954bfd-7081-31b7-f15c-f9a174bf4d7f", "gpu_util_percent": 29.0, "gpu_mem_util_percent": 10.0, "gpu_mem_used_mib": 41830.0, "gpu_mem_total_mib": 49140.0, "gpu_power_w": 108.9, "process_present": true, "process_mem_mib": 41328.0, "process_mem_share_percent": 84.1025641025641, "process_util_available": true, "process_util_backend": "nvml", "process_sm_util_percent": 28.0, "process_mem_util_percent": 10.0}
{"timestamp_unix": 1772442233.0528805, "pid": 107876, "device_index": 0, "gpu_uuid": "GPU-6f954bfd-7081-31b7-f15c-f9a174bf4d7f", "gpu_util_percent": 29.0, "gpu_mem_util_percent": 11.0, "gpu_mem_used_mib": 43317.0, "gpu_mem_total_mib": 49140.0, "gpu_power_w": 109.28, "process_present": true, "process_mem_mib": 42816.0, "process_mem_share_percent": 87.13064713064713, "process_util_available": true, "process_util_backend": "nvml", "process_sm_util_percent": 29.0, "process_mem_util_percent": 11.0}
{"timestamp_unix": 1772442233.345536, "pid": 107876, "device_index": 0, "gpu_uuid": "GPU-6f954bfd-7081-31b7-f15c-f9a174bf4d7f", "gpu_util_percent": 29.0, "gpu_mem_util_percent": 11.0, "gpu_mem_used_mib": 43318.0, "gpu_mem_total_mib": 49140.0, "gpu_power_w": 109.82, "process_present": true, "process_mem_mib": 42816.0, "process_mem_share_percent": 87.13064713064713, "process_util_available": true, "process_util_backend": "nvml", "process_sm_util_percent": 31.0, "process_mem_util_percent": 10.0}
{"timestamp_unix": 1772442233.6382234, "pid": 107876, "device_index": 0, "gpu_uuid": "GPU-6f954bfd-7081-31b7-f15c-f9a174bf4d7f", "gpu_util_percent": 29.0, "gpu_mem_util_percent": 11.0, "gpu_mem_used_mib": 43318.0, "gpu_mem_total_mib": 49140.0, "gpu_power_w": 109.82, "process_present": true, "process_mem_mib": 42816.0, "process_mem_share_percent": 87.13064713064713, "process_util_available": true, "process_util_backend": "nvml", "process_sm_util_percent": 28.0, "process_mem_util_percent": 10.0}
{"timestamp_unix": 1772442233.9289563, "pid": 107876, "device_index": 0, "gpu_uuid": "GPU-6f954bfd-7081-31b7-f15c-f9a174bf4d7f", "gpu_util_percent": 29.0, "gpu_mem_util_percent": 11.0, "gpu_mem_used_mib": 43322.0, "gpu_mem_total_mib": 49140.0, "gpu_power_w": 110.25, "process_present": true, "process_mem_mib": 42816.0, "process_mem_share_percent": 87.13064713064713, "process_util_available": true, "process_util_backend": "nvml", "process_sm_util_percent": 28.0, "process_mem_util_percent": 11.0}
{"timestamp_unix": 1772442234.2313132, "pid": 107876, "device_index": 0, "gpu_uuid": "GPU-6f954bfd-7081-31b7-f15c-f9a174bf4d7f", "gpu_util_percent": 29.0, "gpu_mem_util_percent": 11.0, "gpu_mem_used_mib": 43321.0, "gpu_mem_total_mib": 49140.0, "gpu_power_w": 110.25, "process_present": true, "process_mem_mib": 43312.0, "process_mem_share_percent": 88.14000814000813, "process_util_available": true, "process_util_backend": "nvml", "process_sm_util_percent": null, "process_mem_util_percent": null}
{"timestamp_unix": 1772442234.5244706, "pid": 107876, "device_index": 0, "gpu_uuid": "GPU-6f954bfd-7081-31b7-f15c-f9a174bf4d7f", "gpu_util_percent": 29.0, "gpu_mem_util_percent": 11.0, "gpu_mem_used_mib": 44933.0, "gpu_mem_total_mib": 49140.0, "gpu_power_w": 105.05, "process_present": true, "process_mem_mib": 44428.0, "process_mem_share_percent": 90.41107041107041, "process_util_available": true, "process_util_backend": "nvml", "process_sm_util_percent": 31.0, "process_mem_util_percent": 16.0}
{"timestamp_unix": 1772442234.8192735, "pid": 107876, "device_index": 0, "gpu_uuid": "GPU-6f954bfd-7081-31b7-f15c-f9a174bf4d7f", "gpu_util_percent": 44.0, "gpu_mem_util_percent": 28.0, "gpu_mem_used_mib": 44933.0, "gpu_mem_total_mib": 49140.0, "gpu_power_w": 105.71, "process_present": true, "process_mem_mib": 44428.0, "process_mem_share_percent": 90.41107041107041, "process_util_available": true, "process_util_backend": "nvml", "process_sm_util_percent": 20.0, "process_mem_util_percent": 12.0}
{"timestamp_unix": 1772442235.1175692, "pid": 107876, "device_index": 0, "gpu_uuid": "GPU-6f954bfd-7081-31b7-f15c-f9a174bf4d7f", "gpu_util_percent": 44.0, "gpu_mem_util_percent": 28.0, "gpu_mem_used_mib": 44933.0, "gpu_mem_total_mib": 49140.0, "gpu_power_w": 105.71, "process_present": true, "process_mem_mib": 44428.0, "process_mem_share_percent": 90.41107041107041, "process_util_available": true, "process_util_backend": "nvml", "process_sm_util_percent": null, "process_mem_util_percent": null}
{"timestamp_unix": 1772442235.4280345, "pid": 107876, "device_index": 0, "gpu_uuid": "GPU-6f954bfd-7081-31b7-f15c-f9a174bf4d7f", "gpu_util_percent": 44.0, "gpu_mem_util_percent": 28.0, "gpu_mem_used_mib": 44933.0, "gpu_mem_total_mib": 49140.0, "gpu_power_w": 121.29, "process_present": true, "process_mem_mib": 44428.0, "process_mem_share_percent": 90.41107041107041, "process_util_available": true, "process_util_backend": "nvml", "process_sm_util_percent": 21.0, "process_mem_util_percent": 13.0}
{"timestamp_unix": 1772442235.7257354, "pid": 107876, "device_index": 0, "gpu_uuid": "GPU-6f954bfd-7081-31b7-f15c-f9a174bf4d7f", "gpu_util_percent": 44.0, "gpu_mem_util_percent": 28.0, "gpu_mem_used_mib": 45053.0, "gpu_mem_total_mib": 49140.0, "gpu_power_w": 121.29, "process_present": true, "process_mem_mib": 44548.0, "process_mem_share_percent": 90.65527065527066, "process_util_available": true, "process_util_backend": "nvml", "process_sm_util_percent": 39.0, "process_mem_util_percent": 25.0}
{"timestamp_unix": 1772442236.0213006, "pid": 107876, "device_index": 0, "gpu_uuid": "GPU-6f954bfd-7081-31b7-f15c-f9a174bf4d7f", "gpu_util_percent": 42.0, "gpu_mem_util_percent": 27.0, "gpu_mem_used_mib": 45053.0, "gpu_mem_total_mib": 49140.0, "gpu_power_w": 142.17, "process_present": true, "process_mem_mib": 44548.0, "process_mem_share_percent": 90.65527065527066, "process_util_available": true, "process_util_backend": "nvml", "process_sm_util_percent": 41.0, "process_mem_util_percent": 26.0}
{"timestamp_unix": 1772442236.313651, "pid": 107876, "device_index": 0, "gpu_uuid": "GPU-6f954bfd-7081-31b7-f15c-f9a174bf4d7f", "gpu_util_percent": 42.0, "gpu_mem_util_percent": 27.0, "gpu_mem_used_mib": 45053.0, "gpu_mem_total_mib": 49140.0, "gpu_power_w": 149.68, "process_present": true, "process_mem_mib": 44548.0, "process_mem_share_percent": 90.65527065527066, "process_util_available": true, "process_util_backend": "nvml", "process_sm_util_percent": 39.0, "process_mem_util_percent": 25.0}
{"timestamp_unix": 1772442236.6075473, "pid": 107876, "device_index": 0, "gpu_uuid": "GPU-6f954bfd-7081-31b7-f15c-f9a174bf4d7f", "gpu_util_percent": 42.0, "gpu_mem_util_percent": 27.0, "gpu_mem_used_mib": 45053.0, "gpu_mem_total_mib": 49140.0, "gpu_power_w": 149.68, "process_present": true, "process_mem_mib": 44548.0, "process_mem_share_percent": 90.65527065527066, "process_util_available": true, "process_util_backend": "nvml", "process_sm_util_percent": 39.0, "process_mem_util_percent": 25.0}
{"timestamp_unix": 1772442236.9032528, "pid": 107876, "device_index": 0, "gpu_uuid": "GPU-6f954bfd-7081-31b7-f15c-f9a174bf4d7f", "gpu_util_percent": 38.0, "gpu_mem_util_percent": 24.0, "gpu_mem_used_mib": 45053.0, "gpu_mem_total_mib": 49140.0, "gpu_power_w": 149.11, "process_present": true, "process_mem_mib": 44548.0, "process_mem_share_percent": 90.65527065527066, "process_util_available": true, "process_util_backend": "nvml", "process_sm_util_percent": 38.0, "process_mem_util_percent": 26.0}
{"timestamp_unix": 1772442237.194754, "pid": 107876, "device_index": 0, "gpu_uuid": "GPU-6f954bfd-7081-31b7-f15c-f9a174bf4d7f", "gpu_util_percent": 38.0, "gpu_mem_util_percent": 24.0, "gpu_mem_used_mib": 45053.0, "gpu_mem_total_mib": 49140.0, "gpu_power_w": 149.11, "process_present": true, "process_mem_mib": 44548.0, "process_mem_share_percent": 90.65527065527066, "process_util_available": true, "process_util_backend": "nvml", "process_sm_util_percent": 38.0, "process_mem_util_percent": 24.0}
{"timestamp_unix": 1772442237.5025802, "pid": 107876, "device_index": 0, "gpu_uuid": "GPU-6f954bfd-7081-31b7-f15c-f9a174bf4d7f", "gpu_util_percent": 38.0, "gpu_mem_util_percent": 24.0, "gpu_mem_used_mib": 45053.0, "gpu_mem_total_mib": 49140.0, "gpu_power_w": 148.33, "process_present": true, "process_mem_mib": 44548.0, "process_mem_share_percent": 90.65527065527066, "process_util_available": true, "process_util_backend": "nvml", "process_sm_util_percent": 36.0, "process_mem_util_percent": 24.0}
{"timestamp_unix": 1772442237.803189, "pid": 107876, "device_index": 0, "gpu_uuid": "GPU-6f954bfd-7081-31b7-f15c-f9a174bf4d7f", "gpu_util_percent": 39.0, "gpu_mem_util_percent": 26.0, "gpu_mem_used_mib": 45053.0, "gpu_mem_total_mib": 49140.0, "gpu_power_w": 148.44, "process_present": true, "process_mem_mib": 44548.0, "process_mem_share_percent": 90.65527065527066, "process_util_available": true, "process_util_backend": "nvml", "process_sm_util_percent": 37.0, "process_mem_util_percent": 24.0}
{"timestamp_unix": 1772442238.1058748, "pid": 107876, "device_index": 0, "gpu_uuid": "GPU-6f954bfd-7081-31b7-f15c-f9a174bf4d7f", "gpu_util_percent": 39.0, "gpu_mem_util_percent": 26.0, "gpu_mem_used_mib": 45051.0, "gpu_mem_total_mib": 49140.0, "gpu_power_w": 148.44, "process_present": true, "process_mem_mib": 44548.0, "process_mem_share_percent": 90.65527065527066, "process_util_available": true, "process_util_backend": "nvml", "process_sm_util_percent": 38.0, "process_mem_util_percent": 25.0}
{"timestamp_unix": 1772442238.3985474, "pid": 107876, "device_index": 0, "gpu_uuid": "GPU-6f954bfd-7081-31b7-f15c-f9a174bf4d7f", "gpu_util_percent": 39.0, "gpu_mem_util_percent": 26.0, "gpu_mem_used_mib": 45051.0, "gpu_mem_total_mib": 49140.0, "gpu_power_w": 143.81, "process_present": true, "process_mem_mib": 44548.0, "process_mem_share_percent": 90.65527065527066, "process_util_available": true, "process_util_backend": "nvml", "process_sm_util_percent": 37.0, "process_mem_util_percent": 23.0}
{"timestamp_unix": 1772442238.693986, "pid": 107876, "device_index": 0, "gpu_uuid": "GPU-6f954bfd-7081-31b7-f15c-f9a174bf4d7f", "gpu_util_percent": 39.0, "gpu_mem_util_percent": 26.0, "gpu_mem_used_mib": 45051.0, "gpu_mem_total_mib": 49140.0, "gpu_power_w": 143.81, "process_present": true, "process_mem_mib": 44548.0, "process_mem_share_percent": 90.65527065527066, "process_util_available": true, "process_util_backend": "nvml", "process_sm_util_percent": 33.0, "process_mem_util_percent": 17.0}
{"timestamp_unix": 1772442238.9862108, "pid": 107876, "device_index": 0, "gpu_uuid": "GPU-6f954bfd-7081-31b7-f15c-f9a174bf4d7f", "gpu_util_percent": 30.0, "gpu_mem_util_percent": 12.0, "gpu_mem_used_mib": 45051.0, "gpu_mem_total_mib": 49140.0, "gpu_power_w": 133.59, "process_present": true, "process_mem_mib": 44548.0, "process_mem_share_percent": 90.65527065527066, "process_util_available": true, "process_util_backend": "nvml", "process_sm_util_percent": 30.0, "process_mem_util_percent": 12.0}
{"timestamp_unix": 1772442239.2789931, "pid": 107876, "device_index": 0, "gpu_uuid": "GPU-6f954bfd-7081-31b7-f15c-f9a174bf4d7f", "gpu_util_percent": 30.0, "gpu_mem_util_percent": 12.0, "gpu_mem_used_mib": 45051.0, "gpu_mem_total_mib": 49140.0, "gpu_power_w": 119.94, "process_present": true, "process_mem_mib": 44548.0, "process_mem_share_percent": 90.65527065527066, "process_util_available": true, "process_util_backend": "nvml", "process_sm_util_percent": 31.0, "process_mem_util_percent": 12.0}
{"timestamp_unix": 1772442239.5741196, "pid": 107876, "device_index": 0, "gpu_uuid": "GPU-6f954bfd-7081-31b7-f15c-f9a174bf4d7f", "gpu_util_percent": 30.0, "gpu_mem_util_percent": 12.0, "gpu_mem_used_mib": 45051.0, "gpu_mem_total_mib": 49140.0, "gpu_power_w": 119.94, "process_present": true, "process_mem_mib": 44548.0, "process_mem_share_percent": 90.65527065527066, "process_util_available": true, "process_util_backend": "nvml", "process_sm_util_percent": 30.0, "process_mem_util_percent": 11.0}
{"timestamp_unix": 1772442239.8690462, "pid": 107876, "device_index": 0, "gpu_uuid": "GPU-6f954bfd-7081-31b7-f15c-f9a174bf4d7f", "gpu_util_percent": 29.0, "gpu_mem_util_percent": 10.0, "gpu_mem_used_mib": 45051.0, "gpu_mem_total_mib": 49140.0, "gpu_power_w": 110.05, "process_present": true, "process_mem_mib": 44548.0, "process_mem_share_percent": 90.65527065527066, "process_util_available": true, "process_util_backend": "nvml", "process_sm_util_percent": 29.0, "process_mem_util_percent": 10.0}
{"timestamp_unix": 1772442240.1699517, "pid": 107876, "device_index": 0, "gpu_uuid": "GPU-6f954bfd-7081-31b7-f15c-f9a174bf4d7f", "gpu_util_percent": 29.0, "gpu_mem_util_percent": 10.0, "gpu_mem_used_mib": 45051.0, "gpu_mem_total_mib": 49140.0, "gpu_power_w": 110.05, "process_present": true, "process_mem_mib": 44548.0, "process_mem_share_percent": 90.65527065527066, "process_util_available": true, "process_util_backend": "nvml", "process_sm_util_percent": null, "process_mem_util_percent": null}
