{"timestamp_unix": 1772435370.0308256, "pid": 65396, "device_index": 0, "gpu_uuid": "GPU-6f954bfd-7081-31b7-f15c-f9a174bf4d7f", "gpu_util_percent": 31.0, "gpu_mem_util_percent": 16.0, "gpu_mem_used_mib": 999.0, "gpu_mem_total_mib": 49140.0, "gpu_power_w": 43.32, "process_present": true, "process_mem_mib": 500.0, "process_mem_share_percent": 1.0175010175010175, "process_util_available": true, "process_util_backend": "nvml", "process_sm_util_percent": 1.0, "process_mem_util_percent": 0.0}
{"timestamp_unix": 1772435370.394186, "pid": 65396, "device_index": 0, "gpu_uuid": "GPU-6f954bfd-7081-31b7-f15c-f9a174bf4d7f", "gpu_util_percent": 31.0, "gpu_mem_util_percent": 16.0, "gpu_mem_used_mib": 999.0, "gpu_mem_total_mib": 49140.0, "gpu_power_w": 53.15, "process_present": true, "process_mem_mib": 500.0, "process_mem_share_percent": 1.0175010175010175, "process_util_available": true, "process_util_backend": "nvml", "process_sm_util_percent": null, "process_mem_util_percent": null}
{"timestamp_unix": 1772435370.713937, "pid": 65396, "device_index": 0, "gpu_uuid": "GPU-6f954bfd-7081-31b7-f15c-f9a174bf4d7f", "gpu_util_percent": 11.0, "gpu_mem_util_percent": 1.0, "gpu_mem_used_mib": 999.0, "gpu_mem_total_mib": 49140.0, "gpu_power_w": 69.23, "process_present": true, "process_mem_mib": 500.0, "process_mem_share_percent": 1.0175010175010175, "process_util_available": true, "process_util_backend": "nvml", "process_sm_util_percent": null, "process_mem_util_percent": null}
{"timestamp_unix": 1772435371.0349534, "pid": 65396, "device_index": 0, "gpu_uuid": "GPU-6f954bfd-7081-31b7-f15c-f9a174bf4d7f", "gpu_util_percent": 11.0, "gpu_mem_util_percent": 1.0, "gpu_mem_used_mib": 999.0, "gpu_mem_total_mib": 49140.0, "gpu_power_w": 69.23, "process_present": true, "process_mem_mib": 500.0, "process_mem_share_percent": 1.0175010175010175, "process_util_available": true, "process_util_backend": "nvml", "process_sm_util_percent": null, "process_mem_util_percent": null}
{"timestamp_unix": 1772435371.333557, "pid": 65396, "device_index": 0, "gpu_uuid": "GPU-6f954bfd-7081-31b7-f15c-f9a174bf4d7f", "gpu_util_percent": 11.0, "gpu_mem_util_percent": 1.0, "gpu_mem_used_mib": 1085.0, "gpu_mem_total_mib": 49140.0, "gpu_power_w": 79.11, "process_present": true, "process_mem_mib": 586.0, "process_mem_share_percent": 1.1925111925111924, "process_util_available": true, "process_util_backend": "nvml", "process_sm_util_percent": 8.0, "process_mem_util_percent": 0.0}
{"timestamp_unix": 1772435371.6266508, "pid": 65396, "device_index": 0, "gpu_uuid": "GPU-6f954bfd-7081-31b7-f15c-f9a174bf4d7f", "gpu_util_percent": 15.0, "gpu_mem_util_percent": 1.0, "gpu_mem_used_mib": 1183.0, "gpu_mem_total_mib": 49140.0, "gpu_power_w": 79.83, "process_present": true, "process_mem_mib": 684.0, "process_mem_share_percent": 1.391941391941392, "process_util_available": true, "process_util_backend": "nvml", "process_sm_util_percent": null, "process_mem_util_percent": null}
{"timestamp_unix": 1772435371.9206288, "pid": 65396, "device_index": 0, "gpu_uuid": "GPU-6f954bfd-7081-31b7-f15c-f9a174bf4d7f", "gpu_util_percent": 15.0, "gpu_mem_util_percent": 1.0, "gpu_mem_used_mib": 1426.0, "gpu_mem_total_mib": 49140.0, "gpu_power_w": 79.83, "process_present": true, "process_mem_mib": 980.0, "process_mem_share_percent": 1.9943019943019942, "process_util_available": true, "process_util_backend": "nvml", "process_sm_util_percent": 19.0, "process_mem_util_percent": 1.0}
{"timestamp_unix": 1772435372.2254863, "pid": 65396, "device_index": 0, "gpu_uuid": "GPU-6f954bfd-7081-31b7-f15c-f9a174bf4d7f", "gpu_util_percent": 15.0, "gpu_mem_util_percent": 1.0, "gpu_mem_used_mib": 1748.0, "gpu_mem_total_mib": 49140.0, "gpu_power_w": 83.21, "process_present": true, "process_mem_mib": 1308.0, "process_mem_share_percent": 2.6617826617826617, "process_util_available": true, "process_util_backend": "nvml", "process_sm_util_percent": 22.0, "process_mem_util_percent": 2.0}
{"timestamp_unix": 1772435372.5270345, "pid": 65396, "device_index": 0, "gpu_uuid": "GPU-6f954bfd-7081-31b7-f15c-f9a174bf4d7f", "gpu_util_percent": 15.0, "gpu_mem_util_percent": 1.0, "gpu_mem_used_mib": 2094.0, "gpu_mem_total_mib": 49140.0, "gpu_power_w": 83.21, "process_present": true, "process_mem_mib": 1654.0, "process_mem_share_percent": 3.365893365893366, "process_util_available": true, "process_util_backend": "nvml", "process_sm_util_percent": 21.0, "process_mem_util_percent": 1.0}
{"timestamp_unix": 1772435372.8139436, "pid": 65396, "device_index": 0, "gpu_uuid": "GPU-6f954bfd-7081-31b7-f15c-f9a174bf4d7f", "gpu_util_percent": 20.0, "gpu_mem_util_percent": 2.0, "gpu_mem_used_mib": 2460.0, "gpu_mem_total_mib": 49140.0, "gpu_power_w": 86.02, "process_present": true, "process_mem_mib": 2024.0, "process_mem_share_percent": 4.118844118844119, "process_util_available": true, "process_util_backend": "nvml", "process_sm_util_percent": 22.0, "process_mem_util_percent": 2.0}
{"timestamp_unix": 1772435373.1021113, "pid": 65396, "device_index": 0, "gpu_uuid": "GPU-6f954bfd-7081-31b7-f15c-f9a174bf4d7f", "gpu_util_percent": 20.0, "gpu_mem_util_percent": 2.0, "gpu_mem_used_mib": 2858.0, "gpu_mem_total_mib": 49140.0, "gpu_power_w": 87.46, "process_present": true, "process_mem_mib": 2404.0, "process_mem_share_percent": 4.892144892144892, "process_util_available": true, "process_util_backend": "nvml", "process_sm_util_percent": 21.0, "process_mem_util_percent": 2.0}
{"timestamp_unix": 1772435373.3919702, "pid": 65396, "device_index": 0, "gpu_uuid": "GPU-6f954bfd-7081-31b7-f15c-f9a174bf4d7f", "gpu_util_percent": 20.0, "gpu_mem_util_percent": 2.0, "gpu_mem_used_mib": 3246.0, "gpu_mem_total_mib": 49140.0, "gpu_power_w": 87.46, "process_present": true, "process_mem_mib": 2794.0, "process_mem_share_percent": 5.685795685795686, "process_util_available": true, "process_util_backend": "nvml", "process_sm_util_percent": 11.0, "process_mem_util_percent": 1.0}
{"timestamp_unix": 1772435373.6810195, "pid": 65396, "device_index": 0, "gpu_uuid": "GPU-6f954bfd-7081-31b7-f15c-f9a174bf4d7f", "gpu_util_percent": 22.0, "gpu_mem_util_percent": 2.0, "gpu_mem_used_mib": 3646.0, "gpu_mem_total_mib": 49140.0, "gpu_power_w": 87.44, "process_present": true, "process_mem_mib": 3214.0, "process_mem_share_percent": 6.54049654049654, "process_util_available": true, "process_util_backend": "nvml", "process_sm_util_percent": 21.0, "process_mem_util_percent": 2.0}
{"timestamp_unix": 1772435373.9707084, "pid": 65396, "device_index": 0, "gpu_uuid": "GPU-6f954bfd-7081-31b7-f15c-f9a174bf4d7f", "gpu_util_percent": 22.0, "gpu_mem_util_percent": 2.0, "gpu_mem_used_mib": 4074.0, "gpu_mem_total_mib": 49140.0, "gpu_power_w": 87.44, "process_present": true, "process_mem_mib": 3642.0, "process_mem_share_percent": 7.411477411477412, "process_util_available": true, "process_util_backend": "nvml", "process_sm_util_percent": null, "process_mem_util_percent": null}
{"timestamp_unix": 1772435374.260651, "pid": 65396, "device_index": 0, "gpu_uuid": "GPU-6f954bfd-7081-31b7-f15c-f9a174bf4d7f", "gpu_util_percent": 22.0, "gpu_mem_util_percent": 2.0, "gpu_mem_used_mib": 4501.0, "gpu_mem_total_mib": 49140.0, "gpu_power_w": 87.32, "process_present": true, "process_mem_mib": 4068.0, "process_mem_share_percent": 8.278388278388277, "process_util_available": true, "process_util_backend": "nvml", "process_sm_util_percent": 21.0, "process_mem_util_percent": 2.0}
{"timestamp_unix": 1772435374.554305, "pid": 65396, "device_index": 0, "gpu_uuid": "GPU-6f954bfd-7081-31b7-f15c-f9a174bf4d7f", "gpu_util_percent": 22.0, "gpu_mem_util_percent": 2.0, "gpu_mem_used_mib": 4931.0, "gpu_mem_total_mib": 49140.0, "gpu_power_w": 87.32, "process_present": true, "process_mem_mib": 4494.0, "process_mem_share_percent": 9.145299145299145, "process_util_available": true, "process_util_backend": "nvml", "process_sm_util_percent": null, "process_mem_util_percent": null}
{"timestamp_unix": 1772435374.8711429, "pid": 65396, "device_index": 0, "gpu_uuid": "GPU-6f954bfd-7081-31b7-f15c-f9a174bf4d7f", "gpu_util_percent": 22.0, "gpu_mem_util_percent": 2.0, "gpu_mem_used_mib": 5415.0, "gpu_mem_total_mib": 49140.0, "gpu_power_w": 87.24, "process_present": true, "process_mem_mib": 4984.0, "process_mem_share_percent": 10.142450142450143, "process_util_available": true, "process_util_backend": "nvml", "process_sm_util_percent": null, "process_mem_util_percent": null}
{"timestamp_unix": 1772435375.1818607, "pid": 65396, "device_index": 0, "gpu_uuid": "GPU-6f954bfd-7081-31b7-f15c-f9a174bf4d7f", "gpu_util_percent": 22.0, "gpu_mem_util_percent": 2.0, "gpu_mem_used_mib": 5913.0, "gpu_mem_total_mib": 49140.0, "gpu_power_w": 87.01, "process_present": true, "process_mem_mib": 5476.0, "process_mem_share_percent": 11.143671143671144, "process_util_available": true, "process_util_backend": "nvml", "process_sm_util_percent": 11.0, "process_mem_util_percent": 1.0}
{"timestamp_unix": 1772435375.469743, "pid": 65396, "device_index": 0, "gpu_uuid": "GPU-6f954bfd-7081-31b7-f15c-f9a174bf4d7f", "gpu_util_percent": 22.0, "gpu_mem_util_percent": 2.0, "gpu_mem_used_mib": 6327.0, "gpu_mem_total_mib": 49140.0, "gpu_power_w": 87.01, "process_present": true, "process_mem_mib": 5834.0, "process_mem_share_percent": 11.872201872201872, "process_util_available": true, "process_util_backend": "nvml", "process_sm_util_percent": 21.0, "process_mem_util_percent": 2.0}
{"timestamp_unix": 1772435375.7603066, "pid": 65396, "device_index": 0, "gpu_uuid": "GPU-6f954bfd-7081-31b7-f15c-f9a174bf4d7f", "gpu_util_percent": 15.0, "gpu_mem_util_percent": 1.0, "gpu_mem_used_mib": 6437.0, "gpu_mem_total_mib": 49140.0, "gpu_power_w": 85.89, "process_present": true, "process_mem_mib": 5944.0, "process_mem_share_percent": 12.096052096052096, "process_util_available": true, "process_util_backend": "nvml", "process_sm_util_percent": 11.0, "process_mem_util_percent": 1.0}
{"timestamp_unix": 1772435376.0486095, "pid": 65396, "device_index": 0, "gpu_uuid": "GPU-6f954bfd-7081-31b7-f15c-f9a174bf4d7f", "gpu_util_percent": 15.0, "gpu_mem_util_percent": 1.0, "gpu_mem_used_mib": 6437.0, "gpu_mem_total_mib": 49140.0, "gpu_power_w": 85.89, "process_present": true, "process_mem_mib": 5944.0, "process_mem_share_percent": 12.096052096052096, "process_util_available": true, "process_util_backend": "nvml", "process_sm_util_percent": 24.0, "process_mem_util_percent": 2.0}
{"timestamp_unix": 1772435376.3443067, "pid": 65396, "device_index": 0, "gpu_uuid": "GPU-6f954bfd-7081-31b7-f15c-f9a174bf4d7f", "gpu_util_percent": 15.0, "gpu_mem_util_percent": 1.0, "gpu_mem_used_mib": 6437.0, "gpu_mem_total_mib": 49140.0, "gpu_power_w": 86.95, "process_present": true, "process_mem_mib": 5944.0, "process_mem_share_percent": 12.096052096052096, "process_util_available": true, "process_util_backend": "nvml", "process_sm_util_percent": 25.0, "process_mem_util_percent": 2.0}
{"timestamp_unix": 1772435376.6324852, "pid": 65396, "device_index": 0, "gpu_uuid": "GPU-6f954bfd-7081-31b7-f15c-f9a174bf4d7f", "gpu_util_percent": 26.0, "gpu_mem_util_percent": 3.0, "gpu_mem_used_mib": 6437.0, "gpu_mem_total_mib": 49140.0, "gpu_power_w": 88.34, "process_present": true, "process_mem_mib": 5944.0, "process_mem_share_percent": 12.096052096052096, "process_util_available": true, "process_util_backend": "nvml", "process_sm_util_percent": 24.0, "process_mem_util_percent": 2.0}
{"timestamp_unix": 1772435376.9204104, "pid": 65396, "device_index": 0, "gpu_uuid": "GPU-6f954bfd-7081-31b7-f15c-f9a174bf4d7f", "gpu_util_percent": 26.0, "gpu_mem_util_percent": 3.0, "gpu_mem_used_mib": 6437.0, "gpu_mem_total_mib": 49140.0, "gpu_power_w": 88.34, "process_present": true, "process_mem_mib": 5944.0, "process_mem_share_percent": 12.096052096052096, "process_util_available": true, "process_util_backend": "nvml", "process_sm_util_percent": 24.0, "process_mem_util_percent": 2.0}
{"timestamp_unix": 1772435377.2270412, "pid": 65396, "device_index": 0, "gpu_uuid": "GPU-6f954bfd-7081-31b7-f15c-f9a174bf4d7f", "gpu_util_percent": 26.0, "gpu_mem_util_percent": 3.0, "gpu_mem_used_mib": 6431.0, "gpu_mem_total_mib": 49140.0, "gpu_power_w": 89.41, "process_present": true, "process_mem_mib": 5944.0, "process_mem_share_percent": 12.096052096052096, "process_util_available": true, "process_util_backend": "nvml", "process_sm_util_percent": 25.0, "process_mem_util_percent": 2.0}
{"timestamp_unix": 1772435377.5287266, "pid": 65396, "device_index": 0, "gpu_uuid": "GPU-6f954bfd-7081-31b7-f15c-f9a174bf4d7f", "gpu_util_percent": 26.0, "gpu_mem_util_percent": 3.0, "gpu_mem_used_mib": 6431.0, "gpu_mem_total_mib": 49140.0, "gpu_power_w": 89.41, "process_present": true, "process_mem_mib": 5944.0, "process_mem_share_percent": 12.096052096052096, "process_util_available": true, "process_util_backend": "nvml", "process_sm_util_percent": 25.0, "process_mem_util_percent": 2.0}
{"timestamp_unix": 1772435377.8274307, "pid": 65396, "device_index": 0, "gpu_uuid": "GPU-6f954bfd-7081-31b7-f15c-f9a174bf4d7f", "gpu_util_percent": 25.0, "gpu_mem_util_percent": 3.0, "gpu_mem_used_mib": 6431.0, "gpu_mem_total_mib": 49140.0, "gpu_power_w": 89.35, "process_present": true, "process_mem_mib": 5944.0, "process_mem_share_percent": 12.096052096052096, "process_util_available": true, "process_util_backend": "nvml", "process_sm_util_percent": 24.0, "process_mem_util_percent": 2.0}
{"timestamp_unix": 1772435378.115569, "pid": 65396, "device_index": 0, "gpu_uuid": "GPU-6f954bfd-7081-31b7-f15c-f9a174bf4d7f", "gpu_util_percent": 25.0, "gpu_mem_util_percent": 3.0, "gpu_mem_used_mib": 6430.0, "gpu_mem_total_mib": 49140.0, "gpu_power_w": 89.25, "process_present": true, "process_mem_mib": 5944.0, "process_mem_share_percent": 12.096052096052096, "process_util_available": true, "process_util_backend": "nvml", "process_sm_util_percent": 24.0, "process_mem_util_percent": 2.0}
{"timestamp_unix": 1772435378.4025733, "pid": 65396, "device_index": 0, "gpu_uuid": "GPU-6f954bfd-7081-31b7-f15c-f9a174bf4d7f", "gpu_util_percent": 25.0, "gpu_mem_util_percent": 3.0, "gpu_mem_used_mib": 6430.0, "gpu_mem_total_mib": 49140.0, "gpu_power_w": 89.25, "process_present": true, "process_mem_mib": 5944.0, "process_mem_share_percent": 12.096052096052096, "process_util_available": true, "process_util_backend": "nvml", "process_sm_util_percent": 25.0, "process_mem_util_percent": 2.0}
{"timestamp_unix": 1772435378.693295, "pid": 65396, "device_index": 0, "gpu_uuid": "GPU-6f954bfd-7081-31b7-f15c-f9a174bf4d7f", "gpu_util_percent": 24.0, "gpu_mem_util_percent": 3.0, "gpu_mem_used_mib": 6430.0, "gpu_mem_total_mib": 49140.0, "gpu_power_w": 89.2, "process_present": true, "process_mem_mib": 5944.0, "process_mem_share_percent": 12.096052096052096, "process_util_available": true, "process_util_backend": "nvml", "process_sm_util_percent": 25.0, "process_mem_util_percent": 2.0}
{"timestamp_unix": 1772435378.982163, "pid": 65396, "device_index": 0, "gpu_uuid": "GPU-6f954bfd-7081-31b7-f15c-f9a174bf4d7f", "gpu_util_percent": 24.0, "gpu_mem_util_percent": 3.0, "gpu_mem_used_mib": 6430.0, "gpu_mem_total_mib": 49140.0, "gpu_power_w": 89.2, "process_present": true, "process_mem_mib": 5944.0, "process_mem_share_percent": 12.096052096052096, "process_util_available": true, "process_util_backend": "nvml", "process_sm_util_percent": 25.0, "process_mem_util_percent": 2.0}
{"timestamp_unix": 1772435379.2686148, "pid": 65396, "device_index": 0, "gpu_uuid": "GPU-6f954bfd-7081-31b7-f15c-f9a174bf4d7f", "gpu_util_percent": 24.0, "gpu_mem_util_percent": 3.0, "gpu_mem_used_mib": 6430.0, "gpu_mem_total_mib": 49140.0, "gpu_power_w": 89.17, "process_present": true, "process_mem_mib": 5944.0, "process_mem_share_percent": 12.096052096052096, "process_util_available": true, "process_util_backend": "nvml", "process_sm_util_percent": 25.0, "process_mem_util_percent": 2.0}
{"timestamp_unix": 1772435379.557478, "pid": 65396, "device_index": 0, "gpu_uuid": "GPU-6f954bfd-7081-31b7-f15c-f9a174bf4d7f", "gpu_util_percent": 24.0, "gpu_mem_util_percent": 3.0, "gpu_mem_used_mib": 6430.0, "gpu_mem_total_mib": 49140.0, "gpu_power_w": 89.17, "process_present": true, "process_mem_mib": 5944.0, "process_mem_share_percent": 12.096052096052096, "process_util_available": true, "process_util_backend": "nvml", "process_sm_util_percent": 25.0, "process_mem_util_percent": 2.0}
{"timestamp_unix": 1772435379.8707626, "pid": 65396, "device_index": 0, "gpu_uuid": "GPU-6f954bfd-7081-31b7-f15c-f9a174bf4d7f", "gpu_util_percent": 26.0, "gpu_mem_util_percent": 3.0, "gpu_mem_used_mib": 6430.0, "gpu_mem_total_mib": 49140.0, "gpu_power_w": 89.08, "process_present": true, "process_mem_mib": 5944.0, "process_mem_share_percent": 12.096052096052096, "process_util_available": true, "process_util_backend": "nvml", "process_sm_util_percent": 25.0, "process_mem_util_percent": 2.0}
{"timestamp_unix": 1772435380.1768582, "pid": 65396, "device_index": 0, "gpu_uuid": "GPU-6f954bfd-7081-31b7-f15c-f9a174bf4d7f", "gpu_util_percent": 26.0, "gpu_mem_util_percent": 3.0, "gpu_mem_used_mib": 6430.0, "gpu_mem_total_mib": 49140.0, "gpu_power_w": 89.06, "process_present": true, "process_mem_mib": 5944.0, "process_mem_share_percent": 12.096052096052096, "process_util_available": true, "process_util_backend": "nvml", "process_sm_util_percent": 25.0, "process_mem_util_percent": 2.0}
{"timestamp_unix": 1772435380.4777222, "pid": 65396, "device_index": 0, "gpu_uuid": "GPU-6f954bfd-7081-31b7-f15c-f9a174bf4d7f", "gpu_util_percent": 26.0, "gpu_mem_util_percent": 3.0, "gpu_mem_used_mib": 6430.0, "gpu_mem_total_mib": 49140.0, "gpu_power_w": 89.06, "process_present": true, "process_mem_mib": 5944.0, "process_mem_share_percent": 12.096052096052096, "process_util_available": true, "process_util_backend": "nvml", "process_sm_util_percent": 20.0, "process_mem_util_percent": 1.0}
{"timestamp_unix": 1772435380.7690573, "pid": 65396, "device_index": 0, "gpu_uuid": "GPU-6f954bfd-7081-31b7-f15c-f9a174bf4d7f", "gpu_util_percent": 22.0, "gpu_mem_util_percent": 2.0, "gpu_mem_used_mib": 6430.0, "gpu_mem_total_mib": 49140.0, "gpu_power_w": 88.28, "process_present": true, "process_mem_mib": 5944.0, "process_mem_share_percent": 12.096052096052096, "process_util_available": true, "process_util_backend": "nvml", "process_sm_util_percent": 23.0, "process_mem_util_percent": 1.0}
{"timestamp_unix": 1772435381.0608287, "pid": 65396, "device_index": 0, "gpu_uuid": "GPU-6f954bfd-7081-31b7-f15c-f9a174bf4d7f", "gpu_util_percent": 22.0, "gpu_mem_util_percent": 2.0, "gpu_mem_used_mib": 6430.0, "gpu_mem_total_mib": 49140.0, "gpu_power_w": 88.28, "process_present": true, "process_mem_mib": 5944.0, "process_mem_share_percent": 12.096052096052096, "process_util_available": true, "process_util_backend": "nvml", "process_sm_util_percent": 23.0, "process_mem_util_percent": 2.0}
{"timestamp_unix": 1772435381.3545709, "pid": 65396, "device_index": 0, "gpu_uuid": "GPU-6f954bfd-7081-31b7-f15c-f9a174bf4d7f", "gpu_util_percent": 22.0, "gpu_mem_util_percent": 2.0, "gpu_mem_used_mib": 6430.0, "gpu_mem_total_mib": 49140.0, "gpu_power_w": 87.91, "process_present": true, "process_mem_mib": 5944.0, "process_mem_share_percent": 12.096052096052096, "process_util_available": true, "process_util_backend": "nvml", "process_sm_util_percent": 23.0, "process_mem_util_percent": 2.0}
{"timestamp_unix": 1772435381.646816, "pid": 65396, "device_index": 0, "gpu_uuid": "GPU-6f954bfd-7081-31b7-f15c-f9a174bf4d7f", "gpu_util_percent": 22.0, "gpu_mem_util_percent": 2.0, "gpu_mem_used_mib": 6430.0, "gpu_mem_total_mib": 49140.0, "gpu_power_w": 88.18, "process_present": true, "process_mem_mib": 5944.0, "process_mem_share_percent": 12.096052096052096, "process_util_available": true, "process_util_backend": "nvml", "process_sm_util_percent": 22.0, "process_mem_util_percent": 2.0}
{"timestamp_unix": 1772435381.93713, "pid": 65396, "device_index": 0, "gpu_uuid": "GPU-6f954bfd-7081-31b7-f15c-f9a174bf4d7f", "gpu_util_percent": 22.0, "gpu_mem_util_percent": 2.0, "gpu_mem_used_mib": 6430.0, "gpu_mem_total_mib": 49140.0, "gpu_power_w": 88.18, "process_present": true, "process_mem_mib": 5944.0, "process_mem_share_percent": 12.096052096052096, "process_util_available": true, "process_util_backend": "nvml", "process_sm_util_percent": 23.0, "process_mem_util_percent": 2.0}
{"timestamp_unix": 1772435382.2281442, "pid": 65396, "device_index": 0, "gpu_uuid": "GPU-6f954bfd-7081-31b7-f15c-f9a174bf4d7f", "gpu_util_percent": 22.0, "gpu_mem_util_percent": 2.0, "gpu_mem_used_mib": 6430.0, "gpu_mem_total_mib": 49140.0, "gpu_power_w": 88.17, "process_present": true, "process_mem_mib": 5944.0, "process_mem_share_percent": 12.096052096052096, "process_util_available": true, "process_util_backend": "nvml", "process_sm_util_percent": 22.0, "process_mem_util_percent": 2.0}
{"timestamp_unix": 1772435382.5277958, "pid": 65396, "device_index": 0, "gpu_uuid": "GPU-6f954bfd-7081-31b7-f15c-f9a174bf4d7f", "gpu_util_percent": 22.0, "gpu_mem_util_percent": 2.0, "gpu_mem_used_mib": 6430.0, "gpu_mem_total_mib": 49140.0, "gpu_power_w": 88.17, "process_present": true, "process_mem_mib": 5944.0, "process_mem_share_percent": 12.096052096052096, "process_util_available": true, "process_util_backend": "nvml", "process_sm_util_percent": 22.0, "process_mem_util_percent": 2.0}
{"timestamp_unix": 1772435382.8279314, "pid": 65396, "device_index": 0, "gpu_uuid": "GPU-6f954bfd-7081-31b7-f15c-f9a174bf4d7f", "gpu_util_percent": 22.0, "gpu_mem_util_percent": 2.0, "gpu_mem_used_mib": 6430.0, "gpu_mem_total_mib": 49140.0, "gpu_power_w": 88.18, "process_present": true, "process_mem_mib": 5944.0, "process_mem_share_percent": 12.096052096052096, "process_util_available": true, "process_util_backend": "nvml", "process_sm_util_percent": 22.0, "process_mem_util_percent": 2.0}
{"timestamp_unix": 1772435383.1263583, "pid": 65396, "device_index": 0, "gpu_uuid": "GPU-6f954bfd-7081-31b7-f15c-f9a174bf4d7f", "gpu_util_percent": 22.0, "gpu_mem_util_percent": 2.0, "gpu_mem_used_mib": 6430.0, "gpu_mem_total_mib": 49140.0, "gpu_power_w": 88.13, "process_present": true, "process_mem_mib": 5944.0, "process_mem_share_percent": 12.096052096052096, "process_util_available": true, "process_util_backend": "nvml", "process_sm_util_percent": 23.0, "process_mem_util_percent": 2.0}
{"timestamp_unix": 1772435383.4271593, "pid": 65396, "device_index": 0, "gpu_uuid": "GPU-6f954bfd-7081-31b7-f15c-f9a174bf4d7f", "gpu_util_percent": 22.0, "gpu_mem_util_percent": 2.0, "gpu_mem_used_mib": 6430.0, "gpu_mem_total_mib": 49140.0, "gpu_power_w": 88.13, "process_present": true, "process_mem_mib": 5944.0, "process_mem_share_percent": 12.096052096052096, "process_util_available": true, "process_util_backend": "nvml", "process_sm_util_percent": 22.0, "process_mem_util_percent": 2.0}
{"timestamp_unix": 1772435383.716014, "pid": 65396, "device_index": 0, "gpu_uuid": "GPU-6f954bfd-7081-31b7-f15c-f9a174bf4d7f", "gpu_util_percent": 23.0, "gpu_mem_util_percent": 2.0, "gpu_mem_used_mib": 6430.0, "gpu_mem_total_mib": 49140.0, "gpu_power_w": 88.2, "process_present": true, "process_mem_mib": 5944.0, "process_mem_share_percent": 12.096052096052096, "process_util_available": true, "process_util_backend": "nvml", "process_sm_util_percent": 23.0, "process_mem_util_percent": 2.0}
{"timestamp_unix": 1772435384.0502048, "pid": 65396, "device_index": 0, "gpu_uuid": "GPU-6f954bfd-7081-31b7-f15c-f9a174bf4d7f", "gpu_util_percent": 23.0, "gpu_mem_util_percent": 2.0, "gpu_mem_used_mib": 6430.0, "gpu_mem_total_mib": 49140.0, "gpu_power_w": 88.2, "process_present": true, "process_mem_mib": 5944.0, "process_mem_share_percent": 12.096052096052096, "process_util_available": true, "process_util_backend": "nvml", "process_sm_util_percent": 11.0, "process_mem_util_percent": 1.0}
{"timestamp_unix": 1772435384.3466496, "pid": 65396, "device_index": 0, "gpu_uuid": "GPU-6f954bfd-7081-31b7-f15c-f9a174bf4d7f", "gpu_util_percent": 23.0, "gpu_mem_util_percent": 2.0, "gpu_mem_used_mib": 6430.0, "gpu_mem_total_mib": 49140.0, "gpu_power_w": 86.19, "process_present": true, "process_mem_mib": 5944.0, "process_mem_share_percent": 12.096052096052096, "process_util_available": true, "process_util_backend": "nvml", "process_sm_util_percent": 22.0, "process_mem_util_percent": 1.0}
{"timestamp_unix": 1772435384.6355033, "pid": 65396, "device_index": 0, "gpu_uuid": "GPU-6f954bfd-7081-31b7-f15c-f9a174bf4d7f", "gpu_util_percent": 23.0, "gpu_mem_util_percent": 2.0, "gpu_mem_used_mib": 6430.0, "gpu_mem_total_mib": 49140.0, "gpu_power_w": 86.1, "process_present": true, "process_mem_mib": 5944.0, "process_mem_share_percent": 12.096052096052096, "process_util_available": true, "process_util_backend": "nvml", "process_sm_util_percent": 23.0, "process_mem_util_percent": 2.0}
{"timestamp_unix": 1772435384.9271343, "pid": 65396, "device_index": 0, "gpu_uuid": "GPU-6f954bfd-7081-31b7-f15c-f9a174bf4d7f", "gpu_util_percent": 23.0, "gpu_mem_util_percent": 2.0, "gpu_mem_used_mib": 6430.0, "gpu_mem_total_mib": 49140.0, "gpu_power_w": 86.1, "process_present": true, "process_mem_mib": 5944.0, "process_mem_share_percent": 12.096052096052096, "process_util_available": true, "process_util_backend": "nvml", "process_sm_util_percent": 23.0, "process_mem_util_percent": 2.0}
{"timestamp_unix": 1772435385.2193017, "pid": 65396, "device_index": 0, "gpu_uuid": "GPU-6f954bfd-7081-31b7-f15c-f9a174bf4d7f", "gpu_util_percent": 23.0, "gpu_mem_util_percent": 2.0, "gpu_mem_used_mib": 6504.0, "gpu_mem_total_mib": 49140.0, "gpu_power_w": 87.82, "process_present": true, "process_mem_mib": 6058.0, "process_mem_share_percent": 12.328042328042327, "process_util_available": true, "process_util_backend": "nvml", "process_sm_util_percent": 23.0, "process_mem_util_percent": 2.0}
{"timestamp_unix": 1772435385.5235386, "pid": 65396, "device_index": 0, "gpu_uuid": "GPU-6f954bfd-7081-31b7-f15c-f9a174bf4d7f", "gpu_util_percent": 23.0, "gpu_mem_util_percent": 2.0, "gpu_mem_used_mib": 6544.0, "gpu_mem_total_mib": 49140.0, "gpu_power_w": 87.82, "process_present": true, "process_mem_mib": 6094.0, "process_mem_share_percent": 12.4013024013024, "process_util_available": true, "process_util_backend": "nvml", "process_sm_util_percent": 8.0, "process_mem_util_percent": 0.0}
{"timestamp_unix": 1772435385.8278732, "pid": 65396, "device_index": 0, "gpu_uuid": "GPU-6f954bfd-7081-31b7-f15c-f9a174bf4d7f", "gpu_util_percent": 18.0, "gpu_mem_util_percent": 1.0, "gpu_mem_used_mib": 6626.0, "gpu_mem_total_mib": 49140.0, "gpu_power_w": 85.98, "process_present": true, "process_mem_mib": 6140.0, "process_mem_share_percent": 12.494912494912496, "process_util_available": true, "process_util_backend": "nvml", "process_sm_util_percent": 23.0, "process_mem_util_percent": 2.0}
{"timestamp_unix": 1772435386.1185234, "pid": 65396, "device_index": 0, "gpu_uuid": "GPU-6f954bfd-7081-31b7-f15c-f9a174bf4d7f", "gpu_util_percent": 18.0, "gpu_mem_util_percent": 1.0, "gpu_mem_used_mib": 6626.0, "gpu_mem_total_mib": 49140.0, "gpu_power_w": 86.38, "process_present": true, "process_mem_mib": 6140.0, "process_mem_share_percent": 12.494912494912496, "process_util_available": true, "process_util_backend": "nvml", "process_sm_util_percent": 24.0, "process_mem_util_percent": 2.0}
{"timestamp_unix": 1772435386.4104753, "pid": 65396, "device_index": 0, "gpu_uuid": "GPU-6f954bfd-7081-31b7-f15c-f9a174bf4d7f", "gpu_util_percent": 18.0, "gpu_mem_util_percent": 1.0, "gpu_mem_used_mib": 6626.0, "gpu_mem_total_mib": 49140.0, "gpu_power_w": 86.38, "process_present": true, "process_mem_mib": 6140.0, "process_mem_share_percent": 12.494912494912496, "process_util_available": true, "process_util_backend": "nvml", "process_sm_util_percent": 24.0, "process_mem_util_percent": 2.0}
{"timestamp_unix": 1772435386.6966112, "pid": 65396, "device_index": 0, "gpu_uuid": "GPU-6f954bfd-7081-31b7-f15c-f9a174bf4d7f", "gpu_util_percent": 25.0, "gpu_mem_util_percent": 2.0, "gpu_mem_used_mib": 6626.0, "gpu_mem_total_mib": 49140.0, "gpu_power_w": 88.71, "process_present": true, "process_mem_mib": 6140.0, "process_mem_share_percent": 12.494912494912496, "process_util_available": true, "process_util_backend": "nvml", "process_sm_util_percent": 24.0, "process_mem_util_percent": 2.0}
{"timestamp_unix": 1772435386.985456, "pid": 65396, "device_index": 0, "gpu_uuid": "GPU-6f954bfd-7081-31b7-f15c-f9a174bf4d7f", "gpu_util_percent": 25.0, "gpu_mem_util_percent": 2.0, "gpu_mem_used_mib": 6626.0, "gpu_mem_total_mib": 49140.0, "gpu_power_w": 88.71, "process_present": true, "process_mem_mib": 6140.0, "process_mem_share_percent": 12.494912494912496, "process_util_available": true, "process_util_backend": "nvml", "process_sm_util_percent": 24.0, "process_mem_util_percent": 2.0}
{"timestamp_unix": 1772435387.277518, "pid": 65396, "device_index": 0, "gpu_uuid": "GPU-6f954bfd-7081-31b7-f15c-f9a174bf4d7f", "gpu_util_percent": 25.0, "gpu_mem_util_percent": 2.0, "gpu_mem_used_mib": 6626.0, "gpu_mem_total_mib": 49140.0, "gpu_power_w": 89.36, "process_present": true, "process_mem_mib": 6140.0, "process_mem_share_percent": 12.494912494912496, "process_util_available": true, "process_util_backend": "nvml", "process_sm_util_percent": 24.0, "process_mem_util_percent": 2.0}
{"timestamp_unix": 1772435387.566628, "pid": 65396, "device_index": 0, "gpu_uuid": "GPU-6f954bfd-7081-31b7-f15c-f9a174bf4d7f", "gpu_util_percent": 25.0, "gpu_mem_util_percent": 2.0, "gpu_mem_used_mib": 6626.0, "gpu_mem_total_mib": 49140.0, "gpu_power_w": 89.36, "process_present": true, "process_mem_mib": 6140.0, "process_mem_share_percent": 12.494912494912496, "process_util_available": true, "process_util_backend": "nvml", "process_sm_util_percent": 24.0, "process_mem_util_percent": 2.0}
{"timestamp_unix": 1772435387.8712144, "pid": 65396, "device_index": 0, "gpu_uuid": "GPU-6f954bfd-7081-31b7-f15c-f9a174bf4d7f", "gpu_util_percent": 25.0, "gpu_mem_util_percent": 2.0, "gpu_mem_used_mib": 6626.0, "gpu_mem_total_mib": 49140.0, "gpu_power_w": 89.25, "process_present": true, "process_mem_mib": 6140.0, "process_mem_share_percent": 12.494912494912496, "process_util_available": true, "process_util_backend": "nvml", "process_sm_util_percent": 24.0, "process_mem_util_percent": 2.0}
{"timestamp_unix": 1772435388.1756709, "pid": 65396, "device_index": 0, "gpu_uuid": "GPU-6f954bfd-7081-31b7-f15c-f9a174bf4d7f", "gpu_util_percent": 25.0, "gpu_mem_util_percent": 2.0, "gpu_mem_used_mib": 6626.0, "gpu_mem_total_mib": 49140.0, "gpu_power_w": 89.11, "process_present": true, "process_mem_mib": 6140.0, "process_mem_share_percent": 12.494912494912496, "process_util_available": true, "process_util_backend": "nvml", "process_sm_util_percent": 24.0, "process_mem_util_percent": 2.0}
{"timestamp_unix": 1772435388.4781103, "pid": 65396, "device_index": 0, "gpu_uuid": "GPU-6f954bfd-7081-31b7-f15c-f9a174bf4d7f", "gpu_util_percent": 25.0, "gpu_mem_util_percent": 2.0, "gpu_mem_used_mib": 6626.0, "gpu_mem_total_mib": 49140.0, "gpu_power_w": 89.11, "process_present": true, "process_mem_mib": 6140.0, "process_mem_share_percent": 12.494912494912496, "process_util_available": true, "process_util_backend": "nvml", "process_sm_util_percent": 24.0, "process_mem_util_percent": 2.0}
{"timestamp_unix": 1772435388.766332, "pid": 65396, "device_index": 0, "gpu_uuid": "GPU-6f954bfd-7081-31b7-f15c-f9a174bf4d7f", "gpu_util_percent": 25.0, "gpu_mem_util_percent": 2.0, "gpu_mem_used_mib": 6626.0, "gpu_mem_total_mib": 49140.0, "gpu_power_w": 88.97, "process_present": true, "process_mem_mib": 6140.0, "process_mem_share_percent": 12.494912494912496, "process_util_available": true, "process_util_backend": "nvml", "process_sm_util_percent": 12.0, "process_mem_util_percent": 1.0}
{"timestamp_unix": 1772435389.0551426, "pid": 65396, "device_index": 0, "gpu_uuid": "GPU-6f954bfd-7081-31b7-f15c-f9a174bf4d7f", "gpu_util_percent": 25.0, "gpu_mem_util_percent": 2.0, "gpu_mem_used_mib": 6626.0, "gpu_mem_total_mib": 49140.0, "gpu_power_w": 88.97, "process_present": true, "process_mem_mib": 6140.0, "process_mem_share_percent": 12.494912494912496, "process_util_available": true, "process_util_backend": "nvml", "process_sm_util_percent": 23.0, "process_mem_util_percent": 2.0}
{"timestamp_unix": 1772435389.351945, "pid": 65396, "device_index": 0, "gpu_uuid": "GPU-6f954bfd-7081-31b7-f15c-f9a174bf4d7f", "gpu_util_percent": 25.0, "gpu_mem_util_percent": 2.0, "gpu_mem_used_mib": 6626.0, "gpu_mem_total_mib": 49140.0, "gpu_power_w": 88.99, "process_present": true, "process_mem_mib": 6140.0, "process_mem_share_percent": 12.494912494912496, "process_util_available": true, "process_util_backend": "nvml", "process_sm_util_percent": null, "process_mem_util_percent": null}
{"timestamp_unix": 1772435389.644054, "pid": 65396, "device_index": 0, "gpu_uuid": "GPU-6f954bfd-7081-31b7-f15c-f9a174bf4d7f", "gpu_util_percent": 26.0, "gpu_mem_util_percent": 2.0, "gpu_mem_used_mib": 6630.0, "gpu_mem_total_mib": 49140.0, "gpu_power_w": 89.2, "process_present": true, "process_mem_mib": 6140.0, "process_mem_share_percent": 12.494912494912496, "process_util_available": true, "process_util_backend": "nvml", "process_sm_util_percent": null, "process_mem_util_percent": null}
{"timestamp_unix": 1772435389.932432, "pid": 65396, "device_index": 0, "gpu_uuid": "GPU-6f954bfd-7081-31b7-f15c-f9a174bf4d7f", "gpu_util_percent": 26.0, "gpu_mem_util_percent": 2.0, "gpu_mem_used_mib": 6630.0, "gpu_mem_total_mib": 49140.0, "gpu_power_w": 89.2, "process_present": true, "process_mem_mib": 6140.0, "process_mem_share_percent": 12.494912494912496, "process_util_available": true, "process_util_backend": "nvml", "process_sm_util_percent": 23.0, "process_mem_util_percent": 2.0}
{"timestamp_unix": 1772435390.2197962, "pid": 65396, "device_index": 0, "gpu_uuid": "GPU-6f954bfd-7081-31b7-f15c-f9a174bf4d7f", "gpu_util_percent": 26.0, "gpu_mem_util_percent": 2.0, "gpu_mem_used_mib": 6630.0, "gpu_mem_total_mib": 49140.0, "gpu_power_w": 89.18, "process_present": true, "process_mem_mib": 6140.0, "process_mem_share_percent": 12.494912494912496, "process_util_available": true, "process_util_backend": "nvml", "process_sm_util_percent": null, "process_mem_util_percent": null}
{"timestamp_unix": 1772435390.5207663, "pid": 65396, "device_index": 0, "gpu_uuid": "GPU-6f954bfd-7081-31b7-f15c-f9a174bf4d7f", "gpu_util_percent": 26.0, "gpu_mem_util_percent": 2.0, "gpu_mem_used_mib": 6630.0, "gpu_mem_total_mib": 49140.0, "gpu_power_w": 89.18, "process_present": true, "process_mem_mib": 6140.0, "process_mem_share_percent": 12.494912494912496, "process_util_available": true, "process_util_backend": "nvml", "process_sm_util_percent": 21.0, "process_mem_util_percent": 2.0}
{"timestamp_unix": 1772435390.827481, "pid": 65396, "device_index": 0, "gpu_uuid": "GPU-6f954bfd-7081-31b7-f15c-f9a174bf4d7f", "gpu_util_percent": 24.0, "gpu_mem_util_percent": 2.0, "gpu_mem_used_mib": 6630.0, "gpu_mem_total_mib": 49140.0, "gpu_power_w": 88.91, "process_present": true, "process_mem_mib": 6140.0, "process_mem_share_percent": 12.494912494912496, "process_util_available": true, "process_util_backend": "nvml", "process_sm_util_percent": 23.0, "process_mem_util_percent": 2.0}
{"timestamp_unix": 1772435391.1324663, "pid": 65396, "device_index": 0, "gpu_uuid": "GPU-6f954bfd-7081-31b7-f15c-f9a174bf4d7f", "gpu_util_percent": 24.0, "gpu_mem_util_percent": 2.0, "gpu_mem_used_mib": 6630.0, "gpu_mem_total_mib": 49140.0, "gpu_power_w": 88.85, "process_present": true, "process_mem_mib": 6140.0, "process_mem_share_percent": 12.494912494912496, "process_util_available": true, "process_util_backend": "nvml", "process_sm_util_percent": 22.0, "process_mem_util_percent": 2.0}
{"timestamp_unix": 1772435391.4373264, "pid": 65396, "device_index": 0, "gpu_uuid": "GPU-6f954bfd-7081-31b7-f15c-f9a174bf4d7f", "gpu_util_percent": 24.0, "gpu_mem_util_percent": 2.0, "gpu_mem_used_mib": 6630.0, "gpu_mem_total_mib": 49140.0, "gpu_power_w": 88.85, "process_present": true, "process_mem_mib": 6140.0, "process_mem_share_percent": 12.494912494912496, "process_util_available": true, "process_util_backend": "nvml", "process_sm_util_percent": 22.0, "process_mem_util_percent": 2.0}
{"timestamp_unix": 1772435391.7259638, "pid": 65396, "device_index": 0, "gpu_uuid": "GPU-6f954bfd-7081-31b7-f15c-f9a174bf4d7f", "gpu_util_percent": 23.0, "gpu_mem_util_percent": 2.0, "gpu_mem_used_mib": 6630.0, "gpu_mem_total_mib": 49140.0, "gpu_power_w": 89.14, "process_present": true, "process_mem_mib": 6140.0, "process_mem_share_percent": 12.494912494912496, "process_util_available": true, "process_util_backend": "nvml", "process_sm_util_percent": 21.0, "process_mem_util_percent": 2.0}
{"timestamp_unix": 1772435392.011166, "pid": 65396, "device_index": 0, "gpu_uuid": "GPU-6f954bfd-7081-31b7-f15c-f9a174bf4d7f", "gpu_util_percent": 23.0, "gpu_mem_util_percent": 2.0, "gpu_mem_used_mib": 6630.0, "gpu_mem_total_mib": 49140.0, "gpu_power_w": 89.14, "process_present": true, "process_mem_mib": 6140.0, "process_mem_share_percent": 12.494912494912496, "process_util_available": true, "process_util_backend": "nvml", "process_sm_util_percent": 22.0, "process_mem_util_percent": 2.0}
{"timestamp_unix": 1772435392.3028505, "pid": 65396, "device_index": 0, "gpu_uuid": "GPU-6f954bfd-7081-31b7-f15c-f9a174bf4d7f", "gpu_util_percent": 23.0, "gpu_mem_util_percent": 2.0, "gpu_mem_used_mib": 6630.0, "gpu_mem_total_mib": 49140.0, "gpu_power_w": 89.31, "process_present": true, "process_mem_mib": 6140.0, "process_mem_share_percent": 12.494912494912496, "process_util_available": true, "process_util_backend": "nvml", "process_sm_util_percent": 22.0, "process_mem_util_percent": 2.0}
{"timestamp_unix": 1772435392.592955, "pid": 65396, "device_index": 0, "gpu_uuid": "GPU-6f954bfd-7081-31b7-f15c-f9a174bf4d7f", "gpu_util_percent": 23.0, "gpu_mem_util_percent": 2.0, "gpu_mem_used_mib": 6630.0, "gpu_mem_total_mib": 49140.0, "gpu_power_w": 89.31, "process_present": true, "process_mem_mib": 6140.0, "process_mem_share_percent": 12.494912494912496, "process_util_available": true, "process_util_backend": "nvml", "process_sm_util_percent": 24.0, "process_mem_util_percent": 2.0}
{"timestamp_unix": 1772435392.8800604, "pid": 65396, "device_index": 0, "gpu_uuid": "GPU-6f954bfd-7081-31b7-f15c-f9a174bf4d7f", "gpu_util_percent": 26.0, "gpu_mem_util_percent": 2.0, "gpu_mem_used_mib": 6630.0, "gpu_mem_total_mib": 49140.0, "gpu_power_w": 89.34, "process_present": true, "process_mem_mib": 6140.0, "process_mem_share_percent": 12.494912494912496, "process_util_available": true, "process_util_backend": "nvml", "process_sm_util_percent": 24.0, "process_mem_util_percent": 2.0}
{"timestamp_unix": 1772435393.165574, "pid": 65396, "device_index": 0, "gpu_uuid": "GPU-6f954bfd-7081-31b7-f15c-f9a174bf4d7f", "gpu_util_percent": 26.0, "gpu_mem_util_percent": 2.0, "gpu_mem_used_mib": 6630.0, "gpu_mem_total_mib": 49140.0, "gpu_power_w": 89.21, "process_present": true, "process_mem_mib": 6140.0, "process_mem_share_percent": 12.494912494912496, "process_util_available": true, "process_util_backend": "nvml", "process_sm_util_percent": 24.0, "process_mem_util_percent": 2.0}
{"timestamp_unix": 1772435393.4715602, "pid": 65396, "device_index": 0, "gpu_uuid": "GPU-6f954bfd-7081-31b7-f15c-f9a174bf4d7f", "gpu_util_percent": 26.0, "gpu_mem_util_percent": 2.0, "gpu_mem_used_mib": 6630.0, "gpu_mem_total_mib": 49140.0, "gpu_power_w": 89.21, "process_present": true, "process_mem_mib": 6140.0, "process_mem_share_percent": 12.494912494912496, "process_util_available": true, "process_util_backend": "nvml", "process_sm_util_percent": 24.0, "process_mem_util_percent": 2.0}
{"timestamp_unix": 1772435393.776781, "pid": 65396, "device_index": 0, "gpu_uuid": "GPU-6f954bfd-7081-31b7-f15c-f9a174bf4d7f", "gpu_util_percent": 17.0, "gpu_mem_util_percent": 1.0, "gpu_mem_used_mib": 6630.0, "gpu_mem_total_mib": 49140.0, "gpu_power_w": 88.2, "process_present": true, "process_mem_mib": 6140.0, "process_mem_share_percent": 12.494912494912496, "process_util_available": true, "process_util_backend": "nvml", "process_sm_util_percent": 20.0, "process_mem_util_percent": 1.0}
{"timestamp_unix": 1772435394.065789, "pid": 65396, "device_index": 0, "gpu_uuid": "GPU-6f954bfd-7081-31b7-f15c-f9a174bf4d7f", "gpu_util_percent": 17.0, "gpu_mem_util_percent": 1.0, "gpu_mem_used_mib": 6632.0, "gpu_mem_total_mib": 49140.0, "gpu_power_w": 88.2, "process_present": true, "process_mem_mib": 6140.0, "process_mem_share_percent": 12.494912494912496, "process_util_available": true, "process_util_backend": "nvml", "process_sm_util_percent": 23.0, "process_mem_util_percent": 1.0}
{"timestamp_unix": 1772435394.3553362, "pid": 65396, "device_index": 0, "gpu_uuid": "GPU-6f954bfd-7081-31b7-f15c-f9a174bf4d7f", "gpu_util_percent": 17.0, "gpu_mem_util_percent": 1.0, "gpu_mem_used_mib": 6639.0, "gpu_mem_total_mib": 49140.0, "gpu_power_w": 87.95, "process_present": true, "process_mem_mib": 6140.0, "process_mem_share_percent": 12.494912494912496, "process_util_available": true, "process_util_backend": "nvml", "process_sm_util_percent": 26.0, "process_mem_util_percent": 2.0}
{"timestamp_unix": 1772435394.6484642, "pid": 65396, "device_index": 0, "gpu_uuid": "GPU-6f954bfd-7081-31b7-f15c-f9a174bf4d7f", "gpu_util_percent": 26.0, "gpu_mem_util_percent": 2.0, "gpu_mem_used_mib": 6635.0, "gpu_mem_total_mib": 49140.0, "gpu_power_w": 87.98, "process_present": true, "process_mem_mib": 6140.0, "process_mem_share_percent": 12.494912494912496, "process_util_available": true, "process_util_backend": "nvml", "process_sm_util_percent": 24.0, "process_mem_util_percent": 2.0}
{"timestamp_unix": 1772435394.9363987, "pid": 65396, "device_index": 0, "gpu_uuid": "GPU-6f954bfd-7081-31b7-f15c-f9a174bf4d7f", "gpu_util_percent": 26.0, "gpu_mem_util_percent": 2.0, "gpu_mem_used_mib": 6635.0, "gpu_mem_total_mib": 49140.0, "gpu_power_w": 87.98, "process_present": true, "process_mem_mib": 6140.0, "process_mem_share_percent": 12.494912494912496, "process_util_available": true, "process_util_backend": "nvml", "process_sm_util_percent": 24.0, "process_mem_util_percent": 2.0}
{"timestamp_unix": 1772435395.226638, "pid": 65396, "device_index": 0, "gpu_uuid": "GPU-6f954bfd-7081-31b7-f15c-f9a174bf4d7f", "gpu_util_percent": 26.0, "gpu_mem_util_percent": 2.0, "gpu_mem_used_mib": 6635.0, "gpu_mem_total_mib": 49140.0, "gpu_power_w": 88.84, "process_present": true, "process_mem_mib": 6140.0, "process_mem_share_percent": 12.494912494912496, "process_util_available": true, "process_util_backend": "nvml", "process_sm_util_percent": 25.0, "process_mem_util_percent": 2.0}
{"timestamp_unix": 1772435395.521127, "pid": 65396, "device_index": 0, "gpu_uuid": "GPU-6f954bfd-7081-31b7-f15c-f9a174bf4d7f", "gpu_util_percent": 26.0, "gpu_mem_util_percent": 2.0, "gpu_mem_used_mib": 6634.0, "gpu_mem_total_mib": 49140.0, "gpu_power_w": 88.84, "process_present": true, "process_mem_mib": 6140.0, "process_mem_share_percent": 12.494912494912496, "process_util_available": true, "process_util_backend": "nvml", "process_sm_util_percent": 23.0, "process_mem_util_percent": 2.0}
{"timestamp_unix": 1772435395.8265667, "pid": 65396, "device_index": 0, "gpu_uuid": "GPU-6f954bfd-7081-31b7-f15c-f9a174bf4d7f", "gpu_util_percent": 25.0, "gpu_mem_util_percent": 2.0, "gpu_mem_used_mib": 6634.0, "gpu_mem_total_mib": 49140.0, "gpu_power_w": 88.79, "process_present": true, "process_mem_mib": 6140.0, "process_mem_share_percent": 12.494912494912496, "process_util_available": true, "process_util_backend": "nvml", "process_sm_util_percent": 23.0, "process_mem_util_percent": 2.0}
{"timestamp_unix": 1772435396.129082, "pid": 65396, "device_index": 0, "gpu_uuid": "GPU-6f954bfd-7081-31b7-f15c-f9a174bf4d7f", "gpu_util_percent": 25.0, "gpu_mem_util_percent": 2.0, "gpu_mem_used_mib": 6634.0, "gpu_mem_total_mib": 49140.0, "gpu_power_w": 88.84, "process_present": true, "process_mem_mib": 6140.0, "process_mem_share_percent": 12.494912494912496, "process_util_available": true, "process_util_backend": "nvml", "process_sm_util_percent": 24.0, "process_mem_util_percent": 2.0}
{"timestamp_unix": 1772435396.4259832, "pid": 65396, "device_index": 0, "gpu_uuid": "GPU-6f954bfd-7081-31b7-f15c-f9a174bf4d7f", "gpu_util_percent": 25.0, "gpu_mem_util_percent": 2.0, "gpu_mem_used_mib": 6634.0, "gpu_mem_total_mib": 49140.0, "gpu_power_w": 88.84, "process_present": true, "process_mem_mib": 6140.0, "process_mem_share_percent": 12.494912494912496, "process_util_available": true, "process_util_backend": "nvml", "process_sm_util_percent": 24.0, "process_mem_util_percent": 2.0}
{"timestamp_unix": 1772435396.7160356, "pid": 65396, "device_index": 0, "gpu_uuid": "GPU-6f954bfd-7081-31b7-f15c-f9a174bf4d7f", "gpu_util_percent": 24.0, "gpu_mem_util_percent": 2.0, "gpu_mem_used_mib": 6634.0, "gpu_mem_total_mib": 49140.0, "gpu_power_w": 88.99, "process_present": true, "process_mem_mib": 6140.0, "process_mem_share_percent": 12.494912494912496, "process_util_available": true, "process_util_backend": "nvml", "process_sm_util_percent": 23.0, "process_mem_util_percent": 2.0}
{"timestamp_unix": 1772435397.0069637, "pid": 65396, "device_index": 0, "gpu_uuid": "GPU-6f954bfd-7081-31b7-f15c-f9a174bf4d7f", "gpu_util_percent": 24.0, "gpu_mem_util_percent": 2.0, "gpu_mem_used_mib": 6634.0, "gpu_mem_total_mib": 49140.0, "gpu_power_w": 88.99, "process_present": true, "process_mem_mib": 6140.0, "process_mem_share_percent": 12.494912494912496, "process_util_available": true, "process_util_backend": "nvml", "process_sm_util_percent": 23.0, "process_mem_util_percent": 2.0}
{"timestamp_unix": 1772435397.3072734, "pid": 65396, "device_index": 0, "gpu_uuid": "GPU-6f954bfd-7081-31b7-f15c-f9a174bf4d7f", "gpu_util_percent": 24.0, "gpu_mem_util_percent": 2.0, "gpu_mem_used_mib": 6634.0, "gpu_mem_total_mib": 49140.0, "gpu_power_w": 89.1, "process_present": true, "process_mem_mib": 6140.0, "process_mem_share_percent": 12.494912494912496, "process_util_available": true, "process_util_backend": "nvml", "process_sm_util_percent": 24.0, "process_mem_util_percent": 2.0}
{"timestamp_unix": 1772435397.5966861, "pid": 65396, "device_index": 0, "gpu_uuid": "GPU-6f954bfd-7081-31b7-f15c-f9a174bf4d7f", "gpu_util_percent": 24.0, "gpu_mem_util_percent": 2.0, "gpu_mem_used_mib": 6634.0, "gpu_mem_total_mib": 49140.0, "gpu_power_w": 88.84, "process_present": true, "process_mem_mib": 6140.0, "process_mem_share_percent": 12.494912494912496, "process_util_available": true, "process_util_backend": "nvml", "process_sm_util_percent": 22.0, "process_mem_util_percent": 1.0}
{"timestamp_unix": 1772435397.8851948, "pid": 65396, "device_index": 0, "gpu_uuid": "GPU-6f954bfd-7081-31b7-f15c-f9a174bf4d7f", "gpu_util_percent": 22.0, "gpu_mem_util_percent": 2.0, "gpu_mem_used_mib": 6634.0, "gpu_mem_total_mib": 49140.0, "gpu_power_w": 88.84, "process_present": true, "process_mem_mib": 6140.0, "process_mem_share_percent": 12.494912494912496, "process_util_available": true, "process_util_backend": "nvml", "process_sm_util_percent": 22.0, "process_mem_util_percent": 2.0}
{"timestamp_unix": 1772435398.176437, "pid": 65396, "device_index": 0, "gpu_uuid": "GPU-6f954bfd-7081-31b7-f15c-f9a174bf4d7f", "gpu_util_percent": 22.0, "gpu_mem_util_percent": 2.0, "gpu_mem_used_mib": 6634.0, "gpu_mem_total_mib": 49140.0, "gpu_power_w": 88.72, "process_present": true, "process_mem_mib": 6140.0, "process_mem_share_percent": 12.494912494912496, "process_util_available": true, "process_util_backend": "nvml", "process_sm_util_percent": 23.0, "process_mem_util_percent": 2.0}
{"timestamp_unix": 1772435398.4758651, "pid": 65396, "device_index": 0, "gpu_uuid": "GPU-6f954bfd-7081-31b7-f15c-f9a174bf4d7f", "gpu_util_percent": 22.0, "gpu_mem_util_percent": 2.0, "gpu_mem_used_mib": 6636.0, "gpu_mem_total_mib": 49140.0, "gpu_power_w": 88.72, "process_present": true, "process_mem_mib": 6140.0, "process_mem_share_percent": 12.494912494912496, "process_util_available": true, "process_util_backend": "nvml", "process_sm_util_percent": 22.0, "process_mem_util_percent": 2.0}
{"timestamp_unix": 1772435398.776482, "pid": 65396, "device_index": 0, "gpu_uuid": "GPU-6f954bfd-7081-31b7-f15c-f9a174bf4d7f", "gpu_util_percent": 22.0, "gpu_mem_util_percent": 2.0, "gpu_mem_used_mib": 6636.0, "gpu_mem_total_mib": 49140.0, "gpu_power_w": 88.62, "process_present": true, "process_mem_mib": 6140.0, "process_mem_share_percent": 12.494912494912496, "process_util_available": true, "process_util_backend": "nvml", "process_sm_util_percent": 22.0, "process_mem_util_percent": 2.0}
{"timestamp_unix": 1772435399.07978, "pid": 65396, "device_index": 0, "gpu_uuid": "GPU-6f954bfd-7081-31b7-f15c-f9a174bf4d7f", "gpu_util_percent": 22.0, "gpu_mem_util_percent": 2.0, "gpu_mem_used_mib": 6636.0, "gpu_mem_total_mib": 49140.0, "gpu_power_w": 88.62, "process_present": true, "process_mem_mib": 6160.0, "process_mem_share_percent": 12.535612535612536, "process_util_available": true, "process_util_backend": "nvml", "process_sm_util_percent": 22.0, "process_mem_util_percent": 2.0}
{"timestamp_unix": 1772435399.368787, "pid": 65396, "device_index": 0, "gpu_uuid": "GPU-6f954bfd-7081-31b7-f15c-f9a174bf4d7f", "gpu_util_percent": 22.0, "gpu_mem_util_percent": 2.0, "gpu_mem_used_mib": 6696.0, "gpu_mem_total_mib": 49140.0, "gpu_power_w": 88.6, "process_present": true, "process_mem_mib": 6200.0, "process_mem_share_percent": 12.617012617012616, "process_util_available": true, "process_util_backend": "nvml", "process_sm_util_percent": null, "process_mem_util_percent": null}
{"timestamp_unix": 1772435399.6587808, "pid": 65396, "device_index": 0, "gpu_uuid": "GPU-6f954bfd-7081-31b7-f15c-f9a174bf4d7f", "gpu_util_percent": 14.0, "gpu_mem_util_percent": 1.0, "gpu_mem_used_mib": 6730.0, "gpu_mem_total_mib": 49140.0, "gpu_power_w": 85.36, "process_present": true, "process_mem_mib": 6240.0, "process_mem_share_percent": 12.698412698412698, "process_util_available": true, "process_util_backend": "nvml", "process_sm_util_percent": null, "process_mem_util_percent": null}
{"timestamp_unix": 1772435399.9476047, "pid": 65396, "device_index": 0, "gpu_uuid": "GPU-6f954bfd-7081-31b7-f15c-f9a174bf4d7f", "gpu_util_percent": 14.0, "gpu_mem_util_percent": 1.0, "gpu_mem_used_mib": 6735.0, "gpu_mem_total_mib": 49140.0, "gpu_power_w": 85.36, "process_present": true, "process_mem_mib": 6240.0, "process_mem_share_percent": 12.698412698412698, "process_util_available": true, "process_util_backend": "nvml", "process_sm_util_percent": 22.0, "process_mem_util_percent": 1.0}
{"timestamp_unix": 1772435400.236803, "pid": 65396, "device_index": 0, "gpu_uuid": "GPU-6f954bfd-7081-31b7-f15c-f9a174bf4d7f", "gpu_util_percent": 14.0, "gpu_mem_util_percent": 1.0, "gpu_mem_used_mib": 6735.0, "gpu_mem_total_mib": 49140.0, "gpu_power_w": 85.44, "process_present": true, "process_mem_mib": 6240.0, "process_mem_share_percent": 12.698412698412698, "process_util_available": true, "process_util_backend": "nvml", "process_sm_util_percent": 23.0, "process_mem_util_percent": 2.0}
{"timestamp_unix": 1772435400.5266752, "pid": 65396, "device_index": 0, "gpu_uuid": "GPU-6f954bfd-7081-31b7-f15c-f9a174bf4d7f", "gpu_util_percent": 14.0, "gpu_mem_util_percent": 1.0, "gpu_mem_used_mib": 6735.0, "gpu_mem_total_mib": 49140.0, "gpu_power_w": 85.44, "process_present": true, "process_mem_mib": 6240.0, "process_mem_share_percent": 12.698412698412698, "process_util_available": true, "process_util_backend": "nvml", "process_sm_util_percent": 24.0, "process_mem_util_percent": 2.0}
{"timestamp_unix": 1772435400.8166745, "pid": 65396, "device_index": 0, "gpu_uuid": "GPU-6f954bfd-7081-31b7-f15c-f9a174bf4d7f", "gpu_util_percent": 24.0, "gpu_mem_util_percent": 2.0, "gpu_mem_used_mib": 6735.0, "gpu_mem_total_mib": 49140.0, "gpu_power_w": 88.13, "process_present": true, "process_mem_mib": 6240.0, "process_mem_share_percent": 12.698412698412698, "process_util_available": true, "process_util_backend": "nvml", "process_sm_util_percent": 24.0, "process_mem_util_percent": 2.0}
{"timestamp_unix": 1772435401.120978, "pid": 65396, "device_index": 0, "gpu_uuid": "GPU-6f954bfd-7081-31b7-f15c-f9a174bf4d7f", "gpu_util_percent": 24.0, "gpu_mem_util_percent": 2.0, "gpu_mem_used_mib": 6735.0, "gpu_mem_total_mib": 49140.0, "gpu_power_w": 89.38, "process_present": true, "process_mem_mib": 6240.0, "process_mem_share_percent": 12.698412698412698, "process_util_available": true, "process_util_backend": "nvml", "process_sm_util_percent": 24.0, "process_mem_util_percent": 2.0}
{"timestamp_unix": 1772435401.427589, "pid": 65396, "device_index": 0, "gpu_uuid": "GPU-6f954bfd-7081-31b7-f15c-f9a174bf4d7f", "gpu_util_percent": 24.0, "gpu_mem_util_percent": 2.0, "gpu_mem_used_mib": 6735.0, "gpu_mem_total_mib": 49140.0, "gpu_power_w": 89.38, "process_present": true, "process_mem_mib": 6240.0, "process_mem_share_percent": 12.698412698412698, "process_util_available": true, "process_util_backend": "nvml", "process_sm_util_percent": 24.0, "process_mem_util_percent": 2.0}
{"timestamp_unix": 1772435401.7258198, "pid": 65396, "device_index": 0, "gpu_uuid": "GPU-6f954bfd-7081-31b7-f15c-f9a174bf4d7f", "gpu_util_percent": 24.0, "gpu_mem_util_percent": 2.0, "gpu_mem_used_mib": 6735.0, "gpu_mem_total_mib": 49140.0, "gpu_power_w": 89.57, "process_present": true, "process_mem_mib": 6240.0, "process_mem_share_percent": 12.698412698412698, "process_util_available": true, "process_util_backend": "nvml", "process_sm_util_percent": 24.0, "process_mem_util_percent": 2.0}
{"timestamp_unix": 1772435402.0154943, "pid": 65396, "device_index": 0, "gpu_uuid": "GPU-6f954bfd-7081-31b7-f15c-f9a174bf4d7f", "gpu_util_percent": 24.0, "gpu_mem_util_percent": 2.0, "gpu_mem_used_mib": 6735.0, "gpu_mem_total_mib": 49140.0, "gpu_power_w": 89.57, "process_present": true, "process_mem_mib": 6240.0, "process_mem_share_percent": 12.698412698412698, "process_util_available": true, "process_util_backend": "nvml", "process_sm_util_percent": 23.0, "process_mem_util_percent": 2.0}
{"timestamp_unix": 1772435402.31006, "pid": 65396, "device_index": 0, "gpu_uuid": "GPU-6f954bfd-7081-31b7-f15c-f9a174bf4d7f", "gpu_util_percent": 24.0, "gpu_mem_util_percent": 2.0, "gpu_mem_used_mib": 6735.0, "gpu_mem_total_mib": 49140.0, "gpu_power_w": 89.64, "process_present": true, "process_mem_mib": 6240.0, "process_mem_share_percent": 12.698412698412698, "process_util_available": true, "process_util_backend": "nvml", "process_sm_util_percent": 24.0, "process_mem_util_percent": 2.0}
{"timestamp_unix": 1772435402.5978768, "pid": 65396, "device_index": 0, "gpu_uuid": "GPU-6f954bfd-7081-31b7-f15c-f9a174bf4d7f", "gpu_util_percent": 23.0, "gpu_mem_util_percent": 2.0, "gpu_mem_used_mib": 6735.0, "gpu_mem_total_mib": 49140.0, "gpu_power_w": 89.63, "process_present": true, "process_mem_mib": 6240.0, "process_mem_share_percent": 12.698412698412698, "process_util_available": true, "process_util_backend": "nvml", "process_sm_util_percent": 24.0, "process_mem_util_percent": 2.0}
{"timestamp_unix": 1772435402.886048, "pid": 65396, "device_index": 0, "gpu_uuid": "GPU-6f954bfd-7081-31b7-f15c-f9a174bf4d7f", "gpu_util_percent": 23.0, "gpu_mem_util_percent": 2.0, "gpu_mem_used_mib": 6735.0, "gpu_mem_total_mib": 49140.0, "gpu_power_w": 89.63, "process_present": true, "process_mem_mib": 6240.0, "process_mem_share_percent": 12.698412698412698, "process_util_available": true, "process_util_backend": "nvml", "process_sm_util_percent": 24.0, "process_mem_util_percent": 2.0}
{"timestamp_unix": 1772435403.1769142, "pid": 65396, "device_index": 0, "gpu_uuid": "GPU-6f954bfd-7081-31b7-f15c-f9a174bf4d7f", "gpu_util_percent": 23.0, "gpu_mem_util_percent": 2.0, "gpu_mem_used_mib": 6735.0, "gpu_mem_total_mib": 49140.0, "gpu_power_w": 89.21, "process_present": true, "process_mem_mib": 6240.0, "process_mem_share_percent": 12.698412698412698, "process_util_available": true, "process_util_backend": "nvml", "process_sm_util_percent": 23.0, "process_mem_util_percent": 2.0}
{"timestamp_unix": 1772435403.466019, "pid": 65396, "device_index": 0, "gpu_uuid": "GPU-6f954bfd-7081-31b7-f15c-f9a174bf4d7f", "gpu_util_percent": 23.0, "gpu_mem_util_percent": 2.0, "gpu_mem_used_mib": 6734.0, "gpu_mem_total_mib": 49140.0, "gpu_power_w": 89.21, "process_present": true, "process_mem_mib": 6240.0, "process_mem_share_percent": 12.698412698412698, "process_util_available": true, "process_util_backend": "nvml", "process_sm_util_percent": 23.0, "process_mem_util_percent": 2.0}
{"timestamp_unix": 1772435403.77164, "pid": 65396, "device_index": 0, "gpu_uuid": "GPU-6f954bfd-7081-31b7-f15c-f9a174bf4d7f", "gpu_util_percent": 23.0, "gpu_mem_util_percent": 2.0, "gpu_mem_used_mib": 6732.0, "gpu_mem_total_mib": 49140.0, "gpu_power_w": 89.05, "process_present": true, "process_mem_mib": 6240.0, "process_mem_share_percent": 12.698412698412698, "process_util_available": true, "process_util_backend": "nvml", "process_sm_util_percent": 24.0, "process_mem_util_percent": 2.0}
{"timestamp_unix": 1772435404.075759, "pid": 65396, "device_index": 0, "gpu_uuid": "GPU-6f954bfd-7081-31b7-f15c-f9a174bf4d7f", "gpu_util_percent": 23.0, "gpu_mem_util_percent": 2.0, "gpu_mem_used_mib": 6733.0, "gpu_mem_total_mib": 49140.0, "gpu_power_w": 89.05, "process_present": true, "process_mem_mib": 6240.0, "process_mem_share_percent": 12.698412698412698, "process_util_available": true, "process_util_backend": "nvml", "process_sm_util_percent": 23.0, "process_mem_util_percent": 2.0}
{"timestamp_unix": 1772435404.3656297, "pid": 65396, "device_index": 0, "gpu_uuid": "GPU-6f954bfd-7081-31b7-f15c-f9a174bf4d7f", "gpu_util_percent": 23.0, "gpu_mem_util_percent": 2.0, "gpu_mem_used_mib": 6733.0, "gpu_mem_total_mib": 49140.0, "gpu_power_w": 89.17, "process_present": true, "process_mem_mib": 6240.0, "process_mem_share_percent": 12.698412698412698, "process_util_available": true, "process_util_backend": "nvml", "process_sm_util_percent": 24.0, "process_mem_util_percent": 2.0}
{"timestamp_unix": 1772435404.6530585, "pid": 65396, "device_index": 0, "gpu_uuid": "GPU-6f954bfd-7081-31b7-f15c-f9a174bf4d7f", "gpu_util_percent": 23.0, "gpu_mem_util_percent": 2.0, "gpu_mem_used_mib": 6733.0, "gpu_mem_total_mib": 49140.0, "gpu_power_w": 89.23, "process_present": true, "process_mem_mib": 6240.0, "process_mem_share_percent": 12.698412698412698, "process_util_available": true, "process_util_backend": "nvml", "process_sm_util_percent": 24.0, "process_mem_util_percent": 2.0}
{"timestamp_unix": 1772435404.9441657, "pid": 65396, "device_index": 0, "gpu_uuid": "GPU-6f954bfd-7081-31b7-f15c-f9a174bf4d7f", "gpu_util_percent": 23.0, "gpu_mem_util_percent": 2.0, "gpu_mem_used_mib": 6733.0, "gpu_mem_total_mib": 49140.0, "gpu_power_w": 89.23, "process_present": true, "process_mem_mib": 6240.0, "process_mem_share_percent": 12.698412698412698, "process_util_available": true, "process_util_backend": "nvml", "process_sm_util_percent": 12.0, "process_mem_util_percent": 1.0}
{"timestamp_unix": 1772435405.2327666, "pid": 65396, "device_index": 0, "gpu_uuid": "GPU-6f954bfd-7081-31b7-f15c-f9a174bf4d7f", "gpu_util_percent": 23.0, "gpu_mem_util_percent": 2.0, "gpu_mem_used_mib": 6733.0, "gpu_mem_total_mib": 49140.0, "gpu_power_w": 89.11, "process_present": true, "process_mem_mib": 6240.0, "process_mem_share_percent": 12.698412698412698, "process_util_available": true, "process_util_backend": "nvml", "process_sm_util_percent": null, "process_mem_util_percent": null}
{"timestamp_unix": 1772435405.5235202, "pid": 65396, "device_index": 0, "gpu_uuid": "GPU-6f954bfd-7081-31b7-f15c-f9a174bf4d7f", "gpu_util_percent": 23.0, "gpu_mem_util_percent": 2.0, "gpu_mem_used_mib": 6733.0, "gpu_mem_total_mib": 49140.0, "gpu_power_w": 89.11, "process_present": true, "process_mem_mib": 6240.0, "process_mem_share_percent": 12.698412698412698, "process_util_available": true, "process_util_backend": "nvml", "process_sm_util_percent": null, "process_mem_util_percent": null}
{"timestamp_unix": 1772435405.8162026, "pid": 65396, "device_index": 0, "gpu_uuid": "GPU-6f954bfd-7081-31b7-f15c-f9a174bf4d7f", "gpu_util_percent": 23.0, "gpu_mem_util_percent": 2.0, "gpu_mem_used_mib": 6733.0, "gpu_mem_total_mib": 49140.0, "gpu_power_w": 89.03, "process_present": true, "process_mem_mib": 6240.0, "process_mem_share_percent": 12.698412698412698, "process_util_available": true, "process_util_backend": "nvml", "process_sm_util_percent": 24.0, "process_mem_util_percent": 2.0}
{"timestamp_unix": 1772435406.121529, "pid": 65396, "device_index": 0, "gpu_uuid": "GPU-6f954bfd-7081-31b7-f15c-f9a174bf4d7f", "gpu_util_percent": 23.0, "gpu_mem_util_percent": 2.0, "gpu_mem_used_mib": 6732.0, "gpu_mem_total_mib": 49140.0, "gpu_power_w": 89.07, "process_present": true, "process_mem_mib": 6240.0, "process_mem_share_percent": 12.698412698412698, "process_util_available": true, "process_util_backend": "nvml", "process_sm_util_percent": 24.0, "process_mem_util_percent": 2.0}
{"timestamp_unix": 1772435406.4271958, "pid": 65396, "device_index": 0, "gpu_uuid": "GPU-6f954bfd-7081-31b7-f15c-f9a174bf4d7f", "gpu_util_percent": 23.0, "gpu_mem_util_percent": 2.0, "gpu_mem_used_mib": 6732.0, "gpu_mem_total_mib": 49140.0, "gpu_power_w": 89.07, "process_present": true, "process_mem_mib": 6240.0, "process_mem_share_percent": 12.698412698412698, "process_util_available": true, "process_util_backend": "nvml", "process_sm_util_percent": 23.0, "process_mem_util_percent": 2.0}
{"timestamp_unix": 1772435406.7259831, "pid": 65396, "device_index": 0, "gpu_uuid": "GPU-6f954bfd-7081-31b7-f15c-f9a174bf4d7f", "gpu_util_percent": 24.0, "gpu_mem_util_percent": 2.0, "gpu_mem_used_mib": 6732.0, "gpu_mem_total_mib": 49140.0, "gpu_power_w": 89.04, "process_present": true, "process_mem_mib": 6240.0, "process_mem_share_percent": 12.698412698412698, "process_util_available": true, "process_util_backend": "nvml", "process_sm_util_percent": 23.0, "process_mem_util_percent": 2.0}
{"timestamp_unix": 1772435407.0153124, "pid": 65396, "device_index": 0, "gpu_uuid": "GPU-6f954bfd-7081-31b7-f15c-f9a174bf4d7f", "gpu_util_percent": 24.0, "gpu_mem_util_percent": 2.0, "gpu_mem_used_mib": 6732.0, "gpu_mem_total_mib": 49140.0, "gpu_power_w": 89.04, "process_present": true, "process_mem_mib": 6240.0, "process_mem_share_percent": 12.698412698412698, "process_util_available": true, "process_util_backend": "nvml", "process_sm_util_percent": 23.0, "process_mem_util_percent": 2.0}
{"timestamp_unix": 1772435407.3079104, "pid": 65396, "device_index": 0, "gpu_uuid": "GPU-6f954bfd-7081-31b7-f15c-f9a174bf4d7f", "gpu_util_percent": 24.0, "gpu_mem_util_percent": 2.0, "gpu_mem_used_mib": 6732.0, "gpu_mem_total_mib": 49140.0, "gpu_power_w": 89.08, "process_present": true, "process_mem_mib": 6240.0, "process_mem_share_percent": 12.698412698412698, "process_util_available": true, "process_util_backend": "nvml", "process_sm_util_percent": 24.0, "process_mem_util_percent": 2.0}
{"timestamp_unix": 1772435407.598958, "pid": 65396, "device_index": 0, "gpu_uuid": "GPU-6f954bfd-7081-31b7-f15c-f9a174bf4d7f", "gpu_util_percent": 24.0, "gpu_mem_util_percent": 2.0, "gpu_mem_used_mib": 6732.0, "gpu_mem_total_mib": 49140.0, "gpu_power_w": 88.98, "process_present": true, "process_mem_mib": 6240.0, "process_mem_share_percent": 12.698412698412698, "process_util_available": true, "process_util_backend": "nvml", "process_sm_util_percent": 23.0, "process_mem_util_percent": 2.0}
{"timestamp_unix": 1772435407.887037, "pid": 65396, "device_index": 0, "gpu_uuid": "GPU-6f954bfd-7081-31b7-f15c-f9a174bf4d7f", "gpu_util_percent": 24.0, "gpu_mem_util_percent": 2.0, "gpu_mem_used_mib": 6732.0, "gpu_mem_total_mib": 49140.0, "gpu_power_w": 88.98, "process_present": true, "process_mem_mib": 6240.0, "process_mem_share_percent": 12.698412698412698, "process_util_available": true, "process_util_backend": "nvml", "process_sm_util_percent": 24.0, "process_mem_util_percent": 2.0}
{"timestamp_unix": 1772435408.177631, "pid": 65396, "device_index": 0, "gpu_uuid": "GPU-6f954bfd-7081-31b7-f15c-f9a174bf4d7f", "gpu_util_percent": 24.0, "gpu_mem_util_percent": 2.0, "gpu_mem_used_mib": 6727.0, "gpu_mem_total_mib": 49140.0, "gpu_power_w": 89.0, "process_present": true, "process_mem_mib": 6240.0, "process_mem_share_percent": 12.698412698412698, "process_util_available": true, "process_util_backend": "nvml", "process_sm_util_percent": 24.0, "process_mem_util_percent": 2.0}
{"timestamp_unix": 1772435408.4706817, "pid": 65396, "device_index": 0, "gpu_uuid": "GPU-6f954bfd-7081-31b7-f15c-f9a174bf4d7f", "gpu_util_percent": 24.0, "gpu_mem_util_percent": 2.0, "gpu_mem_used_mib": 6727.0, "gpu_mem_total_mib": 49140.0, "gpu_power_w": 89.0, "process_present": true, "process_mem_mib": 6240.0, "process_mem_share_percent": 12.698412698412698, "process_util_available": true, "process_util_backend": "nvml", "process_sm_util_percent": 23.0, "process_mem_util_percent": 2.0}
{"timestamp_unix": 1772435408.7758386, "pid": 65396, "device_index": 0, "gpu_uuid": "GPU-6f954bfd-7081-31b7-f15c-f9a174bf4d7f", "gpu_util_percent": 24.0, "gpu_mem_util_percent": 2.0, "gpu_mem_used_mib": 6727.0, "gpu_mem_total_mib": 49140.0, "gpu_power_w": 89.03, "process_present": true, "process_mem_mib": 6240.0, "process_mem_share_percent": 12.698412698412698, "process_util_available": true, "process_util_backend": "nvml", "process_sm_util_percent": 23.0, "process_mem_util_percent": 2.0}
{"timestamp_unix": 1772435409.0762084, "pid": 65396, "device_index": 0, "gpu_uuid": "GPU-6f954bfd-7081-31b7-f15c-f9a174bf4d7f", "gpu_util_percent": 24.0, "gpu_mem_util_percent": 2.0, "gpu_mem_used_mib": 6725.0, "gpu_mem_total_mib": 49140.0, "gpu_power_w": 89.03, "process_present": true, "process_mem_mib": 6240.0, "process_mem_share_percent": 12.698412698412698, "process_util_available": true, "process_util_backend": "nvml", "process_sm_util_percent": 23.0, "process_mem_util_percent": 2.0}
{"timestamp_unix": 1772435409.3770328, "pid": 65396, "device_index": 0, "gpu_uuid": "GPU-6f954bfd-7081-31b7-f15c-f9a174bf4d7f", "gpu_util_percent": 24.0, "gpu_mem_util_percent": 2.0, "gpu_mem_used_mib": 6725.0, "gpu_mem_total_mib": 49140.0, "gpu_power_w": 88.88, "process_present": true, "process_mem_mib": 6240.0, "process_mem_share_percent": 12.698412698412698, "process_util_available": true, "process_util_backend": "nvml", "process_sm_util_percent": 21.0, "process_mem_util_percent": 1.0}
{"timestamp_unix": 1772435409.6654532, "pid": 65396, "device_index": 0, "gpu_uuid": "GPU-6f954bfd-7081-31b7-f15c-f9a174bf4d7f", "gpu_util_percent": 22.0, "gpu_mem_util_percent": 2.0, "gpu_mem_used_mib": 6729.0, "gpu_mem_total_mib": 49140.0, "gpu_power_w": 87.78, "process_present": true, "process_mem_mib": 6240.0, "process_mem_share_percent": 12.698412698412698, "process_util_available": true, "process_util_backend": "nvml", "process_sm_util_percent": 20.0, "process_mem_util_percent": 1.0}
{"timestamp_unix": 1772435409.9540257, "pid": 65396, "device_index": 0, "gpu_uuid": "GPU-6f954bfd-7081-31b7-f15c-f9a174bf4d7f", "gpu_util_percent": 22.0, "gpu_mem_util_percent": 2.0, "gpu_mem_used_mib": 6729.0, "gpu_mem_total_mib": 49140.0, "gpu_power_w": 87.78, "process_present": true, "process_mem_mib": 6240.0, "process_mem_share_percent": 12.698412698412698, "process_util_available": true, "process_util_backend": "nvml", "process_sm_util_percent": 23.0, "process_mem_util_percent": 1.0}
{"timestamp_unix": 1772435410.243957, "pid": 65396, "device_index": 0, "gpu_uuid": "GPU-6f954bfd-7081-31b7-f15c-f9a174bf4d7f", "gpu_util_percent": 22.0, "gpu_mem_util_percent": 2.0, "gpu_mem_used_mib": 6729.0, "gpu_mem_total_mib": 49140.0, "gpu_power_w": 87.5, "process_present": true, "process_mem_mib": 6240.0, "process_mem_share_percent": 12.698412698412698, "process_util_available": true, "process_util_backend": "nvml", "process_sm_util_percent": 22.0, "process_mem_util_percent": 1.0}
{"timestamp_unix": 1772435410.5324821, "pid": 65396, "device_index": 0, "gpu_uuid": "GPU-6f954bfd-7081-31b7-f15c-f9a174bf4d7f", "gpu_util_percent": 22.0, "gpu_mem_util_percent": 2.0, "gpu_mem_used_mib": 6729.0, "gpu_mem_total_mib": 49140.0, "gpu_power_w": 87.5, "process_present": true, "process_mem_mib": 6240.0, "process_mem_share_percent": 12.698412698412698, "process_util_available": true, "process_util_backend": "nvml", "process_sm_util_percent": 22.0, "process_mem_util_percent": 1.0}
{"timestamp_unix": 1772435410.8189137, "pid": 65396, "device_index": 0, "gpu_uuid": "GPU-6f954bfd-7081-31b7-f15c-f9a174bf4d7f", "gpu_util_percent": 22.0, "gpu_mem_util_percent": 2.0, "gpu_mem_used_mib": 6729.0, "gpu_mem_total_mib": 49140.0, "gpu_power_w": 88.23, "process_present": true, "process_mem_mib": 6240.0, "process_mem_share_percent": 12.698412698412698, "process_util_available": true, "process_util_backend": "nvml", "process_sm_util_percent": 24.0, "process_mem_util_percent": 1.0}
{"timestamp_unix": 1772435411.1101065, "pid": 65396, "device_index": 0, "gpu_uuid": "GPU-6f954bfd-7081-31b7-f15c-f9a174bf4d7f", "gpu_util_percent": 22.0, "gpu_mem_util_percent": 2.0, "gpu_mem_used_mib": 6729.0, "gpu_mem_total_mib": 49140.0, "gpu_power_w": 88.13, "process_present": true, "process_mem_mib": 6240.0, "process_mem_share_percent": 12.698412698412698, "process_util_available": true, "process_util_backend": "nvml", "process_sm_util_percent": 24.0, "process_mem_util_percent": 1.0}
{"timestamp_unix": 1772435411.4112005, "pid": 65396, "device_index": 0, "gpu_uuid": "GPU-6f954bfd-7081-31b7-f15c-f9a174bf4d7f", "gpu_util_percent": 22.0, "gpu_mem_util_percent": 2.0, "gpu_mem_used_mib": 6729.0, "gpu_mem_total_mib": 49140.0, "gpu_power_w": 88.13, "process_present": true, "process_mem_mib": 6240.0, "process_mem_share_percent": 12.698412698412698, "process_util_available": true, "process_util_backend": "nvml", "process_sm_util_percent": 23.0, "process_mem_util_percent": 1.0}
{"timestamp_unix": 1772435411.715638, "pid": 65396, "device_index": 0, "gpu_uuid": "GPU-6f954bfd-7081-31b7-f15c-f9a174bf4d7f", "gpu_util_percent": 23.0, "gpu_mem_util_percent": 2.0, "gpu_mem_used_mib": 6729.0, "gpu_mem_total_mib": 49140.0, "gpu_power_w": 87.94, "process_present": true, "process_mem_mib": 6240.0, "process_mem_share_percent": 12.698412698412698, "process_util_available": true, "process_util_backend": "nvml", "process_sm_util_percent": 23.0, "process_mem_util_percent": 1.0}
{"timestamp_unix": 1772435412.01474, "pid": 65396, "device_index": 0, "gpu_uuid": "GPU-6f954bfd-7081-31b7-f15c-f9a174bf4d7f", "gpu_util_percent": 23.0, "gpu_mem_util_percent": 2.0, "gpu_mem_used_mib": 6729.0, "gpu_mem_total_mib": 49140.0, "gpu_power_w": 87.94, "process_present": true, "process_mem_mib": 6240.0, "process_mem_share_percent": 12.698412698412698, "process_util_available": true, "process_util_backend": "nvml", "process_sm_util_percent": 21.0, "process_mem_util_percent": 1.0}
{"timestamp_unix": 1772435412.3107414, "pid": 65396, "device_index": 0, "gpu_uuid": "GPU-6f954bfd-7081-31b7-f15c-f9a174bf4d7f", "gpu_util_percent": 23.0, "gpu_mem_util_percent": 2.0, "gpu_mem_used_mib": 6729.0, "gpu_mem_total_mib": 49140.0, "gpu_power_w": 88.03, "process_present": true, "process_mem_mib": 6240.0, "process_mem_share_percent": 12.698412698412698, "process_util_available": true, "process_util_backend": "nvml", "process_sm_util_percent": 22.0, "process_mem_util_percent": 1.0}
{"timestamp_unix": 1772435412.5978074, "pid": 65396, "device_index": 0, "gpu_uuid": "GPU-6f954bfd-7081-31b7-f15c-f9a174bf4d7f", "gpu_util_percent": 21.0, "gpu_mem_util_percent": 2.0, "gpu_mem_used_mib": 6729.0, "gpu_mem_total_mib": 49140.0, "gpu_power_w": 88.2, "process_present": true, "process_mem_mib": 6240.0, "process_mem_share_percent": 12.698412698412698, "process_util_available": true, "process_util_backend": "nvml", "process_sm_util_percent": 22.0, "process_mem_util_percent": 2.0}
{"timestamp_unix": 1772435412.8859925, "pid": 65396, "device_index": 0, "gpu_uuid": "GPU-6f954bfd-7081-31b7-f15c-f9a174bf4d7f", "gpu_util_percent": 21.0, "gpu_mem_util_percent": 2.0, "gpu_mem_used_mib": 6729.0, "gpu_mem_total_mib": 49140.0, "gpu_power_w": 88.2, "process_present": true, "process_mem_mib": 6240.0, "process_mem_share_percent": 12.698412698412698, "process_util_available": true, "process_util_backend": "nvml", "process_sm_util_percent": 21.0, "process_mem_util_percent": 2.0}
{"timestamp_unix": 1772435413.1771445, "pid": 65396, "device_index": 0, "gpu_uuid": "GPU-6f954bfd-7081-31b7-f15c-f9a174bf4d7f", "gpu_util_percent": 21.0, "gpu_mem_util_percent": 2.0, "gpu_mem_used_mib": 6729.0, "gpu_mem_total_mib": 49140.0, "gpu_power_w": 88.25, "process_present": true, "process_mem_mib": 6240.0, "process_mem_share_percent": 12.698412698412698, "process_util_available": true, "process_util_backend": "nvml", "process_sm_util_percent": 21.0, "process_mem_util_percent": 2.0}
{"timestamp_unix": 1772435413.464865, "pid": 65396, "device_index": 0, "gpu_uuid": "GPU-6f954bfd-7081-31b7-f15c-f9a174bf4d7f", "gpu_util_percent": 21.0, "gpu_mem_util_percent": 2.0, "gpu_mem_used_mib": 6729.0, "gpu_mem_total_mib": 49140.0, "gpu_power_w": 88.25, "process_present": true, "process_mem_mib": 6240.0, "process_mem_share_percent": 12.698412698412698, "process_util_available": true, "process_util_backend": "nvml", "process_sm_util_percent": 21.0, "process_mem_util_percent": 2.0}
{"timestamp_unix": 1772435413.752212, "pid": 65396, "device_index": 0, "gpu_uuid": "GPU-6f954bfd-7081-31b7-f15c-f9a174bf4d7f", "gpu_util_percent": 21.0, "gpu_mem_util_percent": 2.0, "gpu_mem_used_mib": 6729.0, "gpu_mem_total_mib": 49140.0, "gpu_power_w": 88.39, "process_present": true, "process_mem_mib": 6240.0, "process_mem_share_percent": 12.698412698412698, "process_util_available": true, "process_util_backend": "nvml", "process_sm_util_percent": 22.0, "process_mem_util_percent": 2.0}
{"timestamp_unix": 1772435414.043481, "pid": 65396, "device_index": 0, "gpu_uuid": "GPU-6f954bfd-7081-31b7-f15c-f9a174bf4d7f", "gpu_util_percent": 21.0, "gpu_mem_util_percent": 2.0, "gpu_mem_used_mib": 6729.0, "gpu_mem_total_mib": 49140.0, "gpu_power_w": 88.39, "process_present": true, "process_mem_mib": 6240.0, "process_mem_share_percent": 12.698412698412698, "process_util_available": true, "process_util_backend": "nvml", "process_sm_util_percent": 22.0, "process_mem_util_percent": 2.0}
{"timestamp_unix": 1772435414.3547475, "pid": 65396, "device_index": 0, "gpu_uuid": "GPU-6f954bfd-7081-31b7-f15c-f9a174bf4d7f", "gpu_util_percent": 21.0, "gpu_mem_util_percent": 2.0, "gpu_mem_used_mib": 6729.0, "gpu_mem_total_mib": 49140.0, "gpu_power_w": 88.53, "process_present": true, "process_mem_mib": 6240.0, "process_mem_share_percent": 12.698412698412698, "process_util_available": true, "process_util_backend": "nvml", "process_sm_util_percent": 23.0, "process_mem_util_percent": 2.0}
{"timestamp_unix": 1772435414.6884334, "pid": 65396, "device_index": 0, "gpu_uuid": "GPU-6f954bfd-7081-31b7-f15c-f9a174bf4d7f", "gpu_util_percent": 23.0, "gpu_mem_util_percent": 2.0, "gpu_mem_used_mib": 6729.0, "gpu_mem_total_mib": 49140.0, "gpu_power_w": 88.66, "process_present": true, "process_mem_mib": 6240.0, "process_mem_share_percent": 12.698412698412698, "process_util_available": true, "process_util_backend": "nvml", "process_sm_util_percent": null, "process_mem_util_percent": null}
{"timestamp_unix": 1772435414.978487, "pid": 65396, "device_index": 0, "gpu_uuid": "GPU-6f954bfd-7081-31b7-f15c-f9a174bf4d7f", "gpu_util_percent": 23.0, "gpu_mem_util_percent": 2.0, "gpu_mem_used_mib": 6729.0, "gpu_mem_total_mib": 49140.0, "gpu_power_w": 88.66, "process_present": true, "process_mem_mib": 6240.0, "process_mem_share_percent": 12.698412698412698, "process_util_available": true, "process_util_backend": "nvml", "process_sm_util_percent": 13.0, "process_mem_util_percent": 1.0}
{"timestamp_unix": 1772435415.2689593, "pid": 65396, "device_index": 0, "gpu_uuid": "GPU-6f954bfd-7081-31b7-f15c-f9a174bf4d7f", "gpu_util_percent": 23.0, "gpu_mem_util_percent": 2.0, "gpu_mem_used_mib": 6729.0, "gpu_mem_total_mib": 49140.0, "gpu_power_w": 88.73, "process_present": true, "process_mem_mib": 6240.0, "process_mem_share_percent": 12.698412698412698, "process_util_available": true, "process_util_backend": "nvml", "process_sm_util_percent": null, "process_mem_util_percent": null}
{"timestamp_unix": 1772435415.561053, "pid": 65396, "device_index": 0, "gpu_uuid": "GPU-6f954bfd-7081-31b7-f15c-f9a174bf4d7f", "gpu_util_percent": 23.0, "gpu_mem_util_percent": 2.0, "gpu_mem_used_mib": 6729.0, "gpu_mem_total_mib": 49140.0, "gpu_power_w": 88.73, "process_present": true, "process_mem_mib": 6240.0, "process_mem_share_percent": 12.698412698412698, "process_util_available": true, "process_util_backend": "nvml", "process_sm_util_percent": 24.0, "process_mem_util_percent": 2.0}
{"timestamp_unix": 1772435415.8530478, "pid": 65396, "device_index": 0, "gpu_uuid": "GPU-6f954bfd-7081-31b7-f15c-f9a174bf4d7f", "gpu_util_percent": 24.0, "gpu_mem_util_percent": 2.0, "gpu_mem_used_mib": 6743.0, "gpu_mem_total_mib": 49140.0, "gpu_power_w": 88.68, "process_present": true, "process_mem_mib": 6290.0, "process_mem_share_percent": 12.8001628001628, "process_util_available": true, "process_util_backend": "nvml", "process_sm_util_percent": 24.0, "process_mem_util_percent": 2.0}
{"timestamp_unix": 1772435416.1444204, "pid": 65396, "device_index": 0, "gpu_uuid": "GPU-6f954bfd-7081-31b7-f15c-f9a174bf4d7f", "gpu_util_percent": 24.0, "gpu_mem_util_percent": 2.0, "gpu_mem_used_mib": 6789.0, "gpu_mem_total_mib": 49140.0, "gpu_power_w": 87.23, "process_present": true, "process_mem_mib": 6300.0, "process_mem_share_percent": 12.82051282051282, "process_util_available": true, "process_util_backend": "nvml", "process_sm_util_percent": null, "process_mem_util_percent": null}
{"timestamp_unix": 1772435416.432962, "pid": 65396, "device_index": 0, "gpu_uuid": "GPU-6f954bfd-7081-31b7-f15c-f9a174bf4d7f", "gpu_util_percent": 24.0, "gpu_mem_util_percent": 2.0, "gpu_mem_used_mib": 6789.0, "gpu_mem_total_mib": 49140.0, "gpu_power_w": 87.23, "process_present": true, "process_mem_mib": 6314.0, "process_mem_share_percent": 12.849002849002849, "process_util_available": true, "process_util_backend": "nvml", "process_sm_util_percent": null, "process_mem_util_percent": null}
{"timestamp_unix": 1772435416.736838, "pid": 65396, "device_index": 0, "gpu_uuid": "GPU-6f954bfd-7081-31b7-f15c-f9a174bf4d7f", "gpu_util_percent": 23.0, "gpu_mem_util_percent": 2.0, "gpu_mem_used_mib": 6829.0, "gpu_mem_total_mib": 49140.0, "gpu_power_w": 83.93, "process_present": true, "process_mem_mib": 6340.0, "process_mem_share_percent": 12.901912901912901, "process_util_available": true, "process_util_backend": "nvml", "process_sm_util_percent": 10.0, "process_mem_util_percent": 0.0}
{"timestamp_unix": 1772435417.0423594, "pid": 65396, "device_index": 0, "gpu_uuid": "GPU-6f954bfd-7081-31b7-f15c-f9a174bf4d7f", "gpu_util_percent": 23.0, "gpu_mem_util_percent": 2.0, "gpu_mem_used_mib": 6829.0, "gpu_mem_total_mib": 49140.0, "gpu_power_w": 83.93, "process_present": true, "process_mem_mib": 6340.0, "process_mem_share_percent": 12.901912901912901, "process_util_available": true, "process_util_backend": "nvml", "process_sm_util_percent": 24.0, "process_mem_util_percent": 2.0}
{"timestamp_unix": 1772435417.3435664, "pid": 65396, "device_index": 0, "gpu_uuid": "GPU-6f954bfd-7081-31b7-f15c-f9a174bf4d7f", "gpu_util_percent": 23.0, "gpu_mem_util_percent": 2.0, "gpu_mem_used_mib": 6829.0, "gpu_mem_total_mib": 49140.0, "gpu_power_w": 84.86, "process_present": true, "process_mem_mib": 6340.0, "process_mem_share_percent": 12.901912901912901, "process_util_available": true, "process_util_backend": "nvml", "process_sm_util_percent": 25.0, "process_mem_util_percent": 2.0}
{"timestamp_unix": 1772435417.6321363, "pid": 65396, "device_index": 0, "gpu_uuid": "GPU-6f954bfd-7081-31b7-f15c-f9a174bf4d7f", "gpu_util_percent": 25.0, "gpu_mem_util_percent": 2.0, "gpu_mem_used_mib": 6829.0, "gpu_mem_total_mib": 49140.0, "gpu_power_w": 89.4, "process_present": true, "process_mem_mib": 6340.0, "process_mem_share_percent": 12.901912901912901, "process_util_available": true, "process_util_backend": "nvml", "process_sm_util_percent": null, "process_mem_util_percent": null}
{"timestamp_unix": 1772435417.920187, "pid": 65396, "device_index": 0, "gpu_uuid": "GPU-6f954bfd-7081-31b7-f15c-f9a174bf4d7f", "gpu_util_percent": 25.0, "gpu_mem_util_percent": 2.0, "gpu_mem_used_mib": 6829.0, "gpu_mem_total_mib": 49140.0, "gpu_power_w": 89.4, "process_present": true, "process_mem_mib": 6340.0, "process_mem_share_percent": 12.901912901912901, "process_util_available": true, "process_util_backend": "nvml", "process_sm_util_percent": 25.0, "process_mem_util_percent": 2.0}
{"timestamp_unix": 1772435418.2109208, "pid": 65396, "device_index": 0, "gpu_uuid": "GPU-6f954bfd-7081-31b7-f15c-f9a174bf4d7f", "gpu_util_percent": 25.0, "gpu_mem_util_percent": 2.0, "gpu_mem_used_mib": 6829.0, "gpu_mem_total_mib": 49140.0, "gpu_power_w": 89.53, "process_present": true, "process_mem_mib": 6340.0, "process_mem_share_percent": 12.901912901912901, "process_util_available": true, "process_util_backend": "nvml", "process_sm_util_percent": 25.0, "process_mem_util_percent": 2.0}
{"timestamp_unix": 1772435418.5052624, "pid": 65396, "device_index": 0, "gpu_uuid": "GPU-6f954bfd-7081-31b7-f15c-f9a174bf4d7f", "gpu_util_percent": 25.0, "gpu_mem_util_percent": 2.0, "gpu_mem_used_mib": 6829.0, "gpu_mem_total_mib": 49140.0, "gpu_power_w": 89.53, "process_present": true, "process_mem_mib": 6340.0, "process_mem_share_percent": 12.901912901912901, "process_util_available": true, "process_util_backend": "nvml", "process_sm_util_percent": 25.0, "process_mem_util_percent": 2.0}
{"timestamp_unix": 1772435418.798013, "pid": 65396, "device_index": 0, "gpu_uuid": "GPU-6f954bfd-7081-31b7-f15c-f9a174bf4d7f", "gpu_util_percent": 25.0, "gpu_mem_util_percent": 2.0, "gpu_mem_used_mib": 6829.0, "gpu_mem_total_mib": 49140.0, "gpu_power_w": 89.67, "process_present": true, "process_mem_mib": 6340.0, "process_mem_share_percent": 12.901912901912901, "process_util_available": true, "process_util_backend": "nvml", "process_sm_util_percent": 25.0, "process_mem_util_percent": 2.0}
{"timestamp_unix": 1772435419.0868256, "pid": 65396, "device_index": 0, "gpu_uuid": "GPU-6f954bfd-7081-31b7-f15c-f9a174bf4d7f", "gpu_util_percent": 25.0, "gpu_mem_util_percent": 2.0, "gpu_mem_used_mib": 6829.0, "gpu_mem_total_mib": 49140.0, "gpu_power_w": 89.67, "process_present": true, "process_mem_mib": 6340.0, "process_mem_share_percent": 12.901912901912901, "process_util_available": true, "process_util_backend": "nvml", "process_sm_util_percent": 25.0, "process_mem_util_percent": 2.0}
{"timestamp_unix": 1772435419.387123, "pid": 65396, "device_index": 0, "gpu_uuid": "GPU-6f954bfd-7081-31b7-f15c-f9a174bf4d7f", "gpu_util_percent": 25.0, "gpu_mem_util_percent": 2.0, "gpu_mem_used_mib": 6829.0, "gpu_mem_total_mib": 49140.0, "gpu_power_w": 89.72, "process_present": true, "process_mem_mib": 6340.0, "process_mem_share_percent": 12.901912901912901, "process_util_available": true, "process_util_backend": "nvml", "process_sm_util_percent": 25.0, "process_mem_util_percent": 2.0}
{"timestamp_unix": 1772435419.7103035, "pid": 65396, "device_index": 0, "gpu_uuid": "GPU-6f954bfd-7081-31b7-f15c-f9a174bf4d7f", "gpu_util_percent": 25.0, "gpu_mem_util_percent": 2.0, "gpu_mem_used_mib": 6829.0, "gpu_mem_total_mib": 49140.0, "gpu_power_w": 89.49, "process_present": true, "process_mem_mib": 6340.0, "process_mem_share_percent": 12.901912901912901, "process_util_available": true, "process_util_backend": "nvml", "process_sm_util_percent": 25.0, "process_mem_util_percent": 2.0}
{"timestamp_unix": 1772435420.0103407, "pid": 65396, "device_index": 0, "gpu_uuid": "GPU-6f954bfd-7081-31b7-f15c-f9a174bf4d7f", "gpu_util_percent": 25.0, "gpu_mem_util_percent": 2.0, "gpu_mem_used_mib": 6825.0, "gpu_mem_total_mib": 49140.0, "gpu_power_w": 89.49, "process_present": true, "process_mem_mib": 6340.0, "process_mem_share_percent": 12.901912901912901, "process_util_available": true, "process_util_backend": "nvml", "process_sm_util_percent": 13.0, "process_mem_util_percent": 1.0}
{"timestamp_unix": 1772435420.32142, "pid": 65396, "device_index": 0, "gpu_uuid": "GPU-6f954bfd-7081-31b7-f15c-f9a174bf4d7f", "gpu_util_percent": 25.0, "gpu_mem_util_percent": 2.0, "gpu_mem_used_mib": 6825.0, "gpu_mem_total_mib": 49140.0, "gpu_power_w": 89.6, "process_present": true, "process_mem_mib": 6340.0, "process_mem_share_percent": 12.901912901912901, "process_util_available": true, "process_util_backend": "nvml", "process_sm_util_percent": 12.0, "process_mem_util_percent": 1.0}
{"timestamp_unix": 1772435420.61225, "pid": 65396, "device_index": 0, "gpu_uuid": "GPU-6f954bfd-7081-31b7-f15c-f9a174bf4d7f", "gpu_util_percent": 25.0, "gpu_mem_util_percent": 2.0, "gpu_mem_used_mib": 6825.0, "gpu_mem_total_mib": 49140.0, "gpu_power_w": 89.87, "process_present": true, "process_mem_mib": 6340.0, "process_mem_share_percent": 12.901912901912901, "process_util_available": true, "process_util_backend": "nvml", "process_sm_util_percent": 24.0, "process_mem_util_percent": 2.0}
{"timestamp_unix": 1772435420.908742, "pid": 65396, "device_index": 0, "gpu_uuid": "GPU-6f954bfd-7081-31b7-f15c-f9a174bf4d7f", "gpu_util_percent": 25.0, "gpu_mem_util_percent": 2.0, "gpu_mem_used_mib": 6825.0, "gpu_mem_total_mib": 49140.0, "gpu_power_w": 89.87, "process_present": true, "process_mem_mib": 6340.0, "process_mem_share_percent": 12.901912901912901, "process_util_available": true, "process_util_backend": "nvml", "process_sm_util_percent": null, "process_mem_util_percent": null}
{"timestamp_unix": 1772435421.1966171, "pid": 65396, "device_index": 0, "gpu_uuid": "GPU-6f954bfd-7081-31b7-f15c-f9a174bf4d7f", "gpu_util_percent": 25.0, "gpu_mem_util_percent": 2.0, "gpu_mem_used_mib": 6825.0, "gpu_mem_total_mib": 49140.0, "gpu_power_w": 89.92, "process_present": true, "process_mem_mib": 6340.0, "process_mem_share_percent": 12.901912901912901, "process_util_available": true, "process_util_backend": "nvml", "process_sm_util_percent": null, "process_mem_util_percent": null}
{"timestamp_unix": 1772435421.4855072, "pid": 65396, "device_index": 0, "gpu_uuid": "GPU-6f954bfd-7081-31b7-f15c-f9a174bf4d7f", "gpu_util_percent": 25.0, "gpu_mem_util_percent": 2.0, "gpu_mem_used_mib": 6825.0, "gpu_mem_total_mib": 49140.0, "gpu_power_w": 89.92, "process_present": true, "process_mem_mib": 6340.0, "process_mem_share_percent": 12.901912901912901, "process_util_available": true, "process_util_backend": "nvml", "process_sm_util_percent": 24.0, "process_mem_util_percent": 2.0}
{"timestamp_unix": 1772435421.7766795, "pid": 65396, "device_index": 0, "gpu_uuid": "GPU-6f954bfd-7081-31b7-f15c-f9a174bf4d7f", "gpu_util_percent": 25.0, "gpu_mem_util_percent": 2.0, "gpu_mem_used_mib": 6825.0, "gpu_mem_total_mib": 49140.0, "gpu_power_w": 89.96, "process_present": true, "process_mem_mib": 6340.0, "process_mem_share_percent": 12.901912901912901, "process_util_available": true, "process_util_backend": "nvml", "process_sm_util_percent": 24.0, "process_mem_util_percent": 2.0}
{"timestamp_unix": 1772435422.0632875, "pid": 65396, "device_index": 0, "gpu_uuid": "GPU-6f954bfd-7081-31b7-f15c-f9a174bf4d7f", "gpu_util_percent": 25.0, "gpu_mem_util_percent": 2.0, "gpu_mem_used_mib": 6825.0, "gpu_mem_total_mib": 49140.0, "gpu_power_w": 89.96, "process_present": true, "process_mem_mib": 6340.0, "process_mem_share_percent": 12.901912901912901, "process_util_available": true, "process_util_backend": "nvml", "process_sm_util_percent": 24.0, "process_mem_util_percent": 2.0}
{"timestamp_unix": 1772435422.372854, "pid": 65396, "device_index": 0, "gpu_uuid": "GPU-6f954bfd-7081-31b7-f15c-f9a174bf4d7f", "gpu_util_percent": 25.0, "gpu_mem_util_percent": 2.0, "gpu_mem_used_mib": 6825.0, "gpu_mem_total_mib": 49140.0, "gpu_power_w": 90.03, "process_present": true, "process_mem_mib": 6340.0, "process_mem_share_percent": 12.901912901912901, "process_util_available": true, "process_util_backend": "nvml", "process_sm_util_percent": 25.0, "process_mem_util_percent": 2.0}
{"timestamp_unix": 1772435422.67472, "pid": 65396, "device_index": 0, "gpu_uuid": "GPU-6f954bfd-7081-31b7-f15c-f9a174bf4d7f", "gpu_util_percent": 25.0, "gpu_mem_util_percent": 2.0, "gpu_mem_used_mib": 6825.0, "gpu_mem_total_mib": 49140.0, "gpu_power_w": 90.01, "process_present": true, "process_mem_mib": 6340.0, "process_mem_share_percent": 12.901912901912901, "process_util_available": true, "process_util_backend": "nvml", "process_sm_util_percent": 25.0, "process_mem_util_percent": 2.0}
{"timestamp_unix": 1772435422.9755976, "pid": 65396, "device_index": 0, "gpu_uuid": "GPU-6f954bfd-7081-31b7-f15c-f9a174bf4d7f", "gpu_util_percent": 25.0, "gpu_mem_util_percent": 2.0, "gpu_mem_used_mib": 6825.0, "gpu_mem_total_mib": 49140.0, "gpu_power_w": 90.01, "process_present": true, "process_mem_mib": 6340.0, "process_mem_share_percent": 12.901912901912901, "process_util_available": true, "process_util_backend": "nvml", "process_sm_util_percent": 25.0, "process_mem_util_percent": 2.0}
{"timestamp_unix": 1772435423.2634525, "pid": 65396, "device_index": 0, "gpu_uuid": "GPU-6f954bfd-7081-31b7-f15c-f9a174bf4d7f", "gpu_util_percent": 25.0, "gpu_mem_util_percent": 2.0, "gpu_mem_used_mib": 6825.0, "gpu_mem_total_mib": 49140.0, "gpu_power_w": 89.89, "process_present": true, "process_mem_mib": 6340.0, "process_mem_share_percent": 12.901912901912901, "process_util_available": true, "process_util_backend": "nvml", "process_sm_util_percent": 24.0, "process_mem_util_percent": 2.0}
{"timestamp_unix": 1772435423.5520473, "pid": 65396, "device_index": 0, "gpu_uuid": "GPU-6f954bfd-7081-31b7-f15c-f9a174bf4d7f", "gpu_util_percent": 25.0, "gpu_mem_util_percent": 2.0, "gpu_mem_used_mib": 6825.0, "gpu_mem_total_mib": 49140.0, "gpu_power_w": 89.89, "process_present": true, "process_mem_mib": 6340.0, "process_mem_share_percent": 12.901912901912901, "process_util_available": true, "process_util_backend": "nvml", "process_sm_util_percent": 25.0, "process_mem_util_percent": 2.0}
{"timestamp_unix": 1772435423.842873, "pid": 65396, "device_index": 0, "gpu_uuid": "GPU-6f954bfd-7081-31b7-f15c-f9a174bf4d7f", "gpu_util_percent": 25.0, "gpu_mem_util_percent": 2.0, "gpu_mem_used_mib": 6825.0, "gpu_mem_total_mib": 49140.0, "gpu_power_w": 89.77, "process_present": true, "process_mem_mib": 6340.0, "process_mem_share_percent": 12.901912901912901, "process_util_available": true, "process_util_backend": "nvml", "process_sm_util_percent": 24.0, "process_mem_util_percent": 2.0}
{"timestamp_unix": 1772435424.1301517, "pid": 65396, "device_index": 0, "gpu_uuid": "GPU-6f954bfd-7081-31b7-f15c-f9a174bf4d7f", "gpu_util_percent": 25.0, "gpu_mem_util_percent": 2.0, "gpu_mem_used_mib": 6825.0, "gpu_mem_total_mib": 49140.0, "gpu_power_w": 89.92, "process_present": true, "process_mem_mib": 6340.0, "process_mem_share_percent": 12.901912901912901, "process_util_available": true, "process_util_backend": "nvml", "process_sm_util_percent": 25.0, "process_mem_util_percent": 2.0}
{"timestamp_unix": 1772435424.4182417, "pid": 65396, "device_index": 0, "gpu_uuid": "GPU-6f954bfd-7081-31b7-f15c-f9a174bf4d7f", "gpu_util_percent": 25.0, "gpu_mem_util_percent": 2.0, "gpu_mem_used_mib": 6825.0, "gpu_mem_total_mib": 49140.0, "gpu_power_w": 89.92, "process_present": true, "process_mem_mib": 6340.0, "process_mem_share_percent": 12.901912901912901, "process_util_available": true, "process_util_backend": "nvml", "process_sm_util_percent": 25.0, "process_mem_util_percent": 2.0}
{"timestamp_unix": 1772435424.7198074, "pid": 65396, "device_index": 0, "gpu_uuid": "GPU-6f954bfd-7081-31b7-f15c-f9a174bf4d7f", "gpu_util_percent": 24.0, "gpu_mem_util_percent": 2.0, "gpu_mem_used_mib": 6825.0, "gpu_mem_total_mib": 49140.0, "gpu_power_w": 90.24, "process_present": true, "process_mem_mib": 6340.0, "process_mem_share_percent": 12.901912901912901, "process_util_available": true, "process_util_backend": "nvml", "process_sm_util_percent": 24.0, "process_mem_util_percent": 2.0}
{"timestamp_unix": 1772435425.0156045, "pid": 65396, "device_index": 0, "gpu_uuid": "GPU-6f954bfd-7081-31b7-f15c-f9a174bf4d7f", "gpu_util_percent": 24.0, "gpu_mem_util_percent": 2.0, "gpu_mem_used_mib": 6829.0, "gpu_mem_total_mib": 49140.0, "gpu_power_w": 90.24, "process_present": true, "process_mem_mib": 6340.0, "process_mem_share_percent": 12.901912901912901, "process_util_available": true, "process_util_backend": "nvml", "process_sm_util_percent": 25.0, "process_mem_util_percent": 2.0}
{"timestamp_unix": 1772435425.3277938, "pid": 65396, "device_index": 0, "gpu_uuid": "GPU-6f954bfd-7081-31b7-f15c-f9a174bf4d7f", "gpu_util_percent": 24.0, "gpu_mem_util_percent": 2.0, "gpu_mem_used_mib": 6829.0, "gpu_mem_total_mib": 49140.0, "gpu_power_w": 90.55, "process_present": true, "process_mem_mib": 6340.0, "process_mem_share_percent": 12.901912901912901, "process_util_available": true, "process_util_backend": "nvml", "process_sm_util_percent": 25.0, "process_mem_util_percent": 2.0}
{"timestamp_unix": 1772435425.6277966, "pid": 65396, "device_index": 0, "gpu_uuid": "GPU-6f954bfd-7081-31b7-f15c-f9a174bf4d7f", "gpu_util_percent": 24.0, "gpu_mem_util_percent": 2.0, "gpu_mem_used_mib": 6829.0, "gpu_mem_total_mib": 49140.0, "gpu_power_w": 90.57, "process_present": true, "process_mem_mib": 6340.0, "process_mem_share_percent": 12.901912901912901, "process_util_available": true, "process_util_backend": "nvml", "process_sm_util_percent": 24.0, "process_mem_util_percent": 2.0}
{"timestamp_unix": 1772435425.9136527, "pid": 65396, "device_index": 0, "gpu_uuid": "GPU-6f954bfd-7081-31b7-f15c-f9a174bf4d7f", "gpu_util_percent": 24.0, "gpu_mem_util_percent": 2.0, "gpu_mem_used_mib": 6829.0, "gpu_mem_total_mib": 49140.0, "gpu_power_w": 90.57, "process_present": true, "process_mem_mib": 6340.0, "process_mem_share_percent": 12.901912901912901, "process_util_available": true, "process_util_backend": "nvml", "process_sm_util_percent": 25.0, "process_mem_util_percent": 2.0}
{"timestamp_unix": 1772435426.2011049, "pid": 65396, "device_index": 0, "gpu_uuid": "GPU-6f954bfd-7081-31b7-f15c-f9a174bf4d7f", "gpu_util_percent": 24.0, "gpu_mem_util_percent": 2.0, "gpu_mem_used_mib": 6829.0, "gpu_mem_total_mib": 49140.0, "gpu_power_w": 90.66, "process_present": true, "process_mem_mib": 6340.0, "process_mem_share_percent": 12.901912901912901, "process_util_available": true, "process_util_backend": "nvml", "process_sm_util_percent": 24.0, "process_mem_util_percent": 2.0}
{"timestamp_unix": 1772435426.4920177, "pid": 65396, "device_index": 0, "gpu_uuid": "GPU-6f954bfd-7081-31b7-f15c-f9a174bf4d7f", "gpu_util_percent": 24.0, "gpu_mem_util_percent": 2.0, "gpu_mem_used_mib": 6829.0, "gpu_mem_total_mib": 49140.0, "gpu_power_w": 90.66, "process_present": true, "process_mem_mib": 6340.0, "process_mem_share_percent": 12.901912901912901, "process_util_available": true, "process_util_backend": "nvml", "process_sm_util_percent": 24.0, "process_mem_util_percent": 2.0}
{"timestamp_unix": 1772435426.7802465, "pid": 65396, "device_index": 0, "gpu_uuid": "GPU-6f954bfd-7081-31b7-f15c-f9a174bf4d7f", "gpu_util_percent": 25.0, "gpu_mem_util_percent": 2.0, "gpu_mem_used_mib": 6829.0, "gpu_mem_total_mib": 49140.0, "gpu_power_w": 90.67, "process_present": true, "process_mem_mib": 6340.0, "process_mem_share_percent": 12.901912901912901, "process_util_available": true, "process_util_backend": "nvml", "process_sm_util_percent": 25.0, "process_mem_util_percent": 2.0}
{"timestamp_unix": 1772435427.074021, "pid": 65396, "device_index": 0, "gpu_uuid": "GPU-6f954bfd-7081-31b7-f15c-f9a174bf4d7f", "gpu_util_percent": 25.0, "gpu_mem_util_percent": 2.0, "gpu_mem_used_mib": 6829.0, "gpu_mem_total_mib": 49140.0, "gpu_power_w": 90.67, "process_present": true, "process_mem_mib": 6340.0, "process_mem_share_percent": 12.901912901912901, "process_util_available": true, "process_util_backend": "nvml", "process_sm_util_percent": 24.0, "process_mem_util_percent": 2.0}
{"timestamp_unix": 1772435427.3668783, "pid": 65396, "device_index": 0, "gpu_uuid": "GPU-6f954bfd-7081-31b7-f15c-f9a174bf4d7f", "gpu_util_percent": 25.0, "gpu_mem_util_percent": 2.0, "gpu_mem_used_mib": 6829.0, "gpu_mem_total_mib": 49140.0, "gpu_power_w": 90.68, "process_present": true, "process_mem_mib": 6340.0, "process_mem_share_percent": 12.901912901912901, "process_util_available": true, "process_util_backend": "nvml", "process_sm_util_percent": 24.0, "process_mem_util_percent": 2.0}
{"timestamp_unix": 1772435427.6738446, "pid": 65396, "device_index": 0, "gpu_uuid": "GPU-6f954bfd-7081-31b7-f15c-f9a174bf4d7f", "gpu_util_percent": 24.0, "gpu_mem_util_percent": 2.0, "gpu_mem_used_mib": 6829.0, "gpu_mem_total_mib": 49140.0, "gpu_power_w": 90.73, "process_present": true, "process_mem_mib": 6340.0, "process_mem_share_percent": 12.901912901912901, "process_util_available": true, "process_util_backend": "nvml", "process_sm_util_percent": 25.0, "process_mem_util_percent": 2.0}
{"timestamp_unix": 1772435427.9780643, "pid": 65396, "device_index": 0, "gpu_uuid": "GPU-6f954bfd-7081-31b7-f15c-f9a174bf4d7f", "gpu_util_percent": 24.0, "gpu_mem_util_percent": 2.0, "gpu_mem_used_mib": 6829.0, "gpu_mem_total_mib": 49140.0, "gpu_power_w": 90.73, "process_present": true, "process_mem_mib": 6340.0, "process_mem_share_percent": 12.901912901912901, "process_util_available": true, "process_util_backend": "nvml", "process_sm_util_percent": 24.0, "process_mem_util_percent": 1.0}
{"timestamp_unix": 1772435428.2777512, "pid": 65396, "device_index": 0, "gpu_uuid": "GPU-6f954bfd-7081-31b7-f15c-f9a174bf4d7f", "gpu_util_percent": 24.0, "gpu_mem_util_percent": 2.0, "gpu_mem_used_mib": 6838.0, "gpu_mem_total_mib": 49140.0, "gpu_power_w": 90.01, "process_present": true, "process_mem_mib": 6340.0, "process_mem_share_percent": 12.901912901912901, "process_util_available": true, "process_util_backend": "nvml", "process_sm_util_percent": 19.0, "process_mem_util_percent": 1.0}
{"timestamp_unix": 1772435428.5655057, "pid": 65396, "device_index": 0, "gpu_uuid": "GPU-6f954bfd-7081-31b7-f15c-f9a174bf4d7f", "gpu_util_percent": 24.0, "gpu_mem_util_percent": 2.0, "gpu_mem_used_mib": 6838.0, "gpu_mem_total_mib": 49140.0, "gpu_power_w": 90.01, "process_present": true, "process_mem_mib": 6340.0, "process_mem_share_percent": 12.901912901912901, "process_util_available": true, "process_util_backend": "nvml", "process_sm_util_percent": 22.0, "process_mem_util_percent": 1.0}
{"timestamp_unix": 1772435428.8594837, "pid": 65396, "device_index": 0, "gpu_uuid": "GPU-6f954bfd-7081-31b7-f15c-f9a174bf4d7f", "gpu_util_percent": 22.0, "gpu_mem_util_percent": 2.0, "gpu_mem_used_mib": 6838.0, "gpu_mem_total_mib": 49140.0, "gpu_power_w": 89.41, "process_present": true, "process_mem_mib": 6340.0, "process_mem_share_percent": 12.901912901912901, "process_util_available": true, "process_util_backend": "nvml", "process_sm_util_percent": 22.0, "process_mem_util_percent": 1.0}
{"timestamp_unix": 1772435429.1466923, "pid": 65396, "device_index": 0, "gpu_uuid": "GPU-6f954bfd-7081-31b7-f15c-f9a174bf4d7f", "gpu_util_percent": 22.0, "gpu_mem_util_percent": 2.0, "gpu_mem_used_mib": 6838.0, "gpu_mem_total_mib": 49140.0, "gpu_power_w": 89.29, "process_present": true, "process_mem_mib": 6340.0, "process_mem_share_percent": 12.901912901912901, "process_util_available": true, "process_util_backend": "nvml", "process_sm_util_percent": 23.0, "process_mem_util_percent": 1.0}
{"timestamp_unix": 1772435429.4355133, "pid": 65396, "device_index": 0, "gpu_uuid": "GPU-6f954bfd-7081-31b7-f15c-f9a174bf4d7f", "gpu_util_percent": 22.0, "gpu_mem_util_percent": 2.0, "gpu_mem_used_mib": 6838.0, "gpu_mem_total_mib": 49140.0, "gpu_power_w": 89.29, "process_present": true, "process_mem_mib": 6340.0, "process_mem_share_percent": 12.901912901912901, "process_util_available": true, "process_util_backend": "nvml", "process_sm_util_percent": 22.0, "process_mem_util_percent": 2.0}
{"timestamp_unix": 1772435429.8657224, "pid": 65396, "device_index": 0, "gpu_uuid": "GPU-6f954bfd-7081-31b7-f15c-f9a174bf4d7f", "gpu_util_percent": 22.0, "gpu_mem_util_percent": 2.0, "gpu_mem_used_mib": 6838.0, "gpu_mem_total_mib": 49140.0, "gpu_power_w": 90.15, "process_present": true, "process_mem_mib": 6340.0, "process_mem_share_percent": 12.901912901912901, "process_util_available": true, "process_util_backend": "nvml", "process_sm_util_percent": 11.0, "process_mem_util_percent": 0.0}
{"timestamp_unix": 1772435430.1530344, "pid": 65396, "device_index": 0, "gpu_uuid": "GPU-6f954bfd-7081-31b7-f15c-f9a174bf4d7f", "gpu_util_percent": 22.0, "gpu_mem_util_percent": 2.0, "gpu_mem_used_mib": 6838.0, "gpu_mem_total_mib": 49140.0, "gpu_power_w": 88.89, "process_present": true, "process_mem_mib": 6340.0, "process_mem_share_percent": 12.901912901912901, "process_util_available": true, "process_util_backend": "nvml", "process_sm_util_percent": 21.0, "process_mem_util_percent": 1.0}
{"timestamp_unix": 1772435430.4607875, "pid": 65396, "device_index": 0, "gpu_uuid": "GPU-6f954bfd-7081-31b7-f15c-f9a174bf4d7f", "gpu_util_percent": 22.0, "gpu_mem_util_percent": 2.0, "gpu_mem_used_mib": 6838.0, "gpu_mem_total_mib": 49140.0, "gpu_power_w": 88.89, "process_present": true, "process_mem_mib": 6340.0, "process_mem_share_percent": 12.901912901912901, "process_util_available": true, "process_util_backend": "nvml", "process_sm_util_percent": 22.0, "process_mem_util_percent": 2.0}
{"timestamp_unix": 1772435430.770573, "pid": 65396, "device_index": 0, "gpu_uuid": "GPU-6f954bfd-7081-31b7-f15c-f9a174bf4d7f", "gpu_util_percent": 22.0, "gpu_mem_util_percent": 2.0, "gpu_mem_used_mib": 6838.0, "gpu_mem_total_mib": 49140.0, "gpu_power_w": 88.9, "process_present": true, "process_mem_mib": 6340.0, "process_mem_share_percent": 12.901912901912901, "process_util_available": true, "process_util_backend": "nvml", "process_sm_util_percent": 22.0, "process_mem_util_percent": 1.0}
{"timestamp_unix": 1772435431.0736191, "pid": 65396, "device_index": 0, "gpu_uuid": "GPU-6f954bfd-7081-31b7-f15c-f9a174bf4d7f", "gpu_util_percent": 22.0, "gpu_mem_util_percent": 2.0, "gpu_mem_used_mib": 6838.0, "gpu_mem_total_mib": 49140.0, "gpu_power_w": 88.9, "process_present": true, "process_mem_mib": 6340.0, "process_mem_share_percent": 12.901912901912901, "process_util_available": true, "process_util_backend": "nvml", "process_sm_util_percent": 22.0, "process_mem_util_percent": 1.0}
{"timestamp_unix": 1772435431.3703198, "pid": 65396, "device_index": 0, "gpu_uuid": "GPU-6f954bfd-7081-31b7-f15c-f9a174bf4d7f", "gpu_util_percent": 22.0, "gpu_mem_util_percent": 2.0, "gpu_mem_used_mib": 6838.0, "gpu_mem_total_mib": 49140.0, "gpu_power_w": 90.36, "process_present": true, "process_mem_mib": 6340.0, "process_mem_share_percent": 12.901912901912901, "process_util_available": true, "process_util_backend": "nvml", "process_sm_util_percent": 23.0, "process_mem_util_percent": 2.0}
{"timestamp_unix": 1772435431.660184, "pid": 65396, "device_index": 0, "gpu_uuid": "GPU-6f954bfd-7081-31b7-f15c-f9a174bf4d7f", "gpu_util_percent": 22.0, "gpu_mem_util_percent": 2.0, "gpu_mem_used_mib": 6838.0, "gpu_mem_total_mib": 49140.0, "gpu_power_w": 90.3, "process_present": true, "process_mem_mib": 6340.0, "process_mem_share_percent": 12.901912901912901, "process_util_available": true, "process_util_backend": "nvml", "process_sm_util_percent": 22.0, "process_mem_util_percent": 2.0}
{"timestamp_unix": 1772435431.9487455, "pid": 65396, "device_index": 0, "gpu_uuid": "GPU-6f954bfd-7081-31b7-f15c-f9a174bf4d7f", "gpu_util_percent": 22.0, "gpu_mem_util_percent": 2.0, "gpu_mem_used_mib": 6838.0, "gpu_mem_total_mib": 49140.0, "gpu_power_w": 90.3, "process_present": true, "process_mem_mib": 6340.0, "process_mem_share_percent": 12.901912901912901, "process_util_available": true, "process_util_backend": "nvml", "process_sm_util_percent": 22.0, "process_mem_util_percent": 2.0}
{"timestamp_unix": 1772435432.2357466, "pid": 65396, "device_index": 0, "gpu_uuid": "GPU-6f954bfd-7081-31b7-f15c-f9a174bf4d7f", "gpu_util_percent": 22.0, "gpu_mem_util_percent": 2.0, "gpu_mem_used_mib": 6838.0, "gpu_mem_total_mib": 49140.0, "gpu_power_w": 90.26, "process_present": true, "process_mem_mib": 6340.0, "process_mem_share_percent": 12.901912901912901, "process_util_available": true, "process_util_backend": "nvml", "process_sm_util_percent": 23.0, "process_mem_util_percent": 2.0}
{"timestamp_unix": 1772435432.526677, "pid": 65396, "device_index": 0, "gpu_uuid": "GPU-6f954bfd-7081-31b7-f15c-f9a174bf4d7f", "gpu_util_percent": 22.0, "gpu_mem_util_percent": 2.0, "gpu_mem_used_mib": 6838.0, "gpu_mem_total_mib": 49140.0, "gpu_power_w": 90.26, "process_present": true, "process_mem_mib": 6340.0, "process_mem_share_percent": 12.901912901912901, "process_util_available": true, "process_util_backend": "nvml", "process_sm_util_percent": 22.0, "process_mem_util_percent": 2.0}
{"timestamp_unix": 1772435432.816945, "pid": 65396, "device_index": 0, "gpu_uuid": "GPU-6f954bfd-7081-31b7-f15c-f9a174bf4d7f", "gpu_util_percent": 22.0, "gpu_mem_util_percent": 2.0, "gpu_mem_used_mib": 6838.0, "gpu_mem_total_mib": 49140.0, "gpu_power_w": 90.31, "process_present": true, "process_mem_mib": 6340.0, "process_mem_share_percent": 12.901912901912901, "process_util_available": true, "process_util_backend": "nvml", "process_sm_util_percent": 22.0, "process_mem_util_percent": 2.0}
{"timestamp_unix": 1772435433.1236875, "pid": 65396, "device_index": 0, "gpu_uuid": "GPU-6f954bfd-7081-31b7-f15c-f9a174bf4d7f", "gpu_util_percent": 22.0, "gpu_mem_util_percent": 2.0, "gpu_mem_used_mib": 6838.0, "gpu_mem_total_mib": 49140.0, "gpu_power_w": 90.33, "process_present": true, "process_mem_mib": 6340.0, "process_mem_share_percent": 12.901912901912901, "process_util_available": true, "process_util_backend": "nvml", "process_sm_util_percent": 22.0, "process_mem_util_percent": 2.0}
{"timestamp_unix": 1772435433.425129, "pid": 65396, "device_index": 0, "gpu_uuid": "GPU-6f954bfd-7081-31b7-f15c-f9a174bf4d7f", "gpu_util_percent": 22.0, "gpu_mem_util_percent": 2.0, "gpu_mem_used_mib": 6838.0, "gpu_mem_total_mib": 49140.0, "gpu_power_w": 90.33, "process_present": true, "process_mem_mib": 6340.0, "process_mem_share_percent": 12.901912901912901, "process_util_available": true, "process_util_backend": "nvml", "process_sm_util_percent": 20.0, "process_mem_util_percent": 2.0}
{"timestamp_unix": 1772435433.7261288, "pid": 65396, "device_index": 0, "gpu_uuid": "GPU-6f954bfd-7081-31b7-f15c-f9a174bf4d7f", "gpu_util_percent": 18.0, "gpu_mem_util_percent": 2.0, "gpu_mem_used_mib": 6838.0, "gpu_mem_total_mib": 49140.0, "gpu_power_w": 90.21, "process_present": true, "process_mem_mib": 6340.0, "process_mem_share_percent": 12.901912901912901, "process_util_available": true, "process_util_backend": "nvml", "process_sm_util_percent": 20.0, "process_mem_util_percent": 1.0}
{"timestamp_unix": 1772435434.0159326, "pid": 65396, "device_index": 0, "gpu_uuid": "GPU-6f954bfd-7081-31b7-f15c-f9a174bf4d7f", "gpu_util_percent": 18.0, "gpu_mem_util_percent": 2.0, "gpu_mem_used_mib": 6836.0, "gpu_mem_total_mib": 49140.0, "gpu_power_w": 90.21, "process_present": true, "process_mem_mib": 6340.0, "process_mem_share_percent": 12.901912901912901, "process_util_available": true, "process_util_backend": "nvml", "process_sm_util_percent": 20.0, "process_mem_util_percent": 2.0}
{"timestamp_unix": 1772435434.305165, "pid": 65396, "device_index": 0, "gpu_uuid": "GPU-6f954bfd-7081-31b7-f15c-f9a174bf4d7f", "gpu_util_percent": 18.0, "gpu_mem_util_percent": 2.0, "gpu_mem_used_mib": 6836.0, "gpu_mem_total_mib": 49140.0, "gpu_power_w": 90.31, "process_present": true, "process_mem_mib": 6340.0, "process_mem_share_percent": 12.901912901912901, "process_util_available": true, "process_util_backend": "nvml", "process_sm_util_percent": 19.0, "process_mem_util_percent": 2.0}
{"timestamp_unix": 1772435434.5969508, "pid": 65396, "device_index": 0, "gpu_uuid": "GPU-6f954bfd-7081-31b7-f15c-f9a174bf4d7f", "gpu_util_percent": 18.0, "gpu_mem_util_percent": 2.0, "gpu_mem_used_mib": 6836.0, "gpu_mem_total_mib": 49140.0, "gpu_power_w": 90.31, "process_present": true, "process_mem_mib": 6340.0, "process_mem_share_percent": 12.901912901912901, "process_util_available": true, "process_util_backend": "nvml", "process_sm_util_percent": 18.0, "process_mem_util_percent": 2.0}
{"timestamp_unix": 1772435434.8859549, "pid": 65396, "device_index": 0, "gpu_uuid": "GPU-6f954bfd-7081-31b7-f15c-f9a174bf4d7f", "gpu_util_percent": 18.0, "gpu_mem_util_percent": 2.0, "gpu_mem_used_mib": 6836.0, "gpu_mem_total_mib": 49140.0, "gpu_power_w": 90.5, "process_present": true, "process_mem_mib": 6340.0, "process_mem_share_percent": 12.901912901912901, "process_util_available": true, "process_util_backend": "nvml", "process_sm_util_percent": 18.0, "process_mem_util_percent": 2.0}
{"timestamp_unix": 1772435435.177227, "pid": 65396, "device_index": 0, "gpu_uuid": "GPU-6f954bfd-7081-31b7-f15c-f9a174bf4d7f", "gpu_util_percent": 18.0, "gpu_mem_util_percent": 2.0, "gpu_mem_used_mib": 6836.0, "gpu_mem_total_mib": 49140.0, "gpu_power_w": 90.57, "process_present": true, "process_mem_mib": 6340.0, "process_mem_share_percent": 12.901912901912901, "process_util_available": true, "process_util_backend": "nvml", "process_sm_util_percent": 19.0, "process_mem_util_percent": 2.0}
{"timestamp_unix": 1772435435.4657042, "pid": 65396, "device_index": 0, "gpu_uuid": "GPU-6f954bfd-7081-31b7-f15c-f9a174bf4d7f", "gpu_util_percent": 18.0, "gpu_mem_util_percent": 2.0, "gpu_mem_used_mib": 6836.0, "gpu_mem_total_mib": 49140.0, "gpu_power_w": 90.57, "process_present": true, "process_mem_mib": 6340.0, "process_mem_share_percent": 12.901912901912901, "process_util_available": true, "process_util_backend": "nvml", "process_sm_util_percent": 20.0, "process_mem_util_percent": 2.0}
{"timestamp_unix": 1772435435.770587, "pid": 65396, "device_index": 0, "gpu_uuid": "GPU-6f954bfd-7081-31b7-f15c-f9a174bf4d7f", "gpu_util_percent": 19.0, "gpu_mem_util_percent": 2.0, "gpu_mem_used_mib": 6862.0, "gpu_mem_total_mib": 49140.0, "gpu_power_w": 90.49, "process_present": true, "process_mem_mib": 6398.0, "process_mem_share_percent": 13.01994301994302, "process_util_available": true, "process_util_backend": "nvml", "process_sm_util_percent": 10.0, "process_mem_util_percent": 1.0}
{"timestamp_unix": 1772435436.0771744, "pid": 65396, "device_index": 0, "gpu_uuid": "GPU-6f954bfd-7081-31b7-f15c-f9a174bf4d7f", "gpu_util_percent": 19.0, "gpu_mem_util_percent": 2.0, "gpu_mem_used_mib": 6896.0, "gpu_mem_total_mib": 49140.0, "gpu_power_w": 90.49, "process_present": true, "process_mem_mib": 6400.0, "process_mem_share_percent": 13.024013024013023, "process_util_available": true, "process_util_backend": "nvml", "process_sm_util_percent": null, "process_mem_util_percent": null}
{"timestamp_unix": 1772435436.3899326, "pid": 65396, "device_index": 0, "gpu_uuid": "GPU-6f954bfd-7081-31b7-f15c-f9a174bf4d7f", "gpu_util_percent": 19.0, "gpu_mem_util_percent": 2.0, "gpu_mem_used_mib": 6896.0, "gpu_mem_total_mib": 49140.0, "gpu_power_w": 88.74, "process_present": true, "process_mem_mib": 6400.0, "process_mem_share_percent": 13.024013024013023, "process_util_available": true, "process_util_backend": "nvml", "process_sm_util_percent": null, "process_mem_util_percent": null}
{"timestamp_unix": 1772435436.6817713, "pid": 65396, "device_index": 0, "gpu_uuid": "GPU-6f954bfd-7081-31b7-f15c-f9a174bf4d7f", "gpu_util_percent": 22.0, "gpu_mem_util_percent": 2.0, "gpu_mem_used_mib": 6936.0, "gpu_mem_total_mib": 49140.0, "gpu_power_w": 86.2, "process_present": true, "process_mem_mib": 6440.0, "process_mem_share_percent": 13.105413105413104, "process_util_available": true, "process_util_backend": "nvml", "process_sm_util_percent": 18.0, "process_mem_util_percent": 1.0}
{"timestamp_unix": 1772435436.9683242, "pid": 65396, "device_index": 0, "gpu_uuid": "GPU-6f954bfd-7081-31b7-f15c-f9a174bf4d7f", "gpu_util_percent": 22.0, "gpu_mem_util_percent": 2.0, "gpu_mem_used_mib": 6936.0, "gpu_mem_total_mib": 49140.0, "gpu_power_w": 86.2, "process_present": true, "process_mem_mib": 6440.0, "process_mem_share_percent": 13.105413105413104, "process_util_available": true, "process_util_backend": "nvml", "process_sm_util_percent": 23.0, "process_mem_util_percent": 2.0}
{"timestamp_unix": 1772435437.2606664, "pid": 65396, "device_index": 0, "gpu_uuid": "GPU-6f954bfd-7081-31b7-f15c-f9a174bf4d7f", "gpu_util_percent": 22.0, "gpu_mem_util_percent": 2.0, "gpu_mem_used_mib": 6936.0, "gpu_mem_total_mib": 49140.0, "gpu_power_w": 87.36, "process_present": true, "process_mem_mib": 6440.0, "process_mem_share_percent": 13.105413105413104, "process_util_available": true, "process_util_backend": "nvml", "process_sm_util_percent": 23.0, "process_mem_util_percent": 2.0}
{"timestamp_unix": 1772435437.5495565, "pid": 65396, "device_index": 0, "gpu_uuid": "GPU-6f954bfd-7081-31b7-f15c-f9a174bf4d7f", "gpu_util_percent": 22.0, "gpu_mem_util_percent": 2.0, "gpu_mem_used_mib": 6936.0, "gpu_mem_total_mib": 49140.0, "gpu_power_w": 87.36, "process_present": true, "process_mem_mib": 6440.0, "process_mem_share_percent": 13.105413105413104, "process_util_available": true, "process_util_backend": "nvml", "process_sm_util_percent": 23.0, "process_mem_util_percent": 2.0}
{"timestamp_unix": 1772435437.8377147, "pid": 65396, "device_index": 0, "gpu_uuid": "GPU-6f954bfd-7081-31b7-f15c-f9a174bf4d7f", "gpu_util_percent": 24.0, "gpu_mem_util_percent": 2.0, "gpu_mem_used_mib": 6936.0, "gpu_mem_total_mib": 49140.0, "gpu_power_w": 90.73, "process_present": true, "process_mem_mib": 6440.0, "process_mem_share_percent": 13.105413105413104, "process_util_available": true, "process_util_backend": "nvml", "process_sm_util_percent": 23.0, "process_mem_util_percent": 2.0}
{"timestamp_unix": 1772435438.127415, "pid": 65396, "device_index": 0, "gpu_uuid": "GPU-6f954bfd-7081-31b7-f15c-f9a174bf4d7f", "gpu_util_percent": 24.0, "gpu_mem_util_percent": 2.0, "gpu_mem_used_mib": 6929.0, "gpu_mem_total_mib": 49140.0, "gpu_power_w": 90.85, "process_present": true, "process_mem_mib": 6440.0, "process_mem_share_percent": 13.105413105413104, "process_util_available": true, "process_util_backend": "nvml", "process_sm_util_percent": 23.0, "process_mem_util_percent": 2.0}
{"timestamp_unix": 1772435438.4261203, "pid": 65396, "device_index": 0, "gpu_uuid": "GPU-6f954bfd-7081-31b7-f15c-f9a174bf4d7f", "gpu_util_percent": 24.0, "gpu_mem_util_percent": 2.0, "gpu_mem_used_mib": 6929.0, "gpu_mem_total_mib": 49140.0, "gpu_power_w": 90.85, "process_present": true, "process_mem_mib": 6440.0, "process_mem_share_percent": 13.105413105413104, "process_util_available": true, "process_util_backend": "nvml", "process_sm_util_percent": 23.0, "process_mem_util_percent": 2.0}
{"timestamp_unix": 1772435438.7280595, "pid": 65396, "device_index": 0, "gpu_uuid": "GPU-6f954bfd-7081-31b7-f15c-f9a174bf4d7f", "gpu_util_percent": 24.0, "gpu_mem_util_percent": 2.0, "gpu_mem_used_mib": 6929.0, "gpu_mem_total_mib": 49140.0, "gpu_power_w": 90.82, "process_present": true, "process_mem_mib": 6440.0, "process_mem_share_percent": 13.105413105413104, "process_util_available": true, "process_util_backend": "nvml", "process_sm_util_percent": 23.0, "process_mem_util_percent": 2.0}
{"timestamp_unix": 1772435439.025836, "pid": 65396, "device_index": 0, "gpu_uuid": "GPU-6f954bfd-7081-31b7-f15c-f9a174bf4d7f", "gpu_util_percent": 24.0, "gpu_mem_util_percent": 2.0, "gpu_mem_used_mib": 6929.0, "gpu_mem_total_mib": 49140.0, "gpu_power_w": 90.82, "process_present": true, "process_mem_mib": 6440.0, "process_mem_share_percent": 13.105413105413104, "process_util_available": true, "process_util_backend": "nvml", "process_sm_util_percent": 23.0, "process_mem_util_percent": 2.0}
{"timestamp_unix": 1772435439.3415194, "pid": 65396, "device_index": 0, "gpu_uuid": "GPU-6f954bfd-7081-31b7-f15c-f9a174bf4d7f", "gpu_util_percent": 24.0, "gpu_mem_util_percent": 2.0, "gpu_mem_used_mib": 6929.0, "gpu_mem_total_mib": 49140.0, "gpu_power_w": 90.75, "process_present": true, "process_mem_mib": 6440.0, "process_mem_share_percent": 13.105413105413104, "process_util_available": true, "process_util_backend": "nvml", "process_sm_util_percent": 23.0, "process_mem_util_percent": 2.0}
{"timestamp_unix": 1772435439.629411, "pid": 65396, "device_index": 0, "gpu_uuid": "GPU-6f954bfd-7081-31b7-f15c-f9a174bf4d7f", "gpu_util_percent": 24.0, "gpu_mem_util_percent": 2.0, "gpu_mem_used_mib": 6929.0, "gpu_mem_total_mib": 49140.0, "gpu_power_w": 90.73, "process_present": true, "process_mem_mib": 6440.0, "process_mem_share_percent": 13.105413105413104, "process_util_available": true, "process_util_backend": "nvml", "process_sm_util_percent": 23.0, "process_mem_util_percent": 2.0}
{"timestamp_unix": 1772435439.9178336, "pid": 65396, "device_index": 0, "gpu_uuid": "GPU-6f954bfd-7081-31b7-f15c-f9a174bf4d7f", "gpu_util_percent": 24.0, "gpu_mem_util_percent": 2.0, "gpu_mem_used_mib": 6929.0, "gpu_mem_total_mib": 49140.0, "gpu_power_w": 90.73, "process_present": true, "process_mem_mib": 6440.0, "process_mem_share_percent": 13.105413105413104, "process_util_available": true, "process_util_backend": "nvml", "process_sm_util_percent": 24.0, "process_mem_util_percent": 2.0}
{"timestamp_unix": 1772435440.207549, "pid": 65396, "device_index": 0, "gpu_uuid": "GPU-6f954bfd-7081-31b7-f15c-f9a174bf4d7f", "gpu_util_percent": 24.0, "gpu_mem_util_percent": 2.0, "gpu_mem_used_mib": 6929.0, "gpu_mem_total_mib": 49140.0, "gpu_power_w": 90.71, "process_present": true, "process_mem_mib": 6440.0, "process_mem_share_percent": 13.105413105413104, "process_util_available": true, "process_util_backend": "nvml", "process_sm_util_percent": 23.0, "process_mem_util_percent": 2.0}
{"timestamp_unix": 1772435440.4966302, "pid": 65396, "device_index": 0, "gpu_uuid": "GPU-6f954bfd-7081-31b7-f15c-f9a174bf4d7f", "gpu_util_percent": 24.0, "gpu_mem_util_percent": 2.0, "gpu_mem_used_mib": 6929.0, "gpu_mem_total_mib": 49140.0, "gpu_power_w": 90.71, "process_present": true, "process_mem_mib": 6440.0, "process_mem_share_percent": 13.105413105413104, "process_util_available": true, "process_util_backend": "nvml", "process_sm_util_percent": 23.0, "process_mem_util_percent": 2.0}
{"timestamp_unix": 1772435440.785347, "pid": 65396, "device_index": 0, "gpu_uuid": "GPU-6f954bfd-7081-31b7-f15c-f9a174bf4d7f", "gpu_util_percent": 24.0, "gpu_mem_util_percent": 2.0, "gpu_mem_used_mib": 6929.0, "gpu_mem_total_mib": 49140.0, "gpu_power_w": 90.62, "process_present": true, "process_mem_mib": 6440.0, "process_mem_share_percent": 13.105413105413104, "process_util_available": true, "process_util_backend": "nvml", "process_sm_util_percent": 23.0, "process_mem_util_percent": 2.0}
{"timestamp_unix": 1772435441.0769227, "pid": 65396, "device_index": 0, "gpu_uuid": "GPU-6f954bfd-7081-31b7-f15c-f9a174bf4d7f", "gpu_util_percent": 24.0, "gpu_mem_util_percent": 2.0, "gpu_mem_used_mib": 6929.0, "gpu_mem_total_mib": 49140.0, "gpu_power_w": 90.62, "process_present": true, "process_mem_mib": 6440.0, "process_mem_share_percent": 13.105413105413104, "process_util_available": true, "process_util_backend": "nvml", "process_sm_util_percent": 23.0, "process_mem_util_percent": 2.0}
{"timestamp_unix": 1772435441.3921459, "pid": 65396, "device_index": 0, "gpu_uuid": "GPU-6f954bfd-7081-31b7-f15c-f9a174bf4d7f", "gpu_util_percent": 24.0, "gpu_mem_util_percent": 2.0, "gpu_mem_used_mib": 6929.0, "gpu_mem_total_mib": 49140.0, "gpu_power_w": 90.55, "process_present": true, "process_mem_mib": 6440.0, "process_mem_share_percent": 13.105413105413104, "process_util_available": true, "process_util_backend": "nvml", "process_sm_util_percent": 23.0, "process_mem_util_percent": 2.0}
{"timestamp_unix": 1772435441.6938193, "pid": 65396, "device_index": 0, "gpu_uuid": "GPU-6f954bfd-7081-31b7-f15c-f9a174bf4d7f", "gpu_util_percent": 24.0, "gpu_mem_util_percent": 2.0, "gpu_mem_used_mib": 6929.0, "gpu_mem_total_mib": 49140.0, "gpu_power_w": 90.67, "process_present": true, "process_mem_mib": 6440.0, "process_mem_share_percent": 13.105413105413104, "process_util_available": true, "process_util_backend": "nvml", "process_sm_util_percent": 23.0, "process_mem_util_percent": 2.0}
{"timestamp_unix": 1772435441.996413, "pid": 65396, "device_index": 0, "gpu_uuid": "GPU-6f954bfd-7081-31b7-f15c-f9a174bf4d7f", "gpu_util_percent": 24.0, "gpu_mem_util_percent": 2.0, "gpu_mem_used_mib": 6929.0, "gpu_mem_total_mib": 49140.0, "gpu_power_w": 90.67, "process_present": true, "process_mem_mib": 6440.0, "process_mem_share_percent": 13.105413105413104, "process_util_available": true, "process_util_backend": "nvml", "process_sm_util_percent": 23.0, "process_mem_util_percent": 2.0}
{"timestamp_unix": 1772435442.285198, "pid": 65396, "device_index": 0, "gpu_uuid": "GPU-6f954bfd-7081-31b7-f15c-f9a174bf4d7f", "gpu_util_percent": 24.0, "gpu_mem_util_percent": 2.0, "gpu_mem_used_mib": 6929.0, "gpu_mem_total_mib": 49140.0, "gpu_power_w": 90.74, "process_present": true, "process_mem_mib": 6440.0, "process_mem_share_percent": 13.105413105413104, "process_util_available": true, "process_util_backend": "nvml", "process_sm_util_percent": 23.0, "process_mem_util_percent": 2.0}
{"timestamp_unix": 1772435442.5751283, "pid": 65396, "device_index": 0, "gpu_uuid": "GPU-6f954bfd-7081-31b7-f15c-f9a174bf4d7f", "gpu_util_percent": 24.0, "gpu_mem_util_percent": 2.0, "gpu_mem_used_mib": 6929.0, "gpu_mem_total_mib": 49140.0, "gpu_power_w": 90.74, "process_present": true, "process_mem_mib": 6440.0, "process_mem_share_percent": 13.105413105413104, "process_util_available": true, "process_util_backend": "nvml", "process_sm_util_percent": 23.0, "process_mem_util_percent": 2.0}
{"timestamp_unix": 1772435442.8696358, "pid": 65396, "device_index": 0, "gpu_uuid": "GPU-6f954bfd-7081-31b7-f15c-f9a174bf4d7f", "gpu_util_percent": 25.0, "gpu_mem_util_percent": 2.0, "gpu_mem_used_mib": 6929.0, "gpu_mem_total_mib": 49140.0, "gpu_power_w": 90.68, "process_present": true, "process_mem_mib": 6440.0, "process_mem_share_percent": 13.105413105413104, "process_util_available": true, "process_util_backend": "nvml", "process_sm_util_percent": null, "process_mem_util_percent": null}
{"timestamp_unix": 1772435443.159665, "pid": 65396, "device_index": 0, "gpu_uuid": "GPU-6f954bfd-7081-31b7-f15c-f9a174bf4d7f", "gpu_util_percent": 25.0, "gpu_mem_util_percent": 2.0, "gpu_mem_used_mib": 6929.0, "gpu_mem_total_mib": 49140.0, "gpu_power_w": 90.62, "process_present": true, "process_mem_mib": 6440.0, "process_mem_share_percent": 13.105413105413104, "process_util_available": true, "process_util_backend": "nvml", "process_sm_util_percent": 23.0, "process_mem_util_percent": 2.0}
{"timestamp_unix": 1772435443.4461179, "pid": 65396, "device_index": 0, "gpu_uuid": "GPU-6f954bfd-7081-31b7-f15c-f9a174bf4d7f", "gpu_util_percent": 25.0, "gpu_mem_util_percent": 2.0, "gpu_mem_used_mib": 6929.0, "gpu_mem_total_mib": 49140.0, "gpu_power_w": 90.62, "process_present": true, "process_mem_mib": 6440.0, "process_mem_share_percent": 13.105413105413104, "process_util_available": true, "process_util_backend": "nvml", "process_sm_util_percent": 21.0, "process_mem_util_percent": 1.0}
{"timestamp_unix": 1772435443.7356513, "pid": 65396, "device_index": 0, "gpu_uuid": "GPU-6f954bfd-7081-31b7-f15c-f9a174bf4d7f", "gpu_util_percent": 24.0, "gpu_mem_util_percent": 2.0, "gpu_mem_used_mib": 6929.0, "gpu_mem_total_mib": 49140.0, "gpu_power_w": 90.32, "process_present": true, "process_mem_mib": 6440.0, "process_mem_share_percent": 13.105413105413104, "process_util_available": true, "process_util_backend": "nvml", "process_sm_util_percent": 23.0, "process_mem_util_percent": 2.0}
{"timestamp_unix": 1772435444.0407543, "pid": 65396, "device_index": 0, "gpu_uuid": "GPU-6f954bfd-7081-31b7-f15c-f9a174bf4d7f", "gpu_util_percent": 24.0, "gpu_mem_util_percent": 2.0, "gpu_mem_used_mib": 6929.0, "gpu_mem_total_mib": 49140.0, "gpu_power_w": 90.32, "process_present": true, "process_mem_mib": 6440.0, "process_mem_share_percent": 13.105413105413104, "process_util_available": true, "process_util_backend": "nvml", "process_sm_util_percent": 23.0, "process_mem_util_percent": 2.0}
{"timestamp_unix": 1772435444.3424487, "pid": 65396, "device_index": 0, "gpu_uuid": "GPU-6f954bfd-7081-31b7-f15c-f9a174bf4d7f", "gpu_util_percent": 24.0, "gpu_mem_util_percent": 2.0, "gpu_mem_used_mib": 6929.0, "gpu_mem_total_mib": 49140.0, "gpu_power_w": 90.28, "process_present": true, "process_mem_mib": 6440.0, "process_mem_share_percent": 13.105413105413104, "process_util_available": true, "process_util_backend": "nvml", "process_sm_util_percent": 23.0, "process_mem_util_percent": 2.0}
{"timestamp_unix": 1772435444.632021, "pid": 65396, "device_index": 0, "gpu_uuid": "GPU-6f954bfd-7081-31b7-f15c-f9a174bf4d7f", "gpu_util_percent": 24.0, "gpu_mem_util_percent": 2.0, "gpu_mem_used_mib": 6929.0, "gpu_mem_total_mib": 49140.0, "gpu_power_w": 90.63, "process_present": true, "process_mem_mib": 6440.0, "process_mem_share_percent": 13.105413105413104, "process_util_available": true, "process_util_backend": "nvml", "process_sm_util_percent": 23.0, "process_mem_util_percent": 2.0}
{"timestamp_unix": 1772435444.9206045, "pid": 65396, "device_index": 0, "gpu_uuid": "GPU-6f954bfd-7081-31b7-f15c-f9a174bf4d7f", "gpu_util_percent": 24.0, "gpu_mem_util_percent": 2.0, "gpu_mem_used_mib": 6925.0, "gpu_mem_total_mib": 49140.0, "gpu_power_w": 90.63, "process_present": true, "process_mem_mib": 6440.0, "process_mem_share_percent": 13.105413105413104, "process_util_available": true, "process_util_backend": "nvml", "process_sm_util_percent": 24.0, "process_mem_util_percent": 2.0}
{"timestamp_unix": 1772435445.2099187, "pid": 65396, "device_index": 0, "gpu_uuid": "GPU-6f954bfd-7081-31b7-f15c-f9a174bf4d7f", "gpu_util_percent": 24.0, "gpu_mem_util_percent": 2.0, "gpu_mem_used_mib": 6925.0, "gpu_mem_total_mib": 49140.0, "gpu_power_w": 90.78, "process_present": true, "process_mem_mib": 6440.0, "process_mem_share_percent": 13.105413105413104, "process_util_available": true, "process_util_backend": "nvml", "process_sm_util_percent": 23.0, "process_mem_util_percent": 2.0}
{"timestamp_unix": 1772435445.4968116, "pid": 65396, "device_index": 0, "gpu_uuid": "GPU-6f954bfd-7081-31b7-f15c-f9a174bf4d7f", "gpu_util_percent": 24.0, "gpu_mem_util_percent": 2.0, "gpu_mem_used_mib": 6925.0, "gpu_mem_total_mib": 49140.0, "gpu_power_w": 90.78, "process_present": true, "process_mem_mib": 6440.0, "process_mem_share_percent": 13.105413105413104, "process_util_available": true, "process_util_backend": "nvml", "process_sm_util_percent": 23.0, "process_mem_util_percent": 2.0}
{"timestamp_unix": 1772435445.7848055, "pid": 65396, "device_index": 0, "gpu_uuid": "GPU-6f954bfd-7081-31b7-f15c-f9a174bf4d7f", "gpu_util_percent": 25.0, "gpu_mem_util_percent": 2.0, "gpu_mem_used_mib": 6925.0, "gpu_mem_total_mib": 49140.0, "gpu_power_w": 90.84, "process_present": true, "process_mem_mib": 6440.0, "process_mem_share_percent": 13.105413105413104, "process_util_available": true, "process_util_backend": "nvml", "process_sm_util_percent": 23.0, "process_mem_util_percent": 2.0}
{"timestamp_unix": 1772435446.074897, "pid": 65396, "device_index": 0, "gpu_uuid": "GPU-6f954bfd-7081-31b7-f15c-f9a174bf4d7f", "gpu_util_percent": 25.0, "gpu_mem_util_percent": 2.0, "gpu_mem_used_mib": 6925.0, "gpu_mem_total_mib": 49140.0, "gpu_power_w": 90.84, "process_present": true, "process_mem_mib": 6440.0, "process_mem_share_percent": 13.105413105413104, "process_util_available": true, "process_util_backend": "nvml", "process_sm_util_percent": 23.0, "process_mem_util_percent": 2.0}
{"timestamp_unix": 1772435446.3756711, "pid": 65396, "device_index": 0, "gpu_uuid": "GPU-6f954bfd-7081-31b7-f15c-f9a174bf4d7f", "gpu_util_percent": 25.0, "gpu_mem_util_percent": 2.0, "gpu_mem_used_mib": 6925.0, "gpu_mem_total_mib": 49140.0, "gpu_power_w": 90.83, "process_present": true, "process_mem_mib": 6440.0, "process_mem_share_percent": 13.105413105413104, "process_util_available": true, "process_util_backend": "nvml", "process_sm_util_percent": 23.0, "process_mem_util_percent": 2.0}
{"timestamp_unix": 1772435446.6772945, "pid": 65396, "device_index": 0, "gpu_uuid": "GPU-6f954bfd-7081-31b7-f15c-f9a174bf4d7f", "gpu_util_percent": 24.0, "gpu_mem_util_percent": 2.0, "gpu_mem_used_mib": 6925.0, "gpu_mem_total_mib": 49140.0, "gpu_power_w": 90.65, "process_present": true, "process_mem_mib": 6440.0, "process_mem_share_percent": 13.105413105413104, "process_util_available": true, "process_util_backend": "nvml", "process_sm_util_percent": 23.0, "process_mem_util_percent": 1.0}
{"timestamp_unix": 1772435446.9762895, "pid": 65396, "device_index": 0, "gpu_uuid": "GPU-6f954bfd-7081-31b7-f15c-f9a174bf4d7f", "gpu_util_percent": 24.0, "gpu_mem_util_percent": 2.0, "gpu_mem_used_mib": 6925.0, "gpu_mem_total_mib": 49140.0, "gpu_power_w": 90.65, "process_present": true, "process_mem_mib": 6440.0, "process_mem_share_percent": 13.105413105413104, "process_util_available": true, "process_util_backend": "nvml", "process_sm_util_percent": 23.0, "process_mem_util_percent": 2.0}
{"timestamp_unix": 1772435447.2631445, "pid": 65396, "device_index": 0, "gpu_uuid": "GPU-6f954bfd-7081-31b7-f15c-f9a174bf4d7f", "gpu_util_percent": 24.0, "gpu_mem_util_percent": 2.0, "gpu_mem_used_mib": 6925.0, "gpu_mem_total_mib": 49140.0, "gpu_power_w": 90.6, "process_present": true, "process_mem_mib": 6440.0, "process_mem_share_percent": 13.105413105413104, "process_util_available": true, "process_util_backend": "nvml", "process_sm_util_percent": 23.0, "process_mem_util_percent": 2.0}
{"timestamp_unix": 1772435447.5513282, "pid": 65396, "device_index": 0, "gpu_uuid": "GPU-6f954bfd-7081-31b7-f15c-f9a174bf4d7f", "gpu_util_percent": 24.0, "gpu_mem_util_percent": 2.0, "gpu_mem_used_mib": 6925.0, "gpu_mem_total_mib": 49140.0, "gpu_power_w": 90.6, "process_present": true, "process_mem_mib": 6440.0, "process_mem_share_percent": 13.105413105413104, "process_util_available": true, "process_util_backend": "nvml", "process_sm_util_percent": 23.0, "process_mem_util_percent": 1.0}
{"timestamp_unix": 1772435447.8416655, "pid": 65396, "device_index": 0, "gpu_uuid": "GPU-6f954bfd-7081-31b7-f15c-f9a174bf4d7f", "gpu_util_percent": 24.0, "gpu_mem_util_percent": 2.0, "gpu_mem_used_mib": 6925.0, "gpu_mem_total_mib": 49140.0, "gpu_power_w": 90.74, "process_present": true, "process_mem_mib": 6440.0, "process_mem_share_percent": 13.105413105413104, "process_util_available": true, "process_util_backend": "nvml", "process_sm_util_percent": 23.0, "process_mem_util_percent": 2.0}
{"timestamp_unix": 1772435448.1279938, "pid": 65396, "device_index": 0, "gpu_uuid": "GPU-6f954bfd-7081-31b7-f15c-f9a174bf4d7f", "gpu_util_percent": 24.0, "gpu_mem_util_percent": 2.0, "gpu_mem_used_mib": 6925.0, "gpu_mem_total_mib": 49140.0, "gpu_power_w": 90.73, "process_present": true, "process_mem_mib": 6440.0, "process_mem_share_percent": 13.105413105413104, "process_util_available": true, "process_util_backend": "nvml", "process_sm_util_percent": 23.0, "process_mem_util_percent": 1.0}
{"timestamp_unix": 1772435448.4164288, "pid": 65396, "device_index": 0, "gpu_uuid": "GPU-6f954bfd-7081-31b7-f15c-f9a174bf4d7f", "gpu_util_percent": 24.0, "gpu_mem_util_percent": 2.0, "gpu_mem_used_mib": 6925.0, "gpu_mem_total_mib": 49140.0, "gpu_power_w": 90.73, "process_present": true, "process_mem_mib": 6440.0, "process_mem_share_percent": 13.105413105413104, "process_util_available": true, "process_util_backend": "nvml", "process_sm_util_percent": 23.0, "process_mem_util_percent": 1.0}
{"timestamp_unix": 1772435448.7089682, "pid": 65396, "device_index": 0, "gpu_uuid": "GPU-6f954bfd-7081-31b7-f15c-f9a174bf4d7f", "gpu_util_percent": 24.0, "gpu_mem_util_percent": 2.0, "gpu_mem_used_mib": 6925.0, "gpu_mem_total_mib": 49140.0, "gpu_power_w": 90.69, "process_present": true, "process_mem_mib": 6440.0, "process_mem_share_percent": 13.105413105413104, "process_util_available": true, "process_util_backend": "nvml", "process_sm_util_percent": 23.0, "process_mem_util_percent": 1.0}
{"timestamp_unix": 1772435448.9979208, "pid": 65396, "device_index": 0, "gpu_uuid": "GPU-6f954bfd-7081-31b7-f15c-f9a174bf4d7f", "gpu_util_percent": 24.0, "gpu_mem_util_percent": 2.0, "gpu_mem_used_mib": 6925.0, "gpu_mem_total_mib": 49140.0, "gpu_power_w": 90.69, "process_present": true, "process_mem_mib": 6440.0, "process_mem_share_percent": 13.105413105413104, "process_util_available": true, "process_util_backend": "nvml", "process_sm_util_percent": 23.0, "process_mem_util_percent": 1.0}
{"timestamp_unix": 1772435449.2945464, "pid": 65396, "device_index": 0, "gpu_uuid": "GPU-6f954bfd-7081-31b7-f15c-f9a174bf4d7f", "gpu_util_percent": 24.0, "gpu_mem_util_percent": 2.0, "gpu_mem_used_mib": 6925.0, "gpu_mem_total_mib": 49140.0, "gpu_power_w": 90.69, "process_present": true, "process_mem_mib": 6440.0, "process_mem_share_percent": 13.105413105413104, "process_util_available": true, "process_util_backend": "nvml", "process_sm_util_percent": 23.0, "process_mem_util_percent": 1.0}
{"timestamp_unix": 1772435449.5927565, "pid": 65396, "device_index": 0, "gpu_uuid": "GPU-6f954bfd-7081-31b7-f15c-f9a174bf4d7f", "gpu_util_percent": 24.0, "gpu_mem_util_percent": 2.0, "gpu_mem_used_mib": 6925.0, "gpu_mem_total_mib": 49140.0, "gpu_power_w": 90.69, "process_present": true, "process_mem_mib": 6440.0, "process_mem_share_percent": 13.105413105413104, "process_util_available": true, "process_util_backend": "nvml", "process_sm_util_percent": 12.0, "process_mem_util_percent": 0.0}
{"timestamp_unix": 1772435449.9019945, "pid": 65396, "device_index": 0, "gpu_uuid": "GPU-6f954bfd-7081-31b7-f15c-f9a174bf4d7f", "gpu_util_percent": 24.0, "gpu_mem_util_percent": 2.0, "gpu_mem_used_mib": 6925.0, "gpu_mem_total_mib": 49140.0, "gpu_power_w": 90.53, "process_present": true, "process_mem_mib": 6440.0, "process_mem_share_percent": 13.105413105413104, "process_util_available": true, "process_util_backend": "nvml", "process_sm_util_percent": 23.0, "process_mem_util_percent": 1.0}
{"timestamp_unix": 1772435450.193772, "pid": 65396, "device_index": 0, "gpu_uuid": "GPU-6f954bfd-7081-31b7-f15c-f9a174bf4d7f", "gpu_util_percent": 24.0, "gpu_mem_util_percent": 2.0, "gpu_mem_used_mib": 6929.0, "gpu_mem_total_mib": 49140.0, "gpu_power_w": 89.84, "process_present": true, "process_mem_mib": 6440.0, "process_mem_share_percent": 13.105413105413104, "process_util_available": true, "process_util_backend": "nvml", "process_sm_util_percent": 8.0, "process_mem_util_percent": 0.0}
{"timestamp_unix": 1772435450.4821424, "pid": 65396, "device_index": 0, "gpu_uuid": "GPU-6f954bfd-7081-31b7-f15c-f9a174bf4d7f", "gpu_util_percent": 24.0, "gpu_mem_util_percent": 2.0, "gpu_mem_used_mib": 6929.0, "gpu_mem_total_mib": 49140.0, "gpu_power_w": 89.84, "process_present": true, "process_mem_mib": 6440.0, "process_mem_share_percent": 13.105413105413104, "process_util_available": true, "process_util_backend": "nvml", "process_sm_util_percent": 20.0, "process_mem_util_percent": 1.0}
{"timestamp_unix": 1772435450.7701955, "pid": 65396, "device_index": 0, "gpu_uuid": "GPU-6f954bfd-7081-31b7-f15c-f9a174bf4d7f", "gpu_util_percent": 22.0, "gpu_mem_util_percent": 2.0, "gpu_mem_used_mib": 6929.0, "gpu_mem_total_mib": 49140.0, "gpu_power_w": 89.31, "process_present": true, "process_mem_mib": 6440.0, "process_mem_share_percent": 13.105413105413104, "process_util_available": true, "process_util_backend": "nvml", "process_sm_util_percent": 22.0, "process_mem_util_percent": 1.0}
{"timestamp_unix": 1772435451.0610554, "pid": 65396, "device_index": 0, "gpu_uuid": "GPU-6f954bfd-7081-31b7-f15c-f9a174bf4d7f", "gpu_util_percent": 22.0, "gpu_mem_util_percent": 2.0, "gpu_mem_used_mib": 6929.0, "gpu_mem_total_mib": 49140.0, "gpu_power_w": 89.31, "process_present": true, "process_mem_mib": 6440.0, "process_mem_share_percent": 13.105413105413104, "process_util_available": true, "process_util_backend": "nvml", "process_sm_util_percent": 22.0, "process_mem_util_percent": 1.0}
{"timestamp_unix": 1772435451.3491902, "pid": 65396, "device_index": 0, "gpu_uuid": "GPU-6f954bfd-7081-31b7-f15c-f9a174bf4d7f", "gpu_util_percent": 22.0, "gpu_mem_util_percent": 2.0, "gpu_mem_used_mib": 6929.0, "gpu_mem_total_mib": 49140.0, "gpu_power_w": 89.11, "process_present": true, "process_mem_mib": 6440.0, "process_mem_share_percent": 13.105413105413104, "process_util_available": true, "process_util_backend": "nvml", "process_sm_util_percent": 11.0, "process_mem_util_percent": 0.0}
{"timestamp_unix": 1772435451.6428216, "pid": 65396, "device_index": 0, "gpu_uuid": "GPU-6f954bfd-7081-31b7-f15c-f9a174bf4d7f", "gpu_util_percent": 23.0, "gpu_mem_util_percent": 2.0, "gpu_mem_used_mib": 6929.0, "gpu_mem_total_mib": 49140.0, "gpu_power_w": 90.17, "process_present": true, "process_mem_mib": 6440.0, "process_mem_share_percent": 13.105413105413104, "process_util_available": true, "process_util_backend": "nvml", "process_sm_util_percent": null, "process_mem_util_percent": null}
{"timestamp_unix": 1772435451.9437642, "pid": 65396, "device_index": 0, "gpu_uuid": "GPU-6f954bfd-7081-31b7-f15c-f9a174bf4d7f", "gpu_util_percent": 23.0, "gpu_mem_util_percent": 2.0, "gpu_mem_used_mib": 6929.0, "gpu_mem_total_mib": 49140.0, "gpu_power_w": 90.17, "process_present": true, "process_mem_mib": 6440.0, "process_mem_share_percent": 13.105413105413104, "process_util_available": true, "process_util_backend": "nvml", "process_sm_util_percent": 11.0, "process_mem_util_percent": 0.0}
{"timestamp_unix": 1772435452.2448869, "pid": 65396, "device_index": 0, "gpu_uuid": "GPU-6f954bfd-7081-31b7-f15c-f9a174bf4d7f", "gpu_util_percent": 23.0, "gpu_mem_util_percent": 2.0, "gpu_mem_used_mib": 6929.0, "gpu_mem_total_mib": 49140.0, "gpu_power_w": 90.21, "process_present": true, "process_mem_mib": 6440.0, "process_mem_share_percent": 13.105413105413104, "process_util_available": true, "process_util_backend": "nvml", "process_sm_util_percent": 21.0, "process_mem_util_percent": 1.0}
{"timestamp_unix": 1772435452.5336947, "pid": 65396, "device_index": 0, "gpu_uuid": "GPU-6f954bfd-7081-31b7-f15c-f9a174bf4d7f", "gpu_util_percent": 23.0, "gpu_mem_util_percent": 2.0, "gpu_mem_used_mib": 6929.0, "gpu_mem_total_mib": 49140.0, "gpu_power_w": 90.21, "process_present": true, "process_mem_mib": 6440.0, "process_mem_share_percent": 13.105413105413104, "process_util_available": true, "process_util_backend": "nvml", "process_sm_util_percent": 21.0, "process_mem_util_percent": 1.0}
{"timestamp_unix": 1772435452.8252335, "pid": 65396, "device_index": 0, "gpu_uuid": "GPU-6f954bfd-7081-31b7-f15c-f9a174bf4d7f", "gpu_util_percent": 23.0, "gpu_mem_util_percent": 2.0, "gpu_mem_used_mib": 6929.0, "gpu_mem_total_mib": 49140.0, "gpu_power_w": 90.15, "process_present": true, "process_mem_mib": 6440.0, "process_mem_share_percent": 13.105413105413104, "process_util_available": true, "process_util_backend": "nvml", "process_sm_util_percent": 22.0, "process_mem_util_percent": 2.0}
{"timestamp_unix": 1772435453.1151555, "pid": 65396, "device_index": 0, "gpu_uuid": "GPU-6f954bfd-7081-31b7-f15c-f9a174bf4d7f", "gpu_util_percent": 23.0, "gpu_mem_util_percent": 2.0, "gpu_mem_used_mib": 6929.0, "gpu_mem_total_mib": 49140.0, "gpu_power_w": 90.03, "process_present": true, "process_mem_mib": 6440.0, "process_mem_share_percent": 13.105413105413104, "process_util_available": true, "process_util_backend": "nvml", "process_sm_util_percent": 22.0, "process_mem_util_percent": 2.0}
{"timestamp_unix": 1772435453.4018552, "pid": 65396, "device_index": 0, "gpu_uuid": "GPU-6f954bfd-7081-31b7-f15c-f9a174bf4d7f", "gpu_util_percent": 23.0, "gpu_mem_util_percent": 2.0, "gpu_mem_used_mib": 6929.0, "gpu_mem_total_mib": 49140.0, "gpu_power_w": 90.03, "process_present": true, "process_mem_mib": 6440.0, "process_mem_share_percent": 13.105413105413104, "process_util_available": true, "process_util_backend": "nvml", "process_sm_util_percent": 22.0, "process_mem_util_percent": 2.0}
{"timestamp_unix": 1772435453.6937776, "pid": 65396, "device_index": 0, "gpu_uuid": "GPU-6f954bfd-7081-31b7-f15c-f9a174bf4d7f", "gpu_util_percent": 23.0, "gpu_mem_util_percent": 2.0, "gpu_mem_used_mib": 6929.0, "gpu_mem_total_mib": 49140.0, "gpu_power_w": 90.1, "process_present": true, "process_mem_mib": 6440.0, "process_mem_share_percent": 13.105413105413104, "process_util_available": true, "process_util_backend": "nvml", "process_sm_util_percent": 22.0, "process_mem_util_percent": 2.0}
{"timestamp_unix": 1772435453.9821398, "pid": 65396, "device_index": 0, "gpu_uuid": "GPU-6f954bfd-7081-31b7-f15c-f9a174bf4d7f", "gpu_util_percent": 23.0, "gpu_mem_util_percent": 2.0, "gpu_mem_used_mib": 6929.0, "gpu_mem_total_mib": 49140.0, "gpu_power_w": 90.1, "process_present": true, "process_mem_mib": 6440.0, "process_mem_share_percent": 13.105413105413104, "process_util_available": true, "process_util_backend": "nvml", "process_sm_util_percent": 22.0, "process_mem_util_percent": 2.0}
{"timestamp_unix": 1772435454.2745323, "pid": 65396, "device_index": 0, "gpu_uuid": "GPU-6f954bfd-7081-31b7-f15c-f9a174bf4d7f", "gpu_util_percent": 23.0, "gpu_mem_util_percent": 2.0, "gpu_mem_used_mib": 6929.0, "gpu_mem_total_mib": 49140.0, "gpu_power_w": 90.19, "process_present": true, "process_mem_mib": 6440.0, "process_mem_share_percent": 13.105413105413104, "process_util_available": true, "process_util_backend": "nvml", "process_sm_util_percent": 22.0, "process_mem_util_percent": 2.0}
{"timestamp_unix": 1772435454.578676, "pid": 65396, "device_index": 0, "gpu_uuid": "GPU-6f954bfd-7081-31b7-f15c-f9a174bf4d7f", "gpu_util_percent": 23.0, "gpu_mem_util_percent": 2.0, "gpu_mem_used_mib": 6929.0, "gpu_mem_total_mib": 49140.0, "gpu_power_w": 90.19, "process_present": true, "process_mem_mib": 6440.0, "process_mem_share_percent": 13.105413105413104, "process_util_available": true, "process_util_backend": "nvml", "process_sm_util_percent": 21.0, "process_mem_util_percent": 2.0}
{"timestamp_unix": 1772435454.892417, "pid": 65396, "device_index": 0, "gpu_uuid": "GPU-6f954bfd-7081-31b7-f15c-f9a174bf4d7f", "gpu_util_percent": 22.0, "gpu_mem_util_percent": 2.0, "gpu_mem_used_mib": 6929.0, "gpu_mem_total_mib": 49140.0, "gpu_power_w": 90.23, "process_present": true, "process_mem_mib": 6440.0, "process_mem_share_percent": 13.105413105413104, "process_util_available": true, "process_util_backend": "nvml", "process_sm_util_percent": 21.0, "process_mem_util_percent": 2.0}
{"timestamp_unix": 1772435455.1873906, "pid": 65396, "device_index": 0, "gpu_uuid": "GPU-6f954bfd-7081-31b7-f15c-f9a174bf4d7f", "gpu_util_percent": 22.0, "gpu_mem_util_percent": 2.0, "gpu_mem_used_mib": 6925.0, "gpu_mem_total_mib": 49140.0, "gpu_power_w": 90.14, "process_present": true, "process_mem_mib": 6440.0, "process_mem_share_percent": 13.105413105413104, "process_util_available": true, "process_util_backend": "nvml", "process_sm_util_percent": 20.0, "process_mem_util_percent": 1.0}
{"timestamp_unix": 1772435455.4945128, "pid": 65396, "device_index": 0, "gpu_uuid": "GPU-6f954bfd-7081-31b7-f15c-f9a174bf4d7f", "gpu_util_percent": 22.0, "gpu_mem_util_percent": 2.0, "gpu_mem_used_mib": 6925.0, "gpu_mem_total_mib": 49140.0, "gpu_power_w": 90.14, "process_present": true, "process_mem_mib": 6440.0, "process_mem_share_percent": 13.105413105413104, "process_util_available": true, "process_util_backend": "nvml", "process_sm_util_percent": 19.0, "process_mem_util_percent": 2.0}
{"timestamp_unix": 1772435455.7830474, "pid": 65396, "device_index": 0, "gpu_uuid": "GPU-6f954bfd-7081-31b7-f15c-f9a174bf4d7f", "gpu_util_percent": 20.0, "gpu_mem_util_percent": 2.0, "gpu_mem_used_mib": 6925.0, "gpu_mem_total_mib": 49140.0, "gpu_power_w": 90.05, "process_present": true, "process_mem_mib": 6440.0, "process_mem_share_percent": 13.105413105413104, "process_util_available": true, "process_util_backend": "nvml", "process_sm_util_percent": 21.0, "process_mem_util_percent": 2.0}
{"timestamp_unix": 1772435456.0728235, "pid": 65396, "device_index": 0, "gpu_uuid": "GPU-6f954bfd-7081-31b7-f15c-f9a174bf4d7f", "gpu_util_percent": 20.0, "gpu_mem_util_percent": 2.0, "gpu_mem_used_mib": 6925.0, "gpu_mem_total_mib": 49140.0, "gpu_power_w": 90.05, "process_present": true, "process_mem_mib": 6440.0, "process_mem_share_percent": 13.105413105413104, "process_util_available": true, "process_util_backend": "nvml", "process_sm_util_percent": 18.0, "process_mem_util_percent": 2.0}
{"timestamp_unix": 1772435456.4148152, "pid": 65396, "device_index": 0, "gpu_uuid": "GPU-6f954bfd-7081-31b7-f15c-f9a174bf4d7f", "gpu_util_percent": 20.0, "gpu_mem_util_percent": 2.0, "gpu_mem_used_mib": 6925.0, "gpu_mem_total_mib": 49140.0, "gpu_power_w": 90.2, "process_present": true, "process_mem_mib": 6440.0, "process_mem_share_percent": 13.105413105413104, "process_util_available": true, "process_util_backend": "nvml", "process_sm_util_percent": null, "process_mem_util_percent": null}
{"timestamp_unix": 1772435456.703032, "pid": 65396, "device_index": 0, "gpu_uuid": "GPU-6f954bfd-7081-31b7-f15c-f9a174bf4d7f", "gpu_util_percent": 20.0, "gpu_mem_util_percent": 2.0, "gpu_mem_used_mib": 6925.0, "gpu_mem_total_mib": 49140.0, "gpu_power_w": 88.64, "process_present": true, "process_mem_mib": 6440.0, "process_mem_share_percent": 13.105413105413104, "process_util_available": true, "process_util_backend": "nvml", "process_sm_util_percent": 18.0, "process_mem_util_percent": 2.0}
{"timestamp_unix": 1772435456.99402, "pid": 65396, "device_index": 0, "gpu_uuid": "GPU-6f954bfd-7081-31b7-f15c-f9a174bf4d7f", "gpu_util_percent": 20.0, "gpu_mem_util_percent": 2.0, "gpu_mem_used_mib": 6925.0, "gpu_mem_total_mib": 49140.0, "gpu_power_w": 88.64, "process_present": true, "process_mem_mib": 6440.0, "process_mem_share_percent": 13.105413105413104, "process_util_available": true, "process_util_backend": "nvml", "process_sm_util_percent": 20.0, "process_mem_util_percent": 2.0}
{"timestamp_unix": 1772435457.2825897, "pid": 65396, "device_index": 0, "gpu_uuid": "GPU-6f954bfd-7081-31b7-f15c-f9a174bf4d7f", "gpu_util_percent": 20.0, "gpu_mem_util_percent": 2.0, "gpu_mem_used_mib": 6925.0, "gpu_mem_total_mib": 49140.0, "gpu_power_w": 88.61, "process_present": true, "process_mem_mib": 6440.0, "process_mem_share_percent": 13.105413105413104, "process_util_available": true, "process_util_backend": "nvml", "process_sm_util_percent": 20.0, "process_mem_util_percent": 2.0}
{"timestamp_unix": 1772435457.5872014, "pid": 65396, "device_index": 0, "gpu_uuid": "GPU-6f954bfd-7081-31b7-f15c-f9a174bf4d7f", "gpu_util_percent": 20.0, "gpu_mem_util_percent": 2.0, "gpu_mem_used_mib": 6925.0, "gpu_mem_total_mib": 49140.0, "gpu_power_w": 88.61, "process_present": true, "process_mem_mib": 6440.0, "process_mem_share_percent": 13.105413105413104, "process_util_available": true, "process_util_backend": "nvml", "process_sm_util_percent": 21.0, "process_mem_util_percent": 2.0}
{"timestamp_unix": 1772435457.8931153, "pid": 65396, "device_index": 0, "gpu_uuid": "GPU-6f954bfd-7081-31b7-f15c-f9a174bf4d7f", "gpu_util_percent": 23.0, "gpu_mem_util_percent": 2.0, "gpu_mem_used_mib": 6925.0, "gpu_mem_total_mib": 49140.0, "gpu_power_w": 90.24, "process_present": true, "process_mem_mib": 6440.0, "process_mem_share_percent": 13.105413105413104, "process_util_available": true, "process_util_backend": "nvml", "process_sm_util_percent": 22.0, "process_mem_util_percent": 2.0}
{"timestamp_unix": 1772435458.1897943, "pid": 65396, "device_index": 0, "gpu_uuid": "GPU-6f954bfd-7081-31b7-f15c-f9a174bf4d7f", "gpu_util_percent": 23.0, "gpu_mem_util_percent": 2.0, "gpu_mem_used_mib": 6925.0, "gpu_mem_total_mib": 49140.0, "gpu_power_w": 90.12, "process_present": true, "process_mem_mib": 6440.0, "process_mem_share_percent": 13.105413105413104, "process_util_available": true, "process_util_backend": "nvml", "process_sm_util_percent": 22.0, "process_mem_util_percent": 2.0}
{"timestamp_unix": 1772435458.4912758, "pid": 65396, "device_index": 0, "gpu_uuid": "GPU-6f954bfd-7081-31b7-f15c-f9a174bf4d7f", "gpu_util_percent": 23.0, "gpu_mem_util_percent": 2.0, "gpu_mem_used_mib": 6925.0, "gpu_mem_total_mib": 49140.0, "gpu_power_w": 90.12, "process_present": true, "process_mem_mib": 6440.0, "process_mem_share_percent": 13.105413105413104, "process_util_available": true, "process_util_backend": "nvml", "process_sm_util_percent": 22.0, "process_mem_util_percent": 2.0}
{"timestamp_unix": 1772435458.7802157, "pid": 65396, "device_index": 0, "gpu_uuid": "GPU-6f954bfd-7081-31b7-f15c-f9a174bf4d7f", "gpu_util_percent": 23.0, "gpu_mem_util_percent": 2.0, "gpu_mem_used_mib": 6985.0, "gpu_mem_total_mib": 49140.0, "gpu_power_w": 90.2, "process_present": true, "process_mem_mib": 6500.0, "process_mem_share_percent": 13.227513227513226, "process_util_available": true, "process_util_backend": "nvml", "process_sm_util_percent": 11.0, "process_mem_util_percent": 1.0}
{"timestamp_unix": 1772435459.069739, "pid": 65396, "device_index": 0, "gpu_uuid": "GPU-6f954bfd-7081-31b7-f15c-f9a174bf4d7f", "gpu_util_percent": 23.0, "gpu_mem_util_percent": 2.0, "gpu_mem_used_mib": 6985.0, "gpu_mem_total_mib": 49140.0, "gpu_power_w": 90.2, "process_present": true, "process_mem_mib": 6500.0, "process_mem_share_percent": 13.227513227513226, "process_util_available": true, "process_util_backend": "nvml", "process_sm_util_percent": null, "process_mem_util_percent": null}
{"timestamp_unix": 1772435459.3632066, "pid": 65396, "device_index": 0, "gpu_uuid": "GPU-6f954bfd-7081-31b7-f15c-f9a174bf4d7f", "gpu_util_percent": 23.0, "gpu_mem_util_percent": 2.0, "gpu_mem_used_mib": 6985.0, "gpu_mem_total_mib": 49140.0, "gpu_power_w": 88.25, "process_present": true, "process_mem_mib": 6500.0, "process_mem_share_percent": 13.227513227513226, "process_util_available": true, "process_util_backend": "nvml", "process_sm_util_percent": null, "process_mem_util_percent": null}
{"timestamp_unix": 1772435459.651582, "pid": 65396, "device_index": 0, "gpu_uuid": "GPU-6f954bfd-7081-31b7-f15c-f9a174bf4d7f", "gpu_util_percent": 14.0, "gpu_mem_util_percent": 1.0, "gpu_mem_used_mib": 7013.0, "gpu_mem_total_mib": 49140.0, "gpu_power_w": 85.11, "process_present": true, "process_mem_mib": 6540.0, "process_mem_share_percent": 13.30891330891331, "process_util_available": true, "process_util_backend": "nvml", "process_sm_util_percent": null, "process_mem_util_percent": null}
{"timestamp_unix": 1772435459.943723, "pid": 65396, "device_index": 0, "gpu_uuid": "GPU-6f954bfd-7081-31b7-f15c-f9a174bf4d7f", "gpu_util_percent": 14.0, "gpu_mem_util_percent": 1.0, "gpu_mem_used_mib": 7027.0, "gpu_mem_total_mib": 49140.0, "gpu_power_w": 85.11, "process_present": true, "process_mem_mib": 6542.0, "process_mem_share_percent": 13.312983312983311, "process_util_available": true, "process_util_backend": "nvml", "process_sm_util_percent": 23.0, "process_mem_util_percent": 1.0}
{"timestamp_unix": 1772435460.2290585, "pid": 65396, "device_index": 0, "gpu_uuid": "GPU-6f954bfd-7081-31b7-f15c-f9a174bf4d7f", "gpu_util_percent": 14.0, "gpu_mem_util_percent": 1.0, "gpu_mem_used_mib": 7031.0, "gpu_mem_total_mib": 49140.0, "gpu_power_w": 86.54, "process_present": true, "process_mem_mib": 6542.0, "process_mem_share_percent": 13.312983312983311, "process_util_available": true, "process_util_backend": "nvml", "process_sm_util_percent": 24.0, "process_mem_util_percent": 2.0}
{"timestamp_unix": 1772435460.5371637, "pid": 65396, "device_index": 0, "gpu_uuid": "GPU-6f954bfd-7081-31b7-f15c-f9a174bf4d7f", "gpu_util_percent": 14.0, "gpu_mem_util_percent": 1.0, "gpu_mem_used_mib": 7031.0, "gpu_mem_total_mib": 49140.0, "gpu_power_w": 86.54, "process_present": true, "process_mem_mib": 6542.0, "process_mem_share_percent": 13.312983312983311, "process_util_available": true, "process_util_backend": "nvml", "process_sm_util_percent": 23.0, "process_mem_util_percent": 2.0}
{"timestamp_unix": 1772435460.8401964, "pid": 65396, "device_index": 0, "gpu_uuid": "GPU-6f954bfd-7081-31b7-f15c-f9a174bf4d7f", "gpu_util_percent": 23.0, "gpu_mem_util_percent": 2.0, "gpu_mem_used_mib": 7031.0, "gpu_mem_total_mib": 49140.0, "gpu_power_w": 89.93, "process_present": true, "process_mem_mib": 6542.0, "process_mem_share_percent": 13.312983312983311, "process_util_available": true, "process_util_backend": "nvml", "process_sm_util_percent": 23.0, "process_mem_util_percent": 2.0}
{"timestamp_unix": 1772435461.1425405, "pid": 65396, "device_index": 0, "gpu_uuid": "GPU-6f954bfd-7081-31b7-f15c-f9a174bf4d7f", "gpu_util_percent": 23.0, "gpu_mem_util_percent": 2.0, "gpu_mem_used_mib": 7031.0, "gpu_mem_total_mib": 49140.0, "gpu_power_w": 90.74, "process_present": true, "process_mem_mib": 6542.0, "process_mem_share_percent": 13.312983312983311, "process_util_available": true, "process_util_backend": "nvml", "process_sm_util_percent": 23.0, "process_mem_util_percent": 2.0}
{"timestamp_unix": 1772435461.429423, "pid": 65396, "device_index": 0, "gpu_uuid": "GPU-6f954bfd-7081-31b7-f15c-f9a174bf4d7f", "gpu_util_percent": 23.0, "gpu_mem_util_percent": 2.0, "gpu_mem_used_mib": 7031.0, "gpu_mem_total_mib": 49140.0, "gpu_power_w": 90.74, "process_present": true, "process_mem_mib": 6542.0, "process_mem_share_percent": 13.312983312983311, "process_util_available": true, "process_util_backend": "nvml", "process_sm_util_percent": 23.0, "process_mem_util_percent": 2.0}
{"timestamp_unix": 1772435461.7191796, "pid": 65396, "device_index": 0, "gpu_uuid": "GPU-6f954bfd-7081-31b7-f15c-f9a174bf4d7f", "gpu_util_percent": 23.0, "gpu_mem_util_percent": 2.0, "gpu_mem_used_mib": 7031.0, "gpu_mem_total_mib": 49140.0, "gpu_power_w": 90.68, "process_present": true, "process_mem_mib": 6542.0, "process_mem_share_percent": 13.312983312983311, "process_util_available": true, "process_util_backend": "nvml", "process_sm_util_percent": 23.0, "process_mem_util_percent": 2.0}
{"timestamp_unix": 1772435462.0101252, "pid": 65396, "device_index": 0, "gpu_uuid": "GPU-6f954bfd-7081-31b7-f15c-f9a174bf4d7f", "gpu_util_percent": 23.0, "gpu_mem_util_percent": 2.0, "gpu_mem_used_mib": 7031.0, "gpu_mem_total_mib": 49140.0, "gpu_power_w": 90.68, "process_present": true, "process_mem_mib": 6542.0, "process_mem_share_percent": 13.312983312983311, "process_util_available": true, "process_util_backend": "nvml", "process_sm_util_percent": 23.0, "process_mem_util_percent": 2.0}
{"timestamp_unix": 1772435462.304566, "pid": 65396, "device_index": 0, "gpu_uuid": "GPU-6f954bfd-7081-31b7-f15c-f9a174bf4d7f", "gpu_util_percent": 23.0, "gpu_mem_util_percent": 2.0, "gpu_mem_used_mib": 7031.0, "gpu_mem_total_mib": 49140.0, "gpu_power_w": 90.7, "process_present": true, "process_mem_mib": 6542.0, "process_mem_share_percent": 13.312983312983311, "process_util_available": true, "process_util_backend": "nvml", "process_sm_util_percent": 23.0, "process_mem_util_percent": 2.0}
{"timestamp_unix": 1772435462.594406, "pid": 65396, "device_index": 0, "gpu_uuid": "GPU-6f954bfd-7081-31b7-f15c-f9a174bf4d7f", "gpu_util_percent": 23.0, "gpu_mem_util_percent": 2.0, "gpu_mem_used_mib": 7031.0, "gpu_mem_total_mib": 49140.0, "gpu_power_w": 90.7, "process_present": true, "process_mem_mib": 6542.0, "process_mem_share_percent": 13.312983312983311, "process_util_available": true, "process_util_backend": "nvml", "process_sm_util_percent": 23.0, "process_mem_util_percent": 2.0}
{"timestamp_unix": 1772435462.8850327, "pid": 65396, "device_index": 0, "gpu_uuid": "GPU-6f954bfd-7081-31b7-f15c-f9a174bf4d7f", "gpu_util_percent": 23.0, "gpu_mem_util_percent": 2.0, "gpu_mem_used_mib": 7031.0, "gpu_mem_total_mib": 49140.0, "gpu_power_w": 90.65, "process_present": true, "process_mem_mib": 6542.0, "process_mem_share_percent": 13.312983312983311, "process_util_available": true, "process_util_backend": "nvml", "process_sm_util_percent": 23.0, "process_mem_util_percent": 2.0}
{"timestamp_unix": 1772435463.1952784, "pid": 65396, "device_index": 0, "gpu_uuid": "GPU-6f954bfd-7081-31b7-f15c-f9a174bf4d7f", "gpu_util_percent": 23.0, "gpu_mem_util_percent": 2.0, "gpu_mem_used_mib": 7031.0, "gpu_mem_total_mib": 49140.0, "gpu_power_w": 90.64, "process_present": true, "process_mem_mib": 6542.0, "process_mem_share_percent": 13.312983312983311, "process_util_available": true, "process_util_backend": "nvml", "process_sm_util_percent": 23.0, "process_mem_util_percent": 1.0}
{"timestamp_unix": 1772435463.4938898, "pid": 65396, "device_index": 0, "gpu_uuid": "GPU-6f954bfd-7081-31b7-f15c-f9a174bf4d7f", "gpu_util_percent": 23.0, "gpu_mem_util_percent": 2.0, "gpu_mem_used_mib": 7031.0, "gpu_mem_total_mib": 49140.0, "gpu_power_w": 90.64, "process_present": true, "process_mem_mib": 6542.0, "process_mem_share_percent": 13.312983312983311, "process_util_available": true, "process_util_backend": "nvml", "process_sm_util_percent": 23.0, "process_mem_util_percent": 2.0}
{"timestamp_unix": 1772435463.8036127, "pid": 65396, "device_index": 0, "gpu_uuid": "GPU-6f954bfd-7081-31b7-f15c-f9a174bf4d7f", "gpu_util_percent": 22.0, "gpu_mem_util_percent": 2.0, "gpu_mem_used_mib": 7031.0, "gpu_mem_total_mib": 49140.0, "gpu_power_w": 90.57, "process_present": true, "process_mem_mib": 6542.0, "process_mem_share_percent": 13.312983312983311, "process_util_available": true, "process_util_backend": "nvml", "process_sm_util_percent": 23.0, "process_mem_util_percent": 2.0}
{"timestamp_unix": 1772435464.0930417, "pid": 65396, "device_index": 0, "gpu_uuid": "GPU-6f954bfd-7081-31b7-f15c-f9a174bf4d7f", "gpu_util_percent": 22.0, "gpu_mem_util_percent": 2.0, "gpu_mem_used_mib": 7031.0, "gpu_mem_total_mib": 49140.0, "gpu_power_w": 90.57, "process_present": true, "process_mem_mib": 6542.0, "process_mem_share_percent": 13.312983312983311, "process_util_available": true, "process_util_backend": "nvml", "process_sm_util_percent": 23.0, "process_mem_util_percent": 2.0}
{"timestamp_unix": 1772435464.3806381, "pid": 65396, "device_index": 0, "gpu_uuid": "GPU-6f954bfd-7081-31b7-f15c-f9a174bf4d7f", "gpu_util_percent": 22.0, "gpu_mem_util_percent": 2.0, "gpu_mem_used_mib": 7031.0, "gpu_mem_total_mib": 49140.0, "gpu_power_w": 90.47, "process_present": true, "process_mem_mib": 6542.0, "process_mem_share_percent": 13.312983312983311, "process_util_available": true, "process_util_backend": "nvml", "process_sm_util_percent": 23.0, "process_mem_util_percent": 2.0}
{"timestamp_unix": 1772435464.6684253, "pid": 65396, "device_index": 0, "gpu_uuid": "GPU-6f954bfd-7081-31b7-f15c-f9a174bf4d7f", "gpu_util_percent": 23.0, "gpu_mem_util_percent": 2.0, "gpu_mem_used_mib": 7031.0, "gpu_mem_total_mib": 49140.0, "gpu_power_w": 90.48, "process_present": true, "process_mem_mib": 6542.0, "process_mem_share_percent": 13.312983312983311, "process_util_available": true, "process_util_backend": "nvml", "process_sm_util_percent": 23.0, "process_mem_util_percent": 2.0}
{"timestamp_unix": 1772435464.960885, "pid": 65396, "device_index": 0, "gpu_uuid": "GPU-6f954bfd-7081-31b7-f15c-f9a174bf4d7f", "gpu_util_percent": 23.0, "gpu_mem_util_percent": 2.0, "gpu_mem_used_mib": 7031.0, "gpu_mem_total_mib": 49140.0, "gpu_power_w": 90.48, "process_present": true, "process_mem_mib": 6542.0, "process_mem_share_percent": 13.312983312983311, "process_util_available": true, "process_util_backend": "nvml", "process_sm_util_percent": 23.0, "process_mem_util_percent": 2.0}
{"timestamp_unix": 1772435465.2480648, "pid": 65396, "device_index": 0, "gpu_uuid": "GPU-6f954bfd-7081-31b7-f15c-f9a174bf4d7f", "gpu_util_percent": 23.0, "gpu_mem_util_percent": 2.0, "gpu_mem_used_mib": 7027.0, "gpu_mem_total_mib": 49140.0, "gpu_power_w": 90.55, "process_present": true, "process_mem_mib": 6542.0, "process_mem_share_percent": 13.312983312983311, "process_util_available": true, "process_util_backend": "nvml", "process_sm_util_percent": 24.0, "process_mem_util_percent": 2.0}
{"timestamp_unix": 1772435465.5356143, "pid": 65396, "device_index": 0, "gpu_uuid": "GPU-6f954bfd-7081-31b7-f15c-f9a174bf4d7f", "gpu_util_percent": 23.0, "gpu_mem_util_percent": 2.0, "gpu_mem_used_mib": 7027.0, "gpu_mem_total_mib": 49140.0, "gpu_power_w": 90.55, "process_present": true, "process_mem_mib": 6542.0, "process_mem_share_percent": 13.312983312983311, "process_util_available": true, "process_util_backend": "nvml", "process_sm_util_percent": 23.0, "process_mem_util_percent": 2.0}
{"timestamp_unix": 1772435465.8428204, "pid": 65396, "device_index": 0, "gpu_uuid": "GPU-6f954bfd-7081-31b7-f15c-f9a174bf4d7f", "gpu_util_percent": 23.0, "gpu_mem_util_percent": 2.0, "gpu_mem_used_mib": 7027.0, "gpu_mem_total_mib": 49140.0, "gpu_power_w": 90.58, "process_present": true, "process_mem_mib": 6542.0, "process_mem_share_percent": 13.312983312983311, "process_util_available": true, "process_util_backend": "nvml", "process_sm_util_percent": 23.0, "process_mem_util_percent": 2.0}
{"timestamp_unix": 1772435466.1427028, "pid": 65396, "device_index": 0, "gpu_uuid": "GPU-6f954bfd-7081-31b7-f15c-f9a174bf4d7f", "gpu_util_percent": 23.0, "gpu_mem_util_percent": 2.0, "gpu_mem_used_mib": 7027.0, "gpu_mem_total_mib": 49140.0, "gpu_power_w": 90.65, "process_present": true, "process_mem_mib": 6542.0, "process_mem_share_percent": 13.312983312983311, "process_util_available": true, "process_util_backend": "nvml", "process_sm_util_percent": 23.0, "process_mem_util_percent": 2.0}
{"timestamp_unix": 1772435466.4421558, "pid": 65396, "device_index": 0, "gpu_uuid": "GPU-6f954bfd-7081-31b7-f15c-f9a174bf4d7f", "gpu_util_percent": 23.0, "gpu_mem_util_percent": 2.0, "gpu_mem_used_mib": 7027.0, "gpu_mem_total_mib": 49140.0, "gpu_power_w": 90.65, "process_present": true, "process_mem_mib": 6542.0, "process_mem_share_percent": 13.312983312983311, "process_util_available": true, "process_util_backend": "nvml", "process_sm_util_percent": 23.0, "process_mem_util_percent": 2.0}
{"timestamp_unix": 1772435466.7319424, "pid": 65396, "device_index": 0, "gpu_uuid": "GPU-6f954bfd-7081-31b7-f15c-f9a174bf4d7f", "gpu_util_percent": 23.0, "gpu_mem_util_percent": 2.0, "gpu_mem_used_mib": 7027.0, "gpu_mem_total_mib": 49140.0, "gpu_power_w": 90.65, "process_present": true, "process_mem_mib": 6542.0, "process_mem_share_percent": 13.312983312983311, "process_util_available": true, "process_util_backend": "nvml", "process_sm_util_percent": 12.0, "process_mem_util_percent": 1.0}
{"timestamp_unix": 1772435467.0201142, "pid": 65396, "device_index": 0, "gpu_uuid": "GPU-6f954bfd-7081-31b7-f15c-f9a174bf4d7f", "gpu_util_percent": 23.0, "gpu_mem_util_percent": 2.0, "gpu_mem_used_mib": 7027.0, "gpu_mem_total_mib": 49140.0, "gpu_power_w": 90.65, "process_present": true, "process_mem_mib": 6542.0, "process_mem_share_percent": 13.312983312983311, "process_util_available": true, "process_util_backend": "nvml", "process_sm_util_percent": null, "process_mem_util_percent": null}
{"timestamp_unix": 1772435467.3110492, "pid": 65396, "device_index": 0, "gpu_uuid": "GPU-6f954bfd-7081-31b7-f15c-f9a174bf4d7f", "gpu_util_percent": 23.0, "gpu_mem_util_percent": 2.0, "gpu_mem_used_mib": 7027.0, "gpu_mem_total_mib": 49140.0, "gpu_power_w": 90.71, "process_present": true, "process_mem_mib": 6542.0, "process_mem_share_percent": 13.312983312983311, "process_util_available": true, "process_util_backend": "nvml", "process_sm_util_percent": 12.0, "process_mem_util_percent": 1.0}
{"timestamp_unix": 1772435467.5999002, "pid": 65396, "device_index": 0, "gpu_uuid": "GPU-6f954bfd-7081-31b7-f15c-f9a174bf4d7f", "gpu_util_percent": 24.0, "gpu_mem_util_percent": 2.0, "gpu_mem_used_mib": 7027.0, "gpu_mem_total_mib": 49140.0, "gpu_power_w": 90.71, "process_present": true, "process_mem_mib": 6542.0, "process_mem_share_percent": 13.312983312983311, "process_util_available": true, "process_util_backend": "nvml", "process_sm_util_percent": 23.0, "process_mem_util_percent": 2.0}
{"timestamp_unix": 1772435467.894196, "pid": 65396, "device_index": 0, "gpu_uuid": "GPU-6f954bfd-7081-31b7-f15c-f9a174bf4d7f", "gpu_util_percent": 24.0, "gpu_mem_util_percent": 2.0, "gpu_mem_used_mib": 7027.0, "gpu_mem_total_mib": 49140.0, "gpu_power_w": 90.71, "process_present": true, "process_mem_mib": 6542.0, "process_mem_share_percent": 13.312983312983311, "process_util_available": true, "process_util_backend": "nvml", "process_sm_util_percent": 23.0, "process_mem_util_percent": 1.0}
{"timestamp_unix": 1772435468.182232, "pid": 65396, "device_index": 0, "gpu_uuid": "GPU-6f954bfd-7081-31b7-f15c-f9a174bf4d7f", "gpu_util_percent": 24.0, "gpu_mem_util_percent": 2.0, "gpu_mem_used_mib": 7027.0, "gpu_mem_total_mib": 49140.0, "gpu_power_w": 90.64, "process_present": true, "process_mem_mib": 6542.0, "process_mem_share_percent": 13.312983312983311, "process_util_available": true, "process_util_backend": "nvml", "process_sm_util_percent": 23.0, "process_mem_util_percent": 1.0}
{"timestamp_unix": 1772435468.4871407, "pid": 65396, "device_index": 0, "gpu_uuid": "GPU-6f954bfd-7081-31b7-f15c-f9a174bf4d7f", "gpu_util_percent": 24.0, "gpu_mem_util_percent": 2.0, "gpu_mem_used_mib": 7027.0, "gpu_mem_total_mib": 49140.0, "gpu_power_w": 90.64, "process_present": true, "process_mem_mib": 6542.0, "process_mem_share_percent": 13.312983312983311, "process_util_available": true, "process_util_backend": "nvml", "process_sm_util_percent": 23.0, "process_mem_util_percent": 1.0}
{"timestamp_unix": 1772435468.7927642, "pid": 65396, "device_index": 0, "gpu_uuid": "GPU-6f954bfd-7081-31b7-f15c-f9a174bf4d7f", "gpu_util_percent": 24.0, "gpu_mem_util_percent": 2.0, "gpu_mem_used_mib": 7027.0, "gpu_mem_total_mib": 49140.0, "gpu_power_w": 90.57, "process_present": true, "process_mem_mib": 6542.0, "process_mem_share_percent": 13.312983312983311, "process_util_available": true, "process_util_backend": "nvml", "process_sm_util_percent": 23.0, "process_mem_util_percent": 1.0}
{"timestamp_unix": 1772435469.093302, "pid": 65396, "device_index": 0, "gpu_uuid": "GPU-6f954bfd-7081-31b7-f15c-f9a174bf4d7f", "gpu_util_percent": 24.0, "gpu_mem_util_percent": 2.0, "gpu_mem_used_mib": 7027.0, "gpu_mem_total_mib": 49140.0, "gpu_power_w": 90.57, "process_present": true, "process_mem_mib": 6542.0, "process_mem_share_percent": 13.312983312983311, "process_util_available": true, "process_util_backend": "nvml", "process_sm_util_percent": 23.0, "process_mem_util_percent": 1.0}
{"timestamp_unix": 1772435469.3954878, "pid": 65396, "device_index": 0, "gpu_uuid": "GPU-6f954bfd-7081-31b7-f15c-f9a174bf4d7f", "gpu_util_percent": 24.0, "gpu_mem_util_percent": 2.0, "gpu_mem_used_mib": 7027.0, "gpu_mem_total_mib": 49140.0, "gpu_power_w": 90.6, "process_present": true, "process_mem_mib": 6542.0, "process_mem_share_percent": 13.312983312983311, "process_util_available": true, "process_util_backend": "nvml", "process_sm_util_percent": 23.0, "process_mem_util_percent": 1.0}
{"timestamp_unix": 1772435469.6827953, "pid": 65396, "device_index": 0, "gpu_uuid": "GPU-6f954bfd-7081-31b7-f15c-f9a174bf4d7f", "gpu_util_percent": 24.0, "gpu_mem_util_percent": 2.0, "gpu_mem_used_mib": 7027.0, "gpu_mem_total_mib": 49140.0, "gpu_power_w": 90.57, "process_present": true, "process_mem_mib": 6542.0, "process_mem_share_percent": 13.312983312983311, "process_util_available": true, "process_util_backend": "nvml", "process_sm_util_percent": 23.0, "process_mem_util_percent": 1.0}
{"timestamp_unix": 1772435469.9791846, "pid": 65396, "device_index": 0, "gpu_uuid": "GPU-6f954bfd-7081-31b7-f15c-f9a174bf4d7f", "gpu_util_percent": 24.0, "gpu_mem_util_percent": 2.0, "gpu_mem_used_mib": 7027.0, "gpu_mem_total_mib": 49140.0, "gpu_power_w": 90.57, "process_present": true, "process_mem_mib": 6542.0, "process_mem_share_percent": 13.312983312983311, "process_util_available": true, "process_util_backend": "nvml", "process_sm_util_percent": 23.0, "process_mem_util_percent": 1.0}
{"timestamp_unix": 1772435470.2682335, "pid": 65396, "device_index": 0, "gpu_uuid": "GPU-6f954bfd-7081-31b7-f15c-f9a174bf4d7f", "gpu_util_percent": 24.0, "gpu_mem_util_percent": 2.0, "gpu_mem_used_mib": 7031.0, "gpu_mem_total_mib": 49140.0, "gpu_power_w": 90.46, "process_present": true, "process_mem_mib": 6542.0, "process_mem_share_percent": 13.312983312983311, "process_util_available": true, "process_util_backend": "nvml", "process_sm_util_percent": 24.0, "process_mem_util_percent": 2.0}
{"timestamp_unix": 1772435470.5604787, "pid": 65396, "device_index": 0, "gpu_uuid": "GPU-6f954bfd-7081-31b7-f15c-f9a174bf4d7f", "gpu_util_percent": 24.0, "gpu_mem_util_percent": 2.0, "gpu_mem_used_mib": 7031.0, "gpu_mem_total_mib": 49140.0, "gpu_power_w": 90.46, "process_present": true, "process_mem_mib": 6542.0, "process_mem_share_percent": 13.312983312983311, "process_util_available": true, "process_util_backend": "nvml", "process_sm_util_percent": 24.0, "process_mem_util_percent": 1.0}
{"timestamp_unix": 1772435470.84668, "pid": 65396, "device_index": 0, "gpu_uuid": "GPU-6f954bfd-7081-31b7-f15c-f9a174bf4d7f", "gpu_util_percent": 24.0, "gpu_mem_util_percent": 2.0, "gpu_mem_used_mib": 7031.0, "gpu_mem_total_mib": 49140.0, "gpu_power_w": 90.53, "process_present": true, "process_mem_mib": 6542.0, "process_mem_share_percent": 13.312983312983311, "process_util_available": true, "process_util_backend": "nvml", "process_sm_util_percent": 25.0, "process_mem_util_percent": 1.0}
{"timestamp_unix": 1772435471.1354282, "pid": 65396, "device_index": 0, "gpu_uuid": "GPU-6f954bfd-7081-31b7-f15c-f9a174bf4d7f", "gpu_util_percent": 24.0, "gpu_mem_util_percent": 2.0, "gpu_mem_used_mib": 7031.0, "gpu_mem_total_mib": 49140.0, "gpu_power_w": 90.69, "process_present": true, "process_mem_mib": 6542.0, "process_mem_share_percent": 13.312983312983311, "process_util_available": true, "process_util_backend": "nvml", "process_sm_util_percent": 25.0, "process_mem_util_percent": 1.0}
{"timestamp_unix": 1772435471.440338, "pid": 65396, "device_index": 0, "gpu_uuid": "GPU-6f954bfd-7081-31b7-f15c-f9a174bf4d7f", "gpu_util_percent": 24.0, "gpu_mem_util_percent": 2.0, "gpu_mem_used_mib": 7031.0, "gpu_mem_total_mib": 49140.0, "gpu_power_w": 90.69, "process_present": true, "process_mem_mib": 6542.0, "process_mem_share_percent": 13.312983312983311, "process_util_available": true, "process_util_backend": "nvml", "process_sm_util_percent": 25.0, "process_mem_util_percent": 1.0}
{"timestamp_unix": 1772435471.7438567, "pid": 65396, "device_index": 0, "gpu_uuid": "GPU-6f954bfd-7081-31b7-f15c-f9a174bf4d7f", "gpu_util_percent": 25.0, "gpu_mem_util_percent": 2.0, "gpu_mem_used_mib": 7031.0, "gpu_mem_total_mib": 49140.0, "gpu_power_w": 90.71, "process_present": true, "process_mem_mib": 6542.0, "process_mem_share_percent": 13.312983312983311, "process_util_available": true, "process_util_backend": "nvml", "process_sm_util_percent": 25.0, "process_mem_util_percent": 1.0}
{"timestamp_unix": 1772435472.0441058, "pid": 65396, "device_index": 0, "gpu_uuid": "GPU-6f954bfd-7081-31b7-f15c-f9a174bf4d7f", "gpu_util_percent": 25.0, "gpu_mem_util_percent": 2.0, "gpu_mem_used_mib": 7031.0, "gpu_mem_total_mib": 49140.0, "gpu_power_w": 90.71, "process_present": true, "process_mem_mib": 6542.0, "process_mem_share_percent": 13.312983312983311, "process_util_available": true, "process_util_backend": "nvml", "process_sm_util_percent": 25.0, "process_mem_util_percent": 1.0}
{"timestamp_unix": 1772435472.3363805, "pid": 65396, "device_index": 0, "gpu_uuid": "GPU-6f954bfd-7081-31b7-f15c-f9a174bf4d7f", "gpu_util_percent": 25.0, "gpu_mem_util_percent": 2.0, "gpu_mem_used_mib": 7031.0, "gpu_mem_total_mib": 49140.0, "gpu_power_w": 90.75, "process_present": true, "process_mem_mib": 6542.0, "process_mem_share_percent": 13.312983312983311, "process_util_available": true, "process_util_backend": "nvml", "process_sm_util_percent": 25.0, "process_mem_util_percent": 1.0}
{"timestamp_unix": 1772435472.6260536, "pid": 65396, "device_index": 0, "gpu_uuid": "GPU-6f954bfd-7081-31b7-f15c-f9a174bf4d7f", "gpu_util_percent": 25.0, "gpu_mem_util_percent": 2.0, "gpu_mem_used_mib": 7031.0, "gpu_mem_total_mib": 49140.0, "gpu_power_w": 90.84, "process_present": true, "process_mem_mib": 6542.0, "process_mem_share_percent": 13.312983312983311, "process_util_available": true, "process_util_backend": "nvml", "process_sm_util_percent": 25.0, "process_mem_util_percent": 1.0}
{"timestamp_unix": 1772435472.9135084, "pid": 65396, "device_index": 0, "gpu_uuid": "GPU-6f954bfd-7081-31b7-f15c-f9a174bf4d7f", "gpu_util_percent": 25.0, "gpu_mem_util_percent": 2.0, "gpu_mem_used_mib": 7031.0, "gpu_mem_total_mib": 49140.0, "gpu_power_w": 90.84, "process_present": true, "process_mem_mib": 6542.0, "process_mem_share_percent": 13.312983312983311, "process_util_available": true, "process_util_backend": "nvml", "process_sm_util_percent": 25.0, "process_mem_util_percent": 1.0}
{"timestamp_unix": 1772435473.2017286, "pid": 65396, "device_index": 0, "gpu_uuid": "GPU-6f954bfd-7081-31b7-f15c-f9a174bf4d7f", "gpu_util_percent": 25.0, "gpu_mem_util_percent": 2.0, "gpu_mem_used_mib": 7031.0, "gpu_mem_total_mib": 49140.0, "gpu_power_w": 90.88, "process_present": true, "process_mem_mib": 6542.0, "process_mem_share_percent": 13.312983312983311, "process_util_available": true, "process_util_backend": "nvml", "process_sm_util_percent": 25.0, "process_mem_util_percent": 1.0}
{"timestamp_unix": 1772435473.4939144, "pid": 65396, "device_index": 0, "gpu_uuid": "GPU-6f954bfd-7081-31b7-f15c-f9a174bf4d7f", "gpu_util_percent": 25.0, "gpu_mem_util_percent": 2.0, "gpu_mem_used_mib": 7031.0, "gpu_mem_total_mib": 49140.0, "gpu_power_w": 90.88, "process_present": true, "process_mem_mib": 6542.0, "process_mem_share_percent": 13.312983312983311, "process_util_available": true, "process_util_backend": "nvml", "process_sm_util_percent": 25.0, "process_mem_util_percent": 1.0}
{"timestamp_unix": 1772435473.7801936, "pid": 65396, "device_index": 0, "gpu_uuid": "GPU-6f954bfd-7081-31b7-f15c-f9a174bf4d7f", "gpu_util_percent": 25.0, "gpu_mem_util_percent": 2.0, "gpu_mem_used_mib": 7031.0, "gpu_mem_total_mib": 49140.0, "gpu_power_w": 90.86, "process_present": true, "process_mem_mib": 6542.0, "process_mem_share_percent": 13.312983312983311, "process_util_available": true, "process_util_backend": "nvml", "process_sm_util_percent": 25.0, "process_mem_util_percent": 1.0}
{"timestamp_unix": 1772435474.0879438, "pid": 65396, "device_index": 0, "gpu_uuid": "GPU-6f954bfd-7081-31b7-f15c-f9a174bf4d7f", "gpu_util_percent": 25.0, "gpu_mem_util_percent": 2.0, "gpu_mem_used_mib": 7034.0, "gpu_mem_total_mib": 49140.0, "gpu_power_w": 90.86, "process_present": true, "process_mem_mib": 6542.0, "process_mem_share_percent": 13.312983312983311, "process_util_available": true, "process_util_backend": "nvml", "process_sm_util_percent": 25.0, "process_mem_util_percent": 1.0}
{"timestamp_unix": 1772435474.4039652, "pid": 65396, "device_index": 0, "gpu_uuid": "GPU-6f954bfd-7081-31b7-f15c-f9a174bf4d7f", "gpu_util_percent": 25.0, "gpu_mem_util_percent": 2.0, "gpu_mem_used_mib": 7034.0, "gpu_mem_total_mib": 49140.0, "gpu_power_w": 90.88, "process_present": true, "process_mem_mib": 6542.0, "process_mem_share_percent": 13.312983312983311, "process_util_available": true, "process_util_backend": "nvml", "process_sm_util_percent": 27.0, "process_mem_util_percent": 1.0}
{"timestamp_unix": 1772435474.699123, "pid": 65396, "device_index": 0, "gpu_uuid": "GPU-6f954bfd-7081-31b7-f15c-f9a174bf4d7f", "gpu_util_percent": 24.0, "gpu_mem_util_percent": 2.0, "gpu_mem_used_mib": 7034.0, "gpu_mem_total_mib": 49140.0, "gpu_power_w": 90.87, "process_present": true, "process_mem_mib": 6542.0, "process_mem_share_percent": 13.312983312983311, "process_util_available": true, "process_util_backend": "nvml", "process_sm_util_percent": 13.0, "process_mem_util_percent": 0.0}
{"timestamp_unix": 1772435474.9922245, "pid": 65396, "device_index": 0, "gpu_uuid": "GPU-6f954bfd-7081-31b7-f15c-f9a174bf4d7f", "gpu_util_percent": 24.0, "gpu_mem_util_percent": 2.0, "gpu_mem_used_mib": 7034.0, "gpu_mem_total_mib": 49140.0, "gpu_power_w": 90.87, "process_present": true, "process_mem_mib": 6542.0, "process_mem_share_percent": 13.312983312983311, "process_util_available": true, "process_util_backend": "nvml", "process_sm_util_percent": 14.0, "process_mem_util_percent": 1.0}
{"timestamp_unix": 1772435475.2872643, "pid": 65396, "device_index": 0, "gpu_uuid": "GPU-6f954bfd-7081-31b7-f15c-f9a174bf4d7f", "gpu_util_percent": 24.0, "gpu_mem_util_percent": 2.0, "gpu_mem_used_mib": 7034.0, "gpu_mem_total_mib": 49140.0, "gpu_power_w": 88.43, "process_present": true, "process_mem_mib": 6542.0, "process_mem_share_percent": 13.312983312983311, "process_util_available": true, "process_util_backend": "nvml", "process_sm_util_percent": 23.0, "process_mem_util_percent": 1.0}
{"timestamp_unix": 1772435475.5772622, "pid": 65396, "device_index": 0, "gpu_uuid": "GPU-6f954bfd-7081-31b7-f15c-f9a174bf4d7f", "gpu_util_percent": 24.0, "gpu_mem_util_percent": 2.0, "gpu_mem_used_mib": 7034.0, "gpu_mem_total_mib": 49140.0, "gpu_power_w": 88.43, "process_present": true, "process_mem_mib": 6542.0, "process_mem_share_percent": 13.312983312983311, "process_util_available": true, "process_util_backend": "nvml", "process_sm_util_percent": 24.0, "process_mem_util_percent": 1.0}
{"timestamp_unix": 1772435475.8662834, "pid": 65396, "device_index": 0, "gpu_uuid": "GPU-6f954bfd-7081-31b7-f15c-f9a174bf4d7f", "gpu_util_percent": 24.0, "gpu_mem_util_percent": 2.0, "gpu_mem_used_mib": 7034.0, "gpu_mem_total_mib": 49140.0, "gpu_power_w": 87.96, "process_present": true, "process_mem_mib": 6542.0, "process_mem_share_percent": 13.312983312983311, "process_util_available": true, "process_util_backend": "nvml", "process_sm_util_percent": 24.0, "process_mem_util_percent": 1.0}
{"timestamp_unix": 1772435476.1545935, "pid": 65396, "device_index": 0, "gpu_uuid": "GPU-6f954bfd-7081-31b7-f15c-f9a174bf4d7f", "gpu_util_percent": 24.0, "gpu_mem_util_percent": 2.0, "gpu_mem_used_mib": 7033.0, "gpu_mem_total_mib": 49140.0, "gpu_power_w": 89.99, "process_present": true, "process_mem_mib": 6542.0, "process_mem_share_percent": 13.312983312983311, "process_util_available": true, "process_util_backend": "nvml", "process_sm_util_percent": 24.0, "process_mem_util_percent": 1.0}
{"timestamp_unix": 1772435476.444064, "pid": 65396, "device_index": 0, "gpu_uuid": "GPU-6f954bfd-7081-31b7-f15c-f9a174bf4d7f", "gpu_util_percent": 24.0, "gpu_mem_util_percent": 2.0, "gpu_mem_used_mib": 7033.0, "gpu_mem_total_mib": 49140.0, "gpu_power_w": 89.99, "process_present": true, "process_mem_mib": 6542.0, "process_mem_share_percent": 13.312983312983311, "process_util_available": true, "process_util_backend": "nvml", "process_sm_util_percent": 23.0, "process_mem_util_percent": 1.0}
{"timestamp_unix": 1772435476.7425294, "pid": 65396, "device_index": 0, "gpu_uuid": "GPU-6f954bfd-7081-31b7-f15c-f9a174bf4d7f", "gpu_util_percent": 21.0, "gpu_mem_util_percent": 2.0, "gpu_mem_used_mib": 7033.0, "gpu_mem_total_mib": 49140.0, "gpu_power_w": 90.17, "process_present": true, "process_mem_mib": 6542.0, "process_mem_share_percent": 13.312983312983311, "process_util_available": true, "process_util_backend": "nvml", "process_sm_util_percent": 21.0, "process_mem_util_percent": 1.0}
{"timestamp_unix": 1772435477.0450397, "pid": 65396, "device_index": 0, "gpu_uuid": "GPU-6f954bfd-7081-31b7-f15c-f9a174bf4d7f", "gpu_util_percent": 21.0, "gpu_mem_util_percent": 2.0, "gpu_mem_used_mib": 7033.0, "gpu_mem_total_mib": 49140.0, "gpu_power_w": 90.17, "process_present": true, "process_mem_mib": 6542.0, "process_mem_share_percent": 13.312983312983311, "process_util_available": true, "process_util_backend": "nvml", "process_sm_util_percent": 23.0, "process_mem_util_percent": 1.0}
{"timestamp_unix": 1772435477.3531978, "pid": 65396, "device_index": 0, "gpu_uuid": "GPU-6f954bfd-7081-31b7-f15c-f9a174bf4d7f", "gpu_util_percent": 21.0, "gpu_mem_util_percent": 2.0, "gpu_mem_used_mib": 7033.0, "gpu_mem_total_mib": 49140.0, "gpu_power_w": 90.28, "process_present": true, "process_mem_mib": 6542.0, "process_mem_share_percent": 13.312983312983311, "process_util_available": true, "process_util_backend": "nvml", "process_sm_util_percent": 22.0, "process_mem_util_percent": 1.0}
{"timestamp_unix": 1772435477.6565056, "pid": 65396, "device_index": 0, "gpu_uuid": "GPU-6f954bfd-7081-31b7-f15c-f9a174bf4d7f", "gpu_util_percent": 20.0, "gpu_mem_util_percent": 2.0, "gpu_mem_used_mib": 7033.0, "gpu_mem_total_mib": 49140.0, "gpu_power_w": 90.49, "process_present": true, "process_mem_mib": 6542.0, "process_mem_share_percent": 13.312983312983311, "process_util_available": true, "process_util_backend": "nvml", "process_sm_util_percent": 21.0, "process_mem_util_percent": 2.0}
{"timestamp_unix": 1772435477.9454544, "pid": 65396, "device_index": 0, "gpu_uuid": "GPU-6f954bfd-7081-31b7-f15c-f9a174bf4d7f", "gpu_util_percent": 20.0, "gpu_mem_util_percent": 2.0, "gpu_mem_used_mib": 7033.0, "gpu_mem_total_mib": 49140.0, "gpu_power_w": 90.49, "process_present": true, "process_mem_mib": 6542.0, "process_mem_share_percent": 13.312983312983311, "process_util_available": true, "process_util_backend": "nvml", "process_sm_util_percent": 22.0, "process_mem_util_percent": 2.0}
{"timestamp_unix": 1772435478.2396245, "pid": 65396, "device_index": 0, "gpu_uuid": "GPU-6f954bfd-7081-31b7-f15c-f9a174bf4d7f", "gpu_util_percent": 20.0, "gpu_mem_util_percent": 2.0, "gpu_mem_used_mib": 7033.0, "gpu_mem_total_mib": 49140.0, "gpu_power_w": 90.58, "process_present": true, "process_mem_mib": 6542.0, "process_mem_share_percent": 13.312983312983311, "process_util_available": true, "process_util_backend": "nvml", "process_sm_util_percent": 21.0, "process_mem_util_percent": 2.0}
{"timestamp_unix": 1772435478.5284789, "pid": 65396, "device_index": 0, "gpu_uuid": "GPU-6f954bfd-7081-31b7-f15c-f9a174bf4d7f", "gpu_util_percent": 20.0, "gpu_mem_util_percent": 2.0, "gpu_mem_used_mib": 7033.0, "gpu_mem_total_mib": 49140.0, "gpu_power_w": 90.58, "process_present": true, "process_mem_mib": 6542.0, "process_mem_share_percent": 13.312983312983311, "process_util_available": true, "process_util_backend": "nvml", "process_sm_util_percent": 22.0, "process_mem_util_percent": 2.0}
{"timestamp_unix": 1772435478.8168082, "pid": 65396, "device_index": 0, "gpu_uuid": "GPU-6f954bfd-7081-31b7-f15c-f9a174bf4d7f", "gpu_util_percent": 22.0, "gpu_mem_util_percent": 2.0, "gpu_mem_used_mib": 7033.0, "gpu_mem_total_mib": 49140.0, "gpu_power_w": 90.56, "process_present": true, "process_mem_mib": 6542.0, "process_mem_share_percent": 13.312983312983311, "process_util_available": true, "process_util_backend": "nvml", "process_sm_util_percent": 23.0, "process_mem_util_percent": 2.0}
{"timestamp_unix": 1772435479.107227, "pid": 65396, "device_index": 0, "gpu_uuid": "GPU-6f954bfd-7081-31b7-f15c-f9a174bf4d7f", "gpu_util_percent": 22.0, "gpu_mem_util_percent": 2.0, "gpu_mem_used_mib": 7031.0, "gpu_mem_total_mib": 49140.0, "gpu_power_w": 90.53, "process_present": true, "process_mem_mib": 6542.0, "process_mem_share_percent": 13.312983312983311, "process_util_available": true, "process_util_backend": "nvml", "process_sm_util_percent": 24.0, "process_mem_util_percent": 2.0}
{"timestamp_unix": 1772435479.3980281, "pid": 65396, "device_index": 0, "gpu_uuid": "GPU-6f954bfd-7081-31b7-f15c-f9a174bf4d7f", "gpu_util_percent": 22.0, "gpu_mem_util_percent": 2.0, "gpu_mem_used_mib": 7031.0, "gpu_mem_total_mib": 49140.0, "gpu_power_w": 90.53, "process_present": true, "process_mem_mib": 6542.0, "process_mem_share_percent": 13.312983312983311, "process_util_available": true, "process_util_backend": "nvml", "process_sm_util_percent": 24.0, "process_mem_util_percent": 2.0}
{"timestamp_unix": 1772435479.6857667, "pid": 65396, "device_index": 0, "gpu_uuid": "GPU-6f954bfd-7081-31b7-f15c-f9a174bf4d7f", "gpu_util_percent": 24.0, "gpu_mem_util_percent": 2.0, "gpu_mem_used_mib": 7031.0, "gpu_mem_total_mib": 49140.0, "gpu_power_w": 90.61, "process_present": true, "process_mem_mib": 6542.0, "process_mem_share_percent": 13.312983312983311, "process_util_available": true, "process_util_backend": "nvml", "process_sm_util_percent": 24.0, "process_mem_util_percent": 2.0}
{"timestamp_unix": 1772435479.990697, "pid": 65396, "device_index": 0, "gpu_uuid": "GPU-6f954bfd-7081-31b7-f15c-f9a174bf4d7f", "gpu_util_percent": 24.0, "gpu_mem_util_percent": 2.0, "gpu_mem_used_mib": 7031.0, "gpu_mem_total_mib": 49140.0, "gpu_power_w": 90.61, "process_present": true, "process_mem_mib": 6542.0, "process_mem_share_percent": 13.312983312983311, "process_util_available": true, "process_util_backend": "nvml", "process_sm_util_percent": 24.0, "process_mem_util_percent": 2.0}
{"timestamp_unix": 1772435480.2929673, "pid": 65396, "device_index": 0, "gpu_uuid": "GPU-6f954bfd-7081-31b7-f15c-f9a174bf4d7f", "gpu_util_percent": 24.0, "gpu_mem_util_percent": 2.0, "gpu_mem_used_mib": 7027.0, "gpu_mem_total_mib": 49140.0, "gpu_power_w": 90.61, "process_present": true, "process_mem_mib": 6542.0, "process_mem_share_percent": 13.312983312983311, "process_util_available": true, "process_util_backend": "nvml", "process_sm_util_percent": 24.0, "process_mem_util_percent": 2.0}
{"timestamp_unix": 1772435480.5806894, "pid": 65396, "device_index": 0, "gpu_uuid": "GPU-6f954bfd-7081-31b7-f15c-f9a174bf4d7f", "gpu_util_percent": 24.0, "gpu_mem_util_percent": 2.0, "gpu_mem_used_mib": 7027.0, "gpu_mem_total_mib": 49140.0, "gpu_power_w": 90.61, "process_present": true, "process_mem_mib": 6542.0, "process_mem_share_percent": 13.312983312983311, "process_util_available": true, "process_util_backend": "nvml", "process_sm_util_percent": 23.0, "process_mem_util_percent": 2.0}
{"timestamp_unix": 1772435480.8759477, "pid": 65396, "device_index": 0, "gpu_uuid": "GPU-6f954bfd-7081-31b7-f15c-f9a174bf4d7f", "gpu_util_percent": 24.0, "gpu_mem_util_percent": 2.0, "gpu_mem_used_mib": 7027.0, "gpu_mem_total_mib": 49140.0, "gpu_power_w": 90.6, "process_present": true, "process_mem_mib": 6542.0, "process_mem_share_percent": 13.312983312983311, "process_util_available": true, "process_util_backend": "nvml", "process_sm_util_percent": 23.0, "process_mem_util_percent": 2.0}
{"timestamp_unix": 1772435481.1637716, "pid": 65396, "device_index": 0, "gpu_uuid": "GPU-6f954bfd-7081-31b7-f15c-f9a174bf4d7f", "gpu_util_percent": 24.0, "gpu_mem_util_percent": 2.0, "gpu_mem_used_mib": 7027.0, "gpu_mem_total_mib": 49140.0, "gpu_power_w": 90.5, "process_present": true, "process_mem_mib": 6542.0, "process_mem_share_percent": 13.312983312983311, "process_util_available": true, "process_util_backend": "nvml", "process_sm_util_percent": 24.0, "process_mem_util_percent": 2.0}
{"timestamp_unix": 1772435481.453044, "pid": 65396, "device_index": 0, "gpu_uuid": "GPU-6f954bfd-7081-31b7-f15c-f9a174bf4d7f", "gpu_util_percent": 24.0, "gpu_mem_util_percent": 2.0, "gpu_mem_used_mib": 7027.0, "gpu_mem_total_mib": 49140.0, "gpu_power_w": 90.5, "process_present": true, "process_mem_mib": 6542.0, "process_mem_share_percent": 13.312983312983311, "process_util_available": true, "process_util_backend": "nvml", "process_sm_util_percent": 24.0, "process_mem_util_percent": 2.0}
{"timestamp_unix": 1772435481.744379, "pid": 65396, "device_index": 0, "gpu_uuid": "GPU-6f954bfd-7081-31b7-f15c-f9a174bf4d7f", "gpu_util_percent": 24.0, "gpu_mem_util_percent": 2.0, "gpu_mem_used_mib": 7027.0, "gpu_mem_total_mib": 49140.0, "gpu_power_w": 90.49, "process_present": true, "process_mem_mib": 6542.0, "process_mem_share_percent": 13.312983312983311, "process_util_available": true, "process_util_backend": "nvml", "process_sm_util_percent": 24.0, "process_mem_util_percent": 2.0}
{"timestamp_unix": 1772435482.0326211, "pid": 65396, "device_index": 0, "gpu_uuid": "GPU-6f954bfd-7081-31b7-f15c-f9a174bf4d7f", "gpu_util_percent": 24.0, "gpu_mem_util_percent": 2.0, "gpu_mem_used_mib": 7027.0, "gpu_mem_total_mib": 49140.0, "gpu_power_w": 90.49, "process_present": true, "process_mem_mib": 6542.0, "process_mem_share_percent": 13.312983312983311, "process_util_available": true, "process_util_backend": "nvml", "process_sm_util_percent": 24.0, "process_mem_util_percent": 2.0}
{"timestamp_unix": 1772435482.3250546, "pid": 65396, "device_index": 0, "gpu_uuid": "GPU-6f954bfd-7081-31b7-f15c-f9a174bf4d7f", "gpu_util_percent": 24.0, "gpu_mem_util_percent": 2.0, "gpu_mem_used_mib": 7027.0, "gpu_mem_total_mib": 49140.0, "gpu_power_w": 90.58, "process_present": true, "process_mem_mib": 6542.0, "process_mem_share_percent": 13.312983312983311, "process_util_available": true, "process_util_backend": "nvml", "process_sm_util_percent": 12.0, "process_mem_util_percent": 1.0}
{"timestamp_unix": 1772435482.6292648, "pid": 65396, "device_index": 0, "gpu_uuid": "GPU-6f954bfd-7081-31b7-f15c-f9a174bf4d7f", "gpu_util_percent": 23.0, "gpu_mem_util_percent": 2.0, "gpu_mem_used_mib": 7027.0, "gpu_mem_total_mib": 49140.0, "gpu_power_w": 90.57, "process_present": true, "process_mem_mib": 6542.0, "process_mem_share_percent": 13.312983312983311, "process_util_available": true, "process_util_backend": "nvml", "process_sm_util_percent": 23.0, "process_mem_util_percent": 1.0}
{"timestamp_unix": 1772435482.9324524, "pid": 65396, "device_index": 0, "gpu_uuid": "GPU-6f954bfd-7081-31b7-f15c-f9a174bf4d7f", "gpu_util_percent": 23.0, "gpu_mem_util_percent": 2.0, "gpu_mem_used_mib": 7027.0, "gpu_mem_total_mib": 49140.0, "gpu_power_w": 90.57, "process_present": true, "process_mem_mib": 6542.0, "process_mem_share_percent": 13.312983312983311, "process_util_available": true, "process_util_backend": "nvml", "process_sm_util_percent": 12.0, "process_mem_util_percent": 1.0}
{"timestamp_unix": 1772435483.2214112, "pid": 65396, "device_index": 0, "gpu_uuid": "GPU-6f954bfd-7081-31b7-f15c-f9a174bf4d7f", "gpu_util_percent": 23.0, "gpu_mem_util_percent": 2.0, "gpu_mem_used_mib": 7030.0, "gpu_mem_total_mib": 49140.0, "gpu_power_w": 90.54, "process_present": true, "process_mem_mib": 6542.0, "process_mem_share_percent": 13.312983312983311, "process_util_available": true, "process_util_backend": "nvml", "process_sm_util_percent": 25.0, "process_mem_util_percent": 2.0}
{"timestamp_unix": 1772435483.5133667, "pid": 65396, "device_index": 0, "gpu_uuid": "GPU-6f954bfd-7081-31b7-f15c-f9a174bf4d7f", "gpu_util_percent": 23.0, "gpu_mem_util_percent": 2.0, "gpu_mem_used_mib": 7030.0, "gpu_mem_total_mib": 49140.0, "gpu_power_w": 90.54, "process_present": true, "process_mem_mib": 6542.0, "process_mem_share_percent": 13.312983312983311, "process_util_available": true, "process_util_backend": "nvml", "process_sm_util_percent": 23.0, "process_mem_util_percent": 1.0}
{"timestamp_unix": 1772435483.8031723, "pid": 65396, "device_index": 0, "gpu_uuid": "GPU-6f954bfd-7081-31b7-f15c-f9a174bf4d7f", "gpu_util_percent": 25.0, "gpu_mem_util_percent": 2.0, "gpu_mem_used_mib": 7031.0, "gpu_mem_total_mib": 49140.0, "gpu_power_w": 90.49, "process_present": true, "process_mem_mib": 6542.0, "process_mem_share_percent": 13.312983312983311, "process_util_available": true, "process_util_backend": "nvml", "process_sm_util_percent": 23.0, "process_mem_util_percent": 2.0}
{"timestamp_unix": 1772435484.0957415, "pid": 65396, "device_index": 0, "gpu_uuid": "GPU-6f954bfd-7081-31b7-f15c-f9a174bf4d7f", "gpu_util_percent": 25.0, "gpu_mem_util_percent": 2.0, "gpu_mem_used_mib": 7089.0, "gpu_mem_total_mib": 49140.0, "gpu_power_w": 90.49, "process_present": true, "process_mem_mib": 6602.0, "process_mem_share_percent": 13.435083435083436, "process_util_available": true, "process_util_backend": "nvml", "process_sm_util_percent": 11.0, "process_mem_util_percent": 0.0}
{"timestamp_unix": 1772435484.389619, "pid": 65396, "device_index": 0, "gpu_uuid": "GPU-6f954bfd-7081-31b7-f15c-f9a174bf4d7f", "gpu_util_percent": 25.0, "gpu_mem_util_percent": 2.0, "gpu_mem_used_mib": 7091.0, "gpu_mem_total_mib": 49140.0, "gpu_power_w": 90.5, "process_present": true, "process_mem_mib": 6602.0, "process_mem_share_percent": 13.435083435083436, "process_util_available": true, "process_util_backend": "nvml", "process_sm_util_percent": null, "process_mem_util_percent": null}
{"timestamp_unix": 1772435484.6802661, "pid": 65396, "device_index": 0, "gpu_uuid": "GPU-6f954bfd-7081-31b7-f15c-f9a174bf4d7f", "gpu_util_percent": 13.0, "gpu_mem_util_percent": 1.0, "gpu_mem_used_mib": 7091.0, "gpu_mem_total_mib": 49140.0, "gpu_power_w": 87.84, "process_present": true, "process_mem_mib": 6602.0, "process_mem_share_percent": 13.435083435083436, "process_util_available": true, "process_util_backend": "nvml", "process_sm_util_percent": null, "process_mem_util_percent": null}
{"timestamp_unix": 1772435484.974456, "pid": 65396, "device_index": 0, "gpu_uuid": "GPU-6f954bfd-7081-31b7-f15c-f9a174bf4d7f", "gpu_util_percent": 13.0, "gpu_mem_util_percent": 1.0, "gpu_mem_used_mib": 7091.0, "gpu_mem_total_mib": 49140.0, "gpu_power_w": 87.84, "process_present": true, "process_mem_mib": 6602.0, "process_mem_share_percent": 13.435083435083436, "process_util_available": true, "process_util_backend": "nvml", "process_sm_util_percent": null, "process_mem_util_percent": null}
{"timestamp_unix": 1772435485.2775972, "pid": 65396, "device_index": 0, "gpu_uuid": "GPU-6f954bfd-7081-31b7-f15c-f9a174bf4d7f", "gpu_util_percent": 13.0, "gpu_mem_util_percent": 1.0, "gpu_mem_used_mib": 7120.0, "gpu_mem_total_mib": 49140.0, "gpu_power_w": 84.72, "process_present": true, "process_mem_mib": 6642.0, "process_mem_share_percent": 13.516483516483516, "process_util_available": true, "process_util_backend": "nvml", "process_sm_util_percent": 15.0, "process_mem_util_percent": 1.0}
{"timestamp_unix": 1772435485.5757465, "pid": 65396, "device_index": 0, "gpu_uuid": "GPU-6f954bfd-7081-31b7-f15c-f9a174bf4d7f", "gpu_util_percent": 13.0, "gpu_mem_util_percent": 1.0, "gpu_mem_used_mib": 7126.0, "gpu_mem_total_mib": 49140.0, "gpu_power_w": 84.72, "process_present": true, "process_mem_mib": 6642.0, "process_mem_share_percent": 13.516483516483516, "process_util_available": true, "process_util_backend": "nvml", "process_sm_util_percent": 22.0, "process_mem_util_percent": 1.0}
{"timestamp_unix": 1772435485.863565, "pid": 65396, "device_index": 0, "gpu_uuid": "GPU-6f954bfd-7081-31b7-f15c-f9a174bf4d7f", "gpu_util_percent": 22.0, "gpu_mem_util_percent": 2.0, "gpu_mem_used_mib": 7126.0, "gpu_mem_total_mib": 49140.0, "gpu_power_w": 86.31, "process_present": true, "process_mem_mib": 6642.0, "process_mem_share_percent": 13.516483516483516, "process_util_available": true, "process_util_backend": "nvml", "process_sm_util_percent": 22.0, "process_mem_util_percent": 1.0}
{"timestamp_unix": 1772435486.1521623, "pid": 65396, "device_index": 0, "gpu_uuid": "GPU-6f954bfd-7081-31b7-f15c-f9a174bf4d7f", "gpu_util_percent": 22.0, "gpu_mem_util_percent": 2.0, "gpu_mem_used_mib": 7125.0, "gpu_mem_total_mib": 49140.0, "gpu_power_w": 89.6, "process_present": true, "process_mem_mib": 6642.0, "process_mem_share_percent": 13.516483516483516, "process_util_available": true, "process_util_backend": "nvml", "process_sm_util_percent": 12.0, "process_mem_util_percent": 0.0}
{"timestamp_unix": 1772435486.4433634, "pid": 65396, "device_index": 0, "gpu_uuid": "GPU-6f954bfd-7081-31b7-f15c-f9a174bf4d7f", "gpu_util_percent": 22.0, "gpu_mem_util_percent": 2.0, "gpu_mem_used_mib": 7125.0, "gpu_mem_total_mib": 49140.0, "gpu_power_w": 89.6, "process_present": true, "process_mem_mib": 6642.0, "process_mem_share_percent": 13.516483516483516, "process_util_available": true, "process_util_backend": "nvml", "process_sm_util_percent": null, "process_mem_util_percent": null}
{"timestamp_unix": 1772435486.73004, "pid": 65396, "device_index": 0, "gpu_uuid": "GPU-6f954bfd-7081-31b7-f15c-f9a174bf4d7f", "gpu_util_percent": 23.0, "gpu_mem_util_percent": 2.0, "gpu_mem_used_mib": 7125.0, "gpu_mem_total_mib": 49140.0, "gpu_power_w": 90.86, "process_present": true, "process_mem_mib": 6642.0, "process_mem_share_percent": 13.516483516483516, "process_util_available": true, "process_util_backend": "nvml", "process_sm_util_percent": 23.0, "process_mem_util_percent": 1.0}
{"timestamp_unix": 1772435487.018618, "pid": 65396, "device_index": 0, "gpu_uuid": "GPU-6f954bfd-7081-31b7-f15c-f9a174bf4d7f", "gpu_util_percent": 23.0, "gpu_mem_util_percent": 2.0, "gpu_mem_used_mib": 7125.0, "gpu_mem_total_mib": 49140.0, "gpu_power_w": 90.86, "process_present": true, "process_mem_mib": 6642.0, "process_mem_share_percent": 13.516483516483516, "process_util_available": true, "process_util_backend": "nvml", "process_sm_util_percent": 23.0, "process_mem_util_percent": 2.0}
{"timestamp_unix": 1772435487.3089325, "pid": 65396, "device_index": 0, "gpu_uuid": "GPU-6f954bfd-7081-31b7-f15c-f9a174bf4d7f", "gpu_util_percent": 23.0, "gpu_mem_util_percent": 2.0, "gpu_mem_used_mib": 7125.0, "gpu_mem_total_mib": 49140.0, "gpu_power_w": 90.83, "process_present": true, "process_mem_mib": 6642.0, "process_mem_share_percent": 13.516483516483516, "process_util_available": true, "process_util_backend": "nvml", "process_sm_util_percent": 23.0, "process_mem_util_percent": 1.0}
{"timestamp_unix": 1772435487.603914, "pid": 65396, "device_index": 0, "gpu_uuid": "GPU-6f954bfd-7081-31b7-f15c-f9a174bf4d7f", "gpu_util_percent": 23.0, "gpu_mem_util_percent": 2.0, "gpu_mem_used_mib": 7125.0, "gpu_mem_total_mib": 49140.0, "gpu_power_w": 90.83, "process_present": true, "process_mem_mib": 6642.0, "process_mem_share_percent": 13.516483516483516, "process_util_available": true, "process_util_backend": "nvml", "process_sm_util_percent": null, "process_mem_util_percent": null}
{"timestamp_unix": 1772435487.91154, "pid": 65396, "device_index": 0, "gpu_uuid": "GPU-6f954bfd-7081-31b7-f15c-f9a174bf4d7f", "gpu_util_percent": 24.0, "gpu_mem_util_percent": 2.0, "gpu_mem_used_mib": 7125.0, "gpu_mem_total_mib": 49140.0, "gpu_power_w": 90.89, "process_present": true, "process_mem_mib": 6642.0, "process_mem_share_percent": 13.516483516483516, "process_util_available": true, "process_util_backend": "nvml", "process_sm_util_percent": 23.0, "process_mem_util_percent": 1.0}
{"timestamp_unix": 1772435488.2107139, "pid": 65396, "device_index": 0, "gpu_uuid": "GPU-6f954bfd-7081-31b7-f15c-f9a174bf4d7f", "gpu_util_percent": 24.0, "gpu_mem_util_percent": 2.0, "gpu_mem_used_mib": 7125.0, "gpu_mem_total_mib": 49140.0, "gpu_power_w": 90.94, "process_present": true, "process_mem_mib": 6642.0, "process_mem_share_percent": 13.516483516483516, "process_util_available": true, "process_util_backend": "nvml", "process_sm_util_percent": 23.0, "process_mem_util_percent": 1.0}
{"timestamp_unix": 1772435488.4969454, "pid": 65396, "device_index": 0, "gpu_uuid": "GPU-6f954bfd-7081-31b7-f15c-f9a174bf4d7f", "gpu_util_percent": 24.0, "gpu_mem_util_percent": 2.0, "gpu_mem_used_mib": 7125.0, "gpu_mem_total_mib": 49140.0, "gpu_power_w": 90.94, "process_present": true, "process_mem_mib": 6642.0, "process_mem_share_percent": 13.516483516483516, "process_util_available": true, "process_util_backend": "nvml", "process_sm_util_percent": 23.0, "process_mem_util_percent": 1.0}
{"timestamp_unix": 1772435488.785216, "pid": 65396, "device_index": 0, "gpu_uuid": "GPU-6f954bfd-7081-31b7-f15c-f9a174bf4d7f", "gpu_util_percent": 24.0, "gpu_mem_util_percent": 2.0, "gpu_mem_used_mib": 7125.0, "gpu_mem_total_mib": 49140.0, "gpu_power_w": 90.95, "process_present": true, "process_mem_mib": 6642.0, "process_mem_share_percent": 13.516483516483516, "process_util_available": true, "process_util_backend": "nvml", "process_sm_util_percent": 23.0, "process_mem_util_percent": 1.0}
{"timestamp_unix": 1772435489.07706, "pid": 65396, "device_index": 0, "gpu_uuid": "GPU-6f954bfd-7081-31b7-f15c-f9a174bf4d7f", "gpu_util_percent": 24.0, "gpu_mem_util_percent": 2.0, "gpu_mem_used_mib": 7127.0, "gpu_mem_total_mib": 49140.0, "gpu_power_w": 90.95, "process_present": true, "process_mem_mib": 6642.0, "process_mem_share_percent": 13.516483516483516, "process_util_available": true, "process_util_backend": "nvml", "process_sm_util_percent": 23.0, "process_mem_util_percent": 1.0}
{"timestamp_unix": 1772435489.365459, "pid": 65396, "device_index": 0, "gpu_uuid": "GPU-6f954bfd-7081-31b7-f15c-f9a174bf4d7f", "gpu_util_percent": 24.0, "gpu_mem_util_percent": 2.0, "gpu_mem_used_mib": 7133.0, "gpu_mem_total_mib": 49140.0, "gpu_power_w": 90.93, "process_present": true, "process_mem_mib": 6642.0, "process_mem_share_percent": 13.516483516483516, "process_util_available": true, "process_util_backend": "nvml", "process_sm_util_percent": 26.0, "process_mem_util_percent": 2.0}
{"timestamp_unix": 1772435489.651648, "pid": 65396, "device_index": 0, "gpu_uuid": "GPU-6f954bfd-7081-31b7-f15c-f9a174bf4d7f", "gpu_util_percent": 23.0, "gpu_mem_util_percent": 2.0, "gpu_mem_used_mib": 7133.0, "gpu_mem_total_mib": 49140.0, "gpu_power_w": 90.97, "process_present": true, "process_mem_mib": 6642.0, "process_mem_share_percent": 13.516483516483516, "process_util_available": true, "process_util_backend": "nvml", "process_sm_util_percent": 23.0, "process_mem_util_percent": 1.0}
{"timestamp_unix": 1772435489.9439907, "pid": 65396, "device_index": 0, "gpu_uuid": "GPU-6f954bfd-7081-31b7-f15c-f9a174bf4d7f", "gpu_util_percent": 23.0, "gpu_mem_util_percent": 2.0, "gpu_mem_used_mib": 7133.0, "gpu_mem_total_mib": 49140.0, "gpu_power_w": 90.97, "process_present": true, "process_mem_mib": 6642.0, "process_mem_share_percent": 13.516483516483516, "process_util_available": true, "process_util_backend": "nvml", "process_sm_util_percent": 23.0, "process_mem_util_percent": 1.0}
{"timestamp_unix": 1772435490.2442298, "pid": 65396, "device_index": 0, "gpu_uuid": "GPU-6f954bfd-7081-31b7-f15c-f9a174bf4d7f", "gpu_util_percent": 23.0, "gpu_mem_util_percent": 2.0, "gpu_mem_used_mib": 7133.0, "gpu_mem_total_mib": 49140.0, "gpu_power_w": 91.03, "process_present": true, "process_mem_mib": 6642.0, "process_mem_share_percent": 13.516483516483516, "process_util_available": true, "process_util_backend": "nvml", "process_sm_util_percent": 24.0, "process_mem_util_percent": 2.0}
{"timestamp_unix": 1772435490.5437427, "pid": 65396, "device_index": 0, "gpu_uuid": "GPU-6f954bfd-7081-31b7-f15c-f9a174bf4d7f", "gpu_util_percent": 23.0, "gpu_mem_util_percent": 2.0, "gpu_mem_used_mib": 7133.0, "gpu_mem_total_mib": 49140.0, "gpu_power_w": 91.03, "process_present": true, "process_mem_mib": 6642.0, "process_mem_share_percent": 13.516483516483516, "process_util_available": true, "process_util_backend": "nvml", "process_sm_util_percent": 24.0, "process_mem_util_percent": 1.0}
{"timestamp_unix": 1772435490.8561716, "pid": 65396, "device_index": 0, "gpu_uuid": "GPU-6f954bfd-7081-31b7-f15c-f9a174bf4d7f", "gpu_util_percent": 23.0, "gpu_mem_util_percent": 2.0, "gpu_mem_used_mib": 7133.0, "gpu_mem_total_mib": 49140.0, "gpu_power_w": 90.92, "process_present": true, "process_mem_mib": 6642.0, "process_mem_share_percent": 13.516483516483516, "process_util_available": true, "process_util_backend": "nvml", "process_sm_util_percent": 23.0, "process_mem_util_percent": 1.0}
{"timestamp_unix": 1772435491.1449232, "pid": 65396, "device_index": 0, "gpu_uuid": "GPU-6f954bfd-7081-31b7-f15c-f9a174bf4d7f", "gpu_util_percent": 23.0, "gpu_mem_util_percent": 2.0, "gpu_mem_used_mib": 7133.0, "gpu_mem_total_mib": 49140.0, "gpu_power_w": 90.85, "process_present": true, "process_mem_mib": 6642.0, "process_mem_share_percent": 13.516483516483516, "process_util_available": true, "process_util_backend": "nvml", "process_sm_util_percent": 24.0, "process_mem_util_percent": 1.0}
{"timestamp_unix": 1772435491.429773, "pid": 65396, "device_index": 0, "gpu_uuid": "GPU-6f954bfd-7081-31b7-f15c-f9a174bf4d7f", "gpu_util_percent": 23.0, "gpu_mem_util_percent": 2.0, "gpu_mem_used_mib": 7133.0, "gpu_mem_total_mib": 49140.0, "gpu_power_w": 90.85, "process_present": true, "process_mem_mib": 6642.0, "process_mem_share_percent": 13.516483516483516, "process_util_available": true, "process_util_backend": "nvml", "process_sm_util_percent": 24.0, "process_mem_util_percent": 1.0}
{"timestamp_unix": 1772435491.715224, "pid": 65396, "device_index": 0, "gpu_uuid": "GPU-6f954bfd-7081-31b7-f15c-f9a174bf4d7f", "gpu_util_percent": 24.0, "gpu_mem_util_percent": 2.0, "gpu_mem_used_mib": 7133.0, "gpu_mem_total_mib": 49140.0, "gpu_power_w": 90.83, "process_present": true, "process_mem_mib": 6642.0, "process_mem_share_percent": 13.516483516483516, "process_util_available": true, "process_util_backend": "nvml", "process_sm_util_percent": 23.0, "process_mem_util_percent": 1.0}
{"timestamp_unix": 1772435492.0017889, "pid": 65396, "device_index": 0, "gpu_uuid": "GPU-6f954bfd-7081-31b7-f15c-f9a174bf4d7f", "gpu_util_percent": 24.0, "gpu_mem_util_percent": 2.0, "gpu_mem_used_mib": 7133.0, "gpu_mem_total_mib": 49140.0, "gpu_power_w": 90.83, "process_present": true, "process_mem_mib": 6642.0, "process_mem_share_percent": 13.516483516483516, "process_util_available": true, "process_util_backend": "nvml", "process_sm_util_percent": 23.0, "process_mem_util_percent": 1.0}
{"timestamp_unix": 1772435492.2915912, "pid": 65396, "device_index": 0, "gpu_uuid": "GPU-6f954bfd-7081-31b7-f15c-f9a174bf4d7f", "gpu_util_percent": 24.0, "gpu_mem_util_percent": 2.0, "gpu_mem_used_mib": 7133.0, "gpu_mem_total_mib": 49140.0, "gpu_power_w": 90.89, "process_present": true, "process_mem_mib": 6642.0, "process_mem_share_percent": 13.516483516483516, "process_util_available": true, "process_util_backend": "nvml", "process_sm_util_percent": 23.0, "process_mem_util_percent": 1.0}
{"timestamp_unix": 1772435492.5799031, "pid": 65396, "device_index": 0, "gpu_uuid": "GPU-6f954bfd-7081-31b7-f15c-f9a174bf4d7f", "gpu_util_percent": 24.0, "gpu_mem_util_percent": 2.0, "gpu_mem_used_mib": 7133.0, "gpu_mem_total_mib": 49140.0, "gpu_power_w": 90.89, "process_present": true, "process_mem_mib": 6642.0, "process_mem_share_percent": 13.516483516483516, "process_util_available": true, "process_util_backend": "nvml", "process_sm_util_percent": 23.0, "process_mem_util_percent": 1.0}
{"timestamp_unix": 1772435492.8879387, "pid": 65396, "device_index": 0, "gpu_uuid": "GPU-6f954bfd-7081-31b7-f15c-f9a174bf4d7f", "gpu_util_percent": 24.0, "gpu_mem_util_percent": 2.0, "gpu_mem_used_mib": 7133.0, "gpu_mem_total_mib": 49140.0, "gpu_power_w": 90.89, "process_present": true, "process_mem_mib": 6642.0, "process_mem_share_percent": 13.516483516483516, "process_util_available": true, "process_util_backend": "nvml", "process_sm_util_percent": 23.0, "process_mem_util_percent": 1.0}
{"timestamp_unix": 1772435493.1912029, "pid": 65396, "device_index": 0, "gpu_uuid": "GPU-6f954bfd-7081-31b7-f15c-f9a174bf4d7f", "gpu_util_percent": 24.0, "gpu_mem_util_percent": 2.0, "gpu_mem_used_mib": 7133.0, "gpu_mem_total_mib": 49140.0, "gpu_power_w": 90.87, "process_present": true, "process_mem_mib": 6642.0, "process_mem_share_percent": 13.516483516483516, "process_util_available": true, "process_util_backend": "nvml", "process_sm_util_percent": 25.0, "process_mem_util_percent": 1.0}
{"timestamp_unix": 1772435493.481489, "pid": 65396, "device_index": 0, "gpu_uuid": "GPU-6f954bfd-7081-31b7-f15c-f9a174bf4d7f", "gpu_util_percent": 24.0, "gpu_mem_util_percent": 2.0, "gpu_mem_used_mib": 7133.0, "gpu_mem_total_mib": 49140.0, "gpu_power_w": 90.87, "process_present": true, "process_mem_mib": 6642.0, "process_mem_share_percent": 13.516483516483516, "process_util_available": true, "process_util_backend": "nvml", "process_sm_util_percent": 24.0, "process_mem_util_percent": 2.0}
{"timestamp_unix": 1772435493.7692413, "pid": 65396, "device_index": 0, "gpu_uuid": "GPU-6f954bfd-7081-31b7-f15c-f9a174bf4d7f", "gpu_util_percent": 24.0, "gpu_mem_util_percent": 2.0, "gpu_mem_used_mib": 7133.0, "gpu_mem_total_mib": 49140.0, "gpu_power_w": 90.88, "process_present": true, "process_mem_mib": 6642.0, "process_mem_share_percent": 13.516483516483516, "process_util_available": true, "process_util_backend": "nvml", "process_sm_util_percent": 23.0, "process_mem_util_percent": 1.0}
{"timestamp_unix": 1772435494.0618002, "pid": 65396, "device_index": 0, "gpu_uuid": "GPU-6f954bfd-7081-31b7-f15c-f9a174bf4d7f", "gpu_util_percent": 24.0, "gpu_mem_util_percent": 2.0, "gpu_mem_used_mib": 7133.0, "gpu_mem_total_mib": 49140.0, "gpu_power_w": 90.88, "process_present": true, "process_mem_mib": 6642.0, "process_mem_share_percent": 13.516483516483516, "process_util_available": true, "process_util_backend": "nvml", "process_sm_util_percent": 23.0, "process_mem_util_percent": 1.0}
{"timestamp_unix": 1772435494.3491192, "pid": 65396, "device_index": 0, "gpu_uuid": "GPU-6f954bfd-7081-31b7-f15c-f9a174bf4d7f", "gpu_util_percent": 24.0, "gpu_mem_util_percent": 2.0, "gpu_mem_used_mib": 7133.0, "gpu_mem_total_mib": 49140.0, "gpu_power_w": 90.92, "process_present": true, "process_mem_mib": 6642.0, "process_mem_share_percent": 13.516483516483516, "process_util_available": true, "process_util_backend": "nvml", "process_sm_util_percent": 24.0, "process_mem_util_percent": 2.0}
{"timestamp_unix": 1772435494.6407623, "pid": 65396, "device_index": 0, "gpu_uuid": "GPU-6f954bfd-7081-31b7-f15c-f9a174bf4d7f", "gpu_util_percent": 24.0, "gpu_mem_util_percent": 2.0, "gpu_mem_used_mib": 7133.0, "gpu_mem_total_mib": 49140.0, "gpu_power_w": 90.82, "process_present": true, "process_mem_mib": 6642.0, "process_mem_share_percent": 13.516483516483516, "process_util_available": true, "process_util_backend": "nvml", "process_sm_util_percent": 23.0, "process_mem_util_percent": 1.0}
{"timestamp_unix": 1772435494.9305868, "pid": 65396, "device_index": 0, "gpu_uuid": "GPU-6f954bfd-7081-31b7-f15c-f9a174bf4d7f", "gpu_util_percent": 24.0, "gpu_mem_util_percent": 2.0, "gpu_mem_used_mib": 7133.0, "gpu_mem_total_mib": 49140.0, "gpu_power_w": 90.82, "process_present": true, "process_mem_mib": 6642.0, "process_mem_share_percent": 13.516483516483516, "process_util_available": true, "process_util_backend": "nvml", "process_sm_util_percent": 23.0, "process_mem_util_percent": 1.0}
{"timestamp_unix": 1772435495.220197, "pid": 65396, "device_index": 0, "gpu_uuid": "GPU-6f954bfd-7081-31b7-f15c-f9a174bf4d7f", "gpu_util_percent": 24.0, "gpu_mem_util_percent": 2.0, "gpu_mem_used_mib": 7137.0, "gpu_mem_total_mib": 49140.0, "gpu_power_w": 90.76, "process_present": true, "process_mem_mib": 6642.0, "process_mem_share_percent": 13.516483516483516, "process_util_available": true, "process_util_backend": "nvml", "process_sm_util_percent": 24.0, "process_mem_util_percent": 1.0}
{"timestamp_unix": 1772435495.5274668, "pid": 65396, "device_index": 0, "gpu_uuid": "GPU-6f954bfd-7081-31b7-f15c-f9a174bf4d7f", "gpu_util_percent": 24.0, "gpu_mem_util_percent": 2.0, "gpu_mem_used_mib": 7137.0, "gpu_mem_total_mib": 49140.0, "gpu_power_w": 90.76, "process_present": true, "process_mem_mib": 6642.0, "process_mem_share_percent": 13.516483516483516, "process_util_available": true, "process_util_backend": "nvml", "process_sm_util_percent": 24.0, "process_mem_util_percent": 1.0}
{"timestamp_unix": 1772435495.8263958, "pid": 65396, "device_index": 0, "gpu_uuid": "GPU-6f954bfd-7081-31b7-f15c-f9a174bf4d7f", "gpu_util_percent": 24.0, "gpu_mem_util_percent": 2.0, "gpu_mem_used_mib": 7137.0, "gpu_mem_total_mib": 49140.0, "gpu_power_w": 90.75, "process_present": true, "process_mem_mib": 6642.0, "process_mem_share_percent": 13.516483516483516, "process_util_available": true, "process_util_backend": "nvml", "process_sm_util_percent": 23.0, "process_mem_util_percent": 1.0}
{"timestamp_unix": 1772435496.116056, "pid": 65396, "device_index": 0, "gpu_uuid": "GPU-6f954bfd-7081-31b7-f15c-f9a174bf4d7f", "gpu_util_percent": 24.0, "gpu_mem_util_percent": 2.0, "gpu_mem_used_mib": 7137.0, "gpu_mem_total_mib": 49140.0, "gpu_power_w": 90.69, "process_present": true, "process_mem_mib": 6642.0, "process_mem_share_percent": 13.516483516483516, "process_util_available": true, "process_util_backend": "nvml", "process_sm_util_percent": 12.0, "process_mem_util_percent": 0.0}
{"timestamp_unix": 1772435496.4111133, "pid": 65396, "device_index": 0, "gpu_uuid": "GPU-6f954bfd-7081-31b7-f15c-f9a174bf4d7f", "gpu_util_percent": 24.0, "gpu_mem_util_percent": 2.0, "gpu_mem_used_mib": 7137.0, "gpu_mem_total_mib": 49140.0, "gpu_power_w": 90.69, "process_present": true, "process_mem_mib": 6642.0, "process_mem_share_percent": 13.516483516483516, "process_util_available": true, "process_util_backend": "nvml", "process_sm_util_percent": null, "process_mem_util_percent": null}
{"timestamp_unix": 1772435496.699554, "pid": 65396, "device_index": 0, "gpu_uuid": "GPU-6f954bfd-7081-31b7-f15c-f9a174bf4d7f", "gpu_util_percent": 25.0, "gpu_mem_util_percent": 2.0, "gpu_mem_used_mib": 7137.0, "gpu_mem_total_mib": 49140.0, "gpu_power_w": 90.55, "process_present": true, "process_mem_mib": 6642.0, "process_mem_share_percent": 13.516483516483516, "process_util_available": true, "process_util_backend": "nvml", "process_sm_util_percent": 12.0, "process_mem_util_percent": 0.0}
{"timestamp_unix": 1772435496.9934082, "pid": 65396, "device_index": 0, "gpu_uuid": "GPU-6f954bfd-7081-31b7-f15c-f9a174bf4d7f", "gpu_util_percent": 25.0, "gpu_mem_util_percent": 2.0, "gpu_mem_used_mib": 7137.0, "gpu_mem_total_mib": 49140.0, "gpu_power_w": 90.55, "process_present": true, "process_mem_mib": 6642.0, "process_mem_share_percent": 13.516483516483516, "process_util_available": true, "process_util_backend": "nvml", "process_sm_util_percent": 23.0, "process_mem_util_percent": 1.0}
{"timestamp_unix": 1772435497.2828617, "pid": 65396, "device_index": 0, "gpu_uuid": "GPU-6f954bfd-7081-31b7-f15c-f9a174bf4d7f", "gpu_util_percent": 25.0, "gpu_mem_util_percent": 2.0, "gpu_mem_used_mib": 7136.0, "gpu_mem_total_mib": 49140.0, "gpu_power_w": 90.59, "process_present": true, "process_mem_mib": 6642.0, "process_mem_share_percent": 13.516483516483516, "process_util_available": true, "process_util_backend": "nvml", "process_sm_util_percent": 23.0, "process_mem_util_percent": 1.0}
{"timestamp_unix": 1772435497.5716107, "pid": 65396, "device_index": 0, "gpu_uuid": "GPU-6f954bfd-7081-31b7-f15c-f9a174bf4d7f", "gpu_util_percent": 25.0, "gpu_mem_util_percent": 2.0, "gpu_mem_used_mib": 7136.0, "gpu_mem_total_mib": 49140.0, "gpu_power_w": 90.59, "process_present": true, "process_mem_mib": 6642.0, "process_mem_share_percent": 13.516483516483516, "process_util_available": true, "process_util_backend": "nvml", "process_sm_util_percent": 23.0, "process_mem_util_percent": 1.0}
{"timestamp_unix": 1772435497.871599, "pid": 65396, "device_index": 0, "gpu_uuid": "GPU-6f954bfd-7081-31b7-f15c-f9a174bf4d7f", "gpu_util_percent": 25.0, "gpu_mem_util_percent": 2.0, "gpu_mem_used_mib": 7136.0, "gpu_mem_total_mib": 49140.0, "gpu_power_w": 90.71, "process_present": true, "process_mem_mib": 6642.0, "process_mem_share_percent": 13.516483516483516, "process_util_available": true, "process_util_backend": "nvml", "process_sm_util_percent": null, "process_mem_util_percent": null}
{"timestamp_unix": 1772435498.173696, "pid": 65396, "device_index": 0, "gpu_uuid": "GPU-6f954bfd-7081-31b7-f15c-f9a174bf4d7f", "gpu_util_percent": 25.0, "gpu_mem_util_percent": 2.0, "gpu_mem_used_mib": 7135.0, "gpu_mem_total_mib": 49140.0, "gpu_power_w": 90.72, "process_present": true, "process_mem_mib": 6642.0, "process_mem_share_percent": 13.516483516483516, "process_util_available": true, "process_util_backend": "nvml", "process_sm_util_percent": 22.0, "process_mem_util_percent": 1.0}
{"timestamp_unix": 1772435498.4773653, "pid": 65396, "device_index": 0, "gpu_uuid": "GPU-6f954bfd-7081-31b7-f15c-f9a174bf4d7f", "gpu_util_percent": 25.0, "gpu_mem_util_percent": 2.0, "gpu_mem_used_mib": 7135.0, "gpu_mem_total_mib": 49140.0, "gpu_power_w": 90.72, "process_present": true, "process_mem_mib": 6642.0, "process_mem_share_percent": 13.516483516483516, "process_util_available": true, "process_util_backend": "nvml", "process_sm_util_percent": 21.0, "process_mem_util_percent": 1.0}
{"timestamp_unix": 1772435498.7811835, "pid": 65396, "device_index": 0, "gpu_uuid": "GPU-6f954bfd-7081-31b7-f15c-f9a174bf4d7f", "gpu_util_percent": 23.0, "gpu_mem_util_percent": 2.0, "gpu_mem_used_mib": 7135.0, "gpu_mem_total_mib": 49140.0, "gpu_power_w": 90.62, "process_present": true, "process_mem_mib": 6642.0, "process_mem_share_percent": 13.516483516483516, "process_util_available": true, "process_util_backend": "nvml", "process_sm_util_percent": 21.0, "process_mem_util_percent": 1.0}
{"timestamp_unix": 1772435499.0801802, "pid": 65396, "device_index": 0, "gpu_uuid": "GPU-6f954bfd-7081-31b7-f15c-f9a174bf4d7f", "gpu_util_percent": 23.0, "gpu_mem_util_percent": 2.0, "gpu_mem_used_mib": 7135.0, "gpu_mem_total_mib": 49140.0, "gpu_power_w": 90.62, "process_present": true, "process_mem_mib": 6642.0, "process_mem_share_percent": 13.516483516483516, "process_util_available": true, "process_util_backend": "nvml", "process_sm_util_percent": 20.0, "process_mem_util_percent": 2.0}
{"timestamp_unix": 1772435499.3778827, "pid": 65396, "device_index": 0, "gpu_uuid": "GPU-6f954bfd-7081-31b7-f15c-f9a174bf4d7f", "gpu_util_percent": 23.0, "gpu_mem_util_percent": 2.0, "gpu_mem_used_mib": 7135.0, "gpu_mem_total_mib": 49140.0, "gpu_power_w": 90.78, "process_present": true, "process_mem_mib": 6642.0, "process_mem_share_percent": 13.516483516483516, "process_util_available": true, "process_util_backend": "nvml", "process_sm_util_percent": 19.0, "process_mem_util_percent": 2.0}
{"timestamp_unix": 1772435499.6651294, "pid": 65396, "device_index": 0, "gpu_uuid": "GPU-6f954bfd-7081-31b7-f15c-f9a174bf4d7f", "gpu_util_percent": 21.0, "gpu_mem_util_percent": 2.0, "gpu_mem_used_mib": 7135.0, "gpu_mem_total_mib": 49140.0, "gpu_power_w": 91.0, "process_present": true, "process_mem_mib": 6642.0, "process_mem_share_percent": 13.516483516483516, "process_util_available": true, "process_util_backend": "nvml", "process_sm_util_percent": 20.0, "process_mem_util_percent": 1.0}
{"timestamp_unix": 1772435499.9522977, "pid": 65396, "device_index": 0, "gpu_uuid": "GPU-6f954bfd-7081-31b7-f15c-f9a174bf4d7f", "gpu_util_percent": 21.0, "gpu_mem_util_percent": 2.0, "gpu_mem_used_mib": 7135.0, "gpu_mem_total_mib": 49140.0, "gpu_power_w": 91.0, "process_present": true, "process_mem_mib": 6642.0, "process_mem_share_percent": 13.516483516483516, "process_util_available": true, "process_util_backend": "nvml", "process_sm_util_percent": 20.0, "process_mem_util_percent": 1.0}
{"timestamp_unix": 1772435500.2434788, "pid": 65396, "device_index": 0, "gpu_uuid": "GPU-6f954bfd-7081-31b7-f15c-f9a174bf4d7f", "gpu_util_percent": 21.0, "gpu_mem_util_percent": 2.0, "gpu_mem_used_mib": 7131.0, "gpu_mem_total_mib": 49140.0, "gpu_power_w": 91.08, "process_present": true, "process_mem_mib": 6642.0, "process_mem_share_percent": 13.516483516483516, "process_util_available": true, "process_util_backend": "nvml", "process_sm_util_percent": 21.0, "process_mem_util_percent": 1.0}
{"timestamp_unix": 1772435500.5322425, "pid": 65396, "device_index": 0, "gpu_uuid": "GPU-6f954bfd-7081-31b7-f15c-f9a174bf4d7f", "gpu_util_percent": 21.0, "gpu_mem_util_percent": 2.0, "gpu_mem_used_mib": 7131.0, "gpu_mem_total_mib": 49140.0, "gpu_power_w": 91.08, "process_present": true, "process_mem_mib": 6642.0, "process_mem_share_percent": 13.516483516483516, "process_util_available": true, "process_util_backend": "nvml", "process_sm_util_percent": 22.0, "process_mem_util_percent": 1.0}
{"timestamp_unix": 1772435500.8210554, "pid": 65396, "device_index": 0, "gpu_uuid": "GPU-6f954bfd-7081-31b7-f15c-f9a174bf4d7f", "gpu_util_percent": 24.0, "gpu_mem_util_percent": 2.0, "gpu_mem_used_mib": 7131.0, "gpu_mem_total_mib": 49140.0, "gpu_power_w": 91.05, "process_present": true, "process_mem_mib": 6642.0, "process_mem_share_percent": 13.516483516483516, "process_util_available": true, "process_util_backend": "nvml", "process_sm_util_percent": 22.0, "process_mem_util_percent": 1.0}
{"timestamp_unix": 1772435501.1108556, "pid": 65396, "device_index": 0, "gpu_uuid": "GPU-6f954bfd-7081-31b7-f15c-f9a174bf4d7f", "gpu_util_percent": 24.0, "gpu_mem_util_percent": 2.0, "gpu_mem_used_mib": 7125.0, "gpu_mem_total_mib": 49140.0, "gpu_power_w": 91.01, "process_present": true, "process_mem_mib": 6642.0, "process_mem_share_percent": 13.516483516483516, "process_util_available": true, "process_util_backend": "nvml", "process_sm_util_percent": 23.0, "process_mem_util_percent": 1.0}
{"timestamp_unix": 1772435501.4107761, "pid": 65396, "device_index": 0, "gpu_uuid": "GPU-6f954bfd-7081-31b7-f15c-f9a174bf4d7f", "gpu_util_percent": 24.0, "gpu_mem_util_percent": 2.0, "gpu_mem_used_mib": 7125.0, "gpu_mem_total_mib": 49140.0, "gpu_power_w": 91.01, "process_present": true, "process_mem_mib": 6642.0, "process_mem_share_percent": 13.516483516483516, "process_util_available": true, "process_util_backend": "nvml", "process_sm_util_percent": 23.0, "process_mem_util_percent": 1.0}
{"timestamp_unix": 1772435501.7096517, "pid": 65396, "device_index": 0, "gpu_uuid": "GPU-6f954bfd-7081-31b7-f15c-f9a174bf4d7f", "gpu_util_percent": 24.0, "gpu_mem_util_percent": 2.0, "gpu_mem_used_mib": 7125.0, "gpu_mem_total_mib": 49140.0, "gpu_power_w": 90.93, "process_present": true, "process_mem_mib": 6642.0, "process_mem_share_percent": 13.516483516483516, "process_util_available": true, "process_util_backend": "nvml", "process_sm_util_percent": 23.0, "process_mem_util_percent": 1.0}
{"timestamp_unix": 1772435502.0106077, "pid": 65396, "device_index": 0, "gpu_uuid": "GPU-6f954bfd-7081-31b7-f15c-f9a174bf4d7f", "gpu_util_percent": 24.0, "gpu_mem_util_percent": 2.0, "gpu_mem_used_mib": 7124.0, "gpu_mem_total_mib": 49140.0, "gpu_power_w": 90.93, "process_present": true, "process_mem_mib": 6642.0, "process_mem_share_percent": 13.516483516483516, "process_util_available": true, "process_util_backend": "nvml", "process_sm_util_percent": 23.0, "process_mem_util_percent": 1.0}
{"timestamp_unix": 1772435502.2968206, "pid": 65396, "device_index": 0, "gpu_uuid": "GPU-6f954bfd-7081-31b7-f15c-f9a174bf4d7f", "gpu_util_percent": 24.0, "gpu_mem_util_percent": 2.0, "gpu_mem_used_mib": 7124.0, "gpu_mem_total_mib": 49140.0, "gpu_power_w": 90.81, "process_present": true, "process_mem_mib": 6642.0, "process_mem_share_percent": 13.516483516483516, "process_util_available": true, "process_util_backend": "nvml", "process_sm_util_percent": 23.0, "process_mem_util_percent": 1.0}
{"timestamp_unix": 1772435502.5854447, "pid": 65396, "device_index": 0, "gpu_uuid": "GPU-6f954bfd-7081-31b7-f15c-f9a174bf4d7f", "gpu_util_percent": 24.0, "gpu_mem_util_percent": 2.0, "gpu_mem_used_mib": 7124.0, "gpu_mem_total_mib": 49140.0, "gpu_power_w": 90.81, "process_present": true, "process_mem_mib": 6642.0, "process_mem_share_percent": 13.516483516483516, "process_util_available": true, "process_util_backend": "nvml", "process_sm_util_percent": 23.0, "process_mem_util_percent": 1.0}
{"timestamp_unix": 1772435502.878186, "pid": 65396, "device_index": 0, "gpu_uuid": "GPU-6f954bfd-7081-31b7-f15c-f9a174bf4d7f", "gpu_util_percent": 24.0, "gpu_mem_util_percent": 2.0, "gpu_mem_used_mib": 7124.0, "gpu_mem_total_mib": 49140.0, "gpu_power_w": 90.81, "process_present": true, "process_mem_mib": 6642.0, "process_mem_share_percent": 13.516483516483516, "process_util_available": true, "process_util_backend": "nvml", "process_sm_util_percent": null, "process_mem_util_percent": null}
{"timestamp_unix": 1772435503.1645179, "pid": 65396, "device_index": 0, "gpu_uuid": "GPU-6f954bfd-7081-31b7-f15c-f9a174bf4d7f", "gpu_util_percent": 24.0, "gpu_mem_util_percent": 2.0, "gpu_mem_used_mib": 7124.0, "gpu_mem_total_mib": 49140.0, "gpu_power_w": 88.96, "process_present": true, "process_mem_mib": 6642.0, "process_mem_share_percent": 13.516483516483516, "process_util_available": true, "process_util_backend": "nvml", "process_sm_util_percent": 10.0, "process_mem_util_percent": 0.0}
{"timestamp_unix": 1772435503.4566214, "pid": 65396, "device_index": 0, "gpu_uuid": "GPU-6f954bfd-7081-31b7-f15c-f9a174bf4d7f", "gpu_util_percent": 24.0, "gpu_mem_util_percent": 2.0, "gpu_mem_used_mib": 7124.0, "gpu_mem_total_mib": 49140.0, "gpu_power_w": 88.96, "process_present": true, "process_mem_mib": 6642.0, "process_mem_share_percent": 13.516483516483516, "process_util_available": true, "process_util_backend": "nvml", "process_sm_util_percent": 22.0, "process_mem_util_percent": 1.0}
{"timestamp_unix": 1772435503.7471743, "pid": 65396, "device_index": 0, "gpu_uuid": "GPU-6f954bfd-7081-31b7-f15c-f9a174bf4d7f", "gpu_util_percent": 23.0, "gpu_mem_util_percent": 2.0, "gpu_mem_used_mib": 7124.0, "gpu_mem_total_mib": 49140.0, "gpu_power_w": 88.57, "process_present": true, "process_mem_mib": 6642.0, "process_mem_share_percent": 13.516483516483516, "process_util_available": true, "process_util_backend": "nvml", "process_sm_util_percent": 22.0, "process_mem_util_percent": 1.0}
{"timestamp_unix": 1772435504.054421, "pid": 65396, "device_index": 0, "gpu_uuid": "GPU-6f954bfd-7081-31b7-f15c-f9a174bf4d7f", "gpu_util_percent": 23.0, "gpu_mem_util_percent": 2.0, "gpu_mem_used_mib": 7124.0, "gpu_mem_total_mib": 49140.0, "gpu_power_w": 88.57, "process_present": true, "process_mem_mib": 6642.0, "process_mem_share_percent": 13.516483516483516, "process_util_available": true, "process_util_backend": "nvml", "process_sm_util_percent": 22.0, "process_mem_util_percent": 1.0}
{"timestamp_unix": 1772435504.557231, "pid": 65396, "device_index": 0, "gpu_uuid": "GPU-6f954bfd-7081-31b7-f15c-f9a174bf4d7f", "gpu_util_percent": 23.0, "gpu_mem_util_percent": 2.0, "gpu_mem_used_mib": 7124.0, "gpu_mem_total_mib": 49140.0, "gpu_power_w": 89.93, "process_present": true, "process_mem_mib": 6642.0, "process_mem_share_percent": 13.516483516483516, "process_util_available": true, "process_util_backend": "nvml", "process_sm_util_percent": 12.0, "process_mem_util_percent": 0.0}
{"timestamp_unix": 1772435504.852055, "pid": 65396, "device_index": 0, "gpu_uuid": "GPU-6f954bfd-7081-31b7-f15c-f9a174bf4d7f", "gpu_util_percent": 17.0, "gpu_mem_util_percent": 1.0, "gpu_mem_used_mib": 7124.0, "gpu_mem_total_mib": 49140.0, "gpu_power_w": 89.07, "process_present": true, "process_mem_mib": 6642.0, "process_mem_share_percent": 13.516483516483516, "process_util_available": true, "process_util_backend": "nvml", "process_sm_util_percent": 23.0, "process_mem_util_percent": 1.0}
{"timestamp_unix": 1772435505.1449034, "pid": 65396, "device_index": 0, "gpu_uuid": "GPU-6f954bfd-7081-31b7-f15c-f9a174bf4d7f", "gpu_util_percent": 17.0, "gpu_mem_util_percent": 1.0, "gpu_mem_used_mib": 7124.0, "gpu_mem_total_mib": 49140.0, "gpu_power_w": 89.18, "process_present": true, "process_mem_mib": 6642.0, "process_mem_share_percent": 13.516483516483516, "process_util_available": true, "process_util_backend": "nvml", "process_sm_util_percent": 22.0, "process_mem_util_percent": 1.0}
{"timestamp_unix": 1772435505.4357717, "pid": 65396, "device_index": 0, "gpu_uuid": "GPU-6f954bfd-7081-31b7-f15c-f9a174bf4d7f", "gpu_util_percent": 17.0, "gpu_mem_util_percent": 1.0, "gpu_mem_used_mib": 7124.0, "gpu_mem_total_mib": 49140.0, "gpu_power_w": 89.18, "process_present": true, "process_mem_mib": 6642.0, "process_mem_share_percent": 13.516483516483516, "process_util_available": true, "process_util_backend": "nvml", "process_sm_util_percent": 22.0, "process_mem_util_percent": 1.0}
{"timestamp_unix": 1772435505.727836, "pid": 65396, "device_index": 0, "gpu_uuid": "GPU-6f954bfd-7081-31b7-f15c-f9a174bf4d7f", "gpu_util_percent": 23.0, "gpu_mem_util_percent": 2.0, "gpu_mem_used_mib": 7124.0, "gpu_mem_total_mib": 49140.0, "gpu_power_w": 90.0, "process_present": true, "process_mem_mib": 6642.0, "process_mem_share_percent": 13.516483516483516, "process_util_available": true, "process_util_backend": "nvml", "process_sm_util_percent": 22.0, "process_mem_util_percent": 1.0}
{"timestamp_unix": 1772435506.0175648, "pid": 65396, "device_index": 0, "gpu_uuid": "GPU-6f954bfd-7081-31b7-f15c-f9a174bf4d7f", "gpu_util_percent": 23.0, "gpu_mem_util_percent": 2.0, "gpu_mem_used_mib": 7124.0, "gpu_mem_total_mib": 49140.0, "gpu_power_w": 90.0, "process_present": true, "process_mem_mib": 6642.0, "process_mem_share_percent": 13.516483516483516, "process_util_available": true, "process_util_backend": "nvml", "process_sm_util_percent": 22.0, "process_mem_util_percent": 1.0}
{"timestamp_unix": 1772435506.310868, "pid": 65396, "device_index": 0, "gpu_uuid": "GPU-6f954bfd-7081-31b7-f15c-f9a174bf4d7f", "gpu_util_percent": 23.0, "gpu_mem_util_percent": 2.0, "gpu_mem_used_mib": 7124.0, "gpu_mem_total_mib": 49140.0, "gpu_power_w": 90.53, "process_present": true, "process_mem_mib": 6642.0, "process_mem_share_percent": 13.516483516483516, "process_util_available": true, "process_util_backend": "nvml", "process_sm_util_percent": 22.0, "process_mem_util_percent": 1.0}
{"timestamp_unix": 1772435506.6120567, "pid": 65396, "device_index": 0, "gpu_uuid": "GPU-6f954bfd-7081-31b7-f15c-f9a174bf4d7f", "gpu_util_percent": 23.0, "gpu_mem_util_percent": 2.0, "gpu_mem_used_mib": 7124.0, "gpu_mem_total_mib": 49140.0, "gpu_power_w": 90.53, "process_present": true, "process_mem_mib": 6642.0, "process_mem_share_percent": 13.516483516483516, "process_util_available": true, "process_util_backend": "nvml", "process_sm_util_percent": 22.0, "process_mem_util_percent": 1.0}
{"timestamp_unix": 1772435506.9138293, "pid": 65396, "device_index": 0, "gpu_uuid": "GPU-6f954bfd-7081-31b7-f15c-f9a174bf4d7f", "gpu_util_percent": 23.0, "gpu_mem_util_percent": 2.0, "gpu_mem_used_mib": 7124.0, "gpu_mem_total_mib": 49140.0, "gpu_power_w": 90.59, "process_present": true, "process_mem_mib": 6642.0, "process_mem_share_percent": 13.516483516483516, "process_util_available": true, "process_util_backend": "nvml", "process_sm_util_percent": 22.0, "process_mem_util_percent": 1.0}
{"timestamp_unix": 1772435507.2088192, "pid": 65396, "device_index": 0, "gpu_uuid": "GPU-6f954bfd-7081-31b7-f15c-f9a174bf4d7f", "gpu_util_percent": 23.0, "gpu_mem_util_percent": 2.0, "gpu_mem_used_mib": 7124.0, "gpu_mem_total_mib": 49140.0, "gpu_power_w": 90.54, "process_present": true, "process_mem_mib": 6642.0, "process_mem_share_percent": 13.516483516483516, "process_util_available": true, "process_util_backend": "nvml", "process_sm_util_percent": 22.0, "process_mem_util_percent": 1.0}
{"timestamp_unix": 1772435507.4967012, "pid": 65396, "device_index": 0, "gpu_uuid": "GPU-6f954bfd-7081-31b7-f15c-f9a174bf4d7f", "gpu_util_percent": 23.0, "gpu_mem_util_percent": 2.0, "gpu_mem_used_mib": 7124.0, "gpu_mem_total_mib": 49140.0, "gpu_power_w": 90.54, "process_present": true, "process_mem_mib": 6642.0, "process_mem_share_percent": 13.516483516483516, "process_util_available": true, "process_util_backend": "nvml", "process_sm_util_percent": 22.0, "process_mem_util_percent": 1.0}
{"timestamp_unix": 1772435507.7857952, "pid": 65396, "device_index": 0, "gpu_uuid": "GPU-6f954bfd-7081-31b7-f15c-f9a174bf4d7f", "gpu_util_percent": 22.0, "gpu_mem_util_percent": 2.0, "gpu_mem_used_mib": 7124.0, "gpu_mem_total_mib": 49140.0, "gpu_power_w": 90.46, "process_present": true, "process_mem_mib": 6642.0, "process_mem_share_percent": 13.516483516483516, "process_util_available": true, "process_util_backend": "nvml", "process_sm_util_percent": 22.0, "process_mem_util_percent": 2.0}
{"timestamp_unix": 1772435508.0780249, "pid": 65396, "device_index": 0, "gpu_uuid": "GPU-6f954bfd-7081-31b7-f15c-f9a174bf4d7f", "gpu_util_percent": 22.0, "gpu_mem_util_percent": 2.0, "gpu_mem_used_mib": 7124.0, "gpu_mem_total_mib": 49140.0, "gpu_power_w": 90.46, "process_present": true, "process_mem_mib": 6642.0, "process_mem_share_percent": 13.516483516483516, "process_util_available": true, "process_util_backend": "nvml", "process_sm_util_percent": 21.0, "process_mem_util_percent": 1.0}
{"timestamp_unix": 1772435508.3661942, "pid": 65396, "device_index": 0, "gpu_uuid": "GPU-6f954bfd-7081-31b7-f15c-f9a174bf4d7f", "gpu_util_percent": 22.0, "gpu_mem_util_percent": 2.0, "gpu_mem_used_mib": 7124.0, "gpu_mem_total_mib": 49140.0, "gpu_power_w": 90.54, "process_present": true, "process_mem_mib": 6642.0, "process_mem_share_percent": 13.516483516483516, "process_util_available": true, "process_util_backend": "nvml", "process_sm_util_percent": 22.0, "process_mem_util_percent": 1.0}
{"timestamp_unix": 1772435508.654173, "pid": 65396, "device_index": 0, "gpu_uuid": "GPU-6f954bfd-7081-31b7-f15c-f9a174bf4d7f", "gpu_util_percent": 23.0, "gpu_mem_util_percent": 2.0, "gpu_mem_used_mib": 7124.0, "gpu_mem_total_mib": 49140.0, "gpu_power_w": 90.61, "process_present": true, "process_mem_mib": 6642.0, "process_mem_share_percent": 13.516483516483516, "process_util_available": true, "process_util_backend": "nvml", "process_sm_util_percent": 22.0, "process_mem_util_percent": 2.0}
{"timestamp_unix": 1772435508.9449935, "pid": 65396, "device_index": 0, "gpu_uuid": "GPU-6f954bfd-7081-31b7-f15c-f9a174bf4d7f", "gpu_util_percent": 23.0, "gpu_mem_util_percent": 2.0, "gpu_mem_used_mib": 7124.0, "gpu_mem_total_mib": 49140.0, "gpu_power_w": 90.61, "process_present": true, "process_mem_mib": 6642.0, "process_mem_share_percent": 13.516483516483516, "process_util_available": true, "process_util_backend": "nvml", "process_sm_util_percent": 22.0, "process_mem_util_percent": 2.0}
{"timestamp_unix": 1772435509.2435029, "pid": 65396, "device_index": 0, "gpu_uuid": "GPU-6f954bfd-7081-31b7-f15c-f9a174bf4d7f", "gpu_util_percent": 23.0, "gpu_mem_util_percent": 2.0, "gpu_mem_used_mib": 7124.0, "gpu_mem_total_mib": 49140.0, "gpu_power_w": 90.63, "process_present": true, "process_mem_mib": 6642.0, "process_mem_share_percent": 13.516483516483516, "process_util_available": true, "process_util_backend": "nvml", "process_sm_util_percent": 22.0, "process_mem_util_percent": 2.0}
{"timestamp_unix": 1772435509.5445902, "pid": 65396, "device_index": 0, "gpu_uuid": "GPU-6f954bfd-7081-31b7-f15c-f9a174bf4d7f", "gpu_util_percent": 23.0, "gpu_mem_util_percent": 2.0, "gpu_mem_used_mib": 7124.0, "gpu_mem_total_mib": 49140.0, "gpu_power_w": 90.63, "process_present": true, "process_mem_mib": 6642.0, "process_mem_share_percent": 13.516483516483516, "process_util_available": true, "process_util_backend": "nvml", "process_sm_util_percent": 22.0, "process_mem_util_percent": 2.0}
{"timestamp_unix": 1772435509.8440027, "pid": 65396, "device_index": 0, "gpu_uuid": "GPU-6f954bfd-7081-31b7-f15c-f9a174bf4d7f", "gpu_util_percent": 22.0, "gpu_mem_util_percent": 2.0, "gpu_mem_used_mib": 7124.0, "gpu_mem_total_mib": 49140.0, "gpu_power_w": 90.59, "process_present": true, "process_mem_mib": 6642.0, "process_mem_share_percent": 13.516483516483516, "process_util_available": true, "process_util_backend": "nvml", "process_sm_util_percent": 22.0, "process_mem_util_percent": 2.0}
{"timestamp_unix": 1772435510.1327424, "pid": 65396, "device_index": 0, "gpu_uuid": "GPU-6f954bfd-7081-31b7-f15c-f9a174bf4d7f", "gpu_util_percent": 22.0, "gpu_mem_util_percent": 2.0, "gpu_mem_used_mib": 7124.0, "gpu_mem_total_mib": 49140.0, "gpu_power_w": 90.47, "process_present": true, "process_mem_mib": 6642.0, "process_mem_share_percent": 13.516483516483516, "process_util_available": true, "process_util_backend": "nvml", "process_sm_util_percent": 22.0, "process_mem_util_percent": 2.0}
{"timestamp_unix": 1772435510.420999, "pid": 65396, "device_index": 0, "gpu_uuid": "GPU-6f954bfd-7081-31b7-f15c-f9a174bf4d7f", "gpu_util_percent": 22.0, "gpu_mem_util_percent": 2.0, "gpu_mem_used_mib": 7128.0, "gpu_mem_total_mib": 49140.0, "gpu_power_w": 90.47, "process_present": true, "process_mem_mib": 6642.0, "process_mem_share_percent": 13.516483516483516, "process_util_available": true, "process_util_backend": "nvml", "process_sm_util_percent": 23.0, "process_mem_util_percent": 2.0}
{"timestamp_unix": 1772435510.711187, "pid": 65396, "device_index": 0, "gpu_uuid": "GPU-6f954bfd-7081-31b7-f15c-f9a174bf4d7f", "gpu_util_percent": 22.0, "gpu_mem_util_percent": 2.0, "gpu_mem_used_mib": 7128.0, "gpu_mem_total_mib": 49140.0, "gpu_power_w": 90.43, "process_present": true, "process_mem_mib": 6642.0, "process_mem_share_percent": 13.516483516483516, "process_util_available": true, "process_util_backend": "nvml", "process_sm_util_percent": 22.0, "process_mem_util_percent": 2.0}
{"timestamp_unix": 1772435510.9993951, "pid": 65396, "device_index": 0, "gpu_uuid": "GPU-6f954bfd-7081-31b7-f15c-f9a174bf4d7f", "gpu_util_percent": 22.0, "gpu_mem_util_percent": 2.0, "gpu_mem_used_mib": 7128.0, "gpu_mem_total_mib": 49140.0, "gpu_power_w": 90.43, "process_present": true, "process_mem_mib": 6642.0, "process_mem_share_percent": 13.516483516483516, "process_util_available": true, "process_util_backend": "nvml", "process_sm_util_percent": 22.0, "process_mem_util_percent": 2.0}
{"timestamp_unix": 1772435511.288565, "pid": 65396, "device_index": 0, "gpu_uuid": "GPU-6f954bfd-7081-31b7-f15c-f9a174bf4d7f", "gpu_util_percent": 22.0, "gpu_mem_util_percent": 2.0, "gpu_mem_used_mib": 7128.0, "gpu_mem_total_mib": 49140.0, "gpu_power_w": 90.45, "process_present": true, "process_mem_mib": 6642.0, "process_mem_share_percent": 13.516483516483516, "process_util_available": true, "process_util_backend": "nvml", "process_sm_util_percent": 22.0, "process_mem_util_percent": 2.0}
{"timestamp_unix": 1772435511.5778525, "pid": 65396, "device_index": 0, "gpu_uuid": "GPU-6f954bfd-7081-31b7-f15c-f9a174bf4d7f", "gpu_util_percent": 22.0, "gpu_mem_util_percent": 2.0, "gpu_mem_used_mib": 7128.0, "gpu_mem_total_mib": 49140.0, "gpu_power_w": 90.45, "process_present": true, "process_mem_mib": 6642.0, "process_mem_share_percent": 13.516483516483516, "process_util_available": true, "process_util_backend": "nvml", "process_sm_util_percent": 22.0, "process_mem_util_percent": 2.0}
{"timestamp_unix": 1772435511.876617, "pid": 65396, "device_index": 0, "gpu_uuid": "GPU-6f954bfd-7081-31b7-f15c-f9a174bf4d7f", "gpu_util_percent": 22.0, "gpu_mem_util_percent": 2.0, "gpu_mem_used_mib": 7128.0, "gpu_mem_total_mib": 49140.0, "gpu_power_w": 90.49, "process_present": true, "process_mem_mib": 6642.0, "process_mem_share_percent": 13.516483516483516, "process_util_available": true, "process_util_backend": "nvml", "process_sm_util_percent": 22.0, "process_mem_util_percent": 2.0}
{"timestamp_unix": 1772435512.1771274, "pid": 65396, "device_index": 0, "gpu_uuid": "GPU-6f954bfd-7081-31b7-f15c-f9a174bf4d7f", "gpu_util_percent": 22.0, "gpu_mem_util_percent": 2.0, "gpu_mem_used_mib": 7128.0, "gpu_mem_total_mib": 49140.0, "gpu_power_w": 90.51, "process_present": true, "process_mem_mib": 6642.0, "process_mem_share_percent": 13.516483516483516, "process_util_available": true, "process_util_backend": "nvml", "process_sm_util_percent": 22.0, "process_mem_util_percent": 2.0}
{"timestamp_unix": 1772435512.477625, "pid": 65396, "device_index": 0, "gpu_uuid": "GPU-6f954bfd-7081-31b7-f15c-f9a174bf4d7f", "gpu_util_percent": 22.0, "gpu_mem_util_percent": 2.0, "gpu_mem_used_mib": 7128.0, "gpu_mem_total_mib": 49140.0, "gpu_power_w": 90.51, "process_present": true, "process_mem_mib": 6642.0, "process_mem_share_percent": 13.516483516483516, "process_util_available": true, "process_util_backend": "nvml", "process_sm_util_percent": 22.0, "process_mem_util_percent": 2.0}
{"timestamp_unix": 1772435512.7664702, "pid": 65396, "device_index": 0, "gpu_uuid": "GPU-6f954bfd-7081-31b7-f15c-f9a174bf4d7f", "gpu_util_percent": 22.0, "gpu_mem_util_percent": 2.0, "gpu_mem_used_mib": 7128.0, "gpu_mem_total_mib": 49140.0, "gpu_power_w": 90.46, "process_present": true, "process_mem_mib": 6642.0, "process_mem_share_percent": 13.516483516483516, "process_util_available": true, "process_util_backend": "nvml", "process_sm_util_percent": 22.0, "process_mem_util_percent": 2.0}
{"timestamp_unix": 1772435513.062165, "pid": 65396, "device_index": 0, "gpu_uuid": "GPU-6f954bfd-7081-31b7-f15c-f9a174bf4d7f", "gpu_util_percent": 22.0, "gpu_mem_util_percent": 2.0, "gpu_mem_used_mib": 7128.0, "gpu_mem_total_mib": 49140.0, "gpu_power_w": 90.46, "process_present": true, "process_mem_mib": 6642.0, "process_mem_share_percent": 13.516483516483516, "process_util_available": true, "process_util_backend": "nvml", "process_sm_util_percent": null, "process_mem_util_percent": null}
{"timestamp_unix": 1772435513.3568745, "pid": 65396, "device_index": 0, "gpu_uuid": "GPU-6f954bfd-7081-31b7-f15c-f9a174bf4d7f", "gpu_util_percent": 22.0, "gpu_mem_util_percent": 2.0, "gpu_mem_used_mib": 7188.0, "gpu_mem_total_mib": 49140.0, "gpu_power_w": 90.42, "process_present": true, "process_mem_mib": 6702.0, "process_mem_share_percent": 13.638583638583638, "process_util_available": true, "process_util_backend": "nvml", "process_sm_util_percent": null, "process_mem_util_percent": null}
{"timestamp_unix": 1772435513.6502259, "pid": 65396, "device_index": 0, "gpu_uuid": "GPU-6f954bfd-7081-31b7-f15c-f9a174bf4d7f", "gpu_util_percent": 15.0, "gpu_mem_util_percent": 1.0, "gpu_mem_used_mib": 7188.0, "gpu_mem_total_mib": 49140.0, "gpu_power_w": 88.55, "process_present": true, "process_mem_mib": 6702.0, "process_mem_share_percent": 13.638583638583638, "process_util_available": true, "process_util_backend": "nvml", "process_sm_util_percent": null, "process_mem_util_percent": null}
{"timestamp_unix": 1772435513.9451878, "pid": 65396, "device_index": 0, "gpu_uuid": "GPU-6f954bfd-7081-31b7-f15c-f9a174bf4d7f", "gpu_util_percent": 15.0, "gpu_mem_util_percent": 1.0, "gpu_mem_used_mib": 7187.0, "gpu_mem_total_mib": 49140.0, "gpu_power_w": 88.55, "process_present": true, "process_mem_mib": 6702.0, "process_mem_share_percent": 13.638583638583638, "process_util_available": true, "process_util_backend": "nvml", "process_sm_util_percent": null, "process_mem_util_percent": null}
{"timestamp_unix": 1772435514.2335272, "pid": 65396, "device_index": 0, "gpu_uuid": "GPU-6f954bfd-7081-31b7-f15c-f9a174bf4d7f", "gpu_util_percent": 15.0, "gpu_mem_util_percent": 1.0, "gpu_mem_used_mib": 7187.0, "gpu_mem_total_mib": 49140.0, "gpu_power_w": 85.47, "process_present": true, "process_mem_mib": 6702.0, "process_mem_share_percent": 13.638583638583638, "process_util_available": true, "process_util_backend": "nvml", "process_sm_util_percent": null, "process_mem_util_percent": null}
{"timestamp_unix": 1772435514.5378578, "pid": 65396, "device_index": 0, "gpu_uuid": "GPU-6f954bfd-7081-31b7-f15c-f9a174bf4d7f", "gpu_util_percent": 15.0, "gpu_mem_util_percent": 1.0, "gpu_mem_used_mib": 7227.0, "gpu_mem_total_mib": 49140.0, "gpu_power_w": 85.47, "process_present": true, "process_mem_mib": 6742.0, "process_mem_share_percent": 13.71998371998372, "process_util_available": true, "process_util_backend": "nvml", "process_sm_util_percent": 18.0, "process_mem_util_percent": 1.0}
{"timestamp_unix": 1772435514.8404055, "pid": 65396, "device_index": 0, "gpu_uuid": "GPU-6f954bfd-7081-31b7-f15c-f9a174bf4d7f", "gpu_util_percent": 23.0, "gpu_mem_util_percent": 2.0, "gpu_mem_used_mib": 7227.0, "gpu_mem_total_mib": 49140.0, "gpu_power_w": 85.15, "process_present": true, "process_mem_mib": 6742.0, "process_mem_share_percent": 13.71998371998372, "process_util_available": true, "process_util_backend": "nvml", "process_sm_util_percent": 22.0, "process_mem_util_percent": 1.0}
{"timestamp_unix": 1772435515.1417215, "pid": 65396, "device_index": 0, "gpu_uuid": "GPU-6f954bfd-7081-31b7-f15c-f9a174bf4d7f", "gpu_util_percent": 23.0, "gpu_mem_util_percent": 2.0, "gpu_mem_used_mib": 7227.0, "gpu_mem_total_mib": 49140.0, "gpu_power_w": 88.46, "process_present": true, "process_mem_mib": 6742.0, "process_mem_share_percent": 13.71998371998372, "process_util_available": true, "process_util_backend": "nvml", "process_sm_util_percent": 23.0, "process_mem_util_percent": 1.0}
{"timestamp_unix": 1772435515.4305198, "pid": 65396, "device_index": 0, "gpu_uuid": "GPU-6f954bfd-7081-31b7-f15c-f9a174bf4d7f", "gpu_util_percent": 23.0, "gpu_mem_util_percent": 2.0, "gpu_mem_used_mib": 7227.0, "gpu_mem_total_mib": 49140.0, "gpu_power_w": 88.46, "process_present": true, "process_mem_mib": 6742.0, "process_mem_share_percent": 13.71998371998372, "process_util_available": true, "process_util_backend": "nvml", "process_sm_util_percent": 23.0, "process_mem_util_percent": 1.0}
{"timestamp_unix": 1772435515.7193336, "pid": 65396, "device_index": 0, "gpu_uuid": "GPU-6f954bfd-7081-31b7-f15c-f9a174bf4d7f", "gpu_util_percent": 24.0, "gpu_mem_util_percent": 2.0, "gpu_mem_used_mib": 7227.0, "gpu_mem_total_mib": 49140.0, "gpu_power_w": 90.83, "process_present": true, "process_mem_mib": 6742.0, "process_mem_share_percent": 13.71998371998372, "process_util_available": true, "process_util_backend": "nvml", "process_sm_util_percent": 23.0, "process_mem_util_percent": 1.0}
{"timestamp_unix": 1772435516.0119288, "pid": 65396, "device_index": 0, "gpu_uuid": "GPU-6f954bfd-7081-31b7-f15c-f9a174bf4d7f", "gpu_util_percent": 24.0, "gpu_mem_util_percent": 2.0, "gpu_mem_used_mib": 7227.0, "gpu_mem_total_mib": 49140.0, "gpu_power_w": 90.83, "process_present": true, "process_mem_mib": 6742.0, "process_mem_share_percent": 13.71998371998372, "process_util_available": true, "process_util_backend": "nvml", "process_sm_util_percent": 23.0, "process_mem_util_percent": 1.0}
{"timestamp_unix": 1772435516.3008811, "pid": 65396, "device_index": 0, "gpu_uuid": "GPU-6f954bfd-7081-31b7-f15c-f9a174bf4d7f", "gpu_util_percent": 24.0, "gpu_mem_util_percent": 2.0, "gpu_mem_used_mib": 7227.0, "gpu_mem_total_mib": 49140.0, "gpu_power_w": 90.88, "process_present": true, "process_mem_mib": 6742.0, "process_mem_share_percent": 13.71998371998372, "process_util_available": true, "process_util_backend": "nvml", "process_sm_util_percent": 23.0, "process_mem_util_percent": 1.0}
{"timestamp_unix": 1772435516.589999, "pid": 65396, "device_index": 0, "gpu_uuid": "GPU-6f954bfd-7081-31b7-f15c-f9a174bf4d7f", "gpu_util_percent": 24.0, "gpu_mem_util_percent": 2.0, "gpu_mem_used_mib": 7227.0, "gpu_mem_total_mib": 49140.0, "gpu_power_w": 90.88, "process_present": true, "process_mem_mib": 6742.0, "process_mem_share_percent": 13.71998371998372, "process_util_available": true, "process_util_backend": "nvml", "process_sm_util_percent": 23.0, "process_mem_util_percent": 1.0}
{"timestamp_unix": 1772435516.8824737, "pid": 65396, "device_index": 0, "gpu_uuid": "GPU-6f954bfd-7081-31b7-f15c-f9a174bf4d7f", "gpu_util_percent": 24.0, "gpu_mem_util_percent": 2.0, "gpu_mem_used_mib": 7227.0, "gpu_mem_total_mib": 49140.0, "gpu_power_w": 90.95, "process_present": true, "process_mem_mib": 6742.0, "process_mem_share_percent": 13.71998371998372, "process_util_available": true, "process_util_backend": "nvml", "process_sm_util_percent": 23.0, "process_mem_util_percent": 1.0}
{"timestamp_unix": 1772435517.1886437, "pid": 65396, "device_index": 0, "gpu_uuid": "GPU-6f954bfd-7081-31b7-f15c-f9a174bf4d7f", "gpu_util_percent": 24.0, "gpu_mem_util_percent": 2.0, "gpu_mem_used_mib": 7227.0, "gpu_mem_total_mib": 49140.0, "gpu_power_w": 90.97, "process_present": true, "process_mem_mib": 6742.0, "process_mem_share_percent": 13.71998371998372, "process_util_available": true, "process_util_backend": "nvml", "process_sm_util_percent": 23.0, "process_mem_util_percent": 1.0}
{"timestamp_unix": 1772435517.50556, "pid": 65396, "device_index": 0, "gpu_uuid": "GPU-6f954bfd-7081-31b7-f15c-f9a174bf4d7f", "gpu_util_percent": 24.0, "gpu_mem_util_percent": 2.0, "gpu_mem_used_mib": 7227.0, "gpu_mem_total_mib": 49140.0, "gpu_power_w": 90.97, "process_present": true, "process_mem_mib": 6742.0, "process_mem_share_percent": 13.71998371998372, "process_util_available": true, "process_util_backend": "nvml", "process_sm_util_percent": 23.0, "process_mem_util_percent": 1.0}
{"timestamp_unix": 1772435517.7944803, "pid": 65396, "device_index": 0, "gpu_uuid": "GPU-6f954bfd-7081-31b7-f15c-f9a174bf4d7f", "gpu_util_percent": 23.0, "gpu_mem_util_percent": 2.0, "gpu_mem_used_mib": 7227.0, "gpu_mem_total_mib": 49140.0, "gpu_power_w": 90.93, "process_present": true, "process_mem_mib": 6742.0, "process_mem_share_percent": 13.71998371998372, "process_util_available": true, "process_util_backend": "nvml", "process_sm_util_percent": 23.0, "process_mem_util_percent": 1.0}
{"timestamp_unix": 1772435518.0821695, "pid": 65396, "device_index": 0, "gpu_uuid": "GPU-6f954bfd-7081-31b7-f15c-f9a174bf4d7f", "gpu_util_percent": 23.0, "gpu_mem_util_percent": 2.0, "gpu_mem_used_mib": 7227.0, "gpu_mem_total_mib": 49140.0, "gpu_power_w": 90.93, "process_present": true, "process_mem_mib": 6742.0, "process_mem_share_percent": 13.71998371998372, "process_util_available": true, "process_util_backend": "nvml", "process_sm_util_percent": 23.0, "process_mem_util_percent": 1.0}
{"timestamp_unix": 1772435518.369251, "pid": 65396, "device_index": 0, "gpu_uuid": "GPU-6f954bfd-7081-31b7-f15c-f9a174bf4d7f", "gpu_util_percent": 23.0, "gpu_mem_util_percent": 2.0, "gpu_mem_used_mib": 7227.0, "gpu_mem_total_mib": 49140.0, "gpu_power_w": 90.99, "process_present": true, "process_mem_mib": 6742.0, "process_mem_share_percent": 13.71998371998372, "process_util_available": true, "process_util_backend": "nvml", "process_sm_util_percent": 23.0, "process_mem_util_percent": 1.0}
{"timestamp_unix": 1772435518.660195, "pid": 65396, "device_index": 0, "gpu_uuid": "GPU-6f954bfd-7081-31b7-f15c-f9a174bf4d7f", "gpu_util_percent": 24.0, "gpu_mem_util_percent": 2.0, "gpu_mem_used_mib": 7227.0, "gpu_mem_total_mib": 49140.0, "gpu_power_w": 91.01, "process_present": true, "process_mem_mib": 6742.0, "process_mem_share_percent": 13.71998371998372, "process_util_available": true, "process_util_backend": "nvml", "process_sm_util_percent": 23.0, "process_mem_util_percent": 1.0}
{"timestamp_unix": 1772435518.9500582, "pid": 65396, "device_index": 0, "gpu_uuid": "GPU-6f954bfd-7081-31b7-f15c-f9a174bf4d7f", "gpu_util_percent": 24.0, "gpu_mem_util_percent": 2.0, "gpu_mem_used_mib": 7227.0, "gpu_mem_total_mib": 49140.0, "gpu_power_w": 91.01, "process_present": true, "process_mem_mib": 6742.0, "process_mem_share_percent": 13.71998371998372, "process_util_available": true, "process_util_backend": "nvml", "process_sm_util_percent": 23.0, "process_mem_util_percent": 1.0}
{"timestamp_unix": 1772435519.2356117, "pid": 65396, "device_index": 0, "gpu_uuid": "GPU-6f954bfd-7081-31b7-f15c-f9a174bf4d7f", "gpu_util_percent": 24.0, "gpu_mem_util_percent": 2.0, "gpu_mem_used_mib": 7230.0, "gpu_mem_total_mib": 49140.0, "gpu_power_w": 91.02, "process_present": true, "process_mem_mib": 6742.0, "process_mem_share_percent": 13.71998371998372, "process_util_available": true, "process_util_backend": "nvml", "process_sm_util_percent": 25.0, "process_mem_util_percent": 2.0}
{"timestamp_unix": 1772435519.5410318, "pid": 65396, "device_index": 0, "gpu_uuid": "GPU-6f954bfd-7081-31b7-f15c-f9a174bf4d7f", "gpu_util_percent": 24.0, "gpu_mem_util_percent": 2.0, "gpu_mem_used_mib": 7230.0, "gpu_mem_total_mib": 49140.0, "gpu_power_w": 91.02, "process_present": true, "process_mem_mib": 6742.0, "process_mem_share_percent": 13.71998371998372, "process_util_available": true, "process_util_backend": "nvml", "process_sm_util_percent": 23.0, "process_mem_util_percent": 1.0}
{"timestamp_unix": 1772435519.840201, "pid": 65396, "device_index": 0, "gpu_uuid": "GPU-6f954bfd-7081-31b7-f15c-f9a174bf4d7f", "gpu_util_percent": 22.0, "gpu_mem_util_percent": 2.0, "gpu_mem_used_mib": 7230.0, "gpu_mem_total_mib": 49140.0, "gpu_power_w": 91.04, "process_present": true, "process_mem_mib": 6742.0, "process_mem_share_percent": 13.71998371998372, "process_util_available": true, "process_util_backend": "nvml", "process_sm_util_percent": 22.0, "process_mem_util_percent": 1.0}
{"timestamp_unix": 1772435520.1427448, "pid": 65396, "device_index": 0, "gpu_uuid": "GPU-6f954bfd-7081-31b7-f15c-f9a174bf4d7f", "gpu_util_percent": 22.0, "gpu_mem_util_percent": 2.0, "gpu_mem_used_mib": 7236.0, "gpu_mem_total_mib": 49140.0, "gpu_power_w": 91.05, "process_present": true, "process_mem_mib": 6742.0, "process_mem_share_percent": 13.71998371998372, "process_util_available": true, "process_util_backend": "nvml", "process_sm_util_percent": 21.0, "process_mem_util_percent": 1.0}
{"timestamp_unix": 1772435520.4442277, "pid": 65396, "device_index": 0, "gpu_uuid": "GPU-6f954bfd-7081-31b7-f15c-f9a174bf4d7f", "gpu_util_percent": 22.0, "gpu_mem_util_percent": 2.0, "gpu_mem_used_mib": 7236.0, "gpu_mem_total_mib": 49140.0, "gpu_power_w": 91.05, "process_present": true, "process_mem_mib": 6742.0, "process_mem_share_percent": 13.71998371998372, "process_util_available": true, "process_util_backend": "nvml", "process_sm_util_percent": 21.0, "process_mem_util_percent": 2.0}
{"timestamp_unix": 1772435520.7434146, "pid": 65396, "device_index": 0, "gpu_uuid": "GPU-6f954bfd-7081-31b7-f15c-f9a174bf4d7f", "gpu_util_percent": 19.0, "gpu_mem_util_percent": 2.0, "gpu_mem_used_mib": 7236.0, "gpu_mem_total_mib": 49140.0, "gpu_power_w": 91.16, "process_present": true, "process_mem_mib": 6742.0, "process_mem_share_percent": 13.71998371998372, "process_util_available": true, "process_util_backend": "nvml", "process_sm_util_percent": 21.0, "process_mem_util_percent": 2.0}
{"timestamp_unix": 1772435521.031329, "pid": 65396, "device_index": 0, "gpu_uuid": "GPU-6f954bfd-7081-31b7-f15c-f9a174bf4d7f", "gpu_util_percent": 19.0, "gpu_mem_util_percent": 2.0, "gpu_mem_used_mib": 7236.0, "gpu_mem_total_mib": 49140.0, "gpu_power_w": 91.16, "process_present": true, "process_mem_mib": 6742.0, "process_mem_share_percent": 13.71998371998372, "process_util_available": true, "process_util_backend": "nvml", "process_sm_util_percent": 19.0, "process_mem_util_percent": 2.0}
{"timestamp_unix": 1772435521.3201022, "pid": 65396, "device_index": 0, "gpu_uuid": "GPU-6f954bfd-7081-31b7-f15c-f9a174bf4d7f", "gpu_util_percent": 19.0, "gpu_mem_util_percent": 2.0, "gpu_mem_used_mib": 7236.0, "gpu_mem_total_mib": 49140.0, "gpu_power_w": 91.38, "process_present": true, "process_mem_mib": 6742.0, "process_mem_share_percent": 13.71998371998372, "process_util_available": true, "process_util_backend": "nvml", "process_sm_util_percent": 21.0, "process_mem_util_percent": 2.0}
{"timestamp_unix": 1772435521.6125784, "pid": 65396, "device_index": 0, "gpu_uuid": "GPU-6f954bfd-7081-31b7-f15c-f9a174bf4d7f", "gpu_util_percent": 21.0, "gpu_mem_util_percent": 2.0, "gpu_mem_used_mib": 7236.0, "gpu_mem_total_mib": 49140.0, "gpu_power_w": 91.39, "process_present": true, "process_mem_mib": 6742.0, "process_mem_share_percent": 13.71998371998372, "process_util_available": true, "process_util_backend": "nvml", "process_sm_util_percent": 21.0, "process_mem_util_percent": 2.0}
{"timestamp_unix": 1772435521.9021542, "pid": 65396, "device_index": 0, "gpu_uuid": "GPU-6f954bfd-7081-31b7-f15c-f9a174bf4d7f", "gpu_util_percent": 21.0, "gpu_mem_util_percent": 2.0, "gpu_mem_used_mib": 7238.0, "gpu_mem_total_mib": 49140.0, "gpu_power_w": 91.39, "process_present": true, "process_mem_mib": 6742.0, "process_mem_share_percent": 13.71998371998372, "process_util_available": true, "process_util_backend": "nvml", "process_sm_util_percent": 23.0, "process_mem_util_percent": 2.0}
{"timestamp_unix": 1772435522.194478, "pid": 65396, "device_index": 0, "gpu_uuid": "GPU-6f954bfd-7081-31b7-f15c-f9a174bf4d7f", "gpu_util_percent": 21.0, "gpu_mem_util_percent": 2.0, "gpu_mem_used_mib": 7239.0, "gpu_mem_total_mib": 49140.0, "gpu_power_w": 91.29, "process_present": true, "process_mem_mib": 6742.0, "process_mem_share_percent": 13.71998371998372, "process_util_available": true, "process_util_backend": "nvml", "process_sm_util_percent": 24.0, "process_mem_util_percent": 2.0}
{"timestamp_unix": 1772435522.480769, "pid": 65396, "device_index": 0, "gpu_uuid": "GPU-6f954bfd-7081-31b7-f15c-f9a174bf4d7f", "gpu_util_percent": 21.0, "gpu_mem_util_percent": 2.0, "gpu_mem_used_mib": 7239.0, "gpu_mem_total_mib": 49140.0, "gpu_power_w": 91.29, "process_present": true, "process_mem_mib": 6742.0, "process_mem_share_percent": 13.71998371998372, "process_util_available": true, "process_util_backend": "nvml", "process_sm_util_percent": 24.0, "process_mem_util_percent": 2.0}
{"timestamp_unix": 1772435522.7769232, "pid": 65396, "device_index": 0, "gpu_uuid": "GPU-6f954bfd-7081-31b7-f15c-f9a174bf4d7f", "gpu_util_percent": 23.0, "gpu_mem_util_percent": 2.0, "gpu_mem_used_mib": 7239.0, "gpu_mem_total_mib": 49140.0, "gpu_power_w": 91.16, "process_present": true, "process_mem_mib": 6742.0, "process_mem_share_percent": 13.71998371998372, "process_util_available": true, "process_util_backend": "nvml", "process_sm_util_percent": 24.0, "process_mem_util_percent": 2.0}
{"timestamp_unix": 1772435523.0782208, "pid": 65396, "device_index": 0, "gpu_uuid": "GPU-6f954bfd-7081-31b7-f15c-f9a174bf4d7f", "gpu_util_percent": 23.0, "gpu_mem_util_percent": 2.0, "gpu_mem_used_mib": 7239.0, "gpu_mem_total_mib": 49140.0, "gpu_power_w": 91.16, "process_present": true, "process_mem_mib": 6742.0, "process_mem_share_percent": 13.71998371998372, "process_util_available": true, "process_util_backend": "nvml", "process_sm_util_percent": 24.0, "process_mem_util_percent": 2.0}
{"timestamp_unix": 1772435523.3777742, "pid": 65396, "device_index": 0, "gpu_uuid": "GPU-6f954bfd-7081-31b7-f15c-f9a174bf4d7f", "gpu_util_percent": 23.0, "gpu_mem_util_percent": 2.0, "gpu_mem_used_mib": 7239.0, "gpu_mem_total_mib": 49140.0, "gpu_power_w": 91.07, "process_present": true, "process_mem_mib": 6742.0, "process_mem_share_percent": 13.71998371998372, "process_util_available": true, "process_util_backend": "nvml", "process_sm_util_percent": 24.0, "process_mem_util_percent": 2.0}
{"timestamp_unix": 1772435523.6765702, "pid": 65396, "device_index": 0, "gpu_uuid": "GPU-6f954bfd-7081-31b7-f15c-f9a174bf4d7f", "gpu_util_percent": 23.0, "gpu_mem_util_percent": 2.0, "gpu_mem_used_mib": 7239.0, "gpu_mem_total_mib": 49140.0, "gpu_power_w": 91.07, "process_present": true, "process_mem_mib": 6742.0, "process_mem_share_percent": 13.71998371998372, "process_util_available": true, "process_util_backend": "nvml", "process_sm_util_percent": 23.0, "process_mem_util_percent": 1.0}
{"timestamp_unix": 1772435523.9664288, "pid": 65396, "device_index": 0, "gpu_uuid": "GPU-6f954bfd-7081-31b7-f15c-f9a174bf4d7f", "gpu_util_percent": 23.0, "gpu_mem_util_percent": 2.0, "gpu_mem_used_mib": 7239.0, "gpu_mem_total_mib": 49140.0, "gpu_power_w": 91.07, "process_present": true, "process_mem_mib": 6742.0, "process_mem_share_percent": 13.71998371998372, "process_util_available": true, "process_util_backend": "nvml", "process_sm_util_percent": 24.0, "process_mem_util_percent": 1.0}
{"timestamp_unix": 1772435524.2532501, "pid": 65396, "device_index": 0, "gpu_uuid": "GPU-6f954bfd-7081-31b7-f15c-f9a174bf4d7f", "gpu_util_percent": 23.0, "gpu_mem_util_percent": 2.0, "gpu_mem_used_mib": 7239.0, "gpu_mem_total_mib": 49140.0, "gpu_power_w": 91.1, "process_present": true, "process_mem_mib": 6742.0, "process_mem_share_percent": 13.71998371998372, "process_util_available": true, "process_util_backend": "nvml", "process_sm_util_percent": 24.0, "process_mem_util_percent": 2.0}
{"timestamp_unix": 1772435524.5438294, "pid": 65396, "device_index": 0, "gpu_uuid": "GPU-6f954bfd-7081-31b7-f15c-f9a174bf4d7f", "gpu_util_percent": 23.0, "gpu_mem_util_percent": 2.0, "gpu_mem_used_mib": 7239.0, "gpu_mem_total_mib": 49140.0, "gpu_power_w": 91.1, "process_present": true, "process_mem_mib": 6742.0, "process_mem_share_percent": 13.71998371998372, "process_util_available": true, "process_util_backend": "nvml", "process_sm_util_percent": 24.0, "process_mem_util_percent": 1.0}
{"timestamp_unix": 1772435524.8337317, "pid": 65396, "device_index": 0, "gpu_uuid": "GPU-6f954bfd-7081-31b7-f15c-f9a174bf4d7f", "gpu_util_percent": 23.0, "gpu_mem_util_percent": 2.0, "gpu_mem_used_mib": 7239.0, "gpu_mem_total_mib": 49140.0, "gpu_power_w": 91.06, "process_present": true, "process_mem_mib": 6742.0, "process_mem_share_percent": 13.71998371998372, "process_util_available": true, "process_util_backend": "nvml", "process_sm_util_percent": 23.0, "process_mem_util_percent": 1.0}
{"timestamp_unix": 1772435525.1222978, "pid": 65396, "device_index": 0, "gpu_uuid": "GPU-6f954bfd-7081-31b7-f15c-f9a174bf4d7f", "gpu_util_percent": 23.0, "gpu_mem_util_percent": 2.0, "gpu_mem_used_mib": 7239.0, "gpu_mem_total_mib": 49140.0, "gpu_power_w": 91.03, "process_present": true, "process_mem_mib": 6742.0, "process_mem_share_percent": 13.71998371998372, "process_util_available": true, "process_util_backend": "nvml", "process_sm_util_percent": 23.0, "process_mem_util_percent": 1.0}
{"timestamp_unix": 1772435525.4132037, "pid": 65396, "device_index": 0, "gpu_uuid": "GPU-6f954bfd-7081-31b7-f15c-f9a174bf4d7f", "gpu_util_percent": 23.0, "gpu_mem_util_percent": 2.0, "gpu_mem_used_mib": 7239.0, "gpu_mem_total_mib": 49140.0, "gpu_power_w": 91.03, "process_present": true, "process_mem_mib": 6742.0, "process_mem_share_percent": 13.71998371998372, "process_util_available": true, "process_util_backend": "nvml", "process_sm_util_percent": 23.0, "process_mem_util_percent": 1.0}
{"timestamp_unix": 1772435525.7112522, "pid": 65396, "device_index": 0, "gpu_uuid": "GPU-6f954bfd-7081-31b7-f15c-f9a174bf4d7f", "gpu_util_percent": 23.0, "gpu_mem_util_percent": 2.0, "gpu_mem_used_mib": 7239.0, "gpu_mem_total_mib": 49140.0, "gpu_power_w": 90.94, "process_present": true, "process_mem_mib": 6742.0, "process_mem_share_percent": 13.71998371998372, "process_util_available": true, "process_util_backend": "nvml", "process_sm_util_percent": 24.0, "process_mem_util_percent": 1.0}
{"timestamp_unix": 1772435526.0108027, "pid": 65396, "device_index": 0, "gpu_uuid": "GPU-6f954bfd-7081-31b7-f15c-f9a174bf4d7f", "gpu_util_percent": 23.0, "gpu_mem_util_percent": 2.0, "gpu_mem_used_mib": 7238.0, "gpu_mem_total_mib": 49140.0, "gpu_power_w": 90.94, "process_present": true, "process_mem_mib": 6742.0, "process_mem_share_percent": 13.71998371998372, "process_util_available": true, "process_util_backend": "nvml", "process_sm_util_percent": 23.0, "process_mem_util_percent": 1.0}
{"timestamp_unix": 1772435526.311366, "pid": 65396, "device_index": 0, "gpu_uuid": "GPU-6f954bfd-7081-31b7-f15c-f9a174bf4d7f", "gpu_util_percent": 23.0, "gpu_mem_util_percent": 2.0, "gpu_mem_used_mib": 7239.0, "gpu_mem_total_mib": 49140.0, "gpu_power_w": 90.94, "process_present": true, "process_mem_mib": 6742.0, "process_mem_share_percent": 13.71998371998372, "process_util_available": true, "process_util_backend": "nvml", "process_sm_util_percent": 24.0, "process_mem_util_percent": 2.0}
{"timestamp_unix": 1772435526.5999074, "pid": 65396, "device_index": 0, "gpu_uuid": "GPU-6f954bfd-7081-31b7-f15c-f9a174bf4d7f", "gpu_util_percent": 23.0, "gpu_mem_util_percent": 2.0, "gpu_mem_used_mib": 7239.0, "gpu_mem_total_mib": 49140.0, "gpu_power_w": 90.94, "process_present": true, "process_mem_mib": 6742.0, "process_mem_share_percent": 13.71998371998372, "process_util_available": true, "process_util_backend": "nvml", "process_sm_util_percent": 23.0, "process_mem_util_percent": 1.0}
{"timestamp_unix": 1772435526.8946805, "pid": 65396, "device_index": 0, "gpu_uuid": "GPU-6f954bfd-7081-31b7-f15c-f9a174bf4d7f", "gpu_util_percent": 23.0, "gpu_mem_util_percent": 2.0, "gpu_mem_used_mib": 7239.0, "gpu_mem_total_mib": 49140.0, "gpu_power_w": 90.92, "process_present": true, "process_mem_mib": 6742.0, "process_mem_share_percent": 13.71998371998372, "process_util_available": true, "process_util_backend": "nvml", "process_sm_util_percent": 23.0, "process_mem_util_percent": 1.0}
{"timestamp_unix": 1772435527.1831176, "pid": 65396, "device_index": 0, "gpu_uuid": "GPU-6f954bfd-7081-31b7-f15c-f9a174bf4d7f", "gpu_util_percent": 23.0, "gpu_mem_util_percent": 2.0, "gpu_mem_used_mib": 7236.0, "gpu_mem_total_mib": 49140.0, "gpu_power_w": 90.9, "process_present": true, "process_mem_mib": 6742.0, "process_mem_share_percent": 13.71998371998372, "process_util_available": true, "process_util_backend": "nvml", "process_sm_util_percent": 24.0, "process_mem_util_percent": 2.0}
{"timestamp_unix": 1772435527.4719226, "pid": 65396, "device_index": 0, "gpu_uuid": "GPU-6f954bfd-7081-31b7-f15c-f9a174bf4d7f", "gpu_util_percent": 23.0, "gpu_mem_util_percent": 2.0, "gpu_mem_used_mib": 7236.0, "gpu_mem_total_mib": 49140.0, "gpu_power_w": 90.9, "process_present": true, "process_mem_mib": 6742.0, "process_mem_share_percent": 13.71998371998372, "process_util_available": true, "process_util_backend": "nvml", "process_sm_util_percent": 24.0, "process_mem_util_percent": 1.0}
{"timestamp_unix": 1772435527.7617009, "pid": 65396, "device_index": 0, "gpu_uuid": "GPU-6f954bfd-7081-31b7-f15c-f9a174bf4d7f", "gpu_util_percent": 23.0, "gpu_mem_util_percent": 2.0, "gpu_mem_used_mib": 7236.0, "gpu_mem_total_mib": 49140.0, "gpu_power_w": 90.86, "process_present": true, "process_mem_mib": 6742.0, "process_mem_share_percent": 13.71998371998372, "process_util_available": true, "process_util_backend": "nvml", "process_sm_util_percent": 23.0, "process_mem_util_percent": 1.0}
{"timestamp_unix": 1772435528.0498073, "pid": 65396, "device_index": 0, "gpu_uuid": "GPU-6f954bfd-7081-31b7-f15c-f9a174bf4d7f", "gpu_util_percent": 23.0, "gpu_mem_util_percent": 2.0, "gpu_mem_used_mib": 7236.0, "gpu_mem_total_mib": 49140.0, "gpu_power_w": 90.86, "process_present": true, "process_mem_mib": 6742.0, "process_mem_share_percent": 13.71998371998372, "process_util_available": true, "process_util_backend": "nvml", "process_sm_util_percent": 23.0, "process_mem_util_percent": 1.0}
{"timestamp_unix": 1772435528.363042, "pid": 65396, "device_index": 0, "gpu_uuid": "GPU-6f954bfd-7081-31b7-f15c-f9a174bf4d7f", "gpu_util_percent": 23.0, "gpu_mem_util_percent": 2.0, "gpu_mem_used_mib": 7236.0, "gpu_mem_total_mib": 49140.0, "gpu_power_w": 90.82, "process_present": true, "process_mem_mib": 6742.0, "process_mem_share_percent": 13.71998371998372, "process_util_available": true, "process_util_backend": "nvml", "process_sm_util_percent": null, "process_mem_util_percent": null}
{"timestamp_unix": 1772435528.6625996, "pid": 65396, "device_index": 0, "gpu_uuid": "GPU-6f954bfd-7081-31b7-f15c-f9a174bf4d7f", "gpu_util_percent": 23.0, "gpu_mem_util_percent": 2.0, "gpu_mem_used_mib": 7236.0, "gpu_mem_total_mib": 49140.0, "gpu_power_w": 90.85, "process_present": true, "process_mem_mib": 6742.0, "process_mem_share_percent": 13.71998371998372, "process_util_available": true, "process_util_backend": "nvml", "process_sm_util_percent": null, "process_mem_util_percent": null}
{"timestamp_unix": 1772435528.960328, "pid": 65396, "device_index": 0, "gpu_uuid": "GPU-6f954bfd-7081-31b7-f15c-f9a174bf4d7f", "gpu_util_percent": 23.0, "gpu_mem_util_percent": 2.0, "gpu_mem_used_mib": 7236.0, "gpu_mem_total_mib": 49140.0, "gpu_power_w": 90.85, "process_present": true, "process_mem_mib": 6742.0, "process_mem_share_percent": 13.71998371998372, "process_util_available": true, "process_util_backend": "nvml", "process_sm_util_percent": 12.0, "process_mem_util_percent": 0.0}
{"timestamp_unix": 1772435529.2496226, "pid": 65396, "device_index": 0, "gpu_uuid": "GPU-6f954bfd-7081-31b7-f15c-f9a174bf4d7f", "gpu_util_percent": 23.0, "gpu_mem_util_percent": 2.0, "gpu_mem_used_mib": 7236.0, "gpu_mem_total_mib": 49140.0, "gpu_power_w": 90.89, "process_present": true, "process_mem_mib": 6742.0, "process_mem_share_percent": 13.71998371998372, "process_util_available": true, "process_util_backend": "nvml", "process_sm_util_percent": 23.0, "process_mem_util_percent": 1.0}
{"timestamp_unix": 1772435529.537825, "pid": 65396, "device_index": 0, "gpu_uuid": "GPU-6f954bfd-7081-31b7-f15c-f9a174bf4d7f", "gpu_util_percent": 23.0, "gpu_mem_util_percent": 2.0, "gpu_mem_used_mib": 7236.0, "gpu_mem_total_mib": 49140.0, "gpu_power_w": 90.89, "process_present": true, "process_mem_mib": 6742.0, "process_mem_share_percent": 13.71998371998372, "process_util_available": true, "process_util_backend": "nvml", "process_sm_util_percent": 23.0, "process_mem_util_percent": 1.0}
{"timestamp_unix": 1772435529.828277, "pid": 65396, "device_index": 0, "gpu_uuid": "GPU-6f954bfd-7081-31b7-f15c-f9a174bf4d7f", "gpu_util_percent": 24.0, "gpu_mem_util_percent": 2.0, "gpu_mem_used_mib": 7236.0, "gpu_mem_total_mib": 49140.0, "gpu_power_w": 90.85, "process_present": true, "process_mem_mib": 6742.0, "process_mem_share_percent": 13.71998371998372, "process_util_available": true, "process_util_backend": "nvml", "process_sm_util_percent": 23.0, "process_mem_util_percent": 1.0}
{"timestamp_unix": 1772435530.1169994, "pid": 65396, "device_index": 0, "gpu_uuid": "GPU-6f954bfd-7081-31b7-f15c-f9a174bf4d7f", "gpu_util_percent": 24.0, "gpu_mem_util_percent": 2.0, "gpu_mem_used_mib": 7235.0, "gpu_mem_total_mib": 49140.0, "gpu_power_w": 90.9, "process_present": true, "process_mem_mib": 6742.0, "process_mem_share_percent": 13.71998371998372, "process_util_available": true, "process_util_backend": "nvml", "process_sm_util_percent": 23.0, "process_mem_util_percent": 1.0}
{"timestamp_unix": 1772435530.4060342, "pid": 65396, "device_index": 0, "gpu_uuid": "GPU-6f954bfd-7081-31b7-f15c-f9a174bf4d7f", "gpu_util_percent": 24.0, "gpu_mem_util_percent": 2.0, "gpu_mem_used_mib": 7231.0, "gpu_mem_total_mib": 49140.0, "gpu_power_w": 90.9, "process_present": true, "process_mem_mib": 6742.0, "process_mem_share_percent": 13.71998371998372, "process_util_available": true, "process_util_backend": "nvml", "process_sm_util_percent": 23.0, "process_mem_util_percent": 1.0}
{"timestamp_unix": 1772435530.69645, "pid": 65396, "device_index": 0, "gpu_uuid": "GPU-6f954bfd-7081-31b7-f15c-f9a174bf4d7f", "gpu_util_percent": 24.0, "gpu_mem_util_percent": 2.0, "gpu_mem_used_mib": 7231.0, "gpu_mem_total_mib": 49140.0, "gpu_power_w": 90.92, "process_present": true, "process_mem_mib": 6742.0, "process_mem_share_percent": 13.71998371998372, "process_util_available": true, "process_util_backend": "nvml", "process_sm_util_percent": 23.0, "process_mem_util_percent": 1.0}
{"timestamp_unix": 1772435530.9933608, "pid": 65396, "device_index": 0, "gpu_uuid": "GPU-6f954bfd-7081-31b7-f15c-f9a174bf4d7f", "gpu_util_percent": 24.0, "gpu_mem_util_percent": 2.0, "gpu_mem_used_mib": 7231.0, "gpu_mem_total_mib": 49140.0, "gpu_power_w": 90.92, "process_present": true, "process_mem_mib": 6742.0, "process_mem_share_percent": 13.71998371998372, "process_util_available": true, "process_util_backend": "nvml", "process_sm_util_percent": 23.0, "process_mem_util_percent": 1.0}
{"timestamp_unix": 1772435531.2932446, "pid": 65396, "device_index": 0, "gpu_uuid": "GPU-6f954bfd-7081-31b7-f15c-f9a174bf4d7f", "gpu_util_percent": 24.0, "gpu_mem_util_percent": 2.0, "gpu_mem_used_mib": 7230.0, "gpu_mem_total_mib": 49140.0, "gpu_power_w": 90.95, "process_present": true, "process_mem_mib": 6742.0, "process_mem_share_percent": 13.71998371998372, "process_util_available": true, "process_util_backend": "nvml", "process_sm_util_percent": 23.0, "process_mem_util_percent": 1.0}
{"timestamp_unix": 1772435531.5956268, "pid": 65396, "device_index": 0, "gpu_uuid": "GPU-6f954bfd-7081-31b7-f15c-f9a174bf4d7f", "gpu_util_percent": 24.0, "gpu_mem_util_percent": 2.0, "gpu_mem_used_mib": 7230.0, "gpu_mem_total_mib": 49140.0, "gpu_power_w": 90.95, "process_present": true, "process_mem_mib": 6742.0, "process_mem_share_percent": 13.71998371998372, "process_util_available": true, "process_util_backend": "nvml", "process_sm_util_percent": 23.0, "process_mem_util_percent": 1.0}
{"timestamp_unix": 1772435531.884167, "pid": 65396, "device_index": 0, "gpu_uuid": "GPU-6f954bfd-7081-31b7-f15c-f9a174bf4d7f", "gpu_util_percent": 24.0, "gpu_mem_util_percent": 2.0, "gpu_mem_used_mib": 7230.0, "gpu_mem_total_mib": 49140.0, "gpu_power_w": 90.94, "process_present": true, "process_mem_mib": 6742.0, "process_mem_share_percent": 13.71998371998372, "process_util_available": true, "process_util_backend": "nvml", "process_sm_util_percent": 23.0, "process_mem_util_percent": 1.0}
{"timestamp_unix": 1772435532.1749895, "pid": 65396, "device_index": 0, "gpu_uuid": "GPU-6f954bfd-7081-31b7-f15c-f9a174bf4d7f", "gpu_util_percent": 24.0, "gpu_mem_util_percent": 2.0, "gpu_mem_used_mib": 7230.0, "gpu_mem_total_mib": 49140.0, "gpu_power_w": 90.95, "process_present": true, "process_mem_mib": 6742.0, "process_mem_share_percent": 13.71998371998372, "process_util_available": true, "process_util_backend": "nvml", "process_sm_util_percent": 23.0, "process_mem_util_percent": 1.0}
{"timestamp_unix": 1772435532.4641128, "pid": 65396, "device_index": 0, "gpu_uuid": "GPU-6f954bfd-7081-31b7-f15c-f9a174bf4d7f", "gpu_util_percent": 24.0, "gpu_mem_util_percent": 2.0, "gpu_mem_used_mib": 7230.0, "gpu_mem_total_mib": 49140.0, "gpu_power_w": 90.95, "process_present": true, "process_mem_mib": 6742.0, "process_mem_share_percent": 13.71998371998372, "process_util_available": true, "process_util_backend": "nvml", "process_sm_util_percent": 23.0, "process_mem_util_percent": 1.0}
{"timestamp_unix": 1772435532.752352, "pid": 65396, "device_index": 0, "gpu_uuid": "GPU-6f954bfd-7081-31b7-f15c-f9a174bf4d7f", "gpu_util_percent": 23.0, "gpu_mem_util_percent": 2.0, "gpu_mem_used_mib": 7230.0, "gpu_mem_total_mib": 49140.0, "gpu_power_w": 90.91, "process_present": true, "process_mem_mib": 6742.0, "process_mem_share_percent": 13.71998371998372, "process_util_available": true, "process_util_backend": "nvml", "process_sm_util_percent": 23.0, "process_mem_util_percent": 1.0}
{"timestamp_unix": 1772435533.0427613, "pid": 65396, "device_index": 0, "gpu_uuid": "GPU-6f954bfd-7081-31b7-f15c-f9a174bf4d7f", "gpu_util_percent": 23.0, "gpu_mem_util_percent": 2.0, "gpu_mem_used_mib": 7230.0, "gpu_mem_total_mib": 49140.0, "gpu_power_w": 90.91, "process_present": true, "process_mem_mib": 6742.0, "process_mem_share_percent": 13.71998371998372, "process_util_available": true, "process_util_backend": "nvml", "process_sm_util_percent": 23.0, "process_mem_util_percent": 1.0}
{"timestamp_unix": 1772435533.3334672, "pid": 65396, "device_index": 0, "gpu_uuid": "GPU-6f954bfd-7081-31b7-f15c-f9a174bf4d7f", "gpu_util_percent": 23.0, "gpu_mem_util_percent": 2.0, "gpu_mem_used_mib": 7230.0, "gpu_mem_total_mib": 49140.0, "gpu_power_w": 90.84, "process_present": true, "process_mem_mib": 6742.0, "process_mem_share_percent": 13.71998371998372, "process_util_available": true, "process_util_backend": "nvml", "process_sm_util_percent": null, "process_mem_util_percent": null}
{"timestamp_unix": 1772435533.6556413, "pid": 65396, "device_index": 0, "gpu_uuid": "GPU-6f954bfd-7081-31b7-f15c-f9a174bf4d7f", "gpu_util_percent": 13.0, "gpu_mem_util_percent": 1.0, "gpu_mem_used_mib": 7230.0, "gpu_mem_total_mib": 49140.0, "gpu_power_w": 87.98, "process_present": true, "process_mem_mib": 6742.0, "process_mem_share_percent": 13.71998371998372, "process_util_available": true, "process_util_backend": "nvml", "process_sm_util_percent": null, "process_mem_util_percent": null}
{"timestamp_unix": 1772435533.9654582, "pid": 65396, "device_index": 0, "gpu_uuid": "GPU-6f954bfd-7081-31b7-f15c-f9a174bf4d7f", "gpu_util_percent": 13.0, "gpu_mem_util_percent": 1.0, "gpu_mem_used_mib": 7230.0, "gpu_mem_total_mib": 49140.0, "gpu_power_w": 87.98, "process_present": true, "process_mem_mib": 6742.0, "process_mem_share_percent": 13.71998371998372, "process_util_available": true, "process_util_backend": "nvml", "process_sm_util_percent": 7.0, "process_mem_util_percent": 0.0}
