{"timestamp_unix": 1772432309.1587133, "pid": 41161, "device_index": 0, "gpu_uuid": "GPU-6f954bfd-7081-31b7-f15c-f9a174bf4d7f", "gpu_util_percent": 11.0, "gpu_mem_util_percent": 1.0, "gpu_mem_used_mib": 1054.0, "gpu_mem_total_mib": 49140.0, "gpu_power_w": 46.12, "process_present": true, "process_mem_mib": 562.0, "process_mem_share_percent": 1.1436711436711438, "process_util_available": true, "process_util_backend": "nvml", "process_sm_util_percent": 1.0, "process_mem_util_percent": 0.0}
{"timestamp_unix": 1772432309.4517076, "pid": 41161, "device_index": 0, "gpu_uuid": "GPU-6f954bfd-7081-31b7-f15c-f9a174bf4d7f", "gpu_util_percent": 11.0, "gpu_mem_util_percent": 1.0, "gpu_mem_used_mib": 1118.0, "gpu_mem_total_mib": 49140.0, "gpu_power_w": 46.12, "process_present": true, "process_mem_mib": 630.0, "process_mem_share_percent": 1.282051282051282, "process_util_available": true, "process_util_backend": "nvml", "process_sm_util_percent": null, "process_mem_util_percent": null}
{"timestamp_unix": 1772432309.7619445, "pid": 41161, "device_index": 0, "gpu_uuid": "GPU-6f954bfd-7081-31b7-f15c-f9a174bf4d7f", "gpu_util_percent": 11.0, "gpu_mem_util_percent": 1.0, "gpu_mem_used_mib": 1226.0, "gpu_mem_total_mib": 49140.0, "gpu_power_w": 63.93, "process_present": true, "process_mem_mib": 770.0, "process_mem_share_percent": 1.566951566951567, "process_util_available": true, "process_util_backend": "nvml", "process_sm_util_percent": null, "process_mem_util_percent": null}
{"timestamp_unix": 1772432310.0670028, "pid": 41161, "device_index": 0, "gpu_uuid": "GPU-6f954bfd-7081-31b7-f15c-f9a174bf4d7f", "gpu_util_percent": 11.0, "gpu_mem_util_percent": 1.0, "gpu_mem_used_mib": 1526.0, "gpu_mem_total_mib": 49140.0, "gpu_power_w": 63.93, "process_present": true, "process_mem_mib": 1074.0, "process_mem_share_percent": 2.1855921855921854, "process_util_available": true, "process_util_backend": "nvml", "process_sm_util_percent": 21.0, "process_mem_util_percent": 1.0}
{"timestamp_unix": 1772432310.3666685, "pid": 41161, "device_index": 0, "gpu_uuid": "GPU-6f954bfd-7081-31b7-f15c-f9a174bf4d7f", "gpu_util_percent": 24.0, "gpu_mem_util_percent": 2.0, "gpu_mem_used_mib": 1853.0, "gpu_mem_total_mib": 49140.0, "gpu_power_w": 83.33, "process_present": true, "process_mem_mib": 1420.0, "process_mem_share_percent": 2.88970288970289, "process_util_available": true, "process_util_backend": "nvml", "process_sm_util_percent": 23.0, "process_mem_util_percent": 1.0}
{"timestamp_unix": 1772432310.677539, "pid": 41161, "device_index": 0, "gpu_uuid": "GPU-6f954bfd-7081-31b7-f15c-f9a174bf4d7f", "gpu_util_percent": 24.0, "gpu_mem_util_percent": 2.0, "gpu_mem_used_mib": 2225.0, "gpu_mem_total_mib": 49140.0, "gpu_power_w": 86.61, "process_present": true, "process_mem_mib": 1776.0, "process_mem_share_percent": 3.6141636141636146, "process_util_available": true, "process_util_backend": "nvml", "process_sm_util_percent": 22.0, "process_mem_util_percent": 1.0}
{"timestamp_unix": 1772432310.9674556, "pid": 41161, "device_index": 0, "gpu_uuid": "GPU-6f954bfd-7081-31b7-f15c-f9a174bf4d7f", "gpu_util_percent": 24.0, "gpu_mem_util_percent": 2.0, "gpu_mem_used_mib": 2593.0, "gpu_mem_total_mib": 49140.0, "gpu_power_w": 86.61, "process_present": true, "process_mem_mib": 2168.0, "process_mem_share_percent": 4.411884411884412, "process_util_available": true, "process_util_backend": "nvml", "process_sm_util_percent": 22.0, "process_mem_util_percent": 1.0}
{"timestamp_unix": 1772432311.254507, "pid": 41161, "device_index": 0, "gpu_uuid": "GPU-6f954bfd-7081-31b7-f15c-f9a174bf4d7f", "gpu_util_percent": 22.0, "gpu_mem_util_percent": 2.0, "gpu_mem_used_mib": 2999.0, "gpu_mem_total_mib": 49140.0, "gpu_power_w": 88.68, "process_present": true, "process_mem_mib": 2556.0, "process_mem_share_percent": 5.201465201465202, "process_util_available": true, "process_util_backend": "nvml", "process_sm_util_percent": 23.0, "process_mem_util_percent": 1.0}
{"timestamp_unix": 1772432311.5431108, "pid": 41161, "device_index": 0, "gpu_uuid": "GPU-6f954bfd-7081-31b7-f15c-f9a174bf4d7f", "gpu_util_percent": 22.0, "gpu_mem_util_percent": 2.0, "gpu_mem_used_mib": 3387.0, "gpu_mem_total_mib": 49140.0, "gpu_power_w": 88.68, "process_present": true, "process_mem_mib": 2942.0, "process_mem_share_percent": 5.986975986975987, "process_util_available": true, "process_util_backend": "nvml", "process_sm_util_percent": 23.0, "process_mem_util_percent": 2.0}
{"timestamp_unix": 1772432311.833863, "pid": 41161, "device_index": 0, "gpu_uuid": "GPU-6f954bfd-7081-31b7-f15c-f9a174bf4d7f", "gpu_util_percent": 22.0, "gpu_mem_util_percent": 2.0, "gpu_mem_used_mib": 3829.0, "gpu_mem_total_mib": 49140.0, "gpu_power_w": 89.07, "process_present": true, "process_mem_mib": 3412.0, "process_mem_share_percent": 6.943426943426943, "process_util_available": true, "process_util_backend": "nvml", "process_sm_util_percent": 22.0, "process_mem_util_percent": 2.0}
{"timestamp_unix": 1772432312.1207328, "pid": 41161, "device_index": 0, "gpu_uuid": "GPU-6f954bfd-7081-31b7-f15c-f9a174bf4d7f", "gpu_util_percent": 22.0, "gpu_mem_util_percent": 2.0, "gpu_mem_used_mib": 4277.0, "gpu_mem_total_mib": 49140.0, "gpu_power_w": 89.07, "process_present": true, "process_mem_mib": 3858.0, "process_mem_share_percent": 7.851037851037851, "process_util_available": true, "process_util_backend": "nvml", "process_sm_util_percent": 22.0, "process_mem_util_percent": 2.0}
{"timestamp_unix": 1772432312.4100022, "pid": 41161, "device_index": 0, "gpu_uuid": "GPU-6f954bfd-7081-31b7-f15c-f9a174bf4d7f", "gpu_util_percent": 23.0, "gpu_mem_util_percent": 2.0, "gpu_mem_used_mib": 4735.0, "gpu_mem_total_mib": 49140.0, "gpu_power_w": 89.23, "process_present": true, "process_mem_mib": 4298.0, "process_mem_share_percent": 8.746438746438747, "process_util_available": true, "process_util_backend": "nvml", "process_sm_util_percent": 22.0, "process_mem_util_percent": 2.0}
{"timestamp_unix": 1772432312.7276125, "pid": 41161, "device_index": 0, "gpu_uuid": "GPU-6f954bfd-7081-31b7-f15c-f9a174bf4d7f", "gpu_util_percent": 23.0, "gpu_mem_util_percent": 2.0, "gpu_mem_used_mib": 5203.0, "gpu_mem_total_mib": 49140.0, "gpu_power_w": 89.12, "process_present": true, "process_mem_mib": 4774.0, "process_mem_share_percent": 9.715099715099715, "process_util_available": true, "process_util_backend": "nvml", "process_sm_util_percent": 22.0, "process_mem_util_percent": 1.0}
{"timestamp_unix": 1772432313.0335212, "pid": 41161, "device_index": 0, "gpu_uuid": "GPU-6f954bfd-7081-31b7-f15c-f9a174bf4d7f", "gpu_util_percent": 23.0, "gpu_mem_util_percent": 2.0, "gpu_mem_used_mib": 5687.0, "gpu_mem_total_mib": 49140.0, "gpu_power_w": 89.12, "process_present": true, "process_mem_mib": 5254.0, "process_mem_share_percent": 10.691900691900692, "process_util_available": true, "process_util_backend": "nvml", "process_sm_util_percent": 22.0, "process_mem_util_percent": 2.0}
{"timestamp_unix": 1772432313.3324478, "pid": 41161, "device_index": 0, "gpu_uuid": "GPU-6f954bfd-7081-31b7-f15c-f9a174bf4d7f", "gpu_util_percent": 20.0, "gpu_mem_util_percent": 2.0, "gpu_mem_used_mib": 6167.0, "gpu_mem_total_mib": 49140.0, "gpu_power_w": 88.82, "process_present": true, "process_mem_mib": 5760.0, "process_mem_share_percent": 11.72161172161172, "process_util_available": true, "process_util_backend": "nvml", "process_sm_util_percent": 22.0, "process_mem_util_percent": 1.0}
{"timestamp_unix": 1772432313.6214318, "pid": 41161, "device_index": 0, "gpu_uuid": "GPU-6f954bfd-7081-31b7-f15c-f9a174bf4d7f", "gpu_util_percent": 20.0, "gpu_mem_util_percent": 2.0, "gpu_mem_used_mib": 6545.0, "gpu_mem_total_mib": 49140.0, "gpu_power_w": 88.82, "process_present": true, "process_mem_mib": 6068.0, "process_mem_share_percent": 12.348392348392348, "process_util_available": true, "process_util_backend": "nvml", "process_sm_util_percent": null, "process_mem_util_percent": null}
{"timestamp_unix": 1772432313.9092395, "pid": 41161, "device_index": 0, "gpu_uuid": "GPU-6f954bfd-7081-31b7-f15c-f9a174bf4d7f", "gpu_util_percent": 20.0, "gpu_mem_util_percent": 2.0, "gpu_mem_used_mib": 6633.0, "gpu_mem_total_mib": 49140.0, "gpu_power_w": 88.93, "process_present": true, "process_mem_mib": 6148.0, "process_mem_share_percent": 12.511192511192512, "process_util_available": true, "process_util_backend": "nvml", "process_sm_util_percent": 21.0, "process_mem_util_percent": 1.0}
{"timestamp_unix": 1772432314.2026596, "pid": 41161, "device_index": 0, "gpu_uuid": "GPU-6f954bfd-7081-31b7-f15c-f9a174bf4d7f", "gpu_util_percent": 25.0, "gpu_mem_util_percent": 3.0, "gpu_mem_used_mib": 6633.0, "gpu_mem_total_mib": 49140.0, "gpu_power_w": 88.96, "process_present": true, "process_mem_mib": 6148.0, "process_mem_share_percent": 12.511192511192512, "process_util_available": true, "process_util_backend": "nvml", "process_sm_util_percent": 25.0, "process_mem_util_percent": 2.0}
{"timestamp_unix": 1772432314.4923646, "pid": 41161, "device_index": 0, "gpu_uuid": "GPU-6f954bfd-7081-31b7-f15c-f9a174bf4d7f", "gpu_util_percent": 25.0, "gpu_mem_util_percent": 3.0, "gpu_mem_used_mib": 6633.0, "gpu_mem_total_mib": 49140.0, "gpu_power_w": 88.96, "process_present": true, "process_mem_mib": 6148.0, "process_mem_share_percent": 12.511192511192512, "process_util_available": true, "process_util_backend": "nvml", "process_sm_util_percent": 25.0, "process_mem_util_percent": 2.0}
{"timestamp_unix": 1772432314.7829113, "pid": 41161, "device_index": 0, "gpu_uuid": "GPU-6f954bfd-7081-31b7-f15c-f9a174bf4d7f", "gpu_util_percent": 25.0, "gpu_mem_util_percent": 3.0, "gpu_mem_used_mib": 6633.0, "gpu_mem_total_mib": 49140.0, "gpu_power_w": 90.7, "process_present": true, "process_mem_mib": 6148.0, "process_mem_share_percent": 12.511192511192512, "process_util_available": true, "process_util_backend": "nvml", "process_sm_util_percent": 13.0, "process_mem_util_percent": 1.0}
{"timestamp_unix": 1772432315.0729513, "pid": 41161, "device_index": 0, "gpu_uuid": "GPU-6f954bfd-7081-31b7-f15c-f9a174bf4d7f", "gpu_util_percent": 25.0, "gpu_mem_util_percent": 3.0, "gpu_mem_used_mib": 6634.0, "gpu_mem_total_mib": 49140.0, "gpu_power_w": 90.7, "process_present": true, "process_mem_mib": 6148.0, "process_mem_share_percent": 12.511192511192512, "process_util_available": true, "process_util_backend": "nvml", "process_sm_util_percent": 24.0, "process_mem_util_percent": 2.0}
{"timestamp_unix": 1772432315.3782501, "pid": 41161, "device_index": 0, "gpu_uuid": "GPU-6f954bfd-7081-31b7-f15c-f9a174bf4d7f", "gpu_util_percent": 27.0, "gpu_mem_util_percent": 3.0, "gpu_mem_used_mib": 6634.0, "gpu_mem_total_mib": 49140.0, "gpu_power_w": 92.69, "process_present": true, "process_mem_mib": 6148.0, "process_mem_share_percent": 12.511192511192512, "process_util_available": true, "process_util_backend": "nvml", "process_sm_util_percent": 25.0, "process_mem_util_percent": 2.0}
{"timestamp_unix": 1772432315.6849456, "pid": 41161, "device_index": 0, "gpu_uuid": "GPU-6f954bfd-7081-31b7-f15c-f9a174bf4d7f", "gpu_util_percent": 27.0, "gpu_mem_util_percent": 3.0, "gpu_mem_used_mib": 6634.0, "gpu_mem_total_mib": 49140.0, "gpu_power_w": 92.67, "process_present": true, "process_mem_mib": 6148.0, "process_mem_share_percent": 12.511192511192512, "process_util_available": true, "process_util_backend": "nvml", "process_sm_util_percent": 24.0, "process_mem_util_percent": 2.0}
{"timestamp_unix": 1772432315.9866838, "pid": 41161, "device_index": 0, "gpu_uuid": "GPU-6f954bfd-7081-31b7-f15c-f9a174bf4d7f", "gpu_util_percent": 27.0, "gpu_mem_util_percent": 3.0, "gpu_mem_used_mib": 6634.0, "gpu_mem_total_mib": 49140.0, "gpu_power_w": 92.67, "process_present": true, "process_mem_mib": 6148.0, "process_mem_share_percent": 12.511192511192512, "process_util_available": true, "process_util_backend": "nvml", "process_sm_util_percent": 24.0, "process_mem_util_percent": 2.0}
{"timestamp_unix": 1772432316.2752664, "pid": 41161, "device_index": 0, "gpu_uuid": "GPU-6f954bfd-7081-31b7-f15c-f9a174bf4d7f", "gpu_util_percent": 25.0, "gpu_mem_util_percent": 3.0, "gpu_mem_used_mib": 6635.0, "gpu_mem_total_mib": 49140.0, "gpu_power_w": 92.58, "process_present": true, "process_mem_mib": 6148.0, "process_mem_share_percent": 12.511192511192512, "process_util_available": true, "process_util_backend": "nvml", "process_sm_util_percent": 27.0, "process_mem_util_percent": 2.0}
{"timestamp_unix": 1772432316.5662062, "pid": 41161, "device_index": 0, "gpu_uuid": "GPU-6f954bfd-7081-31b7-f15c-f9a174bf4d7f", "gpu_util_percent": 25.0, "gpu_mem_util_percent": 3.0, "gpu_mem_used_mib": 6635.0, "gpu_mem_total_mib": 49140.0, "gpu_power_w": 92.58, "process_present": true, "process_mem_mib": 6148.0, "process_mem_share_percent": 12.511192511192512, "process_util_available": true, "process_util_backend": "nvml", "process_sm_util_percent": 25.0, "process_mem_util_percent": 2.0}
{"timestamp_unix": 1772432316.854221, "pid": 41161, "device_index": 0, "gpu_uuid": "GPU-6f954bfd-7081-31b7-f15c-f9a174bf4d7f", "gpu_util_percent": 25.0, "gpu_mem_util_percent": 3.0, "gpu_mem_used_mib": 6635.0, "gpu_mem_total_mib": 49140.0, "gpu_power_w": 92.47, "process_present": true, "process_mem_mib": 6148.0, "process_mem_share_percent": 12.511192511192512, "process_util_available": true, "process_util_backend": "nvml", "process_sm_util_percent": 24.0, "process_mem_util_percent": 2.0}
{"timestamp_unix": 1772432317.1428483, "pid": 41161, "device_index": 0, "gpu_uuid": "GPU-6f954bfd-7081-31b7-f15c-f9a174bf4d7f", "gpu_util_percent": 24.0, "gpu_mem_util_percent": 3.0, "gpu_mem_used_mib": 6635.0, "gpu_mem_total_mib": 49140.0, "gpu_power_w": 92.31, "process_present": true, "process_mem_mib": 6148.0, "process_mem_share_percent": 12.511192511192512, "process_util_available": true, "process_util_backend": "nvml", "process_sm_util_percent": 25.0, "process_mem_util_percent": 2.0}
{"timestamp_unix": 1772432317.4345324, "pid": 41161, "device_index": 0, "gpu_uuid": "GPU-6f954bfd-7081-31b7-f15c-f9a174bf4d7f", "gpu_util_percent": 24.0, "gpu_mem_util_percent": 3.0, "gpu_mem_used_mib": 6635.0, "gpu_mem_total_mib": 49140.0, "gpu_power_w": 92.31, "process_present": true, "process_mem_mib": 6148.0, "process_mem_share_percent": 12.511192511192512, "process_util_available": true, "process_util_backend": "nvml", "process_sm_util_percent": null, "process_mem_util_percent": null}
{"timestamp_unix": 1772432317.7201383, "pid": 41161, "device_index": 0, "gpu_uuid": "GPU-6f954bfd-7081-31b7-f15c-f9a174bf4d7f", "gpu_util_percent": 24.0, "gpu_mem_util_percent": 3.0, "gpu_mem_used_mib": 6635.0, "gpu_mem_total_mib": 49140.0, "gpu_power_w": 92.19, "process_present": true, "process_mem_mib": 6148.0, "process_mem_share_percent": 12.511192511192512, "process_util_available": true, "process_util_backend": "nvml", "process_sm_util_percent": 25.0, "process_mem_util_percent": 2.0}
{"timestamp_unix": 1772432318.0281148, "pid": 41161, "device_index": 0, "gpu_uuid": "GPU-6f954bfd-7081-31b7-f15c-f9a174bf4d7f", "gpu_util_percent": 24.0, "gpu_mem_util_percent": 3.0, "gpu_mem_used_mib": 6635.0, "gpu_mem_total_mib": 49140.0, "gpu_power_w": 92.19, "process_present": true, "process_mem_mib": 6148.0, "process_mem_share_percent": 12.511192511192512, "process_util_available": true, "process_util_backend": "nvml", "process_sm_util_percent": 25.0, "process_mem_util_percent": 2.0}
{"timestamp_unix": 1772432318.3348043, "pid": 41161, "device_index": 0, "gpu_uuid": "GPU-6f954bfd-7081-31b7-f15c-f9a174bf4d7f", "gpu_util_percent": 24.0, "gpu_mem_util_percent": 2.0, "gpu_mem_used_mib": 6635.0, "gpu_mem_total_mib": 49140.0, "gpu_power_w": 92.18, "process_present": true, "process_mem_mib": 6148.0, "process_mem_share_percent": 12.511192511192512, "process_util_available": true, "process_util_backend": "nvml", "process_sm_util_percent": 24.0, "process_mem_util_percent": 2.0}
{"timestamp_unix": 1772432318.631686, "pid": 41161, "device_index": 0, "gpu_uuid": "GPU-6f954bfd-7081-31b7-f15c-f9a174bf4d7f", "gpu_util_percent": 24.0, "gpu_mem_util_percent": 2.0, "gpu_mem_used_mib": 6635.0, "gpu_mem_total_mib": 49140.0, "gpu_power_w": 91.48, "process_present": true, "process_mem_mib": 6148.0, "process_mem_share_percent": 12.511192511192512, "process_util_available": true, "process_util_backend": "nvml", "process_sm_util_percent": 24.0, "process_mem_util_percent": 2.0}
{"timestamp_unix": 1772432318.918761, "pid": 41161, "device_index": 0, "gpu_uuid": "GPU-6f954bfd-7081-31b7-f15c-f9a174bf4d7f", "gpu_util_percent": 24.0, "gpu_mem_util_percent": 2.0, "gpu_mem_used_mib": 6695.0, "gpu_mem_total_mib": 49140.0, "gpu_power_w": 91.48, "process_present": true, "process_mem_mib": 6268.0, "process_mem_share_percent": 12.755392755392755, "process_util_available": true, "process_util_backend": "nvml", "process_sm_util_percent": 24.0, "process_mem_util_percent": 2.0}
{"timestamp_unix": 1772432319.2066295, "pid": 41161, "device_index": 0, "gpu_uuid": "GPU-6f954bfd-7081-31b7-f15c-f9a174bf4d7f", "gpu_util_percent": 22.0, "gpu_mem_util_percent": 2.0, "gpu_mem_used_mib": 7133.0, "gpu_mem_total_mib": 49140.0, "gpu_power_w": 91.1, "process_present": true, "process_mem_mib": 6708.0, "process_mem_share_percent": 13.65079365079365, "process_util_available": true, "process_util_backend": "nvml", "process_sm_util_percent": 23.0, "process_mem_util_percent": 2.0}
{"timestamp_unix": 1772432319.4979382, "pid": 41161, "device_index": 0, "gpu_uuid": "GPU-6f954bfd-7081-31b7-f15c-f9a174bf4d7f", "gpu_util_percent": 22.0, "gpu_mem_util_percent": 2.0, "gpu_mem_used_mib": 7573.0, "gpu_mem_total_mib": 49140.0, "gpu_power_w": 91.1, "process_present": true, "process_mem_mib": 7168.0, "process_mem_share_percent": 14.586894586894585, "process_util_available": true, "process_util_backend": "nvml", "process_sm_util_percent": 23.0, "process_mem_util_percent": 2.0}
{"timestamp_unix": 1772432319.787203, "pid": 41161, "device_index": 0, "gpu_uuid": "GPU-6f954bfd-7081-31b7-f15c-f9a174bf4d7f", "gpu_util_percent": 22.0, "gpu_mem_util_percent": 2.0, "gpu_mem_used_mib": 8053.0, "gpu_mem_total_mib": 49140.0, "gpu_power_w": 91.08, "process_present": true, "process_mem_mib": 7648.0, "process_mem_share_percent": 15.563695563695564, "process_util_available": true, "process_util_backend": "nvml", "process_sm_util_percent": 23.0, "process_mem_util_percent": 2.0}
{"timestamp_unix": 1772432320.076824, "pid": 41161, "device_index": 0, "gpu_uuid": "GPU-6f954bfd-7081-31b7-f15c-f9a174bf4d7f", "gpu_util_percent": 22.0, "gpu_mem_util_percent": 2.0, "gpu_mem_used_mib": 8559.0, "gpu_mem_total_mib": 49140.0, "gpu_power_w": 91.08, "process_present": true, "process_mem_mib": 8148.0, "process_mem_share_percent": 16.58119658119658, "process_util_available": true, "process_util_backend": "nvml", "process_sm_util_percent": 23.0, "process_mem_util_percent": 2.0}
{"timestamp_unix": 1772432320.3674793, "pid": 41161, "device_index": 0, "gpu_uuid": "GPU-6f954bfd-7081-31b7-f15c-f9a174bf4d7f", "gpu_util_percent": 28.0, "gpu_mem_util_percent": 3.0, "gpu_mem_used_mib": 9099.0, "gpu_mem_total_mib": 49140.0, "gpu_power_w": 91.08, "process_present": true, "process_mem_mib": 8688.0, "process_mem_share_percent": 17.68009768009768, "process_util_available": true, "process_util_backend": "nvml", "process_sm_util_percent": 25.0, "process_mem_util_percent": 2.0}
{"timestamp_unix": 1772432320.6734755, "pid": 41161, "device_index": 0, "gpu_uuid": "GPU-6f954bfd-7081-31b7-f15c-f9a174bf4d7f", "gpu_util_percent": 28.0, "gpu_mem_util_percent": 3.0, "gpu_mem_used_mib": 9659.0, "gpu_mem_total_mib": 49140.0, "gpu_power_w": 91.27, "process_present": true, "process_mem_mib": 9268.0, "process_mem_share_percent": 18.86039886039886, "process_util_available": true, "process_util_backend": "nvml", "process_sm_util_percent": 23.0, "process_mem_util_percent": 2.0}
{"timestamp_unix": 1772432320.9788332, "pid": 41161, "device_index": 0, "gpu_uuid": "GPU-6f954bfd-7081-31b7-f15c-f9a174bf4d7f", "gpu_util_percent": 28.0, "gpu_mem_util_percent": 3.0, "gpu_mem_used_mib": 10259.0, "gpu_mem_total_mib": 49140.0, "gpu_power_w": 91.27, "process_present": true, "process_mem_mib": 9868.0, "process_mem_share_percent": 20.08140008140008, "process_util_available": true, "process_util_backend": "nvml", "process_sm_util_percent": 23.0, "process_mem_util_percent": 2.0}
{"timestamp_unix": 1772432321.2847772, "pid": 41161, "device_index": 0, "gpu_uuid": "GPU-6f954bfd-7081-31b7-f15c-f9a174bf4d7f", "gpu_util_percent": 23.0, "gpu_mem_util_percent": 3.0, "gpu_mem_used_mib": 10879.0, "gpu_mem_total_mib": 49140.0, "gpu_power_w": 91.42, "process_present": true, "process_mem_mib": 10488.0, "process_mem_share_percent": 21.343101343101342, "process_util_available": true, "process_util_backend": "nvml", "process_sm_util_percent": 24.0, "process_mem_util_percent": 2.0}
{"timestamp_unix": 1772432321.576664, "pid": 41161, "device_index": 0, "gpu_uuid": "GPU-6f954bfd-7081-31b7-f15c-f9a174bf4d7f", "gpu_util_percent": 23.0, "gpu_mem_util_percent": 3.0, "gpu_mem_used_mib": 11439.0, "gpu_mem_total_mib": 49140.0, "gpu_power_w": 91.42, "process_present": true, "process_mem_mib": 10948.0, "process_mem_share_percent": 22.279202279202277, "process_util_available": true, "process_util_backend": "nvml", "process_sm_util_percent": 12.0, "process_mem_util_percent": 1.0}
{"timestamp_unix": 1772432321.8686106, "pid": 41161, "device_index": 0, "gpu_uuid": "GPU-6f954bfd-7081-31b7-f15c-f9a174bf4d7f", "gpu_util_percent": 23.0, "gpu_mem_util_percent": 3.0, "gpu_mem_used_mib": 11501.0, "gpu_mem_total_mib": 49140.0, "gpu_power_w": 91.5, "process_present": true, "process_mem_mib": 11008.0, "process_mem_share_percent": 22.4013024013024, "process_util_available": true, "process_util_backend": "nvml", "process_sm_util_percent": 15.0, "process_mem_util_percent": 1.0}
{"timestamp_unix": 1772432322.1615522, "pid": 41161, "device_index": 0, "gpu_uuid": "GPU-6f954bfd-7081-31b7-f15c-f9a174bf4d7f", "gpu_util_percent": 25.0, "gpu_mem_util_percent": 3.0, "gpu_mem_used_mib": 11501.0, "gpu_mem_total_mib": 49140.0, "gpu_power_w": 90.59, "process_present": true, "process_mem_mib": 11008.0, "process_mem_share_percent": 22.4013024013024, "process_util_available": true, "process_util_backend": "nvml", "process_sm_util_percent": 12.0, "process_mem_util_percent": 1.0}
{"timestamp_unix": 1772432322.4517517, "pid": 41161, "device_index": 0, "gpu_uuid": "GPU-6f954bfd-7081-31b7-f15c-f9a174bf4d7f", "gpu_util_percent": 25.0, "gpu_mem_util_percent": 3.0, "gpu_mem_used_mib": 11501.0, "gpu_mem_total_mib": 49140.0, "gpu_power_w": 90.59, "process_present": true, "process_mem_mib": 11008.0, "process_mem_share_percent": 22.4013024013024, "process_util_available": true, "process_util_backend": "nvml", "process_sm_util_percent": 26.0, "process_mem_util_percent": 3.0}
{"timestamp_unix": 1772432322.7406983, "pid": 41161, "device_index": 0, "gpu_uuid": "GPU-6f954bfd-7081-31b7-f15c-f9a174bf4d7f", "gpu_util_percent": 25.0, "gpu_mem_util_percent": 3.0, "gpu_mem_used_mib": 11501.0, "gpu_mem_total_mib": 49140.0, "gpu_power_w": 91.29, "process_present": true, "process_mem_mib": 11008.0, "process_mem_share_percent": 22.4013024013024, "process_util_available": true, "process_util_backend": "nvml", "process_sm_util_percent": 25.0, "process_mem_util_percent": 2.0}
{"timestamp_unix": 1772432323.0325675, "pid": 41161, "device_index": 0, "gpu_uuid": "GPU-6f954bfd-7081-31b7-f15c-f9a174bf4d7f", "gpu_util_percent": 25.0, "gpu_mem_util_percent": 3.0, "gpu_mem_used_mib": 11501.0, "gpu_mem_total_mib": 49140.0, "gpu_power_w": 91.29, "process_present": true, "process_mem_mib": 11008.0, "process_mem_share_percent": 22.4013024013024, "process_util_available": true, "process_util_backend": "nvml", "process_sm_util_percent": 25.0, "process_mem_util_percent": 2.0}
{"timestamp_unix": 1772432323.3354313, "pid": 41161, "device_index": 0, "gpu_uuid": "GPU-6f954bfd-7081-31b7-f15c-f9a174bf4d7f", "gpu_util_percent": 24.0, "gpu_mem_util_percent": 3.0, "gpu_mem_used_mib": 11500.0, "gpu_mem_total_mib": 49140.0, "gpu_power_w": 93.19, "process_present": true, "process_mem_mib": 11008.0, "process_mem_share_percent": 22.4013024013024, "process_util_available": true, "process_util_backend": "nvml", "process_sm_util_percent": 26.0, "process_mem_util_percent": 2.0}
{"timestamp_unix": 1772432323.6348395, "pid": 41161, "device_index": 0, "gpu_uuid": "GPU-6f954bfd-7081-31b7-f15c-f9a174bf4d7f", "gpu_util_percent": 24.0, "gpu_mem_util_percent": 3.0, "gpu_mem_used_mib": 11500.0, "gpu_mem_total_mib": 49140.0, "gpu_power_w": 93.04, "process_present": true, "process_mem_mib": 11008.0, "process_mem_share_percent": 22.4013024013024, "process_util_available": true, "process_util_backend": "nvml", "process_sm_util_percent": 25.0, "process_mem_util_percent": 2.0}
{"timestamp_unix": 1772432323.930547, "pid": 41161, "device_index": 0, "gpu_uuid": "GPU-6f954bfd-7081-31b7-f15c-f9a174bf4d7f", "gpu_util_percent": 24.0, "gpu_mem_util_percent": 3.0, "gpu_mem_used_mib": 11500.0, "gpu_mem_total_mib": 49140.0, "gpu_power_w": 93.04, "process_present": true, "process_mem_mib": 11008.0, "process_mem_share_percent": 22.4013024013024, "process_util_available": true, "process_util_backend": "nvml", "process_sm_util_percent": 24.0, "process_mem_util_percent": 2.0}
{"timestamp_unix": 1772432324.2341673, "pid": 41161, "device_index": 0, "gpu_uuid": "GPU-6f954bfd-7081-31b7-f15c-f9a174bf4d7f", "gpu_util_percent": 25.0, "gpu_mem_util_percent": 3.0, "gpu_mem_used_mib": 11500.0, "gpu_mem_total_mib": 49140.0, "gpu_power_w": 92.83, "process_present": true, "process_mem_mib": 11008.0, "process_mem_share_percent": 22.4013024013024, "process_util_available": true, "process_util_backend": "nvml", "process_sm_util_percent": 25.0, "process_mem_util_percent": 2.0}
{"timestamp_unix": 1772432324.5340402, "pid": 41161, "device_index": 0, "gpu_uuid": "GPU-6f954bfd-7081-31b7-f15c-f9a174bf4d7f", "gpu_util_percent": 25.0, "gpu_mem_util_percent": 3.0, "gpu_mem_used_mib": 11500.0, "gpu_mem_total_mib": 49140.0, "gpu_power_w": 92.83, "process_present": true, "process_mem_mib": 11008.0, "process_mem_share_percent": 22.4013024013024, "process_util_available": true, "process_util_backend": "nvml", "process_sm_util_percent": 24.0, "process_mem_util_percent": 2.0}
{"timestamp_unix": 1772432324.8232038, "pid": 41161, "device_index": 0, "gpu_uuid": "GPU-6f954bfd-7081-31b7-f15c-f9a174bf4d7f", "gpu_util_percent": 25.0, "gpu_mem_util_percent": 3.0, "gpu_mem_used_mib": 11500.0, "gpu_mem_total_mib": 49140.0, "gpu_power_w": 92.65, "process_present": true, "process_mem_mib": 11008.0, "process_mem_share_percent": 22.4013024013024, "process_util_available": true, "process_util_backend": "nvml", "process_sm_util_percent": 23.0, "process_mem_util_percent": 2.0}
{"timestamp_unix": 1772432325.111156, "pid": 41161, "device_index": 0, "gpu_uuid": "GPU-6f954bfd-7081-31b7-f15c-f9a174bf4d7f", "gpu_util_percent": 25.0, "gpu_mem_util_percent": 3.0, "gpu_mem_used_mib": 11496.0, "gpu_mem_total_mib": 49140.0, "gpu_power_w": 92.65, "process_present": true, "process_mem_mib": 11008.0, "process_mem_share_percent": 22.4013024013024, "process_util_available": true, "process_util_backend": "nvml", "process_sm_util_percent": 23.0, "process_mem_util_percent": 2.0}
{"timestamp_unix": 1772432325.401384, "pid": 41161, "device_index": 0, "gpu_uuid": "GPU-6f954bfd-7081-31b7-f15c-f9a174bf4d7f", "gpu_util_percent": 24.0, "gpu_mem_util_percent": 3.0, "gpu_mem_used_mib": 11496.0, "gpu_mem_total_mib": 49140.0, "gpu_power_w": 92.78, "process_present": true, "process_mem_mib": 11008.0, "process_mem_share_percent": 22.4013024013024, "process_util_available": true, "process_util_backend": "nvml", "process_sm_util_percent": 23.0, "process_mem_util_percent": 2.0}
{"timestamp_unix": 1772432325.6934018, "pid": 41161, "device_index": 0, "gpu_uuid": "GPU-6f954bfd-7081-31b7-f15c-f9a174bf4d7f", "gpu_util_percent": 24.0, "gpu_mem_util_percent": 3.0, "gpu_mem_used_mib": 11496.0, "gpu_mem_total_mib": 49140.0, "gpu_power_w": 92.82, "process_present": true, "process_mem_mib": 11008.0, "process_mem_share_percent": 22.4013024013024, "process_util_available": true, "process_util_backend": "nvml", "process_sm_util_percent": 23.0, "process_mem_util_percent": 2.0}
{"timestamp_unix": 1772432325.9845695, "pid": 41161, "device_index": 0, "gpu_uuid": "GPU-6f954bfd-7081-31b7-f15c-f9a174bf4d7f", "gpu_util_percent": 24.0, "gpu_mem_util_percent": 3.0, "gpu_mem_used_mib": 11496.0, "gpu_mem_total_mib": 49140.0, "gpu_power_w": 92.82, "process_present": true, "process_mem_mib": 11008.0, "process_mem_share_percent": 22.4013024013024, "process_util_available": true, "process_util_backend": "nvml", "process_sm_util_percent": 23.0, "process_mem_util_percent": 2.0}
{"timestamp_unix": 1772432326.2733417, "pid": 41161, "device_index": 0, "gpu_uuid": "GPU-6f954bfd-7081-31b7-f15c-f9a174bf4d7f", "gpu_util_percent": 25.0, "gpu_mem_util_percent": 3.0, "gpu_mem_used_mib": 11496.0, "gpu_mem_total_mib": 49140.0, "gpu_power_w": 92.83, "process_present": true, "process_mem_mib": 11008.0, "process_mem_share_percent": 22.4013024013024, "process_util_available": true, "process_util_backend": "nvml", "process_sm_util_percent": 25.0, "process_mem_util_percent": 2.0}
{"timestamp_unix": 1772432326.5783112, "pid": 41161, "device_index": 0, "gpu_uuid": "GPU-6f954bfd-7081-31b7-f15c-f9a174bf4d7f", "gpu_util_percent": 25.0, "gpu_mem_util_percent": 3.0, "gpu_mem_used_mib": 11496.0, "gpu_mem_total_mib": 49140.0, "gpu_power_w": 92.83, "process_present": true, "process_mem_mib": 11008.0, "process_mem_share_percent": 22.4013024013024, "process_util_available": true, "process_util_backend": "nvml", "process_sm_util_percent": 23.0, "process_mem_util_percent": 2.0}
{"timestamp_unix": 1772432326.8889875, "pid": 41161, "device_index": 0, "gpu_uuid": "GPU-6f954bfd-7081-31b7-f15c-f9a174bf4d7f", "gpu_util_percent": 25.0, "gpu_mem_util_percent": 3.0, "gpu_mem_used_mib": 11495.0, "gpu_mem_total_mib": 49140.0, "gpu_power_w": 92.23, "process_present": true, "process_mem_mib": 11008.0, "process_mem_share_percent": 22.4013024013024, "process_util_available": true, "process_util_backend": "nvml", "process_sm_util_percent": 23.0, "process_mem_util_percent": 2.0}
{"timestamp_unix": 1772432327.1951795, "pid": 41161, "device_index": 0, "gpu_uuid": "GPU-6f954bfd-7081-31b7-f15c-f9a174bf4d7f", "gpu_util_percent": 26.0, "gpu_mem_util_percent": 3.0, "gpu_mem_used_mib": 11495.0, "gpu_mem_total_mib": 49140.0, "gpu_power_w": 91.9, "process_present": true, "process_mem_mib": 11008.0, "process_mem_share_percent": 22.4013024013024, "process_util_available": true, "process_util_backend": "nvml", "process_sm_util_percent": 25.0, "process_mem_util_percent": 2.0}
{"timestamp_unix": 1772432327.5014284, "pid": 41161, "device_index": 0, "gpu_uuid": "GPU-6f954bfd-7081-31b7-f15c-f9a174bf4d7f", "gpu_util_percent": 26.0, "gpu_mem_util_percent": 3.0, "gpu_mem_used_mib": 11495.0, "gpu_mem_total_mib": 49140.0, "gpu_power_w": 91.9, "process_present": true, "process_mem_mib": 11008.0, "process_mem_share_percent": 22.4013024013024, "process_util_available": true, "process_util_backend": "nvml", "process_sm_util_percent": 24.0, "process_mem_util_percent": 2.0}
{"timestamp_unix": 1772432327.7896926, "pid": 41161, "device_index": 0, "gpu_uuid": "GPU-6f954bfd-7081-31b7-f15c-f9a174bf4d7f", "gpu_util_percent": 26.0, "gpu_mem_util_percent": 3.0, "gpu_mem_used_mib": 11495.0, "gpu_mem_total_mib": 49140.0, "gpu_power_w": 91.68, "process_present": true, "process_mem_mib": 11008.0, "process_mem_share_percent": 22.4013024013024, "process_util_available": true, "process_util_backend": "nvml", "process_sm_util_percent": 24.0, "process_mem_util_percent": 2.0}
{"timestamp_unix": 1772432328.0825658, "pid": 41161, "device_index": 0, "gpu_uuid": "GPU-6f954bfd-7081-31b7-f15c-f9a174bf4d7f", "gpu_util_percent": 26.0, "gpu_mem_util_percent": 3.0, "gpu_mem_used_mib": 11495.0, "gpu_mem_total_mib": 49140.0, "gpu_power_w": 91.68, "process_present": true, "process_mem_mib": 11008.0, "process_mem_share_percent": 22.4013024013024, "process_util_available": true, "process_util_backend": "nvml", "process_sm_util_percent": 24.0, "process_mem_util_percent": 2.0}
{"timestamp_unix": 1772432328.3730223, "pid": 41161, "device_index": 0, "gpu_uuid": "GPU-6f954bfd-7081-31b7-f15c-f9a174bf4d7f", "gpu_util_percent": 26.0, "gpu_mem_util_percent": 3.0, "gpu_mem_used_mib": 11495.0, "gpu_mem_total_mib": 49140.0, "gpu_power_w": 92.26, "process_present": true, "process_mem_mib": 11008.0, "process_mem_share_percent": 22.4013024013024, "process_util_available": true, "process_util_backend": "nvml", "process_sm_util_percent": 25.0, "process_mem_util_percent": 3.0}
{"timestamp_unix": 1772432328.663368, "pid": 41161, "device_index": 0, "gpu_uuid": "GPU-6f954bfd-7081-31b7-f15c-f9a174bf4d7f", "gpu_util_percent": 26.0, "gpu_mem_util_percent": 3.0, "gpu_mem_used_mib": 11755.0, "gpu_mem_total_mib": 49140.0, "gpu_power_w": 92.31, "process_present": true, "process_mem_mib": 11388.0, "process_mem_share_percent": 23.174603174603174, "process_util_available": true, "process_util_backend": "nvml", "process_sm_util_percent": 24.0, "process_mem_util_percent": 3.0}
{"timestamp_unix": 1772432328.9539795, "pid": 41161, "device_index": 0, "gpu_uuid": "GPU-6f954bfd-7081-31b7-f15c-f9a174bf4d7f", "gpu_util_percent": 26.0, "gpu_mem_util_percent": 3.0, "gpu_mem_used_mib": 12655.0, "gpu_mem_total_mib": 49140.0, "gpu_power_w": 92.31, "process_present": true, "process_mem_mib": 12308.0, "process_mem_share_percent": 25.046805046805048, "process_util_available": true, "process_util_backend": "nvml", "process_sm_util_percent": 24.0, "process_mem_util_percent": 3.0}
{"timestamp_unix": 1772432329.2437828, "pid": 41161, "device_index": 0, "gpu_uuid": "GPU-6f954bfd-7081-31b7-f15c-f9a174bf4d7f", "gpu_util_percent": 25.0, "gpu_mem_util_percent": 3.0, "gpu_mem_used_mib": 13615.0, "gpu_mem_total_mib": 49140.0, "gpu_power_w": 92.32, "process_present": true, "process_mem_mib": 13288.0, "process_mem_share_percent": 27.041107041107043, "process_util_available": true, "process_util_backend": "nvml", "process_sm_util_percent": 23.0, "process_mem_util_percent": 3.0}
{"timestamp_unix": 1772432329.5505323, "pid": 41161, "device_index": 0, "gpu_uuid": "GPU-6f954bfd-7081-31b7-f15c-f9a174bf4d7f", "gpu_util_percent": 25.0, "gpu_mem_util_percent": 3.0, "gpu_mem_used_mib": 14615.0, "gpu_mem_total_mib": 49140.0, "gpu_power_w": 92.32, "process_present": true, "process_mem_mib": 14208.0, "process_mem_share_percent": 28.913308913308917, "process_util_available": true, "process_util_backend": "nvml", "process_sm_util_percent": 12.0, "process_mem_util_percent": 1.0}
{"timestamp_unix": 1772432329.8519604, "pid": 41161, "device_index": 0, "gpu_uuid": "GPU-6f954bfd-7081-31b7-f15c-f9a174bf4d7f", "gpu_util_percent": 25.0, "gpu_mem_util_percent": 3.0, "gpu_mem_used_mib": 14735.0, "gpu_mem_total_mib": 49140.0, "gpu_power_w": 92.32, "process_present": true, "process_mem_mib": 14248.0, "process_mem_share_percent": 28.994708994708994, "process_util_available": true, "process_util_backend": "nvml", "process_sm_util_percent": null, "process_mem_util_percent": null}
{"timestamp_unix": 1772432330.1408906, "pid": 41161, "device_index": 0, "gpu_uuid": "GPU-6f954bfd-7081-31b7-f15c-f9a174bf4d7f", "gpu_util_percent": 28.0, "gpu_mem_util_percent": 3.0, "gpu_mem_used_mib": 14739.0, "gpu_mem_total_mib": 49140.0, "gpu_power_w": 90.7, "process_present": true, "process_mem_mib": 14248.0, "process_mem_share_percent": 28.994708994708994, "process_util_available": true, "process_util_backend": "nvml", "process_sm_util_percent": 25.0, "process_mem_util_percent": 2.0}
{"timestamp_unix": 1772432330.4354155, "pid": 41161, "device_index": 0, "gpu_uuid": "GPU-6f954bfd-7081-31b7-f15c-f9a174bf4d7f", "gpu_util_percent": 28.0, "gpu_mem_util_percent": 3.0, "gpu_mem_used_mib": 14739.0, "gpu_mem_total_mib": 49140.0, "gpu_power_w": 90.7, "process_present": true, "process_mem_mib": 14248.0, "process_mem_share_percent": 28.994708994708994, "process_util_available": true, "process_util_backend": "nvml", "process_sm_util_percent": 24.0, "process_mem_util_percent": 2.0}
{"timestamp_unix": 1772432330.7232559, "pid": 41161, "device_index": 0, "gpu_uuid": "GPU-6f954bfd-7081-31b7-f15c-f9a174bf4d7f", "gpu_util_percent": 28.0, "gpu_mem_util_percent": 3.0, "gpu_mem_used_mib": 14739.0, "gpu_mem_total_mib": 49140.0, "gpu_power_w": 91.04, "process_present": true, "process_mem_mib": 14248.0, "process_mem_share_percent": 28.994708994708994, "process_util_available": true, "process_util_backend": "nvml", "process_sm_util_percent": 24.0, "process_mem_util_percent": 2.0}
{"timestamp_unix": 1772432331.013279, "pid": 41161, "device_index": 0, "gpu_uuid": "GPU-6f954bfd-7081-31b7-f15c-f9a174bf4d7f", "gpu_util_percent": 28.0, "gpu_mem_util_percent": 3.0, "gpu_mem_used_mib": 14739.0, "gpu_mem_total_mib": 49140.0, "gpu_power_w": 91.04, "process_present": true, "process_mem_mib": 14248.0, "process_mem_share_percent": 28.994708994708994, "process_util_available": true, "process_util_backend": "nvml", "process_sm_util_percent": 24.0, "process_mem_util_percent": 2.0}
{"timestamp_unix": 1772432331.3050098, "pid": 41161, "device_index": 0, "gpu_uuid": "GPU-6f954bfd-7081-31b7-f15c-f9a174bf4d7f", "gpu_util_percent": 25.0, "gpu_mem_util_percent": 3.0, "gpu_mem_used_mib": 14739.0, "gpu_mem_total_mib": 49140.0, "gpu_power_w": 92.93, "process_present": true, "process_mem_mib": 14248.0, "process_mem_share_percent": 28.994708994708994, "process_util_available": true, "process_util_backend": "nvml", "process_sm_util_percent": 24.0, "process_mem_util_percent": 2.0}
{"timestamp_unix": 1772432331.5934987, "pid": 41161, "device_index": 0, "gpu_uuid": "GPU-6f954bfd-7081-31b7-f15c-f9a174bf4d7f", "gpu_util_percent": 25.0, "gpu_mem_util_percent": 3.0, "gpu_mem_used_mib": 14739.0, "gpu_mem_total_mib": 49140.0, "gpu_power_w": 92.93, "process_present": true, "process_mem_mib": 14248.0, "process_mem_share_percent": 28.994708994708994, "process_util_available": true, "process_util_backend": "nvml", "process_sm_util_percent": 24.0, "process_mem_util_percent": 2.0}
{"timestamp_unix": 1772432331.8863134, "pid": 41161, "device_index": 0, "gpu_uuid": "GPU-6f954bfd-7081-31b7-f15c-f9a174bf4d7f", "gpu_util_percent": 25.0, "gpu_mem_util_percent": 3.0, "gpu_mem_used_mib": 14739.0, "gpu_mem_total_mib": 49140.0, "gpu_power_w": 92.81, "process_present": true, "process_mem_mib": 14248.0, "process_mem_share_percent": 28.994708994708994, "process_util_available": true, "process_util_backend": "nvml", "process_sm_util_percent": 24.0, "process_mem_util_percent": 2.0}
{"timestamp_unix": 1772432332.1835377, "pid": 41161, "device_index": 0, "gpu_uuid": "GPU-6f954bfd-7081-31b7-f15c-f9a174bf4d7f", "gpu_util_percent": 25.0, "gpu_mem_util_percent": 3.0, "gpu_mem_used_mib": 14738.0, "gpu_mem_total_mib": 49140.0, "gpu_power_w": 92.86, "process_present": true, "process_mem_mib": 14248.0, "process_mem_share_percent": 28.994708994708994, "process_util_available": true, "process_util_backend": "nvml", "process_sm_util_percent": 24.0, "process_mem_util_percent": 2.0}
{"timestamp_unix": 1772432332.4834414, "pid": 41161, "device_index": 0, "gpu_uuid": "GPU-6f954bfd-7081-31b7-f15c-f9a174bf4d7f", "gpu_util_percent": 25.0, "gpu_mem_util_percent": 3.0, "gpu_mem_used_mib": 14738.0, "gpu_mem_total_mib": 49140.0, "gpu_power_w": 92.86, "process_present": true, "process_mem_mib": 14248.0, "process_mem_share_percent": 28.994708994708994, "process_util_available": true, "process_util_backend": "nvml", "process_sm_util_percent": 24.0, "process_mem_util_percent": 2.0}
{"timestamp_unix": 1772432332.7832534, "pid": 41161, "device_index": 0, "gpu_uuid": "GPU-6f954bfd-7081-31b7-f15c-f9a174bf4d7f", "gpu_util_percent": 25.0, "gpu_mem_util_percent": 3.0, "gpu_mem_used_mib": 14738.0, "gpu_mem_total_mib": 49140.0, "gpu_power_w": 92.82, "process_present": true, "process_mem_mib": 14248.0, "process_mem_share_percent": 28.994708994708994, "process_util_available": true, "process_util_backend": "nvml", "process_sm_util_percent": 24.0, "process_mem_util_percent": 2.0}
{"timestamp_unix": 1772432333.08044, "pid": 41161, "device_index": 0, "gpu_uuid": "GPU-6f954bfd-7081-31b7-f15c-f9a174bf4d7f", "gpu_util_percent": 25.0, "gpu_mem_util_percent": 3.0, "gpu_mem_used_mib": 14739.0, "gpu_mem_total_mib": 49140.0, "gpu_power_w": 92.82, "process_present": true, "process_mem_mib": 14248.0, "process_mem_share_percent": 28.994708994708994, "process_util_available": true, "process_util_backend": "nvml", "process_sm_util_percent": 24.0, "process_mem_util_percent": 2.0}
{"timestamp_unix": 1772432333.370499, "pid": 41161, "device_index": 0, "gpu_uuid": "GPU-6f954bfd-7081-31b7-f15c-f9a174bf4d7f", "gpu_util_percent": 26.0, "gpu_mem_util_percent": 3.0, "gpu_mem_used_mib": 14739.0, "gpu_mem_total_mib": 49140.0, "gpu_power_w": 92.46, "process_present": true, "process_mem_mib": 14248.0, "process_mem_share_percent": 28.994708994708994, "process_util_available": true, "process_util_backend": "nvml", "process_sm_util_percent": 25.0, "process_mem_util_percent": 2.0}
{"timestamp_unix": 1772432333.664362, "pid": 41161, "device_index": 0, "gpu_uuid": "GPU-6f954bfd-7081-31b7-f15c-f9a174bf4d7f", "gpu_util_percent": 26.0, "gpu_mem_util_percent": 3.0, "gpu_mem_used_mib": 14739.0, "gpu_mem_total_mib": 49140.0, "gpu_power_w": 92.44, "process_present": true, "process_mem_mib": 14248.0, "process_mem_share_percent": 28.994708994708994, "process_util_available": true, "process_util_backend": "nvml", "process_sm_util_percent": 24.0, "process_mem_util_percent": 2.0}
{"timestamp_unix": 1772432333.9538364, "pid": 41161, "device_index": 0, "gpu_uuid": "GPU-6f954bfd-7081-31b7-f15c-f9a174bf4d7f", "gpu_util_percent": 26.0, "gpu_mem_util_percent": 3.0, "gpu_mem_used_mib": 14739.0, "gpu_mem_total_mib": 49140.0, "gpu_power_w": 92.44, "process_present": true, "process_mem_mib": 14248.0, "process_mem_share_percent": 28.994708994708994, "process_util_available": true, "process_util_backend": "nvml", "process_sm_util_percent": 24.0, "process_mem_util_percent": 2.0}
{"timestamp_unix": 1772432334.2425036, "pid": 41161, "device_index": 0, "gpu_uuid": "GPU-6f954bfd-7081-31b7-f15c-f9a174bf4d7f", "gpu_util_percent": 25.0, "gpu_mem_util_percent": 3.0, "gpu_mem_used_mib": 14739.0, "gpu_mem_total_mib": 49140.0, "gpu_power_w": 92.62, "process_present": true, "process_mem_mib": 14248.0, "process_mem_share_percent": 28.994708994708994, "process_util_available": true, "process_util_backend": "nvml", "process_sm_util_percent": 25.0, "process_mem_util_percent": 2.0}
{"timestamp_unix": 1772432334.5350842, "pid": 41161, "device_index": 0, "gpu_uuid": "GPU-6f954bfd-7081-31b7-f15c-f9a174bf4d7f", "gpu_util_percent": 25.0, "gpu_mem_util_percent": 3.0, "gpu_mem_used_mib": 14739.0, "gpu_mem_total_mib": 49140.0, "gpu_power_w": 92.62, "process_present": true, "process_mem_mib": 14248.0, "process_mem_share_percent": 28.994708994708994, "process_util_available": true, "process_util_backend": "nvml", "process_sm_util_percent": 23.0, "process_mem_util_percent": 2.0}
{"timestamp_unix": 1772432334.8231745, "pid": 41161, "device_index": 0, "gpu_uuid": "GPU-6f954bfd-7081-31b7-f15c-f9a174bf4d7f", "gpu_util_percent": 25.0, "gpu_mem_util_percent": 3.0, "gpu_mem_used_mib": 14739.0, "gpu_mem_total_mib": 49140.0, "gpu_power_w": 92.18, "process_present": true, "process_mem_mib": 14248.0, "process_mem_share_percent": 28.994708994708994, "process_util_available": true, "process_util_backend": "nvml", "process_sm_util_percent": 21.0, "process_mem_util_percent": 2.0}
{"timestamp_unix": 1772432335.1303394, "pid": 41161, "device_index": 0, "gpu_uuid": "GPU-6f954bfd-7081-31b7-f15c-f9a174bf4d7f", "gpu_util_percent": 25.0, "gpu_mem_util_percent": 3.0, "gpu_mem_used_mib": 14739.0, "gpu_mem_total_mib": 49140.0, "gpu_power_w": 92.18, "process_present": true, "process_mem_mib": 14248.0, "process_mem_share_percent": 28.994708994708994, "process_util_available": true, "process_util_backend": "nvml", "process_sm_util_percent": 23.0, "process_mem_util_percent": 2.0}
{"timestamp_unix": 1772432335.4323764, "pid": 41161, "device_index": 0, "gpu_uuid": "GPU-6f954bfd-7081-31b7-f15c-f9a174bf4d7f", "gpu_util_percent": 24.0, "gpu_mem_util_percent": 3.0, "gpu_mem_used_mib": 14739.0, "gpu_mem_total_mib": 49140.0, "gpu_power_w": 92.02, "process_present": true, "process_mem_mib": 14248.0, "process_mem_share_percent": 28.994708994708994, "process_util_available": true, "process_util_backend": "nvml", "process_sm_util_percent": 23.0, "process_mem_util_percent": 3.0}
{"timestamp_unix": 1772432335.7400174, "pid": 41161, "device_index": 0, "gpu_uuid": "GPU-6f954bfd-7081-31b7-f15c-f9a174bf4d7f", "gpu_util_percent": 24.0, "gpu_mem_util_percent": 3.0, "gpu_mem_used_mib": 14738.0, "gpu_mem_total_mib": 49140.0, "gpu_power_w": 92.12, "process_present": true, "process_mem_mib": 14248.0, "process_mem_share_percent": 28.994708994708994, "process_util_available": true, "process_util_backend": "nvml", "process_sm_util_percent": 22.0, "process_mem_util_percent": 3.0}
{"timestamp_unix": 1772432336.0287554, "pid": 41161, "device_index": 0, "gpu_uuid": "GPU-6f954bfd-7081-31b7-f15c-f9a174bf4d7f", "gpu_util_percent": 24.0, "gpu_mem_util_percent": 3.0, "gpu_mem_used_mib": 14738.0, "gpu_mem_total_mib": 49140.0, "gpu_power_w": 92.12, "process_present": true, "process_mem_mib": 14248.0, "process_mem_share_percent": 28.994708994708994, "process_util_available": true, "process_util_backend": "nvml", "process_sm_util_percent": 22.0, "process_mem_util_percent": 3.0}
{"timestamp_unix": 1772432336.3192437, "pid": 41161, "device_index": 0, "gpu_uuid": "GPU-6f954bfd-7081-31b7-f15c-f9a174bf4d7f", "gpu_util_percent": 23.0, "gpu_mem_util_percent": 3.0, "gpu_mem_used_mib": 14738.0, "gpu_mem_total_mib": 49140.0, "gpu_power_w": 92.82, "process_present": true, "process_mem_mib": 14248.0, "process_mem_share_percent": 28.994708994708994, "process_util_available": true, "process_util_backend": "nvml", "process_sm_util_percent": 23.0, "process_mem_util_percent": 3.0}
{"timestamp_unix": 1772432336.6090531, "pid": 41161, "device_index": 0, "gpu_uuid": "GPU-6f954bfd-7081-31b7-f15c-f9a174bf4d7f", "gpu_util_percent": 23.0, "gpu_mem_util_percent": 3.0, "gpu_mem_used_mib": 14738.0, "gpu_mem_total_mib": 49140.0, "gpu_power_w": 92.82, "process_present": true, "process_mem_mib": 14248.0, "process_mem_share_percent": 28.994708994708994, "process_util_available": true, "process_util_backend": "nvml", "process_sm_util_percent": 22.0, "process_mem_util_percent": 3.0}
{"timestamp_unix": 1772432336.9020085, "pid": 41161, "device_index": 0, "gpu_uuid": "GPU-6f954bfd-7081-31b7-f15c-f9a174bf4d7f", "gpu_util_percent": 23.0, "gpu_mem_util_percent": 3.0, "gpu_mem_used_mib": 15100.0, "gpu_mem_total_mib": 49140.0, "gpu_power_w": 92.98, "process_present": true, "process_mem_mib": 14768.0, "process_mem_share_percent": 30.052910052910054, "process_util_available": true, "process_util_backend": "nvml", "process_sm_util_percent": 22.0, "process_mem_util_percent": 3.0}
{"timestamp_unix": 1772432337.1906683, "pid": 41161, "device_index": 0, "gpu_uuid": "GPU-6f954bfd-7081-31b7-f15c-f9a174bf4d7f", "gpu_util_percent": 23.0, "gpu_mem_util_percent": 4.0, "gpu_mem_used_mib": 16260.0, "gpu_mem_total_mib": 49140.0, "gpu_power_w": 92.94, "process_present": true, "process_mem_mib": 15948.0, "process_mem_share_percent": 32.45421245421245, "process_util_available": true, "process_util_backend": "nvml", "process_sm_util_percent": 23.0, "process_mem_util_percent": 3.0}
{"timestamp_unix": 1772432337.480844, "pid": 41161, "device_index": 0, "gpu_uuid": "GPU-6f954bfd-7081-31b7-f15c-f9a174bf4d7f", "gpu_util_percent": 23.0, "gpu_mem_util_percent": 4.0, "gpu_mem_used_mib": 17420.0, "gpu_mem_total_mib": 49140.0, "gpu_power_w": 92.94, "process_present": true, "process_mem_mib": 17088.0, "process_mem_share_percent": 34.77411477411477, "process_util_available": true, "process_util_backend": "nvml", "process_sm_util_percent": null, "process_mem_util_percent": null}
{"timestamp_unix": 1772432337.7941806, "pid": 41161, "device_index": 0, "gpu_uuid": "GPU-6f954bfd-7081-31b7-f15c-f9a174bf4d7f", "gpu_util_percent": 23.0, "gpu_mem_util_percent": 4.0, "gpu_mem_used_mib": 17860.0, "gpu_mem_total_mib": 49140.0, "gpu_power_w": 92.77, "process_present": true, "process_mem_mib": 17368.0, "process_mem_share_percent": 35.34391534391534, "process_util_available": true, "process_util_backend": "nvml", "process_sm_util_percent": 11.0, "process_mem_util_percent": 1.0}
{"timestamp_unix": 1772432338.104856, "pid": 41161, "device_index": 0, "gpu_uuid": "GPU-6f954bfd-7081-31b7-f15c-f9a174bf4d7f", "gpu_util_percent": 23.0, "gpu_mem_util_percent": 4.0, "gpu_mem_used_mib": 17920.0, "gpu_mem_total_mib": 49140.0, "gpu_power_w": 92.77, "process_present": true, "process_mem_mib": 17428.0, "process_mem_share_percent": 35.46601546601546, "process_util_available": true, "process_util_backend": "nvml", "process_sm_util_percent": 19.0, "process_mem_util_percent": 1.0}
{"timestamp_unix": 1772432338.411013, "pid": 41161, "device_index": 0, "gpu_uuid": "GPU-6f954bfd-7081-31b7-f15c-f9a174bf4d7f", "gpu_util_percent": 21.0, "gpu_mem_util_percent": 3.0, "gpu_mem_used_mib": 17920.0, "gpu_mem_total_mib": 49140.0, "gpu_power_w": 90.68, "process_present": true, "process_mem_mib": 17428.0, "process_mem_share_percent": 35.46601546601546, "process_util_available": true, "process_util_backend": "nvml", "process_sm_util_percent": 23.0, "process_mem_util_percent": 2.0}
{"timestamp_unix": 1772432338.7065017, "pid": 41161, "device_index": 0, "gpu_uuid": "GPU-6f954bfd-7081-31b7-f15c-f9a174bf4d7f", "gpu_util_percent": 21.0, "gpu_mem_util_percent": 3.0, "gpu_mem_used_mib": 17920.0, "gpu_mem_total_mib": 49140.0, "gpu_power_w": 90.86, "process_present": true, "process_mem_mib": 17428.0, "process_mem_share_percent": 35.46601546601546, "process_util_available": true, "process_util_backend": "nvml", "process_sm_util_percent": 23.0, "process_mem_util_percent": 2.0}
{"timestamp_unix": 1772432338.9935803, "pid": 41161, "device_index": 0, "gpu_uuid": "GPU-6f954bfd-7081-31b7-f15c-f9a174bf4d7f", "gpu_util_percent": 21.0, "gpu_mem_util_percent": 3.0, "gpu_mem_used_mib": 17920.0, "gpu_mem_total_mib": 49140.0, "gpu_power_w": 90.86, "process_present": true, "process_mem_mib": 17428.0, "process_mem_share_percent": 35.46601546601546, "process_util_available": true, "process_util_backend": "nvml", "process_sm_util_percent": 23.0, "process_mem_util_percent": 2.0}
{"timestamp_unix": 1772432339.2853262, "pid": 41161, "device_index": 0, "gpu_uuid": "GPU-6f954bfd-7081-31b7-f15c-f9a174bf4d7f", "gpu_util_percent": 24.0, "gpu_mem_util_percent": 3.0, "gpu_mem_used_mib": 17919.0, "gpu_mem_total_mib": 49140.0, "gpu_power_w": 93.34, "process_present": true, "process_mem_mib": 17428.0, "process_mem_share_percent": 35.46601546601546, "process_util_available": true, "process_util_backend": "nvml", "process_sm_util_percent": 24.0, "process_mem_util_percent": 3.0}
{"timestamp_unix": 1772432339.5732448, "pid": 41161, "device_index": 0, "gpu_uuid": "GPU-6f954bfd-7081-31b7-f15c-f9a174bf4d7f", "gpu_util_percent": 24.0, "gpu_mem_util_percent": 3.0, "gpu_mem_used_mib": 17919.0, "gpu_mem_total_mib": 49140.0, "gpu_power_w": 93.34, "process_present": true, "process_mem_mib": 17428.0, "process_mem_share_percent": 35.46601546601546, "process_util_available": true, "process_util_backend": "nvml", "process_sm_util_percent": 24.0, "process_mem_util_percent": 2.0}
{"timestamp_unix": 1772432339.8621275, "pid": 41161, "device_index": 0, "gpu_uuid": "GPU-6f954bfd-7081-31b7-f15c-f9a174bf4d7f", "gpu_util_percent": 24.0, "gpu_mem_util_percent": 3.0, "gpu_mem_used_mib": 17919.0, "gpu_mem_total_mib": 49140.0, "gpu_power_w": 93.42, "process_present": true, "process_mem_mib": 17428.0, "process_mem_share_percent": 35.46601546601546, "process_util_available": true, "process_util_backend": "nvml", "process_sm_util_percent": 24.0, "process_mem_util_percent": 2.0}
{"timestamp_unix": 1772432340.151745, "pid": 41161, "device_index": 0, "gpu_uuid": "GPU-6f954bfd-7081-31b7-f15c-f9a174bf4d7f", "gpu_util_percent": 25.0, "gpu_mem_util_percent": 3.0, "gpu_mem_used_mib": 17919.0, "gpu_mem_total_mib": 49140.0, "gpu_power_w": 93.3, "process_present": true, "process_mem_mib": 17428.0, "process_mem_share_percent": 35.46601546601546, "process_util_available": true, "process_util_backend": "nvml", "process_sm_util_percent": 25.0, "process_mem_util_percent": 2.0}
{"timestamp_unix": 1772432340.4509473, "pid": 41161, "device_index": 0, "gpu_uuid": "GPU-6f954bfd-7081-31b7-f15c-f9a174bf4d7f", "gpu_util_percent": 25.0, "gpu_mem_util_percent": 3.0, "gpu_mem_used_mib": 17919.0, "gpu_mem_total_mib": 49140.0, "gpu_power_w": 93.3, "process_present": true, "process_mem_mib": 17428.0, "process_mem_share_percent": 35.46601546601546, "process_util_available": true, "process_util_backend": "nvml", "process_sm_util_percent": 24.0, "process_mem_util_percent": 2.0}
{"timestamp_unix": 1772432340.7502334, "pid": 41161, "device_index": 0, "gpu_uuid": "GPU-6f954bfd-7081-31b7-f15c-f9a174bf4d7f", "gpu_util_percent": 25.0, "gpu_mem_util_percent": 3.0, "gpu_mem_used_mib": 17919.0, "gpu_mem_total_mib": 49140.0, "gpu_power_w": 93.24, "process_present": true, "process_mem_mib": 17428.0, "process_mem_share_percent": 35.46601546601546, "process_util_available": true, "process_util_backend": "nvml", "process_sm_util_percent": 24.0, "process_mem_util_percent": 2.0}
{"timestamp_unix": 1772432341.0490541, "pid": 41161, "device_index": 0, "gpu_uuid": "GPU-6f954bfd-7081-31b7-f15c-f9a174bf4d7f", "gpu_util_percent": 25.0, "gpu_mem_util_percent": 3.0, "gpu_mem_used_mib": 17919.0, "gpu_mem_total_mib": 49140.0, "gpu_power_w": 93.24, "process_present": true, "process_mem_mib": 17428.0, "process_mem_share_percent": 35.46601546601546, "process_util_available": true, "process_util_backend": "nvml", "process_sm_util_percent": 24.0, "process_mem_util_percent": 2.0}
{"timestamp_unix": 1772432341.3398046, "pid": 41161, "device_index": 0, "gpu_uuid": "GPU-6f954bfd-7081-31b7-f15c-f9a174bf4d7f", "gpu_util_percent": 24.0, "gpu_mem_util_percent": 3.0, "gpu_mem_used_mib": 17919.0, "gpu_mem_total_mib": 49140.0, "gpu_power_w": 93.14, "process_present": true, "process_mem_mib": 17428.0, "process_mem_share_percent": 35.46601546601546, "process_util_available": true, "process_util_backend": "nvml", "process_sm_util_percent": 23.0, "process_mem_util_percent": 2.0}
{"timestamp_unix": 1772432341.6278505, "pid": 41161, "device_index": 0, "gpu_uuid": "GPU-6f954bfd-7081-31b7-f15c-f9a174bf4d7f", "gpu_util_percent": 24.0, "gpu_mem_util_percent": 3.0, "gpu_mem_used_mib": 17919.0, "gpu_mem_total_mib": 49140.0, "gpu_power_w": 92.73, "process_present": true, "process_mem_mib": 17428.0, "process_mem_share_percent": 35.46601546601546, "process_util_available": true, "process_util_backend": "nvml", "process_sm_util_percent": 23.0, "process_mem_util_percent": 2.0}
{"timestamp_unix": 1772432341.9181738, "pid": 41161, "device_index": 0, "gpu_uuid": "GPU-6f954bfd-7081-31b7-f15c-f9a174bf4d7f", "gpu_util_percent": 24.0, "gpu_mem_util_percent": 3.0, "gpu_mem_used_mib": 17918.0, "gpu_mem_total_mib": 49140.0, "gpu_power_w": 92.73, "process_present": true, "process_mem_mib": 17428.0, "process_mem_share_percent": 35.46601546601546, "process_util_available": true, "process_util_backend": "nvml", "process_sm_util_percent": 24.0, "process_mem_util_percent": 2.0}
{"timestamp_unix": 1772432342.2106311, "pid": 41161, "device_index": 0, "gpu_uuid": "GPU-6f954bfd-7081-31b7-f15c-f9a174bf4d7f", "gpu_util_percent": 25.0, "gpu_mem_util_percent": 3.0, "gpu_mem_used_mib": 17918.0, "gpu_mem_total_mib": 49140.0, "gpu_power_w": 92.57, "process_present": true, "process_mem_mib": 17428.0, "process_mem_share_percent": 35.46601546601546, "process_util_available": true, "process_util_backend": "nvml", "process_sm_util_percent": 24.0, "process_mem_util_percent": 2.0}
{"timestamp_unix": 1772432342.5009282, "pid": 41161, "device_index": 0, "gpu_uuid": "GPU-6f954bfd-7081-31b7-f15c-f9a174bf4d7f", "gpu_util_percent": 25.0, "gpu_mem_util_percent": 3.0, "gpu_mem_used_mib": 17918.0, "gpu_mem_total_mib": 49140.0, "gpu_power_w": 92.57, "process_present": true, "process_mem_mib": 17428.0, "process_mem_share_percent": 35.46601546601546, "process_util_available": true, "process_util_backend": "nvml", "process_sm_util_percent": 24.0, "process_mem_util_percent": 2.0}
{"timestamp_unix": 1772432342.7896798, "pid": 41161, "device_index": 0, "gpu_uuid": "GPU-6f954bfd-7081-31b7-f15c-f9a174bf4d7f", "gpu_util_percent": 25.0, "gpu_mem_util_percent": 3.0, "gpu_mem_used_mib": 17918.0, "gpu_mem_total_mib": 49140.0, "gpu_power_w": 92.78, "process_present": true, "process_mem_mib": 17428.0, "process_mem_share_percent": 35.46601546601546, "process_util_available": true, "process_util_backend": "nvml", "process_sm_util_percent": 20.0, "process_mem_util_percent": 2.0}
{"timestamp_unix": 1772432343.0951736, "pid": 41161, "device_index": 0, "gpu_uuid": "GPU-6f954bfd-7081-31b7-f15c-f9a174bf4d7f", "gpu_util_percent": 25.0, "gpu_mem_util_percent": 3.0, "gpu_mem_used_mib": 17918.0, "gpu_mem_total_mib": 49140.0, "gpu_power_w": 92.78, "process_present": true, "process_mem_mib": 17428.0, "process_mem_share_percent": 35.46601546601546, "process_util_available": true, "process_util_backend": "nvml", "process_sm_util_percent": 22.0, "process_mem_util_percent": 3.0}
{"timestamp_unix": 1772432343.4022677, "pid": 41161, "device_index": 0, "gpu_uuid": "GPU-6f954bfd-7081-31b7-f15c-f9a174bf4d7f", "gpu_util_percent": 24.0, "gpu_mem_util_percent": 3.0, "gpu_mem_used_mib": 17918.0, "gpu_mem_total_mib": 49140.0, "gpu_power_w": 92.11, "process_present": true, "process_mem_mib": 17428.0, "process_mem_share_percent": 35.46601546601546, "process_util_available": true, "process_util_backend": "nvml", "process_sm_util_percent": 23.0, "process_mem_util_percent": 3.0}
{"timestamp_unix": 1772432343.7114508, "pid": 41161, "device_index": 0, "gpu_uuid": "GPU-6f954bfd-7081-31b7-f15c-f9a174bf4d7f", "gpu_util_percent": 24.0, "gpu_mem_util_percent": 3.0, "gpu_mem_used_mib": 17918.0, "gpu_mem_total_mib": 49140.0, "gpu_power_w": 92.0, "process_present": true, "process_mem_mib": 17428.0, "process_mem_share_percent": 35.46601546601546, "process_util_available": true, "process_util_backend": "nvml", "process_sm_util_percent": 23.0, "process_mem_util_percent": 3.0}
{"timestamp_unix": 1772432344.001206, "pid": 41161, "device_index": 0, "gpu_uuid": "GPU-6f954bfd-7081-31b7-f15c-f9a174bf4d7f", "gpu_util_percent": 24.0, "gpu_mem_util_percent": 3.0, "gpu_mem_used_mib": 17918.0, "gpu_mem_total_mib": 49140.0, "gpu_power_w": 92.0, "process_present": true, "process_mem_mib": 17428.0, "process_mem_share_percent": 35.46601546601546, "process_util_available": true, "process_util_backend": "nvml", "process_sm_util_percent": 23.0, "process_mem_util_percent": 3.0}
{"timestamp_unix": 1772432344.2897708, "pid": 41161, "device_index": 0, "gpu_uuid": "GPU-6f954bfd-7081-31b7-f15c-f9a174bf4d7f", "gpu_util_percent": 24.0, "gpu_mem_util_percent": 4.0, "gpu_mem_used_mib": 17917.0, "gpu_mem_total_mib": 49140.0, "gpu_power_w": 92.99, "process_present": true, "process_mem_mib": 17428.0, "process_mem_share_percent": 35.46601546601546, "process_util_available": true, "process_util_backend": "nvml", "process_sm_util_percent": 23.0, "process_mem_util_percent": 3.0}
{"timestamp_unix": 1772432344.5774703, "pid": 41161, "device_index": 0, "gpu_uuid": "GPU-6f954bfd-7081-31b7-f15c-f9a174bf4d7f", "gpu_util_percent": 24.0, "gpu_mem_util_percent": 4.0, "gpu_mem_used_mib": 17917.0, "gpu_mem_total_mib": 49140.0, "gpu_power_w": 92.99, "process_present": true, "process_mem_mib": 17428.0, "process_mem_share_percent": 35.46601546601546, "process_util_available": true, "process_util_backend": "nvml", "process_sm_util_percent": 23.0, "process_mem_util_percent": 3.0}
{"timestamp_unix": 1772432344.8684998, "pid": 41161, "device_index": 0, "gpu_uuid": "GPU-6f954bfd-7081-31b7-f15c-f9a174bf4d7f", "gpu_util_percent": 24.0, "gpu_mem_util_percent": 4.0, "gpu_mem_used_mib": 17917.0, "gpu_mem_total_mib": 49140.0, "gpu_power_w": 93.18, "process_present": true, "process_mem_mib": 17428.0, "process_mem_share_percent": 35.46601546601546, "process_util_available": true, "process_util_backend": "nvml", "process_sm_util_percent": 23.0, "process_mem_util_percent": 3.0}
{"timestamp_unix": 1772432345.1596124, "pid": 41161, "device_index": 0, "gpu_uuid": "GPU-6f954bfd-7081-31b7-f15c-f9a174bf4d7f", "gpu_util_percent": 24.0, "gpu_mem_util_percent": 4.0, "gpu_mem_used_mib": 17912.0, "gpu_mem_total_mib": 49140.0, "gpu_power_w": 93.21, "process_present": true, "process_mem_mib": 17548.0, "process_mem_share_percent": 35.71021571021571, "process_util_available": true, "process_util_backend": "nvml", "process_sm_util_percent": 23.0, "process_mem_util_percent": 3.0}
{"timestamp_unix": 1772432345.44722, "pid": 41161, "device_index": 0, "gpu_uuid": "GPU-6f954bfd-7081-31b7-f15c-f9a174bf4d7f", "gpu_util_percent": 24.0, "gpu_mem_util_percent": 4.0, "gpu_mem_used_mib": 19152.0, "gpu_mem_total_mib": 49140.0, "gpu_power_w": 93.21, "process_present": true, "process_mem_mib": 18888.0, "process_mem_share_percent": 38.43711843711844, "process_util_available": true, "process_util_backend": "nvml", "process_sm_util_percent": 22.0, "process_mem_util_percent": 3.0}
{"timestamp_unix": 1772432345.7525883, "pid": 41161, "device_index": 0, "gpu_uuid": "GPU-6f954bfd-7081-31b7-f15c-f9a174bf4d7f", "gpu_util_percent": 24.0, "gpu_mem_util_percent": 4.0, "gpu_mem_used_mib": 20512.0, "gpu_mem_total_mib": 49140.0, "gpu_power_w": 93.09, "process_present": true, "process_mem_mib": 20228.0, "process_mem_share_percent": 41.164021164021165, "process_util_available": true, "process_util_backend": "nvml", "process_sm_util_percent": 10.0, "process_mem_util_percent": 1.0}
{"timestamp_unix": 1772432346.0509498, "pid": 41161, "device_index": 0, "gpu_uuid": "GPU-6f954bfd-7081-31b7-f15c-f9a174bf4d7f", "gpu_util_percent": 24.0, "gpu_mem_util_percent": 4.0, "gpu_mem_used_mib": 21192.0, "gpu_mem_total_mib": 49140.0, "gpu_power_w": 93.09, "process_present": true, "process_mem_mib": 20708.0, "process_mem_share_percent": 42.140822140822145, "process_util_available": true, "process_util_backend": "nvml", "process_sm_util_percent": null, "process_mem_util_percent": null}
{"timestamp_unix": 1772432346.3501568, "pid": 41161, "device_index": 0, "gpu_uuid": "GPU-6f954bfd-7081-31b7-f15c-f9a174bf4d7f", "gpu_util_percent": 13.0, "gpu_mem_util_percent": 1.0, "gpu_mem_used_mib": 21212.0, "gpu_mem_total_mib": 49140.0, "gpu_power_w": 92.0, "process_present": true, "process_mem_mib": 20728.0, "process_mem_share_percent": 42.18152218152218, "process_util_available": true, "process_util_backend": "nvml", "process_sm_util_percent": 10.0, "process_mem_util_percent": 1.0}
{"timestamp_unix": 1772432346.6402073, "pid": 41161, "device_index": 0, "gpu_uuid": "GPU-6f954bfd-7081-31b7-f15c-f9a174bf4d7f", "gpu_util_percent": 13.0, "gpu_mem_util_percent": 1.0, "gpu_mem_used_mib": 21212.0, "gpu_mem_total_mib": 49140.0, "gpu_power_w": 91.39, "process_present": true, "process_mem_mib": 20728.0, "process_mem_share_percent": 42.18152218152218, "process_util_available": true, "process_util_backend": "nvml", "process_sm_util_percent": 21.0, "process_mem_util_percent": 3.0}
{"timestamp_unix": 1772432346.9262953, "pid": 41161, "device_index": 0, "gpu_uuid": "GPU-6f954bfd-7081-31b7-f15c-f9a174bf4d7f", "gpu_util_percent": 13.0, "gpu_mem_util_percent": 1.0, "gpu_mem_used_mib": 21212.0, "gpu_mem_total_mib": 49140.0, "gpu_power_w": 91.39, "process_present": true, "process_mem_mib": 20728.0, "process_mem_share_percent": 42.18152218152218, "process_util_available": true, "process_util_backend": "nvml", "process_sm_util_percent": 21.0, "process_mem_util_percent": 3.0}
{"timestamp_unix": 1772432347.213115, "pid": 41161, "device_index": 0, "gpu_uuid": "GPU-6f954bfd-7081-31b7-f15c-f9a174bf4d7f", "gpu_util_percent": 24.0, "gpu_mem_util_percent": 4.0, "gpu_mem_used_mib": 21213.0, "gpu_mem_total_mib": 49140.0, "gpu_power_w": 92.42, "process_present": true, "process_mem_mib": 20728.0, "process_mem_share_percent": 42.18152218152218, "process_util_available": true, "process_util_backend": "nvml", "process_sm_util_percent": 22.0, "process_mem_util_percent": 3.0}
{"timestamp_unix": 1772432347.501671, "pid": 41161, "device_index": 0, "gpu_uuid": "GPU-6f954bfd-7081-31b7-f15c-f9a174bf4d7f", "gpu_util_percent": 24.0, "gpu_mem_util_percent": 4.0, "gpu_mem_used_mib": 21213.0, "gpu_mem_total_mib": 49140.0, "gpu_power_w": 92.42, "process_present": true, "process_mem_mib": 20728.0, "process_mem_share_percent": 42.18152218152218, "process_util_available": true, "process_util_backend": "nvml", "process_sm_util_percent": 23.0, "process_mem_util_percent": 3.0}
{"timestamp_unix": 1772432347.792786, "pid": 41161, "device_index": 0, "gpu_uuid": "GPU-6f954bfd-7081-31b7-f15c-f9a174bf4d7f", "gpu_util_percent": 24.0, "gpu_mem_util_percent": 4.0, "gpu_mem_used_mib": 21213.0, "gpu_mem_total_mib": 49140.0, "gpu_power_w": 94.44, "process_present": true, "process_mem_mib": 20728.0, "process_mem_share_percent": 42.18152218152218, "process_util_available": true, "process_util_backend": "nvml", "process_sm_util_percent": 24.0, "process_mem_util_percent": 3.0}
{"timestamp_unix": 1772432348.085277, "pid": 41161, "device_index": 0, "gpu_uuid": "GPU-6f954bfd-7081-31b7-f15c-f9a174bf4d7f", "gpu_util_percent": 24.0, "gpu_mem_util_percent": 4.0, "gpu_mem_used_mib": 21214.0, "gpu_mem_total_mib": 49140.0, "gpu_power_w": 94.44, "process_present": true, "process_mem_mib": 20728.0, "process_mem_share_percent": 42.18152218152218, "process_util_available": true, "process_util_backend": "nvml", "process_sm_util_percent": 24.0, "process_mem_util_percent": 3.0}
{"timestamp_unix": 1772432348.3826857, "pid": 41161, "device_index": 0, "gpu_uuid": "GPU-6f954bfd-7081-31b7-f15c-f9a174bf4d7f", "gpu_util_percent": 27.0, "gpu_mem_util_percent": 4.0, "gpu_mem_used_mib": 21214.0, "gpu_mem_total_mib": 49140.0, "gpu_power_w": 94.38, "process_present": true, "process_mem_mib": 20728.0, "process_mem_share_percent": 42.18152218152218, "process_util_available": true, "process_util_backend": "nvml", "process_sm_util_percent": 26.0, "process_mem_util_percent": 3.0}
{"timestamp_unix": 1772432348.686142, "pid": 41161, "device_index": 0, "gpu_uuid": "GPU-6f954bfd-7081-31b7-f15c-f9a174bf4d7f", "gpu_util_percent": 27.0, "gpu_mem_util_percent": 4.0, "gpu_mem_used_mib": 21214.0, "gpu_mem_total_mib": 49140.0, "gpu_power_w": 94.36, "process_present": true, "process_mem_mib": 20728.0, "process_mem_share_percent": 42.18152218152218, "process_util_available": true, "process_util_backend": "nvml", "process_sm_util_percent": 24.0, "process_mem_util_percent": 3.0}
{"timestamp_unix": 1772432348.984844, "pid": 41161, "device_index": 0, "gpu_uuid": "GPU-6f954bfd-7081-31b7-f15c-f9a174bf4d7f", "gpu_util_percent": 27.0, "gpu_mem_util_percent": 4.0, "gpu_mem_used_mib": 21214.0, "gpu_mem_total_mib": 49140.0, "gpu_power_w": 94.36, "process_present": true, "process_mem_mib": 20728.0, "process_mem_share_percent": 42.18152218152218, "process_util_available": true, "process_util_backend": "nvml", "process_sm_util_percent": 24.0, "process_mem_util_percent": 3.0}
{"timestamp_unix": 1772432349.2817824, "pid": 41161, "device_index": 0, "gpu_uuid": "GPU-6f954bfd-7081-31b7-f15c-f9a174bf4d7f", "gpu_util_percent": 26.0, "gpu_mem_util_percent": 3.0, "gpu_mem_used_mib": 21214.0, "gpu_mem_total_mib": 49140.0, "gpu_power_w": 94.23, "process_present": true, "process_mem_mib": 20728.0, "process_mem_share_percent": 42.18152218152218, "process_util_available": true, "process_util_backend": "nvml", "process_sm_util_percent": 25.0, "process_mem_util_percent": 3.0}
{"timestamp_unix": 1772432349.5708632, "pid": 41161, "device_index": 0, "gpu_uuid": "GPU-6f954bfd-7081-31b7-f15c-f9a174bf4d7f", "gpu_util_percent": 26.0, "gpu_mem_util_percent": 3.0, "gpu_mem_used_mib": 21214.0, "gpu_mem_total_mib": 49140.0, "gpu_power_w": 94.23, "process_present": true, "process_mem_mib": 20728.0, "process_mem_share_percent": 42.18152218152218, "process_util_available": true, "process_util_backend": "nvml", "process_sm_util_percent": 24.0, "process_mem_util_percent": 3.0}
{"timestamp_unix": 1772432349.8605351, "pid": 41161, "device_index": 0, "gpu_uuid": "GPU-6f954bfd-7081-31b7-f15c-f9a174bf4d7f", "gpu_util_percent": 26.0, "gpu_mem_util_percent": 3.0, "gpu_mem_used_mib": 21214.0, "gpu_mem_total_mib": 49140.0, "gpu_power_w": 94.01, "process_present": true, "process_mem_mib": 20728.0, "process_mem_share_percent": 42.18152218152218, "process_util_available": true, "process_util_backend": "nvml", "process_sm_util_percent": 24.0, "process_mem_util_percent": 3.0}
{"timestamp_unix": 1772432350.1634245, "pid": 41161, "device_index": 0, "gpu_uuid": "GPU-6f954bfd-7081-31b7-f15c-f9a174bf4d7f", "gpu_util_percent": 26.0, "gpu_mem_util_percent": 3.0, "gpu_mem_used_mib": 21214.0, "gpu_mem_total_mib": 49140.0, "gpu_power_w": 93.85, "process_present": true, "process_mem_mib": 20728.0, "process_mem_share_percent": 42.18152218152218, "process_util_available": true, "process_util_backend": "nvml", "process_sm_util_percent": 25.0, "process_mem_util_percent": 3.0}
{"timestamp_unix": 1772432350.4533243, "pid": 41161, "device_index": 0, "gpu_uuid": "GPU-6f954bfd-7081-31b7-f15c-f9a174bf4d7f", "gpu_util_percent": 26.0, "gpu_mem_util_percent": 3.0, "gpu_mem_used_mib": 21218.0, "gpu_mem_total_mib": 49140.0, "gpu_power_w": 93.85, "process_present": true, "process_mem_mib": 20728.0, "process_mem_share_percent": 42.18152218152218, "process_util_available": true, "process_util_backend": "nvml", "process_sm_util_percent": 25.0, "process_mem_util_percent": 3.0}
{"timestamp_unix": 1772432350.7426436, "pid": 41161, "device_index": 0, "gpu_uuid": "GPU-6f954bfd-7081-31b7-f15c-f9a174bf4d7f", "gpu_util_percent": 26.0, "gpu_mem_util_percent": 3.0, "gpu_mem_used_mib": 21218.0, "gpu_mem_total_mib": 49140.0, "gpu_power_w": 93.79, "process_present": true, "process_mem_mib": 20728.0, "process_mem_share_percent": 42.18152218152218, "process_util_available": true, "process_util_backend": "nvml", "process_sm_util_percent": 24.0, "process_mem_util_percent": 3.0}
{"timestamp_unix": 1772432351.035172, "pid": 41161, "device_index": 0, "gpu_uuid": "GPU-6f954bfd-7081-31b7-f15c-f9a174bf4d7f", "gpu_util_percent": 26.0, "gpu_mem_util_percent": 3.0, "gpu_mem_used_mib": 21218.0, "gpu_mem_total_mib": 49140.0, "gpu_power_w": 93.79, "process_present": true, "process_mem_mib": 20728.0, "process_mem_share_percent": 42.18152218152218, "process_util_available": true, "process_util_backend": "nvml", "process_sm_util_percent": null, "process_mem_util_percent": null}
{"timestamp_unix": 1772432351.3351965, "pid": 41161, "device_index": 0, "gpu_uuid": "GPU-6f954bfd-7081-31b7-f15c-f9a174bf4d7f", "gpu_util_percent": 22.0, "gpu_mem_util_percent": 3.0, "gpu_mem_used_mib": 21218.0, "gpu_mem_total_mib": 49140.0, "gpu_power_w": 92.93, "process_present": true, "process_mem_mib": 20728.0, "process_mem_share_percent": 42.18152218152218, "process_util_available": true, "process_util_backend": "nvml", "process_sm_util_percent": 23.0, "process_mem_util_percent": 3.0}
{"timestamp_unix": 1772432351.6342013, "pid": 41161, "device_index": 0, "gpu_uuid": "GPU-6f954bfd-7081-31b7-f15c-f9a174bf4d7f", "gpu_util_percent": 22.0, "gpu_mem_util_percent": 3.0, "gpu_mem_used_mib": 21218.0, "gpu_mem_total_mib": 49140.0, "gpu_power_w": 92.78, "process_present": true, "process_mem_mib": 20728.0, "process_mem_share_percent": 42.18152218152218, "process_util_available": true, "process_util_backend": "nvml", "process_sm_util_percent": 22.0, "process_mem_util_percent": 3.0}
{"timestamp_unix": 1772432351.9233503, "pid": 41161, "device_index": 0, "gpu_uuid": "GPU-6f954bfd-7081-31b7-f15c-f9a174bf4d7f", "gpu_util_percent": 22.0, "gpu_mem_util_percent": 3.0, "gpu_mem_used_mib": 21218.0, "gpu_mem_total_mib": 49140.0, "gpu_power_w": 92.78, "process_present": true, "process_mem_mib": 20728.0, "process_mem_share_percent": 42.18152218152218, "process_util_available": true, "process_util_backend": "nvml", "process_sm_util_percent": 22.0, "process_mem_util_percent": 3.0}
{"timestamp_unix": 1772432352.2132215, "pid": 41161, "device_index": 0, "gpu_uuid": "GPU-6f954bfd-7081-31b7-f15c-f9a174bf4d7f", "gpu_util_percent": 25.0, "gpu_mem_util_percent": 4.0, "gpu_mem_used_mib": 21218.0, "gpu_mem_total_mib": 49140.0, "gpu_power_w": 93.41, "process_present": true, "process_mem_mib": 20728.0, "process_mem_share_percent": 42.18152218152218, "process_util_available": true, "process_util_backend": "nvml", "process_sm_util_percent": 24.0, "process_mem_util_percent": 3.0}
{"timestamp_unix": 1772432352.5055964, "pid": 41161, "device_index": 0, "gpu_uuid": "GPU-6f954bfd-7081-31b7-f15c-f9a174bf4d7f", "gpu_util_percent": 25.0, "gpu_mem_util_percent": 4.0, "gpu_mem_used_mib": 21218.0, "gpu_mem_total_mib": 49140.0, "gpu_power_w": 93.41, "process_present": true, "process_mem_mib": 20728.0, "process_mem_share_percent": 42.18152218152218, "process_util_available": true, "process_util_backend": "nvml", "process_sm_util_percent": 24.0, "process_mem_util_percent": 3.0}
{"timestamp_unix": 1772432352.7968378, "pid": 41161, "device_index": 0, "gpu_uuid": "GPU-6f954bfd-7081-31b7-f15c-f9a174bf4d7f", "gpu_util_percent": 25.0, "gpu_mem_util_percent": 4.0, "gpu_mem_used_mib": 21220.0, "gpu_mem_total_mib": 49140.0, "gpu_power_w": 93.9, "process_present": true, "process_mem_mib": 20728.0, "process_mem_share_percent": 42.18152218152218, "process_util_available": true, "process_util_backend": "nvml", "process_sm_util_percent": 25.0, "process_mem_util_percent": 3.0}
{"timestamp_unix": 1772432353.0899885, "pid": 41161, "device_index": 0, "gpu_uuid": "GPU-6f954bfd-7081-31b7-f15c-f9a174bf4d7f", "gpu_util_percent": 25.0, "gpu_mem_util_percent": 4.0, "gpu_mem_used_mib": 21220.0, "gpu_mem_total_mib": 49140.0, "gpu_power_w": 93.9, "process_present": true, "process_mem_mib": 20728.0, "process_mem_share_percent": 42.18152218152218, "process_util_available": true, "process_util_backend": "nvml", "process_sm_util_percent": null, "process_mem_util_percent": null}
{"timestamp_unix": 1772432353.3842812, "pid": 41161, "device_index": 0, "gpu_uuid": "GPU-6f954bfd-7081-31b7-f15c-f9a174bf4d7f", "gpu_util_percent": 26.0, "gpu_mem_util_percent": 4.0, "gpu_mem_used_mib": 21680.0, "gpu_mem_total_mib": 49140.0, "gpu_power_w": 94.22, "process_present": true, "process_mem_mib": 21428.0, "process_mem_share_percent": 43.606023606023605, "process_util_available": true, "process_util_backend": "nvml", "process_sm_util_percent": 25.0, "process_mem_util_percent": 4.0}
{"timestamp_unix": 1772432353.699166, "pid": 41161, "device_index": 0, "gpu_uuid": "GPU-6f954bfd-7081-31b7-f15c-f9a174bf4d7f", "gpu_util_percent": 26.0, "gpu_mem_util_percent": 4.0, "gpu_mem_used_mib": 23440.0, "gpu_mem_total_mib": 49140.0, "gpu_power_w": 94.2, "process_present": true, "process_mem_mib": 23208.0, "process_mem_share_percent": 47.228327228327224, "process_util_available": true, "process_util_backend": "nvml", "process_sm_util_percent": 23.0, "process_mem_util_percent": 3.0}
{"timestamp_unix": 1772432354.0023603, "pid": 41161, "device_index": 0, "gpu_uuid": "GPU-6f954bfd-7081-31b7-f15c-f9a174bf4d7f", "gpu_util_percent": 26.0, "gpu_mem_util_percent": 4.0, "gpu_mem_used_mib": 25160.0, "gpu_mem_total_mib": 49140.0, "gpu_power_w": 94.2, "process_present": true, "process_mem_mib": 24928.0, "process_mem_share_percent": 50.72853072853073, "process_util_available": true, "process_util_backend": "nvml", "process_sm_util_percent": 24.0, "process_mem_util_percent": 3.0}
{"timestamp_unix": 1772432354.302484, "pid": 41161, "device_index": 0, "gpu_uuid": "GPU-6f954bfd-7081-31b7-f15c-f9a174bf4d7f", "gpu_util_percent": 23.0, "gpu_mem_util_percent": 3.0, "gpu_mem_used_mib": 26320.0, "gpu_mem_total_mib": 49140.0, "gpu_power_w": 93.72, "process_present": true, "process_mem_mib": 25828.0, "process_mem_share_percent": 52.56003256003255, "process_util_available": true, "process_util_backend": "nvml", "process_sm_util_percent": 12.0, "process_mem_util_percent": 1.0}
{"timestamp_unix": 1772432354.591183, "pid": 41161, "device_index": 0, "gpu_uuid": "GPU-6f954bfd-7081-31b7-f15c-f9a174bf4d7f", "gpu_util_percent": 23.0, "gpu_mem_util_percent": 3.0, "gpu_mem_used_mib": 26340.0, "gpu_mem_total_mib": 49140.0, "gpu_power_w": 93.72, "process_present": true, "process_mem_mib": 25848.0, "process_mem_share_percent": 52.600732600732606, "process_util_available": true, "process_util_backend": "nvml", "process_sm_util_percent": 17.0, "process_mem_util_percent": 1.0}
{"timestamp_unix": 1772432354.878182, "pid": 41161, "device_index": 0, "gpu_uuid": "GPU-6f954bfd-7081-31b7-f15c-f9a174bf4d7f", "gpu_util_percent": 23.0, "gpu_mem_util_percent": 3.0, "gpu_mem_used_mib": 26340.0, "gpu_mem_total_mib": 49140.0, "gpu_power_w": 91.19, "process_present": true, "process_mem_mib": 25848.0, "process_mem_share_percent": 52.600732600732606, "process_util_available": true, "process_util_backend": "nvml", "process_sm_util_percent": 25.0, "process_mem_util_percent": 3.0}
{"timestamp_unix": 1772432355.1800845, "pid": 41161, "device_index": 0, "gpu_uuid": "GPU-6f954bfd-7081-31b7-f15c-f9a174bf4d7f", "gpu_util_percent": 27.0, "gpu_mem_util_percent": 4.0, "gpu_mem_used_mib": 26339.0, "gpu_mem_total_mib": 49140.0, "gpu_power_w": 91.73, "process_present": true, "process_mem_mib": 25848.0, "process_mem_share_percent": 52.600732600732606, "process_util_available": true, "process_util_backend": "nvml", "process_sm_util_percent": 27.0, "process_mem_util_percent": 3.0}
{"timestamp_unix": 1772432355.471495, "pid": 41161, "device_index": 0, "gpu_uuid": "GPU-6f954bfd-7081-31b7-f15c-f9a174bf4d7f", "gpu_util_percent": 27.0, "gpu_mem_util_percent": 4.0, "gpu_mem_used_mib": 26339.0, "gpu_mem_total_mib": 49140.0, "gpu_power_w": 91.73, "process_present": true, "process_mem_mib": 25848.0, "process_mem_share_percent": 52.600732600732606, "process_util_available": true, "process_util_backend": "nvml", "process_sm_util_percent": 27.0, "process_mem_util_percent": 3.0}
{"timestamp_unix": 1772432355.760038, "pid": 41161, "device_index": 0, "gpu_uuid": "GPU-6f954bfd-7081-31b7-f15c-f9a174bf4d7f", "gpu_util_percent": 27.0, "gpu_mem_util_percent": 4.0, "gpu_mem_used_mib": 26339.0, "gpu_mem_total_mib": 49140.0, "gpu_power_w": 94.44, "process_present": true, "process_mem_mib": 25848.0, "process_mem_share_percent": 52.600732600732606, "process_util_available": true, "process_util_backend": "nvml", "process_sm_util_percent": 26.0, "process_mem_util_percent": 3.0}
{"timestamp_unix": 1772432356.053503, "pid": 41161, "device_index": 0, "gpu_uuid": "GPU-6f954bfd-7081-31b7-f15c-f9a174bf4d7f", "gpu_util_percent": 27.0, "gpu_mem_util_percent": 4.0, "gpu_mem_used_mib": 26339.0, "gpu_mem_total_mib": 49140.0, "gpu_power_w": 94.44, "process_present": true, "process_mem_mib": 25848.0, "process_mem_share_percent": 52.600732600732606, "process_util_available": true, "process_util_backend": "nvml", "process_sm_util_percent": 26.0, "process_mem_util_percent": 3.0}
{"timestamp_unix": 1772432356.3479838, "pid": 41161, "device_index": 0, "gpu_uuid": "GPU-6f954bfd-7081-31b7-f15c-f9a174bf4d7f", "gpu_util_percent": 27.0, "gpu_mem_util_percent": 4.0, "gpu_mem_used_mib": 26339.0, "gpu_mem_total_mib": 49140.0, "gpu_power_w": 94.9, "process_present": true, "process_mem_mib": 25848.0, "process_mem_share_percent": 52.600732600732606, "process_util_available": true, "process_util_backend": "nvml", "process_sm_util_percent": 27.0, "process_mem_util_percent": 3.0}
{"timestamp_unix": 1772432356.650157, "pid": 41161, "device_index": 0, "gpu_uuid": "GPU-6f954bfd-7081-31b7-f15c-f9a174bf4d7f", "gpu_util_percent": 27.0, "gpu_mem_util_percent": 4.0, "gpu_mem_used_mib": 26339.0, "gpu_mem_total_mib": 49140.0, "gpu_power_w": 94.66, "process_present": true, "process_mem_mib": 25848.0, "process_mem_share_percent": 52.600732600732606, "process_util_available": true, "process_util_backend": "nvml", "process_sm_util_percent": 26.0, "process_mem_util_percent": 3.0}
{"timestamp_unix": 1772432356.9504015, "pid": 41161, "device_index": 0, "gpu_uuid": "GPU-6f954bfd-7081-31b7-f15c-f9a174bf4d7f", "gpu_util_percent": 27.0, "gpu_mem_util_percent": 4.0, "gpu_mem_used_mib": 26339.0, "gpu_mem_total_mib": 49140.0, "gpu_power_w": 94.66, "process_present": true, "process_mem_mib": 25848.0, "process_mem_share_percent": 52.600732600732606, "process_util_available": true, "process_util_backend": "nvml", "process_sm_util_percent": 26.0, "process_mem_util_percent": 3.0}
{"timestamp_unix": 1772432357.2502797, "pid": 41161, "device_index": 0, "gpu_uuid": "GPU-6f954bfd-7081-31b7-f15c-f9a174bf4d7f", "gpu_util_percent": 27.0, "gpu_mem_util_percent": 4.0, "gpu_mem_used_mib": 26339.0, "gpu_mem_total_mib": 49140.0, "gpu_power_w": 94.56, "process_present": true, "process_mem_mib": 25848.0, "process_mem_share_percent": 52.600732600732606, "process_util_available": true, "process_util_backend": "nvml", "process_sm_util_percent": 26.0, "process_mem_util_percent": 3.0}
{"timestamp_unix": 1772432357.5488539, "pid": 41161, "device_index": 0, "gpu_uuid": "GPU-6f954bfd-7081-31b7-f15c-f9a174bf4d7f", "gpu_util_percent": 27.0, "gpu_mem_util_percent": 4.0, "gpu_mem_used_mib": 26339.0, "gpu_mem_total_mib": 49140.0, "gpu_power_w": 94.56, "process_present": true, "process_mem_mib": 25848.0, "process_mem_share_percent": 52.600732600732606, "process_util_available": true, "process_util_backend": "nvml", "process_sm_util_percent": 26.0, "process_mem_util_percent": 3.0}
{"timestamp_unix": 1772432357.839826, "pid": 41161, "device_index": 0, "gpu_uuid": "GPU-6f954bfd-7081-31b7-f15c-f9a174bf4d7f", "gpu_util_percent": 27.0, "gpu_mem_util_percent": 4.0, "gpu_mem_used_mib": 26338.0, "gpu_mem_total_mib": 49140.0, "gpu_power_w": 94.27, "process_present": true, "process_mem_mib": 25848.0, "process_mem_share_percent": 52.600732600732606, "process_util_available": true, "process_util_backend": "nvml", "process_sm_util_percent": 26.0, "process_mem_util_percent": 3.0}
{"timestamp_unix": 1772432358.1303608, "pid": 41161, "device_index": 0, "gpu_uuid": "GPU-6f954bfd-7081-31b7-f15c-f9a174bf4d7f", "gpu_util_percent": 27.0, "gpu_mem_util_percent": 4.0, "gpu_mem_used_mib": 26338.0, "gpu_mem_total_mib": 49140.0, "gpu_power_w": 93.68, "process_present": true, "process_mem_mib": 25848.0, "process_mem_share_percent": 52.600732600732606, "process_util_available": true, "process_util_backend": "nvml", "process_sm_util_percent": 26.0, "process_mem_util_percent": 3.0}
{"timestamp_unix": 1772432358.423184, "pid": 41161, "device_index": 0, "gpu_uuid": "GPU-6f954bfd-7081-31b7-f15c-f9a174bf4d7f", "gpu_util_percent": 27.0, "gpu_mem_util_percent": 4.0, "gpu_mem_used_mib": 26338.0, "gpu_mem_total_mib": 49140.0, "gpu_power_w": 93.68, "process_present": true, "process_mem_mib": 25848.0, "process_mem_share_percent": 52.600732600732606, "process_util_available": true, "process_util_backend": "nvml", "process_sm_util_percent": 26.0, "process_mem_util_percent": 3.0}
{"timestamp_unix": 1772432358.7205775, "pid": 41161, "device_index": 0, "gpu_uuid": "GPU-6f954bfd-7081-31b7-f15c-f9a174bf4d7f", "gpu_util_percent": 27.0, "gpu_mem_util_percent": 4.0, "gpu_mem_used_mib": 26338.0, "gpu_mem_total_mib": 49140.0, "gpu_power_w": 93.16, "process_present": true, "process_mem_mib": 25848.0, "process_mem_share_percent": 52.600732600732606, "process_util_available": true, "process_util_backend": "nvml", "process_sm_util_percent": 25.0, "process_mem_util_percent": 3.0}
{"timestamp_unix": 1772432359.010174, "pid": 41161, "device_index": 0, "gpu_uuid": "GPU-6f954bfd-7081-31b7-f15c-f9a174bf4d7f", "gpu_util_percent": 27.0, "gpu_mem_util_percent": 4.0, "gpu_mem_used_mib": 26338.0, "gpu_mem_total_mib": 49140.0, "gpu_power_w": 93.16, "process_present": true, "process_mem_mib": 25848.0, "process_mem_share_percent": 52.600732600732606, "process_util_available": true, "process_util_backend": "nvml", "process_sm_util_percent": 25.0, "process_mem_util_percent": 3.0}
{"timestamp_unix": 1772432359.3035934, "pid": 41161, "device_index": 0, "gpu_uuid": "GPU-6f954bfd-7081-31b7-f15c-f9a174bf4d7f", "gpu_util_percent": 26.0, "gpu_mem_util_percent": 3.0, "gpu_mem_used_mib": 26338.0, "gpu_mem_total_mib": 49140.0, "gpu_power_w": 93.11, "process_present": true, "process_mem_mib": 25848.0, "process_mem_share_percent": 52.600732600732606, "process_util_available": true, "process_util_backend": "nvml", "process_sm_util_percent": 23.0, "process_mem_util_percent": 2.0}
{"timestamp_unix": 1772432359.6112504, "pid": 41161, "device_index": 0, "gpu_uuid": "GPU-6f954bfd-7081-31b7-f15c-f9a174bf4d7f", "gpu_util_percent": 26.0, "gpu_mem_util_percent": 3.0, "gpu_mem_used_mib": 26338.0, "gpu_mem_total_mib": 49140.0, "gpu_power_w": 93.11, "process_present": true, "process_mem_mib": 25848.0, "process_mem_share_percent": 52.600732600732606, "process_util_available": true, "process_util_backend": "nvml", "process_sm_util_percent": 23.0, "process_mem_util_percent": 3.0}
{"timestamp_unix": 1772432359.918506, "pid": 41161, "device_index": 0, "gpu_uuid": "GPU-6f954bfd-7081-31b7-f15c-f9a174bf4d7f", "gpu_util_percent": 26.0, "gpu_mem_util_percent": 3.0, "gpu_mem_used_mib": 26338.0, "gpu_mem_total_mib": 49140.0, "gpu_power_w": 92.36, "process_present": true, "process_mem_mib": 25848.0, "process_mem_share_percent": 52.600732600732606, "process_util_available": true, "process_util_backend": "nvml", "process_sm_util_percent": 24.0, "process_mem_util_percent": 3.0}
{"timestamp_unix": 1772432360.2489436, "pid": 41161, "device_index": 0, "gpu_uuid": "GPU-6f954bfd-7081-31b7-f15c-f9a174bf4d7f", "gpu_util_percent": 25.0, "gpu_mem_util_percent": 4.0, "gpu_mem_used_mib": 26336.0, "gpu_mem_total_mib": 49140.0, "gpu_power_w": 92.69, "process_present": true, "process_mem_mib": 25848.0, "process_mem_share_percent": 52.600732600732606, "process_util_available": true, "process_util_backend": "nvml", "process_sm_util_percent": 23.0, "process_mem_util_percent": 4.0}
{"timestamp_unix": 1772432360.5400555, "pid": 41161, "device_index": 0, "gpu_uuid": "GPU-6f954bfd-7081-31b7-f15c-f9a174bf4d7f", "gpu_util_percent": 25.0, "gpu_mem_util_percent": 4.0, "gpu_mem_used_mib": 26332.0, "gpu_mem_total_mib": 49140.0, "gpu_power_w": 92.69, "process_present": true, "process_mem_mib": 25848.0, "process_mem_share_percent": 52.600732600732606, "process_util_available": true, "process_util_backend": "nvml", "process_sm_util_percent": 24.0, "process_mem_util_percent": 3.0}
{"timestamp_unix": 1772432360.829098, "pid": 41161, "device_index": 0, "gpu_uuid": "GPU-6f954bfd-7081-31b7-f15c-f9a174bf4d7f", "gpu_util_percent": 25.0, "gpu_mem_util_percent": 4.0, "gpu_mem_used_mib": 26332.0, "gpu_mem_total_mib": 49140.0, "gpu_power_w": 93.76, "process_present": true, "process_mem_mib": 25848.0, "process_mem_share_percent": 52.600732600732606, "process_util_available": true, "process_util_backend": "nvml", "process_sm_util_percent": 23.0, "process_mem_util_percent": 3.0}
{"timestamp_unix": 1772432361.1208677, "pid": 41161, "device_index": 0, "gpu_uuid": "GPU-6f954bfd-7081-31b7-f15c-f9a174bf4d7f", "gpu_util_percent": 25.0, "gpu_mem_util_percent": 4.0, "gpu_mem_used_mib": 26332.0, "gpu_mem_total_mib": 49140.0, "gpu_power_w": 93.76, "process_present": true, "process_mem_mib": 25848.0, "process_mem_share_percent": 52.600732600732606, "process_util_available": true, "process_util_backend": "nvml", "process_sm_util_percent": 24.0, "process_mem_util_percent": 3.0}
{"timestamp_unix": 1772432361.6228254, "pid": 41161, "device_index": 0, "gpu_uuid": "GPU-6f954bfd-7081-31b7-f15c-f9a174bf4d7f", "gpu_util_percent": 24.0, "gpu_mem_util_percent": 4.0, "gpu_mem_used_mib": 26332.0, "gpu_mem_total_mib": 49140.0, "gpu_power_w": 93.74, "process_present": true, "process_mem_mib": 25848.0, "process_mem_share_percent": 52.600732600732606, "process_util_available": true, "process_util_backend": "nvml", "process_sm_util_percent": 12.0, "process_mem_util_percent": 2.0}
{"timestamp_unix": 1772432361.9123383, "pid": 41161, "device_index": 0, "gpu_uuid": "GPU-6f954bfd-7081-31b7-f15c-f9a174bf4d7f", "gpu_util_percent": 24.0, "gpu_mem_util_percent": 4.0, "gpu_mem_used_mib": 26332.0, "gpu_mem_total_mib": 49140.0, "gpu_power_w": 92.0, "process_present": true, "process_mem_mib": 25848.0, "process_mem_share_percent": 52.600732600732606, "process_util_available": true, "process_util_backend": "nvml", "process_sm_util_percent": 23.0, "process_mem_util_percent": 3.0}
{"timestamp_unix": 1772432362.2227616, "pid": 41161, "device_index": 0, "gpu_uuid": "GPU-6f954bfd-7081-31b7-f15c-f9a174bf4d7f", "gpu_util_percent": 27.0, "gpu_mem_util_percent": 5.0, "gpu_mem_used_mib": 26432.0, "gpu_mem_total_mib": 49140.0, "gpu_power_w": 91.59, "process_present": true, "process_mem_mib": 26308.0, "process_mem_share_percent": 53.53683353683354, "process_util_available": true, "process_util_backend": "nvml", "process_sm_util_percent": 25.0, "process_mem_util_percent": 4.0}
{"timestamp_unix": 1772432362.5277588, "pid": 41161, "device_index": 0, "gpu_uuid": "GPU-6f954bfd-7081-31b7-f15c-f9a174bf4d7f", "gpu_util_percent": 27.0, "gpu_mem_util_percent": 5.0, "gpu_mem_used_mib": 28952.0, "gpu_mem_total_mib": 49140.0, "gpu_power_w": 91.59, "process_present": true, "process_mem_mib": 28828.0, "process_mem_share_percent": 58.66503866503866, "process_util_available": true, "process_util_backend": "nvml", "process_sm_util_percent": 23.0, "process_mem_util_percent": 3.0}
{"timestamp_unix": 1772432362.8346221, "pid": 41161, "device_index": 0, "gpu_uuid": "GPU-6f954bfd-7081-31b7-f15c-f9a174bf4d7f", "gpu_util_percent": 27.0, "gpu_mem_util_percent": 5.0, "gpu_mem_used_mib": 30032.0, "gpu_mem_total_mib": 49140.0, "gpu_power_w": 91.76, "process_present": true, "process_mem_mib": 29548.0, "process_mem_share_percent": 60.13024013024013, "process_util_available": true, "process_util_backend": "nvml", "process_sm_util_percent": null, "process_mem_util_percent": null}
{"timestamp_unix": 1772432363.1350033, "pid": 41161, "device_index": 0, "gpu_uuid": "GPU-6f954bfd-7081-31b7-f15c-f9a174bf4d7f", "gpu_util_percent": 27.0, "gpu_mem_util_percent": 5.0, "gpu_mem_used_mib": 30048.0, "gpu_mem_total_mib": 49140.0, "gpu_power_w": 91.76, "process_present": true, "process_mem_mib": 29568.0, "process_mem_share_percent": 60.17094017094017, "process_util_available": true, "process_util_backend": "nvml", "process_sm_util_percent": 20.0, "process_mem_util_percent": 2.0}
{"timestamp_unix": 1772432363.4235327, "pid": 41161, "device_index": 0, "gpu_uuid": "GPU-6f954bfd-7081-31b7-f15c-f9a174bf4d7f", "gpu_util_percent": 28.0, "gpu_mem_util_percent": 4.0, "gpu_mem_used_mib": 30048.0, "gpu_mem_total_mib": 49140.0, "gpu_power_w": 90.37, "process_present": true, "process_mem_mib": 29568.0, "process_mem_share_percent": 60.17094017094017, "process_util_available": true, "process_util_backend": "nvml", "process_sm_util_percent": 26.0, "process_mem_util_percent": 3.0}
{"timestamp_unix": 1772432363.7187161, "pid": 41161, "device_index": 0, "gpu_uuid": "GPU-6f954bfd-7081-31b7-f15c-f9a174bf4d7f", "gpu_util_percent": 28.0, "gpu_mem_util_percent": 4.0, "gpu_mem_used_mib": 30048.0, "gpu_mem_total_mib": 49140.0, "gpu_power_w": 90.68, "process_present": true, "process_mem_mib": 29568.0, "process_mem_share_percent": 60.17094017094017, "process_util_available": true, "process_util_backend": "nvml", "process_sm_util_percent": 26.0, "process_mem_util_percent": 3.0}
{"timestamp_unix": 1772432364.0072412, "pid": 41161, "device_index": 0, "gpu_uuid": "GPU-6f954bfd-7081-31b7-f15c-f9a174bf4d7f", "gpu_util_percent": 28.0, "gpu_mem_util_percent": 4.0, "gpu_mem_used_mib": 30048.0, "gpu_mem_total_mib": 49140.0, "gpu_power_w": 90.68, "process_present": true, "process_mem_mib": 29568.0, "process_mem_share_percent": 60.17094017094017, "process_util_available": true, "process_util_backend": "nvml", "process_sm_util_percent": 26.0, "process_mem_util_percent": 3.0}
{"timestamp_unix": 1772432364.2988784, "pid": 41161, "device_index": 0, "gpu_uuid": "GPU-6f954bfd-7081-31b7-f15c-f9a174bf4d7f", "gpu_util_percent": 27.0, "gpu_mem_util_percent": 4.0, "gpu_mem_used_mib": 30054.0, "gpu_mem_total_mib": 49140.0, "gpu_power_w": 93.82, "process_present": true, "process_mem_mib": 29568.0, "process_mem_share_percent": 60.17094017094017, "process_util_available": true, "process_util_backend": "nvml", "process_sm_util_percent": 28.0, "process_mem_util_percent": 3.0}
{"timestamp_unix": 1772432364.5884264, "pid": 41161, "device_index": 0, "gpu_uuid": "GPU-6f954bfd-7081-31b7-f15c-f9a174bf4d7f", "gpu_util_percent": 27.0, "gpu_mem_util_percent": 4.0, "gpu_mem_used_mib": 30054.0, "gpu_mem_total_mib": 49140.0, "gpu_power_w": 93.82, "process_present": true, "process_mem_mib": 29568.0, "process_mem_share_percent": 60.17094017094017, "process_util_available": true, "process_util_backend": "nvml", "process_sm_util_percent": 26.0, "process_mem_util_percent": 3.0}
{"timestamp_unix": 1772432364.8757834, "pid": 41161, "device_index": 0, "gpu_uuid": "GPU-6f954bfd-7081-31b7-f15c-f9a174bf4d7f", "gpu_util_percent": 27.0, "gpu_mem_util_percent": 4.0, "gpu_mem_used_mib": 30054.0, "gpu_mem_total_mib": 49140.0, "gpu_power_w": 93.78, "process_present": true, "process_mem_mib": 29568.0, "process_mem_share_percent": 60.17094017094017, "process_util_available": true, "process_util_backend": "nvml", "process_sm_util_percent": 26.0, "process_mem_util_percent": 3.0}
{"timestamp_unix": 1772432365.1835039, "pid": 41161, "device_index": 0, "gpu_uuid": "GPU-6f954bfd-7081-31b7-f15c-f9a174bf4d7f", "gpu_util_percent": 28.0, "gpu_mem_util_percent": 4.0, "gpu_mem_used_mib": 30054.0, "gpu_mem_total_mib": 49140.0, "gpu_power_w": 93.85, "process_present": true, "process_mem_mib": 29568.0, "process_mem_share_percent": 60.17094017094017, "process_util_available": true, "process_util_backend": "nvml", "process_sm_util_percent": 26.0, "process_mem_util_percent": 3.0}
{"timestamp_unix": 1772432365.4866264, "pid": 41161, "device_index": 0, "gpu_uuid": "GPU-6f954bfd-7081-31b7-f15c-f9a174bf4d7f", "gpu_util_percent": 28.0, "gpu_mem_util_percent": 4.0, "gpu_mem_used_mib": 30054.0, "gpu_mem_total_mib": 49140.0, "gpu_power_w": 93.85, "process_present": true, "process_mem_mib": 29568.0, "process_mem_share_percent": 60.17094017094017, "process_util_available": true, "process_util_backend": "nvml", "process_sm_util_percent": 25.0, "process_mem_util_percent": 3.0}
{"timestamp_unix": 1772432365.7862954, "pid": 41161, "device_index": 0, "gpu_uuid": "GPU-6f954bfd-7081-31b7-f15c-f9a174bf4d7f", "gpu_util_percent": 28.0, "gpu_mem_util_percent": 4.0, "gpu_mem_used_mib": 30054.0, "gpu_mem_total_mib": 49140.0, "gpu_power_w": 93.75, "process_present": true, "process_mem_mib": 29568.0, "process_mem_share_percent": 60.17094017094017, "process_util_available": true, "process_util_backend": "nvml", "process_sm_util_percent": 23.0, "process_mem_util_percent": 3.0}
{"timestamp_unix": 1772432366.077965, "pid": 41161, "device_index": 0, "gpu_uuid": "GPU-6f954bfd-7081-31b7-f15c-f9a174bf4d7f", "gpu_util_percent": 28.0, "gpu_mem_util_percent": 4.0, "gpu_mem_used_mib": 30054.0, "gpu_mem_total_mib": 49140.0, "gpu_power_w": 93.75, "process_present": true, "process_mem_mib": 29568.0, "process_mem_share_percent": 60.17094017094017, "process_util_available": true, "process_util_backend": "nvml", "process_sm_util_percent": 24.0, "process_mem_util_percent": 3.0}
{"timestamp_unix": 1772432366.3705523, "pid": 41161, "device_index": 0, "gpu_uuid": "GPU-6f954bfd-7081-31b7-f15c-f9a174bf4d7f", "gpu_util_percent": 27.0, "gpu_mem_util_percent": 4.0, "gpu_mem_used_mib": 30054.0, "gpu_mem_total_mib": 49140.0, "gpu_power_w": 93.56, "process_present": true, "process_mem_mib": 29568.0, "process_mem_share_percent": 60.17094017094017, "process_util_available": true, "process_util_backend": "nvml", "process_sm_util_percent": 25.0, "process_mem_util_percent": 3.0}
{"timestamp_unix": 1772432366.6592066, "pid": 41161, "device_index": 0, "gpu_uuid": "GPU-6f954bfd-7081-31b7-f15c-f9a174bf4d7f", "gpu_util_percent": 27.0, "gpu_mem_util_percent": 4.0, "gpu_mem_used_mib": 30056.0, "gpu_mem_total_mib": 49140.0, "gpu_power_w": 93.47, "process_present": true, "process_mem_mib": 29568.0, "process_mem_share_percent": 60.17094017094017, "process_util_available": true, "process_util_backend": "nvml", "process_sm_util_percent": 24.0, "process_mem_util_percent": 3.0}
{"timestamp_unix": 1772432366.951434, "pid": 41161, "device_index": 0, "gpu_uuid": "GPU-6f954bfd-7081-31b7-f15c-f9a174bf4d7f", "gpu_util_percent": 27.0, "gpu_mem_util_percent": 4.0, "gpu_mem_used_mib": 30056.0, "gpu_mem_total_mib": 49140.0, "gpu_power_w": 93.47, "process_present": true, "process_mem_mib": 29568.0, "process_mem_share_percent": 60.17094017094017, "process_util_available": true, "process_util_backend": "nvml", "process_sm_util_percent": 23.0, "process_mem_util_percent": 3.0}
{"timestamp_unix": 1772432367.2426093, "pid": 41161, "device_index": 0, "gpu_uuid": "GPU-6f954bfd-7081-31b7-f15c-f9a174bf4d7f", "gpu_util_percent": 22.0, "gpu_mem_util_percent": 3.0, "gpu_mem_used_mib": 30056.0, "gpu_mem_total_mib": 49140.0, "gpu_power_w": 93.51, "process_present": true, "process_mem_mib": 29568.0, "process_mem_share_percent": 60.17094017094017, "process_util_available": true, "process_util_backend": "nvml", "process_sm_util_percent": 23.0, "process_mem_util_percent": 3.0}
{"timestamp_unix": 1772432367.5354874, "pid": 41161, "device_index": 0, "gpu_uuid": "GPU-6f954bfd-7081-31b7-f15c-f9a174bf4d7f", "gpu_util_percent": 22.0, "gpu_mem_util_percent": 3.0, "gpu_mem_used_mib": 30056.0, "gpu_mem_total_mib": 49140.0, "gpu_power_w": 93.51, "process_present": true, "process_mem_mib": 29568.0, "process_mem_share_percent": 60.17094017094017, "process_util_available": true, "process_util_backend": "nvml", "process_sm_util_percent": 22.0, "process_mem_util_percent": 3.0}
{"timestamp_unix": 1772432367.834827, "pid": 41161, "device_index": 0, "gpu_uuid": "GPU-6f954bfd-7081-31b7-f15c-f9a174bf4d7f", "gpu_util_percent": 22.0, "gpu_mem_util_percent": 3.0, "gpu_mem_used_mib": 30056.0, "gpu_mem_total_mib": 49140.0, "gpu_power_w": 93.6, "process_present": true, "process_mem_mib": 29568.0, "process_mem_share_percent": 60.17094017094017, "process_util_available": true, "process_util_backend": "nvml", "process_sm_util_percent": null, "process_mem_util_percent": null}
{"timestamp_unix": 1772432368.1332722, "pid": 41161, "device_index": 0, "gpu_uuid": "GPU-6f954bfd-7081-31b7-f15c-f9a174bf4d7f", "gpu_util_percent": 22.0, "gpu_mem_util_percent": 3.0, "gpu_mem_used_mib": 30056.0, "gpu_mem_total_mib": 49140.0, "gpu_power_w": 93.6, "process_present": true, "process_mem_mib": 29568.0, "process_mem_share_percent": 60.17094017094017, "process_util_available": true, "process_util_backend": "nvml", "process_sm_util_percent": null, "process_mem_util_percent": null}
{"timestamp_unix": 1772432368.4329035, "pid": 41161, "device_index": 0, "gpu_uuid": "GPU-6f954bfd-7081-31b7-f15c-f9a174bf4d7f", "gpu_util_percent": 20.0, "gpu_mem_util_percent": 4.0, "gpu_mem_used_mib": 30056.0, "gpu_mem_total_mib": 49140.0, "gpu_power_w": 93.06, "process_present": true, "process_mem_mib": 29568.0, "process_mem_share_percent": 60.17094017094017, "process_util_available": true, "process_util_backend": "nvml", "process_sm_util_percent": null, "process_mem_util_percent": null}
{"timestamp_unix": 1772432368.7461095, "pid": 41161, "device_index": 0, "gpu_uuid": "GPU-6f954bfd-7081-31b7-f15c-f9a174bf4d7f", "gpu_util_percent": 20.0, "gpu_mem_util_percent": 4.0, "gpu_mem_used_mib": 30056.0, "gpu_mem_total_mib": 49140.0, "gpu_power_w": 93.35, "process_present": true, "process_mem_mib": 29568.0, "process_mem_share_percent": 60.17094017094017, "process_util_available": true, "process_util_backend": "nvml", "process_sm_util_percent": 11.0, "process_mem_util_percent": 2.0}
{"timestamp_unix": 1772432369.0392015, "pid": 41161, "device_index": 0, "gpu_uuid": "GPU-6f954bfd-7081-31b7-f15c-f9a174bf4d7f", "gpu_util_percent": 20.0, "gpu_mem_util_percent": 4.0, "gpu_mem_used_mib": 30056.0, "gpu_mem_total_mib": 49140.0, "gpu_power_w": 93.35, "process_present": true, "process_mem_mib": 29568.0, "process_mem_share_percent": 60.17094017094017, "process_util_available": true, "process_util_backend": "nvml", "process_sm_util_percent": 21.0, "process_mem_util_percent": 4.0}
{"timestamp_unix": 1772432369.3309364, "pid": 41161, "device_index": 0, "gpu_uuid": "GPU-6f954bfd-7081-31b7-f15c-f9a174bf4d7f", "gpu_util_percent": 22.0, "gpu_mem_util_percent": 4.0, "gpu_mem_used_mib": 30055.0, "gpu_mem_total_mib": 49140.0, "gpu_power_w": 94.42, "process_present": true, "process_mem_mib": 29568.0, "process_mem_share_percent": 60.17094017094017, "process_util_available": true, "process_util_backend": "nvml", "process_sm_util_percent": 23.0, "process_mem_util_percent": 4.0}
{"timestamp_unix": 1772432369.6227174, "pid": 41161, "device_index": 0, "gpu_uuid": "GPU-6f954bfd-7081-31b7-f15c-f9a174bf4d7f", "gpu_util_percent": 22.0, "gpu_mem_util_percent": 4.0, "gpu_mem_used_mib": 30055.0, "gpu_mem_total_mib": 49140.0, "gpu_power_w": 94.42, "process_present": true, "process_mem_mib": 29568.0, "process_mem_share_percent": 60.17094017094017, "process_util_available": true, "process_util_backend": "nvml", "process_sm_util_percent": 23.0, "process_mem_util_percent": 4.0}
{"timestamp_unix": 1772432369.9154372, "pid": 41161, "device_index": 0, "gpu_uuid": "GPU-6f954bfd-7081-31b7-f15c-f9a174bf4d7f", "gpu_util_percent": 22.0, "gpu_mem_util_percent": 4.0, "gpu_mem_used_mib": 30055.0, "gpu_mem_total_mib": 49140.0, "gpu_power_w": 94.43, "process_present": true, "process_mem_mib": 29568.0, "process_mem_share_percent": 60.17094017094017, "process_util_available": true, "process_util_backend": "nvml", "process_sm_util_percent": 24.0, "process_mem_util_percent": 4.0}
{"timestamp_unix": 1772432370.2093246, "pid": 41161, "device_index": 0, "gpu_uuid": "GPU-6f954bfd-7081-31b7-f15c-f9a174bf4d7f", "gpu_util_percent": 24.0, "gpu_mem_util_percent": 5.0, "gpu_mem_used_mib": 30355.0, "gpu_mem_total_mib": 49140.0, "gpu_power_w": 94.62, "process_present": true, "process_mem_mib": 30208.0, "process_mem_share_percent": 61.47334147334147, "process_util_available": true, "process_util_backend": "nvml", "process_sm_util_percent": 24.0, "process_mem_util_percent": 4.0}
{"timestamp_unix": 1772432370.5026793, "pid": 41161, "device_index": 0, "gpu_uuid": "GPU-6f954bfd-7081-31b7-f15c-f9a174bf4d7f", "gpu_util_percent": 24.0, "gpu_mem_util_percent": 5.0, "gpu_mem_used_mib": 32719.0, "gpu_mem_total_mib": 49140.0, "gpu_power_w": 94.62, "process_present": true, "process_mem_mib": 32548.0, "process_mem_share_percent": 66.23524623524624, "process_util_available": true, "process_util_backend": "nvml", "process_sm_util_percent": 22.0, "process_mem_util_percent": 3.0}
{"timestamp_unix": 1772432370.8029191, "pid": 41161, "device_index": 0, "gpu_uuid": "GPU-6f954bfd-7081-31b7-f15c-f9a174bf4d7f", "gpu_util_percent": 24.0, "gpu_mem_util_percent": 5.0, "gpu_mem_used_mib": 35119.0, "gpu_mem_total_mib": 49140.0, "gpu_power_w": 94.02, "process_present": true, "process_mem_mib": 34988.0, "process_mem_share_percent": 71.2006512006512, "process_util_available": true, "process_util_backend": "nvml", "process_sm_util_percent": 22.0, "process_mem_util_percent": 3.0}
{"timestamp_unix": 1772432371.1125245, "pid": 41161, "device_index": 0, "gpu_uuid": "GPU-6f954bfd-7081-31b7-f15c-f9a174bf4d7f", "gpu_util_percent": 24.0, "gpu_mem_util_percent": 5.0, "gpu_mem_used_mib": 36560.0, "gpu_mem_total_mib": 49140.0, "gpu_power_w": 94.02, "process_present": true, "process_mem_mib": 36068.0, "process_mem_share_percent": 73.3984533984534, "process_util_available": true, "process_util_backend": "nvml", "process_sm_util_percent": 11.0, "process_mem_util_percent": 1.0}
{"timestamp_unix": 1772432371.404311, "pid": 41161, "device_index": 0, "gpu_uuid": "GPU-6f954bfd-7081-31b7-f15c-f9a174bf4d7f", "gpu_util_percent": 17.0, "gpu_mem_util_percent": 2.0, "gpu_mem_used_mib": 36580.0, "gpu_mem_total_mib": 49140.0, "gpu_power_w": 92.89, "process_present": true, "process_mem_mib": 36088.0, "process_mem_share_percent": 73.43915343915344, "process_util_available": true, "process_util_backend": "nvml", "process_sm_util_percent": null, "process_mem_util_percent": null}
{"timestamp_unix": 1772432371.6939888, "pid": 41161, "device_index": 0, "gpu_uuid": "GPU-6f954bfd-7081-31b7-f15c-f9a174bf4d7f", "gpu_util_percent": 17.0, "gpu_mem_util_percent": 2.0, "gpu_mem_used_mib": 36578.0, "gpu_mem_total_mib": 49140.0, "gpu_power_w": 91.29, "process_present": true, "process_mem_mib": 36088.0, "process_mem_share_percent": 73.43915343915344, "process_util_available": true, "process_util_backend": "nvml", "process_sm_util_percent": 25.0, "process_mem_util_percent": 3.0}
{"timestamp_unix": 1772432371.9854646, "pid": 41161, "device_index": 0, "gpu_uuid": "GPU-6f954bfd-7081-31b7-f15c-f9a174bf4d7f", "gpu_util_percent": 17.0, "gpu_mem_util_percent": 2.0, "gpu_mem_used_mib": 36578.0, "gpu_mem_total_mib": 49140.0, "gpu_power_w": 91.29, "process_present": true, "process_mem_mib": 36088.0, "process_mem_share_percent": 73.43915343915344, "process_util_available": true, "process_util_backend": "nvml", "process_sm_util_percent": null, "process_mem_util_percent": null}
{"timestamp_unix": 1772432372.2756455, "pid": 41161, "device_index": 0, "gpu_uuid": "GPU-6f954bfd-7081-31b7-f15c-f9a174bf4d7f", "gpu_util_percent": 25.0, "gpu_mem_util_percent": 4.0, "gpu_mem_used_mib": 36578.0, "gpu_mem_total_mib": 49140.0, "gpu_power_w": 92.02, "process_present": true, "process_mem_mib": 36088.0, "process_mem_share_percent": 73.43915343915344, "process_util_available": true, "process_util_backend": "nvml", "process_sm_util_percent": 26.0, "process_mem_util_percent": 3.0}
{"timestamp_unix": 1772432372.568575, "pid": 41161, "device_index": 0, "gpu_uuid": "GPU-6f954bfd-7081-31b7-f15c-f9a174bf4d7f", "gpu_util_percent": 25.0, "gpu_mem_util_percent": 4.0, "gpu_mem_used_mib": 36578.0, "gpu_mem_total_mib": 49140.0, "gpu_power_w": 92.02, "process_present": true, "process_mem_mib": 36088.0, "process_mem_share_percent": 73.43915343915344, "process_util_available": true, "process_util_backend": "nvml", "process_sm_util_percent": 25.0, "process_mem_util_percent": 3.0}
{"timestamp_unix": 1772432372.857751, "pid": 41161, "device_index": 0, "gpu_uuid": "GPU-6f954bfd-7081-31b7-f15c-f9a174bf4d7f", "gpu_util_percent": 25.0, "gpu_mem_util_percent": 4.0, "gpu_mem_used_mib": 36578.0, "gpu_mem_total_mib": 49140.0, "gpu_power_w": 94.49, "process_present": true, "process_mem_mib": 36088.0, "process_mem_share_percent": 73.43915343915344, "process_util_available": true, "process_util_backend": "nvml", "process_sm_util_percent": 24.0, "process_mem_util_percent": 3.0}
{"timestamp_unix": 1772432373.1637032, "pid": 41161, "device_index": 0, "gpu_uuid": "GPU-6f954bfd-7081-31b7-f15c-f9a174bf4d7f", "gpu_util_percent": 24.0, "gpu_mem_util_percent": 4.0, "gpu_mem_used_mib": 36578.0, "gpu_mem_total_mib": 49140.0, "gpu_power_w": 94.24, "process_present": true, "process_mem_mib": 36088.0, "process_mem_share_percent": 73.43915343915344, "process_util_available": true, "process_util_backend": "nvml", "process_sm_util_percent": 24.0, "process_mem_util_percent": 3.0}
{"timestamp_unix": 1772432373.4670508, "pid": 41161, "device_index": 0, "gpu_uuid": "GPU-6f954bfd-7081-31b7-f15c-f9a174bf4d7f", "gpu_util_percent": 24.0, "gpu_mem_util_percent": 4.0, "gpu_mem_used_mib": 36578.0, "gpu_mem_total_mib": 49140.0, "gpu_power_w": 94.24, "process_present": true, "process_mem_mib": 36088.0, "process_mem_share_percent": 73.43915343915344, "process_util_available": true, "process_util_backend": "nvml", "process_sm_util_percent": 25.0, "process_mem_util_percent": 3.0}
{"timestamp_unix": 1772432373.766783, "pid": 41161, "device_index": 0, "gpu_uuid": "GPU-6f954bfd-7081-31b7-f15c-f9a174bf4d7f", "gpu_util_percent": 24.0, "gpu_mem_util_percent": 4.0, "gpu_mem_used_mib": 36578.0, "gpu_mem_total_mib": 49140.0, "gpu_power_w": 93.99, "process_present": true, "process_mem_mib": 36088.0, "process_mem_share_percent": 73.43915343915344, "process_util_available": true, "process_util_backend": "nvml", "process_sm_util_percent": 24.0, "process_mem_util_percent": 3.0}
{"timestamp_unix": 1772432374.0563126, "pid": 41161, "device_index": 0, "gpu_uuid": "GPU-6f954bfd-7081-31b7-f15c-f9a174bf4d7f", "gpu_util_percent": 24.0, "gpu_mem_util_percent": 4.0, "gpu_mem_used_mib": 36577.0, "gpu_mem_total_mib": 49140.0, "gpu_power_w": 93.99, "process_present": true, "process_mem_mib": 36088.0, "process_mem_share_percent": 73.43915343915344, "process_util_available": true, "process_util_backend": "nvml", "process_sm_util_percent": 24.0, "process_mem_util_percent": 3.0}
{"timestamp_unix": 1772432374.3463693, "pid": 41161, "device_index": 0, "gpu_uuid": "GPU-6f954bfd-7081-31b7-f15c-f9a174bf4d7f", "gpu_util_percent": 24.0, "gpu_mem_util_percent": 4.0, "gpu_mem_used_mib": 36577.0, "gpu_mem_total_mib": 49140.0, "gpu_power_w": 94.0, "process_present": true, "process_mem_mib": 36088.0, "process_mem_share_percent": 73.43915343915344, "process_util_available": true, "process_util_backend": "nvml", "process_sm_util_percent": 24.0, "process_mem_util_percent": 3.0}
{"timestamp_unix": 1772432374.6367345, "pid": 41161, "device_index": 0, "gpu_uuid": "GPU-6f954bfd-7081-31b7-f15c-f9a174bf4d7f", "gpu_util_percent": 24.0, "gpu_mem_util_percent": 4.0, "gpu_mem_used_mib": 36577.0, "gpu_mem_total_mib": 49140.0, "gpu_power_w": 93.89, "process_present": true, "process_mem_mib": 36088.0, "process_mem_share_percent": 73.43915343915344, "process_util_available": true, "process_util_backend": "nvml", "process_sm_util_percent": 24.0, "process_mem_util_percent": 3.0}
{"timestamp_unix": 1772432374.9256048, "pid": 41161, "device_index": 0, "gpu_uuid": "GPU-6f954bfd-7081-31b7-f15c-f9a174bf4d7f", "gpu_util_percent": 24.0, "gpu_mem_util_percent": 4.0, "gpu_mem_used_mib": 36577.0, "gpu_mem_total_mib": 49140.0, "gpu_power_w": 93.89, "process_present": true, "process_mem_mib": 36088.0, "process_mem_share_percent": 73.43915343915344, "process_util_available": true, "process_util_backend": "nvml", "process_sm_util_percent": 24.0, "process_mem_util_percent": 3.0}
{"timestamp_unix": 1772432375.2226357, "pid": 41161, "device_index": 0, "gpu_uuid": "GPU-6f954bfd-7081-31b7-f15c-f9a174bf4d7f", "gpu_util_percent": 25.0, "gpu_mem_util_percent": 4.0, "gpu_mem_used_mib": 36577.0, "gpu_mem_total_mib": 49140.0, "gpu_power_w": 93.86, "process_present": true, "process_mem_mib": 36088.0, "process_mem_share_percent": 73.43915343915344, "process_util_available": true, "process_util_backend": "nvml", "process_sm_util_percent": 24.0, "process_mem_util_percent": 3.0}
{"timestamp_unix": 1772432375.5133169, "pid": 41161, "device_index": 0, "gpu_uuid": "GPU-6f954bfd-7081-31b7-f15c-f9a174bf4d7f", "gpu_util_percent": 25.0, "gpu_mem_util_percent": 4.0, "gpu_mem_used_mib": 36573.0, "gpu_mem_total_mib": 49140.0, "gpu_power_w": 93.86, "process_present": true, "process_mem_mib": 36088.0, "process_mem_share_percent": 73.43915343915344, "process_util_available": true, "process_util_backend": "nvml", "process_sm_util_percent": 24.0, "process_mem_util_percent": 3.0}
{"timestamp_unix": 1772432375.817296, "pid": 41161, "device_index": 0, "gpu_uuid": "GPU-6f954bfd-7081-31b7-f15c-f9a174bf4d7f", "gpu_util_percent": 25.0, "gpu_mem_util_percent": 4.0, "gpu_mem_used_mib": 36573.0, "gpu_mem_total_mib": 49140.0, "gpu_power_w": 93.81, "process_present": true, "process_mem_mib": 36088.0, "process_mem_share_percent": 73.43915343915344, "process_util_available": true, "process_util_backend": "nvml", "process_sm_util_percent": 25.0, "process_mem_util_percent": 3.0}
{"timestamp_unix": 1772432376.1215527, "pid": 41161, "device_index": 0, "gpu_uuid": "GPU-6f954bfd-7081-31b7-f15c-f9a174bf4d7f", "gpu_util_percent": 25.0, "gpu_mem_util_percent": 4.0, "gpu_mem_used_mib": 36572.0, "gpu_mem_total_mib": 49140.0, "gpu_power_w": 93.81, "process_present": true, "process_mem_mib": 36088.0, "process_mem_share_percent": 73.43915343915344, "process_util_available": true, "process_util_backend": "nvml", "process_sm_util_percent": 12.0, "process_mem_util_percent": 1.0}
