{"timestamp_unix": 1772437407.001444, "pid": 87002, "device_index": 0, "gpu_uuid": "GPU-6f954bfd-7081-31b7-f15c-f9a174bf4d7f", "gpu_util_percent": 11.0, "gpu_mem_util_percent": 1.0, "gpu_mem_used_mib": 998.0, "gpu_mem_total_mib": 49140.0, "gpu_power_w": 49.02, "process_present": true, "process_mem_mib": 500.0, "process_mem_share_percent": 1.0175010175010175, "process_util_available": true, "process_util_backend": "nvml", "process_sm_util_percent": null, "process_mem_util_percent": null}
{"timestamp_unix": 1772437407.4036589, "pid": 87002, "device_index": 0, "gpu_uuid": "GPU-6f954bfd-7081-31b7-f15c-f9a174bf4d7f", "gpu_util_percent": 11.0, "gpu_mem_util_percent": 1.0, "gpu_mem_used_mib": 997.0, "gpu_mem_total_mib": 49140.0, "gpu_power_w": 49.02, "process_present": true, "process_mem_mib": 500.0, "process_mem_share_percent": 1.0175010175010175, "process_util_available": true, "process_util_backend": "nvml", "process_sm_util_percent": null, "process_mem_util_percent": null}
{"timestamp_unix": 1772437407.692551, "pid": 87002, "device_index": 0, "gpu_uuid": "GPU-6f954bfd-7081-31b7-f15c-f9a174bf4d7f", "gpu_util_percent": 11.0, "gpu_mem_util_percent": 1.0, "gpu_mem_used_mib": 997.0, "gpu_mem_total_mib": 49140.0, "gpu_power_w": 65.51, "process_present": true, "process_mem_mib": 500.0, "process_mem_share_percent": 1.0175010175010175, "process_util_available": true, "process_util_backend": "nvml", "process_sm_util_percent": null, "process_mem_util_percent": null}
{"timestamp_unix": 1772437408.0123072, "pid": 87002, "device_index": 0, "gpu_uuid": "GPU-6f954bfd-7081-31b7-f15c-f9a174bf4d7f", "gpu_util_percent": 14.0, "gpu_mem_util_percent": 1.0, "gpu_mem_used_mib": 997.0, "gpu_mem_total_mib": 49140.0, "gpu_power_w": 81.04, "process_present": true, "process_mem_mib": 500.0, "process_mem_share_percent": 1.0175010175010175, "process_util_available": true, "process_util_backend": "nvml", "process_sm_util_percent": null, "process_mem_util_percent": null}
{"timestamp_unix": 1772437408.302221, "pid": 87002, "device_index": 0, "gpu_uuid": "GPU-6f954bfd-7081-31b7-f15c-f9a174bf4d7f", "gpu_util_percent": 14.0, "gpu_mem_util_percent": 1.0, "gpu_mem_used_mib": 1141.0, "gpu_mem_total_mib": 49140.0, "gpu_power_w": 81.04, "process_present": true, "process_mem_mib": 752.0, "process_mem_share_percent": 1.5303215303215303, "process_util_available": true, "process_util_backend": "nvml", "process_sm_util_percent": 18.0, "process_mem_util_percent": 1.0}
{"timestamp_unix": 1772437408.5934763, "pid": 87002, "device_index": 0, "gpu_uuid": "GPU-6f954bfd-7081-31b7-f15c-f9a174bf4d7f", "gpu_util_percent": 14.0, "gpu_mem_util_percent": 1.0, "gpu_mem_used_mib": 1757.0, "gpu_mem_total_mib": 49140.0, "gpu_power_w": 81.43, "process_present": true, "process_mem_mib": 1272.0, "process_mem_share_percent": 2.5885225885225887, "process_util_available": true, "process_util_backend": "nvml", "process_sm_util_percent": 21.0, "process_mem_util_percent": 1.0}
{"timestamp_unix": 1772437408.8834562, "pid": 87002, "device_index": 0, "gpu_uuid": "GPU-6f954bfd-7081-31b7-f15c-f9a174bf4d7f", "gpu_util_percent": 14.0, "gpu_mem_util_percent": 1.0, "gpu_mem_used_mib": 1855.0, "gpu_mem_total_mib": 49140.0, "gpu_power_w": 81.43, "process_present": true, "process_mem_mib": 1582.0, "process_mem_share_percent": 3.219373219373219, "process_util_available": true, "process_util_backend": "nvml", "process_sm_util_percent": null, "process_mem_util_percent": null}
{"timestamp_unix": 1772437409.1693757, "pid": 87002, "device_index": 0, "gpu_uuid": "GPU-6f954bfd-7081-31b7-f15c-f9a174bf4d7f", "gpu_util_percent": 19.0, "gpu_mem_util_percent": 2.0, "gpu_mem_used_mib": 3651.0, "gpu_mem_total_mib": 49140.0, "gpu_power_w": 83.65, "process_present": true, "process_mem_mib": 3394.0, "process_mem_share_percent": 6.906796906796907, "process_util_available": true, "process_util_backend": "nvml", "process_sm_util_percent": 22.0, "process_mem_util_percent": 3.0}
{"timestamp_unix": 1772437409.4765613, "pid": 87002, "device_index": 0, "gpu_uuid": "GPU-6f954bfd-7081-31b7-f15c-f9a174bf4d7f", "gpu_util_percent": 19.0, "gpu_mem_util_percent": 2.0, "gpu_mem_used_mib": 5463.0, "gpu_mem_total_mib": 49140.0, "gpu_power_w": 88.41, "process_present": true, "process_mem_mib": 5172.0, "process_mem_share_percent": 10.525030525030525, "process_util_available": true, "process_util_backend": "nvml", "process_sm_util_percent": null, "process_mem_util_percent": null}
{"timestamp_unix": 1772437409.7821624, "pid": 87002, "device_index": 0, "gpu_uuid": "GPU-6f954bfd-7081-31b7-f15c-f9a174bf4d7f", "gpu_util_percent": 19.0, "gpu_mem_util_percent": 2.0, "gpu_mem_used_mib": 7319.0, "gpu_mem_total_mib": 49140.0, "gpu_power_w": 88.41, "process_present": true, "process_mem_mib": 7048.0, "process_mem_share_percent": 14.342694342694342, "process_util_available": true, "process_util_backend": "nvml", "process_sm_util_percent": 23.0, "process_mem_util_percent": 3.0}
{"timestamp_unix": 1772437410.0742998, "pid": 87002, "device_index": 0, "gpu_uuid": "GPU-6f954bfd-7081-31b7-f15c-f9a174bf4d7f", "gpu_util_percent": 22.0, "gpu_mem_util_percent": 3.0, "gpu_mem_used_mib": 9307.0, "gpu_mem_total_mib": 49140.0, "gpu_power_w": 90.47, "process_present": true, "process_mem_mib": 9096.0, "process_mem_share_percent": 18.510378510378512, "process_util_available": true, "process_util_backend": "nvml", "process_sm_util_percent": 23.0, "process_mem_util_percent": 3.0}
{"timestamp_unix": 1772437410.3661063, "pid": 87002, "device_index": 0, "gpu_uuid": "GPU-6f954bfd-7081-31b7-f15c-f9a174bf4d7f", "gpu_util_percent": 22.0, "gpu_mem_util_percent": 3.0, "gpu_mem_used_mib": 11529.0, "gpu_mem_total_mib": 49140.0, "gpu_power_w": 90.47, "process_present": true, "process_mem_mib": 11318.0, "process_mem_share_percent": 23.032153032153033, "process_util_available": true, "process_util_backend": "nvml", "process_sm_util_percent": 25.0, "process_mem_util_percent": 4.0}
{"timestamp_unix": 1772437410.6496434, "pid": 87002, "device_index": 0, "gpu_uuid": "GPU-6f954bfd-7081-31b7-f15c-f9a174bf4d7f", "gpu_util_percent": 22.0, "gpu_mem_util_percent": 3.0, "gpu_mem_used_mib": 13793.0, "gpu_mem_total_mib": 49140.0, "gpu_power_w": 92.08, "process_present": true, "process_mem_mib": 13552.0, "process_mem_share_percent": 27.57834757834758, "process_util_available": true, "process_util_backend": "nvml", "process_sm_util_percent": 23.0, "process_mem_util_percent": 4.0}
{"timestamp_unix": 1772437410.9355261, "pid": 87002, "device_index": 0, "gpu_uuid": "GPU-6f954bfd-7081-31b7-f15c-f9a174bf4d7f", "gpu_util_percent": 23.0, "gpu_mem_util_percent": 4.0, "gpu_mem_used_mib": 15915.0, "gpu_mem_total_mib": 49140.0, "gpu_power_w": 92.37, "process_present": true, "process_mem_mib": 15696.0, "process_mem_share_percent": 31.941391941391938, "process_util_available": true, "process_util_backend": "nvml", "process_sm_util_percent": 23.0, "process_mem_util_percent": 4.0}
{"timestamp_unix": 1772437411.2238069, "pid": 87002, "device_index": 0, "gpu_uuid": "GPU-6f954bfd-7081-31b7-f15c-f9a174bf4d7f", "gpu_util_percent": 23.0, "gpu_mem_util_percent": 4.0, "gpu_mem_used_mib": 18298.0, "gpu_mem_total_mib": 49140.0, "gpu_power_w": 92.37, "process_present": true, "process_mem_mib": 18148.0, "process_mem_share_percent": 36.93121693121693, "process_util_available": true, "process_util_backend": "nvml", "process_sm_util_percent": 25.0, "process_mem_util_percent": 4.0}
{"timestamp_unix": 1772437411.5156221, "pid": 87002, "device_index": 0, "gpu_uuid": "GPU-6f954bfd-7081-31b7-f15c-f9a174bf4d7f", "gpu_util_percent": 23.0, "gpu_mem_util_percent": 4.0, "gpu_mem_used_mib": 20866.0, "gpu_mem_total_mib": 49140.0, "gpu_power_w": 92.76, "process_present": true, "process_mem_mib": 20740.0, "process_mem_share_percent": 42.20594220594221, "process_util_available": true, "process_util_backend": "nvml", "process_sm_util_percent": 24.0, "process_mem_util_percent": 4.0}
{"timestamp_unix": 1772437411.8068824, "pid": 87002, "device_index": 0, "gpu_uuid": "GPU-6f954bfd-7081-31b7-f15c-f9a174bf4d7f", "gpu_util_percent": 23.0, "gpu_mem_util_percent": 4.0, "gpu_mem_used_mib": 23470.0, "gpu_mem_total_mib": 49140.0, "gpu_power_w": 92.76, "process_present": true, "process_mem_mib": 23364.0, "process_mem_share_percent": 47.54578754578754, "process_util_available": true, "process_util_backend": "nvml", "process_sm_util_percent": 24.0, "process_mem_util_percent": 4.0}
{"timestamp_unix": 1772437412.1154804, "pid": 87002, "device_index": 0, "gpu_uuid": "GPU-6f954bfd-7081-31b7-f15c-f9a174bf4d7f", "gpu_util_percent": 23.0, "gpu_mem_util_percent": 4.0, "gpu_mem_used_mib": 26246.0, "gpu_mem_total_mib": 49140.0, "gpu_power_w": 93.02, "process_present": true, "process_mem_mib": 26112.0, "process_mem_share_percent": 53.13797313797314, "process_util_available": true, "process_util_backend": "nvml", "process_sm_util_percent": 24.0, "process_mem_util_percent": 4.0}
{"timestamp_unix": 1772437412.4170506, "pid": 87002, "device_index": 0, "gpu_uuid": "GPU-6f954bfd-7081-31b7-f15c-f9a174bf4d7f", "gpu_util_percent": 23.0, "gpu_mem_util_percent": 4.0, "gpu_mem_used_mib": 29076.0, "gpu_mem_total_mib": 49140.0, "gpu_power_w": 93.02, "process_present": true, "process_mem_mib": 28926.0, "process_mem_share_percent": 58.86446886446887, "process_util_available": true, "process_util_backend": "nvml", "process_sm_util_percent": 24.0, "process_mem_util_percent": 4.0}
{"timestamp_unix": 1772437412.7078571, "pid": 87002, "device_index": 0, "gpu_uuid": "GPU-6f954bfd-7081-31b7-f15c-f9a174bf4d7f", "gpu_util_percent": 23.0, "gpu_mem_util_percent": 4.0, "gpu_mem_used_mib": 31716.0, "gpu_mem_total_mib": 49140.0, "gpu_power_w": 92.97, "process_present": true, "process_mem_mib": 31622.0, "process_mem_share_percent": 64.35083435083435, "process_util_available": true, "process_util_backend": "nvml", "process_sm_util_percent": 23.0, "process_mem_util_percent": 4.0}
{"timestamp_unix": 1772437413.0024478, "pid": 87002, "device_index": 0, "gpu_uuid": "GPU-6f954bfd-7081-31b7-f15c-f9a174bf4d7f", "gpu_util_percent": 24.0, "gpu_mem_util_percent": 5.0, "gpu_mem_used_mib": 34864.0, "gpu_mem_total_mib": 49140.0, "gpu_power_w": 92.63, "process_present": true, "process_mem_mib": 34810.0, "process_mem_share_percent": 70.83842083842083, "process_util_available": true, "process_util_backend": "nvml", "process_sm_util_percent": 24.0, "process_mem_util_percent": 4.0}
{"timestamp_unix": 1772437413.29143, "pid": 87002, "device_index": 0, "gpu_uuid": "GPU-6f954bfd-7081-31b7-f15c-f9a174bf4d7f", "gpu_util_percent": 24.0, "gpu_mem_util_percent": 5.0, "gpu_mem_used_mib": 38046.0, "gpu_mem_total_mib": 49140.0, "gpu_power_w": 92.63, "process_present": true, "process_mem_mib": 37966.0, "process_mem_share_percent": 77.26088726088726, "process_util_available": true, "process_util_backend": "nvml", "process_sm_util_percent": 24.0, "process_mem_util_percent": 4.0}
{"timestamp_unix": 1772437413.5834627, "pid": 87002, "device_index": 0, "gpu_uuid": "GPU-6f954bfd-7081-31b7-f15c-f9a174bf4d7f", "gpu_util_percent": 24.0, "gpu_mem_util_percent": 5.0, "gpu_mem_used_mib": 41182.0, "gpu_mem_total_mib": 49140.0, "gpu_power_w": 93.04, "process_present": true, "process_mem_mib": 41012.0, "process_mem_share_percent": 83.45950345950345, "process_util_available": true, "process_util_backend": "nvml", "process_sm_util_percent": 24.0, "process_mem_util_percent": 4.0}
{"timestamp_unix": 1772437413.8875022, "pid": 87002, "device_index": 0, "gpu_uuid": "GPU-6f954bfd-7081-31b7-f15c-f9a174bf4d7f", "gpu_util_percent": 24.0, "gpu_mem_util_percent": 5.0, "gpu_mem_used_mib": 41688.0, "gpu_mem_total_mib": 49140.0, "gpu_power_w": 93.04, "process_present": true, "process_mem_mib": 41190.0, "process_mem_share_percent": 83.82173382173383, "process_util_available": true, "process_util_backend": "nvml", "process_sm_util_percent": null, "process_mem_util_percent": null}
{"timestamp_unix": 1772437414.1764283, "pid": 87002, "device_index": 0, "gpu_uuid": "GPU-6f954bfd-7081-31b7-f15c-f9a174bf4d7f", "gpu_util_percent": 20.0, "gpu_mem_util_percent": 2.0, "gpu_mem_used_mib": 41688.0, "gpu_mem_total_mib": 49140.0, "gpu_power_w": 91.49, "process_present": true, "process_mem_mib": 41190.0, "process_mem_share_percent": 83.82173382173383, "process_util_available": true, "process_util_backend": "nvml", "process_sm_util_percent": 25.0, "process_mem_util_percent": 4.0}
{"timestamp_unix": 1772437414.4842665, "pid": 87002, "device_index": 0, "gpu_uuid": "GPU-6f954bfd-7081-31b7-f15c-f9a174bf4d7f", "gpu_util_percent": 20.0, "gpu_mem_util_percent": 2.0, "gpu_mem_used_mib": 41688.0, "gpu_mem_total_mib": 49140.0, "gpu_power_w": 93.1, "process_present": true, "process_mem_mib": 41190.0, "process_mem_share_percent": 83.82173382173383, "process_util_available": true, "process_util_backend": "nvml", "process_sm_util_percent": 27.0, "process_mem_util_percent": 5.0}
{"timestamp_unix": 1772437414.7830508, "pid": 87002, "device_index": 0, "gpu_uuid": "GPU-6f954bfd-7081-31b7-f15c-f9a174bf4d7f", "gpu_util_percent": 20.0, "gpu_mem_util_percent": 2.0, "gpu_mem_used_mib": 41688.0, "gpu_mem_total_mib": 49140.0, "gpu_power_w": 93.1, "process_present": true, "process_mem_mib": 41190.0, "process_mem_share_percent": 83.82173382173383, "process_util_available": true, "process_util_backend": "nvml", "process_sm_util_percent": 27.0, "process_mem_util_percent": 5.0}
{"timestamp_unix": 1772437415.0823061, "pid": 87002, "device_index": 0, "gpu_uuid": "GPU-6f954bfd-7081-31b7-f15c-f9a174bf4d7f", "gpu_util_percent": 27.0, "gpu_mem_util_percent": 5.0, "gpu_mem_used_mib": 41688.0, "gpu_mem_total_mib": 49140.0, "gpu_power_w": 96.12, "process_present": true, "process_mem_mib": 41190.0, "process_mem_share_percent": 83.82173382173383, "process_util_available": true, "process_util_backend": "nvml", "process_sm_util_percent": 27.0, "process_mem_util_percent": 5.0}
{"timestamp_unix": 1772437415.3708413, "pid": 87002, "device_index": 0, "gpu_uuid": "GPU-6f954bfd-7081-31b7-f15c-f9a174bf4d7f", "gpu_util_percent": 27.0, "gpu_mem_util_percent": 5.0, "gpu_mem_used_mib": 41688.0, "gpu_mem_total_mib": 49140.0, "gpu_power_w": 96.12, "process_present": true, "process_mem_mib": 41190.0, "process_mem_share_percent": 83.82173382173383, "process_util_available": true, "process_util_backend": "nvml", "process_sm_util_percent": 27.0, "process_mem_util_percent": 5.0}
{"timestamp_unix": 1772437415.6581364, "pid": 87002, "device_index": 0, "gpu_uuid": "GPU-6f954bfd-7081-31b7-f15c-f9a174bf4d7f", "gpu_util_percent": 27.0, "gpu_mem_util_percent": 5.0, "gpu_mem_used_mib": 41688.0, "gpu_mem_total_mib": 49140.0, "gpu_power_w": 97.13, "process_present": true, "process_mem_mib": 41190.0, "process_mem_share_percent": 83.82173382173383, "process_util_available": true, "process_util_backend": "nvml", "process_sm_util_percent": 25.0, "process_mem_util_percent": 4.0}
{"timestamp_unix": 1772437415.9500883, "pid": 87002, "device_index": 0, "gpu_uuid": "GPU-6f954bfd-7081-31b7-f15c-f9a174bf4d7f", "gpu_util_percent": 27.0, "gpu_mem_util_percent": 5.0, "gpu_mem_used_mib": 41688.0, "gpu_mem_total_mib": 49140.0, "gpu_power_w": 96.68, "process_present": true, "process_mem_mib": 41190.0, "process_mem_share_percent": 83.82173382173383, "process_util_available": true, "process_util_backend": "nvml", "process_sm_util_percent": 26.0, "process_mem_util_percent": 4.0}
{"timestamp_unix": 1772437416.2387745, "pid": 87002, "device_index": 0, "gpu_uuid": "GPU-6f954bfd-7081-31b7-f15c-f9a174bf4d7f", "gpu_util_percent": 27.0, "gpu_mem_util_percent": 5.0, "gpu_mem_used_mib": 41688.0, "gpu_mem_total_mib": 49140.0, "gpu_power_w": 96.68, "process_present": true, "process_mem_mib": 41190.0, "process_mem_share_percent": 83.82173382173383, "process_util_available": true, "process_util_backend": "nvml", "process_sm_util_percent": 26.0, "process_mem_util_percent": 4.0}
{"timestamp_unix": 1772437416.5328627, "pid": 87002, "device_index": 0, "gpu_uuid": "GPU-6f954bfd-7081-31b7-f15c-f9a174bf4d7f", "gpu_util_percent": 27.0, "gpu_mem_util_percent": 5.0, "gpu_mem_used_mib": 41687.0, "gpu_mem_total_mib": 49140.0, "gpu_power_w": 96.2, "process_present": true, "process_mem_mib": 41190.0, "process_mem_share_percent": 83.82173382173383, "process_util_available": true, "process_util_backend": "nvml", "process_sm_util_percent": 26.0, "process_mem_util_percent": 4.0}
{"timestamp_unix": 1772437416.8264701, "pid": 87002, "device_index": 0, "gpu_uuid": "GPU-6f954bfd-7081-31b7-f15c-f9a174bf4d7f", "gpu_util_percent": 27.0, "gpu_mem_util_percent": 5.0, "gpu_mem_used_mib": 41687.0, "gpu_mem_total_mib": 49140.0, "gpu_power_w": 96.2, "process_present": true, "process_mem_mib": 41190.0, "process_mem_share_percent": 83.82173382173383, "process_util_available": true, "process_util_backend": "nvml", "process_sm_util_percent": 26.0, "process_mem_util_percent": 4.0}
{"timestamp_unix": 1772437417.1435363, "pid": 87002, "device_index": 0, "gpu_uuid": "GPU-6f954bfd-7081-31b7-f15c-f9a174bf4d7f", "gpu_util_percent": 27.0, "gpu_mem_util_percent": 4.0, "gpu_mem_used_mib": 41687.0, "gpu_mem_total_mib": 49140.0, "gpu_power_w": 95.75, "process_present": true, "process_mem_mib": 41190.0, "process_mem_share_percent": 83.82173382173383, "process_util_available": true, "process_util_backend": "nvml", "process_sm_util_percent": 26.0, "process_mem_util_percent": 4.0}
{"timestamp_unix": 1772437417.449443, "pid": 87002, "device_index": 0, "gpu_uuid": "GPU-6f954bfd-7081-31b7-f15c-f9a174bf4d7f", "gpu_util_percent": 27.0, "gpu_mem_util_percent": 4.0, "gpu_mem_used_mib": 41687.0, "gpu_mem_total_mib": 49140.0, "gpu_power_w": 95.15, "process_present": true, "process_mem_mib": 41190.0, "process_mem_share_percent": 83.82173382173383, "process_util_available": true, "process_util_backend": "nvml", "process_sm_util_percent": 24.0, "process_mem_util_percent": 3.0}
{"timestamp_unix": 1772437417.7429483, "pid": 87002, "device_index": 0, "gpu_uuid": "GPU-6f954bfd-7081-31b7-f15c-f9a174bf4d7f", "gpu_util_percent": 27.0, "gpu_mem_util_percent": 4.0, "gpu_mem_used_mib": 41684.0, "gpu_mem_total_mib": 49140.0, "gpu_power_w": 95.15, "process_present": true, "process_mem_mib": 41190.0, "process_mem_share_percent": 83.82173382173383, "process_util_available": true, "process_util_backend": "nvml", "process_sm_util_percent": 24.0, "process_mem_util_percent": 3.0}
{"timestamp_unix": 1772437418.0337067, "pid": 87002, "device_index": 0, "gpu_uuid": "GPU-6f954bfd-7081-31b7-f15c-f9a174bf4d7f", "gpu_util_percent": 25.0, "gpu_mem_util_percent": 4.0, "gpu_mem_used_mib": 41684.0, "gpu_mem_total_mib": 49140.0, "gpu_power_w": 94.57, "process_present": true, "process_mem_mib": 41190.0, "process_mem_share_percent": 83.82173382173383, "process_util_available": true, "process_util_backend": "nvml", "process_sm_util_percent": 24.0, "process_mem_util_percent": 3.0}
{"timestamp_unix": 1772437418.3243778, "pid": 87002, "device_index": 0, "gpu_uuid": "GPU-6f954bfd-7081-31b7-f15c-f9a174bf4d7f", "gpu_util_percent": 25.0, "gpu_mem_util_percent": 4.0, "gpu_mem_used_mib": 41684.0, "gpu_mem_total_mib": 49140.0, "gpu_power_w": 94.57, "process_present": true, "process_mem_mib": 41190.0, "process_mem_share_percent": 83.82173382173383, "process_util_available": true, "process_util_backend": "nvml", "process_sm_util_percent": 25.0, "process_mem_util_percent": 3.0}
{"timestamp_unix": 1772437418.616427, "pid": 87002, "device_index": 0, "gpu_uuid": "GPU-6f954bfd-7081-31b7-f15c-f9a174bf4d7f", "gpu_util_percent": 25.0, "gpu_mem_util_percent": 4.0, "gpu_mem_used_mib": 41684.0, "gpu_mem_total_mib": 49140.0, "gpu_power_w": 94.17, "process_present": true, "process_mem_mib": 41190.0, "process_mem_share_percent": 83.82173382173383, "process_util_available": true, "process_util_backend": "nvml", "process_sm_util_percent": 24.0, "process_mem_util_percent": 3.0}
{"timestamp_unix": 1772437418.9054093, "pid": 87002, "device_index": 0, "gpu_uuid": "GPU-6f954bfd-7081-31b7-f15c-f9a174bf4d7f", "gpu_util_percent": 25.0, "gpu_mem_util_percent": 4.0, "gpu_mem_used_mib": 41684.0, "gpu_mem_total_mib": 49140.0, "gpu_power_w": 94.17, "process_present": true, "process_mem_mib": 41190.0, "process_mem_share_percent": 83.82173382173383, "process_util_available": true, "process_util_backend": "nvml", "process_sm_util_percent": 24.0, "process_mem_util_percent": 3.0}
{"timestamp_unix": 1772437419.195292, "pid": 87002, "device_index": 0, "gpu_uuid": "GPU-6f954bfd-7081-31b7-f15c-f9a174bf4d7f", "gpu_util_percent": 25.0, "gpu_mem_util_percent": 3.0, "gpu_mem_used_mib": 41684.0, "gpu_mem_total_mib": 49140.0, "gpu_power_w": 93.84, "process_present": true, "process_mem_mib": 41190.0, "process_mem_share_percent": 83.82173382173383, "process_util_available": true, "process_util_backend": "nvml", "process_sm_util_percent": 24.0, "process_mem_util_percent": 3.0}
{"timestamp_unix": 1772437419.4974403, "pid": 87002, "device_index": 0, "gpu_uuid": "GPU-6f954bfd-7081-31b7-f15c-f9a174bf4d7f", "gpu_util_percent": 25.0, "gpu_mem_util_percent": 3.0, "gpu_mem_used_mib": 41683.0, "gpu_mem_total_mib": 49140.0, "gpu_power_w": 92.95, "process_present": true, "process_mem_mib": 41190.0, "process_mem_share_percent": 83.82173382173383, "process_util_available": true, "process_util_backend": "nvml", "process_sm_util_percent": 18.0, "process_mem_util_percent": 3.0}
{"timestamp_unix": 1772437419.8006587, "pid": 87002, "device_index": 0, "gpu_uuid": "GPU-6f954bfd-7081-31b7-f15c-f9a174bf4d7f", "gpu_util_percent": 25.0, "gpu_mem_util_percent": 3.0, "gpu_mem_used_mib": 41683.0, "gpu_mem_total_mib": 49140.0, "gpu_power_w": 92.95, "process_present": true, "process_mem_mib": 41190.0, "process_mem_share_percent": 83.82173382173383, "process_util_available": true, "process_util_backend": "nvml", "process_sm_util_percent": 22.0, "process_mem_util_percent": 4.0}
{"timestamp_unix": 1772437420.101137, "pid": 87002, "device_index": 0, "gpu_uuid": "GPU-6f954bfd-7081-31b7-f15c-f9a174bf4d7f", "gpu_util_percent": 23.0, "gpu_mem_util_percent": 5.0, "gpu_mem_used_mib": 41683.0, "gpu_mem_total_mib": 49140.0, "gpu_power_w": 93.91, "process_present": true, "process_mem_mib": 41190.0, "process_mem_share_percent": 83.82173382173383, "process_util_available": true, "process_util_backend": "nvml", "process_sm_util_percent": 21.0, "process_mem_util_percent": 5.0}
{"timestamp_unix": 1772437420.400238, "pid": 87002, "device_index": 0, "gpu_uuid": "GPU-6f954bfd-7081-31b7-f15c-f9a174bf4d7f", "gpu_util_percent": 23.0, "gpu_mem_util_percent": 5.0, "gpu_mem_used_mib": 41683.0, "gpu_mem_total_mib": 49140.0, "gpu_power_w": 93.91, "process_present": true, "process_mem_mib": 41190.0, "process_mem_share_percent": 83.82173382173383, "process_util_available": true, "process_util_backend": "nvml", "process_sm_util_percent": 20.0, "process_mem_util_percent": 5.0}
{"timestamp_unix": 1772437420.6910837, "pid": 87002, "device_index": 0, "gpu_uuid": "GPU-6f954bfd-7081-31b7-f15c-f9a174bf4d7f", "gpu_util_percent": 23.0, "gpu_mem_util_percent": 5.0, "gpu_mem_used_mib": 41683.0, "gpu_mem_total_mib": 49140.0, "gpu_power_w": 95.6, "process_present": true, "process_mem_mib": 41190.0, "process_mem_share_percent": 83.82173382173383, "process_util_available": true, "process_util_backend": "nvml", "process_sm_util_percent": 20.0, "process_mem_util_percent": 5.0}
{"timestamp_unix": 1772437420.98572, "pid": 87002, "device_index": 0, "gpu_uuid": "GPU-6f954bfd-7081-31b7-f15c-f9a174bf4d7f", "gpu_util_percent": 22.0, "gpu_mem_util_percent": 6.0, "gpu_mem_used_mib": 41683.0, "gpu_mem_total_mib": 49140.0, "gpu_power_w": 96.0, "process_present": true, "process_mem_mib": 41190.0, "process_mem_share_percent": 83.82173382173383, "process_util_available": true, "process_util_backend": "nvml", "process_sm_util_percent": 20.0, "process_mem_util_percent": 5.0}
{"timestamp_unix": 1772437421.2741573, "pid": 87002, "device_index": 0, "gpu_uuid": "GPU-6f954bfd-7081-31b7-f15c-f9a174bf4d7f", "gpu_util_percent": 22.0, "gpu_mem_util_percent": 6.0, "gpu_mem_used_mib": 41683.0, "gpu_mem_total_mib": 49140.0, "gpu_power_w": 96.0, "process_present": true, "process_mem_mib": 41190.0, "process_mem_share_percent": 83.82173382173383, "process_util_available": true, "process_util_backend": "nvml", "process_sm_util_percent": 21.0, "process_mem_util_percent": 5.0}
{"timestamp_unix": 1772437421.583027, "pid": 87002, "device_index": 0, "gpu_uuid": "GPU-6f954bfd-7081-31b7-f15c-f9a174bf4d7f", "gpu_util_percent": 22.0, "gpu_mem_util_percent": 6.0, "gpu_mem_used_mib": 41683.0, "gpu_mem_total_mib": 49140.0, "gpu_power_w": 96.03, "process_present": true, "process_mem_mib": 41190.0, "process_mem_share_percent": 83.82173382173383, "process_util_available": true, "process_util_backend": "nvml", "process_sm_util_percent": 6.0, "process_mem_util_percent": 0.0}
{"timestamp_unix": 1772437421.8760567, "pid": 87002, "device_index": 0, "gpu_uuid": "GPU-6f954bfd-7081-31b7-f15c-f9a174bf4d7f", "gpu_util_percent": 22.0, "gpu_mem_util_percent": 6.0, "gpu_mem_used_mib": 41683.0, "gpu_mem_total_mib": 49140.0, "gpu_power_w": 96.03, "process_present": true, "process_mem_mib": 41190.0, "process_mem_share_percent": 83.82173382173383, "process_util_available": true, "process_util_backend": "nvml", "process_sm_util_percent": 23.0, "process_mem_util_percent": 5.0}
{"timestamp_unix": 1772437422.1666086, "pid": 87002, "device_index": 0, "gpu_uuid": "GPU-6f954bfd-7081-31b7-f15c-f9a174bf4d7f", "gpu_util_percent": 25.0, "gpu_mem_util_percent": 6.0, "gpu_mem_used_mib": 41683.0, "gpu_mem_total_mib": 49140.0, "gpu_power_w": 94.1, "process_present": true, "process_mem_mib": 41190.0, "process_mem_share_percent": 83.82173382173383, "process_util_available": true, "process_util_backend": "nvml", "process_sm_util_percent": 25.0, "process_mem_util_percent": 5.0}
{"timestamp_unix": 1772437422.4653056, "pid": 87002, "device_index": 0, "gpu_uuid": "GPU-6f954bfd-7081-31b7-f15c-f9a174bf4d7f", "gpu_util_percent": 25.0, "gpu_mem_util_percent": 6.0, "gpu_mem_used_mib": 41683.0, "gpu_mem_total_mib": 49140.0, "gpu_power_w": 94.64, "process_present": true, "process_mem_mib": 41190.0, "process_mem_share_percent": 83.82173382173383, "process_util_available": true, "process_util_backend": "nvml", "process_sm_util_percent": 25.0, "process_mem_util_percent": 5.0}
{"timestamp_unix": 1772437422.77727, "pid": 87002, "device_index": 0, "gpu_uuid": "GPU-6f954bfd-7081-31b7-f15c-f9a174bf4d7f", "gpu_util_percent": 25.0, "gpu_mem_util_percent": 6.0, "gpu_mem_used_mib": 41682.0, "gpu_mem_total_mib": 49140.0, "gpu_power_w": 94.64, "process_present": true, "process_mem_mib": 41190.0, "process_mem_share_percent": 83.82173382173383, "process_util_available": true, "process_util_backend": "nvml", "process_sm_util_percent": 25.0, "process_mem_util_percent": 5.0}
{"timestamp_unix": 1772437423.0830386, "pid": 87002, "device_index": 0, "gpu_uuid": "GPU-6f954bfd-7081-31b7-f15c-f9a174bf4d7f", "gpu_util_percent": 27.0, "gpu_mem_util_percent": 6.0, "gpu_mem_used_mib": 41686.0, "gpu_mem_total_mib": 49140.0, "gpu_power_w": 97.59, "process_present": true, "process_mem_mib": 41190.0, "process_mem_share_percent": 83.82173382173383, "process_util_available": true, "process_util_backend": "nvml", "process_sm_util_percent": 25.0, "process_mem_util_percent": 6.0}
{"timestamp_unix": 1772437423.3737762, "pid": 87002, "device_index": 0, "gpu_uuid": "GPU-6f954bfd-7081-31b7-f15c-f9a174bf4d7f", "gpu_util_percent": 27.0, "gpu_mem_util_percent": 6.0, "gpu_mem_used_mib": 41688.0, "gpu_mem_total_mib": 49140.0, "gpu_power_w": 97.59, "process_present": true, "process_mem_mib": 41226.0, "process_mem_share_percent": 83.8949938949939, "process_util_available": true, "process_util_backend": "nvml", "process_sm_util_percent": 25.0, "process_mem_util_percent": 5.0}
{"timestamp_unix": 1772437423.66745, "pid": 87002, "device_index": 0, "gpu_uuid": "GPU-6f954bfd-7081-31b7-f15c-f9a174bf4d7f", "gpu_util_percent": 27.0, "gpu_mem_util_percent": 6.0, "gpu_mem_used_mib": 42008.0, "gpu_mem_total_mib": 49140.0, "gpu_power_w": 97.82, "process_present": true, "process_mem_mib": 41512.0, "process_mem_share_percent": 84.47700447700448, "process_util_available": true, "process_util_backend": "nvml", "process_sm_util_percent": 22.0, "process_mem_util_percent": 5.0}
{"timestamp_unix": 1772437423.9582512, "pid": 87002, "device_index": 0, "gpu_uuid": "GPU-6f954bfd-7081-31b7-f15c-f9a174bf4d7f", "gpu_util_percent": 16.0, "gpu_mem_util_percent": 2.0, "gpu_mem_used_mib": 42176.0, "gpu_mem_total_mib": 49140.0, "gpu_power_w": 94.68, "process_present": true, "process_mem_mib": 41680.0, "process_mem_share_percent": 84.81888481888483, "process_util_available": true, "process_util_backend": "nvml", "process_sm_util_percent": 10.0, "process_mem_util_percent": 1.0}
{"timestamp_unix": 1772437424.2522926, "pid": 87002, "device_index": 0, "gpu_uuid": "GPU-6f954bfd-7081-31b7-f15c-f9a174bf4d7f", "gpu_util_percent": 16.0, "gpu_mem_util_percent": 2.0, "gpu_mem_used_mib": 42176.0, "gpu_mem_total_mib": 49140.0, "gpu_power_w": 94.68, "process_present": true, "process_mem_mib": 41680.0, "process_mem_share_percent": 84.81888481888483, "process_util_available": true, "process_util_backend": "nvml", "process_sm_util_percent": 26.0, "process_mem_util_percent": 5.0}
{"timestamp_unix": 1772437424.5416865, "pid": 87002, "device_index": 0, "gpu_uuid": "GPU-6f954bfd-7081-31b7-f15c-f9a174bf4d7f", "gpu_util_percent": 16.0, "gpu_mem_util_percent": 2.0, "gpu_mem_used_mib": 42176.0, "gpu_mem_total_mib": 49140.0, "gpu_power_w": 94.49, "process_present": true, "process_mem_mib": 41680.0, "process_mem_share_percent": 84.81888481888483, "process_util_available": true, "process_util_backend": "nvml", "process_sm_util_percent": 25.0, "process_mem_util_percent": 5.0}
{"timestamp_unix": 1772437424.8333614, "pid": 87002, "device_index": 0, "gpu_uuid": "GPU-6f954bfd-7081-31b7-f15c-f9a174bf4d7f", "gpu_util_percent": 16.0, "gpu_mem_util_percent": 2.0, "gpu_mem_used_mib": 42176.0, "gpu_mem_total_mib": 49140.0, "gpu_power_w": 94.49, "process_present": true, "process_mem_mib": 41680.0, "process_mem_share_percent": 84.81888481888483, "process_util_available": true, "process_util_backend": "nvml", "process_sm_util_percent": 25.0, "process_mem_util_percent": 5.0}
{"timestamp_unix": 1772437425.1333606, "pid": 87002, "device_index": 0, "gpu_uuid": "GPU-6f954bfd-7081-31b7-f15c-f9a174bf4d7f", "gpu_util_percent": 26.0, "gpu_mem_util_percent": 6.0, "gpu_mem_used_mib": 42175.0, "gpu_mem_total_mib": 49140.0, "gpu_power_w": 96.88, "process_present": true, "process_mem_mib": 41680.0, "process_mem_share_percent": 84.81888481888483, "process_util_available": true, "process_util_backend": "nvml", "process_sm_util_percent": null, "process_mem_util_percent": null}
{"timestamp_unix": 1772437425.432575, "pid": 87002, "device_index": 0, "gpu_uuid": "GPU-6f954bfd-7081-31b7-f15c-f9a174bf4d7f", "gpu_util_percent": 26.0, "gpu_mem_util_percent": 6.0, "gpu_mem_used_mib": 42175.0, "gpu_mem_total_mib": 49140.0, "gpu_power_w": 98.27, "process_present": true, "process_mem_mib": 41680.0, "process_mem_share_percent": 84.81888481888483, "process_util_available": true, "process_util_backend": "nvml", "process_sm_util_percent": 25.0, "process_mem_util_percent": 5.0}
{"timestamp_unix": 1772437425.7326362, "pid": 87002, "device_index": 0, "gpu_uuid": "GPU-6f954bfd-7081-31b7-f15c-f9a174bf4d7f", "gpu_util_percent": 26.0, "gpu_mem_util_percent": 6.0, "gpu_mem_used_mib": 42175.0, "gpu_mem_total_mib": 49140.0, "gpu_power_w": 98.27, "process_present": true, "process_mem_mib": 41680.0, "process_mem_share_percent": 84.81888481888483, "process_util_available": true, "process_util_backend": "nvml", "process_sm_util_percent": 25.0, "process_mem_util_percent": 5.0}
{"timestamp_unix": 1772437426.0247355, "pid": 87002, "device_index": 0, "gpu_uuid": "GPU-6f954bfd-7081-31b7-f15c-f9a174bf4d7f", "gpu_util_percent": 26.0, "gpu_mem_util_percent": 5.0, "gpu_mem_used_mib": 42176.0, "gpu_mem_total_mib": 49140.0, "gpu_power_w": 98.18, "process_present": true, "process_mem_mib": 41680.0, "process_mem_share_percent": 84.81888481888483, "process_util_available": true, "process_util_backend": "nvml", "process_sm_util_percent": 26.0, "process_mem_util_percent": 5.0}
{"timestamp_unix": 1772437426.3167613, "pid": 87002, "device_index": 0, "gpu_uuid": "GPU-6f954bfd-7081-31b7-f15c-f9a174bf4d7f", "gpu_util_percent": 26.0, "gpu_mem_util_percent": 5.0, "gpu_mem_used_mib": 42175.0, "gpu_mem_total_mib": 49140.0, "gpu_power_w": 98.18, "process_present": true, "process_mem_mib": 41680.0, "process_mem_share_percent": 84.81888481888483, "process_util_available": true, "process_util_backend": "nvml", "process_sm_util_percent": 26.0, "process_mem_util_percent": 5.0}
{"timestamp_unix": 1772437426.6051295, "pid": 87002, "device_index": 0, "gpu_uuid": "GPU-6f954bfd-7081-31b7-f15c-f9a174bf4d7f", "gpu_util_percent": 26.0, "gpu_mem_util_percent": 5.0, "gpu_mem_used_mib": 42175.0, "gpu_mem_total_mib": 49140.0, "gpu_power_w": 98.21, "process_present": true, "process_mem_mib": 41680.0, "process_mem_share_percent": 84.81888481888483, "process_util_available": true, "process_util_backend": "nvml", "process_sm_util_percent": 26.0, "process_mem_util_percent": 5.0}
{"timestamp_unix": 1772437426.8962688, "pid": 87002, "device_index": 0, "gpu_uuid": "GPU-6f954bfd-7081-31b7-f15c-f9a174bf4d7f", "gpu_util_percent": 26.0, "gpu_mem_util_percent": 5.0, "gpu_mem_used_mib": 42175.0, "gpu_mem_total_mib": 49140.0, "gpu_power_w": 98.21, "process_present": true, "process_mem_mib": 41680.0, "process_mem_share_percent": 84.81888481888483, "process_util_available": true, "process_util_backend": "nvml", "process_sm_util_percent": 26.0, "process_mem_util_percent": 5.0}
{"timestamp_unix": 1772437427.1882517, "pid": 87002, "device_index": 0, "gpu_uuid": "GPU-6f954bfd-7081-31b7-f15c-f9a174bf4d7f", "gpu_util_percent": 26.0, "gpu_mem_util_percent": 5.0, "gpu_mem_used_mib": 42175.0, "gpu_mem_total_mib": 49140.0, "gpu_power_w": 98.09, "process_present": true, "process_mem_mib": 41680.0, "process_mem_share_percent": 84.81888481888483, "process_util_available": true, "process_util_backend": "nvml", "process_sm_util_percent": 25.0, "process_mem_util_percent": 5.0}
{"timestamp_unix": 1772437427.4808307, "pid": 87002, "device_index": 0, "gpu_uuid": "GPU-6f954bfd-7081-31b7-f15c-f9a174bf4d7f", "gpu_util_percent": 26.0, "gpu_mem_util_percent": 5.0, "gpu_mem_used_mib": 42175.0, "gpu_mem_total_mib": 49140.0, "gpu_power_w": 97.67, "process_present": true, "process_mem_mib": 41680.0, "process_mem_share_percent": 84.81888481888483, "process_util_available": true, "process_util_backend": "nvml", "process_sm_util_percent": 25.0, "process_mem_util_percent": 5.0}
{"timestamp_unix": 1772437427.7959228, "pid": 87002, "device_index": 0, "gpu_uuid": "GPU-6f954bfd-7081-31b7-f15c-f9a174bf4d7f", "gpu_util_percent": 26.0, "gpu_mem_util_percent": 5.0, "gpu_mem_used_mib": 42171.0, "gpu_mem_total_mib": 49140.0, "gpu_power_w": 97.67, "process_present": true, "process_mem_mib": 41680.0, "process_mem_share_percent": 84.81888481888483, "process_util_available": true, "process_util_backend": "nvml", "process_sm_util_percent": 25.0, "process_mem_util_percent": 4.0}
{"timestamp_unix": 1772437428.1009889, "pid": 87002, "device_index": 0, "gpu_uuid": "GPU-6f954bfd-7081-31b7-f15c-f9a174bf4d7f", "gpu_util_percent": 26.0, "gpu_mem_util_percent": 5.0, "gpu_mem_used_mib": 42171.0, "gpu_mem_total_mib": 49140.0, "gpu_power_w": 97.21, "process_present": true, "process_mem_mib": 41680.0, "process_mem_share_percent": 84.81888481888483, "process_util_available": true, "process_util_backend": "nvml", "process_sm_util_percent": 25.0, "process_mem_util_percent": 4.0}
{"timestamp_unix": 1772437428.3999498, "pid": 87002, "device_index": 0, "gpu_uuid": "GPU-6f954bfd-7081-31b7-f15c-f9a174bf4d7f", "gpu_util_percent": 26.0, "gpu_mem_util_percent": 5.0, "gpu_mem_used_mib": 42171.0, "gpu_mem_total_mib": 49140.0, "gpu_power_w": 97.21, "process_present": true, "process_mem_mib": 41680.0, "process_mem_share_percent": 84.81888481888483, "process_util_available": true, "process_util_backend": "nvml", "process_sm_util_percent": 25.0, "process_mem_util_percent": 4.0}
{"timestamp_unix": 1772437428.6978562, "pid": 87002, "device_index": 0, "gpu_uuid": "GPU-6f954bfd-7081-31b7-f15c-f9a174bf4d7f", "gpu_util_percent": 26.0, "gpu_mem_util_percent": 5.0, "gpu_mem_used_mib": 42171.0, "gpu_mem_total_mib": 49140.0, "gpu_power_w": 96.83, "process_present": true, "process_mem_mib": 41680.0, "process_mem_share_percent": 84.81888481888483, "process_util_available": true, "process_util_backend": "nvml", "process_sm_util_percent": 25.0, "process_mem_util_percent": 4.0}
{"timestamp_unix": 1772437428.9875898, "pid": 87002, "device_index": 0, "gpu_uuid": "GPU-6f954bfd-7081-31b7-f15c-f9a174bf4d7f", "gpu_util_percent": 26.0, "gpu_mem_util_percent": 5.0, "gpu_mem_used_mib": 42171.0, "gpu_mem_total_mib": 49140.0, "gpu_power_w": 96.59, "process_present": true, "process_mem_mib": 41680.0, "process_mem_share_percent": 84.81888481888483, "process_util_available": true, "process_util_backend": "nvml", "process_sm_util_percent": 25.0, "process_mem_util_percent": 4.0}
{"timestamp_unix": 1772437429.2759054, "pid": 87002, "device_index": 0, "gpu_uuid": "GPU-6f954bfd-7081-31b7-f15c-f9a174bf4d7f", "gpu_util_percent": 26.0, "gpu_mem_util_percent": 5.0, "gpu_mem_used_mib": 42173.0, "gpu_mem_total_mib": 49140.0, "gpu_power_w": 96.59, "process_present": true, "process_mem_mib": 41680.0, "process_mem_share_percent": 84.81888481888483, "process_util_available": true, "process_util_backend": "nvml", "process_sm_util_percent": 26.0, "process_mem_util_percent": 4.0}
{"timestamp_unix": 1772437429.5666661, "pid": 87002, "device_index": 0, "gpu_uuid": "GPU-6f954bfd-7081-31b7-f15c-f9a174bf4d7f", "gpu_util_percent": 26.0, "gpu_mem_util_percent": 5.0, "gpu_mem_used_mib": 42173.0, "gpu_mem_total_mib": 49140.0, "gpu_power_w": 96.43, "process_present": true, "process_mem_mib": 41680.0, "process_mem_share_percent": 84.81888481888483, "process_util_available": true, "process_util_backend": "nvml", "process_sm_util_percent": 25.0, "process_mem_util_percent": 4.0}
{"timestamp_unix": 1772437429.8610525, "pid": 87002, "device_index": 0, "gpu_uuid": "GPU-6f954bfd-7081-31b7-f15c-f9a174bf4d7f", "gpu_util_percent": 26.0, "gpu_mem_util_percent": 5.0, "gpu_mem_used_mib": 42173.0, "gpu_mem_total_mib": 49140.0, "gpu_power_w": 96.43, "process_present": true, "process_mem_mib": 41680.0, "process_mem_share_percent": 84.81888481888483, "process_util_available": true, "process_util_backend": "nvml", "process_sm_util_percent": null, "process_mem_util_percent": null}
{"timestamp_unix": 1772437430.149922, "pid": 87002, "device_index": 0, "gpu_uuid": "GPU-6f954bfd-7081-31b7-f15c-f9a174bf4d7f", "gpu_util_percent": 20.0, "gpu_mem_util_percent": 4.0, "gpu_mem_used_mib": 42174.0, "gpu_mem_total_mib": 49140.0, "gpu_power_w": 95.13, "process_present": true, "process_mem_mib": 41680.0, "process_mem_share_percent": 84.81888481888483, "process_util_available": true, "process_util_backend": "nvml", "process_sm_util_percent": 24.0, "process_mem_util_percent": 4.0}
{"timestamp_unix": 1772437430.4372175, "pid": 87002, "device_index": 0, "gpu_uuid": "GPU-6f954bfd-7081-31b7-f15c-f9a174bf4d7f", "gpu_util_percent": 20.0, "gpu_mem_util_percent": 4.0, "gpu_mem_used_mib": 42174.0, "gpu_mem_total_mib": 49140.0, "gpu_power_w": 95.64, "process_present": true, "process_mem_mib": 41680.0, "process_mem_share_percent": 84.81888481888483, "process_util_available": true, "process_util_backend": "nvml", "process_sm_util_percent": 25.0, "process_mem_util_percent": 5.0}
{"timestamp_unix": 1772437430.7437494, "pid": 87002, "device_index": 0, "gpu_uuid": "GPU-6f954bfd-7081-31b7-f15c-f9a174bf4d7f", "gpu_util_percent": 20.0, "gpu_mem_util_percent": 4.0, "gpu_mem_used_mib": 42174.0, "gpu_mem_total_mib": 49140.0, "gpu_power_w": 95.64, "process_present": true, "process_mem_mib": 41680.0, "process_mem_share_percent": 84.81888481888483, "process_util_available": true, "process_util_backend": "nvml", "process_sm_util_percent": 24.0, "process_mem_util_percent": 6.0}
{"timestamp_unix": 1772437431.050768, "pid": 87002, "device_index": 0, "gpu_uuid": "GPU-6f954bfd-7081-31b7-f15c-f9a174bf4d7f", "gpu_util_percent": 25.0, "gpu_mem_util_percent": 6.0, "gpu_mem_used_mib": 42174.0, "gpu_mem_total_mib": 49140.0, "gpu_power_w": 97.3, "process_present": true, "process_mem_mib": 41680.0, "process_mem_share_percent": 84.81888481888483, "process_util_available": true, "process_util_backend": "nvml", "process_sm_util_percent": 25.0, "process_mem_util_percent": 6.0}
{"timestamp_unix": 1772437431.349528, "pid": 87002, "device_index": 0, "gpu_uuid": "GPU-6f954bfd-7081-31b7-f15c-f9a174bf4d7f", "gpu_util_percent": 25.0, "gpu_mem_util_percent": 6.0, "gpu_mem_used_mib": 42174.0, "gpu_mem_total_mib": 49140.0, "gpu_power_w": 97.3, "process_present": true, "process_mem_mib": 41680.0, "process_mem_share_percent": 84.81888481888483, "process_util_available": true, "process_util_backend": "nvml", "process_sm_util_percent": 26.0, "process_mem_util_percent": 6.0}
{"timestamp_unix": 1772437431.64087, "pid": 87002, "device_index": 0, "gpu_uuid": "GPU-6f954bfd-7081-31b7-f15c-f9a174bf4d7f", "gpu_util_percent": 25.0, "gpu_mem_util_percent": 6.0, "gpu_mem_used_mib": 42174.0, "gpu_mem_total_mib": 49140.0, "gpu_power_w": 98.69, "process_present": true, "process_mem_mib": 41680.0, "process_mem_share_percent": 84.81888481888483, "process_util_available": true, "process_util_backend": "nvml", "process_sm_util_percent": 25.0, "process_mem_util_percent": 6.0}
{"timestamp_unix": 1772437431.9411812, "pid": 87002, "device_index": 0, "gpu_uuid": "GPU-6f954bfd-7081-31b7-f15c-f9a174bf4d7f", "gpu_util_percent": 27.0, "gpu_mem_util_percent": 7.0, "gpu_mem_used_mib": 42174.0, "gpu_mem_total_mib": 49140.0, "gpu_power_w": 99.15, "process_present": true, "process_mem_mib": 41680.0, "process_mem_share_percent": 84.81888481888483, "process_util_available": true, "process_util_backend": "nvml", "process_sm_util_percent": 26.0, "process_mem_util_percent": 6.0}
{"timestamp_unix": 1772437432.2355568, "pid": 87002, "device_index": 0, "gpu_uuid": "GPU-6f954bfd-7081-31b7-f15c-f9a174bf4d7f", "gpu_util_percent": 27.0, "gpu_mem_util_percent": 7.0, "gpu_mem_used_mib": 42174.0, "gpu_mem_total_mib": 49140.0, "gpu_power_w": 99.15, "process_present": true, "process_mem_mib": 41680.0, "process_mem_share_percent": 84.81888481888483, "process_util_available": true, "process_util_backend": "nvml", "process_sm_util_percent": 26.0, "process_mem_util_percent": 6.0}
{"timestamp_unix": 1772437432.5266535, "pid": 87002, "device_index": 0, "gpu_uuid": "GPU-6f954bfd-7081-31b7-f15c-f9a174bf4d7f", "gpu_util_percent": 27.0, "gpu_mem_util_percent": 7.0, "gpu_mem_used_mib": 42173.0, "gpu_mem_total_mib": 49140.0, "gpu_power_w": 99.64, "process_present": true, "process_mem_mib": 41680.0, "process_mem_share_percent": 84.81888481888483, "process_util_available": true, "process_util_backend": "nvml", "process_sm_util_percent": 26.0, "process_mem_util_percent": 6.0}
{"timestamp_unix": 1772437432.8239708, "pid": 87002, "device_index": 0, "gpu_uuid": "GPU-6f954bfd-7081-31b7-f15c-f9a174bf4d7f", "gpu_util_percent": 27.0, "gpu_mem_util_percent": 7.0, "gpu_mem_used_mib": 42173.0, "gpu_mem_total_mib": 49140.0, "gpu_power_w": 99.64, "process_present": true, "process_mem_mib": 41680.0, "process_mem_share_percent": 84.81888481888483, "process_util_available": true, "process_util_backend": "nvml", "process_sm_util_percent": 26.0, "process_mem_util_percent": 7.0}
{"timestamp_unix": 1772437433.1195168, "pid": 87002, "device_index": 0, "gpu_uuid": "GPU-6f954bfd-7081-31b7-f15c-f9a174bf4d7f", "gpu_util_percent": 29.0, "gpu_mem_util_percent": 7.0, "gpu_mem_used_mib": 42177.0, "gpu_mem_total_mib": 49140.0, "gpu_power_w": 100.27, "process_present": true, "process_mem_mib": 41680.0, "process_mem_share_percent": 84.81888481888483, "process_util_available": true, "process_util_backend": "nvml", "process_sm_util_percent": 27.0, "process_mem_util_percent": 7.0}
{"timestamp_unix": 1772437433.4209483, "pid": 87002, "device_index": 0, "gpu_uuid": "GPU-6f954bfd-7081-31b7-f15c-f9a174bf4d7f", "gpu_util_percent": 29.0, "gpu_mem_util_percent": 7.0, "gpu_mem_used_mib": 42177.0, "gpu_mem_total_mib": 49140.0, "gpu_power_w": 100.27, "process_present": true, "process_mem_mib": 41680.0, "process_mem_share_percent": 84.81888481888483, "process_util_available": true, "process_util_backend": "nvml", "process_sm_util_percent": 26.0, "process_mem_util_percent": 7.0}
{"timestamp_unix": 1772437433.7272778, "pid": 87002, "device_index": 0, "gpu_uuid": "GPU-6f954bfd-7081-31b7-f15c-f9a174bf4d7f", "gpu_util_percent": 29.0, "gpu_mem_util_percent": 7.0, "gpu_mem_used_mib": 42567.0, "gpu_mem_total_mib": 49140.0, "gpu_power_w": 100.55, "process_present": true, "process_mem_mib": 42070.0, "process_mem_share_percent": 85.61253561253561, "process_util_available": true, "process_util_backend": "nvml", "process_sm_util_percent": 13.0, "process_mem_util_percent": 3.0}
{"timestamp_unix": 1772437434.0331216, "pid": 87002, "device_index": 0, "gpu_uuid": "GPU-6f954bfd-7081-31b7-f15c-f9a174bf4d7f", "gpu_util_percent": 15.0, "gpu_mem_util_percent": 1.0, "gpu_mem_used_mib": 42761.0, "gpu_mem_total_mib": 49140.0, "gpu_power_w": 97.95, "process_present": true, "process_mem_mib": 42264.0, "process_mem_share_percent": 86.00732600732601, "process_util_available": true, "process_util_backend": "nvml", "process_sm_util_percent": 16.0, "process_mem_util_percent": 2.0}
{"timestamp_unix": 1772437434.3237507, "pid": 87002, "device_index": 0, "gpu_uuid": "GPU-6f954bfd-7081-31b7-f15c-f9a174bf4d7f", "gpu_util_percent": 15.0, "gpu_mem_util_percent": 1.0, "gpu_mem_used_mib": 42760.0, "gpu_mem_total_mib": 49140.0, "gpu_power_w": 97.95, "process_present": true, "process_mem_mib": 42264.0, "process_mem_share_percent": 86.00732600732601, "process_util_available": true, "process_util_backend": "nvml", "process_sm_util_percent": 27.0, "process_mem_util_percent": 7.0}
{"timestamp_unix": 1772437434.616912, "pid": 87002, "device_index": 0, "gpu_uuid": "GPU-6f954bfd-7081-31b7-f15c-f9a174bf4d7f", "gpu_util_percent": 15.0, "gpu_mem_util_percent": 1.0, "gpu_mem_used_mib": 42760.0, "gpu_mem_total_mib": 49140.0, "gpu_power_w": 97.22, "process_present": true, "process_mem_mib": 42264.0, "process_mem_share_percent": 86.00732600732601, "process_util_available": true, "process_util_backend": "nvml", "process_sm_util_percent": 27.0, "process_mem_util_percent": 7.0}
{"timestamp_unix": 1772437434.9087048, "pid": 87002, "device_index": 0, "gpu_uuid": "GPU-6f954bfd-7081-31b7-f15c-f9a174bf4d7f", "gpu_util_percent": 15.0, "gpu_mem_util_percent": 1.0, "gpu_mem_used_mib": 42760.0, "gpu_mem_total_mib": 49140.0, "gpu_power_w": 97.22, "process_present": true, "process_mem_mib": 42264.0, "process_mem_share_percent": 86.00732600732601, "process_util_available": true, "process_util_backend": "nvml", "process_sm_util_percent": 27.0, "process_mem_util_percent": 7.0}
{"timestamp_unix": 1772437435.2036746, "pid": 87002, "device_index": 0, "gpu_uuid": "GPU-6f954bfd-7081-31b7-f15c-f9a174bf4d7f", "gpu_util_percent": 28.0, "gpu_mem_util_percent": 8.0, "gpu_mem_used_mib": 42761.0, "gpu_mem_total_mib": 49140.0, "gpu_power_w": 98.9, "process_present": true, "process_mem_mib": 42264.0, "process_mem_share_percent": 86.00732600732601, "process_util_available": true, "process_util_backend": "nvml", "process_sm_util_percent": 28.0, "process_mem_util_percent": 7.0}
{"timestamp_unix": 1772437435.4939744, "pid": 87002, "device_index": 0, "gpu_uuid": "GPU-6f954bfd-7081-31b7-f15c-f9a174bf4d7f", "gpu_util_percent": 28.0, "gpu_mem_util_percent": 8.0, "gpu_mem_used_mib": 42760.0, "gpu_mem_total_mib": 49140.0, "gpu_power_w": 101.66, "process_present": true, "process_mem_mib": 42264.0, "process_mem_share_percent": 86.00732600732601, "process_util_available": true, "process_util_backend": "nvml", "process_sm_util_percent": 27.0, "process_mem_util_percent": 7.0}
{"timestamp_unix": 1772437435.7879033, "pid": 87002, "device_index": 0, "gpu_uuid": "GPU-6f954bfd-7081-31b7-f15c-f9a174bf4d7f", "gpu_util_percent": 28.0, "gpu_mem_util_percent": 8.0, "gpu_mem_used_mib": 42760.0, "gpu_mem_total_mib": 49140.0, "gpu_power_w": 101.66, "process_present": true, "process_mem_mib": 42264.0, "process_mem_share_percent": 86.00732600732601, "process_util_available": true, "process_util_backend": "nvml", "process_sm_util_percent": 27.0, "process_mem_util_percent": 7.0}
{"timestamp_unix": 1772437436.0939076, "pid": 87002, "device_index": 0, "gpu_uuid": "GPU-6f954bfd-7081-31b7-f15c-f9a174bf4d7f", "gpu_util_percent": 28.0, "gpu_mem_util_percent": 7.0, "gpu_mem_used_mib": 42760.0, "gpu_mem_total_mib": 49140.0, "gpu_power_w": 101.45, "process_present": true, "process_mem_mib": 42264.0, "process_mem_share_percent": 86.00732600732601, "process_util_available": true, "process_util_backend": "nvml", "process_sm_util_percent": 27.0, "process_mem_util_percent": 7.0}
{"timestamp_unix": 1772437436.3989358, "pid": 87002, "device_index": 0, "gpu_uuid": "GPU-6f954bfd-7081-31b7-f15c-f9a174bf4d7f", "gpu_util_percent": 28.0, "gpu_mem_util_percent": 7.0, "gpu_mem_used_mib": 42760.0, "gpu_mem_total_mib": 49140.0, "gpu_power_w": 101.45, "process_present": true, "process_mem_mib": 42264.0, "process_mem_share_percent": 86.00732600732601, "process_util_available": true, "process_util_backend": "nvml", "process_sm_util_percent": 28.0, "process_mem_util_percent": 6.0}
{"timestamp_unix": 1772437436.6984694, "pid": 87002, "device_index": 0, "gpu_uuid": "GPU-6f954bfd-7081-31b7-f15c-f9a174bf4d7f", "gpu_util_percent": 28.0, "gpu_mem_util_percent": 7.0, "gpu_mem_used_mib": 42760.0, "gpu_mem_total_mib": 49140.0, "gpu_power_w": 101.1, "process_present": true, "process_mem_mib": 42264.0, "process_mem_share_percent": 86.00732600732601, "process_util_available": true, "process_util_backend": "nvml", "process_sm_util_percent": 27.0, "process_mem_util_percent": 6.0}
{"timestamp_unix": 1772437436.9876068, "pid": 87002, "device_index": 0, "gpu_uuid": "GPU-6f954bfd-7081-31b7-f15c-f9a174bf4d7f", "gpu_util_percent": 26.0, "gpu_mem_util_percent": 7.0, "gpu_mem_used_mib": 42760.0, "gpu_mem_total_mib": 49140.0, "gpu_power_w": 100.73, "process_present": true, "process_mem_mib": 42264.0, "process_mem_share_percent": 86.00732600732601, "process_util_available": true, "process_util_backend": "nvml", "process_sm_util_percent": 26.0, "process_mem_util_percent": 6.0}
{"timestamp_unix": 1772437437.2754664, "pid": 87002, "device_index": 0, "gpu_uuid": "GPU-6f954bfd-7081-31b7-f15c-f9a174bf4d7f", "gpu_util_percent": 26.0, "gpu_mem_util_percent": 7.0, "gpu_mem_used_mib": 42760.0, "gpu_mem_total_mib": 49140.0, "gpu_power_w": 100.73, "process_present": true, "process_mem_mib": 42264.0, "process_mem_share_percent": 86.00732600732601, "process_util_available": true, "process_util_backend": "nvml", "process_sm_util_percent": 26.0, "process_mem_util_percent": 6.0}
{"timestamp_unix": 1772437437.5670328, "pid": 87002, "device_index": 0, "gpu_uuid": "GPU-6f954bfd-7081-31b7-f15c-f9a174bf4d7f", "gpu_util_percent": 26.0, "gpu_mem_util_percent": 7.0, "gpu_mem_used_mib": 42760.0, "gpu_mem_total_mib": 49140.0, "gpu_power_w": 100.2, "process_present": true, "process_mem_mib": 42264.0, "process_mem_share_percent": 86.00732600732601, "process_util_available": true, "process_util_backend": "nvml", "process_sm_util_percent": 13.0, "process_mem_util_percent": 2.0}
{"timestamp_unix": 1772437437.858089, "pid": 87002, "device_index": 0, "gpu_uuid": "GPU-6f954bfd-7081-31b7-f15c-f9a174bf4d7f", "gpu_util_percent": 26.0, "gpu_mem_util_percent": 7.0, "gpu_mem_used_mib": 42756.0, "gpu_mem_total_mib": 49140.0, "gpu_power_w": 100.2, "process_present": true, "process_mem_mib": 42264.0, "process_mem_share_percent": 86.00732600732601, "process_util_available": true, "process_util_backend": "nvml", "process_sm_util_percent": 26.0, "process_mem_util_percent": 6.0}
{"timestamp_unix": 1772437438.1520002, "pid": 87002, "device_index": 0, "gpu_uuid": "GPU-6f954bfd-7081-31b7-f15c-f9a174bf4d7f", "gpu_util_percent": 26.0, "gpu_mem_util_percent": 6.0, "gpu_mem_used_mib": 42754.0, "gpu_mem_total_mib": 49140.0, "gpu_power_w": 99.25, "process_present": true, "process_mem_mib": 42264.0, "process_mem_share_percent": 86.00732600732601, "process_util_available": true, "process_util_backend": "nvml", "process_sm_util_percent": 26.0, "process_mem_util_percent": 6.0}
{"timestamp_unix": 1772437438.4418302, "pid": 87002, "device_index": 0, "gpu_uuid": "GPU-6f954bfd-7081-31b7-f15c-f9a174bf4d7f", "gpu_util_percent": 26.0, "gpu_mem_util_percent": 6.0, "gpu_mem_used_mib": 42754.0, "gpu_mem_total_mib": 49140.0, "gpu_power_w": 98.77, "process_present": true, "process_mem_mib": 42264.0, "process_mem_share_percent": 86.00732600732601, "process_util_available": true, "process_util_backend": "nvml", "process_sm_util_percent": null, "process_mem_util_percent": null}
{"timestamp_unix": 1772437438.7510421, "pid": 87002, "device_index": 0, "gpu_uuid": "GPU-6f954bfd-7081-31b7-f15c-f9a174bf4d7f", "gpu_util_percent": 26.0, "gpu_mem_util_percent": 6.0, "gpu_mem_used_mib": 42754.0, "gpu_mem_total_mib": 49140.0, "gpu_power_w": 98.77, "process_present": true, "process_mem_mib": 42264.0, "process_mem_share_percent": 86.00732600732601, "process_util_available": true, "process_util_backend": "nvml", "process_sm_util_percent": 13.0, "process_mem_util_percent": 2.0}
{"timestamp_unix": 1772437439.0503786, "pid": 87002, "device_index": 0, "gpu_uuid": "GPU-6f954bfd-7081-31b7-f15c-f9a174bf4d7f", "gpu_util_percent": 26.0, "gpu_mem_util_percent": 6.0, "gpu_mem_used_mib": 42755.0, "gpu_mem_total_mib": 49140.0, "gpu_power_w": 98.76, "process_present": true, "process_mem_mib": 42264.0, "process_mem_share_percent": 86.00732600732601, "process_util_available": true, "process_util_backend": "nvml", "process_sm_util_percent": 25.0, "process_mem_util_percent": 5.0}
{"timestamp_unix": 1772437439.3491757, "pid": 87002, "device_index": 0, "gpu_uuid": "GPU-6f954bfd-7081-31b7-f15c-f9a174bf4d7f", "gpu_util_percent": 26.0, "gpu_mem_util_percent": 6.0, "gpu_mem_used_mib": 42755.0, "gpu_mem_total_mib": 49140.0, "gpu_power_w": 98.76, "process_present": true, "process_mem_mib": 42264.0, "process_mem_share_percent": 86.00732600732601, "process_util_available": true, "process_util_backend": "nvml", "process_sm_util_percent": 26.0, "process_mem_util_percent": 5.0}
{"timestamp_unix": 1772437439.6391418, "pid": 87002, "device_index": 0, "gpu_uuid": "GPU-6f954bfd-7081-31b7-f15c-f9a174bf4d7f", "gpu_util_percent": 26.0, "gpu_mem_util_percent": 6.0, "gpu_mem_used_mib": 42755.0, "gpu_mem_total_mib": 49140.0, "gpu_power_w": 98.35, "process_present": true, "process_mem_mib": 42264.0, "process_mem_share_percent": 86.00732600732601, "process_util_available": true, "process_util_backend": "nvml", "process_sm_util_percent": 25.0, "process_mem_util_percent": 5.0}
{"timestamp_unix": 1772437439.930943, "pid": 87002, "device_index": 0, "gpu_uuid": "GPU-6f954bfd-7081-31b7-f15c-f9a174bf4d7f", "gpu_util_percent": 18.0, "gpu_mem_util_percent": 4.0, "gpu_mem_used_mib": 42755.0, "gpu_mem_total_mib": 49140.0, "gpu_power_w": 97.56, "process_present": true, "process_mem_mib": 42264.0, "process_mem_share_percent": 86.00732600732601, "process_util_available": true, "process_util_backend": "nvml", "process_sm_util_percent": 13.0, "process_mem_util_percent": 2.0}
{"timestamp_unix": 1772437440.22103, "pid": 87002, "device_index": 0, "gpu_uuid": "GPU-6f954bfd-7081-31b7-f15c-f9a174bf4d7f", "gpu_util_percent": 18.0, "gpu_mem_util_percent": 4.0, "gpu_mem_used_mib": 42754.0, "gpu_mem_total_mib": 49140.0, "gpu_power_w": 97.56, "process_present": true, "process_mem_mib": 42264.0, "process_mem_share_percent": 86.00732600732601, "process_util_available": true, "process_util_backend": "nvml", "process_sm_util_percent": null, "process_mem_util_percent": null}
{"timestamp_unix": 1772437440.5103858, "pid": 87002, "device_index": 0, "gpu_uuid": "GPU-6f954bfd-7081-31b7-f15c-f9a174bf4d7f", "gpu_util_percent": 18.0, "gpu_mem_util_percent": 4.0, "gpu_mem_used_mib": 42754.0, "gpu_mem_total_mib": 49140.0, "gpu_power_w": 98.16, "process_present": true, "process_mem_mib": 42264.0, "process_mem_share_percent": 86.00732600732601, "process_util_available": true, "process_util_backend": "nvml", "process_sm_util_percent": 25.0, "process_mem_util_percent": 6.0}
{"timestamp_unix": 1772437440.8023455, "pid": 87002, "device_index": 0, "gpu_uuid": "GPU-6f954bfd-7081-31b7-f15c-f9a174bf4d7f", "gpu_util_percent": 18.0, "gpu_mem_util_percent": 4.0, "gpu_mem_used_mib": 42754.0, "gpu_mem_total_mib": 49140.0, "gpu_power_w": 98.16, "process_present": true, "process_mem_mib": 42264.0, "process_mem_share_percent": 86.00732600732601, "process_util_available": true, "process_util_backend": "nvml", "process_sm_util_percent": 25.0, "process_mem_util_percent": 6.0}
{"timestamp_unix": 1772437441.0927775, "pid": 87002, "device_index": 0, "gpu_uuid": "GPU-6f954bfd-7081-31b7-f15c-f9a174bf4d7f", "gpu_util_percent": 23.0, "gpu_mem_util_percent": 7.0, "gpu_mem_used_mib": 42754.0, "gpu_mem_total_mib": 49140.0, "gpu_power_w": 99.28, "process_present": true, "process_mem_mib": 42264.0, "process_mem_share_percent": 86.00732600732601, "process_util_available": true, "process_util_backend": "nvml", "process_sm_util_percent": 24.0, "process_mem_util_percent": 6.0}
{"timestamp_unix": 1772437441.4012785, "pid": 87002, "device_index": 0, "gpu_uuid": "GPU-6f954bfd-7081-31b7-f15c-f9a174bf4d7f", "gpu_util_percent": 23.0, "gpu_mem_util_percent": 7.0, "gpu_mem_used_mib": 42754.0, "gpu_mem_total_mib": 49140.0, "gpu_power_w": 99.28, "process_present": true, "process_mem_mib": 42264.0, "process_mem_share_percent": 86.00732600732601, "process_util_available": true, "process_util_backend": "nvml", "process_sm_util_percent": 24.0, "process_mem_util_percent": 7.0}
{"timestamp_unix": 1772437441.6992617, "pid": 87002, "device_index": 0, "gpu_uuid": "GPU-6f954bfd-7081-31b7-f15c-f9a174bf4d7f", "gpu_util_percent": 23.0, "gpu_mem_util_percent": 7.0, "gpu_mem_used_mib": 42754.0, "gpu_mem_total_mib": 49140.0, "gpu_power_w": 100.86, "process_present": true, "process_mem_mib": 42264.0, "process_mem_share_percent": 86.00732600732601, "process_util_available": true, "process_util_backend": "nvml", "process_sm_util_percent": 23.0, "process_mem_util_percent": 7.0}
{"timestamp_unix": 1772437442.001121, "pid": 87002, "device_index": 0, "gpu_uuid": "GPU-6f954bfd-7081-31b7-f15c-f9a174bf4d7f", "gpu_util_percent": 22.0, "gpu_mem_util_percent": 7.0, "gpu_mem_used_mib": 42754.0, "gpu_mem_total_mib": 49140.0, "gpu_power_w": 101.66, "process_present": true, "process_mem_mib": 42264.0, "process_mem_share_percent": 86.00732600732601, "process_util_available": true, "process_util_backend": "nvml", "process_sm_util_percent": 23.0, "process_mem_util_percent": 7.0}
{"timestamp_unix": 1772437442.2918735, "pid": 87002, "device_index": 0, "gpu_uuid": "GPU-6f954bfd-7081-31b7-f15c-f9a174bf4d7f", "gpu_util_percent": 22.0, "gpu_mem_util_percent": 7.0, "gpu_mem_used_mib": 42749.0, "gpu_mem_total_mib": 49140.0, "gpu_power_w": 101.66, "process_present": true, "process_mem_mib": 42264.0, "process_mem_share_percent": 86.00732600732601, "process_util_available": true, "process_util_backend": "nvml", "process_sm_util_percent": 23.0, "process_mem_util_percent": 7.0}
{"timestamp_unix": 1772437442.5876184, "pid": 87002, "device_index": 0, "gpu_uuid": "GPU-6f954bfd-7081-31b7-f15c-f9a174bf4d7f", "gpu_util_percent": 22.0, "gpu_mem_util_percent": 7.0, "gpu_mem_used_mib": 42749.0, "gpu_mem_total_mib": 49140.0, "gpu_power_w": 102.29, "process_present": true, "process_mem_mib": 42264.0, "process_mem_share_percent": 86.00732600732601, "process_util_available": true, "process_util_backend": "nvml", "process_sm_util_percent": 23.0, "process_mem_util_percent": 7.0}
{"timestamp_unix": 1772437442.884272, "pid": 87002, "device_index": 0, "gpu_uuid": "GPU-6f954bfd-7081-31b7-f15c-f9a174bf4d7f", "gpu_util_percent": 22.0, "gpu_mem_util_percent": 7.0, "gpu_mem_used_mib": 42749.0, "gpu_mem_total_mib": 49140.0, "gpu_power_w": 102.29, "process_present": true, "process_mem_mib": 42264.0, "process_mem_share_percent": 86.00732600732601, "process_util_available": true, "process_util_backend": "nvml", "process_sm_util_percent": 24.0, "process_mem_util_percent": 7.0}
{"timestamp_unix": 1772437443.1776052, "pid": 87002, "device_index": 0, "gpu_uuid": "GPU-6f954bfd-7081-31b7-f15c-f9a174bf4d7f", "gpu_util_percent": 24.0, "gpu_mem_util_percent": 8.0, "gpu_mem_used_mib": 42873.0, "gpu_mem_total_mib": 49140.0, "gpu_power_w": 102.72, "process_present": true, "process_mem_mib": 42432.0, "process_mem_share_percent": 86.34920634920636, "process_util_available": true, "process_util_backend": "nvml", "process_sm_util_percent": 26.0, "process_mem_util_percent": 8.0}
{"timestamp_unix": 1772437443.474393, "pid": 87002, "device_index": 0, "gpu_uuid": "GPU-6f954bfd-7081-31b7-f15c-f9a174bf4d7f", "gpu_util_percent": 24.0, "gpu_mem_util_percent": 8.0, "gpu_mem_used_mib": 43113.0, "gpu_mem_total_mib": 49140.0, "gpu_power_w": 103.2, "process_present": true, "process_mem_mib": 42672.0, "process_mem_share_percent": 86.83760683760684, "process_util_available": true, "process_util_backend": "nvml", "process_sm_util_percent": 25.0, "process_mem_util_percent": 7.0}
{"timestamp_unix": 1772437443.76799, "pid": 87002, "device_index": 0, "gpu_uuid": "GPU-6f954bfd-7081-31b7-f15c-f9a174bf4d7f", "gpu_util_percent": 24.0, "gpu_mem_util_percent": 8.0, "gpu_mem_used_mib": 43305.0, "gpu_mem_total_mib": 49140.0, "gpu_power_w": 103.2, "process_present": true, "process_mem_mib": 42816.0, "process_mem_share_percent": 87.13064713064713, "process_util_available": true, "process_util_backend": "nvml", "process_sm_util_percent": 13.0, "process_mem_util_percent": 4.0}
{"timestamp_unix": 1772437444.070815, "pid": 87002, "device_index": 0, "gpu_uuid": "GPU-6f954bfd-7081-31b7-f15c-f9a174bf4d7f", "gpu_util_percent": 12.0, "gpu_mem_util_percent": 1.0, "gpu_mem_used_mib": 43351.0, "gpu_mem_total_mib": 49140.0, "gpu_power_w": 101.22, "process_present": true, "process_mem_mib": 42864.0, "process_mem_share_percent": 87.22832722832723, "process_util_available": true, "process_util_backend": "nvml", "process_sm_util_percent": null, "process_mem_util_percent": null}
{"timestamp_unix": 1772437444.3955023, "pid": 87002, "device_index": 0, "gpu_uuid": "GPU-6f954bfd-7081-31b7-f15c-f9a174bf4d7f", "gpu_util_percent": 12.0, "gpu_mem_util_percent": 1.0, "gpu_mem_used_mib": 43351.0, "gpu_mem_total_mib": 49140.0, "gpu_power_w": 101.22, "process_present": true, "process_mem_mib": 42864.0, "process_mem_share_percent": 87.22832722832723, "process_util_available": true, "process_util_backend": "nvml", "process_sm_util_percent": 26.0, "process_mem_util_percent": 8.0}
{"timestamp_unix": 1772437444.6894262, "pid": 87002, "device_index": 0, "gpu_uuid": "GPU-6f954bfd-7081-31b7-f15c-f9a174bf4d7f", "gpu_util_percent": 12.0, "gpu_mem_util_percent": 1.0, "gpu_mem_used_mib": 43351.0, "gpu_mem_total_mib": 49140.0, "gpu_power_w": 99.04, "process_present": true, "process_mem_mib": 42864.0, "process_mem_share_percent": 87.22832722832723, "process_util_available": true, "process_util_backend": "nvml", "process_sm_util_percent": 28.0, "process_mem_util_percent": 9.0}
{"timestamp_unix": 1772437444.9813974, "pid": 87002, "device_index": 0, "gpu_uuid": "GPU-6f954bfd-7081-31b7-f15c-f9a174bf4d7f", "gpu_util_percent": 26.0, "gpu_mem_util_percent": 9.0, "gpu_mem_used_mib": 43351.0, "gpu_mem_total_mib": 49140.0, "gpu_power_w": 100.14, "process_present": true, "process_mem_mib": 42864.0, "process_mem_share_percent": 87.22832722832723, "process_util_available": true, "process_util_backend": "nvml", "process_sm_util_percent": 28.0, "process_mem_util_percent": 8.0}
{"timestamp_unix": 1772437445.2732286, "pid": 87002, "device_index": 0, "gpu_uuid": "GPU-6f954bfd-7081-31b7-f15c-f9a174bf4d7f", "gpu_util_percent": 26.0, "gpu_mem_util_percent": 9.0, "gpu_mem_used_mib": 43351.0, "gpu_mem_total_mib": 49140.0, "gpu_power_w": 100.14, "process_present": true, "process_mem_mib": 42864.0, "process_mem_share_percent": 87.22832722832723, "process_util_available": true, "process_util_backend": "nvml", "process_sm_util_percent": 28.0, "process_mem_util_percent": 8.0}
{"timestamp_unix": 1772437445.5669785, "pid": 87002, "device_index": 0, "gpu_uuid": "GPU-6f954bfd-7081-31b7-f15c-f9a174bf4d7f", "gpu_util_percent": 26.0, "gpu_mem_util_percent": 9.0, "gpu_mem_used_mib": 43351.0, "gpu_mem_total_mib": 49140.0, "gpu_power_w": 104.14, "process_present": true, "process_mem_mib": 42864.0, "process_mem_share_percent": 87.22832722832723, "process_util_available": true, "process_util_backend": "nvml", "process_sm_util_percent": 27.0, "process_mem_util_percent": 8.0}
{"timestamp_unix": 1772437445.8584833, "pid": 87002, "device_index": 0, "gpu_uuid": "GPU-6f954bfd-7081-31b7-f15c-f9a174bf4d7f", "gpu_util_percent": 26.0, "gpu_mem_util_percent": 9.0, "gpu_mem_used_mib": 43351.0, "gpu_mem_total_mib": 49140.0, "gpu_power_w": 104.14, "process_present": true, "process_mem_mib": 42864.0, "process_mem_share_percent": 87.22832722832723, "process_util_available": true, "process_util_backend": "nvml", "process_sm_util_percent": 27.0, "process_mem_util_percent": 8.0}
{"timestamp_unix": 1772437446.1547189, "pid": 87002, "device_index": 0, "gpu_uuid": "GPU-6f954bfd-7081-31b7-f15c-f9a174bf4d7f", "gpu_util_percent": 26.0, "gpu_mem_util_percent": 8.0, "gpu_mem_used_mib": 43360.0, "gpu_mem_total_mib": 49140.0, "gpu_power_w": 103.75, "process_present": true, "process_mem_mib": 42864.0, "process_mem_share_percent": 87.22832722832723, "process_util_available": true, "process_util_backend": "nvml", "process_sm_util_percent": 29.0, "process_mem_util_percent": 8.0}
{"timestamp_unix": 1772437446.4616458, "pid": 87002, "device_index": 0, "gpu_uuid": "GPU-6f954bfd-7081-31b7-f15c-f9a174bf4d7f", "gpu_util_percent": 26.0, "gpu_mem_util_percent": 8.0, "gpu_mem_used_mib": 43360.0, "gpu_mem_total_mib": 49140.0, "gpu_power_w": 103.35, "process_present": true, "process_mem_mib": 42864.0, "process_mem_share_percent": 87.22832722832723, "process_util_available": true, "process_util_backend": "nvml", "process_sm_util_percent": 27.0, "process_mem_util_percent": 8.0}
{"timestamp_unix": 1772437446.767406, "pid": 87002, "device_index": 0, "gpu_uuid": "GPU-6f954bfd-7081-31b7-f15c-f9a174bf4d7f", "gpu_util_percent": 26.0, "gpu_mem_util_percent": 8.0, "gpu_mem_used_mib": 43360.0, "gpu_mem_total_mib": 49140.0, "gpu_power_w": 103.35, "process_present": true, "process_mem_mib": 42864.0, "process_mem_share_percent": 87.22832722832723, "process_util_available": true, "process_util_backend": "nvml", "process_sm_util_percent": 27.0, "process_mem_util_percent": 7.0}
{"timestamp_unix": 1772437447.0682812, "pid": 87002, "device_index": 0, "gpu_uuid": "GPU-6f954bfd-7081-31b7-f15c-f9a174bf4d7f", "gpu_util_percent": 26.0, "gpu_mem_util_percent": 8.0, "gpu_mem_used_mib": 43360.0, "gpu_mem_total_mib": 49140.0, "gpu_power_w": 102.98, "process_present": true, "process_mem_mib": 42864.0, "process_mem_share_percent": 87.22832722832723, "process_util_available": true, "process_util_backend": "nvml", "process_sm_util_percent": 26.0, "process_mem_util_percent": 7.0}
{"timestamp_unix": 1772437447.3739333, "pid": 87002, "device_index": 0, "gpu_uuid": "GPU-6f954bfd-7081-31b7-f15c-f9a174bf4d7f", "gpu_util_percent": 26.0, "gpu_mem_util_percent": 8.0, "gpu_mem_used_mib": 43360.0, "gpu_mem_total_mib": 49140.0, "gpu_power_w": 102.98, "process_present": true, "process_mem_mib": 42864.0, "process_mem_share_percent": 87.22832722832723, "process_util_available": true, "process_util_backend": "nvml", "process_sm_util_percent": 27.0, "process_mem_util_percent": 7.0}
{"timestamp_unix": 1772437447.6670213, "pid": 87002, "device_index": 0, "gpu_uuid": "GPU-6f954bfd-7081-31b7-f15c-f9a174bf4d7f", "gpu_util_percent": 26.0, "gpu_mem_util_percent": 8.0, "gpu_mem_used_mib": 43360.0, "gpu_mem_total_mib": 49140.0, "gpu_power_w": 102.37, "process_present": true, "process_mem_mib": 42864.0, "process_mem_share_percent": 87.22832722832723, "process_util_available": true, "process_util_backend": "nvml", "process_sm_util_percent": 27.0, "process_mem_util_percent": 7.0}
{"timestamp_unix": 1772437447.957444, "pid": 87002, "device_index": 0, "gpu_uuid": "GPU-6f954bfd-7081-31b7-f15c-f9a174bf4d7f", "gpu_util_percent": 27.0, "gpu_mem_util_percent": 8.0, "gpu_mem_used_mib": 43356.0, "gpu_mem_total_mib": 49140.0, "gpu_power_w": 101.98, "process_present": true, "process_mem_mib": 42864.0, "process_mem_share_percent": 87.22832722832723, "process_util_available": true, "process_util_backend": "nvml", "process_sm_util_percent": 27.0, "process_mem_util_percent": 7.0}
{"timestamp_unix": 1772437448.2503364, "pid": 87002, "device_index": 0, "gpu_uuid": "GPU-6f954bfd-7081-31b7-f15c-f9a174bf4d7f", "gpu_util_percent": 27.0, "gpu_mem_util_percent": 8.0, "gpu_mem_used_mib": 43356.0, "gpu_mem_total_mib": 49140.0, "gpu_power_w": 101.98, "process_present": true, "process_mem_mib": 42864.0, "process_mem_share_percent": 87.22832722832723, "process_util_available": true, "process_util_backend": "nvml", "process_sm_util_percent": 27.0, "process_mem_util_percent": 7.0}
{"timestamp_unix": 1772437448.5397959, "pid": 87002, "device_index": 0, "gpu_uuid": "GPU-6f954bfd-7081-31b7-f15c-f9a174bf4d7f", "gpu_util_percent": 27.0, "gpu_mem_util_percent": 8.0, "gpu_mem_used_mib": 43357.0, "gpu_mem_total_mib": 49140.0, "gpu_power_w": 102.03, "process_present": true, "process_mem_mib": 42864.0, "process_mem_share_percent": 87.22832722832723, "process_util_available": true, "process_util_backend": "nvml", "process_sm_util_percent": 27.0, "process_mem_util_percent": 7.0}
{"timestamp_unix": 1772437448.8336067, "pid": 87002, "device_index": 0, "gpu_uuid": "GPU-6f954bfd-7081-31b7-f15c-f9a174bf4d7f", "gpu_util_percent": 27.0, "gpu_mem_util_percent": 8.0, "gpu_mem_used_mib": 43357.0, "gpu_mem_total_mib": 49140.0, "gpu_power_w": 102.03, "process_present": true, "process_mem_mib": 42864.0, "process_mem_share_percent": 87.22832722832723, "process_util_available": true, "process_util_backend": "nvml", "process_sm_util_percent": 26.0, "process_mem_util_percent": 7.0}
{"timestamp_unix": 1772437449.1220968, "pid": 87002, "device_index": 0, "gpu_uuid": "GPU-6f954bfd-7081-31b7-f15c-f9a174bf4d7f", "gpu_util_percent": 27.0, "gpu_mem_util_percent": 7.0, "gpu_mem_used_mib": 43357.0, "gpu_mem_total_mib": 49140.0, "gpu_power_w": 101.77, "process_present": true, "process_mem_mib": 42864.0, "process_mem_share_percent": 87.22832722832723, "process_util_available": true, "process_util_backend": "nvml", "process_sm_util_percent": 27.0, "process_mem_util_percent": 7.0}
{"timestamp_unix": 1772437449.4292843, "pid": 87002, "device_index": 0, "gpu_uuid": "GPU-6f954bfd-7081-31b7-f15c-f9a174bf4d7f", "gpu_util_percent": 27.0, "gpu_mem_util_percent": 7.0, "gpu_mem_used_mib": 43357.0, "gpu_mem_total_mib": 49140.0, "gpu_power_w": 101.44, "process_present": true, "process_mem_mib": 42864.0, "process_mem_share_percent": 87.22832722832723, "process_util_available": true, "process_util_backend": "nvml", "process_sm_util_percent": 26.0, "process_mem_util_percent": 6.0}
{"timestamp_unix": 1772437449.7331948, "pid": 87002, "device_index": 0, "gpu_uuid": "GPU-6f954bfd-7081-31b7-f15c-f9a174bf4d7f", "gpu_util_percent": 27.0, "gpu_mem_util_percent": 7.0, "gpu_mem_used_mib": 43357.0, "gpu_mem_total_mib": 49140.0, "gpu_power_w": 101.44, "process_present": true, "process_mem_mib": 42864.0, "process_mem_share_percent": 87.22832722832723, "process_util_available": true, "process_util_backend": "nvml", "process_sm_util_percent": 27.0, "process_mem_util_percent": 6.0}
{"timestamp_unix": 1772437450.0381548, "pid": 87002, "device_index": 0, "gpu_uuid": "GPU-6f954bfd-7081-31b7-f15c-f9a174bf4d7f", "gpu_util_percent": 27.0, "gpu_mem_util_percent": 7.0, "gpu_mem_used_mib": 44093.0, "gpu_mem_total_mib": 49140.0, "gpu_power_w": 101.27, "process_present": true, "process_mem_mib": 43600.0, "process_mem_share_percent": 88.72608872608872, "process_util_available": true, "process_util_backend": "nvml", "process_sm_util_percent": 19.0, "process_mem_util_percent": 3.0}
{"timestamp_unix": 1772437450.3335197, "pid": 87002, "device_index": 0, "gpu_uuid": "GPU-6f954bfd-7081-31b7-f15c-f9a174bf4d7f", "gpu_util_percent": 27.0, "gpu_mem_util_percent": 7.0, "gpu_mem_used_mib": 44093.0, "gpu_mem_total_mib": 49140.0, "gpu_power_w": 101.27, "process_present": true, "process_mem_mib": 43600.0, "process_mem_share_percent": 88.72608872608872, "process_util_available": true, "process_util_backend": "nvml", "process_sm_util_percent": 26.0, "process_mem_util_percent": 7.0}
{"timestamp_unix": 1772437450.6249099, "pid": 87002, "device_index": 0, "gpu_uuid": "GPU-6f954bfd-7081-31b7-f15c-f9a174bf4d7f", "gpu_util_percent": 27.0, "gpu_mem_util_percent": 7.0, "gpu_mem_used_mib": 44093.0, "gpu_mem_total_mib": 49140.0, "gpu_power_w": 99.95, "process_present": true, "process_mem_mib": 43600.0, "process_mem_share_percent": 88.72608872608872, "process_util_available": true, "process_util_backend": "nvml", "process_sm_util_percent": 26.0, "process_mem_util_percent": 7.0}
{"timestamp_unix": 1772437450.9171014, "pid": 87002, "device_index": 0, "gpu_uuid": "GPU-6f954bfd-7081-31b7-f15c-f9a174bf4d7f", "gpu_util_percent": 27.0, "gpu_mem_util_percent": 8.0, "gpu_mem_used_mib": 44093.0, "gpu_mem_total_mib": 49140.0, "gpu_power_w": 100.62, "process_present": true, "process_mem_mib": 43600.0, "process_mem_share_percent": 88.72608872608872, "process_util_available": true, "process_util_backend": "nvml", "process_sm_util_percent": 26.0, "process_mem_util_percent": 7.0}
{"timestamp_unix": 1772437451.2097766, "pid": 87002, "device_index": 0, "gpu_uuid": "GPU-6f954bfd-7081-31b7-f15c-f9a174bf4d7f", "gpu_util_percent": 27.0, "gpu_mem_util_percent": 8.0, "gpu_mem_used_mib": 44093.0, "gpu_mem_total_mib": 49140.0, "gpu_power_w": 100.62, "process_present": true, "process_mem_mib": 43600.0, "process_mem_share_percent": 88.72608872608872, "process_util_available": true, "process_util_backend": "nvml", "process_sm_util_percent": 27.0, "process_mem_util_percent": 7.0}
{"timestamp_unix": 1772437451.5024855, "pid": 87002, "device_index": 0, "gpu_uuid": "GPU-6f954bfd-7081-31b7-f15c-f9a174bf4d7f", "gpu_util_percent": 27.0, "gpu_mem_util_percent": 8.0, "gpu_mem_used_mib": 44093.0, "gpu_mem_total_mib": 49140.0, "gpu_power_w": 102.94, "process_present": true, "process_mem_mib": 43600.0, "process_mem_share_percent": 88.72608872608872, "process_util_available": true, "process_util_backend": "nvml", "process_sm_util_percent": 27.0, "process_mem_util_percent": 8.0}
{"timestamp_unix": 1772437451.7915812, "pid": 87002, "device_index": 0, "gpu_uuid": "GPU-6f954bfd-7081-31b7-f15c-f9a174bf4d7f", "gpu_util_percent": 27.0, "gpu_mem_util_percent": 8.0, "gpu_mem_used_mib": 44093.0, "gpu_mem_total_mib": 49140.0, "gpu_power_w": 102.94, "process_present": true, "process_mem_mib": 43600.0, "process_mem_share_percent": 88.72608872608872, "process_util_available": true, "process_util_backend": "nvml", "process_sm_util_percent": 27.0, "process_mem_util_percent": 8.0}
{"timestamp_unix": 1772437452.1008575, "pid": 87002, "device_index": 0, "gpu_uuid": "GPU-6f954bfd-7081-31b7-f15c-f9a174bf4d7f", "gpu_util_percent": 27.0, "gpu_mem_util_percent": 8.0, "gpu_mem_used_mib": 44093.0, "gpu_mem_total_mib": 49140.0, "gpu_power_w": 103.61, "process_present": true, "process_mem_mib": 43600.0, "process_mem_share_percent": 88.72608872608872, "process_util_available": true, "process_util_backend": "nvml", "process_sm_util_percent": 27.0, "process_mem_util_percent": 8.0}
{"timestamp_unix": 1772437452.4011955, "pid": 87002, "device_index": 0, "gpu_uuid": "GPU-6f954bfd-7081-31b7-f15c-f9a174bf4d7f", "gpu_util_percent": 27.0, "gpu_mem_util_percent": 8.0, "gpu_mem_used_mib": 44093.0, "gpu_mem_total_mib": 49140.0, "gpu_power_w": 103.61, "process_present": true, "process_mem_mib": 43600.0, "process_mem_share_percent": 88.72608872608872, "process_util_available": true, "process_util_backend": "nvml", "process_sm_util_percent": 27.0, "process_mem_util_percent": 8.0}
{"timestamp_unix": 1772437452.7028553, "pid": 87002, "device_index": 0, "gpu_uuid": "GPU-6f954bfd-7081-31b7-f15c-f9a174bf4d7f", "gpu_util_percent": 27.0, "gpu_mem_util_percent": 8.0, "gpu_mem_used_mib": 44093.0, "gpu_mem_total_mib": 49140.0, "gpu_power_w": 104.28, "process_present": true, "process_mem_mib": 43600.0, "process_mem_share_percent": 88.72608872608872, "process_util_available": true, "process_util_backend": "nvml", "process_sm_util_percent": 27.0, "process_mem_util_percent": 8.0}
{"timestamp_unix": 1772437452.9924853, "pid": 87002, "device_index": 0, "gpu_uuid": "GPU-6f954bfd-7081-31b7-f15c-f9a174bf4d7f", "gpu_util_percent": 28.0, "gpu_mem_util_percent": 9.0, "gpu_mem_used_mib": 44093.0, "gpu_mem_total_mib": 49140.0, "gpu_power_w": 104.88, "process_present": true, "process_mem_mib": 43600.0, "process_mem_share_percent": 88.72608872608872, "process_util_available": true, "process_util_backend": "nvml", "process_sm_util_percent": 28.0, "process_mem_util_percent": 8.0}
{"timestamp_unix": 1772437453.2852612, "pid": 87002, "device_index": 0, "gpu_uuid": "GPU-6f954bfd-7081-31b7-f15c-f9a174bf4d7f", "gpu_util_percent": 28.0, "gpu_mem_util_percent": 9.0, "gpu_mem_used_mib": 44093.0, "gpu_mem_total_mib": 49140.0, "gpu_power_w": 104.88, "process_present": true, "process_mem_mib": 43600.0, "process_mem_share_percent": 88.72608872608872, "process_util_available": true, "process_util_backend": "nvml", "process_sm_util_percent": 28.0, "process_mem_util_percent": 9.0}
{"timestamp_unix": 1772437453.5757146, "pid": 87002, "device_index": 0, "gpu_uuid": "GPU-6f954bfd-7081-31b7-f15c-f9a174bf4d7f", "gpu_util_percent": 28.0, "gpu_mem_util_percent": 9.0, "gpu_mem_used_mib": 44093.0, "gpu_mem_total_mib": 49140.0, "gpu_power_w": 105.39, "process_present": true, "process_mem_mib": 43600.0, "process_mem_share_percent": 88.72608872608872, "process_util_available": true, "process_util_backend": "nvml", "process_sm_util_percent": 28.0, "process_mem_util_percent": 9.0}
{"timestamp_unix": 1772437453.8720407, "pid": 87002, "device_index": 0, "gpu_uuid": "GPU-6f954bfd-7081-31b7-f15c-f9a174bf4d7f", "gpu_util_percent": 28.0, "gpu_mem_util_percent": 9.0, "gpu_mem_used_mib": 44092.0, "gpu_mem_total_mib": 49140.0, "gpu_power_w": 105.39, "process_present": true, "process_mem_mib": 43600.0, "process_mem_share_percent": 88.72608872608872, "process_util_available": true, "process_util_backend": "nvml", "process_sm_util_percent": 27.0, "process_mem_util_percent": 9.0}
{"timestamp_unix": 1772437454.1621141, "pid": 87002, "device_index": 0, "gpu_uuid": "GPU-6f954bfd-7081-31b7-f15c-f9a174bf4d7f", "gpu_util_percent": 22.0, "gpu_mem_util_percent": 6.0, "gpu_mem_used_mib": 44156.0, "gpu_mem_total_mib": 49140.0, "gpu_power_w": 105.31, "process_present": true, "process_mem_mib": 43664.0, "process_mem_share_percent": 88.85632885632886, "process_util_available": true, "process_util_backend": "nvml", "process_sm_util_percent": 8.0, "process_mem_util_percent": 1.0}
{"timestamp_unix": 1772437454.4525619, "pid": 87002, "device_index": 0, "gpu_uuid": "GPU-6f954bfd-7081-31b7-f15c-f9a174bf4d7f", "gpu_util_percent": 22.0, "gpu_mem_util_percent": 6.0, "gpu_mem_used_mib": 44156.0, "gpu_mem_total_mib": 49140.0, "gpu_power_w": 100.67, "process_present": true, "process_mem_mib": 43664.0, "process_mem_share_percent": 88.85632885632886, "process_util_available": true, "process_util_backend": "nvml", "process_sm_util_percent": 30.0, "process_mem_util_percent": 10.0}
{"timestamp_unix": 1772437454.753937, "pid": 87002, "device_index": 0, "gpu_uuid": "GPU-6f954bfd-7081-31b7-f15c-f9a174bf4d7f", "gpu_util_percent": 22.0, "gpu_mem_util_percent": 6.0, "gpu_mem_used_mib": 44156.0, "gpu_mem_total_mib": 49140.0, "gpu_power_w": 100.67, "process_present": true, "process_mem_mib": 43664.0, "process_mem_share_percent": 88.85632885632886, "process_util_available": true, "process_util_backend": "nvml", "process_sm_util_percent": 29.0, "process_mem_util_percent": 9.0}
{"timestamp_unix": 1772437455.0613081, "pid": 87002, "device_index": 0, "gpu_uuid": "GPU-6f954bfd-7081-31b7-f15c-f9a174bf4d7f", "gpu_util_percent": 30.0, "gpu_mem_util_percent": 10.0, "gpu_mem_used_mib": 44156.0, "gpu_mem_total_mib": 49140.0, "gpu_power_w": 100.86, "process_present": true, "process_mem_mib": 43664.0, "process_mem_share_percent": 88.85632885632886, "process_util_available": true, "process_util_backend": "nvml", "process_sm_util_percent": 28.0, "process_mem_util_percent": 9.0}
{"timestamp_unix": 1772437455.3650546, "pid": 87002, "device_index": 0, "gpu_uuid": "GPU-6f954bfd-7081-31b7-f15c-f9a174bf4d7f", "gpu_util_percent": 30.0, "gpu_mem_util_percent": 10.0, "gpu_mem_used_mib": 44156.0, "gpu_mem_total_mib": 49140.0, "gpu_power_w": 100.86, "process_present": true, "process_mem_mib": 43664.0, "process_mem_share_percent": 88.85632885632886, "process_util_available": true, "process_util_backend": "nvml", "process_sm_util_percent": null, "process_mem_util_percent": null}
{"timestamp_unix": 1772437455.6547275, "pid": 87002, "device_index": 0, "gpu_uuid": "GPU-6f954bfd-7081-31b7-f15c-f9a174bf4d7f", "gpu_util_percent": 30.0, "gpu_mem_util_percent": 10.0, "gpu_mem_used_mib": 44156.0, "gpu_mem_total_mib": 49140.0, "gpu_power_w": 106.27, "process_present": true, "process_mem_mib": 43664.0, "process_mem_share_percent": 88.85632885632886, "process_util_available": true, "process_util_backend": "nvml", "process_sm_util_percent": 29.0, "process_mem_util_percent": 9.0}
{"timestamp_unix": 1772437455.9450119, "pid": 87002, "device_index": 0, "gpu_uuid": "GPU-6f954bfd-7081-31b7-f15c-f9a174bf4d7f", "gpu_util_percent": 29.0, "gpu_mem_util_percent": 9.0, "gpu_mem_used_mib": 44156.0, "gpu_mem_total_mib": 49140.0, "gpu_power_w": 105.98, "process_present": true, "process_mem_mib": 43664.0, "process_mem_share_percent": 88.85632885632886, "process_util_available": true, "process_util_backend": "nvml", "process_sm_util_percent": null, "process_mem_util_percent": null}
{"timestamp_unix": 1772437456.2355309, "pid": 87002, "device_index": 0, "gpu_uuid": "GPU-6f954bfd-7081-31b7-f15c-f9a174bf4d7f", "gpu_util_percent": 29.0, "gpu_mem_util_percent": 9.0, "gpu_mem_used_mib": 44155.0, "gpu_mem_total_mib": 49140.0, "gpu_power_w": 105.98, "process_present": true, "process_mem_mib": 43664.0, "process_mem_share_percent": 88.85632885632886, "process_util_available": true, "process_util_backend": "nvml", "process_sm_util_percent": 30.0, "process_mem_util_percent": 10.0}
{"timestamp_unix": 1772437456.525863, "pid": 87002, "device_index": 0, "gpu_uuid": "GPU-6f954bfd-7081-31b7-f15c-f9a174bf4d7f", "gpu_util_percent": 29.0, "gpu_mem_util_percent": 9.0, "gpu_mem_used_mib": 44155.0, "gpu_mem_total_mib": 49140.0, "gpu_power_w": 106.07, "process_present": true, "process_mem_mib": 43664.0, "process_mem_share_percent": 88.85632885632886, "process_util_available": true, "process_util_backend": "nvml", "process_sm_util_percent": 29.0, "process_mem_util_percent": 9.0}
{"timestamp_unix": 1772437456.8174963, "pid": 87002, "device_index": 0, "gpu_uuid": "GPU-6f954bfd-7081-31b7-f15c-f9a174bf4d7f", "gpu_util_percent": 29.0, "gpu_mem_util_percent": 9.0, "gpu_mem_used_mib": 44155.0, "gpu_mem_total_mib": 49140.0, "gpu_power_w": 106.07, "process_present": true, "process_mem_mib": 43664.0, "process_mem_share_percent": 88.85632885632886, "process_util_available": true, "process_util_backend": "nvml", "process_sm_util_percent": 29.0, "process_mem_util_percent": 9.0}
{"timestamp_unix": 1772437457.1077573, "pid": 87002, "device_index": 0, "gpu_uuid": "GPU-6f954bfd-7081-31b7-f15c-f9a174bf4d7f", "gpu_util_percent": 29.0, "gpu_mem_util_percent": 9.0, "gpu_mem_used_mib": 44154.0, "gpu_mem_total_mib": 49140.0, "gpu_power_w": 105.73, "process_present": true, "process_mem_mib": 43664.0, "process_mem_share_percent": 88.85632885632886, "process_util_available": true, "process_util_backend": "nvml", "process_sm_util_percent": 29.0, "process_mem_util_percent": 9.0}
{"timestamp_unix": 1772437457.42019, "pid": 87002, "device_index": 0, "gpu_uuid": "GPU-6f954bfd-7081-31b7-f15c-f9a174bf4d7f", "gpu_util_percent": 29.0, "gpu_mem_util_percent": 9.0, "gpu_mem_used_mib": 44154.0, "gpu_mem_total_mib": 49140.0, "gpu_power_w": 105.73, "process_present": true, "process_mem_mib": 43664.0, "process_mem_share_percent": 88.85632885632886, "process_util_available": true, "process_util_backend": "nvml", "process_sm_util_percent": 28.0, "process_mem_util_percent": 8.0}
{"timestamp_unix": 1772437457.7268722, "pid": 87002, "device_index": 0, "gpu_uuid": "GPU-6f954bfd-7081-31b7-f15c-f9a174bf4d7f", "gpu_util_percent": 29.0, "gpu_mem_util_percent": 9.0, "gpu_mem_used_mib": 44154.0, "gpu_mem_total_mib": 49140.0, "gpu_power_w": 105.06, "process_present": true, "process_mem_mib": 43664.0, "process_mem_share_percent": 88.85632885632886, "process_util_available": true, "process_util_backend": "nvml", "process_sm_util_percent": 29.0, "process_mem_util_percent": 8.0}
{"timestamp_unix": 1772437458.0345905, "pid": 87002, "device_index": 0, "gpu_uuid": "GPU-6f954bfd-7081-31b7-f15c-f9a174bf4d7f", "gpu_util_percent": 29.0, "gpu_mem_util_percent": 9.0, "gpu_mem_used_mib": 44154.0, "gpu_mem_total_mib": 49140.0, "gpu_power_w": 104.61, "process_present": true, "process_mem_mib": 43664.0, "process_mem_share_percent": 88.85632885632886, "process_util_available": true, "process_util_backend": "nvml", "process_sm_util_percent": 28.0, "process_mem_util_percent": 9.0}
{"timestamp_unix": 1772437458.323531, "pid": 87002, "device_index": 0, "gpu_uuid": "GPU-6f954bfd-7081-31b7-f15c-f9a174bf4d7f", "gpu_util_percent": 29.0, "gpu_mem_util_percent": 9.0, "gpu_mem_used_mib": 44154.0, "gpu_mem_total_mib": 49140.0, "gpu_power_w": 104.61, "process_present": true, "process_mem_mib": 43664.0, "process_mem_share_percent": 88.85632885632886, "process_util_available": true, "process_util_backend": "nvml", "process_sm_util_percent": 29.0, "process_mem_util_percent": 8.0}
{"timestamp_unix": 1772437458.6175482, "pid": 87002, "device_index": 0, "gpu_uuid": "GPU-6f954bfd-7081-31b7-f15c-f9a174bf4d7f", "gpu_util_percent": 29.0, "gpu_mem_util_percent": 9.0, "gpu_mem_used_mib": 44154.0, "gpu_mem_total_mib": 49140.0, "gpu_power_w": 104.35, "process_present": true, "process_mem_mib": 43664.0, "process_mem_share_percent": 88.85632885632886, "process_util_available": true, "process_util_backend": "nvml", "process_sm_util_percent": 28.0, "process_mem_util_percent": 8.0}
{"timestamp_unix": 1772437458.90737, "pid": 87002, "device_index": 0, "gpu_uuid": "GPU-6f954bfd-7081-31b7-f15c-f9a174bf4d7f", "gpu_util_percent": 29.0, "gpu_mem_util_percent": 9.0, "gpu_mem_used_mib": 44154.0, "gpu_mem_total_mib": 49140.0, "gpu_power_w": 104.35, "process_present": true, "process_mem_mib": 43664.0, "process_mem_share_percent": 88.85632885632886, "process_util_available": true, "process_util_backend": "nvml", "process_sm_util_percent": 28.0, "process_mem_util_percent": 8.0}
{"timestamp_unix": 1772437459.200981, "pid": 87002, "device_index": 0, "gpu_uuid": "GPU-6f954bfd-7081-31b7-f15c-f9a174bf4d7f", "gpu_util_percent": 28.0, "gpu_mem_util_percent": 9.0, "gpu_mem_used_mib": 44154.0, "gpu_mem_total_mib": 49140.0, "gpu_power_w": 104.15, "process_present": true, "process_mem_mib": 43664.0, "process_mem_share_percent": 88.85632885632886, "process_util_available": true, "process_util_backend": "nvml", "process_sm_util_percent": 28.0, "process_mem_util_percent": 8.0}
{"timestamp_unix": 1772437459.492117, "pid": 87002, "device_index": 0, "gpu_uuid": "GPU-6f954bfd-7081-31b7-f15c-f9a174bf4d7f", "gpu_util_percent": 28.0, "gpu_mem_util_percent": 9.0, "gpu_mem_used_mib": 44154.0, "gpu_mem_total_mib": 49140.0, "gpu_power_w": 103.85, "process_present": true, "process_mem_mib": 43664.0, "process_mem_share_percent": 88.85632885632886, "process_util_available": true, "process_util_backend": "nvml", "process_sm_util_percent": 28.0, "process_mem_util_percent": 7.0}
{"timestamp_unix": 1772437459.7838485, "pid": 87002, "device_index": 0, "gpu_uuid": "GPU-6f954bfd-7081-31b7-f15c-f9a174bf4d7f", "gpu_util_percent": 28.0, "gpu_mem_util_percent": 9.0, "gpu_mem_used_mib": 44154.0, "gpu_mem_total_mib": 49140.0, "gpu_power_w": 103.85, "process_present": true, "process_mem_mib": 43664.0, "process_mem_share_percent": 88.85632885632886, "process_util_available": true, "process_util_backend": "nvml", "process_sm_util_percent": 28.0, "process_mem_util_percent": 8.0}
{"timestamp_unix": 1772437460.08721, "pid": 87002, "device_index": 0, "gpu_uuid": "GPU-6f954bfd-7081-31b7-f15c-f9a174bf4d7f", "gpu_util_percent": 29.0, "gpu_mem_util_percent": 8.0, "gpu_mem_used_mib": 45114.0, "gpu_mem_total_mib": 49140.0, "gpu_power_w": 103.58, "process_present": true, "process_mem_mib": 44624.0, "process_mem_share_percent": 90.8099308099308, "process_util_available": true, "process_util_backend": "nvml", "process_sm_util_percent": 11.0, "process_mem_util_percent": 2.0}
{"timestamp_unix": 1772437460.4007998, "pid": 87002, "device_index": 0, "gpu_uuid": "GPU-6f954bfd-7081-31b7-f15c-f9a174bf4d7f", "gpu_util_percent": 29.0, "gpu_mem_util_percent": 8.0, "gpu_mem_used_mib": 45109.0, "gpu_mem_total_mib": 49140.0, "gpu_power_w": 103.58, "process_present": true, "process_mem_mib": 44624.0, "process_mem_share_percent": 90.8099308099308, "process_util_available": true, "process_util_backend": "nvml", "process_sm_util_percent": 26.0, "process_mem_util_percent": 8.0}
{"timestamp_unix": 1772437460.6988468, "pid": 87002, "device_index": 0, "gpu_uuid": "GPU-6f954bfd-7081-31b7-f15c-f9a174bf4d7f", "gpu_util_percent": 29.0, "gpu_mem_util_percent": 8.0, "gpu_mem_used_mib": 45109.0, "gpu_mem_total_mib": 49140.0, "gpu_power_w": 101.77, "process_present": true, "process_mem_mib": 44624.0, "process_mem_share_percent": 90.8099308099308, "process_util_available": true, "process_util_backend": "nvml", "process_sm_util_percent": 27.0, "process_mem_util_percent": 8.0}
{"timestamp_unix": 1772437460.9881306, "pid": 87002, "device_index": 0, "gpu_uuid": "GPU-6f954bfd-7081-31b7-f15c-f9a174bf4d7f", "gpu_util_percent": 28.0, "gpu_mem_util_percent": 9.0, "gpu_mem_used_mib": 45107.0, "gpu_mem_total_mib": 49140.0, "gpu_power_w": 102.31, "process_present": true, "process_mem_mib": 44624.0, "process_mem_share_percent": 90.8099308099308, "process_util_available": true, "process_util_backend": "nvml", "process_sm_util_percent": 27.0, "process_mem_util_percent": 8.0}
{"timestamp_unix": 1772437461.3382764, "pid": 87002, "device_index": 0, "gpu_uuid": "GPU-6f954bfd-7081-31b7-f15c-f9a174bf4d7f", "gpu_util_percent": 28.0, "gpu_mem_util_percent": 9.0, "gpu_mem_used_mib": 45107.0, "gpu_mem_total_mib": 49140.0, "gpu_power_w": 102.31, "process_present": true, "process_mem_mib": 44624.0, "process_mem_share_percent": 90.8099308099308, "process_util_available": true, "process_util_backend": "nvml", "process_sm_util_percent": 8.0, "process_mem_util_percent": 1.0}
{"timestamp_unix": 1772437461.6314263, "pid": 87002, "device_index": 0, "gpu_uuid": "GPU-6f954bfd-7081-31b7-f15c-f9a174bf4d7f", "gpu_util_percent": 28.0, "gpu_mem_util_percent": 9.0, "gpu_mem_used_mib": 45107.0, "gpu_mem_total_mib": 49140.0, "gpu_power_w": 101.27, "process_present": true, "process_mem_mib": 44624.0, "process_mem_share_percent": 90.8099308099308, "process_util_available": true, "process_util_backend": "nvml", "process_sm_util_percent": 27.0, "process_mem_util_percent": 8.0}
{"timestamp_unix": 1772437461.9233234, "pid": 87002, "device_index": 0, "gpu_uuid": "GPU-6f954bfd-7081-31b7-f15c-f9a174bf4d7f", "gpu_util_percent": 28.0, "gpu_mem_util_percent": 9.0, "gpu_mem_used_mib": 45107.0, "gpu_mem_total_mib": 49140.0, "gpu_power_w": 101.8, "process_present": true, "process_mem_mib": 44624.0, "process_mem_share_percent": 90.8099308099308, "process_util_available": true, "process_util_backend": "nvml", "process_sm_util_percent": 27.0, "process_mem_util_percent": 8.0}
{"timestamp_unix": 1772437462.2177691, "pid": 87002, "device_index": 0, "gpu_uuid": "GPU-6f954bfd-7081-31b7-f15c-f9a174bf4d7f", "gpu_util_percent": 28.0, "gpu_mem_util_percent": 9.0, "gpu_mem_used_mib": 45109.0, "gpu_mem_total_mib": 49140.0, "gpu_power_w": 101.8, "process_present": true, "process_mem_mib": 44624.0, "process_mem_share_percent": 90.8099308099308, "process_util_available": true, "process_util_backend": "nvml", "process_sm_util_percent": 28.0, "process_mem_util_percent": 9.0}
{"timestamp_unix": 1772437462.5135176, "pid": 87002, "device_index": 0, "gpu_uuid": "GPU-6f954bfd-7081-31b7-f15c-f9a174bf4d7f", "gpu_util_percent": 28.0, "gpu_mem_util_percent": 9.0, "gpu_mem_used_mib": 45109.0, "gpu_mem_total_mib": 49140.0, "gpu_power_w": 104.97, "process_present": true, "process_mem_mib": 44624.0, "process_mem_share_percent": 90.8099308099308, "process_util_available": true, "process_util_backend": "nvml", "process_sm_util_percent": 27.0, "process_mem_util_percent": 9.0}
{"timestamp_unix": 1772437462.8178174, "pid": 87002, "device_index": 0, "gpu_uuid": "GPU-6f954bfd-7081-31b7-f15c-f9a174bf4d7f", "gpu_util_percent": 28.0, "gpu_mem_util_percent": 9.0, "gpu_mem_used_mib": 45109.0, "gpu_mem_total_mib": 49140.0, "gpu_power_w": 104.97, "process_present": true, "process_mem_mib": 44624.0, "process_mem_share_percent": 90.8099308099308, "process_util_available": true, "process_util_backend": "nvml", "process_sm_util_percent": 25.0, "process_mem_util_percent": 9.0}
{"timestamp_unix": 1772437463.1177723, "pid": 87002, "device_index": 0, "gpu_uuid": "GPU-6f954bfd-7081-31b7-f15c-f9a174bf4d7f", "gpu_util_percent": 27.0, "gpu_mem_util_percent": 10.0, "gpu_mem_used_mib": 45109.0, "gpu_mem_total_mib": 49140.0, "gpu_power_w": 106.76, "process_present": true, "process_mem_mib": 44624.0, "process_mem_share_percent": 90.8099308099308, "process_util_available": true, "process_util_backend": "nvml", "process_sm_util_percent": 26.0, "process_mem_util_percent": 9.0}
{"timestamp_unix": 1772437463.4162147, "pid": 87002, "device_index": 0, "gpu_uuid": "GPU-6f954bfd-7081-31b7-f15c-f9a174bf4d7f", "gpu_util_percent": 27.0, "gpu_mem_util_percent": 10.0, "gpu_mem_used_mib": 45109.0, "gpu_mem_total_mib": 49140.0, "gpu_power_w": 106.76, "process_present": true, "process_mem_mib": 44624.0, "process_mem_share_percent": 90.8099308099308, "process_util_available": true, "process_util_backend": "nvml", "process_sm_util_percent": 24.0, "process_mem_util_percent": 9.0}
{"timestamp_unix": 1772437463.722307, "pid": 87002, "device_index": 0, "gpu_uuid": "GPU-6f954bfd-7081-31b7-f15c-f9a174bf4d7f", "gpu_util_percent": 27.0, "gpu_mem_util_percent": 10.0, "gpu_mem_used_mib": 45109.0, "gpu_mem_total_mib": 49140.0, "gpu_power_w": 107.1, "process_present": true, "process_mem_mib": 44624.0, "process_mem_share_percent": 90.8099308099308, "process_util_available": true, "process_util_backend": "nvml", "process_sm_util_percent": 24.0, "process_mem_util_percent": 9.0}
{"timestamp_unix": 1772437464.0157518, "pid": 87002, "device_index": 0, "gpu_uuid": "GPU-6f954bfd-7081-31b7-f15c-f9a174bf4d7f", "gpu_util_percent": 26.0, "gpu_mem_util_percent": 10.0, "gpu_mem_used_mib": 45109.0, "gpu_mem_total_mib": 49140.0, "gpu_power_w": 107.58, "process_present": true, "process_mem_mib": 44624.0, "process_mem_share_percent": 90.8099308099308, "process_util_available": true, "process_util_backend": "nvml", "process_sm_util_percent": 25.0, "process_mem_util_percent": 10.0}
{"timestamp_unix": 1772437464.3042371, "pid": 87002, "device_index": 0, "gpu_uuid": "GPU-6f954bfd-7081-31b7-f15c-f9a174bf4d7f", "gpu_util_percent": 26.0, "gpu_mem_util_percent": 10.0, "gpu_mem_used_mib": 45108.0, "gpu_mem_total_mib": 49140.0, "gpu_power_w": 107.58, "process_present": true, "process_mem_mib": 44624.0, "process_mem_share_percent": 90.8099308099308, "process_util_available": true, "process_util_backend": "nvml", "process_sm_util_percent": null, "process_mem_util_percent": null}
{"timestamp_unix": 1772437464.5942428, "pid": 87002, "device_index": 0, "gpu_uuid": "GPU-6f954bfd-7081-31b7-f15c-f9a174bf4d7f", "gpu_util_percent": 26.0, "gpu_mem_util_percent": 10.0, "gpu_mem_used_mib": 45148.0, "gpu_mem_total_mib": 49140.0, "gpu_power_w": 103.08, "process_present": true, "process_mem_mib": 44664.0, "process_mem_share_percent": 90.8913308913309, "process_util_available": true, "process_util_backend": "nvml", "process_sm_util_percent": 22.0, "process_mem_util_percent": 7.0}
{"timestamp_unix": 1772437464.8872583, "pid": 87002, "device_index": 0, "gpu_uuid": "GPU-6f954bfd-7081-31b7-f15c-f9a174bf4d7f", "gpu_util_percent": 26.0, "gpu_mem_util_percent": 10.0, "gpu_mem_used_mib": 45148.0, "gpu_mem_total_mib": 49140.0, "gpu_power_w": 103.08, "process_present": true, "process_mem_mib": 44664.0, "process_mem_share_percent": 90.8913308913309, "process_util_available": true, "process_util_backend": "nvml", "process_sm_util_percent": 29.0, "process_mem_util_percent": 11.0}
{"timestamp_unix": 1772437465.17498, "pid": 87002, "device_index": 0, "gpu_uuid": "GPU-6f954bfd-7081-31b7-f15c-f9a174bf4d7f", "gpu_util_percent": 31.0, "gpu_mem_util_percent": 12.0, "gpu_mem_used_mib": 45148.0, "gpu_mem_total_mib": 49140.0, "gpu_power_w": 102.17, "process_present": true, "process_mem_mib": 44664.0, "process_mem_share_percent": 90.8913308913309, "process_util_available": true, "process_util_backend": "nvml", "process_sm_util_percent": 29.0, "process_mem_util_percent": 11.0}
{"timestamp_unix": 1772437465.4670422, "pid": 87002, "device_index": 0, "gpu_uuid": "GPU-6f954bfd-7081-31b7-f15c-f9a174bf4d7f", "gpu_util_percent": 31.0, "gpu_mem_util_percent": 12.0, "gpu_mem_used_mib": 45148.0, "gpu_mem_total_mib": 49140.0, "gpu_power_w": 105.42, "process_present": true, "process_mem_mib": 44664.0, "process_mem_share_percent": 90.8913308913309, "process_util_available": true, "process_util_backend": "nvml", "process_sm_util_percent": 29.0, "process_mem_util_percent": 11.0}
{"timestamp_unix": 1772437465.7649198, "pid": 87002, "device_index": 0, "gpu_uuid": "GPU-6f954bfd-7081-31b7-f15c-f9a174bf4d7f", "gpu_util_percent": 31.0, "gpu_mem_util_percent": 12.0, "gpu_mem_used_mib": 45148.0, "gpu_mem_total_mib": 49140.0, "gpu_power_w": 105.42, "process_present": true, "process_mem_mib": 44664.0, "process_mem_share_percent": 90.8913308913309, "process_util_available": true, "process_util_backend": "nvml", "process_sm_util_percent": 30.0, "process_mem_util_percent": 10.0}
{"timestamp_unix": 1772437466.067719, "pid": 87002, "device_index": 0, "gpu_uuid": "GPU-6f954bfd-7081-31b7-f15c-f9a174bf4d7f", "gpu_util_percent": 31.0, "gpu_mem_util_percent": 11.0, "gpu_mem_used_mib": 45148.0, "gpu_mem_total_mib": 49140.0, "gpu_power_w": 108.77, "process_present": true, "process_mem_mib": 44664.0, "process_mem_share_percent": 90.8913308913309, "process_util_available": true, "process_util_backend": "nvml", "process_sm_util_percent": 30.0, "process_mem_util_percent": 11.0}
{"timestamp_unix": 1772437466.3649359, "pid": 87002, "device_index": 0, "gpu_uuid": "GPU-6f954bfd-7081-31b7-f15c-f9a174bf4d7f", "gpu_util_percent": 31.0, "gpu_mem_util_percent": 11.0, "gpu_mem_used_mib": 45148.0, "gpu_mem_total_mib": 49140.0, "gpu_power_w": 108.77, "process_present": true, "process_mem_mib": 44664.0, "process_mem_share_percent": 90.8913308913309, "process_util_available": true, "process_util_backend": "nvml", "process_sm_util_percent": 30.0, "process_mem_util_percent": 10.0}
{"timestamp_unix": 1772437466.6546528, "pid": 87002, "device_index": 0, "gpu_uuid": "GPU-6f954bfd-7081-31b7-f15c-f9a174bf4d7f", "gpu_util_percent": 31.0, "gpu_mem_util_percent": 11.0, "gpu_mem_used_mib": 45148.0, "gpu_mem_total_mib": 49140.0, "gpu_power_w": 108.46, "process_present": true, "process_mem_mib": 44664.0, "process_mem_share_percent": 90.8913308913309, "process_util_available": true, "process_util_backend": "nvml", "process_sm_util_percent": 30.0, "process_mem_util_percent": 10.0}
{"timestamp_unix": 1772437466.9485297, "pid": 87002, "device_index": 0, "gpu_uuid": "GPU-6f954bfd-7081-31b7-f15c-f9a174bf4d7f", "gpu_util_percent": 31.0, "gpu_mem_util_percent": 10.0, "gpu_mem_used_mib": 45148.0, "gpu_mem_total_mib": 49140.0, "gpu_power_w": 108.31, "process_present": true, "process_mem_mib": 44664.0, "process_mem_share_percent": 90.8913308913309, "process_util_available": true, "process_util_backend": "nvml", "process_sm_util_percent": 29.0, "process_mem_util_percent": 10.0}
{"timestamp_unix": 1772437467.2390318, "pid": 87002, "device_index": 0, "gpu_uuid": "GPU-6f954bfd-7081-31b7-f15c-f9a174bf4d7f", "gpu_util_percent": 31.0, "gpu_mem_util_percent": 10.0, "gpu_mem_used_mib": 45148.0, "gpu_mem_total_mib": 49140.0, "gpu_power_w": 108.31, "process_present": true, "process_mem_mib": 44664.0, "process_mem_share_percent": 90.8913308913309, "process_util_available": true, "process_util_backend": "nvml", "process_sm_util_percent": 30.0, "process_mem_util_percent": 10.0}
{"timestamp_unix": 1772437467.5338655, "pid": 87002, "device_index": 0, "gpu_uuid": "GPU-6f954bfd-7081-31b7-f15c-f9a174bf4d7f", "gpu_util_percent": 31.0, "gpu_mem_util_percent": 10.0, "gpu_mem_used_mib": 45148.0, "gpu_mem_total_mib": 49140.0, "gpu_power_w": 108.0, "process_present": true, "process_mem_mib": 44664.0, "process_mem_share_percent": 90.8913308913309, "process_util_available": true, "process_util_backend": "nvml", "process_sm_util_percent": 29.0, "process_mem_util_percent": 10.0}
{"timestamp_unix": 1772437467.8263474, "pid": 87002, "device_index": 0, "gpu_uuid": "GPU-6f954bfd-7081-31b7-f15c-f9a174bf4d7f", "gpu_util_percent": 31.0, "gpu_mem_util_percent": 10.0, "gpu_mem_used_mib": 45148.0, "gpu_mem_total_mib": 49140.0, "gpu_power_w": 108.0, "process_present": true, "process_mem_mib": 44664.0, "process_mem_share_percent": 90.8913308913309, "process_util_available": true, "process_util_backend": "nvml", "process_sm_util_percent": null, "process_mem_util_percent": null}
{"timestamp_unix": 1772437468.1215255, "pid": 87002, "device_index": 0, "gpu_uuid": "GPU-6f954bfd-7081-31b7-f15c-f9a174bf4d7f", "gpu_util_percent": 30.0, "gpu_mem_util_percent": 10.0, "gpu_mem_used_mib": 45148.0, "gpu_mem_total_mib": 49140.0, "gpu_power_w": 107.62, "process_present": true, "process_mem_mib": 44664.0, "process_mem_share_percent": 90.8913308913309, "process_util_available": true, "process_util_backend": "nvml", "process_sm_util_percent": null, "process_mem_util_percent": null}
{"timestamp_unix": 1772437468.4279313, "pid": 87002, "device_index": 0, "gpu_uuid": "GPU-6f954bfd-7081-31b7-f15c-f9a174bf4d7f", "gpu_util_percent": 30.0, "gpu_mem_util_percent": 10.0, "gpu_mem_used_mib": 45148.0, "gpu_mem_total_mib": 49140.0, "gpu_power_w": 107.62, "process_present": true, "process_mem_mib": 44664.0, "process_mem_share_percent": 90.8913308913309, "process_util_available": true, "process_util_backend": "nvml", "process_sm_util_percent": null, "process_mem_util_percent": null}
{"timestamp_unix": 1772437468.73373, "pid": 87002, "device_index": 0, "gpu_uuid": "GPU-6f954bfd-7081-31b7-f15c-f9a174bf4d7f", "gpu_util_percent": 30.0, "gpu_mem_util_percent": 10.0, "gpu_mem_used_mib": 45148.0, "gpu_mem_total_mib": 49140.0, "gpu_power_w": 107.01, "process_present": true, "process_mem_mib": 44664.0, "process_mem_share_percent": 90.8913308913309, "process_util_available": true, "process_util_backend": "nvml", "process_sm_util_percent": 29.0, "process_mem_util_percent": 9.0}
{"timestamp_unix": 1772437469.02437, "pid": 87002, "device_index": 0, "gpu_uuid": "GPU-6f954bfd-7081-31b7-f15c-f9a174bf4d7f", "gpu_util_percent": 30.0, "gpu_mem_util_percent": 10.0, "gpu_mem_used_mib": 45150.0, "gpu_mem_total_mib": 49140.0, "gpu_power_w": 106.58, "process_present": true, "process_mem_mib": 44664.0, "process_mem_share_percent": 90.8913308913309, "process_util_available": true, "process_util_backend": "nvml", "process_sm_util_percent": 29.0, "process_mem_util_percent": 9.0}
{"timestamp_unix": 1772437469.3201, "pid": 87002, "device_index": 0, "gpu_uuid": "GPU-6f954bfd-7081-31b7-f15c-f9a174bf4d7f", "gpu_util_percent": 30.0, "gpu_mem_util_percent": 10.0, "gpu_mem_used_mib": 45150.0, "gpu_mem_total_mib": 49140.0, "gpu_power_w": 106.58, "process_present": true, "process_mem_mib": 44664.0, "process_mem_share_percent": 90.8913308913309, "process_util_available": true, "process_util_backend": "nvml", "process_sm_util_percent": 16.0, "process_mem_util_percent": 4.0}
{"timestamp_unix": 1772437469.610867, "pid": 87002, "device_index": 0, "gpu_uuid": "GPU-6f954bfd-7081-31b7-f15c-f9a174bf4d7f", "gpu_util_percent": 30.0, "gpu_mem_util_percent": 10.0, "gpu_mem_used_mib": 45150.0, "gpu_mem_total_mib": 49140.0, "gpu_power_w": 106.28, "process_present": true, "process_mem_mib": 44664.0, "process_mem_share_percent": 90.8913308913309, "process_util_available": true, "process_util_backend": "nvml", "process_sm_util_percent": 29.0, "process_mem_util_percent": 9.0}
{"timestamp_unix": 1772437469.904217, "pid": 87002, "device_index": 0, "gpu_uuid": "GPU-6f954bfd-7081-31b7-f15c-f9a174bf4d7f", "gpu_util_percent": 30.0, "gpu_mem_util_percent": 10.0, "gpu_mem_used_mib": 45150.0, "gpu_mem_total_mib": 49140.0, "gpu_power_w": 106.28, "process_present": true, "process_mem_mib": 44664.0, "process_mem_share_percent": 90.8913308913309, "process_util_available": true, "process_util_backend": "nvml", "process_sm_util_percent": 29.0, "process_mem_util_percent": 9.0}
{"timestamp_unix": 1772437470.1954715, "pid": 87002, "device_index": 0, "gpu_uuid": "GPU-6f954bfd-7081-31b7-f15c-f9a174bf4d7f", "gpu_util_percent": 29.0, "gpu_mem_util_percent": 9.0, "gpu_mem_used_mib": 45157.0, "gpu_mem_total_mib": 49140.0, "gpu_power_w": 106.12, "process_present": true, "process_mem_mib": 44664.0, "process_mem_share_percent": 90.8913308913309, "process_util_available": true, "process_util_backend": "nvml", "process_sm_util_percent": 31.0, "process_mem_util_percent": 9.0}
{"timestamp_unix": 1772437470.4880195, "pid": 87002, "device_index": 0, "gpu_uuid": "GPU-6f954bfd-7081-31b7-f15c-f9a174bf4d7f", "gpu_util_percent": 29.0, "gpu_mem_util_percent": 9.0, "gpu_mem_used_mib": 46309.0, "gpu_mem_total_mib": 49140.0, "gpu_power_w": 105.25, "process_present": true, "process_mem_mib": 45816.0, "process_mem_share_percent": 93.23565323565323, "process_util_available": true, "process_util_backend": "nvml", "process_sm_util_percent": 12.0, "process_mem_util_percent": 3.0}
{"timestamp_unix": 1772437470.7845433, "pid": 87002, "device_index": 0, "gpu_uuid": "GPU-6f954bfd-7081-31b7-f15c-f9a174bf4d7f", "gpu_util_percent": 29.0, "gpu_mem_util_percent": 9.0, "gpu_mem_used_mib": 46309.0, "gpu_mem_total_mib": 49140.0, "gpu_power_w": 105.25, "process_present": true, "process_mem_mib": 45816.0, "process_mem_share_percent": 93.23565323565323, "process_util_available": true, "process_util_backend": "nvml", "process_sm_util_percent": 28.0, "process_mem_util_percent": 9.0}
{"timestamp_unix": 1772437471.0829108, "pid": 87002, "device_index": 0, "gpu_uuid": "GPU-6f954bfd-7081-31b7-f15c-f9a174bf4d7f", "gpu_util_percent": 28.0, "gpu_mem_util_percent": 9.0, "gpu_mem_used_mib": 46309.0, "gpu_mem_total_mib": 49140.0, "gpu_power_w": 104.17, "process_present": true, "process_mem_mib": 45816.0, "process_mem_share_percent": 93.23565323565323, "process_util_available": true, "process_util_backend": "nvml", "process_sm_util_percent": 28.0, "process_mem_util_percent": 9.0}
{"timestamp_unix": 1772437471.3958583, "pid": 87002, "device_index": 0, "gpu_uuid": "GPU-6f954bfd-7081-31b7-f15c-f9a174bf4d7f", "gpu_util_percent": 28.0, "gpu_mem_util_percent": 9.0, "gpu_mem_used_mib": 46309.0, "gpu_mem_total_mib": 49140.0, "gpu_power_w": 104.17, "process_present": true, "process_mem_mib": 45816.0, "process_mem_share_percent": 93.23565323565323, "process_util_available": true, "process_util_backend": "nvml", "process_sm_util_percent": null, "process_mem_util_percent": null}
{"timestamp_unix": 1772437471.6880462, "pid": 87002, "device_index": 0, "gpu_uuid": "GPU-6f954bfd-7081-31b7-f15c-f9a174bf4d7f", "gpu_util_percent": 28.0, "gpu_mem_util_percent": 9.0, "gpu_mem_used_mib": 46309.0, "gpu_mem_total_mib": 49140.0, "gpu_power_w": 104.27, "process_present": true, "process_mem_mib": 45816.0, "process_mem_share_percent": 93.23565323565323, "process_util_available": true, "process_util_backend": "nvml", "process_sm_util_percent": 15.0, "process_mem_util_percent": 4.0}
{"timestamp_unix": 1772437471.9842596, "pid": 87002, "device_index": 0, "gpu_uuid": "GPU-6f954bfd-7081-31b7-f15c-f9a174bf4d7f", "gpu_util_percent": 29.0, "gpu_mem_util_percent": 10.0, "gpu_mem_used_mib": 46309.0, "gpu_mem_total_mib": 49140.0, "gpu_power_w": 107.08, "process_present": true, "process_mem_mib": 45816.0, "process_mem_share_percent": 93.23565323565323, "process_util_available": true, "process_util_backend": "nvml", "process_sm_util_percent": 29.0, "process_mem_util_percent": 9.0}
{"timestamp_unix": 1772437472.2768674, "pid": 87002, "device_index": 0, "gpu_uuid": "GPU-6f954bfd-7081-31b7-f15c-f9a174bf4d7f", "gpu_util_percent": 29.0, "gpu_mem_util_percent": 10.0, "gpu_mem_used_mib": 46308.0, "gpu_mem_total_mib": 49140.0, "gpu_power_w": 107.08, "process_present": true, "process_mem_mib": 45816.0, "process_mem_share_percent": 93.23565323565323, "process_util_available": true, "process_util_backend": "nvml", "process_sm_util_percent": 29.0, "process_mem_util_percent": 10.0}
{"timestamp_unix": 1772437472.571099, "pid": 87002, "device_index": 0, "gpu_uuid": "GPU-6f954bfd-7081-31b7-f15c-f9a174bf4d7f", "gpu_util_percent": 29.0, "gpu_mem_util_percent": 10.0, "gpu_mem_used_mib": 46308.0, "gpu_mem_total_mib": 49140.0, "gpu_power_w": 108.19, "process_present": true, "process_mem_mib": 45816.0, "process_mem_share_percent": 93.23565323565323, "process_util_available": true, "process_util_backend": "nvml", "process_sm_util_percent": 29.0, "process_mem_util_percent": 10.0}
{"timestamp_unix": 1772437472.862366, "pid": 87002, "device_index": 0, "gpu_uuid": "GPU-6f954bfd-7081-31b7-f15c-f9a174bf4d7f", "gpu_util_percent": 29.0, "gpu_mem_util_percent": 10.0, "gpu_mem_used_mib": 46308.0, "gpu_mem_total_mib": 49140.0, "gpu_power_w": 108.19, "process_present": true, "process_mem_mib": 45816.0, "process_mem_share_percent": 93.23565323565323, "process_util_available": true, "process_util_backend": "nvml", "process_sm_util_percent": 29.0, "process_mem_util_percent": 10.0}
{"timestamp_unix": 1772437473.1560934, "pid": 87002, "device_index": 0, "gpu_uuid": "GPU-6f954bfd-7081-31b7-f15c-f9a174bf4d7f", "gpu_util_percent": 29.0, "gpu_mem_util_percent": 10.0, "gpu_mem_used_mib": 46312.0, "gpu_mem_total_mib": 49140.0, "gpu_power_w": 108.89, "process_present": true, "process_mem_mib": 45816.0, "process_mem_share_percent": 93.23565323565323, "process_util_available": true, "process_util_backend": "nvml", "process_sm_util_percent": 31.0, "process_mem_util_percent": 10.0}
{"timestamp_unix": 1772437473.4633656, "pid": 87002, "device_index": 0, "gpu_uuid": "GPU-6f954bfd-7081-31b7-f15c-f9a174bf4d7f", "gpu_util_percent": 29.0, "gpu_mem_util_percent": 10.0, "gpu_mem_used_mib": 46312.0, "gpu_mem_total_mib": 49140.0, "gpu_power_w": 109.44, "process_present": true, "process_mem_mib": 45816.0, "process_mem_share_percent": 93.23565323565323, "process_util_available": true, "process_util_backend": "nvml", "process_sm_util_percent": 30.0, "process_mem_util_percent": 10.0}
{"timestamp_unix": 1772437473.7664485, "pid": 87002, "device_index": 0, "gpu_uuid": "GPU-6f954bfd-7081-31b7-f15c-f9a174bf4d7f", "gpu_util_percent": 29.0, "gpu_mem_util_percent": 10.0, "gpu_mem_used_mib": 46312.0, "gpu_mem_total_mib": 49140.0, "gpu_power_w": 109.44, "process_present": true, "process_mem_mib": 45816.0, "process_mem_share_percent": 93.23565323565323, "process_util_available": true, "process_util_backend": "nvml", "process_sm_util_percent": 30.0, "process_mem_util_percent": 10.0}
{"timestamp_unix": 1772437474.0673654, "pid": 87002, "device_index": 0, "gpu_uuid": "GPU-6f954bfd-7081-31b7-f15c-f9a174bf4d7f", "gpu_util_percent": 30.0, "gpu_mem_util_percent": 11.0, "gpu_mem_used_mib": 46312.0, "gpu_mem_total_mib": 49140.0, "gpu_power_w": 110.2, "process_present": true, "process_mem_mib": 45816.0, "process_mem_share_percent": 93.23565323565323, "process_util_available": true, "process_util_backend": "nvml", "process_sm_util_percent": 30.0, "process_mem_util_percent": 10.0}
{"timestamp_unix": 1772437474.3593533, "pid": 87002, "device_index": 0, "gpu_uuid": "GPU-6f954bfd-7081-31b7-f15c-f9a174bf4d7f", "gpu_util_percent": 30.0, "gpu_mem_util_percent": 11.0, "gpu_mem_used_mib": 46312.0, "gpu_mem_total_mib": 49140.0, "gpu_power_w": 110.2, "process_present": true, "process_mem_mib": 45816.0, "process_mem_share_percent": 93.23565323565323, "process_util_available": true, "process_util_backend": "nvml", "process_sm_util_percent": 16.0, "process_mem_util_percent": 5.0}
{"timestamp_unix": 1772437474.6504757, "pid": 87002, "device_index": 0, "gpu_uuid": "GPU-6f954bfd-7081-31b7-f15c-f9a174bf4d7f", "gpu_util_percent": 30.0, "gpu_mem_util_percent": 11.0, "gpu_mem_used_mib": 46408.0, "gpu_mem_total_mib": 49140.0, "gpu_power_w": 109.83, "process_present": true, "process_mem_mib": 45912.0, "process_mem_share_percent": 93.43101343101343, "process_util_available": true, "process_util_backend": "nvml", "process_sm_util_percent": null, "process_mem_util_percent": null}
{"timestamp_unix": 1772437474.9423404, "pid": 87002, "device_index": 0, "gpu_uuid": "GPU-6f954bfd-7081-31b7-f15c-f9a174bf4d7f", "gpu_util_percent": 31.0, "gpu_mem_util_percent": 12.0, "gpu_mem_used_mib": 46408.0, "gpu_mem_total_mib": 49140.0, "gpu_power_w": 104.07, "process_present": true, "process_mem_mib": 45912.0, "process_mem_share_percent": 93.43101343101343, "process_util_available": true, "process_util_backend": "nvml", "process_sm_util_percent": 27.0, "process_mem_util_percent": 10.0}
{"timestamp_unix": 1772437475.2344928, "pid": 87002, "device_index": 0, "gpu_uuid": "GPU-6f954bfd-7081-31b7-f15c-f9a174bf4d7f", "gpu_util_percent": 31.0, "gpu_mem_util_percent": 12.0, "gpu_mem_used_mib": 46408.0, "gpu_mem_total_mib": 49140.0, "gpu_power_w": 104.07, "process_present": true, "process_mem_mib": 45912.0, "process_mem_share_percent": 93.43101343101343, "process_util_available": true, "process_util_backend": "nvml", "process_sm_util_percent": 31.0, "process_mem_util_percent": 12.0}
{"timestamp_unix": 1772437475.5255642, "pid": 87002, "device_index": 0, "gpu_uuid": "GPU-6f954bfd-7081-31b7-f15c-f9a174bf4d7f", "gpu_util_percent": 31.0, "gpu_mem_util_percent": 12.0, "gpu_mem_used_mib": 46408.0, "gpu_mem_total_mib": 49140.0, "gpu_power_w": 104.14, "process_present": true, "process_mem_mib": 45912.0, "process_mem_share_percent": 93.43101343101343, "process_util_available": true, "process_util_backend": "nvml", "process_sm_util_percent": 31.0, "process_mem_util_percent": 12.0}
{"timestamp_unix": 1772437475.8251197, "pid": 87002, "device_index": 0, "gpu_uuid": "GPU-6f954bfd-7081-31b7-f15c-f9a174bf4d7f", "gpu_util_percent": 31.0, "gpu_mem_util_percent": 12.0, "gpu_mem_used_mib": 46408.0, "gpu_mem_total_mib": 49140.0, "gpu_power_w": 104.14, "process_present": true, "process_mem_mib": 45912.0, "process_mem_share_percent": 93.43101343101343, "process_util_available": true, "process_util_backend": "nvml", "process_sm_util_percent": 30.0, "process_mem_util_percent": 12.0}
{"timestamp_unix": 1772437476.133412, "pid": 87002, "device_index": 0, "gpu_uuid": "GPU-6f954bfd-7081-31b7-f15c-f9a174bf4d7f", "gpu_util_percent": 31.0, "gpu_mem_util_percent": 12.0, "gpu_mem_used_mib": 46410.0, "gpu_mem_total_mib": 49140.0, "gpu_power_w": 111.31, "process_present": true, "process_mem_mib": 45912.0, "process_mem_share_percent": 93.43101343101343, "process_util_available": true, "process_util_backend": "nvml", "process_sm_util_percent": 31.0, "process_mem_util_percent": 11.0}
{"timestamp_unix": 1772437476.43432, "pid": 87002, "device_index": 0, "gpu_uuid": "GPU-6f954bfd-7081-31b7-f15c-f9a174bf4d7f", "gpu_util_percent": 31.0, "gpu_mem_util_percent": 12.0, "gpu_mem_used_mib": 46410.0, "gpu_mem_total_mib": 49140.0, "gpu_power_w": 110.65, "process_present": true, "process_mem_mib": 45912.0, "process_mem_share_percent": 93.43101343101343, "process_util_available": true, "process_util_backend": "nvml", "process_sm_util_percent": 30.0, "process_mem_util_percent": 12.0}
{"timestamp_unix": 1772437476.734118, "pid": 87002, "device_index": 0, "gpu_uuid": "GPU-6f954bfd-7081-31b7-f15c-f9a174bf4d7f", "gpu_util_percent": 31.0, "gpu_mem_util_percent": 12.0, "gpu_mem_used_mib": 46410.0, "gpu_mem_total_mib": 49140.0, "gpu_power_w": 110.65, "process_present": true, "process_mem_mib": 45912.0, "process_mem_share_percent": 93.43101343101343, "process_util_available": true, "process_util_backend": "nvml", "process_sm_util_percent": 30.0, "process_mem_util_percent": 11.0}
{"timestamp_unix": 1772437477.0249777, "pid": 87002, "device_index": 0, "gpu_uuid": "GPU-6f954bfd-7081-31b7-f15c-f9a174bf4d7f", "gpu_util_percent": 31.0, "gpu_mem_util_percent": 12.0, "gpu_mem_used_mib": 46410.0, "gpu_mem_total_mib": 49140.0, "gpu_power_w": 110.43, "process_present": true, "process_mem_mib": 45912.0, "process_mem_share_percent": 93.43101343101343, "process_util_available": true, "process_util_backend": "nvml", "process_sm_util_percent": 30.0, "process_mem_util_percent": 12.0}
{"timestamp_unix": 1772437477.3167813, "pid": 87002, "device_index": 0, "gpu_uuid": "GPU-6f954bfd-7081-31b7-f15c-f9a174bf4d7f", "gpu_util_percent": 31.0, "gpu_mem_util_percent": 12.0, "gpu_mem_used_mib": 46410.0, "gpu_mem_total_mib": 49140.0, "gpu_power_w": 110.43, "process_present": true, "process_mem_mib": 45912.0, "process_mem_share_percent": 93.43101343101343, "process_util_available": true, "process_util_backend": "nvml", "process_sm_util_percent": 31.0, "process_mem_util_percent": 11.0}
{"timestamp_unix": 1772437477.6054385, "pid": 87002, "device_index": 0, "gpu_uuid": "GPU-6f954bfd-7081-31b7-f15c-f9a174bf4d7f", "gpu_util_percent": 31.0, "gpu_mem_util_percent": 12.0, "gpu_mem_used_mib": 46410.0, "gpu_mem_total_mib": 49140.0, "gpu_power_w": 110.5, "process_present": true, "process_mem_mib": 45912.0, "process_mem_share_percent": 93.43101343101343, "process_util_available": true, "process_util_backend": "nvml", "process_sm_util_percent": 30.0, "process_mem_util_percent": 11.0}
{"timestamp_unix": 1772437477.9004855, "pid": 87002, "device_index": 0, "gpu_uuid": "GPU-6f954bfd-7081-31b7-f15c-f9a174bf4d7f", "gpu_util_percent": 31.0, "gpu_mem_util_percent": 12.0, "gpu_mem_used_mib": 46410.0, "gpu_mem_total_mib": 49140.0, "gpu_power_w": 110.5, "process_present": true, "process_mem_mib": 45912.0, "process_mem_share_percent": 93.43101343101343, "process_util_available": true, "process_util_backend": "nvml", "process_sm_util_percent": 30.0, "process_mem_util_percent": 11.0}
{"timestamp_unix": 1772437478.1920865, "pid": 87002, "device_index": 0, "gpu_uuid": "GPU-6f954bfd-7081-31b7-f15c-f9a174bf4d7f", "gpu_util_percent": 30.0, "gpu_mem_util_percent": 11.0, "gpu_mem_used_mib": 46406.0, "gpu_mem_total_mib": 49140.0, "gpu_power_w": 110.23, "process_present": true, "process_mem_mib": 45912.0, "process_mem_share_percent": 93.43101343101343, "process_util_available": true, "process_util_backend": "nvml", "process_sm_util_percent": 31.0, "process_mem_util_percent": 11.0}
{"timestamp_unix": 1772437478.4859152, "pid": 87002, "device_index": 0, "gpu_uuid": "GPU-6f954bfd-7081-31b7-f15c-f9a174bf4d7f", "gpu_util_percent": 30.0, "gpu_mem_util_percent": 11.0, "gpu_mem_used_mib": 46405.0, "gpu_mem_total_mib": 49140.0, "gpu_power_w": 109.71, "process_present": true, "process_mem_mib": 45912.0, "process_mem_share_percent": 93.43101343101343, "process_util_available": true, "process_util_backend": "nvml", "process_sm_util_percent": 30.0, "process_mem_util_percent": 10.0}
{"timestamp_unix": 1772437478.7870183, "pid": 87002, "device_index": 0, "gpu_uuid": "GPU-6f954bfd-7081-31b7-f15c-f9a174bf4d7f", "gpu_util_percent": 30.0, "gpu_mem_util_percent": 11.0, "gpu_mem_used_mib": 46405.0, "gpu_mem_total_mib": 49140.0, "gpu_power_w": 109.71, "process_present": true, "process_mem_mib": 45912.0, "process_mem_share_percent": 93.43101343101343, "process_util_available": true, "process_util_backend": "nvml", "process_sm_util_percent": 30.0, "process_mem_util_percent": 11.0}
{"timestamp_unix": 1772437479.1028388, "pid": 87002, "device_index": 0, "gpu_uuid": "GPU-6f954bfd-7081-31b7-f15c-f9a174bf4d7f", "gpu_util_percent": 31.0, "gpu_mem_util_percent": 11.0, "gpu_mem_used_mib": 46405.0, "gpu_mem_total_mib": 49140.0, "gpu_power_w": 109.07, "process_present": true, "process_mem_mib": 45912.0, "process_mem_share_percent": 93.43101343101343, "process_util_available": true, "process_util_backend": "nvml", "process_sm_util_percent": 30.0, "process_mem_util_percent": 10.0}
{"timestamp_unix": 1772437479.40948, "pid": 87002, "device_index": 0, "gpu_uuid": "GPU-6f954bfd-7081-31b7-f15c-f9a174bf4d7f", "gpu_util_percent": 31.0, "gpu_mem_util_percent": 11.0, "gpu_mem_used_mib": 46405.0, "gpu_mem_total_mib": 49140.0, "gpu_power_w": 109.07, "process_present": true, "process_mem_mib": 45912.0, "process_mem_share_percent": 93.43101343101343, "process_util_available": true, "process_util_backend": "nvml", "process_sm_util_percent": 30.0, "process_mem_util_percent": 11.0}
{"timestamp_unix": 1772437479.7039268, "pid": 87002, "device_index": 0, "gpu_uuid": "GPU-6f954bfd-7081-31b7-f15c-f9a174bf4d7f", "gpu_util_percent": 31.0, "gpu_mem_util_percent": 11.0, "gpu_mem_used_mib": 46406.0, "gpu_mem_total_mib": 49140.0, "gpu_power_w": 108.74, "process_present": true, "process_mem_mib": 45912.0, "process_mem_share_percent": 93.43101343101343, "process_util_available": true, "process_util_backend": "nvml", "process_sm_util_percent": 29.0, "process_mem_util_percent": 10.0}
{"timestamp_unix": 1772437479.9949408, "pid": 87002, "device_index": 0, "gpu_uuid": "GPU-6f954bfd-7081-31b7-f15c-f9a174bf4d7f", "gpu_util_percent": 30.0, "gpu_mem_util_percent": 11.0, "gpu_mem_used_mib": 46406.0, "gpu_mem_total_mib": 49140.0, "gpu_power_w": 108.37, "process_present": true, "process_mem_mib": 45912.0, "process_mem_share_percent": 93.43101343101343, "process_util_available": true, "process_util_backend": "nvml", "process_sm_util_percent": 29.0, "process_mem_util_percent": 10.0}
{"timestamp_unix": 1772437480.287383, "pid": 87002, "device_index": 0, "gpu_uuid": "GPU-6f954bfd-7081-31b7-f15c-f9a174bf4d7f", "gpu_util_percent": 30.0, "gpu_mem_util_percent": 11.0, "gpu_mem_used_mib": 46406.0, "gpu_mem_total_mib": 49140.0, "gpu_power_w": 108.37, "process_present": true, "process_mem_mib": 45912.0, "process_mem_share_percent": 93.43101343101343, "process_util_available": true, "process_util_backend": "nvml", "process_sm_util_percent": 30.0, "process_mem_util_percent": 10.0}
{"timestamp_unix": 1772437480.577756, "pid": 87002, "device_index": 0, "gpu_uuid": "GPU-6f954bfd-7081-31b7-f15c-f9a174bf4d7f", "gpu_util_percent": 30.0, "gpu_mem_util_percent": 11.0, "gpu_mem_used_mib": 46406.0, "gpu_mem_total_mib": 49140.0, "gpu_power_w": 108.3, "process_present": true, "process_mem_mib": 46024.0, "process_mem_share_percent": 93.65893365893366, "process_util_available": true, "process_util_backend": "nvml", "process_sm_util_percent": null, "process_mem_util_percent": null}
{"timestamp_unix": 1772437480.8714948, "pid": 87002, "device_index": 0, "gpu_uuid": "GPU-6f954bfd-7081-31b7-f15c-f9a174bf4d7f", "gpu_util_percent": 30.0, "gpu_mem_util_percent": 11.0, "gpu_mem_used_mib": 47750.0, "gpu_mem_total_mib": 49140.0, "gpu_power_w": 108.3, "process_present": true, "process_mem_mib": 47256.0, "process_mem_share_percent": 96.16605616605617, "process_util_available": true, "process_util_backend": "nvml", "process_sm_util_percent": 22.0, "process_mem_util_percent": 7.0}
{"timestamp_unix": 1772437481.1645007, "pid": 87002, "device_index": 0, "gpu_uuid": "GPU-6f954bfd-7081-31b7-f15c-f9a174bf4d7f", "gpu_util_percent": 29.0, "gpu_mem_util_percent": 10.0, "gpu_mem_used_mib": 47750.0, "gpu_mem_total_mib": 49140.0, "gpu_power_w": 106.26, "process_present": true, "process_mem_mib": 47256.0, "process_mem_share_percent": 96.16605616605617, "process_util_available": true, "process_util_backend": "nvml", "process_sm_util_percent": 28.0, "process_mem_util_percent": 9.0}
{"timestamp_unix": 1772437481.467647, "pid": 87002, "device_index": 0, "gpu_uuid": "GPU-6f954bfd-7081-31b7-f15c-f9a174bf4d7f", "gpu_util_percent": 29.0, "gpu_mem_util_percent": 10.0, "gpu_mem_used_mib": 47749.0, "gpu_mem_total_mib": 49140.0, "gpu_power_w": 106.54, "process_present": true, "process_mem_mib": 47256.0, "process_mem_share_percent": 96.16605616605617, "process_util_available": true, "process_util_backend": "nvml", "process_sm_util_percent": 28.0, "process_mem_util_percent": 10.0}
{"timestamp_unix": 1772437481.7698998, "pid": 87002, "device_index": 0, "gpu_uuid": "GPU-6f954bfd-7081-31b7-f15c-f9a174bf4d7f", "gpu_util_percent": 29.0, "gpu_mem_util_percent": 10.0, "gpu_mem_used_mib": 47749.0, "gpu_mem_total_mib": 49140.0, "gpu_power_w": 106.54, "process_present": true, "process_mem_mib": 47256.0, "process_mem_share_percent": 96.16605616605617, "process_util_available": true, "process_util_backend": "nvml", "process_sm_util_percent": 28.0, "process_mem_util_percent": 10.0}
{"timestamp_unix": 1772437482.0798323, "pid": 87002, "device_index": 0, "gpu_uuid": "GPU-6f954bfd-7081-31b7-f15c-f9a174bf4d7f", "gpu_util_percent": 29.0, "gpu_mem_util_percent": 10.0, "gpu_mem_used_mib": 47749.0, "gpu_mem_total_mib": 49140.0, "gpu_power_w": 109.18, "process_present": true, "process_mem_mib": 47256.0, "process_mem_share_percent": 96.16605616605617, "process_util_available": true, "process_util_backend": "nvml", "process_sm_util_percent": 28.0, "process_mem_util_percent": 10.0}
{"timestamp_unix": 1772437482.3717558, "pid": 87002, "device_index": 0, "gpu_uuid": "GPU-6f954bfd-7081-31b7-f15c-f9a174bf4d7f", "gpu_util_percent": 29.0, "gpu_mem_util_percent": 10.0, "gpu_mem_used_mib": 47749.0, "gpu_mem_total_mib": 49140.0, "gpu_power_w": 109.18, "process_present": true, "process_mem_mib": 47256.0, "process_mem_share_percent": 96.16605616605617, "process_util_available": true, "process_util_backend": "nvml", "process_sm_util_percent": 29.0, "process_mem_util_percent": 10.0}
{"timestamp_unix": 1772437482.6701496, "pid": 87002, "device_index": 0, "gpu_uuid": "GPU-6f954bfd-7081-31b7-f15c-f9a174bf4d7f", "gpu_util_percent": 29.0, "gpu_mem_util_percent": 10.0, "gpu_mem_used_mib": 47749.0, "gpu_mem_total_mib": 49140.0, "gpu_power_w": 110.19, "process_present": true, "process_mem_mib": 47256.0, "process_mem_share_percent": 96.16605616605617, "process_util_available": true, "process_util_backend": "nvml", "process_sm_util_percent": 28.0, "process_mem_util_percent": 10.0}
{"timestamp_unix": 1772437482.9616623, "pid": 87002, "device_index": 0, "gpu_uuid": "GPU-6f954bfd-7081-31b7-f15c-f9a174bf4d7f", "gpu_util_percent": 30.0, "gpu_mem_util_percent": 11.0, "gpu_mem_used_mib": 47749.0, "gpu_mem_total_mib": 49140.0, "gpu_power_w": 110.62, "process_present": true, "process_mem_mib": 47256.0, "process_mem_share_percent": 96.16605616605617, "process_util_available": true, "process_util_backend": "nvml", "process_sm_util_percent": 28.0, "process_mem_util_percent": 10.0}
{"timestamp_unix": 1772437483.2549138, "pid": 87002, "device_index": 0, "gpu_uuid": "GPU-6f954bfd-7081-31b7-f15c-f9a174bf4d7f", "gpu_util_percent": 30.0, "gpu_mem_util_percent": 11.0, "gpu_mem_used_mib": 47753.0, "gpu_mem_total_mib": 49140.0, "gpu_power_w": 110.62, "process_present": true, "process_mem_mib": 47256.0, "process_mem_share_percent": 96.16605616605617, "process_util_available": true, "process_util_backend": "nvml", "process_sm_util_percent": null, "process_mem_util_percent": null}
{"timestamp_unix": 1772437483.5480137, "pid": 87002, "device_index": 0, "gpu_uuid": "GPU-6f954bfd-7081-31b7-f15c-f9a174bf4d7f", "gpu_util_percent": 30.0, "gpu_mem_util_percent": 11.0, "gpu_mem_used_mib": 47753.0, "gpu_mem_total_mib": 49140.0, "gpu_power_w": 110.51, "process_present": true, "process_mem_mib": 47256.0, "process_mem_share_percent": 96.16605616605617, "process_util_available": true, "process_util_backend": "nvml", "process_sm_util_percent": 29.0, "process_mem_util_percent": 11.0}
{"timestamp_unix": 1772437483.8453913, "pid": 87002, "device_index": 0, "gpu_uuid": "GPU-6f954bfd-7081-31b7-f15c-f9a174bf4d7f", "gpu_util_percent": 30.0, "gpu_mem_util_percent": 11.0, "gpu_mem_used_mib": 47753.0, "gpu_mem_total_mib": 49140.0, "gpu_power_w": 110.51, "process_present": true, "process_mem_mib": 47256.0, "process_mem_share_percent": 96.16605616605617, "process_util_available": true, "process_util_backend": "nvml", "process_sm_util_percent": 28.0, "process_mem_util_percent": 11.0}
{"timestamp_unix": 1772437484.147102, "pid": 87002, "device_index": 0, "gpu_uuid": "GPU-6f954bfd-7081-31b7-f15c-f9a174bf4d7f", "gpu_util_percent": 30.0, "gpu_mem_util_percent": 12.0, "gpu_mem_used_mib": 47753.0, "gpu_mem_total_mib": 49140.0, "gpu_power_w": 111.29, "process_present": true, "process_mem_mib": 47256.0, "process_mem_share_percent": 96.16605616605617, "process_util_available": true, "process_util_backend": "nvml", "process_sm_util_percent": 29.0, "process_mem_util_percent": 11.0}
{"timestamp_unix": 1772437484.4512136, "pid": 87002, "device_index": 0, "gpu_uuid": "GPU-6f954bfd-7081-31b7-f15c-f9a174bf4d7f", "gpu_util_percent": 30.0, "gpu_mem_util_percent": 12.0, "gpu_mem_used_mib": 47753.0, "gpu_mem_total_mib": 49140.0, "gpu_power_w": 112.33, "process_present": true, "process_mem_mib": 47256.0, "process_mem_share_percent": 96.16605616605617, "process_util_available": true, "process_util_backend": "nvml", "process_sm_util_percent": 27.0, "process_mem_util_percent": 11.0}
{"timestamp_unix": 1772437484.7613719, "pid": 87002, "device_index": 0, "gpu_uuid": "GPU-6f954bfd-7081-31b7-f15c-f9a174bf4d7f", "gpu_util_percent": 30.0, "gpu_mem_util_percent": 12.0, "gpu_mem_used_mib": 47753.0, "gpu_mem_total_mib": 49140.0, "gpu_power_w": 112.33, "process_present": true, "process_mem_mib": 47256.0, "process_mem_share_percent": 96.16605616605617, "process_util_available": true, "process_util_backend": "nvml", "process_sm_util_percent": null, "process_mem_util_percent": null}
{"timestamp_unix": 1772437485.0707436, "pid": 87002, "device_index": 0, "gpu_uuid": "GPU-6f954bfd-7081-31b7-f15c-f9a174bf4d7f", "gpu_util_percent": 12.0, "gpu_mem_util_percent": 1.0, "gpu_mem_used_mib": 47865.0, "gpu_mem_total_mib": 49140.0, "gpu_power_w": 105.03, "process_present": true, "process_mem_mib": 47368.0, "process_mem_share_percent": 96.3939763939764, "process_util_available": true, "process_util_backend": "nvml", "process_sm_util_percent": 18.0, "process_mem_util_percent": 6.0}
{"timestamp_unix": 1772437485.3686817, "pid": 87002, "device_index": 0, "gpu_uuid": "GPU-6f954bfd-7081-31b7-f15c-f9a174bf4d7f", "gpu_util_percent": 12.0, "gpu_mem_util_percent": 1.0, "gpu_mem_used_mib": 47865.0, "gpu_mem_total_mib": 49140.0, "gpu_power_w": 105.03, "process_present": true, "process_mem_mib": 47368.0, "process_mem_share_percent": 96.3939763939764, "process_util_available": true, "process_util_backend": "nvml", "process_sm_util_percent": 15.0, "process_mem_util_percent": 7.0}
{"timestamp_unix": 1772437485.6586554, "pid": 87002, "device_index": 0, "gpu_uuid": "GPU-6f954bfd-7081-31b7-f15c-f9a174bf4d7f", "gpu_util_percent": 12.0, "gpu_mem_util_percent": 1.0, "gpu_mem_used_mib": 47865.0, "gpu_mem_total_mib": 49140.0, "gpu_power_w": 105.33, "process_present": true, "process_mem_mib": 47368.0, "process_mem_share_percent": 96.3939763939764, "process_util_available": true, "process_util_backend": "nvml", "process_sm_util_percent": null, "process_mem_util_percent": null}
{"timestamp_unix": 1772437485.9511628, "pid": 87002, "device_index": 0, "gpu_uuid": "GPU-6f954bfd-7081-31b7-f15c-f9a174bf4d7f", "gpu_util_percent": 29.0, "gpu_mem_util_percent": 14.0, "gpu_mem_used_mib": 47865.0, "gpu_mem_total_mib": 49140.0, "gpu_power_w": 110.95, "process_present": true, "process_mem_mib": 47368.0, "process_mem_share_percent": 96.3939763939764, "process_util_available": true, "process_util_backend": "nvml", "process_sm_util_percent": 15.0, "process_mem_util_percent": 6.0}
{"timestamp_unix": 1772437486.241706, "pid": 87002, "device_index": 0, "gpu_uuid": "GPU-6f954bfd-7081-31b7-f15c-f9a174bf4d7f", "gpu_util_percent": 29.0, "gpu_mem_util_percent": 14.0, "gpu_mem_used_mib": 47865.0, "gpu_mem_total_mib": 49140.0, "gpu_power_w": 110.95, "process_present": true, "process_mem_mib": 47368.0, "process_mem_share_percent": 96.3939763939764, "process_util_available": true, "process_util_backend": "nvml", "process_sm_util_percent": null, "process_mem_util_percent": null}
{"timestamp_unix": 1772437486.5375445, "pid": 87002, "device_index": 0, "gpu_uuid": "GPU-6f954bfd-7081-31b7-f15c-f9a174bf4d7f", "gpu_util_percent": 29.0, "gpu_mem_util_percent": 14.0, "gpu_mem_used_mib": 47865.0, "gpu_mem_total_mib": 49140.0, "gpu_power_w": 113.15, "process_present": true, "process_mem_mib": 47368.0, "process_mem_share_percent": 96.3939763939764, "process_util_available": true, "process_util_backend": "nvml", "process_sm_util_percent": null, "process_mem_util_percent": null}
{"timestamp_unix": 1772437486.828554, "pid": 87002, "device_index": 0, "gpu_uuid": "GPU-6f954bfd-7081-31b7-f15c-f9a174bf4d7f", "gpu_util_percent": 29.0, "gpu_mem_util_percent": 14.0, "gpu_mem_used_mib": 47865.0, "gpu_mem_total_mib": 49140.0, "gpu_power_w": 113.15, "process_present": true, "process_mem_mib": 47368.0, "process_mem_share_percent": 96.3939763939764, "process_util_available": true, "process_util_backend": "nvml", "process_sm_util_percent": null, "process_mem_util_percent": null}
{"timestamp_unix": 1772437487.1320314, "pid": 87002, "device_index": 0, "gpu_uuid": "GPU-6f954bfd-7081-31b7-f15c-f9a174bf4d7f", "gpu_util_percent": 30.0, "gpu_mem_util_percent": 12.0, "gpu_mem_used_mib": 47865.0, "gpu_mem_total_mib": 49140.0, "gpu_power_w": 112.57, "process_present": true, "process_mem_mib": 47368.0, "process_mem_share_percent": 96.3939763939764, "process_util_available": true, "process_util_backend": "nvml", "process_sm_util_percent": 15.0, "process_mem_util_percent": 6.0}
{"timestamp_unix": 1772437487.4339976, "pid": 87002, "device_index": 0, "gpu_uuid": "GPU-6f954bfd-7081-31b7-f15c-f9a174bf4d7f", "gpu_util_percent": 30.0, "gpu_mem_util_percent": 12.0, "gpu_mem_used_mib": 47865.0, "gpu_mem_total_mib": 49140.0, "gpu_power_w": 111.81, "process_present": true, "process_mem_mib": 47368.0, "process_mem_share_percent": 96.3939763939764, "process_util_available": true, "process_util_backend": "nvml", "process_sm_util_percent": 31.0, "process_mem_util_percent": 12.0}
{"timestamp_unix": 1772437487.7385807, "pid": 87002, "device_index": 0, "gpu_uuid": "GPU-6f954bfd-7081-31b7-f15c-f9a174bf4d7f", "gpu_util_percent": 30.0, "gpu_mem_util_percent": 12.0, "gpu_mem_used_mib": 47865.0, "gpu_mem_total_mib": 49140.0, "gpu_power_w": 111.81, "process_present": true, "process_mem_mib": 47368.0, "process_mem_share_percent": 96.3939763939764, "process_util_available": true, "process_util_backend": "nvml", "process_sm_util_percent": 31.0, "process_mem_util_percent": 12.0}
{"timestamp_unix": 1772437488.0309389, "pid": 87002, "device_index": 0, "gpu_uuid": "GPU-6f954bfd-7081-31b7-f15c-f9a174bf4d7f", "gpu_util_percent": 30.0, "gpu_mem_util_percent": 12.0, "gpu_mem_used_mib": 47864.0, "gpu_mem_total_mib": 49140.0, "gpu_power_w": 111.46, "process_present": true, "process_mem_mib": 47368.0, "process_mem_share_percent": 96.3939763939764, "process_util_available": true, "process_util_backend": "nvml", "process_sm_util_percent": 30.0, "process_mem_util_percent": 12.0}
{"timestamp_unix": 1772437488.321499, "pid": 87002, "device_index": 0, "gpu_uuid": "GPU-6f954bfd-7081-31b7-f15c-f9a174bf4d7f", "gpu_util_percent": 30.0, "gpu_mem_util_percent": 12.0, "gpu_mem_used_mib": 47860.0, "gpu_mem_total_mib": 49140.0, "gpu_power_w": 111.46, "process_present": true, "process_mem_mib": 47368.0, "process_mem_share_percent": 96.3939763939764, "process_util_available": true, "process_util_backend": "nvml", "process_sm_util_percent": 31.0, "process_mem_util_percent": 11.0}
{"timestamp_unix": 1772437488.6206577, "pid": 87002, "device_index": 0, "gpu_uuid": "GPU-6f954bfd-7081-31b7-f15c-f9a174bf4d7f", "gpu_util_percent": 30.0, "gpu_mem_util_percent": 12.0, "gpu_mem_used_mib": 47860.0, "gpu_mem_total_mib": 49140.0, "gpu_power_w": 111.1, "process_present": true, "process_mem_mib": 47368.0, "process_mem_share_percent": 96.3939763939764, "process_util_available": true, "process_util_backend": "nvml", "process_sm_util_percent": 30.0, "process_mem_util_percent": 12.0}
{"timestamp_unix": 1772437488.912198, "pid": 87002, "device_index": 0, "gpu_uuid": "GPU-6f954bfd-7081-31b7-f15c-f9a174bf4d7f", "gpu_util_percent": 30.0, "gpu_mem_util_percent": 12.0, "gpu_mem_used_mib": 47860.0, "gpu_mem_total_mib": 49140.0, "gpu_power_w": 111.1, "process_present": true, "process_mem_mib": 47368.0, "process_mem_share_percent": 96.3939763939764, "process_util_available": true, "process_util_backend": "nvml", "process_sm_util_percent": 30.0, "process_mem_util_percent": 12.0}
{"timestamp_unix": 1772437489.2054126, "pid": 87002, "device_index": 0, "gpu_uuid": "GPU-6f954bfd-7081-31b7-f15c-f9a174bf4d7f", "gpu_util_percent": 29.0, "gpu_mem_util_percent": 12.0, "gpu_mem_used_mib": 47859.0, "gpu_mem_total_mib": 49140.0, "gpu_power_w": 110.73, "process_present": true, "process_mem_mib": 47368.0, "process_mem_share_percent": 96.3939763939764, "process_util_available": true, "process_util_backend": "nvml", "process_sm_util_percent": 30.0, "process_mem_util_percent": 11.0}
{"timestamp_unix": 1772437489.5005095, "pid": 87002, "device_index": 0, "gpu_uuid": "GPU-6f954bfd-7081-31b7-f15c-f9a174bf4d7f", "gpu_util_percent": 29.0, "gpu_mem_util_percent": 12.0, "gpu_mem_used_mib": 47859.0, "gpu_mem_total_mib": 49140.0, "gpu_power_w": 110.37, "process_present": true, "process_mem_mib": 47368.0, "process_mem_share_percent": 96.3939763939764, "process_util_available": true, "process_util_backend": "nvml", "process_sm_util_percent": 29.0, "process_mem_util_percent": 11.0}
{"timestamp_unix": 1772437489.8037543, "pid": 87002, "device_index": 0, "gpu_uuid": "GPU-6f954bfd-7081-31b7-f15c-f9a174bf4d7f", "gpu_util_percent": 29.0, "gpu_mem_util_percent": 12.0, "gpu_mem_used_mib": 47859.0, "gpu_mem_total_mib": 49140.0, "gpu_power_w": 110.37, "process_present": true, "process_mem_mib": 47368.0, "process_mem_share_percent": 96.3939763939764, "process_util_available": true, "process_util_backend": "nvml", "process_sm_util_percent": 30.0, "process_mem_util_percent": 11.0}
{"timestamp_unix": 1772437490.1102223, "pid": 87002, "device_index": 0, "gpu_uuid": "GPU-6f954bfd-7081-31b7-f15c-f9a174bf4d7f", "gpu_util_percent": 29.0, "gpu_mem_util_percent": 11.0, "gpu_mem_used_mib": 47859.0, "gpu_mem_total_mib": 49140.0, "gpu_power_w": 110.33, "process_present": true, "process_mem_mib": 47368.0, "process_mem_share_percent": 96.3939763939764, "process_util_available": true, "process_util_backend": "nvml", "process_sm_util_percent": 30.0, "process_mem_util_percent": 11.0}
{"timestamp_unix": 1772437490.4057462, "pid": 87002, "device_index": 0, "gpu_uuid": "GPU-6f954bfd-7081-31b7-f15c-f9a174bf4d7f", "gpu_util_percent": 29.0, "gpu_mem_util_percent": 11.0, "gpu_mem_used_mib": 47859.0, "gpu_mem_total_mib": 49140.0, "gpu_power_w": 110.33, "process_present": true, "process_mem_mib": 47368.0, "process_mem_share_percent": 96.3939763939764, "process_util_available": true, "process_util_backend": "nvml", "process_sm_util_percent": 30.0, "process_mem_util_percent": 12.0}
{"timestamp_unix": 1772437490.6993947, "pid": 87002, "device_index": 0, "gpu_uuid": "GPU-6f954bfd-7081-31b7-f15c-f9a174bf4d7f", "gpu_util_percent": 29.0, "gpu_mem_util_percent": 11.0, "gpu_mem_used_mib": 47859.0, "gpu_mem_total_mib": 49140.0, "gpu_power_w": 110.38, "process_present": true, "process_mem_mib": 47368.0, "process_mem_share_percent": 96.3939763939764, "process_util_available": true, "process_util_backend": "nvml", "process_sm_util_percent": 30.0, "process_mem_util_percent": 11.0}
{"timestamp_unix": 1772437490.9912906, "pid": 87002, "device_index": 0, "gpu_uuid": "GPU-6f954bfd-7081-31b7-f15c-f9a174bf4d7f", "gpu_util_percent": 30.0, "gpu_mem_util_percent": 12.0, "gpu_mem_used_mib": 47859.0, "gpu_mem_total_mib": 49140.0, "gpu_power_w": 110.21, "process_present": true, "process_mem_mib": 47368.0, "process_mem_share_percent": 96.3939763939764, "process_util_available": true, "process_util_backend": "nvml", "process_sm_util_percent": null, "process_mem_util_percent": null}
