{"timestamp_unix": 1772443047.0030057, "pid": 122609, "device_index": 0, "gpu_uuid": "GPU-6f954bfd-7081-31b7-f15c-f9a174bf4d7f", "gpu_util_percent": 37.0, "gpu_mem_util_percent": 13.0, "gpu_mem_used_mib": 1004.0, "gpu_mem_total_mib": 49140.0, "gpu_power_w": 45.98, "process_present": true, "process_mem_mib": 500.0, "process_mem_share_percent": 1.0175010175010175, "process_util_available": true, "process_util_backend": "nvml", "process_sm_util_percent": null, "process_mem_util_percent": null}
{"timestamp_unix": 1772443047.3784893, "pid": 122609, "device_index": 0, "gpu_uuid": "GPU-6f954bfd-7081-31b7-f15c-f9a174bf4d7f", "gpu_util_percent": 37.0, "gpu_mem_util_percent": 13.0, "gpu_mem_used_mib": 1004.0, "gpu_mem_total_mib": 49140.0, "gpu_power_w": 64.72, "process_present": true, "process_mem_mib": 500.0, "process_mem_share_percent": 1.0175010175010175, "process_util_available": true, "process_util_backend": "nvml", "process_sm_util_percent": null, "process_mem_util_percent": null}
{"timestamp_unix": 1772443047.701223, "pid": 122609, "device_index": 0, "gpu_uuid": "GPU-6f954bfd-7081-31b7-f15c-f9a174bf4d7f", "gpu_util_percent": 37.0, "gpu_mem_util_percent": 13.0, "gpu_mem_used_mib": 1004.0, "gpu_mem_total_mib": 49140.0, "gpu_power_w": 64.72, "process_present": true, "process_mem_mib": 500.0, "process_mem_share_percent": 1.0175010175010175, "process_util_available": true, "process_util_backend": "nvml", "process_sm_util_percent": null, "process_mem_util_percent": null}
{"timestamp_unix": 1772443048.0368266, "pid": 122609, "device_index": 0, "gpu_uuid": "GPU-6f954bfd-7081-31b7-f15c-f9a174bf4d7f", "gpu_util_percent": 15.0, "gpu_mem_util_percent": 1.0, "gpu_mem_used_mib": 1004.0, "gpu_mem_total_mib": 49140.0, "gpu_power_w": 82.95, "process_present": true, "process_mem_mib": 500.0, "process_mem_share_percent": 1.0175010175010175, "process_util_available": true, "process_util_backend": "nvml", "process_sm_util_percent": null, "process_mem_util_percent": null}
{"timestamp_unix": 1772443048.3409116, "pid": 122609, "device_index": 0, "gpu_uuid": "GPU-6f954bfd-7081-31b7-f15c-f9a174bf4d7f", "gpu_util_percent": 15.0, "gpu_mem_util_percent": 1.0, "gpu_mem_used_mib": 1164.0, "gpu_mem_total_mib": 49140.0, "gpu_power_w": 86.7, "process_present": true, "process_mem_mib": 756.0, "process_mem_share_percent": 1.5384615384615385, "process_util_available": true, "process_util_backend": "nvml", "process_sm_util_percent": 19.0, "process_mem_util_percent": 1.0}
{"timestamp_unix": 1772443048.6327646, "pid": 122609, "device_index": 0, "gpu_uuid": "GPU-6f954bfd-7081-31b7-f15c-f9a174bf4d7f", "gpu_util_percent": 15.0, "gpu_mem_util_percent": 1.0, "gpu_mem_used_mib": 1511.0, "gpu_mem_total_mib": 49140.0, "gpu_power_w": 86.7, "process_present": true, "process_mem_mib": 1010.0, "process_mem_share_percent": 2.0553520553520555, "process_util_available": true, "process_util_backend": "nvml", "process_sm_util_percent": 22.0, "process_mem_util_percent": 1.0}
{"timestamp_unix": 1772443048.942937, "pid": 122609, "device_index": 0, "gpu_uuid": "GPU-6f954bfd-7081-31b7-f15c-f9a174bf4d7f", "gpu_util_percent": 22.0, "gpu_mem_util_percent": 2.0, "gpu_mem_used_mib": 1927.0, "gpu_mem_total_mib": 49140.0, "gpu_power_w": 88.84, "process_present": true, "process_mem_mib": 1426.0, "process_mem_share_percent": 2.901912901912902, "process_util_available": true, "process_util_backend": "nvml", "process_sm_util_percent": null, "process_mem_util_percent": null}
{"timestamp_unix": 1772443049.233226, "pid": 122609, "device_index": 0, "gpu_uuid": "GPU-6f954bfd-7081-31b7-f15c-f9a174bf4d7f", "gpu_util_percent": 22.0, "gpu_mem_util_percent": 2.0, "gpu_mem_used_mib": 2944.0, "gpu_mem_total_mib": 49140.0, "gpu_power_w": 88.84, "process_present": true, "process_mem_mib": 2728.0, "process_mem_share_percent": 5.551485551485551, "process_util_available": true, "process_util_backend": "nvml", "process_sm_util_percent": 20.0, "process_mem_util_percent": 3.0}
{"timestamp_unix": 1772443049.522316, "pid": 122609, "device_index": 0, "gpu_uuid": "GPU-6f954bfd-7081-31b7-f15c-f9a174bf4d7f", "gpu_util_percent": 22.0, "gpu_mem_util_percent": 2.0, "gpu_mem_used_mib": 4974.0, "gpu_mem_total_mib": 49140.0, "gpu_power_w": 90.35, "process_present": true, "process_mem_mib": 4746.0, "process_mem_share_percent": 9.65811965811966, "process_util_available": true, "process_util_backend": "nvml", "process_sm_util_percent": 23.0, "process_mem_util_percent": 4.0}
{"timestamp_unix": 1772443049.8147013, "pid": 122609, "device_index": 0, "gpu_uuid": "GPU-6f954bfd-7081-31b7-f15c-f9a174bf4d7f", "gpu_util_percent": 24.0, "gpu_mem_util_percent": 5.0, "gpu_mem_used_mib": 7160.0, "gpu_mem_total_mib": 49140.0, "gpu_power_w": 92.54, "process_present": true, "process_mem_mib": 6918.0, "process_mem_share_percent": 14.078144078144078, "process_util_available": true, "process_util_backend": "nvml", "process_sm_util_percent": 23.0, "process_mem_util_percent": 4.0}
{"timestamp_unix": 1772443050.1059031, "pid": 122609, "device_index": 0, "gpu_uuid": "GPU-6f954bfd-7081-31b7-f15c-f9a174bf4d7f", "gpu_util_percent": 24.0, "gpu_mem_util_percent": 5.0, "gpu_mem_used_mib": 9325.0, "gpu_mem_total_mib": 49140.0, "gpu_power_w": 92.54, "process_present": true, "process_mem_mib": 9118.0, "process_mem_share_percent": 18.555148555148556, "process_util_available": true, "process_util_backend": "nvml", "process_sm_util_percent": 23.0, "process_mem_util_percent": 4.0}
{"timestamp_unix": 1772443050.4105017, "pid": 122609, "device_index": 0, "gpu_uuid": "GPU-6f954bfd-7081-31b7-f15c-f9a174bf4d7f", "gpu_util_percent": 24.0, "gpu_mem_util_percent": 5.0, "gpu_mem_used_mib": 11295.0, "gpu_mem_total_mib": 49140.0, "gpu_power_w": 94.98, "process_present": true, "process_mem_mib": 11026.0, "process_mem_share_percent": 22.437932437932435, "process_util_available": true, "process_util_backend": "nvml", "process_sm_util_percent": 23.0, "process_mem_util_percent": 4.0}
{"timestamp_unix": 1772443050.718933, "pid": 122609, "device_index": 0, "gpu_uuid": "GPU-6f954bfd-7081-31b7-f15c-f9a174bf4d7f", "gpu_util_percent": 24.0, "gpu_mem_util_percent": 5.0, "gpu_mem_used_mib": 13173.0, "gpu_mem_total_mib": 49140.0, "gpu_power_w": 94.98, "process_present": true, "process_mem_mib": 12896.0, "process_mem_share_percent": 26.24338624338624, "process_util_available": true, "process_util_backend": "nvml", "process_sm_util_percent": 21.0, "process_mem_util_percent": 3.0}
{"timestamp_unix": 1772443051.0170212, "pid": 122609, "device_index": 0, "gpu_uuid": "GPU-6f954bfd-7081-31b7-f15c-f9a174bf4d7f", "gpu_util_percent": 21.0, "gpu_mem_util_percent": 3.0, "gpu_mem_used_mib": 14905.0, "gpu_mem_total_mib": 49140.0, "gpu_power_w": 94.67, "process_present": true, "process_mem_mib": 14692.0, "process_mem_share_percent": 29.898249898249894, "process_util_available": true, "process_util_backend": "nvml", "process_sm_util_percent": 22.0, "process_mem_util_percent": 3.0}
{"timestamp_unix": 1772443051.3077064, "pid": 122609, "device_index": 0, "gpu_uuid": "GPU-6f954bfd-7081-31b7-f15c-f9a174bf4d7f", "gpu_util_percent": 21.0, "gpu_mem_util_percent": 3.0, "gpu_mem_used_mib": 16659.0, "gpu_mem_total_mib": 49140.0, "gpu_power_w": 94.58, "process_present": true, "process_mem_mib": 16430.0, "process_mem_share_percent": 33.435083435083435, "process_util_available": true, "process_util_backend": "nvml", "process_sm_util_percent": 22.0, "process_mem_util_percent": 3.0}
{"timestamp_unix": 1772443051.5952713, "pid": 122609, "device_index": 0, "gpu_uuid": "GPU-6f954bfd-7081-31b7-f15c-f9a174bf4d7f", "gpu_util_percent": 21.0, "gpu_mem_util_percent": 3.0, "gpu_mem_used_mib": 18547.0, "gpu_mem_total_mib": 49140.0, "gpu_power_w": 94.58, "process_present": true, "process_mem_mib": 18304.0, "process_mem_share_percent": 37.24867724867725, "process_util_available": true, "process_util_backend": "nvml", "process_sm_util_percent": 22.0, "process_mem_util_percent": 3.0}
{"timestamp_unix": 1772443051.8868334, "pid": 122609, "device_index": 0, "gpu_uuid": "GPU-6f954bfd-7081-31b7-f15c-f9a174bf4d7f", "gpu_util_percent": 22.0, "gpu_mem_util_percent": 4.0, "gpu_mem_used_mib": 20577.0, "gpu_mem_total_mib": 49140.0, "gpu_power_w": 94.7, "process_present": true, "process_mem_mib": 20344.0, "process_mem_share_percent": 41.400081400081405, "process_util_available": true, "process_util_backend": "nvml", "process_sm_util_percent": null, "process_mem_util_percent": null}
{"timestamp_unix": 1772443052.1755722, "pid": 122609, "device_index": 0, "gpu_uuid": "GPU-6f954bfd-7081-31b7-f15c-f9a174bf4d7f", "gpu_util_percent": 22.0, "gpu_mem_util_percent": 4.0, "gpu_mem_used_mib": 22425.0, "gpu_mem_total_mib": 49140.0, "gpu_power_w": 94.7, "process_present": true, "process_mem_mib": 22122.0, "process_mem_share_percent": 45.01831501831502, "process_util_available": true, "process_util_backend": "nvml", "process_sm_util_percent": null, "process_mem_util_percent": null}
{"timestamp_unix": 1772443052.474285, "pid": 122609, "device_index": 0, "gpu_uuid": "GPU-6f954bfd-7081-31b7-f15c-f9a174bf4d7f", "gpu_util_percent": 22.0, "gpu_mem_util_percent": 4.0, "gpu_mem_used_mib": 24137.0, "gpu_mem_total_mib": 49140.0, "gpu_power_w": 94.98, "process_present": true, "process_mem_mib": 23918.0, "process_mem_share_percent": 48.673178673178676, "process_util_available": true, "process_util_backend": "nvml", "process_sm_util_percent": 22.0, "process_mem_util_percent": 4.0}
{"timestamp_unix": 1772443052.7679365, "pid": 122609, "device_index": 0, "gpu_uuid": "GPU-6f954bfd-7081-31b7-f15c-f9a174bf4d7f", "gpu_util_percent": 22.0, "gpu_mem_util_percent": 4.0, "gpu_mem_used_mib": 25899.0, "gpu_mem_total_mib": 49140.0, "gpu_power_w": 94.98, "process_present": true, "process_mem_mib": 25690.0, "process_mem_share_percent": 52.27920227920227, "process_util_available": true, "process_util_backend": "nvml", "process_sm_util_percent": 22.0, "process_mem_util_percent": 3.0}
{"timestamp_unix": 1772443053.0676243, "pid": 122609, "device_index": 0, "gpu_uuid": "GPU-6f954bfd-7081-31b7-f15c-f9a174bf4d7f", "gpu_util_percent": 23.0, "gpu_mem_util_percent": 5.0, "gpu_mem_used_mib": 27965.0, "gpu_mem_total_mib": 49140.0, "gpu_power_w": 95.04, "process_present": true, "process_mem_mib": 27706.0, "process_mem_share_percent": 56.38176638176638, "process_util_available": true, "process_util_backend": "nvml", "process_sm_util_percent": 23.0, "process_mem_util_percent": 4.0}
{"timestamp_unix": 1772443053.367709, "pid": 122609, "device_index": 0, "gpu_uuid": "GPU-6f954bfd-7081-31b7-f15c-f9a174bf4d7f", "gpu_util_percent": 23.0, "gpu_mem_util_percent": 5.0, "gpu_mem_used_mib": 29654.0, "gpu_mem_total_mib": 49140.0, "gpu_power_w": 95.15, "process_present": true, "process_mem_mib": 29454.0, "process_mem_share_percent": 59.93894993894994, "process_util_available": true, "process_util_backend": "nvml", "process_sm_util_percent": 11.0, "process_mem_util_percent": 2.0}
{"timestamp_unix": 1772443053.6678288, "pid": 122609, "device_index": 0, "gpu_uuid": "GPU-6f954bfd-7081-31b7-f15c-f9a174bf4d7f", "gpu_util_percent": 23.0, "gpu_mem_util_percent": 5.0, "gpu_mem_used_mib": 31666.0, "gpu_mem_total_mib": 49140.0, "gpu_power_w": 95.15, "process_present": true, "process_mem_mib": 31308.0, "process_mem_share_percent": 63.711843711843706, "process_util_available": true, "process_util_backend": "nvml", "process_sm_util_percent": 22.0, "process_mem_util_percent": 4.0}
{"timestamp_unix": 1772443053.979306, "pid": 122609, "device_index": 0, "gpu_uuid": "GPU-6f954bfd-7081-31b7-f15c-f9a174bf4d7f", "gpu_util_percent": 23.0, "gpu_mem_util_percent": 4.0, "gpu_mem_used_mib": 33414.0, "gpu_mem_total_mib": 49140.0, "gpu_power_w": 95.26, "process_present": true, "process_mem_mib": 32972.0, "process_mem_share_percent": 67.0980870980871, "process_util_available": true, "process_util_backend": "nvml", "process_sm_util_percent": 11.0, "process_mem_util_percent": 1.0}
{"timestamp_unix": 1772443054.2722359, "pid": 122609, "device_index": 0, "gpu_uuid": "GPU-6f954bfd-7081-31b7-f15c-f9a174bf4d7f", "gpu_util_percent": 23.0, "gpu_mem_util_percent": 4.0, "gpu_mem_used_mib": 34928.0, "gpu_mem_total_mib": 49140.0, "gpu_power_w": 95.26, "process_present": true, "process_mem_mib": 34678.0, "process_mem_share_percent": 70.56980056980056, "process_util_available": true, "process_util_backend": "nvml", "process_sm_util_percent": 23.0, "process_mem_util_percent": 3.0}
{"timestamp_unix": 1772443054.5681493, "pid": 122609, "device_index": 0, "gpu_uuid": "GPU-6f954bfd-7081-31b7-f15c-f9a174bf4d7f", "gpu_util_percent": 23.0, "gpu_mem_util_percent": 4.0, "gpu_mem_used_mib": 36934.0, "gpu_mem_total_mib": 49140.0, "gpu_power_w": 95.04, "process_present": true, "process_mem_mib": 36662.0, "process_mem_share_percent": 74.60724460724461, "process_util_available": true, "process_util_backend": "nvml", "process_sm_util_percent": 11.0, "process_mem_util_percent": 2.0}
{"timestamp_unix": 1772443054.8608077, "pid": 122609, "device_index": 0, "gpu_uuid": "GPU-6f954bfd-7081-31b7-f15c-f9a174bf4d7f", "gpu_util_percent": 24.0, "gpu_mem_util_percent": 4.0, "gpu_mem_used_mib": 38840.0, "gpu_mem_total_mib": 49140.0, "gpu_power_w": 95.21, "process_present": true, "process_mem_mib": 38656.0, "process_mem_share_percent": 78.66503866503867, "process_util_available": true, "process_util_backend": "nvml", "process_sm_util_percent": 22.0, "process_mem_util_percent": 4.0}
{"timestamp_unix": 1772443055.155578, "pid": 122609, "device_index": 0, "gpu_uuid": "GPU-6f954bfd-7081-31b7-f15c-f9a174bf4d7f", "gpu_util_percent": 24.0, "gpu_mem_util_percent": 4.0, "gpu_mem_used_mib": 39792.0, "gpu_mem_total_mib": 49140.0, "gpu_power_w": 95.21, "process_present": true, "process_mem_mib": 39304.0, "process_mem_share_percent": 79.98371998371998, "process_util_available": true, "process_util_backend": "nvml", "process_sm_util_percent": 11.0, "process_mem_util_percent": 2.0}
{"timestamp_unix": 1772443055.452114, "pid": 122609, "device_index": 0, "gpu_uuid": "GPU-6f954bfd-7081-31b7-f15c-f9a174bf4d7f", "gpu_util_percent": 24.0, "gpu_mem_util_percent": 4.0, "gpu_mem_used_mib": 40028.0, "gpu_mem_total_mib": 49140.0, "gpu_power_w": 94.12, "process_present": true, "process_mem_mib": 39532.0, "process_mem_share_percent": 80.44770044770044, "process_util_available": true, "process_util_backend": "nvml", "process_sm_util_percent": 24.0, "process_mem_util_percent": 4.0}
{"timestamp_unix": 1772443055.7441356, "pid": 122609, "device_index": 0, "gpu_uuid": "GPU-6f954bfd-7081-31b7-f15c-f9a174bf4d7f", "gpu_util_percent": 24.0, "gpu_mem_util_percent": 4.0, "gpu_mem_used_mib": 40027.0, "gpu_mem_total_mib": 49140.0, "gpu_power_w": 94.12, "process_present": true, "process_mem_mib": 39532.0, "process_mem_share_percent": 80.44770044770044, "process_util_available": true, "process_util_backend": "nvml", "process_sm_util_percent": 26.0, "process_mem_util_percent": 5.0}
{"timestamp_unix": 1772443056.0617328, "pid": 122609, "device_index": 0, "gpu_uuid": "GPU-6f954bfd-7081-31b7-f15c-f9a174bf4d7f", "gpu_util_percent": 26.0, "gpu_mem_util_percent": 5.0, "gpu_mem_used_mib": 40027.0, "gpu_mem_total_mib": 49140.0, "gpu_power_w": 95.72, "process_present": true, "process_mem_mib": 39532.0, "process_mem_share_percent": 80.44770044770044, "process_util_available": true, "process_util_backend": "nvml", "process_sm_util_percent": 26.0, "process_mem_util_percent": 5.0}
{"timestamp_unix": 1772443056.3590574, "pid": 122609, "device_index": 0, "gpu_uuid": "GPU-6f954bfd-7081-31b7-f15c-f9a174bf4d7f", "gpu_util_percent": 26.0, "gpu_mem_util_percent": 5.0, "gpu_mem_used_mib": 40027.0, "gpu_mem_total_mib": 49140.0, "gpu_power_w": 98.43, "process_present": true, "process_mem_mib": 39532.0, "process_mem_share_percent": 80.44770044770044, "process_util_available": true, "process_util_backend": "nvml", "process_sm_util_percent": 25.0, "process_mem_util_percent": 5.0}
{"timestamp_unix": 1772443056.6638505, "pid": 122609, "device_index": 0, "gpu_uuid": "GPU-6f954bfd-7081-31b7-f15c-f9a174bf4d7f", "gpu_util_percent": 26.0, "gpu_mem_util_percent": 5.0, "gpu_mem_used_mib": 40027.0, "gpu_mem_total_mib": 49140.0, "gpu_power_w": 98.43, "process_present": true, "process_mem_mib": 39532.0, "process_mem_share_percent": 80.44770044770044, "process_util_available": true, "process_util_backend": "nvml", "process_sm_util_percent": 23.0, "process_mem_util_percent": 5.0}
{"timestamp_unix": 1772443056.9647748, "pid": 122609, "device_index": 0, "gpu_uuid": "GPU-6f954bfd-7081-31b7-f15c-f9a174bf4d7f", "gpu_util_percent": 24.0, "gpu_mem_util_percent": 5.0, "gpu_mem_used_mib": 40027.0, "gpu_mem_total_mib": 49140.0, "gpu_power_w": 98.65, "process_present": true, "process_mem_mib": 39532.0, "process_mem_share_percent": 80.44770044770044, "process_util_available": true, "process_util_backend": "nvml", "process_sm_util_percent": 24.0, "process_mem_util_percent": 4.0}
{"timestamp_unix": 1772443057.267496, "pid": 122609, "device_index": 0, "gpu_uuid": "GPU-6f954bfd-7081-31b7-f15c-f9a174bf4d7f", "gpu_util_percent": 24.0, "gpu_mem_util_percent": 5.0, "gpu_mem_used_mib": 40027.0, "gpu_mem_total_mib": 49140.0, "gpu_power_w": 98.65, "process_present": true, "process_mem_mib": 39532.0, "process_mem_share_percent": 80.44770044770044, "process_util_available": true, "process_util_backend": "nvml", "process_sm_util_percent": 23.0, "process_mem_util_percent": 5.0}
{"timestamp_unix": 1772443057.5581732, "pid": 122609, "device_index": 0, "gpu_uuid": "GPU-6f954bfd-7081-31b7-f15c-f9a174bf4d7f", "gpu_util_percent": 24.0, "gpu_mem_util_percent": 5.0, "gpu_mem_used_mib": 40027.0, "gpu_mem_total_mib": 49140.0, "gpu_power_w": 98.34, "process_present": true, "process_mem_mib": 39532.0, "process_mem_share_percent": 80.44770044770044, "process_util_available": true, "process_util_backend": "nvml", "process_sm_util_percent": 22.0, "process_mem_util_percent": 4.0}
{"timestamp_unix": 1772443057.8519142, "pid": 122609, "device_index": 0, "gpu_uuid": "GPU-6f954bfd-7081-31b7-f15c-f9a174bf4d7f", "gpu_util_percent": 22.0, "gpu_mem_util_percent": 5.0, "gpu_mem_used_mib": 40027.0, "gpu_mem_total_mib": 49140.0, "gpu_power_w": 97.96, "process_present": true, "process_mem_mib": 39532.0, "process_mem_share_percent": 80.44770044770044, "process_util_available": true, "process_util_backend": "nvml", "process_sm_util_percent": 22.0, "process_mem_util_percent": 4.0}
{"timestamp_unix": 1772443058.143879, "pid": 122609, "device_index": 0, "gpu_uuid": "GPU-6f954bfd-7081-31b7-f15c-f9a174bf4d7f", "gpu_util_percent": 22.0, "gpu_mem_util_percent": 5.0, "gpu_mem_used_mib": 40027.0, "gpu_mem_total_mib": 49140.0, "gpu_power_w": 97.96, "process_present": true, "process_mem_mib": 39532.0, "process_mem_share_percent": 80.44770044770044, "process_util_available": true, "process_util_backend": "nvml", "process_sm_util_percent": 12.0, "process_mem_util_percent": 2.0}
{"timestamp_unix": 1772443058.4399142, "pid": 122609, "device_index": 0, "gpu_uuid": "GPU-6f954bfd-7081-31b7-f15c-f9a174bf4d7f", "gpu_util_percent": 22.0, "gpu_mem_util_percent": 5.0, "gpu_mem_used_mib": 40027.0, "gpu_mem_total_mib": 49140.0, "gpu_power_w": 97.63, "process_present": true, "process_mem_mib": 39532.0, "process_mem_share_percent": 80.44770044770044, "process_util_available": true, "process_util_backend": "nvml", "process_sm_util_percent": null, "process_mem_util_percent": null}
{"timestamp_unix": 1772443058.7321277, "pid": 122609, "device_index": 0, "gpu_uuid": "GPU-6f954bfd-7081-31b7-f15c-f9a174bf4d7f", "gpu_util_percent": 22.0, "gpu_mem_util_percent": 5.0, "gpu_mem_used_mib": 40027.0, "gpu_mem_total_mib": 49140.0, "gpu_power_w": 97.63, "process_present": true, "process_mem_mib": 39532.0, "process_mem_share_percent": 80.44770044770044, "process_util_available": true, "process_util_backend": "nvml", "process_sm_util_percent": 25.0, "process_mem_util_percent": 4.0}
{"timestamp_unix": 1772443059.034177, "pid": 122609, "device_index": 0, "gpu_uuid": "GPU-6f954bfd-7081-31b7-f15c-f9a174bf4d7f", "gpu_util_percent": 26.0, "gpu_mem_util_percent": 4.0, "gpu_mem_used_mib": 40027.0, "gpu_mem_total_mib": 49140.0, "gpu_power_w": 97.29, "process_present": true, "process_mem_mib": 39532.0, "process_mem_share_percent": 80.44770044770044, "process_util_available": true, "process_util_backend": "nvml", "process_sm_util_percent": 25.0, "process_mem_util_percent": 3.0}
{"timestamp_unix": 1772443059.3352246, "pid": 122609, "device_index": 0, "gpu_uuid": "GPU-6f954bfd-7081-31b7-f15c-f9a174bf4d7f", "gpu_util_percent": 26.0, "gpu_mem_util_percent": 4.0, "gpu_mem_used_mib": 40027.0, "gpu_mem_total_mib": 49140.0, "gpu_power_w": 97.02, "process_present": true, "process_mem_mib": 39532.0, "process_mem_share_percent": 80.44770044770044, "process_util_available": true, "process_util_backend": "nvml", "process_sm_util_percent": 27.0, "process_mem_util_percent": 3.0}
{"timestamp_unix": 1772443059.6327283, "pid": 122609, "device_index": 0, "gpu_uuid": "GPU-6f954bfd-7081-31b7-f15c-f9a174bf4d7f", "gpu_util_percent": 26.0, "gpu_mem_util_percent": 4.0, "gpu_mem_used_mib": 40027.0, "gpu_mem_total_mib": 49140.0, "gpu_power_w": 97.02, "process_present": true, "process_mem_mib": 39532.0, "process_mem_share_percent": 80.44770044770044, "process_util_available": true, "process_util_backend": "nvml", "process_sm_util_percent": 25.0, "process_mem_util_percent": 3.0}
{"timestamp_unix": 1772443059.9222603, "pid": 122609, "device_index": 0, "gpu_uuid": "GPU-6f954bfd-7081-31b7-f15c-f9a174bf4d7f", "gpu_util_percent": 26.0, "gpu_mem_util_percent": 4.0, "gpu_mem_used_mib": 40028.0, "gpu_mem_total_mib": 49140.0, "gpu_power_w": 96.58, "process_present": true, "process_mem_mib": 39532.0, "process_mem_share_percent": 80.44770044770044, "process_util_available": true, "process_util_backend": "nvml", "process_sm_util_percent": 25.0, "process_mem_util_percent": 3.0}
{"timestamp_unix": 1772443060.2128253, "pid": 122609, "device_index": 0, "gpu_uuid": "GPU-6f954bfd-7081-31b7-f15c-f9a174bf4d7f", "gpu_util_percent": 26.0, "gpu_mem_util_percent": 4.0, "gpu_mem_used_mib": 40028.0, "gpu_mem_total_mib": 49140.0, "gpu_power_w": 96.58, "process_present": true, "process_mem_mib": 39532.0, "process_mem_share_percent": 80.44770044770044, "process_util_available": true, "process_util_backend": "nvml", "process_sm_util_percent": 26.0, "process_mem_util_percent": 3.0}
{"timestamp_unix": 1772443060.5052636, "pid": 122609, "device_index": 0, "gpu_uuid": "GPU-6f954bfd-7081-31b7-f15c-f9a174bf4d7f", "gpu_util_percent": 26.0, "gpu_mem_util_percent": 4.0, "gpu_mem_used_mib": 40028.0, "gpu_mem_total_mib": 49140.0, "gpu_power_w": 96.2, "process_present": true, "process_mem_mib": 39532.0, "process_mem_share_percent": 80.44770044770044, "process_util_available": true, "process_util_backend": "nvml", "process_sm_util_percent": 26.0, "process_mem_util_percent": 3.0}
{"timestamp_unix": 1772443060.8012192, "pid": 122609, "device_index": 0, "gpu_uuid": "GPU-6f954bfd-7081-31b7-f15c-f9a174bf4d7f", "gpu_util_percent": 25.0, "gpu_mem_util_percent": 3.0, "gpu_mem_used_mib": 40028.0, "gpu_mem_total_mib": 49140.0, "gpu_power_w": 95.8, "process_present": true, "process_mem_mib": 39532.0, "process_mem_share_percent": 80.44770044770044, "process_util_available": true, "process_util_backend": "nvml", "process_sm_util_percent": 25.0, "process_mem_util_percent": 3.0}
{"timestamp_unix": 1772443061.0917525, "pid": 122609, "device_index": 0, "gpu_uuid": "GPU-6f954bfd-7081-31b7-f15c-f9a174bf4d7f", "gpu_util_percent": 25.0, "gpu_mem_util_percent": 3.0, "gpu_mem_used_mib": 40028.0, "gpu_mem_total_mib": 49140.0, "gpu_power_w": 95.8, "process_present": true, "process_mem_mib": 39532.0, "process_mem_share_percent": 80.44770044770044, "process_util_available": true, "process_util_backend": "nvml", "process_sm_util_percent": null, "process_mem_util_percent": null}
{"timestamp_unix": 1772443061.3845432, "pid": 122609, "device_index": 0, "gpu_uuid": "GPU-6f954bfd-7081-31b7-f15c-f9a174bf4d7f", "gpu_util_percent": 25.0, "gpu_mem_util_percent": 3.0, "gpu_mem_used_mib": 40028.0, "gpu_mem_total_mib": 49140.0, "gpu_power_w": 95.88, "process_present": true, "process_mem_mib": 39532.0, "process_mem_share_percent": 80.44770044770044, "process_util_available": true, "process_util_backend": "nvml", "process_sm_util_percent": 25.0, "process_mem_util_percent": 5.0}
{"timestamp_unix": 1772443061.6794932, "pid": 122609, "device_index": 0, "gpu_uuid": "GPU-6f954bfd-7081-31b7-f15c-f9a174bf4d7f", "gpu_util_percent": 25.0, "gpu_mem_util_percent": 3.0, "gpu_mem_used_mib": 40028.0, "gpu_mem_total_mib": 49140.0, "gpu_power_w": 95.88, "process_present": true, "process_mem_mib": 39532.0, "process_mem_share_percent": 80.44770044770044, "process_util_available": true, "process_util_backend": "nvml", "process_sm_util_percent": 24.0, "process_mem_util_percent": 5.0}
{"timestamp_unix": 1772443062.1391273, "pid": 122609, "device_index": 0, "gpu_uuid": "GPU-6f954bfd-7081-31b7-f15c-f9a174bf4d7f", "gpu_util_percent": 26.0, "gpu_mem_util_percent": 6.0, "gpu_mem_used_mib": 40028.0, "gpu_mem_total_mib": 49140.0, "gpu_power_w": 97.14, "process_present": true, "process_mem_mib": 39532.0, "process_mem_share_percent": 80.44770044770044, "process_util_available": true, "process_util_backend": "nvml", "process_sm_util_percent": 14.0, "process_mem_util_percent": 2.0}
{"timestamp_unix": 1772443062.4488542, "pid": 122609, "device_index": 0, "gpu_uuid": "GPU-6f954bfd-7081-31b7-f15c-f9a174bf4d7f", "gpu_util_percent": 26.0, "gpu_mem_util_percent": 6.0, "gpu_mem_used_mib": 40028.0, "gpu_mem_total_mib": 49140.0, "gpu_power_w": 96.82, "process_present": true, "process_mem_mib": 39532.0, "process_mem_share_percent": 80.44770044770044, "process_util_available": true, "process_util_backend": "nvml", "process_sm_util_percent": 26.0, "process_mem_util_percent": 6.0}
{"timestamp_unix": 1772443062.749803, "pid": 122609, "device_index": 0, "gpu_uuid": "GPU-6f954bfd-7081-31b7-f15c-f9a174bf4d7f", "gpu_util_percent": 26.0, "gpu_mem_util_percent": 6.0, "gpu_mem_used_mib": 40027.0, "gpu_mem_total_mib": 49140.0, "gpu_power_w": 96.82, "process_present": true, "process_mem_mib": 39532.0, "process_mem_share_percent": 80.44770044770044, "process_util_available": true, "process_util_backend": "nvml", "process_sm_util_percent": 25.0, "process_mem_util_percent": 5.0}
{"timestamp_unix": 1772443063.041174, "pid": 122609, "device_index": 0, "gpu_uuid": "GPU-6f954bfd-7081-31b7-f15c-f9a174bf4d7f", "gpu_util_percent": 25.0, "gpu_mem_util_percent": 6.0, "gpu_mem_used_mib": 40027.0, "gpu_mem_total_mib": 49140.0, "gpu_power_w": 97.23, "process_present": true, "process_mem_mib": 39532.0, "process_mem_share_percent": 80.44770044770044, "process_util_available": true, "process_util_backend": "nvml", "process_sm_util_percent": 24.0, "process_mem_util_percent": 5.0}
{"timestamp_unix": 1772443063.3346963, "pid": 122609, "device_index": 0, "gpu_uuid": "GPU-6f954bfd-7081-31b7-f15c-f9a174bf4d7f", "gpu_util_percent": 25.0, "gpu_mem_util_percent": 6.0, "gpu_mem_used_mib": 40027.0, "gpu_mem_total_mib": 49140.0, "gpu_power_w": 99.25, "process_present": true, "process_mem_mib": 39532.0, "process_mem_share_percent": 80.44770044770044, "process_util_available": true, "process_util_backend": "nvml", "process_sm_util_percent": 26.0, "process_mem_util_percent": 5.0}
{"timestamp_unix": 1772443063.62523, "pid": 122609, "device_index": 0, "gpu_uuid": "GPU-6f954bfd-7081-31b7-f15c-f9a174bf4d7f", "gpu_util_percent": 25.0, "gpu_mem_util_percent": 6.0, "gpu_mem_used_mib": 40027.0, "gpu_mem_total_mib": 49140.0, "gpu_power_w": 99.25, "process_present": true, "process_mem_mib": 39532.0, "process_mem_share_percent": 80.44770044770044, "process_util_available": true, "process_util_backend": "nvml", "process_sm_util_percent": 25.0, "process_mem_util_percent": 5.0}
{"timestamp_unix": 1772443063.9178467, "pid": 122609, "device_index": 0, "gpu_uuid": "GPU-6f954bfd-7081-31b7-f15c-f9a174bf4d7f", "gpu_util_percent": 25.0, "gpu_mem_util_percent": 6.0, "gpu_mem_used_mib": 40027.0, "gpu_mem_total_mib": 49140.0, "gpu_power_w": 99.17, "process_present": true, "process_mem_mib": 39532.0, "process_mem_share_percent": 80.44770044770044, "process_util_available": true, "process_util_backend": "nvml", "process_sm_util_percent": 25.0, "process_mem_util_percent": 5.0}
{"timestamp_unix": 1772443064.2078555, "pid": 122609, "device_index": 0, "gpu_uuid": "GPU-6f954bfd-7081-31b7-f15c-f9a174bf4d7f", "gpu_util_percent": 25.0, "gpu_mem_util_percent": 6.0, "gpu_mem_used_mib": 40027.0, "gpu_mem_total_mib": 49140.0, "gpu_power_w": 99.17, "process_present": true, "process_mem_mib": 39532.0, "process_mem_share_percent": 80.44770044770044, "process_util_available": true, "process_util_backend": "nvml", "process_sm_util_percent": 26.0, "process_mem_util_percent": 5.0}
{"timestamp_unix": 1772443064.501267, "pid": 122609, "device_index": 0, "gpu_uuid": "GPU-6f954bfd-7081-31b7-f15c-f9a174bf4d7f", "gpu_util_percent": 25.0, "gpu_mem_util_percent": 6.0, "gpu_mem_used_mib": 40027.0, "gpu_mem_total_mib": 49140.0, "gpu_power_w": 99.3, "process_present": true, "process_mem_mib": 39532.0, "process_mem_share_percent": 80.44770044770044, "process_util_available": true, "process_util_backend": "nvml", "process_sm_util_percent": 25.0, "process_mem_util_percent": 5.0}
{"timestamp_unix": 1772443064.7998044, "pid": 122609, "device_index": 0, "gpu_uuid": "GPU-6f954bfd-7081-31b7-f15c-f9a174bf4d7f", "gpu_util_percent": 25.0, "gpu_mem_util_percent": 6.0, "gpu_mem_used_mib": 40027.0, "gpu_mem_total_mib": 49140.0, "gpu_power_w": 99.3, "process_present": true, "process_mem_mib": 39532.0, "process_mem_share_percent": 80.44770044770044, "process_util_available": true, "process_util_backend": "nvml", "process_sm_util_percent": 25.0, "process_mem_util_percent": 5.0}
{"timestamp_unix": 1772443065.1004694, "pid": 122609, "device_index": 0, "gpu_uuid": "GPU-6f954bfd-7081-31b7-f15c-f9a174bf4d7f", "gpu_util_percent": 25.0, "gpu_mem_util_percent": 6.0, "gpu_mem_used_mib": 40027.0, "gpu_mem_total_mib": 49140.0, "gpu_power_w": 99.55, "process_present": true, "process_mem_mib": 39532.0, "process_mem_share_percent": 80.44770044770044, "process_util_available": true, "process_util_backend": "nvml", "process_sm_util_percent": 25.0, "process_mem_util_percent": 5.0}
{"timestamp_unix": 1772443065.400676, "pid": 122609, "device_index": 0, "gpu_uuid": "GPU-6f954bfd-7081-31b7-f15c-f9a174bf4d7f", "gpu_util_percent": 25.0, "gpu_mem_util_percent": 6.0, "gpu_mem_used_mib": 40139.0, "gpu_mem_total_mib": 49140.0, "gpu_power_w": 99.99, "process_present": true, "process_mem_mib": 39862.0, "process_mem_share_percent": 81.11925111925112, "process_util_available": true, "process_util_backend": "nvml", "process_sm_util_percent": 26.0, "process_mem_util_percent": 5.0}
{"timestamp_unix": 1772443065.6999452, "pid": 122609, "device_index": 0, "gpu_uuid": "GPU-6f954bfd-7081-31b7-f15c-f9a174bf4d7f", "gpu_util_percent": 25.0, "gpu_mem_util_percent": 6.0, "gpu_mem_used_mib": 41741.0, "gpu_mem_total_mib": 49140.0, "gpu_power_w": 99.99, "process_present": true, "process_mem_mib": 41444.0, "process_mem_share_percent": 84.33862433862433, "process_util_available": true, "process_util_backend": "nvml", "process_sm_util_percent": 24.0, "process_mem_util_percent": 5.0}
{"timestamp_unix": 1772443065.9935458, "pid": 122609, "device_index": 0, "gpu_uuid": "GPU-6f954bfd-7081-31b7-f15c-f9a174bf4d7f", "gpu_util_percent": 16.0, "gpu_mem_util_percent": 2.0, "gpu_mem_used_mib": 42065.0, "gpu_mem_total_mib": 49140.0, "gpu_power_w": 98.99, "process_present": true, "process_mem_mib": 41844.0, "process_mem_share_percent": 85.15262515262515, "process_util_available": true, "process_util_backend": "nvml", "process_sm_util_percent": 7.0, "process_mem_util_percent": 0.0}
{"timestamp_unix": 1772443066.286185, "pid": 122609, "device_index": 0, "gpu_uuid": "GPU-6f954bfd-7081-31b7-f15c-f9a174bf4d7f", "gpu_util_percent": 16.0, "gpu_mem_util_percent": 2.0, "gpu_mem_used_mib": 42338.0, "gpu_mem_total_mib": 49140.0, "gpu_power_w": 98.99, "process_present": true, "process_mem_mib": 41844.0, "process_mem_share_percent": 85.15262515262515, "process_util_available": true, "process_util_backend": "nvml", "process_sm_util_percent": 25.0, "process_mem_util_percent": 6.0}
{"timestamp_unix": 1772443066.5777547, "pid": 122609, "device_index": 0, "gpu_uuid": "GPU-6f954bfd-7081-31b7-f15c-f9a174bf4d7f", "gpu_util_percent": 16.0, "gpu_mem_util_percent": 2.0, "gpu_mem_used_mib": 42338.0, "gpu_mem_total_mib": 49140.0, "gpu_power_w": 97.22, "process_present": true, "process_mem_mib": 41844.0, "process_mem_share_percent": 85.15262515262515, "process_util_available": true, "process_util_backend": "nvml", "process_sm_util_percent": 28.0, "process_mem_util_percent": 8.0}
{"timestamp_unix": 1772443066.869814, "pid": 122609, "device_index": 0, "gpu_uuid": "GPU-6f954bfd-7081-31b7-f15c-f9a174bf4d7f", "gpu_util_percent": 27.0, "gpu_mem_util_percent": 8.0, "gpu_mem_used_mib": 42338.0, "gpu_mem_total_mib": 49140.0, "gpu_power_w": 98.78, "process_present": true, "process_mem_mib": 41844.0, "process_mem_share_percent": 85.15262515262515, "process_util_available": true, "process_util_backend": "nvml", "process_sm_util_percent": 27.0, "process_mem_util_percent": 7.0}
{"timestamp_unix": 1772443067.1592133, "pid": 122609, "device_index": 0, "gpu_uuid": "GPU-6f954bfd-7081-31b7-f15c-f9a174bf4d7f", "gpu_util_percent": 27.0, "gpu_mem_util_percent": 8.0, "gpu_mem_used_mib": 42338.0, "gpu_mem_total_mib": 49140.0, "gpu_power_w": 98.78, "process_present": true, "process_mem_mib": 41844.0, "process_mem_share_percent": 85.15262515262515, "process_util_available": true, "process_util_backend": "nvml", "process_sm_util_percent": 14.0, "process_mem_util_percent": 3.0}
{"timestamp_unix": 1772443067.4547303, "pid": 122609, "device_index": 0, "gpu_uuid": "GPU-6f954bfd-7081-31b7-f15c-f9a174bf4d7f", "gpu_util_percent": 27.0, "gpu_mem_util_percent": 8.0, "gpu_mem_used_mib": 42338.0, "gpu_mem_total_mib": 49140.0, "gpu_power_w": 102.79, "process_present": true, "process_mem_mib": 41844.0, "process_mem_share_percent": 85.15262515262515, "process_util_available": true, "process_util_backend": "nvml", "process_sm_util_percent": 28.0, "process_mem_util_percent": 7.0}
{"timestamp_unix": 1772443067.7623682, "pid": 122609, "device_index": 0, "gpu_uuid": "GPU-6f954bfd-7081-31b7-f15c-f9a174bf4d7f", "gpu_util_percent": 27.0, "gpu_mem_util_percent": 8.0, "gpu_mem_used_mib": 42338.0, "gpu_mem_total_mib": 49140.0, "gpu_power_w": 102.79, "process_present": true, "process_mem_mib": 41844.0, "process_mem_share_percent": 85.15262515262515, "process_util_available": true, "process_util_backend": "nvml", "process_sm_util_percent": 14.0, "process_mem_util_percent": 3.0}
{"timestamp_unix": 1772443068.0680504, "pid": 122609, "device_index": 0, "gpu_uuid": "GPU-6f954bfd-7081-31b7-f15c-f9a174bf4d7f", "gpu_util_percent": 28.0, "gpu_mem_util_percent": 7.0, "gpu_mem_used_mib": 42338.0, "gpu_mem_total_mib": 49140.0, "gpu_power_w": 102.8, "process_present": true, "process_mem_mib": 41844.0, "process_mem_share_percent": 85.15262515262515, "process_util_available": true, "process_util_backend": "nvml", "process_sm_util_percent": 27.0, "process_mem_util_percent": 7.0}
{"timestamp_unix": 1772443068.377179, "pid": 122609, "device_index": 0, "gpu_uuid": "GPU-6f954bfd-7081-31b7-f15c-f9a174bf4d7f", "gpu_util_percent": 28.0, "gpu_mem_util_percent": 7.0, "gpu_mem_used_mib": 42337.0, "gpu_mem_total_mib": 49140.0, "gpu_power_w": 102.36, "process_present": true, "process_mem_mib": 41844.0, "process_mem_share_percent": 85.15262515262515, "process_util_available": true, "process_util_backend": "nvml", "process_sm_util_percent": 28.0, "process_mem_util_percent": 7.0}
{"timestamp_unix": 1772443068.6691358, "pid": 122609, "device_index": 0, "gpu_uuid": "GPU-6f954bfd-7081-31b7-f15c-f9a174bf4d7f", "gpu_util_percent": 28.0, "gpu_mem_util_percent": 7.0, "gpu_mem_used_mib": 42337.0, "gpu_mem_total_mib": 49140.0, "gpu_power_w": 102.36, "process_present": true, "process_mem_mib": 41844.0, "process_mem_share_percent": 85.15262515262515, "process_util_available": true, "process_util_backend": "nvml", "process_sm_util_percent": 27.0, "process_mem_util_percent": 7.0}
{"timestamp_unix": 1772443068.9608593, "pid": 122609, "device_index": 0, "gpu_uuid": "GPU-6f954bfd-7081-31b7-f15c-f9a174bf4d7f", "gpu_util_percent": 28.0, "gpu_mem_util_percent": 7.0, "gpu_mem_used_mib": 42337.0, "gpu_mem_total_mib": 49140.0, "gpu_power_w": 101.8, "process_present": true, "process_mem_mib": 41844.0, "process_mem_share_percent": 85.15262515262515, "process_util_available": true, "process_util_backend": "nvml", "process_sm_util_percent": 28.0, "process_mem_util_percent": 6.0}
{"timestamp_unix": 1772443069.2545743, "pid": 122609, "device_index": 0, "gpu_uuid": "GPU-6f954bfd-7081-31b7-f15c-f9a174bf4d7f", "gpu_util_percent": 28.0, "gpu_mem_util_percent": 7.0, "gpu_mem_used_mib": 42341.0, "gpu_mem_total_mib": 49140.0, "gpu_power_w": 101.8, "process_present": true, "process_mem_mib": 41844.0, "process_mem_share_percent": 85.15262515262515, "process_util_available": true, "process_util_backend": "nvml", "process_sm_util_percent": 28.0, "process_mem_util_percent": 7.0}
{"timestamp_unix": 1772443069.5458624, "pid": 122609, "device_index": 0, "gpu_uuid": "GPU-6f954bfd-7081-31b7-f15c-f9a174bf4d7f", "gpu_util_percent": 28.0, "gpu_mem_util_percent": 7.0, "gpu_mem_used_mib": 42341.0, "gpu_mem_total_mib": 49140.0, "gpu_power_w": 101.83, "process_present": true, "process_mem_mib": 41844.0, "process_mem_share_percent": 85.15262515262515, "process_util_available": true, "process_util_backend": "nvml", "process_sm_util_percent": 27.0, "process_mem_util_percent": 6.0}
{"timestamp_unix": 1772443069.8390982, "pid": 122609, "device_index": 0, "gpu_uuid": "GPU-6f954bfd-7081-31b7-f15c-f9a174bf4d7f", "gpu_util_percent": 28.0, "gpu_mem_util_percent": 7.0, "gpu_mem_used_mib": 42341.0, "gpu_mem_total_mib": 49140.0, "gpu_power_w": 101.42, "process_present": true, "process_mem_mib": 41844.0, "process_mem_share_percent": 85.15262515262515, "process_util_available": true, "process_util_backend": "nvml", "process_sm_util_percent": 28.0, "process_mem_util_percent": 6.0}
{"timestamp_unix": 1772443070.1327097, "pid": 122609, "device_index": 0, "gpu_uuid": "GPU-6f954bfd-7081-31b7-f15c-f9a174bf4d7f", "gpu_util_percent": 28.0, "gpu_mem_util_percent": 7.0, "gpu_mem_used_mib": 42341.0, "gpu_mem_total_mib": 49140.0, "gpu_power_w": 101.42, "process_present": true, "process_mem_mib": 41844.0, "process_mem_share_percent": 85.15262515262515, "process_util_available": true, "process_util_backend": "nvml", "process_sm_util_percent": 27.0, "process_mem_util_percent": 6.0}
{"timestamp_unix": 1772443070.437165, "pid": 122609, "device_index": 0, "gpu_uuid": "GPU-6f954bfd-7081-31b7-f15c-f9a174bf4d7f", "gpu_util_percent": 28.0, "gpu_mem_util_percent": 7.0, "gpu_mem_used_mib": 42341.0, "gpu_mem_total_mib": 49140.0, "gpu_power_w": 100.96, "process_present": true, "process_mem_mib": 41844.0, "process_mem_share_percent": 85.15262515262515, "process_util_available": true, "process_util_backend": "nvml", "process_sm_util_percent": 27.0, "process_mem_util_percent": 6.0}
{"timestamp_unix": 1772443070.744306, "pid": 122609, "device_index": 0, "gpu_uuid": "GPU-6f954bfd-7081-31b7-f15c-f9a174bf4d7f", "gpu_util_percent": 28.0, "gpu_mem_util_percent": 7.0, "gpu_mem_used_mib": 42341.0, "gpu_mem_total_mib": 49140.0, "gpu_power_w": 100.96, "process_present": true, "process_mem_mib": 41844.0, "process_mem_share_percent": 85.15262515262515, "process_util_available": true, "process_util_backend": "nvml", "process_sm_util_percent": 26.0, "process_mem_util_percent": 5.0}
{"timestamp_unix": 1772443071.0512242, "pid": 122609, "device_index": 0, "gpu_uuid": "GPU-6f954bfd-7081-31b7-f15c-f9a174bf4d7f", "gpu_util_percent": 26.0, "gpu_mem_util_percent": 5.0, "gpu_mem_used_mib": 42341.0, "gpu_mem_total_mib": 49140.0, "gpu_power_w": 100.39, "process_present": true, "process_mem_mib": 41844.0, "process_mem_share_percent": 85.15262515262515, "process_util_available": true, "process_util_backend": "nvml", "process_sm_util_percent": 25.0, "process_mem_util_percent": 4.0}
{"timestamp_unix": 1772443071.3409185, "pid": 122609, "device_index": 0, "gpu_uuid": "GPU-6f954bfd-7081-31b7-f15c-f9a174bf4d7f", "gpu_util_percent": 26.0, "gpu_mem_util_percent": 5.0, "gpu_mem_used_mib": 42335.0, "gpu_mem_total_mib": 49140.0, "gpu_power_w": 99.24, "process_present": true, "process_mem_mib": 41844.0, "process_mem_share_percent": 85.15262515262515, "process_util_available": true, "process_util_backend": "nvml", "process_sm_util_percent": 25.0, "process_mem_util_percent": 4.0}
{"timestamp_unix": 1772443071.6342797, "pid": 122609, "device_index": 0, "gpu_uuid": "GPU-6f954bfd-7081-31b7-f15c-f9a174bf4d7f", "gpu_util_percent": 26.0, "gpu_mem_util_percent": 5.0, "gpu_mem_used_mib": 42335.0, "gpu_mem_total_mib": 49140.0, "gpu_power_w": 99.24, "process_present": true, "process_mem_mib": 41844.0, "process_mem_share_percent": 85.15262515262515, "process_util_available": true, "process_util_backend": "nvml", "process_sm_util_percent": 25.0, "process_mem_util_percent": 4.0}
{"timestamp_unix": 1772443071.9265747, "pid": 122609, "device_index": 0, "gpu_uuid": "GPU-6f954bfd-7081-31b7-f15c-f9a174bf4d7f", "gpu_util_percent": 26.0, "gpu_mem_util_percent": 4.0, "gpu_mem_used_mib": 42335.0, "gpu_mem_total_mib": 49140.0, "gpu_power_w": 98.15, "process_present": true, "process_mem_mib": 41844.0, "process_mem_share_percent": 85.15262515262515, "process_util_available": true, "process_util_backend": "nvml", "process_sm_util_percent": 25.0, "process_mem_util_percent": 4.0}
{"timestamp_unix": 1772443072.2224298, "pid": 122609, "device_index": 0, "gpu_uuid": "GPU-6f954bfd-7081-31b7-f15c-f9a174bf4d7f", "gpu_util_percent": 26.0, "gpu_mem_util_percent": 4.0, "gpu_mem_used_mib": 42335.0, "gpu_mem_total_mib": 49140.0, "gpu_power_w": 98.15, "process_present": true, "process_mem_mib": 41844.0, "process_mem_share_percent": 85.15262515262515, "process_util_available": true, "process_util_backend": "nvml", "process_sm_util_percent": 20.0, "process_mem_util_percent": 3.0}
{"timestamp_unix": 1772443072.5183008, "pid": 122609, "device_index": 0, "gpu_uuid": "GPU-6f954bfd-7081-31b7-f15c-f9a174bf4d7f", "gpu_util_percent": 26.0, "gpu_mem_util_percent": 4.0, "gpu_mem_used_mib": 42335.0, "gpu_mem_total_mib": 49140.0, "gpu_power_w": 97.36, "process_present": true, "process_mem_mib": 41844.0, "process_mem_share_percent": 85.15262515262515, "process_util_available": true, "process_util_backend": "nvml", "process_sm_util_percent": 25.0, "process_mem_util_percent": 5.0}
{"timestamp_unix": 1772443072.8087757, "pid": 122609, "device_index": 0, "gpu_uuid": "GPU-6f954bfd-7081-31b7-f15c-f9a174bf4d7f", "gpu_util_percent": 25.0, "gpu_mem_util_percent": 6.0, "gpu_mem_used_mib": 42335.0, "gpu_mem_total_mib": 49140.0, "gpu_power_w": 98.48, "process_present": true, "process_mem_mib": 41844.0, "process_mem_share_percent": 85.15262515262515, "process_util_available": true, "process_util_backend": "nvml", "process_sm_util_percent": 25.0, "process_mem_util_percent": 6.0}
{"timestamp_unix": 1772443073.1178436, "pid": 122609, "device_index": 0, "gpu_uuid": "GPU-6f954bfd-7081-31b7-f15c-f9a174bf4d7f", "gpu_util_percent": 25.0, "gpu_mem_util_percent": 6.0, "gpu_mem_used_mib": 42334.0, "gpu_mem_total_mib": 49140.0, "gpu_power_w": 98.48, "process_present": true, "process_mem_mib": 41844.0, "process_mem_share_percent": 85.15262515262515, "process_util_available": true, "process_util_backend": "nvml", "process_sm_util_percent": 25.0, "process_mem_util_percent": 6.0}
{"timestamp_unix": 1772443073.4180222, "pid": 122609, "device_index": 0, "gpu_uuid": "GPU-6f954bfd-7081-31b7-f15c-f9a174bf4d7f", "gpu_util_percent": 25.0, "gpu_mem_util_percent": 6.0, "gpu_mem_used_mib": 42334.0, "gpu_mem_total_mib": 49140.0, "gpu_power_w": 100.52, "process_present": true, "process_mem_mib": 41844.0, "process_mem_share_percent": 85.15262515262515, "process_util_available": true, "process_util_backend": "nvml", "process_sm_util_percent": 26.0, "process_mem_util_percent": 6.0}
{"timestamp_unix": 1772443073.7166462, "pid": 122609, "device_index": 0, "gpu_uuid": "GPU-6f954bfd-7081-31b7-f15c-f9a174bf4d7f", "gpu_util_percent": 25.0, "gpu_mem_util_percent": 6.0, "gpu_mem_used_mib": 42334.0, "gpu_mem_total_mib": 49140.0, "gpu_power_w": 100.52, "process_present": true, "process_mem_mib": 41844.0, "process_mem_share_percent": 85.15262515262515, "process_util_available": true, "process_util_backend": "nvml", "process_sm_util_percent": 25.0, "process_mem_util_percent": 6.0}
{"timestamp_unix": 1772443074.009267, "pid": 122609, "device_index": 0, "gpu_uuid": "GPU-6f954bfd-7081-31b7-f15c-f9a174bf4d7f", "gpu_util_percent": 25.0, "gpu_mem_util_percent": 6.0, "gpu_mem_used_mib": 42334.0, "gpu_mem_total_mib": 49140.0, "gpu_power_w": 100.87, "process_present": true, "process_mem_mib": 41844.0, "process_mem_share_percent": 85.15262515262515, "process_util_available": true, "process_util_backend": "nvml", "process_sm_util_percent": 26.0, "process_mem_util_percent": 6.0}
{"timestamp_unix": 1772443074.3047915, "pid": 122609, "device_index": 0, "gpu_uuid": "GPU-6f954bfd-7081-31b7-f15c-f9a174bf4d7f", "gpu_util_percent": 25.0, "gpu_mem_util_percent": 6.0, "gpu_mem_used_mib": 42330.0, "gpu_mem_total_mib": 49140.0, "gpu_power_w": 101.05, "process_present": true, "process_mem_mib": 41844.0, "process_mem_share_percent": 85.15262515262515, "process_util_available": true, "process_util_backend": "nvml", "process_sm_util_percent": 26.0, "process_mem_util_percent": 6.0}
{"timestamp_unix": 1772443074.595969, "pid": 122609, "device_index": 0, "gpu_uuid": "GPU-6f954bfd-7081-31b7-f15c-f9a174bf4d7f", "gpu_util_percent": 25.0, "gpu_mem_util_percent": 6.0, "gpu_mem_used_mib": 42330.0, "gpu_mem_total_mib": 49140.0, "gpu_power_w": 101.05, "process_present": true, "process_mem_mib": 41844.0, "process_mem_share_percent": 85.15262515262515, "process_util_available": true, "process_util_backend": "nvml", "process_sm_util_percent": 26.0, "process_mem_util_percent": 6.0}
{"timestamp_unix": 1772443074.8889625, "pid": 122609, "device_index": 0, "gpu_uuid": "GPU-6f954bfd-7081-31b7-f15c-f9a174bf4d7f", "gpu_util_percent": 25.0, "gpu_mem_util_percent": 7.0, "gpu_mem_used_mib": 42330.0, "gpu_mem_total_mib": 49140.0, "gpu_power_w": 101.23, "process_present": true, "process_mem_mib": 41844.0, "process_mem_share_percent": 85.15262515262515, "process_util_available": true, "process_util_backend": "nvml", "process_sm_util_percent": 26.0, "process_mem_util_percent": 6.0}
{"timestamp_unix": 1772443075.1830177, "pid": 122609, "device_index": 0, "gpu_uuid": "GPU-6f954bfd-7081-31b7-f15c-f9a174bf4d7f", "gpu_util_percent": 25.0, "gpu_mem_util_percent": 7.0, "gpu_mem_used_mib": 42330.0, "gpu_mem_total_mib": 49140.0, "gpu_power_w": 101.23, "process_present": true, "process_mem_mib": 41844.0, "process_mem_share_percent": 85.15262515262515, "process_util_available": true, "process_util_backend": "nvml", "process_sm_util_percent": 26.0, "process_mem_util_percent": 6.0}
{"timestamp_unix": 1772443075.4755733, "pid": 122609, "device_index": 0, "gpu_uuid": "GPU-6f954bfd-7081-31b7-f15c-f9a174bf4d7f", "gpu_util_percent": 25.0, "gpu_mem_util_percent": 7.0, "gpu_mem_used_mib": 42330.0, "gpu_mem_total_mib": 49140.0, "gpu_power_w": 101.43, "process_present": true, "process_mem_mib": 41844.0, "process_mem_share_percent": 85.15262515262515, "process_util_available": true, "process_util_backend": "nvml", "process_sm_util_percent": 26.0, "process_mem_util_percent": 6.0}
{"timestamp_unix": 1772443075.7850873, "pid": 122609, "device_index": 0, "gpu_uuid": "GPU-6f954bfd-7081-31b7-f15c-f9a174bf4d7f", "gpu_util_percent": 25.0, "gpu_mem_util_percent": 7.0, "gpu_mem_used_mib": 42330.0, "gpu_mem_total_mib": 49140.0, "gpu_power_w": 101.43, "process_present": true, "process_mem_mib": 41844.0, "process_mem_share_percent": 85.15262515262515, "process_util_available": true, "process_util_backend": "nvml", "process_sm_util_percent": 26.0, "process_mem_util_percent": 6.0}
{"timestamp_unix": 1772443076.0880992, "pid": 122609, "device_index": 0, "gpu_uuid": "GPU-6f954bfd-7081-31b7-f15c-f9a174bf4d7f", "gpu_util_percent": 26.0, "gpu_mem_util_percent": 7.0, "gpu_mem_used_mib": 42562.0, "gpu_mem_total_mib": 49140.0, "gpu_power_w": 101.73, "process_present": true, "process_mem_mib": 42134.0, "process_mem_share_percent": 85.74277574277575, "process_util_available": true, "process_util_backend": "nvml", "process_sm_util_percent": 26.0, "process_mem_util_percent": 6.0}
{"timestamp_unix": 1772443076.3964663, "pid": 122609, "device_index": 0, "gpu_uuid": "GPU-6f954bfd-7081-31b7-f15c-f9a174bf4d7f", "gpu_util_percent": 26.0, "gpu_mem_util_percent": 7.0, "gpu_mem_used_mib": 43084.0, "gpu_mem_total_mib": 49140.0, "gpu_power_w": 101.94, "process_present": true, "process_mem_mib": 42656.0, "process_mem_share_percent": 86.8050468050468, "process_util_available": true, "process_util_backend": "nvml", "process_sm_util_percent": 26.0, "process_mem_util_percent": 6.0}
{"timestamp_unix": 1772443076.6907094, "pid": 122609, "device_index": 0, "gpu_uuid": "GPU-6f954bfd-7081-31b7-f15c-f9a174bf4d7f", "gpu_util_percent": 26.0, "gpu_mem_util_percent": 7.0, "gpu_mem_used_mib": 43258.0, "gpu_mem_total_mib": 49140.0, "gpu_power_w": 101.94, "process_present": true, "process_mem_mib": 42772.0, "process_mem_share_percent": 87.04110704110704, "process_util_available": true, "process_util_backend": "nvml", "process_sm_util_percent": null, "process_mem_util_percent": null}
{"timestamp_unix": 1772443076.9956918, "pid": 122609, "device_index": 0, "gpu_uuid": "GPU-6f954bfd-7081-31b7-f15c-f9a174bf4d7f", "gpu_util_percent": 14.0, "gpu_mem_util_percent": 1.0, "gpu_mem_used_mib": 43860.0, "gpu_mem_total_mib": 49140.0, "gpu_power_w": 98.17, "process_present": true, "process_mem_mib": 43374.0, "process_mem_share_percent": 88.26617826617826, "process_util_available": true, "process_util_backend": "nvml", "process_sm_util_percent": 21.0, "process_mem_util_percent": 5.0}
{"timestamp_unix": 1772443077.2889872, "pid": 122609, "device_index": 0, "gpu_uuid": "GPU-6f954bfd-7081-31b7-f15c-f9a174bf4d7f", "gpu_util_percent": 14.0, "gpu_mem_util_percent": 1.0, "gpu_mem_used_mib": 43860.0, "gpu_mem_total_mib": 49140.0, "gpu_power_w": 98.17, "process_present": true, "process_mem_mib": 43374.0, "process_mem_share_percent": 88.26617826617826, "process_util_available": true, "process_util_backend": "nvml", "process_sm_util_percent": 31.0, "process_mem_util_percent": 11.0}
{"timestamp_unix": 1772443077.5822704, "pid": 122609, "device_index": 0, "gpu_uuid": "GPU-6f954bfd-7081-31b7-f15c-f9a174bf4d7f", "gpu_util_percent": 14.0, "gpu_mem_util_percent": 1.0, "gpu_mem_used_mib": 43860.0, "gpu_mem_total_mib": 49140.0, "gpu_power_w": 100.54, "process_present": true, "process_mem_mib": 43374.0, "process_mem_share_percent": 88.26617826617826, "process_util_available": true, "process_util_backend": "nvml", "process_sm_util_percent": 30.0, "process_mem_util_percent": 11.0}
{"timestamp_unix": 1772443077.8733783, "pid": 122609, "device_index": 0, "gpu_uuid": "GPU-6f954bfd-7081-31b7-f15c-f9a174bf4d7f", "gpu_util_percent": 29.0, "gpu_mem_util_percent": 12.0, "gpu_mem_used_mib": 43860.0, "gpu_mem_total_mib": 49140.0, "gpu_power_w": 105.53, "process_present": true, "process_mem_mib": 43374.0, "process_mem_share_percent": 88.26617826617826, "process_util_available": true, "process_util_backend": "nvml", "process_sm_util_percent": 28.0, "process_mem_util_percent": 11.0}
{"timestamp_unix": 1772443078.1693192, "pid": 122609, "device_index": 0, "gpu_uuid": "GPU-6f954bfd-7081-31b7-f15c-f9a174bf4d7f", "gpu_util_percent": 29.0, "gpu_mem_util_percent": 12.0, "gpu_mem_used_mib": 43860.0, "gpu_mem_total_mib": 49140.0, "gpu_power_w": 105.53, "process_present": true, "process_mem_mib": 43374.0, "process_mem_share_percent": 88.26617826617826, "process_util_available": true, "process_util_backend": "nvml", "process_sm_util_percent": 28.0, "process_mem_util_percent": 11.0}
{"timestamp_unix": 1772443078.4789586, "pid": 122609, "device_index": 0, "gpu_uuid": "GPU-6f954bfd-7081-31b7-f15c-f9a174bf4d7f", "gpu_util_percent": 29.0, "gpu_mem_util_percent": 12.0, "gpu_mem_used_mib": 43860.0, "gpu_mem_total_mib": 49140.0, "gpu_power_w": 107.82, "process_present": true, "process_mem_mib": 43374.0, "process_mem_share_percent": 88.26617826617826, "process_util_available": true, "process_util_backend": "nvml", "process_sm_util_percent": 28.0, "process_mem_util_percent": 10.0}
{"timestamp_unix": 1772443078.783536, "pid": 122609, "device_index": 0, "gpu_uuid": "GPU-6f954bfd-7081-31b7-f15c-f9a174bf4d7f", "gpu_util_percent": 29.0, "gpu_mem_util_percent": 12.0, "gpu_mem_used_mib": 43860.0, "gpu_mem_total_mib": 49140.0, "gpu_power_w": 107.82, "process_present": true, "process_mem_mib": 43374.0, "process_mem_share_percent": 88.26617826617826, "process_util_available": true, "process_util_backend": "nvml", "process_sm_util_percent": 27.0, "process_mem_util_percent": 11.0}
{"timestamp_unix": 1772443079.0842257, "pid": 122609, "device_index": 0, "gpu_uuid": "GPU-6f954bfd-7081-31b7-f15c-f9a174bf4d7f", "gpu_util_percent": 26.0, "gpu_mem_util_percent": 11.0, "gpu_mem_used_mib": 43860.0, "gpu_mem_total_mib": 49140.0, "gpu_power_w": 107.54, "process_present": true, "process_mem_mib": 43374.0, "process_mem_share_percent": 88.26617826617826, "process_util_available": true, "process_util_backend": "nvml", "process_sm_util_percent": 26.0, "process_mem_util_percent": 10.0}
{"timestamp_unix": 1772443079.3860164, "pid": 122609, "device_index": 0, "gpu_uuid": "GPU-6f954bfd-7081-31b7-f15c-f9a174bf4d7f", "gpu_util_percent": 26.0, "gpu_mem_util_percent": 11.0, "gpu_mem_used_mib": 43864.0, "gpu_mem_total_mib": 49140.0, "gpu_power_w": 107.06, "process_present": true, "process_mem_mib": 43374.0, "process_mem_share_percent": 88.26617826617826, "process_util_available": true, "process_util_backend": "nvml", "process_sm_util_percent": 28.0, "process_mem_util_percent": 10.0}
{"timestamp_unix": 1772443079.6774697, "pid": 122609, "device_index": 0, "gpu_uuid": "GPU-6f954bfd-7081-31b7-f15c-f9a174bf4d7f", "gpu_util_percent": 26.0, "gpu_mem_util_percent": 11.0, "gpu_mem_used_mib": 43864.0, "gpu_mem_total_mib": 49140.0, "gpu_power_w": 107.06, "process_present": true, "process_mem_mib": 43374.0, "process_mem_share_percent": 88.26617826617826, "process_util_available": true, "process_util_backend": "nvml", "process_sm_util_percent": 27.0, "process_mem_util_percent": 10.0}
{"timestamp_unix": 1772443079.971838, "pid": 122609, "device_index": 0, "gpu_uuid": "GPU-6f954bfd-7081-31b7-f15c-f9a174bf4d7f", "gpu_util_percent": 27.0, "gpu_mem_util_percent": 11.0, "gpu_mem_used_mib": 43864.0, "gpu_mem_total_mib": 49140.0, "gpu_power_w": 106.72, "process_present": true, "process_mem_mib": 43374.0, "process_mem_share_percent": 88.26617826617826, "process_util_available": true, "process_util_backend": "nvml", "process_sm_util_percent": 28.0, "process_mem_util_percent": 10.0}
{"timestamp_unix": 1772443080.2657795, "pid": 122609, "device_index": 0, "gpu_uuid": "GPU-6f954bfd-7081-31b7-f15c-f9a174bf4d7f", "gpu_util_percent": 27.0, "gpu_mem_util_percent": 11.0, "gpu_mem_used_mib": 43864.0, "gpu_mem_total_mib": 49140.0, "gpu_power_w": 106.72, "process_present": true, "process_mem_mib": 43374.0, "process_mem_share_percent": 88.26617826617826, "process_util_available": true, "process_util_backend": "nvml", "process_sm_util_percent": 28.0, "process_mem_util_percent": 10.0}
{"timestamp_unix": 1772443080.5561845, "pid": 122609, "device_index": 0, "gpu_uuid": "GPU-6f954bfd-7081-31b7-f15c-f9a174bf4d7f", "gpu_util_percent": 27.0, "gpu_mem_util_percent": 11.0, "gpu_mem_used_mib": 43864.0, "gpu_mem_total_mib": 49140.0, "gpu_power_w": 106.39, "process_present": true, "process_mem_mib": 43374.0, "process_mem_share_percent": 88.26617826617826, "process_util_available": true, "process_util_backend": "nvml", "process_sm_util_percent": 29.0, "process_mem_util_percent": 9.0}
{"timestamp_unix": 1772443080.848899, "pid": 122609, "device_index": 0, "gpu_uuid": "GPU-6f954bfd-7081-31b7-f15c-f9a174bf4d7f", "gpu_util_percent": 27.0, "gpu_mem_util_percent": 9.0, "gpu_mem_used_mib": 43864.0, "gpu_mem_total_mib": 49140.0, "gpu_power_w": 105.64, "process_present": true, "process_mem_mib": 43374.0, "process_mem_share_percent": 88.26617826617826, "process_util_available": true, "process_util_backend": "nvml", "process_sm_util_percent": null, "process_mem_util_percent": null}
{"timestamp_unix": 1772443081.1398895, "pid": 122609, "device_index": 0, "gpu_uuid": "GPU-6f954bfd-7081-31b7-f15c-f9a174bf4d7f", "gpu_util_percent": 27.0, "gpu_mem_util_percent": 9.0, "gpu_mem_used_mib": 43873.0, "gpu_mem_total_mib": 49140.0, "gpu_power_w": 105.64, "process_present": true, "process_mem_mib": 43374.0, "process_mem_share_percent": 88.26617826617826, "process_util_available": true, "process_util_backend": "nvml", "process_sm_util_percent": null, "process_mem_util_percent": null}
{"timestamp_unix": 1772443081.4592779, "pid": 122609, "device_index": 0, "gpu_uuid": "GPU-6f954bfd-7081-31b7-f15c-f9a174bf4d7f", "gpu_util_percent": 27.0, "gpu_mem_util_percent": 9.0, "gpu_mem_used_mib": 43873.0, "gpu_mem_total_mib": 49140.0, "gpu_power_w": 105.04, "process_present": true, "process_mem_mib": 43374.0, "process_mem_share_percent": 88.26617826617826, "process_util_available": true, "process_util_backend": "nvml", "process_sm_util_percent": 29.0, "process_mem_util_percent": 8.0}
{"timestamp_unix": 1772443081.767781, "pid": 122609, "device_index": 0, "gpu_uuid": "GPU-6f954bfd-7081-31b7-f15c-f9a174bf4d7f", "gpu_util_percent": 27.0, "gpu_mem_util_percent": 9.0, "gpu_mem_used_mib": 43873.0, "gpu_mem_total_mib": 49140.0, "gpu_power_w": 105.04, "process_present": true, "process_mem_mib": 43374.0, "process_mem_share_percent": 88.26617826617826, "process_util_available": true, "process_util_backend": "nvml", "process_sm_util_percent": 27.0, "process_mem_util_percent": 6.0}
{"timestamp_unix": 1772443082.066297, "pid": 122609, "device_index": 0, "gpu_uuid": "GPU-6f954bfd-7081-31b7-f15c-f9a174bf4d7f", "gpu_util_percent": 26.0, "gpu_mem_util_percent": 6.0, "gpu_mem_used_mib": 43873.0, "gpu_mem_total_mib": 49140.0, "gpu_power_w": 103.37, "process_present": true, "process_mem_mib": 43374.0, "process_mem_share_percent": 88.26617826617826, "process_util_available": true, "process_util_backend": "nvml", "process_sm_util_percent": 27.0, "process_mem_util_percent": 6.0}
{"timestamp_unix": 1772443082.3582773, "pid": 122609, "device_index": 0, "gpu_uuid": "GPU-6f954bfd-7081-31b7-f15c-f9a174bf4d7f", "gpu_util_percent": 26.0, "gpu_mem_util_percent": 6.0, "gpu_mem_used_mib": 43873.0, "gpu_mem_total_mib": 49140.0, "gpu_power_w": 101.8, "process_present": true, "process_mem_mib": 43374.0, "process_mem_share_percent": 88.26617826617826, "process_util_available": true, "process_util_backend": "nvml", "process_sm_util_percent": null, "process_mem_util_percent": null}
{"timestamp_unix": 1772443082.652954, "pid": 122609, "device_index": 0, "gpu_uuid": "GPU-6f954bfd-7081-31b7-f15c-f9a174bf4d7f", "gpu_util_percent": 26.0, "gpu_mem_util_percent": 6.0, "gpu_mem_used_mib": 43873.0, "gpu_mem_total_mib": 49140.0, "gpu_power_w": 101.8, "process_present": true, "process_mem_mib": 43374.0, "process_mem_share_percent": 88.26617826617826, "process_util_available": true, "process_util_backend": "nvml", "process_sm_util_percent": 26.0, "process_mem_util_percent": 5.0}
{"timestamp_unix": 1772443082.947312, "pid": 122609, "device_index": 0, "gpu_uuid": "GPU-6f954bfd-7081-31b7-f15c-f9a174bf4d7f", "gpu_util_percent": 26.0, "gpu_mem_util_percent": 6.0, "gpu_mem_used_mib": 43873.0, "gpu_mem_total_mib": 49140.0, "gpu_power_w": 100.83, "process_present": true, "process_mem_mib": 43374.0, "process_mem_share_percent": 88.26617826617826, "process_util_available": true, "process_util_backend": "nvml", "process_sm_util_percent": null, "process_mem_util_percent": null}
{"timestamp_unix": 1772443083.2407045, "pid": 122609, "device_index": 0, "gpu_uuid": "GPU-6f954bfd-7081-31b7-f15c-f9a174bf4d7f", "gpu_util_percent": 26.0, "gpu_mem_util_percent": 6.0, "gpu_mem_used_mib": 43873.0, "gpu_mem_total_mib": 49140.0, "gpu_power_w": 100.83, "process_present": true, "process_mem_mib": 43374.0, "process_mem_share_percent": 88.26617826617826, "process_util_available": true, "process_util_backend": "nvml", "process_sm_util_percent": 27.0, "process_mem_util_percent": 7.0}
{"timestamp_unix": 1772443083.536239, "pid": 122609, "device_index": 0, "gpu_uuid": "GPU-6f954bfd-7081-31b7-f15c-f9a174bf4d7f", "gpu_util_percent": 26.0, "gpu_mem_util_percent": 6.0, "gpu_mem_used_mib": 43874.0, "gpu_mem_total_mib": 49140.0, "gpu_power_w": 100.68, "process_present": true, "process_mem_mib": 43374.0, "process_mem_share_percent": 88.26617826617826, "process_util_available": true, "process_util_backend": "nvml", "process_sm_util_percent": 27.0, "process_mem_util_percent": 6.0}
{"timestamp_unix": 1772443083.8259604, "pid": 122609, "device_index": 0, "gpu_uuid": "GPU-6f954bfd-7081-31b7-f15c-f9a174bf4d7f", "gpu_util_percent": 27.0, "gpu_mem_util_percent": 8.0, "gpu_mem_used_mib": 43874.0, "gpu_mem_total_mib": 49140.0, "gpu_power_w": 101.89, "process_present": true, "process_mem_mib": 43374.0, "process_mem_share_percent": 88.26617826617826, "process_util_available": true, "process_util_backend": "nvml", "process_sm_util_percent": 27.0, "process_mem_util_percent": 7.0}
{"timestamp_unix": 1772443084.1602752, "pid": 122609, "device_index": 0, "gpu_uuid": "GPU-6f954bfd-7081-31b7-f15c-f9a174bf4d7f", "gpu_util_percent": 27.0, "gpu_mem_util_percent": 8.0, "gpu_mem_used_mib": 43874.0, "gpu_mem_total_mib": 49140.0, "gpu_power_w": 101.89, "process_present": true, "process_mem_mib": 43374.0, "process_mem_share_percent": 88.26617826617826, "process_util_available": true, "process_util_backend": "nvml", "process_sm_util_percent": 26.0, "process_mem_util_percent": 7.0}
{"timestamp_unix": 1772443084.468249, "pid": 122609, "device_index": 0, "gpu_uuid": "GPU-6f954bfd-7081-31b7-f15c-f9a174bf4d7f", "gpu_util_percent": 27.0, "gpu_mem_util_percent": 8.0, "gpu_mem_used_mib": 43874.0, "gpu_mem_total_mib": 49140.0, "gpu_power_w": 103.19, "process_present": true, "process_mem_mib": 43374.0, "process_mem_share_percent": 88.26617826617826, "process_util_available": true, "process_util_backend": "nvml", "process_sm_util_percent": 27.0, "process_mem_util_percent": 7.0}
{"timestamp_unix": 1772443084.7682652, "pid": 122609, "device_index": 0, "gpu_uuid": "GPU-6f954bfd-7081-31b7-f15c-f9a174bf4d7f", "gpu_util_percent": 27.0, "gpu_mem_util_percent": 8.0, "gpu_mem_used_mib": 43874.0, "gpu_mem_total_mib": 49140.0, "gpu_power_w": 103.19, "process_present": true, "process_mem_mib": 43374.0, "process_mem_share_percent": 88.26617826617826, "process_util_available": true, "process_util_backend": "nvml", "process_sm_util_percent": 26.0, "process_mem_util_percent": 7.0}
{"timestamp_unix": 1772443085.0597286, "pid": 122609, "device_index": 0, "gpu_uuid": "GPU-6f954bfd-7081-31b7-f15c-f9a174bf4d7f", "gpu_util_percent": 27.0, "gpu_mem_util_percent": 7.0, "gpu_mem_used_mib": 43874.0, "gpu_mem_total_mib": 49140.0, "gpu_power_w": 103.27, "process_present": true, "process_mem_mib": 43374.0, "process_mem_share_percent": 88.26617826617826, "process_util_available": true, "process_util_backend": "nvml", "process_sm_util_percent": 27.0, "process_mem_util_percent": 7.0}
{"timestamp_unix": 1772443085.3533654, "pid": 122609, "device_index": 0, "gpu_uuid": "GPU-6f954bfd-7081-31b7-f15c-f9a174bf4d7f", "gpu_util_percent": 27.0, "gpu_mem_util_percent": 7.0, "gpu_mem_used_mib": 43874.0, "gpu_mem_total_mib": 49140.0, "gpu_power_w": 103.79, "process_present": true, "process_mem_mib": 43374.0, "process_mem_share_percent": 88.26617826617826, "process_util_available": true, "process_util_backend": "nvml", "process_sm_util_percent": 27.0, "process_mem_util_percent": 7.0}
{"timestamp_unix": 1772443085.6452029, "pid": 122609, "device_index": 0, "gpu_uuid": "GPU-6f954bfd-7081-31b7-f15c-f9a174bf4d7f", "gpu_util_percent": 27.0, "gpu_mem_util_percent": 7.0, "gpu_mem_used_mib": 43873.0, "gpu_mem_total_mib": 49140.0, "gpu_power_w": 103.79, "process_present": true, "process_mem_mib": 43374.0, "process_mem_share_percent": 88.26617826617826, "process_util_available": true, "process_util_backend": "nvml", "process_sm_util_percent": 27.0, "process_mem_util_percent": 7.0}
{"timestamp_unix": 1772443085.946487, "pid": 122609, "device_index": 0, "gpu_uuid": "GPU-6f954bfd-7081-31b7-f15c-f9a174bf4d7f", "gpu_util_percent": 28.0, "gpu_mem_util_percent": 8.0, "gpu_mem_used_mib": 44089.0, "gpu_mem_total_mib": 49140.0, "gpu_power_w": 104.08, "process_present": true, "process_mem_mib": 43662.0, "process_mem_share_percent": 88.85225885225884, "process_util_available": true, "process_util_backend": "nvml", "process_sm_util_percent": 27.0, "process_mem_util_percent": 7.0}
{"timestamp_unix": 1772443086.2401624, "pid": 122609, "device_index": 0, "gpu_uuid": "GPU-6f954bfd-7081-31b7-f15c-f9a174bf4d7f", "gpu_util_percent": 28.0, "gpu_mem_util_percent": 8.0, "gpu_mem_used_mib": 45181.0, "gpu_mem_total_mib": 49140.0, "gpu_power_w": 104.08, "process_present": true, "process_mem_mib": 44718.0, "process_mem_share_percent": 91.001221001221, "process_util_available": true, "process_util_backend": "nvml", "process_sm_util_percent": 27.0, "process_mem_util_percent": 7.0}
{"timestamp_unix": 1772443086.5351164, "pid": 122609, "device_index": 0, "gpu_uuid": "GPU-6f954bfd-7081-31b7-f15c-f9a174bf4d7f", "gpu_util_percent": 28.0, "gpu_mem_util_percent": 8.0, "gpu_mem_used_mib": 45505.0, "gpu_mem_total_mib": 49140.0, "gpu_power_w": 104.29, "process_present": true, "process_mem_mib": 45042.0, "process_mem_share_percent": 91.66056166056165, "process_util_available": true, "process_util_backend": "nvml", "process_sm_util_percent": 27.0, "process_mem_util_percent": 7.0}
{"timestamp_unix": 1772443086.835183, "pid": 122609, "device_index": 0, "gpu_uuid": "GPU-6f954bfd-7081-31b7-f15c-f9a174bf4d7f", "gpu_util_percent": 28.0, "gpu_mem_util_percent": 8.0, "gpu_mem_used_mib": 45829.0, "gpu_mem_total_mib": 49140.0, "gpu_power_w": 104.44, "process_present": true, "process_mem_mib": 45366.0, "process_mem_share_percent": 92.31990231990233, "process_util_available": true, "process_util_backend": "nvml", "process_sm_util_percent": 27.0, "process_mem_util_percent": 7.0}
{"timestamp_unix": 1772443087.1452284, "pid": 122609, "device_index": 0, "gpu_uuid": "GPU-6f954bfd-7081-31b7-f15c-f9a174bf4d7f", "gpu_util_percent": 28.0, "gpu_mem_util_percent": 8.0, "gpu_mem_used_mib": 46153.0, "gpu_mem_total_mib": 49140.0, "gpu_power_w": 104.44, "process_present": true, "process_mem_mib": 45690.0, "process_mem_share_percent": 92.97924297924298, "process_util_available": true, "process_util_backend": "nvml", "process_sm_util_percent": 28.0, "process_mem_util_percent": 7.0}
{"timestamp_unix": 1772443087.4624245, "pid": 122609, "device_index": 0, "gpu_uuid": "GPU-6f954bfd-7081-31b7-f15c-f9a174bf4d7f", "gpu_util_percent": 28.0, "gpu_mem_util_percent": 8.0, "gpu_mem_used_mib": 46297.0, "gpu_mem_total_mib": 49140.0, "gpu_power_w": 104.6, "process_present": true, "process_mem_mib": 45798.0, "process_mem_share_percent": 93.1990231990232, "process_util_available": true, "process_util_backend": "nvml", "process_sm_util_percent": null, "process_mem_util_percent": null}
{"timestamp_unix": 1772443087.758424, "pid": 122609, "device_index": 0, "gpu_uuid": "GPU-6f954bfd-7081-31b7-f15c-f9a174bf4d7f", "gpu_util_percent": 28.0, "gpu_mem_util_percent": 8.0, "gpu_mem_used_mib": 47097.0, "gpu_mem_total_mib": 49140.0, "gpu_power_w": 104.6, "process_present": true, "process_mem_mib": 46598.0, "process_mem_share_percent": 94.82702482702483, "process_util_available": true, "process_util_backend": "nvml", "process_sm_util_percent": 14.0, "process_mem_util_percent": 4.0}
{"timestamp_unix": 1772443088.051498, "pid": 122609, "device_index": 0, "gpu_uuid": "GPU-6f954bfd-7081-31b7-f15c-f9a174bf4d7f", "gpu_util_percent": 32.0, "gpu_mem_util_percent": 14.0, "gpu_mem_used_mib": 47097.0, "gpu_mem_total_mib": 49140.0, "gpu_power_w": 100.15, "process_present": true, "process_mem_mib": 46598.0, "process_mem_share_percent": 94.82702482702483, "process_util_available": true, "process_util_backend": "nvml", "process_sm_util_percent": 33.0, "process_mem_util_percent": 14.0}
{"timestamp_unix": 1772443088.34427, "pid": 122609, "device_index": 0, "gpu_uuid": "GPU-6f954bfd-7081-31b7-f15c-f9a174bf4d7f", "gpu_util_percent": 32.0, "gpu_mem_util_percent": 14.0, "gpu_mem_used_mib": 47097.0, "gpu_mem_total_mib": 49140.0, "gpu_power_w": 104.19, "process_present": true, "process_mem_mib": 46598.0, "process_mem_share_percent": 94.82702482702483, "process_util_available": true, "process_util_backend": "nvml", "process_sm_util_percent": 34.0, "process_mem_util_percent": 14.0}
{"timestamp_unix": 1772443088.6364782, "pid": 122609, "device_index": 0, "gpu_uuid": "GPU-6f954bfd-7081-31b7-f15c-f9a174bf4d7f", "gpu_util_percent": 32.0, "gpu_mem_util_percent": 14.0, "gpu_mem_used_mib": 47097.0, "gpu_mem_total_mib": 49140.0, "gpu_power_w": 104.19, "process_present": true, "process_mem_mib": 46598.0, "process_mem_share_percent": 94.82702482702483, "process_util_available": true, "process_util_backend": "nvml", "process_sm_util_percent": 32.0, "process_mem_util_percent": 14.0}
{"timestamp_unix": 1772443088.9297276, "pid": 122609, "device_index": 0, "gpu_uuid": "GPU-6f954bfd-7081-31b7-f15c-f9a174bf4d7f", "gpu_util_percent": 33.0, "gpu_mem_util_percent": 15.0, "gpu_mem_used_mib": 47097.0, "gpu_mem_total_mib": 49140.0, "gpu_power_w": 112.77, "process_present": true, "process_mem_mib": 46598.0, "process_mem_share_percent": 94.82702482702483, "process_util_available": true, "process_util_backend": "nvml", "process_sm_util_percent": 33.0, "process_mem_util_percent": 14.0}
{"timestamp_unix": 1772443089.2437155, "pid": 122609, "device_index": 0, "gpu_uuid": "GPU-6f954bfd-7081-31b7-f15c-f9a174bf4d7f", "gpu_util_percent": 33.0, "gpu_mem_util_percent": 15.0, "gpu_mem_used_mib": 47097.0, "gpu_mem_total_mib": 49140.0, "gpu_power_w": 112.77, "process_present": true, "process_mem_mib": 46598.0, "process_mem_share_percent": 94.82702482702483, "process_util_available": true, "process_util_backend": "nvml", "process_sm_util_percent": 32.0, "process_mem_util_percent": 13.0}
{"timestamp_unix": 1772443089.5511236, "pid": 122609, "device_index": 0, "gpu_uuid": "GPU-6f954bfd-7081-31b7-f15c-f9a174bf4d7f", "gpu_util_percent": 33.0, "gpu_mem_util_percent": 15.0, "gpu_mem_used_mib": 47097.0, "gpu_mem_total_mib": 49140.0, "gpu_power_w": 112.44, "process_present": true, "process_mem_mib": 46598.0, "process_mem_share_percent": 94.82702482702483, "process_util_available": true, "process_util_backend": "nvml", "process_sm_util_percent": 33.0, "process_mem_util_percent": 13.0}
{"timestamp_unix": 1772443089.8521879, "pid": 122609, "device_index": 0, "gpu_uuid": "GPU-6f954bfd-7081-31b7-f15c-f9a174bf4d7f", "gpu_util_percent": 33.0, "gpu_mem_util_percent": 14.0, "gpu_mem_used_mib": 47097.0, "gpu_mem_total_mib": 49140.0, "gpu_power_w": 111.82, "process_present": true, "process_mem_mib": 46598.0, "process_mem_share_percent": 94.82702482702483, "process_util_available": true, "process_util_backend": "nvml", "process_sm_util_percent": 32.0, "process_mem_util_percent": 14.0}
{"timestamp_unix": 1772443090.1542885, "pid": 122609, "device_index": 0, "gpu_uuid": "GPU-6f954bfd-7081-31b7-f15c-f9a174bf4d7f", "gpu_util_percent": 33.0, "gpu_mem_util_percent": 14.0, "gpu_mem_used_mib": 47097.0, "gpu_mem_total_mib": 49140.0, "gpu_power_w": 111.82, "process_present": true, "process_mem_mib": 46598.0, "process_mem_share_percent": 94.82702482702483, "process_util_available": true, "process_util_backend": "nvml", "process_sm_util_percent": 32.0, "process_mem_util_percent": 13.0}
{"timestamp_unix": 1772443090.4500482, "pid": 122609, "device_index": 0, "gpu_uuid": "GPU-6f954bfd-7081-31b7-f15c-f9a174bf4d7f", "gpu_util_percent": 33.0, "gpu_mem_util_percent": 14.0, "gpu_mem_used_mib": 47097.0, "gpu_mem_total_mib": 49140.0, "gpu_power_w": 111.43, "process_present": true, "process_mem_mib": 46598.0, "process_mem_share_percent": 94.82702482702483, "process_util_available": true, "process_util_backend": "nvml", "process_sm_util_percent": 32.0, "process_mem_util_percent": 13.0}
{"timestamp_unix": 1772443090.741191, "pid": 122609, "device_index": 0, "gpu_uuid": "GPU-6f954bfd-7081-31b7-f15c-f9a174bf4d7f", "gpu_util_percent": 33.0, "gpu_mem_util_percent": 14.0, "gpu_mem_used_mib": 47097.0, "gpu_mem_total_mib": 49140.0, "gpu_power_w": 111.43, "process_present": true, "process_mem_mib": 46598.0, "process_mem_share_percent": 94.82702482702483, "process_util_available": true, "process_util_backend": "nvml", "process_sm_util_percent": 32.0, "process_mem_util_percent": 12.0}
{"timestamp_unix": 1772443091.0356007, "pid": 122609, "device_index": 0, "gpu_uuid": "GPU-6f954bfd-7081-31b7-f15c-f9a174bf4d7f", "gpu_util_percent": 35.0, "gpu_mem_util_percent": 14.0, "gpu_mem_used_mib": 47096.0, "gpu_mem_total_mib": 49140.0, "gpu_power_w": 111.31, "process_present": true, "process_mem_mib": 46598.0, "process_mem_share_percent": 94.82702482702483, "process_util_available": true, "process_util_backend": "nvml", "process_sm_util_percent": 33.0, "process_mem_util_percent": 13.0}
{"timestamp_unix": 1772443091.3265195, "pid": 122609, "device_index": 0, "gpu_uuid": "GPU-6f954bfd-7081-31b7-f15c-f9a174bf4d7f", "gpu_util_percent": 35.0, "gpu_mem_util_percent": 14.0, "gpu_mem_used_mib": 47096.0, "gpu_mem_total_mib": 49140.0, "gpu_power_w": 111.13, "process_present": true, "process_mem_mib": 46598.0, "process_mem_share_percent": 94.82702482702483, "process_util_available": true, "process_util_backend": "nvml", "process_sm_util_percent": 34.0, "process_mem_util_percent": 13.0}
{"timestamp_unix": 1772443091.6189153, "pid": 122609, "device_index": 0, "gpu_uuid": "GPU-6f954bfd-7081-31b7-f15c-f9a174bf4d7f", "gpu_util_percent": 35.0, "gpu_mem_util_percent": 14.0, "gpu_mem_used_mib": 47096.0, "gpu_mem_total_mib": 49140.0, "gpu_power_w": 111.13, "process_present": true, "process_mem_mib": 46598.0, "process_mem_share_percent": 94.82702482702483, "process_util_available": true, "process_util_backend": "nvml", "process_sm_util_percent": 33.0, "process_mem_util_percent": 12.0}
{"timestamp_unix": 1772443091.9112356, "pid": 122609, "device_index": 0, "gpu_uuid": "GPU-6f954bfd-7081-31b7-f15c-f9a174bf4d7f", "gpu_util_percent": 34.0, "gpu_mem_util_percent": 13.0, "gpu_mem_used_mib": 47096.0, "gpu_mem_total_mib": 49140.0, "gpu_power_w": 110.89, "process_present": true, "process_mem_mib": 46598.0, "process_mem_share_percent": 94.82702482702483, "process_util_available": true, "process_util_backend": "nvml", "process_sm_util_percent": 33.0, "process_mem_util_percent": 12.0}
{"timestamp_unix": 1772443092.2167742, "pid": 122609, "device_index": 0, "gpu_uuid": "GPU-6f954bfd-7081-31b7-f15c-f9a174bf4d7f", "gpu_util_percent": 34.0, "gpu_mem_util_percent": 13.0, "gpu_mem_used_mib": 47095.0, "gpu_mem_total_mib": 49140.0, "gpu_power_w": 110.89, "process_present": true, "process_mem_mib": 46598.0, "process_mem_share_percent": 94.82702482702483, "process_util_available": true, "process_util_backend": "nvml", "process_sm_util_percent": 33.0, "process_mem_util_percent": 13.0}
{"timestamp_unix": 1772443092.5268989, "pid": 122609, "device_index": 0, "gpu_uuid": "GPU-6f954bfd-7081-31b7-f15c-f9a174bf4d7f", "gpu_util_percent": 34.0, "gpu_mem_util_percent": 13.0, "gpu_mem_used_mib": 47095.0, "gpu_mem_total_mib": 49140.0, "gpu_power_w": 110.06, "process_present": true, "process_mem_mib": 46598.0, "process_mem_share_percent": 94.82702482702483, "process_util_available": true, "process_util_backend": "nvml", "process_sm_util_percent": 30.0, "process_mem_util_percent": 7.0}
{"timestamp_unix": 1772443092.8377464, "pid": 122609, "device_index": 0, "gpu_uuid": "GPU-6f954bfd-7081-31b7-f15c-f9a174bf4d7f", "gpu_util_percent": 30.0, "gpu_mem_util_percent": 8.0, "gpu_mem_used_mib": 47095.0, "gpu_mem_total_mib": 49140.0, "gpu_power_w": 107.06, "process_present": true, "process_mem_mib": 46598.0, "process_mem_share_percent": 94.82702482702483, "process_util_available": true, "process_util_backend": "nvml", "process_sm_util_percent": 29.0, "process_mem_util_percent": 7.0}
{"timestamp_unix": 1772443093.1279428, "pid": 122609, "device_index": 0, "gpu_uuid": "GPU-6f954bfd-7081-31b7-f15c-f9a174bf4d7f", "gpu_util_percent": 30.0, "gpu_mem_util_percent": 8.0, "gpu_mem_used_mib": 47095.0, "gpu_mem_total_mib": 49140.0, "gpu_power_w": 107.06, "process_present": true, "process_mem_mib": 46598.0, "process_mem_share_percent": 94.82702482702483, "process_util_available": true, "process_util_backend": "nvml", "process_sm_util_percent": 29.0, "process_mem_util_percent": 7.0}
{"timestamp_unix": 1772443093.422188, "pid": 122609, "device_index": 0, "gpu_uuid": "GPU-6f954bfd-7081-31b7-f15c-f9a174bf4d7f", "gpu_util_percent": 30.0, "gpu_mem_util_percent": 8.0, "gpu_mem_used_mib": 47095.0, "gpu_mem_total_mib": 49140.0, "gpu_power_w": 103.95, "process_present": true, "process_mem_mib": 46598.0, "process_mem_share_percent": 94.82702482702483, "process_util_available": true, "process_util_backend": "nvml", "process_sm_util_percent": 29.0, "process_mem_util_percent": 7.0}
{"timestamp_unix": 1772443093.7201014, "pid": 122609, "device_index": 0, "gpu_uuid": "GPU-6f954bfd-7081-31b7-f15c-f9a174bf4d7f", "gpu_util_percent": 30.0, "gpu_mem_util_percent": 8.0, "gpu_mem_used_mib": 47095.0, "gpu_mem_total_mib": 49140.0, "gpu_power_w": 103.95, "process_present": true, "process_mem_mib": 46598.0, "process_mem_share_percent": 94.82702482702483, "process_util_available": true, "process_util_backend": "nvml", "process_sm_util_percent": 15.0, "process_mem_util_percent": 3.0}
{"timestamp_unix": 1772443094.011261, "pid": 122609, "device_index": 0, "gpu_uuid": "GPU-6f954bfd-7081-31b7-f15c-f9a174bf4d7f", "gpu_util_percent": 21.0, "gpu_mem_util_percent": 4.0, "gpu_mem_used_mib": 47095.0, "gpu_mem_total_mib": 49140.0, "gpu_power_w": 102.55, "process_present": true, "process_mem_mib": 46598.0, "process_mem_share_percent": 94.82702482702483, "process_util_available": true, "process_util_backend": "nvml", "process_sm_util_percent": 23.0, "process_mem_util_percent": 5.0}
{"timestamp_unix": 1772443094.30513, "pid": 122609, "device_index": 0, "gpu_uuid": "GPU-6f954bfd-7081-31b7-f15c-f9a174bf4d7f", "gpu_util_percent": 21.0, "gpu_mem_util_percent": 4.0, "gpu_mem_used_mib": 47095.0, "gpu_mem_total_mib": 49140.0, "gpu_power_w": 101.66, "process_present": true, "process_mem_mib": 46598.0, "process_mem_share_percent": 94.82702482702483, "process_util_available": true, "process_util_backend": "nvml", "process_sm_util_percent": 28.0, "process_mem_util_percent": 7.0}
{"timestamp_unix": 1772443094.6012573, "pid": 122609, "device_index": 0, "gpu_uuid": "GPU-6f954bfd-7081-31b7-f15c-f9a174bf4d7f", "gpu_util_percent": 21.0, "gpu_mem_util_percent": 4.0, "gpu_mem_used_mib": 47095.0, "gpu_mem_total_mib": 49140.0, "gpu_power_w": 101.66, "process_present": true, "process_mem_mib": 46598.0, "process_mem_share_percent": 94.82702482702483, "process_util_available": true, "process_util_backend": "nvml", "process_sm_util_percent": 15.0, "process_mem_util_percent": 3.0}
{"timestamp_unix": 1772443094.904442, "pid": 122609, "device_index": 0, "gpu_uuid": "GPU-6f954bfd-7081-31b7-f15c-f9a174bf4d7f", "gpu_util_percent": 30.0, "gpu_mem_util_percent": 8.0, "gpu_mem_used_mib": 47095.0, "gpu_mem_total_mib": 49140.0, "gpu_power_w": 102.47, "process_present": true, "process_mem_mib": 46598.0, "process_mem_share_percent": 94.82702482702483, "process_util_available": true, "process_util_backend": "nvml", "process_sm_util_percent": 29.0, "process_mem_util_percent": 7.0}
{"timestamp_unix": 1772443095.2180321, "pid": 122609, "device_index": 0, "gpu_uuid": "GPU-6f954bfd-7081-31b7-f15c-f9a174bf4d7f", "gpu_util_percent": 30.0, "gpu_mem_util_percent": 8.0, "gpu_mem_used_mib": 47925.0, "gpu_mem_total_mib": 49140.0, "gpu_power_w": 102.47, "process_present": true, "process_mem_mib": 47434.0, "process_mem_share_percent": 96.52828652828653, "process_util_available": true, "process_util_backend": "nvml", "process_sm_util_percent": 29.0, "process_mem_util_percent": 8.0}
{"timestamp_unix": 1772443095.5218625, "pid": 122609, "device_index": 0, "gpu_uuid": "GPU-6f954bfd-7081-31b7-f15c-f9a174bf4d7f", "gpu_util_percent": 30.0, "gpu_mem_util_percent": 8.0, "gpu_mem_used_mib": 47925.0, "gpu_mem_total_mib": 49140.0, "gpu_power_w": 105.24, "process_present": true, "process_mem_mib": 47434.0, "process_mem_share_percent": 96.52828652828653, "process_util_available": true, "process_util_backend": "nvml", "process_sm_util_percent": 29.0, "process_mem_util_percent": 8.0}
{"timestamp_unix": 1772443095.818419, "pid": 122609, "device_index": 0, "gpu_uuid": "GPU-6f954bfd-7081-31b7-f15c-f9a174bf4d7f", "gpu_util_percent": 31.0, "gpu_mem_util_percent": 8.0, "gpu_mem_used_mib": 47925.0, "gpu_mem_total_mib": 49140.0, "gpu_power_w": 105.71, "process_present": true, "process_mem_mib": 47434.0, "process_mem_share_percent": 96.52828652828653, "process_util_available": true, "process_util_backend": "nvml", "process_sm_util_percent": 30.0, "process_mem_util_percent": 8.0}
{"timestamp_unix": 1772443096.1109576, "pid": 122609, "device_index": 0, "gpu_uuid": "GPU-6f954bfd-7081-31b7-f15c-f9a174bf4d7f", "gpu_util_percent": 31.0, "gpu_mem_util_percent": 8.0, "gpu_mem_used_mib": 47748.0, "gpu_mem_total_mib": 49140.0, "gpu_power_w": 105.71, "process_present": true, "process_mem_mib": 46070.0, "process_mem_share_percent": 93.75254375254374, "process_util_available": true, "process_util_backend": "nvml", "process_sm_util_percent": 15.0, "process_mem_util_percent": 4.0}
{"timestamp_unix": 1772443096.4052012, "pid": 122609, "device_index": 0, "gpu_uuid": "GPU-6f954bfd-7081-31b7-f15c-f9a174bf4d7f", "gpu_util_percent": 31.0, "gpu_mem_util_percent": 8.0, "gpu_mem_used_mib": 36740.0, "gpu_mem_total_mib": 49140.0, "gpu_power_w": 104.66, "process_present": true, "process_mem_mib": 34770.0, "process_mem_share_percent": 70.75702075702075, "process_util_available": true, "process_util_backend": "nvml", "process_sm_util_percent": null, "process_mem_util_percent": null}
{"timestamp_unix": 1772443096.6970108, "pid": 122609, "device_index": 0, "gpu_uuid": "GPU-6f954bfd-7081-31b7-f15c-f9a174bf4d7f", "gpu_util_percent": 31.0, "gpu_mem_util_percent": 8.0, "gpu_mem_used_mib": 25724.0, "gpu_mem_total_mib": 49140.0, "gpu_power_w": 104.66, "process_present": true, "process_mem_mib": 24542.0, "process_mem_share_percent": 49.94301994301995, "process_util_available": true, "process_util_backend": "nvml", "process_sm_util_percent": null, "process_mem_util_percent": null}
{"timestamp_unix": 1772443096.993908, "pid": 122609, "device_index": 0, "gpu_uuid": "GPU-6f954bfd-7081-31b7-f15c-f9a174bf4d7f", "gpu_util_percent": 42.0, "gpu_mem_util_percent": 3.0, "gpu_mem_used_mib": 25764.0, "gpu_mem_total_mib": 49140.0, "gpu_power_w": 105.82, "process_present": true, "process_mem_mib": 25544.0, "process_mem_share_percent": 51.98209198209198, "process_util_available": true, "process_util_backend": "nvml", "process_sm_util_percent": 15.0, "process_mem_util_percent": 3.0}
{"timestamp_unix": 1772443097.2899349, "pid": 122609, "device_index": 0, "gpu_uuid": "GPU-6f954bfd-7081-31b7-f15c-f9a174bf4d7f", "gpu_util_percent": 42.0, "gpu_mem_util_percent": 3.0, "gpu_mem_used_mib": 27652.0, "gpu_mem_total_mib": 49140.0, "gpu_power_w": 105.82, "process_present": true, "process_mem_mib": 27334.0, "process_mem_share_percent": 55.62474562474562, "process_util_available": true, "process_util_backend": "nvml", "process_sm_util_percent": 25.0, "process_mem_util_percent": 6.0}
{"timestamp_unix": 1772443097.5975537, "pid": 122609, "device_index": 0, "gpu_uuid": "GPU-6f954bfd-7081-31b7-f15c-f9a174bf4d7f", "gpu_util_percent": 42.0, "gpu_mem_util_percent": 3.0, "gpu_mem_used_mib": 29458.0, "gpu_mem_total_mib": 49140.0, "gpu_power_w": 113.19, "process_present": true, "process_mem_mib": 29266.0, "process_mem_share_percent": 59.55636955636956, "process_util_available": true, "process_util_backend": "nvml", "process_sm_util_percent": 26.0, "process_mem_util_percent": 6.0}
{"timestamp_unix": 1772443097.9019823, "pid": 122609, "device_index": 0, "gpu_uuid": "GPU-6f954bfd-7081-31b7-f15c-f9a174bf4d7f", "gpu_util_percent": 28.0, "gpu_mem_util_percent": 7.0, "gpu_mem_used_mib": 31562.0, "gpu_mem_total_mib": 49140.0, "gpu_power_w": 118.73, "process_present": true, "process_mem_mib": 31360.0, "process_mem_share_percent": 63.817663817663814, "process_util_available": true, "process_util_backend": "nvml", "process_sm_util_percent": 25.0, "process_mem_util_percent": 6.0}
{"timestamp_unix": 1772443098.2000127, "pid": 122609, "device_index": 0, "gpu_uuid": "GPU-6f954bfd-7081-31b7-f15c-f9a174bf4d7f", "gpu_util_percent": 28.0, "gpu_mem_util_percent": 7.0, "gpu_mem_used_mib": 33608.0, "gpu_mem_total_mib": 49140.0, "gpu_power_w": 118.73, "process_present": true, "process_mem_mib": 34056.0, "process_mem_share_percent": 69.3040293040293, "process_util_available": true, "process_util_backend": "nvml", "process_sm_util_percent": null, "process_mem_util_percent": null}
{"timestamp_unix": 1772443098.4973736, "pid": 122609, "device_index": 0, "gpu_uuid": "GPU-6f954bfd-7081-31b7-f15c-f9a174bf4d7f", "gpu_util_percent": 28.0, "gpu_mem_util_percent": 7.0, "gpu_mem_used_mib": 36424.0, "gpu_mem_total_mib": 49140.0, "gpu_power_w": 120.23, "process_present": true, "process_mem_mib": 36154.0, "process_mem_share_percent": 73.57346357346357, "process_util_available": true, "process_util_backend": "nvml", "process_sm_util_percent": null, "process_mem_util_percent": null}
{"timestamp_unix": 1772443098.7900352, "pid": 122609, "device_index": 0, "gpu_uuid": "GPU-6f954bfd-7081-31b7-f15c-f9a174bf4d7f", "gpu_util_percent": 28.0, "gpu_mem_util_percent": 7.0, "gpu_mem_used_mib": 38162.0, "gpu_mem_total_mib": 49140.0, "gpu_power_w": 120.23, "process_present": true, "process_mem_mib": 37948.0, "process_mem_share_percent": 77.22425722425722, "process_util_available": true, "process_util_backend": "nvml", "process_sm_util_percent": 14.0, "process_mem_util_percent": 3.0}
{"timestamp_unix": 1772443099.0851116, "pid": 122609, "device_index": 0, "gpu_uuid": "GPU-6f954bfd-7081-31b7-f15c-f9a174bf4d7f", "gpu_util_percent": 30.0, "gpu_mem_util_percent": 7.0, "gpu_mem_used_mib": 40122.0, "gpu_mem_total_mib": 49140.0, "gpu_power_w": 117.6, "process_present": true, "process_mem_mib": 39890.0, "process_mem_share_percent": 81.17623117623117, "process_util_available": true, "process_util_backend": "nvml", "process_sm_util_percent": 27.0, "process_mem_util_percent": 6.0}
{"timestamp_unix": 1772443099.3780122, "pid": 122609, "device_index": 0, "gpu_uuid": "GPU-6f954bfd-7081-31b7-f15c-f9a174bf4d7f", "gpu_util_percent": 30.0, "gpu_mem_util_percent": 7.0, "gpu_mem_used_mib": 42008.0, "gpu_mem_total_mib": 49140.0, "gpu_power_w": 109.26, "process_present": true, "process_mem_mib": 41834.0, "process_mem_share_percent": 85.13227513227514, "process_util_available": true, "process_util_backend": "nvml", "process_sm_util_percent": 27.0, "process_mem_util_percent": 6.0}
{"timestamp_unix": 1772443099.6668978, "pid": 122609, "device_index": 0, "gpu_uuid": "GPU-6f954bfd-7081-31b7-f15c-f9a174bf4d7f", "gpu_util_percent": 30.0, "gpu_mem_util_percent": 7.0, "gpu_mem_used_mib": 44172.0, "gpu_mem_total_mib": 49140.0, "gpu_power_w": 109.26, "process_present": true, "process_mem_mib": 43686.0, "process_mem_share_percent": 88.90109890109889, "process_util_available": true, "process_util_backend": "nvml", "process_sm_util_percent": 24.0, "process_mem_util_percent": 7.0}
{"timestamp_unix": 1772443099.9587204, "pid": 122609, "device_index": 0, "gpu_uuid": "GPU-6f954bfd-7081-31b7-f15c-f9a174bf4d7f", "gpu_util_percent": 10.0, "gpu_mem_util_percent": 1.0, "gpu_mem_used_mib": 44172.0, "gpu_mem_total_mib": 49140.0, "gpu_power_w": 101.25, "process_present": true, "process_mem_mib": 43774.0, "process_mem_share_percent": 89.08017908017908, "process_util_available": true, "process_util_backend": "nvml", "process_sm_util_percent": null, "process_mem_util_percent": null}
{"timestamp_unix": 1772443100.2694125, "pid": 122609, "device_index": 0, "gpu_uuid": "GPU-6f954bfd-7081-31b7-f15c-f9a174bf4d7f", "gpu_util_percent": 10.0, "gpu_mem_util_percent": 1.0, "gpu_mem_used_mib": 45328.0, "gpu_mem_total_mib": 49140.0, "gpu_power_w": 101.25, "process_present": true, "process_mem_mib": 44842.0, "process_mem_share_percent": 91.25356125356126, "process_util_available": true, "process_util_backend": "nvml", "process_sm_util_percent": 28.0, "process_mem_util_percent": 12.0}
{"timestamp_unix": 1772443100.578885, "pid": 122609, "device_index": 0, "gpu_uuid": "GPU-6f954bfd-7081-31b7-f15c-f9a174bf4d7f", "gpu_util_percent": 10.0, "gpu_mem_util_percent": 1.0, "gpu_mem_used_mib": 45328.0, "gpu_mem_total_mib": 49140.0, "gpu_power_w": 101.11, "process_present": true, "process_mem_mib": 44842.0, "process_mem_share_percent": 91.25356125356126, "process_util_available": true, "process_util_backend": "nvml", "process_sm_util_percent": 35.0, "process_mem_util_percent": 17.0}
{"timestamp_unix": 1772443100.8798106, "pid": 122609, "device_index": 0, "gpu_uuid": "GPU-6f954bfd-7081-31b7-f15c-f9a174bf4d7f", "gpu_util_percent": 34.0, "gpu_mem_util_percent": 16.0, "gpu_mem_used_mib": 45328.0, "gpu_mem_total_mib": 49140.0, "gpu_power_w": 107.78, "process_present": true, "process_mem_mib": 44842.0, "process_mem_share_percent": 91.25356125356126, "process_util_available": true, "process_util_backend": "nvml", "process_sm_util_percent": 33.0, "process_mem_util_percent": 16.0}
{"timestamp_unix": 1772443101.174635, "pid": 122609, "device_index": 0, "gpu_uuid": "GPU-6f954bfd-7081-31b7-f15c-f9a174bf4d7f", "gpu_util_percent": 34.0, "gpu_mem_util_percent": 16.0, "gpu_mem_used_mib": 45328.0, "gpu_mem_total_mib": 49140.0, "gpu_power_w": 107.78, "process_present": true, "process_mem_mib": 44842.0, "process_mem_share_percent": 91.25356125356126, "process_util_available": true, "process_util_backend": "nvml", "process_sm_util_percent": 34.0, "process_mem_util_percent": 17.0}
{"timestamp_unix": 1772443101.4697416, "pid": 122609, "device_index": 0, "gpu_uuid": "GPU-6f954bfd-7081-31b7-f15c-f9a174bf4d7f", "gpu_util_percent": 34.0, "gpu_mem_util_percent": 16.0, "gpu_mem_used_mib": 45328.0, "gpu_mem_total_mib": 49140.0, "gpu_power_w": 117.29, "process_present": true, "process_mem_mib": 44842.0, "process_mem_share_percent": 91.25356125356126, "process_util_available": true, "process_util_backend": "nvml", "process_sm_util_percent": 35.0, "process_mem_util_percent": 17.0}
{"timestamp_unix": 1772443101.76234, "pid": 122609, "device_index": 0, "gpu_uuid": "GPU-6f954bfd-7081-31b7-f15c-f9a174bf4d7f", "gpu_util_percent": 34.0, "gpu_mem_util_percent": 16.0, "gpu_mem_used_mib": 45408.0, "gpu_mem_total_mib": 49140.0, "gpu_power_w": 117.29, "process_present": true, "process_mem_mib": 44922.0, "process_mem_share_percent": 91.41636141636141, "process_util_available": true, "process_util_backend": "nvml", "process_sm_util_percent": 35.0, "process_mem_util_percent": 16.0}
{"timestamp_unix": 1772443102.0564308, "pid": 122609, "device_index": 0, "gpu_uuid": "GPU-6f954bfd-7081-31b7-f15c-f9a174bf4d7f", "gpu_util_percent": 36.0, "gpu_mem_util_percent": 16.0, "gpu_mem_used_mib": 45408.0, "gpu_mem_total_mib": 49140.0, "gpu_power_w": 116.75, "process_present": true, "process_mem_mib": 44922.0, "process_mem_share_percent": 91.41636141636141, "process_util_available": true, "process_util_backend": "nvml", "process_sm_util_percent": 36.0, "process_mem_util_percent": 17.0}
{"timestamp_unix": 1772443102.353111, "pid": 122609, "device_index": 0, "gpu_uuid": "GPU-6f954bfd-7081-31b7-f15c-f9a174bf4d7f", "gpu_util_percent": 36.0, "gpu_mem_util_percent": 16.0, "gpu_mem_used_mib": 45408.0, "gpu_mem_total_mib": 49140.0, "gpu_power_w": 116.53, "process_present": true, "process_mem_mib": 44922.0, "process_mem_share_percent": 91.41636141636141, "process_util_available": true, "process_util_backend": "nvml", "process_sm_util_percent": 36.0, "process_mem_util_percent": 16.0}
{"timestamp_unix": 1772443102.651675, "pid": 122609, "device_index": 0, "gpu_uuid": "GPU-6f954bfd-7081-31b7-f15c-f9a174bf4d7f", "gpu_util_percent": 36.0, "gpu_mem_util_percent": 16.0, "gpu_mem_used_mib": 45408.0, "gpu_mem_total_mib": 49140.0, "gpu_power_w": 116.53, "process_present": true, "process_mem_mib": 44922.0, "process_mem_share_percent": 91.41636141636141, "process_util_available": true, "process_util_backend": "nvml", "process_sm_util_percent": 35.0, "process_mem_util_percent": 16.0}
{"timestamp_unix": 1772443102.9615953, "pid": 122609, "device_index": 0, "gpu_uuid": "GPU-6f954bfd-7081-31b7-f15c-f9a174bf4d7f", "gpu_util_percent": 37.0, "gpu_mem_util_percent": 16.0, "gpu_mem_used_mib": 45408.0, "gpu_mem_total_mib": 49140.0, "gpu_power_w": 115.66, "process_present": true, "process_mem_mib": 44922.0, "process_mem_share_percent": 91.41636141636141, "process_util_available": true, "process_util_backend": "nvml", "process_sm_util_percent": 36.0, "process_mem_util_percent": 15.0}
{"timestamp_unix": 1772443103.2685163, "pid": 122609, "device_index": 0, "gpu_uuid": "GPU-6f954bfd-7081-31b7-f15c-f9a174bf4d7f", "gpu_util_percent": 37.0, "gpu_mem_util_percent": 16.0, "gpu_mem_used_mib": 45408.0, "gpu_mem_total_mib": 49140.0, "gpu_power_w": 115.66, "process_present": true, "process_mem_mib": 44922.0, "process_mem_share_percent": 91.41636141636141, "process_util_available": true, "process_util_backend": "nvml", "process_sm_util_percent": 36.0, "process_mem_util_percent": 16.0}
{"timestamp_unix": 1772443103.5710366, "pid": 122609, "device_index": 0, "gpu_uuid": "GPU-6f954bfd-7081-31b7-f15c-f9a174bf4d7f", "gpu_util_percent": 37.0, "gpu_mem_util_percent": 16.0, "gpu_mem_used_mib": 45409.0, "gpu_mem_total_mib": 49140.0, "gpu_power_w": 115.51, "process_present": true, "process_mem_mib": 44922.0, "process_mem_share_percent": 91.41636141636141, "process_util_available": true, "process_util_backend": "nvml", "process_sm_util_percent": 38.0, "process_mem_util_percent": 16.0}
{"timestamp_unix": 1772443103.8616545, "pid": 122609, "device_index": 0, "gpu_uuid": "GPU-6f954bfd-7081-31b7-f15c-f9a174bf4d7f", "gpu_util_percent": 36.0, "gpu_mem_util_percent": 15.0, "gpu_mem_used_mib": 45409.0, "gpu_mem_total_mib": 49140.0, "gpu_power_w": 115.27, "process_present": true, "process_mem_mib": 44922.0, "process_mem_share_percent": 91.41636141636141, "process_util_available": true, "process_util_backend": "nvml", "process_sm_util_percent": 35.0, "process_mem_util_percent": 15.0}
{"timestamp_unix": 1772443104.1556432, "pid": 122609, "device_index": 0, "gpu_uuid": "GPU-6f954bfd-7081-31b7-f15c-f9a174bf4d7f", "gpu_util_percent": 36.0, "gpu_mem_util_percent": 15.0, "gpu_mem_used_mib": 45411.0, "gpu_mem_total_mib": 49140.0, "gpu_power_w": 115.27, "process_present": true, "process_mem_mib": 44922.0, "process_mem_share_percent": 91.41636141636141, "process_util_available": true, "process_util_backend": "nvml", "process_sm_util_percent": 37.0, "process_mem_util_percent": 15.0}
{"timestamp_unix": 1772443104.4495983, "pid": 122609, "device_index": 0, "gpu_uuid": "GPU-6f954bfd-7081-31b7-f15c-f9a174bf4d7f", "gpu_util_percent": 36.0, "gpu_mem_util_percent": 15.0, "gpu_mem_used_mib": 45411.0, "gpu_mem_total_mib": 49140.0, "gpu_power_w": 114.96, "process_present": true, "process_mem_mib": 44922.0, "process_mem_share_percent": 91.41636141636141, "process_util_available": true, "process_util_backend": "nvml", "process_sm_util_percent": 35.0, "process_mem_util_percent": 15.0}
{"timestamp_unix": 1772443104.7425454, "pid": 122609, "device_index": 0, "gpu_uuid": "GPU-6f954bfd-7081-31b7-f15c-f9a174bf4d7f", "gpu_util_percent": 36.0, "gpu_mem_util_percent": 15.0, "gpu_mem_used_mib": 45411.0, "gpu_mem_total_mib": 49140.0, "gpu_power_w": 114.96, "process_present": true, "process_mem_mib": 44922.0, "process_mem_share_percent": 91.41636141636141, "process_util_available": true, "process_util_backend": "nvml", "process_sm_util_percent": 33.0, "process_mem_util_percent": 12.0}
{"timestamp_unix": 1772443105.035799, "pid": 122609, "device_index": 0, "gpu_uuid": "GPU-6f954bfd-7081-31b7-f15c-f9a174bf4d7f", "gpu_util_percent": 31.0, "gpu_mem_util_percent": 8.0, "gpu_mem_used_mib": 45412.0, "gpu_mem_total_mib": 49140.0, "gpu_power_w": 113.16, "process_present": true, "process_mem_mib": 44922.0, "process_mem_share_percent": 91.41636141636141, "process_util_available": true, "process_util_backend": "nvml", "process_sm_util_percent": 30.0, "process_mem_util_percent": 8.0}
{"timestamp_unix": 1772443105.3266807, "pid": 122609, "device_index": 0, "gpu_uuid": "GPU-6f954bfd-7081-31b7-f15c-f9a174bf4d7f", "gpu_util_percent": 31.0, "gpu_mem_util_percent": 8.0, "gpu_mem_used_mib": 45418.0, "gpu_mem_total_mib": 49140.0, "gpu_power_w": 109.26, "process_present": true, "process_mem_mib": 44922.0, "process_mem_share_percent": 91.41636141636141, "process_util_available": true, "process_util_backend": "nvml", "process_sm_util_percent": 31.0, "process_mem_util_percent": 8.0}
{"timestamp_unix": 1772443105.6361887, "pid": 122609, "device_index": 0, "gpu_uuid": "GPU-6f954bfd-7081-31b7-f15c-f9a174bf4d7f", "gpu_util_percent": 31.0, "gpu_mem_util_percent": 8.0, "gpu_mem_used_mib": 45417.0, "gpu_mem_total_mib": 49140.0, "gpu_power_w": 109.26, "process_present": true, "process_mem_mib": 44922.0, "process_mem_share_percent": 91.41636141636141, "process_util_available": true, "process_util_backend": "nvml", "process_sm_util_percent": 30.0, "process_mem_util_percent": 8.0}
{"timestamp_unix": 1772443105.9505801, "pid": 122609, "device_index": 0, "gpu_uuid": "GPU-6f954bfd-7081-31b7-f15c-f9a174bf4d7f", "gpu_util_percent": 31.0, "gpu_mem_util_percent": 9.0, "gpu_mem_used_mib": 45417.0, "gpu_mem_total_mib": 49140.0, "gpu_power_w": 105.65, "process_present": true, "process_mem_mib": 44922.0, "process_mem_share_percent": 91.41636141636141, "process_util_available": true, "process_util_backend": "nvml", "process_sm_util_percent": 30.0, "process_mem_util_percent": 8.0}
{"timestamp_unix": 1772443106.2518694, "pid": 122609, "device_index": 0, "gpu_uuid": "GPU-6f954bfd-7081-31b7-f15c-f9a174bf4d7f", "gpu_util_percent": 31.0, "gpu_mem_util_percent": 9.0, "gpu_mem_used_mib": 46385.0, "gpu_mem_total_mib": 49140.0, "gpu_power_w": 105.65, "process_present": true, "process_mem_mib": 45890.0, "process_mem_share_percent": 93.38624338624338, "process_util_available": true, "process_util_backend": "nvml", "process_sm_util_percent": null, "process_mem_util_percent": null}
{"timestamp_unix": 1772443106.5445318, "pid": 122609, "device_index": 0, "gpu_uuid": "GPU-6f954bfd-7081-31b7-f15c-f9a174bf4d7f", "gpu_util_percent": 31.0, "gpu_mem_util_percent": 9.0, "gpu_mem_used_mib": 46385.0, "gpu_mem_total_mib": 49140.0, "gpu_power_w": 103.65, "process_present": true, "process_mem_mib": 45890.0, "process_mem_share_percent": 93.38624338624338, "process_util_available": true, "process_util_backend": "nvml", "process_sm_util_percent": 28.0, "process_mem_util_percent": 7.0}
{"timestamp_unix": 1772443106.8407464, "pid": 122609, "device_index": 0, "gpu_uuid": "GPU-6f954bfd-7081-31b7-f15c-f9a174bf4d7f", "gpu_util_percent": 30.0, "gpu_mem_util_percent": 8.0, "gpu_mem_used_mib": 46385.0, "gpu_mem_total_mib": 49140.0, "gpu_power_w": 103.53, "process_present": true, "process_mem_mib": 45890.0, "process_mem_share_percent": 93.38624338624338, "process_util_available": true, "process_util_backend": "nvml", "process_sm_util_percent": 28.0, "process_mem_util_percent": 8.0}
{"timestamp_unix": 1772443107.1390543, "pid": 122609, "device_index": 0, "gpu_uuid": "GPU-6f954bfd-7081-31b7-f15c-f9a174bf4d7f", "gpu_util_percent": 30.0, "gpu_mem_util_percent": 8.0, "gpu_mem_used_mib": 46385.0, "gpu_mem_total_mib": 49140.0, "gpu_power_w": 103.53, "process_present": true, "process_mem_mib": 45890.0, "process_mem_share_percent": 93.38624338624338, "process_util_available": true, "process_util_backend": "nvml", "process_sm_util_percent": 30.0, "process_mem_util_percent": 8.0}
{"timestamp_unix": 1772443107.563133, "pid": 122609, "device_index": 0, "gpu_uuid": "GPU-6f954bfd-7081-31b7-f15c-f9a174bf4d7f", "gpu_util_percent": 30.0, "gpu_mem_util_percent": 8.0, "gpu_mem_used_mib": 46387.0, "gpu_mem_total_mib": 49140.0, "gpu_power_w": 105.06, "process_present": true, "process_mem_mib": 46994.0, "process_mem_share_percent": 95.63288563288563, "process_util_available": true, "process_util_backend": "nvml", "process_sm_util_percent": 8.0, "process_mem_util_percent": 1.0}
{"timestamp_unix": 1772443107.855648, "pid": 122609, "device_index": 0, "gpu_uuid": "GPU-6f954bfd-7081-31b7-f15c-f9a174bf4d7f", "gpu_util_percent": 30.0, "gpu_mem_util_percent": 9.0, "gpu_mem_used_mib": 47491.0, "gpu_mem_total_mib": 49140.0, "gpu_power_w": 103.05, "process_present": true, "process_mem_mib": 46994.0, "process_mem_share_percent": 95.63288563288563, "process_util_available": true, "process_util_backend": "nvml", "process_sm_util_percent": 29.0, "process_mem_util_percent": 9.0}
{"timestamp_unix": 1772443108.1656957, "pid": 122609, "device_index": 0, "gpu_uuid": "GPU-6f954bfd-7081-31b7-f15c-f9a174bf4d7f", "gpu_util_percent": 30.0, "gpu_mem_util_percent": 9.0, "gpu_mem_used_mib": 47491.0, "gpu_mem_total_mib": 49140.0, "gpu_power_w": 103.05, "process_present": true, "process_mem_mib": 46994.0, "process_mem_share_percent": 95.63288563288563, "process_util_available": true, "process_util_backend": "nvml", "process_sm_util_percent": 30.0, "process_mem_util_percent": 8.0}
{"timestamp_unix": 1772443108.4711652, "pid": 122609, "device_index": 0, "gpu_uuid": "GPU-6f954bfd-7081-31b7-f15c-f9a174bf4d7f", "gpu_util_percent": 30.0, "gpu_mem_util_percent": 9.0, "gpu_mem_used_mib": 47491.0, "gpu_mem_total_mib": 49140.0, "gpu_power_w": 103.83, "process_present": true, "process_mem_mib": 46994.0, "process_mem_share_percent": 95.63288563288563, "process_util_available": true, "process_util_backend": "nvml", "process_sm_util_percent": 30.0, "process_mem_util_percent": 9.0}
{"timestamp_unix": 1772443108.7781768, "pid": 122609, "device_index": 0, "gpu_uuid": "GPU-6f954bfd-7081-31b7-f15c-f9a174bf4d7f", "gpu_util_percent": 30.0, "gpu_mem_util_percent": 9.0, "gpu_mem_used_mib": 45258.0, "gpu_mem_total_mib": 49140.0, "gpu_power_w": 103.83, "process_present": true, "process_mem_mib": 43454.0, "process_mem_share_percent": 88.42897842897844, "process_util_available": true, "process_util_backend": "nvml", "process_sm_util_percent": 15.0, "process_mem_util_percent": 4.0}
{"timestamp_unix": 1772443109.0853453, "pid": 122609, "device_index": 0, "gpu_uuid": "GPU-6f954bfd-7081-31b7-f15c-f9a174bf4d7f", "gpu_util_percent": 69.0, "gpu_mem_util_percent": 7.0, "gpu_mem_used_mib": 33506.0, "gpu_mem_total_mib": 49140.0, "gpu_power_w": 106.74, "process_present": true, "process_mem_mib": 31390.0, "process_mem_share_percent": 63.878713878713874, "process_util_available": true, "process_util_backend": "nvml", "process_sm_util_percent": null, "process_mem_util_percent": null}
{"timestamp_unix": 1772443109.3752096, "pid": 122609, "device_index": 0, "gpu_uuid": "GPU-6f954bfd-7081-31b7-f15c-f9a174bf4d7f", "gpu_util_percent": 69.0, "gpu_mem_util_percent": 7.0, "gpu_mem_used_mib": 25590.0, "gpu_mem_total_mib": 49140.0, "gpu_power_w": 109.33, "process_present": true, "process_mem_mib": 25254.0, "process_mem_share_percent": 51.39194139194139, "process_util_available": true, "process_util_backend": "nvml", "process_sm_util_percent": 29.0, "process_mem_util_percent": 2.0}
{"timestamp_unix": 1772443109.66699, "pid": 122609, "device_index": 0, "gpu_uuid": "GPU-6f954bfd-7081-31b7-f15c-f9a174bf4d7f", "gpu_util_percent": 69.0, "gpu_mem_util_percent": 7.0, "gpu_mem_used_mib": 27272.0, "gpu_mem_total_mib": 49140.0, "gpu_power_w": 109.33, "process_present": true, "process_mem_mib": 26932.0, "process_mem_share_percent": 54.806674806674806, "process_util_available": true, "process_util_backend": "nvml", "process_sm_util_percent": 26.0, "process_mem_util_percent": 7.0}
{"timestamp_unix": 1772443109.9591315, "pid": 122609, "device_index": 0, "gpu_uuid": "GPU-6f954bfd-7081-31b7-f15c-f9a174bf4d7f", "gpu_util_percent": 24.0, "gpu_mem_util_percent": 6.0, "gpu_mem_used_mib": 29152.0, "gpu_mem_total_mib": 49140.0, "gpu_power_w": 114.84, "process_present": true, "process_mem_mib": 28932.0, "process_mem_share_percent": 58.87667887667888, "process_util_available": true, "process_util_backend": "nvml", "process_sm_util_percent": 26.0, "process_mem_util_percent": 6.0}
{"timestamp_unix": 1772443110.2515364, "pid": 122609, "device_index": 0, "gpu_uuid": "GPU-6f954bfd-7081-31b7-f15c-f9a174bf4d7f", "gpu_util_percent": 24.0, "gpu_mem_util_percent": 6.0, "gpu_mem_used_mib": 31074.0, "gpu_mem_total_mib": 49140.0, "gpu_power_w": 114.84, "process_present": true, "process_mem_mib": 30758.0, "process_mem_share_percent": 62.59259259259259, "process_util_available": true, "process_util_backend": "nvml", "process_sm_util_percent": 27.0, "process_mem_util_percent": 7.0}
{"timestamp_unix": 1772443110.543147, "pid": 122609, "device_index": 0, "gpu_uuid": "GPU-6f954bfd-7081-31b7-f15c-f9a174bf4d7f", "gpu_util_percent": 24.0, "gpu_mem_util_percent": 6.0, "gpu_mem_used_mib": 33042.0, "gpu_mem_total_mib": 49140.0, "gpu_power_w": 120.96, "process_present": true, "process_mem_mib": 32858.0, "process_mem_share_percent": 66.86609686609687, "process_util_available": true, "process_util_backend": "nvml", "process_sm_util_percent": 26.0, "process_mem_util_percent": 7.0}
{"timestamp_unix": 1772443110.8358252, "pid": 122609, "device_index": 0, "gpu_uuid": "GPU-6f954bfd-7081-31b7-f15c-f9a174bf4d7f", "gpu_util_percent": 28.0, "gpu_mem_util_percent": 10.0, "gpu_mem_used_mib": 36318.0, "gpu_mem_total_mib": 49140.0, "gpu_power_w": 123.5, "process_present": true, "process_mem_mib": 36086.0, "process_mem_share_percent": 73.43508343508344, "process_util_available": true, "process_util_backend": "nvml", "process_sm_util_percent": 27.0, "process_mem_util_percent": 9.0}
{"timestamp_unix": 1772443111.1350443, "pid": 122609, "device_index": 0, "gpu_uuid": "GPU-6f954bfd-7081-31b7-f15c-f9a174bf4d7f", "gpu_util_percent": 28.0, "gpu_mem_util_percent": 10.0, "gpu_mem_used_mib": 38198.0, "gpu_mem_total_mib": 49140.0, "gpu_power_w": 123.5, "process_present": true, "process_mem_mib": 37842.0, "process_mem_share_percent": 77.00854700854701, "process_util_available": true, "process_util_backend": "nvml", "process_sm_util_percent": 26.0, "process_mem_util_percent": 7.0}
{"timestamp_unix": 1772443111.4376812, "pid": 122609, "device_index": 0, "gpu_uuid": "GPU-6f954bfd-7081-31b7-f15c-f9a174bf4d7f", "gpu_util_percent": 28.0, "gpu_mem_util_percent": 10.0, "gpu_mem_used_mib": 40020.0, "gpu_mem_total_mib": 49140.0, "gpu_power_w": 122.13, "process_present": true, "process_mem_mib": 39796.0, "process_mem_share_percent": 80.98494098494099, "process_util_available": true, "process_util_backend": "nvml", "process_sm_util_percent": 27.0, "process_mem_util_percent": 7.0}
{"timestamp_unix": 1772443111.7399457, "pid": 122609, "device_index": 0, "gpu_uuid": "GPU-6f954bfd-7081-31b7-f15c-f9a174bf4d7f", "gpu_util_percent": 28.0, "gpu_mem_util_percent": 10.0, "gpu_mem_used_mib": 42062.0, "gpu_mem_total_mib": 49140.0, "gpu_power_w": 122.13, "process_present": true, "process_mem_mib": 41848.0, "process_mem_share_percent": 85.16076516076517, "process_util_available": true, "process_util_backend": "nvml", "process_sm_util_percent": 26.0, "process_mem_util_percent": 7.0}
{"timestamp_unix": 1772443112.035216, "pid": 122609, "device_index": 0, "gpu_uuid": "GPU-6f954bfd-7081-31b7-f15c-f9a174bf4d7f", "gpu_util_percent": 26.0, "gpu_mem_util_percent": 7.0, "gpu_mem_used_mib": 44216.0, "gpu_mem_total_mib": 49140.0, "gpu_power_w": 113.24, "process_present": true, "process_mem_mib": 44010.0, "process_mem_share_percent": 89.56043956043956, "process_util_available": true, "process_util_backend": "nvml", "process_sm_util_percent": 27.0, "process_mem_util_percent": 8.0}
{"timestamp_unix": 1772443112.328232, "pid": 122609, "device_index": 0, "gpu_uuid": "GPU-6f954bfd-7081-31b7-f15c-f9a174bf4d7f", "gpu_util_percent": 26.0, "gpu_mem_util_percent": 7.0, "gpu_mem_used_mib": 45171.0, "gpu_mem_total_mib": 49140.0, "gpu_power_w": 102.68, "process_present": true, "process_mem_mib": 44672.0, "process_mem_share_percent": 90.9076109076109, "process_util_available": true, "process_util_backend": "nvml", "process_sm_util_percent": 14.0, "process_mem_util_percent": 3.0}
{"timestamp_unix": 1772443112.6230028, "pid": 122609, "device_index": 0, "gpu_uuid": "GPU-6f954bfd-7081-31b7-f15c-f9a174bf4d7f", "gpu_util_percent": 26.0, "gpu_mem_util_percent": 7.0, "gpu_mem_used_mib": 46519.0, "gpu_mem_total_mib": 49140.0, "gpu_power_w": 102.68, "process_present": true, "process_mem_mib": 46020.0, "process_mem_share_percent": 93.65079365079364, "process_util_available": true, "process_util_backend": "nvml", "process_sm_util_percent": 17.0, "process_mem_util_percent": 3.0}
{"timestamp_unix": 1772443112.9185433, "pid": 122609, "device_index": 0, "gpu_uuid": "GPU-6f954bfd-7081-31b7-f15c-f9a174bf4d7f", "gpu_util_percent": 38.0, "gpu_mem_util_percent": 20.0, "gpu_mem_used_mib": 46519.0, "gpu_mem_total_mib": 49140.0, "gpu_power_w": 101.5, "process_present": true, "process_mem_mib": 46020.0, "process_mem_share_percent": 93.65079365079364, "process_util_available": true, "process_util_backend": "nvml", "process_sm_util_percent": 37.0, "process_mem_util_percent": 19.0}
{"timestamp_unix": 1772443113.212027, "pid": 122609, "device_index": 0, "gpu_uuid": "GPU-6f954bfd-7081-31b7-f15c-f9a174bf4d7f", "gpu_util_percent": 38.0, "gpu_mem_util_percent": 20.0, "gpu_mem_used_mib": 46519.0, "gpu_mem_total_mib": 49140.0, "gpu_power_w": 101.5, "process_present": true, "process_mem_mib": 46020.0, "process_mem_share_percent": 93.65079365079364, "process_util_available": true, "process_util_backend": "nvml", "process_sm_util_percent": null, "process_mem_util_percent": null}
{"timestamp_unix": 1772443113.5066667, "pid": 122609, "device_index": 0, "gpu_uuid": "GPU-6f954bfd-7081-31b7-f15c-f9a174bf4d7f", "gpu_util_percent": 38.0, "gpu_mem_util_percent": 20.0, "gpu_mem_used_mib": 46519.0, "gpu_mem_total_mib": 49140.0, "gpu_power_w": 109.31, "process_present": true, "process_mem_mib": 46020.0, "process_mem_share_percent": 93.65079365079364, "process_util_available": true, "process_util_backend": "nvml", "process_sm_util_percent": null, "process_mem_util_percent": null}
{"timestamp_unix": 1772443113.8131077, "pid": 122609, "device_index": 0, "gpu_uuid": "GPU-6f954bfd-7081-31b7-f15c-f9a174bf4d7f", "gpu_util_percent": 39.0, "gpu_mem_util_percent": 21.0, "gpu_mem_used_mib": 46519.0, "gpu_mem_total_mib": 49140.0, "gpu_power_w": 121.26, "process_present": true, "process_mem_mib": 46020.0, "process_mem_share_percent": 93.65079365079364, "process_util_available": true, "process_util_backend": "nvml", "process_sm_util_percent": null, "process_mem_util_percent": null}
{"timestamp_unix": 1772443114.1189146, "pid": 122609, "device_index": 0, "gpu_uuid": "GPU-6f954bfd-7081-31b7-f15c-f9a174bf4d7f", "gpu_util_percent": 39.0, "gpu_mem_util_percent": 21.0, "gpu_mem_used_mib": 46615.0, "gpu_mem_total_mib": 49140.0, "gpu_power_w": 121.26, "process_present": true, "process_mem_mib": 46116.0, "process_mem_share_percent": 93.84615384615384, "process_util_available": true, "process_util_backend": "nvml", "process_sm_util_percent": 37.0, "process_mem_util_percent": 19.0}
{"timestamp_unix": 1772443114.426827, "pid": 122609, "device_index": 0, "gpu_uuid": "GPU-6f954bfd-7081-31b7-f15c-f9a174bf4d7f", "gpu_util_percent": 39.0, "gpu_mem_util_percent": 21.0, "gpu_mem_used_mib": 46611.0, "gpu_mem_total_mib": 49140.0, "gpu_power_w": 120.78, "process_present": true, "process_mem_mib": 46116.0, "process_mem_share_percent": 93.84615384615384, "process_util_available": true, "process_util_backend": "nvml", "process_sm_util_percent": 38.0, "process_mem_util_percent": 20.0}
{"timestamp_unix": 1772443114.719684, "pid": 122609, "device_index": 0, "gpu_uuid": "GPU-6f954bfd-7081-31b7-f15c-f9a174bf4d7f", "gpu_util_percent": 39.0, "gpu_mem_util_percent": 21.0, "gpu_mem_used_mib": 46609.0, "gpu_mem_total_mib": 49140.0, "gpu_power_w": 120.78, "process_present": true, "process_mem_mib": 46116.0, "process_mem_share_percent": 93.84615384615384, "process_util_available": true, "process_util_backend": "nvml", "process_sm_util_percent": 38.0, "process_mem_util_percent": 19.0}
{"timestamp_unix": 1772443115.0124304, "pid": 122609, "device_index": 0, "gpu_uuid": "GPU-6f954bfd-7081-31b7-f15c-f9a174bf4d7f", "gpu_util_percent": 36.0, "gpu_mem_util_percent": 18.0, "gpu_mem_used_mib": 46610.0, "gpu_mem_total_mib": 49140.0, "gpu_power_w": 120.76, "process_present": true, "process_mem_mib": 46116.0, "process_mem_share_percent": 93.84615384615384, "process_util_available": true, "process_util_backend": "nvml", "process_sm_util_percent": 37.0, "process_mem_util_percent": 18.0}
{"timestamp_unix": 1772443115.305712, "pid": 122609, "device_index": 0, "gpu_uuid": "GPU-6f954bfd-7081-31b7-f15c-f9a174bf4d7f", "gpu_util_percent": 36.0, "gpu_mem_util_percent": 18.0, "gpu_mem_used_mib": 46610.0, "gpu_mem_total_mib": 49140.0, "gpu_power_w": 120.36, "process_present": true, "process_mem_mib": 46116.0, "process_mem_share_percent": 93.84615384615384, "process_util_available": true, "process_util_backend": "nvml", "process_sm_util_percent": 38.0, "process_mem_util_percent": 19.0}
{"timestamp_unix": 1772443115.602817, "pid": 122609, "device_index": 0, "gpu_uuid": "GPU-6f954bfd-7081-31b7-f15c-f9a174bf4d7f", "gpu_util_percent": 36.0, "gpu_mem_util_percent": 18.0, "gpu_mem_used_mib": 46610.0, "gpu_mem_total_mib": 49140.0, "gpu_power_w": 120.36, "process_present": true, "process_mem_mib": 46116.0, "process_mem_share_percent": 93.84615384615384, "process_util_available": true, "process_util_backend": "nvml", "process_sm_util_percent": 37.0, "process_mem_util_percent": 19.0}
{"timestamp_unix": 1772443115.8931336, "pid": 122609, "device_index": 0, "gpu_uuid": "GPU-6f954bfd-7081-31b7-f15c-f9a174bf4d7f", "gpu_util_percent": 37.0, "gpu_mem_util_percent": 18.0, "gpu_mem_used_mib": 46610.0, "gpu_mem_total_mib": 49140.0, "gpu_power_w": 119.56, "process_present": true, "process_mem_mib": 46116.0, "process_mem_share_percent": 93.84615384615384, "process_util_available": true, "process_util_backend": "nvml", "process_sm_util_percent": 36.0, "process_mem_util_percent": 18.0}
{"timestamp_unix": 1772443116.1874676, "pid": 122609, "device_index": 0, "gpu_uuid": "GPU-6f954bfd-7081-31b7-f15c-f9a174bf4d7f", "gpu_util_percent": 37.0, "gpu_mem_util_percent": 18.0, "gpu_mem_used_mib": 46610.0, "gpu_mem_total_mib": 49140.0, "gpu_power_w": 119.56, "process_present": true, "process_mem_mib": 46116.0, "process_mem_share_percent": 93.84615384615384, "process_util_available": true, "process_util_backend": "nvml", "process_sm_util_percent": 38.0, "process_mem_util_percent": 19.0}
{"timestamp_unix": 1772443116.496601, "pid": 122609, "device_index": 0, "gpu_uuid": "GPU-6f954bfd-7081-31b7-f15c-f9a174bf4d7f", "gpu_util_percent": 37.0, "gpu_mem_util_percent": 18.0, "gpu_mem_used_mib": 46610.0, "gpu_mem_total_mib": 49140.0, "gpu_power_w": 119.61, "process_present": true, "process_mem_mib": 46116.0, "process_mem_share_percent": 93.84615384615384, "process_util_available": true, "process_util_backend": "nvml", "process_sm_util_percent": 36.0, "process_mem_util_percent": 18.0}
{"timestamp_unix": 1772443116.8000116, "pid": 122609, "device_index": 0, "gpu_uuid": "GPU-6f954bfd-7081-31b7-f15c-f9a174bf4d7f", "gpu_util_percent": 37.0, "gpu_mem_util_percent": 18.0, "gpu_mem_used_mib": 46610.0, "gpu_mem_total_mib": 49140.0, "gpu_power_w": 119.61, "process_present": true, "process_mem_mib": 46116.0, "process_mem_share_percent": 93.84615384615384, "process_util_available": true, "process_util_backend": "nvml", "process_sm_util_percent": 37.0, "process_mem_util_percent": 18.0}
{"timestamp_unix": 1772443117.1009524, "pid": 122609, "device_index": 0, "gpu_uuid": "GPU-6f954bfd-7081-31b7-f15c-f9a174bf4d7f", "gpu_util_percent": 39.0, "gpu_mem_util_percent": 20.0, "gpu_mem_used_mib": 46609.0, "gpu_mem_total_mib": 49140.0, "gpu_power_w": 118.97, "process_present": true, "process_mem_mib": 46116.0, "process_mem_share_percent": 93.84615384615384, "process_util_available": true, "process_util_backend": "nvml", "process_sm_util_percent": 36.0, "process_mem_util_percent": 19.0}
{"timestamp_unix": 1772443117.3987823, "pid": 122609, "device_index": 0, "gpu_uuid": "GPU-6f954bfd-7081-31b7-f15c-f9a174bf4d7f", "gpu_util_percent": 39.0, "gpu_mem_util_percent": 20.0, "gpu_mem_used_mib": 46609.0, "gpu_mem_total_mib": 49140.0, "gpu_power_w": 117.02, "process_present": true, "process_mem_mib": 46116.0, "process_mem_share_percent": 93.84615384615384, "process_util_available": true, "process_util_backend": "nvml", "process_sm_util_percent": 32.0, "process_mem_util_percent": 12.0}
{"timestamp_unix": 1772443117.692264, "pid": 122609, "device_index": 0, "gpu_uuid": "GPU-6f954bfd-7081-31b7-f15c-f9a174bf4d7f", "gpu_util_percent": 39.0, "gpu_mem_util_percent": 20.0, "gpu_mem_used_mib": 46609.0, "gpu_mem_total_mib": 49140.0, "gpu_power_w": 117.02, "process_present": true, "process_mem_mib": 46116.0, "process_mem_share_percent": 93.84615384615384, "process_util_available": true, "process_util_backend": "nvml", "process_sm_util_percent": 30.0, "process_mem_util_percent": 10.0}
{"timestamp_unix": 1772443117.9922166, "pid": 122609, "device_index": 0, "gpu_uuid": "GPU-6f954bfd-7081-31b7-f15c-f9a174bf4d7f", "gpu_util_percent": 30.0, "gpu_mem_util_percent": 10.0, "gpu_mem_used_mib": 46609.0, "gpu_mem_total_mib": 49140.0, "gpu_power_w": 112.27, "process_present": true, "process_mem_mib": 46116.0, "process_mem_share_percent": 93.84615384615384, "process_util_available": true, "process_util_backend": "nvml", "process_sm_util_percent": 30.0, "process_mem_util_percent": 9.0}
{"timestamp_unix": 1772443118.2864795, "pid": 122609, "device_index": 0, "gpu_uuid": "GPU-6f954bfd-7081-31b7-f15c-f9a174bf4d7f", "gpu_util_percent": 30.0, "gpu_mem_util_percent": 10.0, "gpu_mem_used_mib": 46609.0, "gpu_mem_total_mib": 49140.0, "gpu_power_w": 112.27, "process_present": true, "process_mem_mib": 46116.0, "process_mem_share_percent": 93.84615384615384, "process_util_available": true, "process_util_backend": "nvml", "process_sm_util_percent": 29.0, "process_mem_util_percent": 9.0}
{"timestamp_unix": 1772443118.5788448, "pid": 122609, "device_index": 0, "gpu_uuid": "GPU-6f954bfd-7081-31b7-f15c-f9a174bf4d7f", "gpu_util_percent": 30.0, "gpu_mem_util_percent": 10.0, "gpu_mem_used_mib": 46609.0, "gpu_mem_total_mib": 49140.0, "gpu_power_w": 107.73, "process_present": true, "process_mem_mib": 46116.0, "process_mem_share_percent": 93.84615384615384, "process_util_available": true, "process_util_backend": "nvml", "process_sm_util_percent": 30.0, "process_mem_util_percent": 10.0}
{"timestamp_unix": 1772443118.8739824, "pid": 122609, "device_index": 0, "gpu_uuid": "GPU-6f954bfd-7081-31b7-f15c-f9a174bf4d7f", "gpu_util_percent": 26.0, "gpu_mem_util_percent": 9.0, "gpu_mem_used_mib": 47753.0, "gpu_mem_total_mib": 49140.0, "gpu_power_w": 105.72, "process_present": true, "process_mem_mib": 47260.0, "process_mem_share_percent": 96.17419617419617, "process_util_available": true, "process_util_backend": "nvml", "process_sm_util_percent": 20.0, "process_mem_util_percent": 5.0}
{"timestamp_unix": 1772443119.169385, "pid": 122609, "device_index": 0, "gpu_uuid": "GPU-6f954bfd-7081-31b7-f15c-f9a174bf4d7f", "gpu_util_percent": 26.0, "gpu_mem_util_percent": 9.0, "gpu_mem_used_mib": 47748.0, "gpu_mem_total_mib": 49140.0, "gpu_power_w": 105.72, "process_present": true, "process_mem_mib": 47260.0, "process_mem_share_percent": 96.17419617419617, "process_util_available": true, "process_util_backend": "nvml", "process_sm_util_percent": 29.0, "process_mem_util_percent": 8.0}
{"timestamp_unix": 1772443119.4791658, "pid": 122609, "device_index": 0, "gpu_uuid": "GPU-6f954bfd-7081-31b7-f15c-f9a174bf4d7f", "gpu_util_percent": 26.0, "gpu_mem_util_percent": 9.0, "gpu_mem_used_mib": 47748.0, "gpu_mem_total_mib": 49140.0, "gpu_power_w": 105.81, "process_present": true, "process_mem_mib": 47260.0, "process_mem_share_percent": 96.17419617419617, "process_util_available": true, "process_util_backend": "nvml", "process_sm_util_percent": 29.0, "process_mem_util_percent": 9.0}
{"timestamp_unix": 1772443119.7856688, "pid": 122609, "device_index": 0, "gpu_uuid": "GPU-6f954bfd-7081-31b7-f15c-f9a174bf4d7f", "gpu_util_percent": 26.0, "gpu_mem_util_percent": 9.0, "gpu_mem_used_mib": 47748.0, "gpu_mem_total_mib": 49140.0, "gpu_power_w": 105.81, "process_present": true, "process_mem_mib": 47584.0, "process_mem_share_percent": 96.83353683353684, "process_util_available": true, "process_util_backend": "nvml", "process_sm_util_percent": 31.0, "process_mem_util_percent": 9.0}
{"timestamp_unix": 1772443120.0847876, "pid": 122609, "device_index": 0, "gpu_uuid": "GPU-6f954bfd-7081-31b7-f15c-f9a174bf4d7f", "gpu_util_percent": 29.0, "gpu_mem_util_percent": 10.0, "gpu_mem_used_mib": 39436.0, "gpu_mem_total_mib": 49140.0, "gpu_power_w": 107.54, "process_present": true, "process_mem_mib": 37678.0, "process_mem_share_percent": 76.67480667480667, "process_util_available": true, "process_util_backend": "nvml", "process_sm_util_percent": null, "process_mem_util_percent": null}
{"timestamp_unix": 1772443120.3760192, "pid": 122609, "device_index": 0, "gpu_uuid": "GPU-6f954bfd-7081-31b7-f15c-f9a174bf4d7f", "gpu_util_percent": 29.0, "gpu_mem_util_percent": 10.0, "gpu_mem_used_mib": 27920.0, "gpu_mem_total_mib": 49140.0, "gpu_power_w": 107.8, "process_present": true, "process_mem_mib": 25814.0, "process_mem_share_percent": 52.53154253154253, "process_util_available": true, "process_util_backend": "nvml", "process_sm_util_percent": null, "process_mem_util_percent": null}
{"timestamp_unix": 1772443120.671248, "pid": 122609, "device_index": 0, "gpu_uuid": "GPU-6f954bfd-7081-31b7-f15c-f9a174bf4d7f", "gpu_util_percent": 29.0, "gpu_mem_util_percent": 10.0, "gpu_mem_used_mib": 17136.0, "gpu_mem_total_mib": 49140.0, "gpu_power_w": 107.8, "process_present": true, "process_mem_mib": 15994.0, "process_mem_share_percent": 32.54782254782255, "process_util_available": true, "process_util_backend": "nvml", "process_sm_util_percent": null, "process_mem_util_percent": null}
{"timestamp_unix": 1772443120.962563, "pid": 122609, "device_index": 0, "gpu_uuid": "GPU-6f954bfd-7081-31b7-f15c-f9a174bf4d7f", "gpu_util_percent": 40.0, "gpu_mem_util_percent": 3.0, "gpu_mem_used_mib": 16348.0, "gpu_mem_total_mib": 49140.0, "gpu_power_w": 109.72, "process_present": true, "process_mem_mib": 16114.0, "process_mem_share_percent": 32.79202279202279, "process_util_available": true, "process_util_backend": "nvml", "process_sm_util_percent": 15.0, "process_mem_util_percent": 4.0}
{"timestamp_unix": 1772443121.2552707, "pid": 122609, "device_index": 0, "gpu_uuid": "GPU-6f954bfd-7081-31b7-f15c-f9a174bf4d7f", "gpu_util_percent": 40.0, "gpu_mem_util_percent": 3.0, "gpu_mem_used_mib": 18232.0, "gpu_mem_total_mib": 49140.0, "gpu_power_w": 109.72, "process_present": true, "process_mem_mib": 17880.0, "process_mem_share_percent": 36.385836385836384, "process_util_available": true, "process_util_backend": "nvml", "process_sm_util_percent": 22.0, "process_mem_util_percent": 7.0}
{"timestamp_unix": 1772443121.5454211, "pid": 122609, "device_index": 0, "gpu_uuid": "GPU-6f954bfd-7081-31b7-f15c-f9a174bf4d7f", "gpu_util_percent": 40.0, "gpu_mem_util_percent": 3.0, "gpu_mem_used_mib": 20012.0, "gpu_mem_total_mib": 49140.0, "gpu_power_w": 117.62, "process_present": true, "process_mem_mib": 19798.0, "process_mem_share_percent": 40.28897028897029, "process_util_available": true, "process_util_backend": "nvml", "process_sm_util_percent": 24.0, "process_mem_util_percent": 7.0}
{"timestamp_unix": 1772443121.837245, "pid": 122609, "device_index": 0, "gpu_uuid": "GPU-6f954bfd-7081-31b7-f15c-f9a174bf4d7f", "gpu_util_percent": 23.0, "gpu_mem_util_percent": 9.0, "gpu_mem_used_mib": 22082.0, "gpu_mem_total_mib": 49140.0, "gpu_power_w": 122.52, "process_present": true, "process_mem_mib": 21808.0, "process_mem_share_percent": 44.37932437932438, "process_util_available": true, "process_util_backend": "nvml", "process_sm_util_percent": 23.0, "process_mem_util_percent": 8.0}
{"timestamp_unix": 1772443122.1375124, "pid": 122609, "device_index": 0, "gpu_uuid": "GPU-6f954bfd-7081-31b7-f15c-f9a174bf4d7f", "gpu_util_percent": 23.0, "gpu_mem_util_percent": 9.0, "gpu_mem_used_mib": 24052.0, "gpu_mem_total_mib": 49140.0, "gpu_power_w": 122.52, "process_present": true, "process_mem_mib": 23884.0, "process_mem_share_percent": 48.603988603988604, "process_util_available": true, "process_util_backend": "nvml", "process_sm_util_percent": 22.0, "process_mem_util_percent": 7.0}
{"timestamp_unix": 1772443122.4425771, "pid": 122609, "device_index": 0, "gpu_uuid": "GPU-6f954bfd-7081-31b7-f15c-f9a174bf4d7f", "gpu_util_percent": 23.0, "gpu_mem_util_percent": 9.0, "gpu_mem_used_mib": 27350.0, "gpu_mem_total_mib": 49140.0, "gpu_power_w": 124.89, "process_present": true, "process_mem_mib": 27082.0, "process_mem_share_percent": 55.11192511192511, "process_util_available": true, "process_util_backend": "nvml", "process_sm_util_percent": 24.0, "process_mem_util_percent": 9.0}
{"timestamp_unix": 1772443122.748477, "pid": 122609, "device_index": 0, "gpu_uuid": "GPU-6f954bfd-7081-31b7-f15c-f9a174bf4d7f", "gpu_util_percent": 23.0, "gpu_mem_util_percent": 9.0, "gpu_mem_used_mib": 29086.0, "gpu_mem_total_mib": 49140.0, "gpu_power_w": 124.89, "process_present": true, "process_mem_mib": 28894.0, "process_mem_share_percent": 58.79934879934879, "process_util_available": true, "process_util_backend": "nvml", "process_sm_util_percent": 11.0, "process_mem_util_percent": 3.0}
{"timestamp_unix": 1772443123.0425675, "pid": 122609, "device_index": 0, "gpu_uuid": "GPU-6f954bfd-7081-31b7-f15c-f9a174bf4d7f", "gpu_util_percent": 22.0, "gpu_mem_util_percent": 7.0, "gpu_mem_used_mib": 31057.0, "gpu_mem_total_mib": 49140.0, "gpu_power_w": 121.42, "process_present": true, "process_mem_mib": 30844.0, "process_mem_share_percent": 62.76760276760277, "process_util_available": true, "process_util_backend": "nvml", "process_sm_util_percent": 25.0, "process_mem_util_percent": 7.0}
{"timestamp_unix": 1772443123.3345256, "pid": 122609, "device_index": 0, "gpu_uuid": "GPU-6f954bfd-7081-31b7-f15c-f9a174bf4d7f", "gpu_util_percent": 22.0, "gpu_mem_util_percent": 7.0, "gpu_mem_used_mib": 33041.0, "gpu_mem_total_mib": 49140.0, "gpu_power_w": 112.46, "process_present": true, "process_mem_mib": 32764.0, "process_mem_share_percent": 66.67480667480667, "process_util_available": true, "process_util_backend": "nvml", "process_sm_util_percent": 27.0, "process_mem_util_percent": 7.0}
{"timestamp_unix": 1772443123.6285312, "pid": 122609, "device_index": 0, "gpu_uuid": "GPU-6f954bfd-7081-31b7-f15c-f9a174bf4d7f", "gpu_util_percent": 22.0, "gpu_mem_util_percent": 7.0, "gpu_mem_used_mib": 35151.0, "gpu_mem_total_mib": 49140.0, "gpu_power_w": 112.46, "process_present": true, "process_mem_mib": 35450.0, "process_mem_share_percent": 72.14082214082214, "process_util_available": true, "process_util_backend": "nvml", "process_sm_util_percent": 27.0, "process_mem_util_percent": 8.0}
{"timestamp_unix": 1772443123.9219909, "pid": 122609, "device_index": 0, "gpu_uuid": "GPU-6f954bfd-7081-31b7-f15c-f9a174bf4d7f", "gpu_util_percent": 28.0, "gpu_mem_util_percent": 11.0, "gpu_mem_used_mib": 38439.0, "gpu_mem_total_mib": 49140.0, "gpu_power_w": 105.21, "process_present": true, "process_mem_mib": 38140.0, "process_mem_share_percent": 77.61497761497762, "process_util_available": true, "process_util_backend": "nvml", "process_sm_util_percent": 27.0, "process_mem_util_percent": 8.0}
{"timestamp_unix": 1772443124.2159724, "pid": 122609, "device_index": 0, "gpu_uuid": "GPU-6f954bfd-7081-31b7-f15c-f9a174bf4d7f", "gpu_util_percent": 28.0, "gpu_mem_util_percent": 11.0, "gpu_mem_used_mib": 40195.0, "gpu_mem_total_mib": 49140.0, "gpu_power_w": 105.21, "process_present": true, "process_mem_mib": 39976.0, "process_mem_share_percent": 81.35124135124136, "process_util_available": true, "process_util_backend": "nvml", "process_sm_util_percent": 28.0, "process_mem_util_percent": 8.0}
{"timestamp_unix": 1772443124.5072808, "pid": 122609, "device_index": 0, "gpu_uuid": "GPU-6f954bfd-7081-31b7-f15c-f9a174bf4d7f", "gpu_util_percent": 28.0, "gpu_mem_util_percent": 11.0, "gpu_mem_used_mib": 41925.0, "gpu_mem_total_mib": 49140.0, "gpu_power_w": 105.29, "process_present": true, "process_mem_mib": 41698.0, "process_mem_share_percent": 84.85551485551485, "process_util_available": true, "process_util_backend": "nvml", "process_sm_util_percent": 26.0, "process_mem_util_percent": 7.0}
{"timestamp_unix": 1772443124.8172393, "pid": 122609, "device_index": 0, "gpu_uuid": "GPU-6f954bfd-7081-31b7-f15c-f9a174bf4d7f", "gpu_util_percent": 27.0, "gpu_mem_util_percent": 8.0, "gpu_mem_used_mib": 43927.0, "gpu_mem_total_mib": 49140.0, "gpu_power_w": 105.1, "process_present": true, "process_mem_mib": 43656.0, "process_mem_share_percent": 88.84004884004884, "process_util_available": true, "process_util_backend": "nvml", "process_sm_util_percent": 27.0, "process_mem_util_percent": 8.0}
{"timestamp_unix": 1772443125.1232471, "pid": 122609, "device_index": 0, "gpu_uuid": "GPU-6f954bfd-7081-31b7-f15c-f9a174bf4d7f", "gpu_util_percent": 27.0, "gpu_mem_util_percent": 8.0, "gpu_mem_used_mib": 45979.0, "gpu_mem_total_mib": 49140.0, "gpu_power_w": 105.1, "process_present": true, "process_mem_mib": 45736.0, "process_mem_share_percent": 93.07285307285306, "process_util_available": true, "process_util_backend": "nvml", "process_sm_util_percent": 13.0, "process_mem_util_percent": 3.0}
{"timestamp_unix": 1772443125.4294887, "pid": 122609, "device_index": 0, "gpu_uuid": "GPU-6f954bfd-7081-31b7-f15c-f9a174bf4d7f", "gpu_util_percent": 27.0, "gpu_mem_util_percent": 8.0, "gpu_mem_used_mib": 46235.0, "gpu_mem_total_mib": 49140.0, "gpu_power_w": 102.73, "process_present": true, "process_mem_mib": 45736.0, "process_mem_share_percent": 93.07285307285306, "process_util_available": true, "process_util_backend": "nvml", "process_sm_util_percent": null, "process_mem_util_percent": null}
{"timestamp_unix": 1772443125.7225313, "pid": 122609, "device_index": 0, "gpu_uuid": "GPU-6f954bfd-7081-31b7-f15c-f9a174bf4d7f", "gpu_util_percent": 27.0, "gpu_mem_util_percent": 8.0, "gpu_mem_used_mib": 47807.0, "gpu_mem_total_mib": 49140.0, "gpu_power_w": 102.73, "process_present": true, "process_mem_mib": 47308.0, "process_mem_share_percent": 96.27187627187627, "process_util_available": true, "process_util_backend": "nvml", "process_sm_util_percent": 28.0, "process_mem_util_percent": 12.0}
{"timestamp_unix": 1772443126.023212, "pid": 122609, "device_index": 0, "gpu_uuid": "GPU-6f954bfd-7081-31b7-f15c-f9a174bf4d7f", "gpu_util_percent": 38.0, "gpu_mem_util_percent": 21.0, "gpu_mem_used_mib": 47807.0, "gpu_mem_total_mib": 49140.0, "gpu_power_w": 102.8, "process_present": true, "process_mem_mib": 47308.0, "process_mem_share_percent": 96.27187627187627, "process_util_available": true, "process_util_backend": "nvml", "process_sm_util_percent": 40.0, "process_mem_util_percent": 23.0}
{"timestamp_unix": 1772443126.3175735, "pid": 122609, "device_index": 0, "gpu_uuid": "GPU-6f954bfd-7081-31b7-f15c-f9a174bf4d7f", "gpu_util_percent": 38.0, "gpu_mem_util_percent": 21.0, "gpu_mem_used_mib": 47807.0, "gpu_mem_total_mib": 49140.0, "gpu_power_w": 113.39, "process_present": true, "process_mem_mib": 47308.0, "process_mem_share_percent": 96.27187627187627, "process_util_available": true, "process_util_backend": "nvml", "process_sm_util_percent": 40.0, "process_mem_util_percent": 23.0}
{"timestamp_unix": 1772443126.6093397, "pid": 122609, "device_index": 0, "gpu_uuid": "GPU-6f954bfd-7081-31b7-f15c-f9a174bf4d7f", "gpu_util_percent": 38.0, "gpu_mem_util_percent": 21.0, "gpu_mem_used_mib": 47807.0, "gpu_mem_total_mib": 49140.0, "gpu_power_w": 113.39, "process_present": true, "process_mem_mib": 47308.0, "process_mem_share_percent": 96.27187627187627, "process_util_available": true, "process_util_backend": "nvml", "process_sm_util_percent": 39.0, "process_mem_util_percent": 22.0}
{"timestamp_unix": 1772443126.9013314, "pid": 122609, "device_index": 0, "gpu_uuid": "GPU-6f954bfd-7081-31b7-f15c-f9a174bf4d7f", "gpu_util_percent": 37.0, "gpu_mem_util_percent": 21.0, "gpu_mem_used_mib": 47807.0, "gpu_mem_total_mib": 49140.0, "gpu_power_w": 129.75, "process_present": true, "process_mem_mib": 47308.0, "process_mem_share_percent": 96.27187627187627, "process_util_available": true, "process_util_backend": "nvml", "process_sm_util_percent": 39.0, "process_mem_util_percent": 22.0}
{"timestamp_unix": 1772443127.1940255, "pid": 122609, "device_index": 0, "gpu_uuid": "GPU-6f954bfd-7081-31b7-f15c-f9a174bf4d7f", "gpu_util_percent": 37.0, "gpu_mem_util_percent": 21.0, "gpu_mem_used_mib": 47917.0, "gpu_mem_total_mib": 49140.0, "gpu_power_w": 129.75, "process_present": true, "process_mem_mib": 47420.0, "process_mem_share_percent": 96.4997964997965, "process_util_available": true, "process_util_backend": "nvml", "process_sm_util_percent": 37.0, "process_mem_util_percent": 21.0}
{"timestamp_unix": 1772443127.4965453, "pid": 122609, "device_index": 0, "gpu_uuid": "GPU-6f954bfd-7081-31b7-f15c-f9a174bf4d7f", "gpu_util_percent": 37.0, "gpu_mem_util_percent": 21.0, "gpu_mem_used_mib": 47917.0, "gpu_mem_total_mib": 49140.0, "gpu_power_w": 133.2, "process_present": true, "process_mem_mib": 47420.0, "process_mem_share_percent": 96.4997964997965, "process_util_available": true, "process_util_backend": "nvml", "process_sm_util_percent": 39.0, "process_mem_util_percent": 23.0}
{"timestamp_unix": 1772443127.8004005, "pid": 122609, "device_index": 0, "gpu_uuid": "GPU-6f954bfd-7081-31b7-f15c-f9a174bf4d7f", "gpu_util_percent": 37.0, "gpu_mem_util_percent": 21.0, "gpu_mem_used_mib": 47917.0, "gpu_mem_total_mib": 49140.0, "gpu_power_w": 133.2, "process_present": true, "process_mem_mib": 47420.0, "process_mem_share_percent": 96.4997964997965, "process_util_available": true, "process_util_backend": "nvml", "process_sm_util_percent": 39.0, "process_mem_util_percent": 22.0}
{"timestamp_unix": 1772443128.1011033, "pid": 122609, "device_index": 0, "gpu_uuid": "GPU-6f954bfd-7081-31b7-f15c-f9a174bf4d7f", "gpu_util_percent": 38.0, "gpu_mem_util_percent": 21.0, "gpu_mem_used_mib": 47918.0, "gpu_mem_total_mib": 49140.0, "gpu_power_w": 133.51, "process_present": true, "process_mem_mib": 47420.0, "process_mem_share_percent": 96.4997964997965, "process_util_available": true, "process_util_backend": "nvml", "process_sm_util_percent": 38.0, "process_mem_util_percent": 21.0}
{"timestamp_unix": 1772443128.4017496, "pid": 122609, "device_index": 0, "gpu_uuid": "GPU-6f954bfd-7081-31b7-f15c-f9a174bf4d7f", "gpu_util_percent": 38.0, "gpu_mem_util_percent": 21.0, "gpu_mem_used_mib": 47918.0, "gpu_mem_total_mib": 49140.0, "gpu_power_w": 132.94, "process_present": true, "process_mem_mib": 47420.0, "process_mem_share_percent": 96.4997964997965, "process_util_available": true, "process_util_backend": "nvml", "process_sm_util_percent": 39.0, "process_mem_util_percent": 23.0}
{"timestamp_unix": 1772443128.694144, "pid": 122609, "device_index": 0, "gpu_uuid": "GPU-6f954bfd-7081-31b7-f15c-f9a174bf4d7f", "gpu_util_percent": 38.0, "gpu_mem_util_percent": 21.0, "gpu_mem_used_mib": 47918.0, "gpu_mem_total_mib": 49140.0, "gpu_power_w": 132.94, "process_present": true, "process_mem_mib": 47420.0, "process_mem_share_percent": 96.4997964997965, "process_util_available": true, "process_util_backend": "nvml", "process_sm_util_percent": 39.0, "process_mem_util_percent": 22.0}
{"timestamp_unix": 1772443128.9902313, "pid": 122609, "device_index": 0, "gpu_uuid": "GPU-6f954bfd-7081-31b7-f15c-f9a174bf4d7f", "gpu_util_percent": 36.0, "gpu_mem_util_percent": 20.0, "gpu_mem_used_mib": 47918.0, "gpu_mem_total_mib": 49140.0, "gpu_power_w": 130.49, "process_present": true, "process_mem_mib": 47420.0, "process_mem_share_percent": 96.4997964997965, "process_util_available": true, "process_util_backend": "nvml", "process_sm_util_percent": 19.0, "process_mem_util_percent": 10.0}
{"timestamp_unix": 1772443129.2845554, "pid": 122609, "device_index": 0, "gpu_uuid": "GPU-6f954bfd-7081-31b7-f15c-f9a174bf4d7f", "gpu_util_percent": 36.0, "gpu_mem_util_percent": 20.0, "gpu_mem_used_mib": 47919.0, "gpu_mem_total_mib": 49140.0, "gpu_power_w": 130.49, "process_present": true, "process_mem_mib": 47420.0, "process_mem_share_percent": 96.4997964997965, "process_util_available": true, "process_util_backend": "nvml", "process_sm_util_percent": 40.0, "process_mem_util_percent": 21.0}
{"timestamp_unix": 1772443129.5767608, "pid": 122609, "device_index": 0, "gpu_uuid": "GPU-6f954bfd-7081-31b7-f15c-f9a174bf4d7f", "gpu_util_percent": 36.0, "gpu_mem_util_percent": 20.0, "gpu_mem_used_mib": 47919.0, "gpu_mem_total_mib": 49140.0, "gpu_power_w": 127.55, "process_present": true, "process_mem_mib": 47420.0, "process_mem_share_percent": 96.4997964997965, "process_util_available": true, "process_util_backend": "nvml", "process_sm_util_percent": 38.0, "process_mem_util_percent": 20.0}
{"timestamp_unix": 1772443129.8746004, "pid": 122609, "device_index": 0, "gpu_uuid": "GPU-6f954bfd-7081-31b7-f15c-f9a174bf4d7f", "gpu_util_percent": 41.0, "gpu_mem_util_percent": 23.0, "gpu_mem_used_mib": 47919.0, "gpu_mem_total_mib": 49140.0, "gpu_power_w": 125.08, "process_present": true, "process_mem_mib": 47420.0, "process_mem_share_percent": 96.4997964997965, "process_util_available": true, "process_util_backend": "nvml", "process_sm_util_percent": 39.0, "process_mem_util_percent": 22.0}
{"timestamp_unix": 1772443130.1714864, "pid": 122609, "device_index": 0, "gpu_uuid": "GPU-6f954bfd-7081-31b7-f15c-f9a174bf4d7f", "gpu_util_percent": 41.0, "gpu_mem_util_percent": 23.0, "gpu_mem_used_mib": 47919.0, "gpu_mem_total_mib": 49140.0, "gpu_power_w": 125.08, "process_present": true, "process_mem_mib": 47420.0, "process_mem_share_percent": 96.4997964997965, "process_util_available": true, "process_util_backend": "nvml", "process_sm_util_percent": 39.0, "process_mem_util_percent": 20.0}
{"timestamp_unix": 1772443130.479745, "pid": 122609, "device_index": 0, "gpu_uuid": "GPU-6f954bfd-7081-31b7-f15c-f9a174bf4d7f", "gpu_util_percent": 41.0, "gpu_mem_util_percent": 23.0, "gpu_mem_used_mib": 47919.0, "gpu_mem_total_mib": 49140.0, "gpu_power_w": 123.05, "process_present": true, "process_mem_mib": 47420.0, "process_mem_share_percent": 96.4997964997965, "process_util_available": true, "process_util_backend": "nvml", "process_sm_util_percent": 31.0, "process_mem_util_percent": 11.0}
{"timestamp_unix": 1772443130.783708, "pid": 122609, "device_index": 0, "gpu_uuid": "GPU-6f954bfd-7081-31b7-f15c-f9a174bf4d7f", "gpu_util_percent": 41.0, "gpu_mem_util_percent": 23.0, "gpu_mem_used_mib": 47921.0, "gpu_mem_total_mib": 49140.0, "gpu_power_w": 123.05, "process_present": true, "process_mem_mib": 47420.0, "process_mem_share_percent": 96.4997964997965, "process_util_available": true, "process_util_backend": "nvml", "process_sm_util_percent": 31.0, "process_mem_util_percent": 11.0}
{"timestamp_unix": 1772443131.0849817, "pid": 122609, "device_index": 0, "gpu_uuid": "GPU-6f954bfd-7081-31b7-f15c-f9a174bf4d7f", "gpu_util_percent": 30.0, "gpu_mem_util_percent": 11.0, "gpu_mem_used_mib": 47921.0, "gpu_mem_total_mib": 49140.0, "gpu_power_w": 117.17, "process_present": true, "process_mem_mib": 47420.0, "process_mem_share_percent": 96.4997964997965, "process_util_available": true, "process_util_backend": "nvml", "process_sm_util_percent": 30.0, "process_mem_util_percent": 10.0}
{"timestamp_unix": 1772443131.3777764, "pid": 122609, "device_index": 0, "gpu_uuid": "GPU-6f954bfd-7081-31b7-f15c-f9a174bf4d7f", "gpu_util_percent": 30.0, "gpu_mem_util_percent": 11.0, "gpu_mem_used_mib": 47921.0, "gpu_mem_total_mib": 49140.0, "gpu_power_w": 111.26, "process_present": true, "process_mem_mib": 47420.0, "process_mem_share_percent": 96.4997964997965, "process_util_available": true, "process_util_backend": "nvml", "process_sm_util_percent": 32.0, "process_mem_util_percent": 11.0}
{"timestamp_unix": 1772443131.6744802, "pid": 122609, "device_index": 0, "gpu_uuid": "GPU-6f954bfd-7081-31b7-f15c-f9a174bf4d7f", "gpu_util_percent": 30.0, "gpu_mem_util_percent": 11.0, "gpu_mem_used_mib": 47920.0, "gpu_mem_total_mib": 49140.0, "gpu_power_w": 111.26, "process_present": true, "process_mem_mib": 47660.0, "process_mem_share_percent": 96.98819698819699, "process_util_available": true, "process_util_backend": "nvml", "process_sm_util_percent": 30.0, "process_mem_util_percent": 10.0}
{"timestamp_unix": 1772443131.9729168, "pid": 122609, "device_index": 0, "gpu_uuid": "GPU-6f954bfd-7081-31b7-f15c-f9a174bf4d7f", "gpu_util_percent": 34.0, "gpu_mem_util_percent": 5.0, "gpu_mem_used_mib": 40132.0, "gpu_mem_total_mib": 49140.0, "gpu_power_w": 108.64, "process_present": true, "process_mem_mib": 38408.0, "process_mem_share_percent": 78.16035816035816, "process_util_available": true, "process_util_backend": "nvml", "process_sm_util_percent": null, "process_mem_util_percent": null}
{"timestamp_unix": 1772443132.2674754, "pid": 122609, "device_index": 0, "gpu_uuid": "GPU-6f954bfd-7081-31b7-f15c-f9a174bf4d7f", "gpu_util_percent": 34.0, "gpu_mem_util_percent": 5.0, "gpu_mem_used_mib": 29086.0, "gpu_mem_total_mib": 49140.0, "gpu_power_w": 108.64, "process_present": true, "process_mem_mib": 27086.0, "process_mem_share_percent": 55.12006512006512, "process_util_available": true, "process_util_backend": "nvml", "process_sm_util_percent": null, "process_mem_util_percent": null}
{"timestamp_unix": 1772443132.5688415, "pid": 122609, "device_index": 0, "gpu_uuid": "GPU-6f954bfd-7081-31b7-f15c-f9a174bf4d7f", "gpu_util_percent": 34.0, "gpu_mem_util_percent": 5.0, "gpu_mem_used_mib": 16470.0, "gpu_mem_total_mib": 49140.0, "gpu_power_w": 106.3, "process_present": true, "process_mem_mib": 14182.0, "process_mem_share_percent": 28.86039886039886, "process_util_available": true, "process_util_backend": "nvml", "process_sm_util_percent": null, "process_mem_util_percent": null}
{"timestamp_unix": 1772443132.8597424, "pid": 122609, "device_index": 0, "gpu_uuid": "GPU-6f954bfd-7081-31b7-f15c-f9a174bf4d7f", "gpu_util_percent": 58.0, "gpu_mem_util_percent": 5.0, "gpu_mem_used_mib": 7996.0, "gpu_mem_total_mib": 49140.0, "gpu_power_w": 108.95, "process_present": true, "process_mem_mib": 6836.0, "process_mem_share_percent": 13.911273911273911, "process_util_available": true, "process_util_backend": "nvml", "process_sm_util_percent": null, "process_mem_util_percent": null}
{"timestamp_unix": 1772443133.1542466, "pid": 122609, "device_index": 0, "gpu_uuid": "GPU-6f954bfd-7081-31b7-f15c-f9a174bf4d7f", "gpu_util_percent": 58.0, "gpu_mem_util_percent": 5.0, "gpu_mem_used_mib": 7888.0, "gpu_mem_total_mib": 49140.0, "gpu_power_w": 108.95, "process_present": true, "process_mem_mib": 7434.0, "process_mem_share_percent": 15.128205128205128, "process_util_available": true, "process_util_backend": "nvml", "process_sm_util_percent": 36.0, "process_mem_util_percent": 7.0}
{"timestamp_unix": 1772443133.4660287, "pid": 122609, "device_index": 0, "gpu_uuid": "GPU-6f954bfd-7081-31b7-f15c-f9a174bf4d7f", "gpu_util_percent": 58.0, "gpu_mem_util_percent": 5.0, "gpu_mem_used_mib": 8874.0, "gpu_mem_total_mib": 49140.0, "gpu_power_w": 118.04, "process_present": true, "process_mem_mib": 8504.0, "process_mem_share_percent": 17.305657305657306, "process_util_available": true, "process_util_backend": "nvml", "process_sm_util_percent": 27.0, "process_mem_util_percent": 8.0}
{"timestamp_unix": 1772443133.766739, "pid": 122609, "device_index": 0, "gpu_uuid": "GPU-6f954bfd-7081-31b7-f15c-f9a174bf4d7f", "gpu_util_percent": 58.0, "gpu_mem_util_percent": 5.0, "gpu_mem_used_mib": 10505.0, "gpu_mem_total_mib": 49140.0, "gpu_power_w": 118.04, "process_present": true, "process_mem_mib": 10254.0, "process_mem_share_percent": 20.866910866910867, "process_util_available": true, "process_util_backend": "nvml", "process_sm_util_percent": 25.0, "process_mem_util_percent": 7.0}
{"timestamp_unix": 1772443134.0552452, "pid": 122609, "device_index": 0, "gpu_uuid": "GPU-6f954bfd-7081-31b7-f15c-f9a174bf4d7f", "gpu_util_percent": 26.0, "gpu_mem_util_percent": 9.0, "gpu_mem_used_mib": 12339.0, "gpu_mem_total_mib": 49140.0, "gpu_power_w": 122.66, "process_present": true, "process_mem_mib": 12064.0, "process_mem_share_percent": 24.55026455026455, "process_util_available": true, "process_util_backend": "nvml", "process_sm_util_percent": 26.0, "process_mem_util_percent": 8.0}
{"timestamp_unix": 1772443134.3467047, "pid": 122609, "device_index": 0, "gpu_uuid": "GPU-6f954bfd-7081-31b7-f15c-f9a174bf4d7f", "gpu_util_percent": 26.0, "gpu_mem_util_percent": 9.0, "gpu_mem_used_mib": 15413.0, "gpu_mem_total_mib": 49140.0, "gpu_power_w": 125.79, "process_present": true, "process_mem_mib": 15530.0, "process_mem_share_percent": 31.603581603581603, "process_util_available": true, "process_util_backend": "nvml", "process_sm_util_percent": 27.0, "process_mem_util_percent": 8.0}
{"timestamp_unix": 1772443134.6390154, "pid": 122609, "device_index": 0, "gpu_uuid": "GPU-6f954bfd-7081-31b7-f15c-f9a174bf4d7f", "gpu_util_percent": 26.0, "gpu_mem_util_percent": 9.0, "gpu_mem_used_mib": 17527.0, "gpu_mem_total_mib": 49140.0, "gpu_power_w": 125.79, "process_present": true, "process_mem_mib": 17234.0, "process_mem_share_percent": 35.07122507122507, "process_util_available": true, "process_util_backend": "nvml", "process_sm_util_percent": 27.0, "process_mem_util_percent": 8.0}
{"timestamp_unix": 1772443134.9300644, "pid": 122609, "device_index": 0, "gpu_uuid": "GPU-6f954bfd-7081-31b7-f15c-f9a174bf4d7f", "gpu_util_percent": 27.0, "gpu_mem_util_percent": 9.0, "gpu_mem_used_mib": 19415.0, "gpu_mem_total_mib": 49140.0, "gpu_power_w": 126.19, "process_present": true, "process_mem_mib": 19200.0, "process_mem_share_percent": 39.072039072039075, "process_util_available": true, "process_util_backend": "nvml", "process_sm_util_percent": 26.0, "process_mem_util_percent": 8.0}
{"timestamp_unix": 1772443135.22188, "pid": 122609, "device_index": 0, "gpu_uuid": "GPU-6f954bfd-7081-31b7-f15c-f9a174bf4d7f", "gpu_util_percent": 27.0, "gpu_mem_util_percent": 9.0, "gpu_mem_used_mib": 21249.0, "gpu_mem_total_mib": 49140.0, "gpu_power_w": 126.19, "process_present": true, "process_mem_mib": 20976.0, "process_mem_share_percent": 42.686202686202684, "process_util_available": true, "process_util_backend": "nvml", "process_sm_util_percent": 28.0, "process_mem_util_percent": 8.0}
{"timestamp_unix": 1772443135.517285, "pid": 122609, "device_index": 0, "gpu_uuid": "GPU-6f954bfd-7081-31b7-f15c-f9a174bf4d7f", "gpu_util_percent": 27.0, "gpu_mem_util_percent": 9.0, "gpu_mem_used_mib": 23327.0, "gpu_mem_total_mib": 49140.0, "gpu_power_w": 117.57, "process_present": true, "process_mem_mib": 23126.0, "process_mem_share_percent": 47.06145706145706, "process_util_available": true, "process_util_backend": "nvml", "process_sm_util_percent": 27.0, "process_mem_util_percent": 8.0}
{"timestamp_unix": 1772443135.817212, "pid": 122609, "device_index": 0, "gpu_uuid": "GPU-6f954bfd-7081-31b7-f15c-f9a174bf4d7f", "gpu_util_percent": 28.0, "gpu_mem_util_percent": 9.0, "gpu_mem_used_mib": 26909.0, "gpu_mem_total_mib": 49140.0, "gpu_power_w": 108.48, "process_present": true, "process_mem_mib": 26544.0, "process_mem_share_percent": 54.01709401709402, "process_util_available": true, "process_util_backend": "nvml", "process_sm_util_percent": 28.0, "process_mem_util_percent": 8.0}
{"timestamp_unix": 1772443136.1202824, "pid": 122609, "device_index": 0, "gpu_uuid": "GPU-6f954bfd-7081-31b7-f15c-f9a174bf4d7f", "gpu_util_percent": 28.0, "gpu_mem_util_percent": 9.0, "gpu_mem_used_mib": 28665.0, "gpu_mem_total_mib": 49140.0, "gpu_power_w": 108.48, "process_present": true, "process_mem_mib": 28456.0, "process_mem_share_percent": 57.908017908017904, "process_util_available": true, "process_util_backend": "nvml", "process_sm_util_percent": 27.0, "process_mem_util_percent": 8.0}
{"timestamp_unix": 1772443136.428152, "pid": 122609, "device_index": 0, "gpu_uuid": "GPU-6f954bfd-7081-31b7-f15c-f9a174bf4d7f", "gpu_util_percent": 28.0, "gpu_mem_util_percent": 9.0, "gpu_mem_used_mib": 30619.0, "gpu_mem_total_mib": 49140.0, "gpu_power_w": 106.39, "process_present": true, "process_mem_mib": 30292.0, "process_mem_share_percent": 61.64428164428164, "process_util_available": true, "process_util_backend": "nvml", "process_sm_util_percent": 28.0, "process_mem_util_percent": 8.0}
{"timestamp_unix": 1772443136.7231739, "pid": 122609, "device_index": 0, "gpu_uuid": "GPU-6f954bfd-7081-31b7-f15c-f9a174bf4d7f", "gpu_util_percent": 28.0, "gpu_mem_util_percent": 9.0, "gpu_mem_used_mib": 32435.0, "gpu_mem_total_mib": 49140.0, "gpu_power_w": 106.39, "process_present": true, "process_mem_mib": 32246.0, "process_mem_share_percent": 65.62067562067561, "process_util_available": true, "process_util_backend": "nvml", "process_sm_util_percent": 26.0, "process_mem_util_percent": 7.0}
{"timestamp_unix": 1772443137.0233543, "pid": 122609, "device_index": 0, "gpu_uuid": "GPU-6f954bfd-7081-31b7-f15c-f9a174bf4d7f", "gpu_util_percent": 26.0, "gpu_mem_util_percent": 8.0, "gpu_mem_used_mib": 34563.0, "gpu_mem_total_mib": 49140.0, "gpu_power_w": 106.08, "process_present": true, "process_mem_mib": 34374.0, "process_mem_share_percent": 69.95115995115995, "process_util_available": true, "process_util_backend": "nvml", "process_sm_util_percent": 27.0, "process_mem_util_percent": 8.0}
{"timestamp_unix": 1772443137.317888, "pid": 122609, "device_index": 0, "gpu_uuid": "GPU-6f954bfd-7081-31b7-f15c-f9a174bf4d7f", "gpu_util_percent": 26.0, "gpu_mem_util_percent": 8.0, "gpu_mem_used_mib": 38059.0, "gpu_mem_total_mib": 49140.0, "gpu_power_w": 106.41, "process_present": true, "process_mem_mib": 37798.0, "process_mem_share_percent": 76.91900691900692, "process_util_available": true, "process_util_backend": "nvml", "process_sm_util_percent": 28.0, "process_mem_util_percent": 9.0}
{"timestamp_unix": 1772443137.610183, "pid": 122609, "device_index": 0, "gpu_uuid": "GPU-6f954bfd-7081-31b7-f15c-f9a174bf4d7f", "gpu_util_percent": 26.0, "gpu_mem_util_percent": 8.0, "gpu_mem_used_mib": 39969.0, "gpu_mem_total_mib": 49140.0, "gpu_power_w": 106.41, "process_present": true, "process_mem_mib": 39748.0, "process_mem_share_percent": 80.8872608872609, "process_util_available": true, "process_util_backend": "nvml", "process_sm_util_percent": 28.0, "process_mem_util_percent": 8.0}
{"timestamp_unix": 1772443137.904837, "pid": 122609, "device_index": 0, "gpu_uuid": "GPU-6f954bfd-7081-31b7-f15c-f9a174bf4d7f", "gpu_util_percent": 27.0, "gpu_mem_util_percent": 9.0, "gpu_mem_used_mib": 41737.0, "gpu_mem_total_mib": 49140.0, "gpu_power_w": 106.58, "process_present": true, "process_mem_mib": 41488.0, "process_mem_share_percent": 84.42816442816444, "process_util_available": true, "process_util_backend": "nvml", "process_sm_util_percent": 28.0, "process_mem_util_percent": 8.0}
{"timestamp_unix": 1772443138.2006986, "pid": 122609, "device_index": 0, "gpu_uuid": "GPU-6f954bfd-7081-31b7-f15c-f9a174bf4d7f", "gpu_util_percent": 27.0, "gpu_mem_util_percent": 9.0, "gpu_mem_used_mib": 43761.0, "gpu_mem_total_mib": 49140.0, "gpu_power_w": 106.58, "process_present": true, "process_mem_mib": 43560.0, "process_mem_share_percent": 88.64468864468864, "process_util_available": true, "process_util_backend": "nvml", "process_sm_util_percent": 28.0, "process_mem_util_percent": 9.0}
{"timestamp_unix": 1772443138.5123508, "pid": 122609, "device_index": 0, "gpu_uuid": "GPU-6f954bfd-7081-31b7-f15c-f9a174bf4d7f", "gpu_util_percent": 27.0, "gpu_mem_util_percent": 9.0, "gpu_mem_used_mib": 45893.0, "gpu_mem_total_mib": 49140.0, "gpu_power_w": 106.86, "process_present": true, "process_mem_mib": 45688.0, "process_mem_share_percent": 92.97517297517297, "process_util_available": true, "process_util_backend": "nvml", "process_sm_util_percent": 27.0, "process_mem_util_percent": 8.0}
{"timestamp_unix": 1772443138.8286688, "pid": 122609, "device_index": 0, "gpu_uuid": "GPU-6f954bfd-7081-31b7-f15c-f9a174bf4d7f", "gpu_util_percent": 17.0, "gpu_mem_util_percent": 3.0, "gpu_mem_used_mib": 47167.0, "gpu_mem_total_mib": 49140.0, "gpu_power_w": 105.33, "process_present": true, "process_mem_mib": 46672.0, "process_mem_share_percent": 94.97761497761498, "process_util_available": true, "process_util_backend": "nvml", "process_sm_util_percent": null, "process_mem_util_percent": null}
{"timestamp_unix": 1772443139.132981, "pid": 122609, "device_index": 0, "gpu_uuid": "GPU-6f954bfd-7081-31b7-f15c-f9a174bf4d7f", "gpu_util_percent": 17.0, "gpu_mem_util_percent": 3.0, "gpu_mem_used_mib": 48428.0, "gpu_mem_total_mib": 49140.0, "gpu_power_w": 105.33, "process_present": true, "process_mem_mib": 47934.0, "process_mem_share_percent": 97.54578754578755, "process_util_available": true, "process_util_backend": "nvml", "process_sm_util_percent": null, "process_mem_util_percent": null}
