{"timestamp_unix": 1772443183.2644703, "pid": 124628, "device_index": 0, "gpu_uuid": "GPU-6f954bfd-7081-31b7-f15c-f9a174bf4d7f", "gpu_util_percent": 35.0, "gpu_mem_util_percent": 16.0, "gpu_mem_used_mib": 1000.0, "gpu_mem_total_mib": 49140.0, "gpu_power_w": 48.06, "process_present": true, "process_mem_mib": 500.0, "process_mem_share_percent": 1.0175010175010175, "process_util_available": true, "process_util_backend": "nvml", "process_sm_util_percent": null, "process_mem_util_percent": null}
{"timestamp_unix": 1772443183.6709015, "pid": 124628, "device_index": 0, "gpu_uuid": "GPU-6f954bfd-7081-31b7-f15c-f9a174bf4d7f", "gpu_util_percent": 35.0, "gpu_mem_util_percent": 16.0, "gpu_mem_used_mib": 1000.0, "gpu_mem_total_mib": 49140.0, "gpu_power_w": 55.8, "process_present": true, "process_mem_mib": 500.0, "process_mem_share_percent": 1.0175010175010175, "process_util_available": true, "process_util_backend": "nvml", "process_sm_util_percent": null, "process_mem_util_percent": null}
{"timestamp_unix": 1772443183.9831865, "pid": 124628, "device_index": 0, "gpu_uuid": "GPU-6f954bfd-7081-31b7-f15c-f9a174bf4d7f", "gpu_util_percent": 14.0, "gpu_mem_util_percent": 1.0, "gpu_mem_used_mib": 1000.0, "gpu_mem_total_mib": 49140.0, "gpu_power_w": 72.26, "process_present": true, "process_mem_mib": 500.0, "process_mem_share_percent": 1.0175010175010175, "process_util_available": true, "process_util_backend": "nvml", "process_sm_util_percent": null, "process_mem_util_percent": null}
{"timestamp_unix": 1772443184.3008535, "pid": 124628, "device_index": 0, "gpu_uuid": "GPU-6f954bfd-7081-31b7-f15c-f9a174bf4d7f", "gpu_util_percent": 14.0, "gpu_mem_util_percent": 1.0, "gpu_mem_used_mib": 1000.0, "gpu_mem_total_mib": 49140.0, "gpu_power_w": 72.26, "process_present": true, "process_mem_mib": 500.0, "process_mem_share_percent": 1.0175010175010175, "process_util_available": true, "process_util_backend": "nvml", "process_sm_util_percent": null, "process_mem_util_percent": null}
{"timestamp_unix": 1772443184.599394, "pid": 124628, "device_index": 0, "gpu_uuid": "GPU-6f954bfd-7081-31b7-f15c-f9a174bf4d7f", "gpu_util_percent": 14.0, "gpu_mem_util_percent": 1.0, "gpu_mem_used_mib": 1168.0, "gpu_mem_total_mib": 49140.0, "gpu_power_w": 84.73, "process_present": true, "process_mem_mib": 668.0, "process_mem_share_percent": 1.3593813593813593, "process_util_available": true, "process_util_backend": "nvml", "process_sm_util_percent": null, "process_mem_util_percent": null}
{"timestamp_unix": 1772443184.8877716, "pid": 124628, "device_index": 0, "gpu_uuid": "GPU-6f954bfd-7081-31b7-f15c-f9a174bf4d7f", "gpu_util_percent": 21.0, "gpu_mem_util_percent": 2.0, "gpu_mem_used_mib": 1574.0, "gpu_mem_total_mib": 49140.0, "gpu_power_w": 85.65, "process_present": true, "process_mem_mib": 1090.0, "process_mem_share_percent": 2.218152218152218, "process_util_available": true, "process_util_backend": "nvml", "process_sm_util_percent": 22.0, "process_mem_util_percent": 1.0}
{"timestamp_unix": 1772443185.1758127, "pid": 124628, "device_index": 0, "gpu_uuid": "GPU-6f954bfd-7081-31b7-f15c-f9a174bf4d7f", "gpu_util_percent": 21.0, "gpu_mem_util_percent": 2.0, "gpu_mem_used_mib": 1860.0, "gpu_mem_total_mib": 49140.0, "gpu_power_w": 85.65, "process_present": true, "process_mem_mib": 1402.0, "process_mem_share_percent": 2.8530728530728533, "process_util_available": true, "process_util_backend": "nvml", "process_sm_util_percent": null, "process_mem_util_percent": null}
{"timestamp_unix": 1772443185.4642413, "pid": 124628, "device_index": 0, "gpu_uuid": "GPU-6f954bfd-7081-31b7-f15c-f9a174bf4d7f", "gpu_util_percent": 21.0, "gpu_mem_util_percent": 2.0, "gpu_mem_used_mib": 3191.0, "gpu_mem_total_mib": 49140.0, "gpu_power_w": 87.26, "process_present": true, "process_mem_mib": 2934.0, "process_mem_share_percent": 5.970695970695971, "process_util_available": true, "process_util_backend": "nvml", "process_sm_util_percent": 18.0, "process_mem_util_percent": 2.0}
{"timestamp_unix": 1772443185.7551339, "pid": 124628, "device_index": 0, "gpu_uuid": "GPU-6f954bfd-7081-31b7-f15c-f9a174bf4d7f", "gpu_util_percent": 21.0, "gpu_mem_util_percent": 2.0, "gpu_mem_used_mib": 5185.0, "gpu_mem_total_mib": 49140.0, "gpu_power_w": 87.26, "process_present": true, "process_mem_mib": 4918.0, "process_mem_share_percent": 10.008140008140009, "process_util_available": true, "process_util_backend": "nvml", "process_sm_util_percent": 21.0, "process_mem_util_percent": 4.0}
{"timestamp_unix": 1772443186.0427973, "pid": 124628, "device_index": 0, "gpu_uuid": "GPU-6f954bfd-7081-31b7-f15c-f9a174bf4d7f", "gpu_util_percent": 20.0, "gpu_mem_util_percent": 4.0, "gpu_mem_used_mib": 7341.0, "gpu_mem_total_mib": 49140.0, "gpu_power_w": 90.77, "process_present": true, "process_mem_mib": 7104.0, "process_mem_share_percent": 14.456654456654459, "process_util_available": true, "process_util_backend": "nvml", "process_sm_util_percent": 21.0, "process_mem_util_percent": 3.0}
{"timestamp_unix": 1772443186.3382795, "pid": 124628, "device_index": 0, "gpu_uuid": "GPU-6f954bfd-7081-31b7-f15c-f9a174bf4d7f", "gpu_util_percent": 20.0, "gpu_mem_util_percent": 4.0, "gpu_mem_used_mib": 9633.0, "gpu_mem_total_mib": 49140.0, "gpu_power_w": 93.75, "process_present": true, "process_mem_mib": 9418.0, "process_mem_share_percent": 19.165649165649164, "process_util_available": true, "process_util_backend": "nvml", "process_sm_util_percent": 12.0, "process_mem_util_percent": 2.0}
{"timestamp_unix": 1772443186.6361566, "pid": 124628, "device_index": 0, "gpu_uuid": "GPU-6f954bfd-7081-31b7-f15c-f9a174bf4d7f", "gpu_util_percent": 20.0, "gpu_mem_util_percent": 4.0, "gpu_mem_used_mib": 12001.0, "gpu_mem_total_mib": 49140.0, "gpu_power_w": 93.75, "process_present": true, "process_mem_mib": 11852.0, "process_mem_share_percent": 24.11884411884412, "process_util_available": true, "process_util_backend": "nvml", "process_sm_util_percent": 20.0, "process_mem_util_percent": 4.0}
{"timestamp_unix": 1772443186.9342167, "pid": 124628, "device_index": 0, "gpu_uuid": "GPU-6f954bfd-7081-31b7-f15c-f9a174bf4d7f", "gpu_util_percent": 20.0, "gpu_mem_util_percent": 4.0, "gpu_mem_used_mib": 14653.0, "gpu_mem_total_mib": 49140.0, "gpu_power_w": 95.33, "process_present": true, "process_mem_mib": 14204.0, "process_mem_share_percent": 28.905168905168903, "process_util_available": true, "process_util_backend": "nvml", "process_sm_util_percent": 11.0, "process_mem_util_percent": 2.0}
{"timestamp_unix": 1772443187.233518, "pid": 124628, "device_index": 0, "gpu_uuid": "GPU-6f954bfd-7081-31b7-f15c-f9a174bf4d7f", "gpu_util_percent": 20.0, "gpu_mem_util_percent": 4.0, "gpu_mem_used_mib": 16315.0, "gpu_mem_total_mib": 49140.0, "gpu_power_w": 95.33, "process_present": true, "process_mem_mib": 16050.0, "process_mem_share_percent": 32.66178266178266, "process_util_available": true, "process_util_backend": "nvml", "process_sm_util_percent": 21.0, "process_mem_util_percent": 3.0}
{"timestamp_unix": 1772443187.5333467, "pid": 124628, "device_index": 0, "gpu_uuid": "GPU-6f954bfd-7081-31b7-f15c-f9a174bf4d7f", "gpu_util_percent": 20.0, "gpu_mem_util_percent": 4.0, "gpu_mem_used_mib": 18063.0, "gpu_mem_total_mib": 49140.0, "gpu_power_w": 95.55, "process_present": true, "process_mem_mib": 17808.0, "process_mem_share_percent": 36.23931623931624, "process_util_available": true, "process_util_backend": "nvml", "process_sm_util_percent": 11.0, "process_mem_util_percent": 1.0}
{"timestamp_unix": 1772443187.8223124, "pid": 124628, "device_index": 0, "gpu_uuid": "GPU-6f954bfd-7081-31b7-f15c-f9a174bf4d7f", "gpu_util_percent": 23.0, "gpu_mem_util_percent": 4.0, "gpu_mem_used_mib": 19705.0, "gpu_mem_total_mib": 49140.0, "gpu_power_w": 95.26, "process_present": true, "process_mem_mib": 19450.0, "process_mem_share_percent": 39.580789580789585, "process_util_available": true, "process_util_backend": "nvml", "process_sm_util_percent": 22.0, "process_mem_util_percent": 4.0}
{"timestamp_unix": 1772443188.1132293, "pid": 124628, "device_index": 0, "gpu_uuid": "GPU-6f954bfd-7081-31b7-f15c-f9a174bf4d7f", "gpu_util_percent": 23.0, "gpu_mem_util_percent": 4.0, "gpu_mem_used_mib": 21629.0, "gpu_mem_total_mib": 49140.0, "gpu_power_w": 95.26, "process_present": true, "process_mem_mib": 21404.0, "process_mem_share_percent": 43.557183557183556, "process_util_available": true, "process_util_backend": "nvml", "process_sm_util_percent": 23.0, "process_mem_util_percent": 4.0}
{"timestamp_unix": 1772443188.4043965, "pid": 124628, "device_index": 0, "gpu_uuid": "GPU-6f954bfd-7081-31b7-f15c-f9a174bf4d7f", "gpu_util_percent": 23.0, "gpu_mem_util_percent": 4.0, "gpu_mem_used_mib": 23740.0, "gpu_mem_total_mib": 49140.0, "gpu_power_w": 95.28, "process_present": true, "process_mem_mib": 23462.0, "process_mem_share_percent": 47.745217745217744, "process_util_available": true, "process_util_backend": "nvml", "process_sm_util_percent": 24.0, "process_mem_util_percent": 4.0}
{"timestamp_unix": 1772443188.6919367, "pid": 124628, "device_index": 0, "gpu_uuid": "GPU-6f954bfd-7081-31b7-f15c-f9a174bf4d7f", "gpu_util_percent": 23.0, "gpu_mem_util_percent": 4.0, "gpu_mem_used_mib": 25916.0, "gpu_mem_total_mib": 49140.0, "gpu_power_w": 95.28, "process_present": true, "process_mem_mib": 25724.0, "process_mem_share_percent": 52.348392348392345, "process_util_available": true, "process_util_backend": "nvml", "process_sm_util_percent": 12.0, "process_mem_util_percent": 2.0}
{"timestamp_unix": 1772443188.983995, "pid": 124628, "device_index": 0, "gpu_uuid": "GPU-6f954bfd-7081-31b7-f15c-f9a174bf4d7f", "gpu_util_percent": 24.0, "gpu_mem_util_percent": 5.0, "gpu_mem_used_mib": 28092.0, "gpu_mem_total_mib": 49140.0, "gpu_power_w": 95.79, "process_present": true, "process_mem_mib": 27826.0, "process_mem_share_percent": 56.625966625966626, "process_util_available": true, "process_util_backend": "nvml", "process_sm_util_percent": 24.0, "process_mem_util_percent": 4.0}
{"timestamp_unix": 1772443189.273081, "pid": 124628, "device_index": 0, "gpu_uuid": "GPU-6f954bfd-7081-31b7-f15c-f9a174bf4d7f", "gpu_util_percent": 24.0, "gpu_mem_util_percent": 5.0, "gpu_mem_used_mib": 29546.0, "gpu_mem_total_mib": 49140.0, "gpu_power_w": 95.79, "process_present": true, "process_mem_mib": 29282.0, "process_mem_share_percent": 59.58892958892959, "process_util_available": true, "process_util_backend": "nvml", "process_sm_util_percent": 24.0, "process_mem_util_percent": 3.0}
{"timestamp_unix": 1772443189.579573, "pid": 124628, "device_index": 0, "gpu_uuid": "GPU-6f954bfd-7081-31b7-f15c-f9a174bf4d7f", "gpu_util_percent": 24.0, "gpu_mem_util_percent": 5.0, "gpu_mem_used_mib": 31086.0, "gpu_mem_total_mib": 49140.0, "gpu_power_w": 95.86, "process_present": true, "process_mem_mib": 30804.0, "process_mem_share_percent": 62.686202686202684, "process_util_available": true, "process_util_backend": "nvml", "process_sm_util_percent": 23.0, "process_mem_util_percent": 3.0}
{"timestamp_unix": 1772443189.8823044, "pid": 124628, "device_index": 0, "gpu_uuid": "GPU-6f954bfd-7081-31b7-f15c-f9a174bf4d7f", "gpu_util_percent": 24.0, "gpu_mem_util_percent": 4.0, "gpu_mem_used_mib": 32676.0, "gpu_mem_total_mib": 49140.0, "gpu_power_w": 95.43, "process_present": true, "process_mem_mib": 32428.0, "process_mem_share_percent": 65.991045991046, "process_util_available": true, "process_util_backend": "nvml", "process_sm_util_percent": 12.0, "process_mem_util_percent": 1.0}
{"timestamp_unix": 1772443190.173546, "pid": 124628, "device_index": 0, "gpu_uuid": "GPU-6f954bfd-7081-31b7-f15c-f9a174bf4d7f", "gpu_util_percent": 24.0, "gpu_mem_util_percent": 4.0, "gpu_mem_used_mib": 34680.0, "gpu_mem_total_mib": 49140.0, "gpu_power_w": 95.43, "process_present": true, "process_mem_mib": 34442.0, "process_mem_share_percent": 70.0895400895401, "process_util_available": true, "process_util_backend": "nvml", "process_sm_util_percent": 25.0, "process_mem_util_percent": 4.0}
{"timestamp_unix": 1772443190.4659736, "pid": 124628, "device_index": 0, "gpu_uuid": "GPU-6f954bfd-7081-31b7-f15c-f9a174bf4d7f", "gpu_util_percent": 24.0, "gpu_mem_util_percent": 4.0, "gpu_mem_used_mib": 35620.0, "gpu_mem_total_mib": 49140.0, "gpu_power_w": 95.36, "process_present": true, "process_mem_mib": 35160.0, "process_mem_share_percent": 71.55067155067155, "process_util_available": true, "process_util_backend": "nvml", "process_sm_util_percent": null, "process_mem_util_percent": null}
{"timestamp_unix": 1772443190.7549224, "pid": 124628, "device_index": 0, "gpu_uuid": "GPU-6f954bfd-7081-31b7-f15c-f9a174bf4d7f", "gpu_util_percent": 24.0, "gpu_mem_util_percent": 4.0, "gpu_mem_used_mib": 35858.0, "gpu_mem_total_mib": 49140.0, "gpu_power_w": 95.36, "process_present": true, "process_mem_mib": 35362.0, "process_mem_share_percent": 71.96174196174196, "process_util_available": true, "process_util_backend": "nvml", "process_sm_util_percent": 9.0, "process_mem_util_percent": 0.0}
{"timestamp_unix": 1772443191.0463383, "pid": 124628, "device_index": 0, "gpu_uuid": "GPU-6f954bfd-7081-31b7-f15c-f9a174bf4d7f", "gpu_util_percent": 28.0, "gpu_mem_util_percent": 6.0, "gpu_mem_used_mib": 35857.0, "gpu_mem_total_mib": 49140.0, "gpu_power_w": 95.14, "process_present": true, "process_mem_mib": 35362.0, "process_mem_share_percent": 71.96174196174196, "process_util_available": true, "process_util_backend": "nvml", "process_sm_util_percent": null, "process_mem_util_percent": null}
{"timestamp_unix": 1772443191.337528, "pid": 124628, "device_index": 0, "gpu_uuid": "GPU-6f954bfd-7081-31b7-f15c-f9a174bf4d7f", "gpu_util_percent": 28.0, "gpu_mem_util_percent": 6.0, "gpu_mem_used_mib": 35857.0, "gpu_mem_total_mib": 49140.0, "gpu_power_w": 96.88, "process_present": true, "process_mem_mib": 35362.0, "process_mem_share_percent": 71.96174196174196, "process_util_available": true, "process_util_backend": "nvml", "process_sm_util_percent": 28.0, "process_mem_util_percent": 5.0}
{"timestamp_unix": 1772443191.628234, "pid": 124628, "device_index": 0, "gpu_uuid": "GPU-6f954bfd-7081-31b7-f15c-f9a174bf4d7f", "gpu_util_percent": 28.0, "gpu_mem_util_percent": 6.0, "gpu_mem_used_mib": 35857.0, "gpu_mem_total_mib": 49140.0, "gpu_power_w": 96.88, "process_present": true, "process_mem_mib": 35362.0, "process_mem_share_percent": 71.96174196174196, "process_util_available": true, "process_util_backend": "nvml", "process_sm_util_percent": 27.0, "process_mem_util_percent": 5.0}
{"timestamp_unix": 1772443191.9328003, "pid": 124628, "device_index": 0, "gpu_uuid": "GPU-6f954bfd-7081-31b7-f15c-f9a174bf4d7f", "gpu_util_percent": 29.0, "gpu_mem_util_percent": 6.0, "gpu_mem_used_mib": 35857.0, "gpu_mem_total_mib": 49140.0, "gpu_power_w": 99.6, "process_present": true, "process_mem_mib": 35362.0, "process_mem_share_percent": 71.96174196174196, "process_util_available": true, "process_util_backend": "nvml", "process_sm_util_percent": 28.0, "process_mem_util_percent": 5.0}
{"timestamp_unix": 1772443192.234114, "pid": 124628, "device_index": 0, "gpu_uuid": "GPU-6f954bfd-7081-31b7-f15c-f9a174bf4d7f", "gpu_util_percent": 29.0, "gpu_mem_util_percent": 6.0, "gpu_mem_used_mib": 35856.0, "gpu_mem_total_mib": 49140.0, "gpu_power_w": 99.6, "process_present": true, "process_mem_mib": 35362.0, "process_mem_share_percent": 71.96174196174196, "process_util_available": true, "process_util_backend": "nvml", "process_sm_util_percent": 27.0, "process_mem_util_percent": 4.0}
{"timestamp_unix": 1772443192.5359652, "pid": 124628, "device_index": 0, "gpu_uuid": "GPU-6f954bfd-7081-31b7-f15c-f9a174bf4d7f", "gpu_util_percent": 29.0, "gpu_mem_util_percent": 6.0, "gpu_mem_used_mib": 35856.0, "gpu_mem_total_mib": 49140.0, "gpu_power_w": 99.17, "process_present": true, "process_mem_mib": 35362.0, "process_mem_share_percent": 71.96174196174196, "process_util_available": true, "process_util_backend": "nvml", "process_sm_util_percent": 27.0, "process_mem_util_percent": 4.0}
{"timestamp_unix": 1772443192.8258116, "pid": 124628, "device_index": 0, "gpu_uuid": "GPU-6f954bfd-7081-31b7-f15c-f9a174bf4d7f", "gpu_util_percent": 28.0, "gpu_mem_util_percent": 5.0, "gpu_mem_used_mib": 35856.0, "gpu_mem_total_mib": 49140.0, "gpu_power_w": 98.7, "process_present": true, "process_mem_mib": 35362.0, "process_mem_share_percent": 71.96174196174196, "process_util_available": true, "process_util_backend": "nvml", "process_sm_util_percent": 27.0, "process_mem_util_percent": 4.0}
{"timestamp_unix": 1772443193.1188211, "pid": 124628, "device_index": 0, "gpu_uuid": "GPU-6f954bfd-7081-31b7-f15c-f9a174bf4d7f", "gpu_util_percent": 28.0, "gpu_mem_util_percent": 5.0, "gpu_mem_used_mib": 35858.0, "gpu_mem_total_mib": 49140.0, "gpu_power_w": 98.7, "process_present": true, "process_mem_mib": 35362.0, "process_mem_share_percent": 71.96174196174196, "process_util_available": true, "process_util_backend": "nvml", "process_sm_util_percent": 28.0, "process_mem_util_percent": 4.0}
{"timestamp_unix": 1772443193.411159, "pid": 124628, "device_index": 0, "gpu_uuid": "GPU-6f954bfd-7081-31b7-f15c-f9a174bf4d7f", "gpu_util_percent": 28.0, "gpu_mem_util_percent": 5.0, "gpu_mem_used_mib": 35857.0, "gpu_mem_total_mib": 49140.0, "gpu_power_w": 98.4, "process_present": true, "process_mem_mib": 35362.0, "process_mem_share_percent": 71.96174196174196, "process_util_available": true, "process_util_backend": "nvml", "process_sm_util_percent": 26.0, "process_mem_util_percent": 4.0}
{"timestamp_unix": 1772443193.7023904, "pid": 124628, "device_index": 0, "gpu_uuid": "GPU-6f954bfd-7081-31b7-f15c-f9a174bf4d7f", "gpu_util_percent": 28.0, "gpu_mem_util_percent": 5.0, "gpu_mem_used_mib": 35857.0, "gpu_mem_total_mib": 49140.0, "gpu_power_w": 98.4, "process_present": true, "process_mem_mib": 35362.0, "process_mem_share_percent": 71.96174196174196, "process_util_available": true, "process_util_backend": "nvml", "process_sm_util_percent": 26.0, "process_mem_util_percent": 4.0}
{"timestamp_unix": 1772443193.9939418, "pid": 124628, "device_index": 0, "gpu_uuid": "GPU-6f954bfd-7081-31b7-f15c-f9a174bf4d7f", "gpu_util_percent": 27.0, "gpu_mem_util_percent": 4.0, "gpu_mem_used_mib": 35857.0, "gpu_mem_total_mib": 49140.0, "gpu_power_w": 97.79, "process_present": true, "process_mem_mib": 35362.0, "process_mem_share_percent": 71.96174196174196, "process_util_available": true, "process_util_backend": "nvml", "process_sm_util_percent": 25.0, "process_mem_util_percent": 4.0}
{"timestamp_unix": 1772443194.2879248, "pid": 124628, "device_index": 0, "gpu_uuid": "GPU-6f954bfd-7081-31b7-f15c-f9a174bf4d7f", "gpu_util_percent": 27.0, "gpu_mem_util_percent": 4.0, "gpu_mem_used_mib": 35857.0, "gpu_mem_total_mib": 49140.0, "gpu_power_w": 97.79, "process_present": true, "process_mem_mib": 35362.0, "process_mem_share_percent": 71.96174196174196, "process_util_available": true, "process_util_backend": "nvml", "process_sm_util_percent": 26.0, "process_mem_util_percent": 4.0}
{"timestamp_unix": 1772443194.594874, "pid": 124628, "device_index": 0, "gpu_uuid": "GPU-6f954bfd-7081-31b7-f15c-f9a174bf4d7f", "gpu_util_percent": 27.0, "gpu_mem_util_percent": 4.0, "gpu_mem_used_mib": 35857.0, "gpu_mem_total_mib": 49140.0, "gpu_power_w": 97.04, "process_present": true, "process_mem_mib": 35362.0, "process_mem_share_percent": 71.96174196174196, "process_util_available": true, "process_util_backend": "nvml", "process_sm_util_percent": 25.0, "process_mem_util_percent": 3.0}
{"timestamp_unix": 1772443194.899283, "pid": 124628, "device_index": 0, "gpu_uuid": "GPU-6f954bfd-7081-31b7-f15c-f9a174bf4d7f", "gpu_util_percent": 25.0, "gpu_mem_util_percent": 4.0, "gpu_mem_used_mib": 35857.0, "gpu_mem_total_mib": 49140.0, "gpu_power_w": 96.62, "process_present": true, "process_mem_mib": 35362.0, "process_mem_share_percent": 71.96174196174196, "process_util_available": true, "process_util_backend": "nvml", "process_sm_util_percent": 26.0, "process_mem_util_percent": 3.0}
{"timestamp_unix": 1772443195.1901028, "pid": 124628, "device_index": 0, "gpu_uuid": "GPU-6f954bfd-7081-31b7-f15c-f9a174bf4d7f", "gpu_util_percent": 25.0, "gpu_mem_util_percent": 4.0, "gpu_mem_used_mib": 35861.0, "gpu_mem_total_mib": 49140.0, "gpu_power_w": 96.62, "process_present": true, "process_mem_mib": 35362.0, "process_mem_share_percent": 71.96174196174196, "process_util_available": true, "process_util_backend": "nvml", "process_sm_util_percent": 26.0, "process_mem_util_percent": 3.0}
{"timestamp_unix": 1772443195.4859033, "pid": 124628, "device_index": 0, "gpu_uuid": "GPU-6f954bfd-7081-31b7-f15c-f9a174bf4d7f", "gpu_util_percent": 25.0, "gpu_mem_util_percent": 4.0, "gpu_mem_used_mib": 35861.0, "gpu_mem_total_mib": 49140.0, "gpu_power_w": 96.35, "process_present": true, "process_mem_mib": 35362.0, "process_mem_share_percent": 71.96174196174196, "process_util_available": true, "process_util_backend": "nvml", "process_sm_util_percent": 25.0, "process_mem_util_percent": 3.0}
{"timestamp_unix": 1772443195.7795975, "pid": 124628, "device_index": 0, "gpu_uuid": "GPU-6f954bfd-7081-31b7-f15c-f9a174bf4d7f", "gpu_util_percent": 25.0, "gpu_mem_util_percent": 4.0, "gpu_mem_used_mib": 35861.0, "gpu_mem_total_mib": 49140.0, "gpu_power_w": 96.35, "process_present": true, "process_mem_mib": 35362.0, "process_mem_share_percent": 71.96174196174196, "process_util_available": true, "process_util_backend": "nvml", "process_sm_util_percent": 21.0, "process_mem_util_percent": 2.0}
{"timestamp_unix": 1772443196.0729694, "pid": 124628, "device_index": 0, "gpu_uuid": "GPU-6f954bfd-7081-31b7-f15c-f9a174bf4d7f", "gpu_util_percent": 19.0, "gpu_mem_util_percent": 3.0, "gpu_mem_used_mib": 35861.0, "gpu_mem_total_mib": 49140.0, "gpu_power_w": 95.38, "process_present": true, "process_mem_mib": 35362.0, "process_mem_share_percent": 71.96174196174196, "process_util_available": true, "process_util_backend": "nvml", "process_sm_util_percent": 25.0, "process_mem_util_percent": 5.0}
{"timestamp_unix": 1772443196.3679843, "pid": 124628, "device_index": 0, "gpu_uuid": "GPU-6f954bfd-7081-31b7-f15c-f9a174bf4d7f", "gpu_util_percent": 19.0, "gpu_mem_util_percent": 3.0, "gpu_mem_used_mib": 35860.0, "gpu_mem_total_mib": 49140.0, "gpu_power_w": 96.51, "process_present": true, "process_mem_mib": 35362.0, "process_mem_share_percent": 71.96174196174196, "process_util_available": true, "process_util_backend": "nvml", "process_sm_util_percent": 25.0, "process_mem_util_percent": 5.0}
{"timestamp_unix": 1772443196.6596873, "pid": 124628, "device_index": 0, "gpu_uuid": "GPU-6f954bfd-7081-31b7-f15c-f9a174bf4d7f", "gpu_util_percent": 19.0, "gpu_mem_util_percent": 3.0, "gpu_mem_used_mib": 35860.0, "gpu_mem_total_mib": 49140.0, "gpu_power_w": 96.51, "process_present": true, "process_mem_mib": 35362.0, "process_mem_share_percent": 71.96174196174196, "process_util_available": true, "process_util_backend": "nvml", "process_sm_util_percent": 25.0, "process_mem_util_percent": 5.0}
{"timestamp_unix": 1772443196.9631124, "pid": 124628, "device_index": 0, "gpu_uuid": "GPU-6f954bfd-7081-31b7-f15c-f9a174bf4d7f", "gpu_util_percent": 25.0, "gpu_mem_util_percent": 6.0, "gpu_mem_used_mib": 35860.0, "gpu_mem_total_mib": 49140.0, "gpu_power_w": 98.08, "process_present": true, "process_mem_mib": 35362.0, "process_mem_share_percent": 71.96174196174196, "process_util_available": true, "process_util_backend": "nvml", "process_sm_util_percent": 25.0, "process_mem_util_percent": 5.0}
{"timestamp_unix": 1772443197.2656863, "pid": 124628, "device_index": 0, "gpu_uuid": "GPU-6f954bfd-7081-31b7-f15c-f9a174bf4d7f", "gpu_util_percent": 25.0, "gpu_mem_util_percent": 6.0, "gpu_mem_used_mib": 35860.0, "gpu_mem_total_mib": 49140.0, "gpu_power_w": 98.08, "process_present": true, "process_mem_mib": 35362.0, "process_mem_share_percent": 71.96174196174196, "process_util_available": true, "process_util_backend": "nvml", "process_sm_util_percent": 25.0, "process_mem_util_percent": 6.0}
{"timestamp_unix": 1772443197.5672262, "pid": 124628, "device_index": 0, "gpu_uuid": "GPU-6f954bfd-7081-31b7-f15c-f9a174bf4d7f", "gpu_util_percent": 25.0, "gpu_mem_util_percent": 6.0, "gpu_mem_used_mib": 35860.0, "gpu_mem_total_mib": 49140.0, "gpu_power_w": 99.11, "process_present": true, "process_mem_mib": 35362.0, "process_mem_share_percent": 71.96174196174196, "process_util_available": true, "process_util_backend": "nvml", "process_sm_util_percent": 25.0, "process_mem_util_percent": 5.0}
{"timestamp_unix": 1772443198.0780344, "pid": 124628, "device_index": 0, "gpu_uuid": "GPU-6f954bfd-7081-31b7-f15c-f9a174bf4d7f", "gpu_util_percent": 25.0, "gpu_mem_util_percent": 6.0, "gpu_mem_used_mib": 35860.0, "gpu_mem_total_mib": 49140.0, "gpu_power_w": 99.49, "process_present": true, "process_mem_mib": 35362.0, "process_mem_share_percent": 71.96174196174196, "process_util_available": true, "process_util_backend": "nvml", "process_sm_util_percent": 13.0, "process_mem_util_percent": 3.0}
{"timestamp_unix": 1772443198.371734, "pid": 124628, "device_index": 0, "gpu_uuid": "GPU-6f954bfd-7081-31b7-f15c-f9a174bf4d7f", "gpu_util_percent": 25.0, "gpu_mem_util_percent": 6.0, "gpu_mem_used_mib": 35859.0, "gpu_mem_total_mib": 49140.0, "gpu_power_w": 97.28, "process_present": true, "process_mem_mib": 35362.0, "process_mem_share_percent": 71.96174196174196, "process_util_available": true, "process_util_backend": "nvml", "process_sm_util_percent": 22.0, "process_mem_util_percent": 4.0}
{"timestamp_unix": 1772443198.6628609, "pid": 124628, "device_index": 0, "gpu_uuid": "GPU-6f954bfd-7081-31b7-f15c-f9a174bf4d7f", "gpu_util_percent": 25.0, "gpu_mem_util_percent": 6.0, "gpu_mem_used_mib": 35859.0, "gpu_mem_total_mib": 49140.0, "gpu_power_w": 97.28, "process_present": true, "process_mem_mib": 35362.0, "process_mem_share_percent": 71.96174196174196, "process_util_available": true, "process_util_backend": "nvml", "process_sm_util_percent": 25.0, "process_mem_util_percent": 5.0}
{"timestamp_unix": 1772443198.9543233, "pid": 124628, "device_index": 0, "gpu_uuid": "GPU-6f954bfd-7081-31b7-f15c-f9a174bf4d7f", "gpu_util_percent": 26.0, "gpu_mem_util_percent": 6.0, "gpu_mem_used_mib": 35859.0, "gpu_mem_total_mib": 49140.0, "gpu_power_w": 97.33, "process_present": true, "process_mem_mib": 35362.0, "process_mem_share_percent": 71.96174196174196, "process_util_available": true, "process_util_backend": "nvml", "process_sm_util_percent": 26.0, "process_mem_util_percent": 6.0}
{"timestamp_unix": 1772443199.2431846, "pid": 124628, "device_index": 0, "gpu_uuid": "GPU-6f954bfd-7081-31b7-f15c-f9a174bf4d7f", "gpu_util_percent": 26.0, "gpu_mem_util_percent": 6.0, "gpu_mem_used_mib": 35859.0, "gpu_mem_total_mib": 49140.0, "gpu_power_w": 97.33, "process_present": true, "process_mem_mib": 35362.0, "process_mem_share_percent": 71.96174196174196, "process_util_available": true, "process_util_backend": "nvml", "process_sm_util_percent": 25.0, "process_mem_util_percent": 6.0}
{"timestamp_unix": 1772443199.5344598, "pid": 124628, "device_index": 0, "gpu_uuid": "GPU-6f954bfd-7081-31b7-f15c-f9a174bf4d7f", "gpu_util_percent": 26.0, "gpu_mem_util_percent": 6.0, "gpu_mem_used_mib": 36199.0, "gpu_mem_total_mib": 49140.0, "gpu_power_w": 99.99, "process_present": true, "process_mem_mib": 35896.0, "process_mem_share_percent": 73.04843304843305, "process_util_available": true, "process_util_backend": "nvml", "process_sm_util_percent": 26.0, "process_mem_util_percent": 6.0}
{"timestamp_unix": 1772443199.8244321, "pid": 124628, "device_index": 0, "gpu_uuid": "GPU-6f954bfd-7081-31b7-f15c-f9a174bf4d7f", "gpu_util_percent": 25.0, "gpu_mem_util_percent": 6.0, "gpu_mem_used_mib": 37833.0, "gpu_mem_total_mib": 49140.0, "gpu_power_w": 99.94, "process_present": true, "process_mem_mib": 37336.0, "process_mem_share_percent": 75.97883597883597, "process_util_available": true, "process_util_backend": "nvml", "process_sm_util_percent": 25.0, "process_mem_util_percent": 5.0}
{"timestamp_unix": 1772443200.1295564, "pid": 124628, "device_index": 0, "gpu_uuid": "GPU-6f954bfd-7081-31b7-f15c-f9a174bf4d7f", "gpu_util_percent": 25.0, "gpu_mem_util_percent": 6.0, "gpu_mem_used_mib": 38235.0, "gpu_mem_total_mib": 49140.0, "gpu_power_w": 99.94, "process_present": true, "process_mem_mib": 37738.0, "process_mem_share_percent": 76.7969067969068, "process_util_available": true, "process_util_backend": "nvml", "process_sm_util_percent": 10.0, "process_mem_util_percent": 2.0}
{"timestamp_unix": 1772443200.4339325, "pid": 124628, "device_index": 0, "gpu_uuid": "GPU-6f954bfd-7081-31b7-f15c-f9a174bf4d7f", "gpu_util_percent": 25.0, "gpu_mem_util_percent": 6.0, "gpu_mem_used_mib": 38235.0, "gpu_mem_total_mib": 49140.0, "gpu_power_w": 97.7, "process_present": true, "process_mem_mib": 37738.0, "process_mem_share_percent": 76.7969067969068, "process_util_available": true, "process_util_backend": "nvml", "process_sm_util_percent": 28.0, "process_mem_util_percent": 9.0}
{"timestamp_unix": 1772443200.7307584, "pid": 124628, "device_index": 0, "gpu_uuid": "GPU-6f954bfd-7081-31b7-f15c-f9a174bf4d7f", "gpu_util_percent": 25.0, "gpu_mem_util_percent": 6.0, "gpu_mem_used_mib": 38235.0, "gpu_mem_total_mib": 49140.0, "gpu_power_w": 97.7, "process_present": true, "process_mem_mib": 37738.0, "process_mem_share_percent": 76.7969067969068, "process_util_available": true, "process_util_backend": "nvml", "process_sm_util_percent": 29.0, "process_mem_util_percent": 8.0}
{"timestamp_unix": 1772443201.0218217, "pid": 124628, "device_index": 0, "gpu_uuid": "GPU-6f954bfd-7081-31b7-f15c-f9a174bf4d7f", "gpu_util_percent": 30.0, "gpu_mem_util_percent": 9.0, "gpu_mem_used_mib": 38235.0, "gpu_mem_total_mib": 49140.0, "gpu_power_w": 99.75, "process_present": true, "process_mem_mib": 37738.0, "process_mem_share_percent": 76.7969067969068, "process_util_available": true, "process_util_backend": "nvml", "process_sm_util_percent": 28.0, "process_mem_util_percent": 8.0}
{"timestamp_unix": 1772443201.310253, "pid": 124628, "device_index": 0, "gpu_uuid": "GPU-6f954bfd-7081-31b7-f15c-f9a174bf4d7f", "gpu_util_percent": 30.0, "gpu_mem_util_percent": 9.0, "gpu_mem_used_mib": 38229.0, "gpu_mem_total_mib": 49140.0, "gpu_power_w": 104.11, "process_present": true, "process_mem_mib": 37738.0, "process_mem_share_percent": 76.7969067969068, "process_util_available": true, "process_util_backend": "nvml", "process_sm_util_percent": 28.0, "process_mem_util_percent": 8.0}
{"timestamp_unix": 1772443201.6008134, "pid": 124628, "device_index": 0, "gpu_uuid": "GPU-6f954bfd-7081-31b7-f15c-f9a174bf4d7f", "gpu_util_percent": 30.0, "gpu_mem_util_percent": 9.0, "gpu_mem_used_mib": 38229.0, "gpu_mem_total_mib": 49140.0, "gpu_power_w": 104.11, "process_present": true, "process_mem_mib": 37738.0, "process_mem_share_percent": 76.7969067969068, "process_util_available": true, "process_util_backend": "nvml", "process_sm_util_percent": 28.0, "process_mem_util_percent": 7.0}
{"timestamp_unix": 1772443201.8912535, "pid": 124628, "device_index": 0, "gpu_uuid": "GPU-6f954bfd-7081-31b7-f15c-f9a174bf4d7f", "gpu_util_percent": 29.0, "gpu_mem_util_percent": 8.0, "gpu_mem_used_mib": 38229.0, "gpu_mem_total_mib": 49140.0, "gpu_power_w": 103.53, "process_present": true, "process_mem_mib": 37738.0, "process_mem_share_percent": 76.7969067969068, "process_util_available": true, "process_util_backend": "nvml", "process_sm_util_percent": 28.0, "process_mem_util_percent": 8.0}
{"timestamp_unix": 1772443202.1839051, "pid": 124628, "device_index": 0, "gpu_uuid": "GPU-6f954bfd-7081-31b7-f15c-f9a174bf4d7f", "gpu_util_percent": 29.0, "gpu_mem_util_percent": 8.0, "gpu_mem_used_mib": 38228.0, "gpu_mem_total_mib": 49140.0, "gpu_power_w": 103.53, "process_present": true, "process_mem_mib": 37738.0, "process_mem_share_percent": 76.7969067969068, "process_util_available": true, "process_util_backend": "nvml", "process_sm_util_percent": 28.0, "process_mem_util_percent": 8.0}
{"timestamp_unix": 1772443202.472969, "pid": 124628, "device_index": 0, "gpu_uuid": "GPU-6f954bfd-7081-31b7-f15c-f9a174bf4d7f", "gpu_util_percent": 29.0, "gpu_mem_util_percent": 8.0, "gpu_mem_used_mib": 38228.0, "gpu_mem_total_mib": 49140.0, "gpu_power_w": 103.32, "process_present": true, "process_mem_mib": 37738.0, "process_mem_share_percent": 76.7969067969068, "process_util_available": true, "process_util_backend": "nvml", "process_sm_util_percent": 28.0, "process_mem_util_percent": 7.0}
{"timestamp_unix": 1772443202.7795277, "pid": 124628, "device_index": 0, "gpu_uuid": "GPU-6f954bfd-7081-31b7-f15c-f9a174bf4d7f", "gpu_util_percent": 29.0, "gpu_mem_util_percent": 8.0, "gpu_mem_used_mib": 38228.0, "gpu_mem_total_mib": 49140.0, "gpu_power_w": 103.32, "process_present": true, "process_mem_mib": 37738.0, "process_mem_share_percent": 76.7969067969068, "process_util_available": true, "process_util_backend": "nvml", "process_sm_util_percent": 14.0, "process_mem_util_percent": 3.0}
{"timestamp_unix": 1772443203.0841115, "pid": 124628, "device_index": 0, "gpu_uuid": "GPU-6f954bfd-7081-31b7-f15c-f9a174bf4d7f", "gpu_util_percent": 29.0, "gpu_mem_util_percent": 8.0, "gpu_mem_used_mib": 38228.0, "gpu_mem_total_mib": 49140.0, "gpu_power_w": 103.06, "process_present": true, "process_mem_mib": 37738.0, "process_mem_share_percent": 76.7969067969068, "process_util_available": true, "process_util_backend": "nvml", "process_sm_util_percent": 14.0, "process_mem_util_percent": 3.0}
{"timestamp_unix": 1772443203.3823872, "pid": 124628, "device_index": 0, "gpu_uuid": "GPU-6f954bfd-7081-31b7-f15c-f9a174bf4d7f", "gpu_util_percent": 29.0, "gpu_mem_util_percent": 8.0, "gpu_mem_used_mib": 38228.0, "gpu_mem_total_mib": 49140.0, "gpu_power_w": 102.76, "process_present": true, "process_mem_mib": 37738.0, "process_mem_share_percent": 76.7969067969068, "process_util_available": true, "process_util_backend": "nvml", "process_sm_util_percent": 28.0, "process_mem_util_percent": 7.0}
{"timestamp_unix": 1772443203.6740098, "pid": 124628, "device_index": 0, "gpu_uuid": "GPU-6f954bfd-7081-31b7-f15c-f9a174bf4d7f", "gpu_util_percent": 29.0, "gpu_mem_util_percent": 8.0, "gpu_mem_used_mib": 38228.0, "gpu_mem_total_mib": 49140.0, "gpu_power_w": 102.76, "process_present": true, "process_mem_mib": 37738.0, "process_mem_share_percent": 76.7969067969068, "process_util_available": true, "process_util_backend": "nvml", "process_sm_util_percent": 27.0, "process_mem_util_percent": 7.0}
{"timestamp_unix": 1772443203.970668, "pid": 124628, "device_index": 0, "gpu_uuid": "GPU-6f954bfd-7081-31b7-f15c-f9a174bf4d7f", "gpu_util_percent": 29.0, "gpu_mem_util_percent": 7.0, "gpu_mem_used_mib": 38228.0, "gpu_mem_total_mib": 49140.0, "gpu_power_w": 102.54, "process_present": true, "process_mem_mib": 37738.0, "process_mem_share_percent": 76.7969067969068, "process_util_available": true, "process_util_backend": "nvml", "process_sm_util_percent": 27.0, "process_mem_util_percent": 6.0}
{"timestamp_unix": 1772443204.2597985, "pid": 124628, "device_index": 0, "gpu_uuid": "GPU-6f954bfd-7081-31b7-f15c-f9a174bf4d7f", "gpu_util_percent": 29.0, "gpu_mem_util_percent": 7.0, "gpu_mem_used_mib": 38228.0, "gpu_mem_total_mib": 49140.0, "gpu_power_w": 102.54, "process_present": true, "process_mem_mib": 37738.0, "process_mem_share_percent": 76.7969067969068, "process_util_available": true, "process_util_backend": "nvml", "process_sm_util_percent": 27.0, "process_mem_util_percent": 6.0}
{"timestamp_unix": 1772443204.5549402, "pid": 124628, "device_index": 0, "gpu_uuid": "GPU-6f954bfd-7081-31b7-f15c-f9a174bf4d7f", "gpu_util_percent": 29.0, "gpu_mem_util_percent": 7.0, "gpu_mem_used_mib": 38228.0, "gpu_mem_total_mib": 49140.0, "gpu_power_w": 102.07, "process_present": true, "process_mem_mib": 37738.0, "process_mem_share_percent": 76.7969067969068, "process_util_available": true, "process_util_backend": "nvml", "process_sm_util_percent": 27.0, "process_mem_util_percent": 6.0}
{"timestamp_unix": 1772443204.8450577, "pid": 124628, "device_index": 0, "gpu_uuid": "GPU-6f954bfd-7081-31b7-f15c-f9a174bf4d7f", "gpu_util_percent": 28.0, "gpu_mem_util_percent": 6.0, "gpu_mem_used_mib": 38228.0, "gpu_mem_total_mib": 49140.0, "gpu_power_w": 101.5, "process_present": true, "process_mem_mib": 37738.0, "process_mem_share_percent": 76.7969067969068, "process_util_available": true, "process_util_backend": "nvml", "process_sm_util_percent": 27.0, "process_mem_util_percent": 6.0}
{"timestamp_unix": 1772443205.1382124, "pid": 124628, "device_index": 0, "gpu_uuid": "GPU-6f954bfd-7081-31b7-f15c-f9a174bf4d7f", "gpu_util_percent": 28.0, "gpu_mem_util_percent": 6.0, "gpu_mem_used_mib": 38224.0, "gpu_mem_total_mib": 49140.0, "gpu_power_w": 101.5, "process_present": true, "process_mem_mib": 37738.0, "process_mem_share_percent": 76.7969067969068, "process_util_available": true, "process_util_backend": "nvml", "process_sm_util_percent": 27.0, "process_mem_util_percent": 5.0}
{"timestamp_unix": 1772443205.431294, "pid": 124628, "device_index": 0, "gpu_uuid": "GPU-6f954bfd-7081-31b7-f15c-f9a174bf4d7f", "gpu_util_percent": 28.0, "gpu_mem_util_percent": 6.0, "gpu_mem_used_mib": 38224.0, "gpu_mem_total_mib": 49140.0, "gpu_power_w": 100.3, "process_present": true, "process_mem_mib": 37738.0, "process_mem_share_percent": 76.7969067969068, "process_util_available": true, "process_util_backend": "nvml", "process_sm_util_percent": 26.0, "process_mem_util_percent": 4.0}
{"timestamp_unix": 1772443205.7317688, "pid": 124628, "device_index": 0, "gpu_uuid": "GPU-6f954bfd-7081-31b7-f15c-f9a174bf4d7f", "gpu_util_percent": 28.0, "gpu_mem_util_percent": 6.0, "gpu_mem_used_mib": 38224.0, "gpu_mem_total_mib": 49140.0, "gpu_power_w": 100.3, "process_present": true, "process_mem_mib": 37738.0, "process_mem_share_percent": 76.7969067969068, "process_util_available": true, "process_util_backend": "nvml", "process_sm_util_percent": 10.0, "process_mem_util_percent": 1.0}
{"timestamp_unix": 1772443206.0317345, "pid": 124628, "device_index": 0, "gpu_uuid": "GPU-6f954bfd-7081-31b7-f15c-f9a174bf4d7f", "gpu_util_percent": 28.0, "gpu_mem_util_percent": 7.0, "gpu_mem_used_mib": 38224.0, "gpu_mem_total_mib": 49140.0, "gpu_power_w": 98.9, "process_present": true, "process_mem_mib": 37738.0, "process_mem_share_percent": 76.7969067969068, "process_util_available": true, "process_util_backend": "nvml", "process_sm_util_percent": null, "process_mem_util_percent": null}
{"timestamp_unix": 1772443206.3302414, "pid": 124628, "device_index": 0, "gpu_uuid": "GPU-6f954bfd-7081-31b7-f15c-f9a174bf4d7f", "gpu_util_percent": 28.0, "gpu_mem_util_percent": 7.0, "gpu_mem_used_mib": 38224.0, "gpu_mem_total_mib": 49140.0, "gpu_power_w": 99.79, "process_present": true, "process_mem_mib": 37738.0, "process_mem_share_percent": 76.7969067969068, "process_util_available": true, "process_util_backend": "nvml", "process_sm_util_percent": 13.0, "process_mem_util_percent": 3.0}
{"timestamp_unix": 1772443206.6225142, "pid": 124628, "device_index": 0, "gpu_uuid": "GPU-6f954bfd-7081-31b7-f15c-f9a174bf4d7f", "gpu_util_percent": 28.0, "gpu_mem_util_percent": 7.0, "gpu_mem_used_mib": 38224.0, "gpu_mem_total_mib": 49140.0, "gpu_power_w": 99.79, "process_present": true, "process_mem_mib": 37738.0, "process_mem_share_percent": 76.7969067969068, "process_util_available": true, "process_util_backend": "nvml", "process_sm_util_percent": 26.0, "process_mem_util_percent": 7.0}
{"timestamp_unix": 1772443206.912956, "pid": 124628, "device_index": 0, "gpu_uuid": "GPU-6f954bfd-7081-31b7-f15c-f9a174bf4d7f", "gpu_util_percent": 28.0, "gpu_mem_util_percent": 7.0, "gpu_mem_used_mib": 38224.0, "gpu_mem_total_mib": 49140.0, "gpu_power_w": 101.86, "process_present": true, "process_mem_mib": 37738.0, "process_mem_share_percent": 76.7969067969068, "process_util_available": true, "process_util_backend": "nvml", "process_sm_util_percent": 26.0, "process_mem_util_percent": 6.0}
{"timestamp_unix": 1772443207.2035384, "pid": 124628, "device_index": 0, "gpu_uuid": "GPU-6f954bfd-7081-31b7-f15c-f9a174bf4d7f", "gpu_util_percent": 28.0, "gpu_mem_util_percent": 7.0, "gpu_mem_used_mib": 38224.0, "gpu_mem_total_mib": 49140.0, "gpu_power_w": 101.86, "process_present": true, "process_mem_mib": 37738.0, "process_mem_share_percent": 76.7969067969068, "process_util_available": true, "process_util_backend": "nvml", "process_sm_util_percent": 25.0, "process_mem_util_percent": 6.0}
{"timestamp_unix": 1772443207.4924438, "pid": 124628, "device_index": 0, "gpu_uuid": "GPU-6f954bfd-7081-31b7-f15c-f9a174bf4d7f", "gpu_util_percent": 28.0, "gpu_mem_util_percent": 7.0, "gpu_mem_used_mib": 38224.0, "gpu_mem_total_mib": 49140.0, "gpu_power_w": 102.28, "process_present": true, "process_mem_mib": 37738.0, "process_mem_share_percent": 76.7969067969068, "process_util_available": true, "process_util_backend": "nvml", "process_sm_util_percent": 24.0, "process_mem_util_percent": 7.0}
{"timestamp_unix": 1772443207.78454, "pid": 124628, "device_index": 0, "gpu_uuid": "GPU-6f954bfd-7081-31b7-f15c-f9a174bf4d7f", "gpu_util_percent": 28.0, "gpu_mem_util_percent": 7.0, "gpu_mem_used_mib": 38224.0, "gpu_mem_total_mib": 49140.0, "gpu_power_w": 102.28, "process_present": true, "process_mem_mib": 37738.0, "process_mem_share_percent": 76.7969067969068, "process_util_available": true, "process_util_backend": "nvml", "process_sm_util_percent": 25.0, "process_mem_util_percent": 7.0}
{"timestamp_unix": 1772443208.0751622, "pid": 124628, "device_index": 0, "gpu_uuid": "GPU-6f954bfd-7081-31b7-f15c-f9a174bf4d7f", "gpu_util_percent": 27.0, "gpu_mem_util_percent": 8.0, "gpu_mem_used_mib": 38224.0, "gpu_mem_total_mib": 49140.0, "gpu_power_w": 102.53, "process_present": true, "process_mem_mib": 37738.0, "process_mem_share_percent": 76.7969067969068, "process_util_available": true, "process_util_backend": "nvml", "process_sm_util_percent": 24.0, "process_mem_util_percent": 7.0}
{"timestamp_unix": 1772443208.3839815, "pid": 124628, "device_index": 0, "gpu_uuid": "GPU-6f954bfd-7081-31b7-f15c-f9a174bf4d7f", "gpu_util_percent": 27.0, "gpu_mem_util_percent": 8.0, "gpu_mem_used_mib": 38224.0, "gpu_mem_total_mib": 49140.0, "gpu_power_w": 103.21, "process_present": true, "process_mem_mib": 37738.0, "process_mem_share_percent": 76.7969067969068, "process_util_available": true, "process_util_backend": "nvml", "process_sm_util_percent": 23.0, "process_mem_util_percent": 7.0}
{"timestamp_unix": 1772443208.6835535, "pid": 124628, "device_index": 0, "gpu_uuid": "GPU-6f954bfd-7081-31b7-f15c-f9a174bf4d7f", "gpu_util_percent": 27.0, "gpu_mem_util_percent": 8.0, "gpu_mem_used_mib": 38224.0, "gpu_mem_total_mib": 49140.0, "gpu_power_w": 103.21, "process_present": true, "process_mem_mib": 37738.0, "process_mem_share_percent": 76.7969067969068, "process_util_available": true, "process_util_backend": "nvml", "process_sm_util_percent": 23.0, "process_mem_util_percent": 7.0}
{"timestamp_unix": 1772443208.9954562, "pid": 124628, "device_index": 0, "gpu_uuid": "GPU-6f954bfd-7081-31b7-f15c-f9a174bf4d7f", "gpu_util_percent": 25.0, "gpu_mem_util_percent": 8.0, "gpu_mem_used_mib": 38224.0, "gpu_mem_total_mib": 49140.0, "gpu_power_w": 103.64, "process_present": true, "process_mem_mib": 37738.0, "process_mem_share_percent": 76.7969067969068, "process_util_available": true, "process_util_backend": "nvml", "process_sm_util_percent": 24.0, "process_mem_util_percent": 7.0}
{"timestamp_unix": 1772443209.2919202, "pid": 124628, "device_index": 0, "gpu_uuid": "GPU-6f954bfd-7081-31b7-f15c-f9a174bf4d7f", "gpu_util_percent": 25.0, "gpu_mem_util_percent": 8.0, "gpu_mem_used_mib": 38780.0, "gpu_mem_total_mib": 49140.0, "gpu_power_w": 103.64, "process_present": true, "process_mem_mib": 38292.0, "process_mem_share_percent": 77.92429792429793, "process_util_available": true, "process_util_backend": "nvml", "process_sm_util_percent": 14.0, "process_mem_util_percent": 3.0}
{"timestamp_unix": 1772443209.58778, "pid": 124628, "device_index": 0, "gpu_uuid": "GPU-6f954bfd-7081-31b7-f15c-f9a174bf4d7f", "gpu_util_percent": 25.0, "gpu_mem_util_percent": 8.0, "gpu_mem_used_mib": 39440.0, "gpu_mem_total_mib": 49140.0, "gpu_power_w": 103.87, "process_present": true, "process_mem_mib": 38952.0, "process_mem_share_percent": 79.26739926739927, "process_util_available": true, "process_util_backend": "nvml", "process_sm_util_percent": 15.0, "process_mem_util_percent": 2.0}
{"timestamp_unix": 1772443209.8838062, "pid": 124628, "device_index": 0, "gpu_uuid": "GPU-6f954bfd-7081-31b7-f15c-f9a174bf4d7f", "gpu_util_percent": 33.0, "gpu_mem_util_percent": 13.0, "gpu_mem_used_mib": 39440.0, "gpu_mem_total_mib": 49140.0, "gpu_power_w": 101.47, "process_present": true, "process_mem_mib": 38952.0, "process_mem_share_percent": 79.26739926739927, "process_util_available": true, "process_util_backend": "nvml", "process_sm_util_percent": 31.0, "process_mem_util_percent": 12.0}
{"timestamp_unix": 1772443210.1743126, "pid": 124628, "device_index": 0, "gpu_uuid": "GPU-6f954bfd-7081-31b7-f15c-f9a174bf4d7f", "gpu_util_percent": 33.0, "gpu_mem_util_percent": 13.0, "gpu_mem_used_mib": 39451.0, "gpu_mem_total_mib": 49140.0, "gpu_power_w": 101.47, "process_present": true, "process_mem_mib": 38952.0, "process_mem_share_percent": 79.26739926739927, "process_util_available": true, "process_util_backend": "nvml", "process_sm_util_percent": 33.0, "process_mem_util_percent": 12.0}
{"timestamp_unix": 1772443210.4718783, "pid": 124628, "device_index": 0, "gpu_uuid": "GPU-6f954bfd-7081-31b7-f15c-f9a174bf4d7f", "gpu_util_percent": 33.0, "gpu_mem_util_percent": 13.0, "gpu_mem_used_mib": 39451.0, "gpu_mem_total_mib": 49140.0, "gpu_power_w": 104.22, "process_present": true, "process_mem_mib": 38952.0, "process_mem_share_percent": 79.26739926739927, "process_util_available": true, "process_util_backend": "nvml", "process_sm_util_percent": 32.0, "process_mem_util_percent": 12.0}
{"timestamp_unix": 1772443210.7672575, "pid": 124628, "device_index": 0, "gpu_uuid": "GPU-6f954bfd-7081-31b7-f15c-f9a174bf4d7f", "gpu_util_percent": 33.0, "gpu_mem_util_percent": 13.0, "gpu_mem_used_mib": 39451.0, "gpu_mem_total_mib": 49140.0, "gpu_power_w": 104.22, "process_present": true, "process_mem_mib": 38952.0, "process_mem_share_percent": 79.26739926739927, "process_util_available": true, "process_util_backend": "nvml", "process_sm_util_percent": 32.0, "process_mem_util_percent": 12.0}
{"timestamp_unix": 1772443211.0644865, "pid": 124628, "device_index": 0, "gpu_uuid": "GPU-6f954bfd-7081-31b7-f15c-f9a174bf4d7f", "gpu_util_percent": 34.0, "gpu_mem_util_percent": 13.0, "gpu_mem_used_mib": 39451.0, "gpu_mem_total_mib": 49140.0, "gpu_power_w": 110.09, "process_present": true, "process_mem_mib": 38952.0, "process_mem_share_percent": 79.26739926739927, "process_util_available": true, "process_util_backend": "nvml", "process_sm_util_percent": 33.0, "process_mem_util_percent": 11.0}
{"timestamp_unix": 1772443211.3681867, "pid": 124628, "device_index": 0, "gpu_uuid": "GPU-6f954bfd-7081-31b7-f15c-f9a174bf4d7f", "gpu_util_percent": 34.0, "gpu_mem_util_percent": 13.0, "gpu_mem_used_mib": 39451.0, "gpu_mem_total_mib": 49140.0, "gpu_power_w": 109.84, "process_present": true, "process_mem_mib": 38952.0, "process_mem_share_percent": 79.26739926739927, "process_util_available": true, "process_util_backend": "nvml", "process_sm_util_percent": 34.0, "process_mem_util_percent": 12.0}
{"timestamp_unix": 1772443211.6701198, "pid": 124628, "device_index": 0, "gpu_uuid": "GPU-6f954bfd-7081-31b7-f15c-f9a174bf4d7f", "gpu_util_percent": 34.0, "gpu_mem_util_percent": 13.0, "gpu_mem_used_mib": 39452.0, "gpu_mem_total_mib": 49140.0, "gpu_power_w": 109.84, "process_present": true, "process_mem_mib": 38952.0, "process_mem_share_percent": 79.26739926739927, "process_util_available": true, "process_util_backend": "nvml", "process_sm_util_percent": 33.0, "process_mem_util_percent": 11.0}
{"timestamp_unix": 1772443211.9813147, "pid": 124628, "device_index": 0, "gpu_uuid": "GPU-6f954bfd-7081-31b7-f15c-f9a174bf4d7f", "gpu_util_percent": 32.0, "gpu_mem_util_percent": 10.0, "gpu_mem_used_mib": 39452.0, "gpu_mem_total_mib": 49140.0, "gpu_power_w": 109.46, "process_present": true, "process_mem_mib": 38952.0, "process_mem_share_percent": 79.26739926739927, "process_util_available": true, "process_util_backend": "nvml", "process_sm_util_percent": 33.0, "process_mem_util_percent": 11.0}
{"timestamp_unix": 1772443212.2724736, "pid": 124628, "device_index": 0, "gpu_uuid": "GPU-6f954bfd-7081-31b7-f15c-f9a174bf4d7f", "gpu_util_percent": 32.0, "gpu_mem_util_percent": 10.0, "gpu_mem_used_mib": 39452.0, "gpu_mem_total_mib": 49140.0, "gpu_power_w": 109.46, "process_present": true, "process_mem_mib": 38952.0, "process_mem_share_percent": 79.26739926739927, "process_util_available": true, "process_util_backend": "nvml", "process_sm_util_percent": 31.0, "process_mem_util_percent": 9.0}
{"timestamp_unix": 1772443212.567226, "pid": 124628, "device_index": 0, "gpu_uuid": "GPU-6f954bfd-7081-31b7-f15c-f9a174bf4d7f", "gpu_util_percent": 32.0, "gpu_mem_util_percent": 10.0, "gpu_mem_used_mib": 39452.0, "gpu_mem_total_mib": 49140.0, "gpu_power_w": 108.3, "process_present": true, "process_mem_mib": 38952.0, "process_mem_share_percent": 79.26739926739927, "process_util_available": true, "process_util_backend": "nvml", "process_sm_util_percent": 32.0, "process_mem_util_percent": 11.0}
{"timestamp_unix": 1772443212.8582072, "pid": 124628, "device_index": 0, "gpu_uuid": "GPU-6f954bfd-7081-31b7-f15c-f9a174bf4d7f", "gpu_util_percent": 31.0, "gpu_mem_util_percent": 11.0, "gpu_mem_used_mib": 39452.0, "gpu_mem_total_mib": 49140.0, "gpu_power_w": 107.63, "process_present": true, "process_mem_mib": 38952.0, "process_mem_share_percent": 79.26739926739927, "process_util_available": true, "process_util_backend": "nvml", "process_sm_util_percent": 31.0, "process_mem_util_percent": 10.0}
{"timestamp_unix": 1772443213.1503696, "pid": 124628, "device_index": 0, "gpu_uuid": "GPU-6f954bfd-7081-31b7-f15c-f9a174bf4d7f", "gpu_util_percent": 31.0, "gpu_mem_util_percent": 11.0, "gpu_mem_used_mib": 39452.0, "gpu_mem_total_mib": 49140.0, "gpu_power_w": 107.63, "process_present": true, "process_mem_mib": 38952.0, "process_mem_share_percent": 79.26739926739927, "process_util_available": true, "process_util_backend": "nvml", "process_sm_util_percent": 32.0, "process_mem_util_percent": 10.0}
{"timestamp_unix": 1772443213.441326, "pid": 124628, "device_index": 0, "gpu_uuid": "GPU-6f954bfd-7081-31b7-f15c-f9a174bf4d7f", "gpu_util_percent": 31.0, "gpu_mem_util_percent": 11.0, "gpu_mem_used_mib": 39452.0, "gpu_mem_total_mib": 49140.0, "gpu_power_w": 107.73, "process_present": true, "process_mem_mib": 38952.0, "process_mem_share_percent": 79.26739926739927, "process_util_available": true, "process_util_backend": "nvml", "process_sm_util_percent": 32.0, "process_mem_util_percent": 10.0}
{"timestamp_unix": 1772443213.7342248, "pid": 124628, "device_index": 0, "gpu_uuid": "GPU-6f954bfd-7081-31b7-f15c-f9a174bf4d7f", "gpu_util_percent": 31.0, "gpu_mem_util_percent": 11.0, "gpu_mem_used_mib": 39452.0, "gpu_mem_total_mib": 49140.0, "gpu_power_w": 107.73, "process_present": true, "process_mem_mib": 38952.0, "process_mem_share_percent": 79.26739926739927, "process_util_available": true, "process_util_backend": "nvml", "process_sm_util_percent": 31.0, "process_mem_util_percent": 8.0}
{"timestamp_unix": 1772443214.045783, "pid": 124628, "device_index": 0, "gpu_uuid": "GPU-6f954bfd-7081-31b7-f15c-f9a174bf4d7f", "gpu_util_percent": 29.0, "gpu_mem_util_percent": 7.0, "gpu_mem_used_mib": 39451.0, "gpu_mem_total_mib": 49140.0, "gpu_power_w": 106.74, "process_present": true, "process_mem_mib": 38952.0, "process_mem_share_percent": 79.26739926739927, "process_util_available": true, "process_util_backend": "nvml", "process_sm_util_percent": 29.0, "process_mem_util_percent": 6.0}
{"timestamp_unix": 1772443214.3482504, "pid": 124628, "device_index": 0, "gpu_uuid": "GPU-6f954bfd-7081-31b7-f15c-f9a174bf4d7f", "gpu_util_percent": 29.0, "gpu_mem_util_percent": 7.0, "gpu_mem_used_mib": 39451.0, "gpu_mem_total_mib": 49140.0, "gpu_power_w": 104.39, "process_present": true, "process_mem_mib": 38952.0, "process_mem_share_percent": 79.26739926739927, "process_util_available": true, "process_util_backend": "nvml", "process_sm_util_percent": 29.0, "process_mem_util_percent": 6.0}
{"timestamp_unix": 1772443214.6507323, "pid": 124628, "device_index": 0, "gpu_uuid": "GPU-6f954bfd-7081-31b7-f15c-f9a174bf4d7f", "gpu_util_percent": 29.0, "gpu_mem_util_percent": 7.0, "gpu_mem_used_mib": 39451.0, "gpu_mem_total_mib": 49140.0, "gpu_power_w": 104.39, "process_present": true, "process_mem_mib": 38952.0, "process_mem_share_percent": 79.26739926739927, "process_util_available": true, "process_util_backend": "nvml", "process_sm_util_percent": 29.0, "process_mem_util_percent": 6.0}
{"timestamp_unix": 1772443214.950616, "pid": 124628, "device_index": 0, "gpu_uuid": "GPU-6f954bfd-7081-31b7-f15c-f9a174bf4d7f", "gpu_util_percent": 30.0, "gpu_mem_util_percent": 7.0, "gpu_mem_used_mib": 39451.0, "gpu_mem_total_mib": 49140.0, "gpu_power_w": 102.56, "process_present": true, "process_mem_mib": 38952.0, "process_mem_share_percent": 79.26739926739927, "process_util_available": true, "process_util_backend": "nvml", "process_sm_util_percent": 15.0, "process_mem_util_percent": 3.0}
{"timestamp_unix": 1772443215.2398264, "pid": 124628, "device_index": 0, "gpu_uuid": "GPU-6f954bfd-7081-31b7-f15c-f9a174bf4d7f", "gpu_util_percent": 30.0, "gpu_mem_util_percent": 7.0, "gpu_mem_used_mib": 39451.0, "gpu_mem_total_mib": 49140.0, "gpu_power_w": 102.56, "process_present": true, "process_mem_mib": 38952.0, "process_mem_share_percent": 79.26739926739927, "process_util_available": true, "process_util_backend": "nvml", "process_sm_util_percent": 25.0, "process_mem_util_percent": 5.0}
{"timestamp_unix": 1772443215.5340178, "pid": 124628, "device_index": 0, "gpu_uuid": "GPU-6f954bfd-7081-31b7-f15c-f9a174bf4d7f", "gpu_util_percent": 30.0, "gpu_mem_util_percent": 7.0, "gpu_mem_used_mib": 39451.0, "gpu_mem_total_mib": 49140.0, "gpu_power_w": 102.02, "process_present": true, "process_mem_mib": 38952.0, "process_mem_share_percent": 79.26739926739927, "process_util_available": true, "process_util_backend": "nvml", "process_sm_util_percent": 29.0, "process_mem_util_percent": 7.0}
{"timestamp_unix": 1772443215.824203, "pid": 124628, "device_index": 0, "gpu_uuid": "GPU-6f954bfd-7081-31b7-f15c-f9a174bf4d7f", "gpu_util_percent": 29.0, "gpu_mem_util_percent": 8.0, "gpu_mem_used_mib": 39451.0, "gpu_mem_total_mib": 49140.0, "gpu_power_w": 102.74, "process_present": true, "process_mem_mib": 38952.0, "process_mem_share_percent": 79.26739926739927, "process_util_available": true, "process_util_backend": "nvml", "process_sm_util_percent": 29.0, "process_mem_util_percent": 7.0}
{"timestamp_unix": 1772443216.1178741, "pid": 124628, "device_index": 0, "gpu_uuid": "GPU-6f954bfd-7081-31b7-f15c-f9a174bf4d7f", "gpu_util_percent": 29.0, "gpu_mem_util_percent": 8.0, "gpu_mem_used_mib": 39451.0, "gpu_mem_total_mib": 49140.0, "gpu_power_w": 102.74, "process_present": true, "process_mem_mib": 38952.0, "process_mem_share_percent": 79.26739926739927, "process_util_available": true, "process_util_backend": "nvml", "process_sm_util_percent": 30.0, "process_mem_util_percent": 7.0}
{"timestamp_unix": 1772443216.4098082, "pid": 124628, "device_index": 0, "gpu_uuid": "GPU-6f954bfd-7081-31b7-f15c-f9a174bf4d7f", "gpu_util_percent": 29.0, "gpu_mem_util_percent": 8.0, "gpu_mem_used_mib": 39451.0, "gpu_mem_total_mib": 49140.0, "gpu_power_w": 104.56, "process_present": true, "process_mem_mib": 38952.0, "process_mem_share_percent": 79.26739926739927, "process_util_available": true, "process_util_backend": "nvml", "process_sm_util_percent": 30.0, "process_mem_util_percent": 8.0}
{"timestamp_unix": 1772443216.7107196, "pid": 124628, "device_index": 0, "gpu_uuid": "GPU-6f954bfd-7081-31b7-f15c-f9a174bf4d7f", "gpu_util_percent": 29.0, "gpu_mem_util_percent": 8.0, "gpu_mem_used_mib": 39451.0, "gpu_mem_total_mib": 49140.0, "gpu_power_w": 104.56, "process_present": true, "process_mem_mib": 38952.0, "process_mem_share_percent": 79.26739926739927, "process_util_available": true, "process_util_backend": "nvml", "process_sm_util_percent": 30.0, "process_mem_util_percent": 7.0}
{"timestamp_unix": 1772443217.0288572, "pid": 124628, "device_index": 0, "gpu_uuid": "GPU-6f954bfd-7081-31b7-f15c-f9a174bf4d7f", "gpu_util_percent": 29.0, "gpu_mem_util_percent": 8.0, "gpu_mem_used_mib": 39451.0, "gpu_mem_total_mib": 49140.0, "gpu_power_w": 105.22, "process_present": true, "process_mem_mib": 38952.0, "process_mem_share_percent": 79.26739926739927, "process_util_available": true, "process_util_backend": "nvml", "process_sm_util_percent": 29.0, "process_mem_util_percent": 8.0}
{"timestamp_unix": 1772443217.3350422, "pid": 124628, "device_index": 0, "gpu_uuid": "GPU-6f954bfd-7081-31b7-f15c-f9a174bf4d7f", "gpu_util_percent": 29.0, "gpu_mem_util_percent": 8.0, "gpu_mem_used_mib": 39451.0, "gpu_mem_total_mib": 49140.0, "gpu_power_w": 105.64, "process_present": true, "process_mem_mib": 38952.0, "process_mem_share_percent": 79.26739926739927, "process_util_available": true, "process_util_backend": "nvml", "process_sm_util_percent": 30.0, "process_mem_util_percent": 8.0}
{"timestamp_unix": 1772443217.6253994, "pid": 124628, "device_index": 0, "gpu_uuid": "GPU-6f954bfd-7081-31b7-f15c-f9a174bf4d7f", "gpu_util_percent": 29.0, "gpu_mem_util_percent": 8.0, "gpu_mem_used_mib": 39451.0, "gpu_mem_total_mib": 49140.0, "gpu_power_w": 105.64, "process_present": true, "process_mem_mib": 38952.0, "process_mem_share_percent": 79.26739926739927, "process_util_available": true, "process_util_backend": "nvml", "process_sm_util_percent": 29.0, "process_mem_util_percent": 8.0}
{"timestamp_unix": 1772443217.9194021, "pid": 124628, "device_index": 0, "gpu_uuid": "GPU-6f954bfd-7081-31b7-f15c-f9a174bf4d7f", "gpu_util_percent": 30.0, "gpu_mem_util_percent": 8.0, "gpu_mem_used_mib": 39597.0, "gpu_mem_total_mib": 49140.0, "gpu_power_w": 105.89, "process_present": true, "process_mem_mib": 39174.0, "process_mem_share_percent": 79.71916971916973, "process_util_available": true, "process_util_backend": "nvml", "process_sm_util_percent": 30.0, "process_mem_util_percent": 8.0}
{"timestamp_unix": 1772443218.20973, "pid": 124628, "device_index": 0, "gpu_uuid": "GPU-6f954bfd-7081-31b7-f15c-f9a174bf4d7f", "gpu_util_percent": 30.0, "gpu_mem_util_percent": 8.0, "gpu_mem_used_mib": 39977.0, "gpu_mem_total_mib": 49140.0, "gpu_power_w": 105.89, "process_present": true, "process_mem_mib": 39554.0, "process_mem_share_percent": 80.49247049247049, "process_util_available": true, "process_util_backend": "nvml", "process_sm_util_percent": 30.0, "process_mem_util_percent": 8.0}
{"timestamp_unix": 1772443218.5026007, "pid": 124628, "device_index": 0, "gpu_uuid": "GPU-6f954bfd-7081-31b7-f15c-f9a174bf4d7f", "gpu_util_percent": 30.0, "gpu_mem_util_percent": 8.0, "gpu_mem_used_mib": 40441.0, "gpu_mem_total_mib": 49140.0, "gpu_power_w": 106.1, "process_present": true, "process_mem_mib": 40074.0, "process_mem_share_percent": 81.55067155067155, "process_util_available": true, "process_util_backend": "nvml", "process_sm_util_percent": 30.0, "process_mem_util_percent": 8.0}
{"timestamp_unix": 1772443218.7941518, "pid": 124628, "device_index": 0, "gpu_uuid": "GPU-6f954bfd-7081-31b7-f15c-f9a174bf4d7f", "gpu_util_percent": 30.0, "gpu_mem_util_percent": 8.0, "gpu_mem_used_mib": 41035.0, "gpu_mem_total_mib": 49140.0, "gpu_power_w": 106.1, "process_present": true, "process_mem_mib": 40536.0, "process_mem_share_percent": 82.49084249084248, "process_util_available": true, "process_util_backend": "nvml", "process_sm_util_percent": 30.0, "process_mem_util_percent": 8.0}
{"timestamp_unix": 1772443219.0885775, "pid": 124628, "device_index": 0, "gpu_uuid": "GPU-6f954bfd-7081-31b7-f15c-f9a174bf4d7f", "gpu_util_percent": 30.0, "gpu_mem_util_percent": 9.0, "gpu_mem_used_mib": 41579.0, "gpu_mem_total_mib": 49140.0, "gpu_power_w": 106.11, "process_present": true, "process_mem_mib": 41336.0, "process_mem_share_percent": 84.11884411884412, "process_util_available": true, "process_util_backend": "nvml", "process_sm_util_percent": 10.0, "process_mem_util_percent": 1.0}
{"timestamp_unix": 1772443219.3946288, "pid": 124628, "device_index": 0, "gpu_uuid": "GPU-6f954bfd-7081-31b7-f15c-f9a174bf4d7f", "gpu_util_percent": 30.0, "gpu_mem_util_percent": 9.0, "gpu_mem_used_mib": 41835.0, "gpu_mem_total_mib": 49140.0, "gpu_power_w": 101.44, "process_present": true, "process_mem_mib": 41336.0, "process_mem_share_percent": 84.11884411884412, "process_util_available": true, "process_util_backend": "nvml", "process_sm_util_percent": 35.0, "process_mem_util_percent": 15.0}
{"timestamp_unix": 1772443219.6974514, "pid": 124628, "device_index": 0, "gpu_uuid": "GPU-6f954bfd-7081-31b7-f15c-f9a174bf4d7f", "gpu_util_percent": 30.0, "gpu_mem_util_percent": 9.0, "gpu_mem_used_mib": 41835.0, "gpu_mem_total_mib": 49140.0, "gpu_power_w": 101.44, "process_present": true, "process_mem_mib": 41336.0, "process_mem_share_percent": 84.11884411884412, "process_util_available": true, "process_util_backend": "nvml", "process_sm_util_percent": 36.0, "process_mem_util_percent": 15.0}
{"timestamp_unix": 1772443220.0153682, "pid": 124628, "device_index": 0, "gpu_uuid": "GPU-6f954bfd-7081-31b7-f15c-f9a174bf4d7f", "gpu_util_percent": 35.0, "gpu_mem_util_percent": 15.0, "gpu_mem_used_mib": 41835.0, "gpu_mem_total_mib": 49140.0, "gpu_power_w": 105.66, "process_present": true, "process_mem_mib": 41336.0, "process_mem_share_percent": 84.11884411884412, "process_util_available": true, "process_util_backend": "nvml", "process_sm_util_percent": 36.0, "process_mem_util_percent": 16.0}
{"timestamp_unix": 1772443220.3146677, "pid": 124628, "device_index": 0, "gpu_uuid": "GPU-6f954bfd-7081-31b7-f15c-f9a174bf4d7f", "gpu_util_percent": 35.0, "gpu_mem_util_percent": 15.0, "gpu_mem_used_mib": 41830.0, "gpu_mem_total_mib": 49140.0, "gpu_power_w": 115.23, "process_present": true, "process_mem_mib": 41336.0, "process_mem_share_percent": 84.11884411884412, "process_util_available": true, "process_util_backend": "nvml", "process_sm_util_percent": 35.0, "process_mem_util_percent": 15.0}
{"timestamp_unix": 1772443220.6078174, "pid": 124628, "device_index": 0, "gpu_uuid": "GPU-6f954bfd-7081-31b7-f15c-f9a174bf4d7f", "gpu_util_percent": 35.0, "gpu_mem_util_percent": 15.0, "gpu_mem_used_mib": 41830.0, "gpu_mem_total_mib": 49140.0, "gpu_power_w": 115.23, "process_present": true, "process_mem_mib": 41336.0, "process_mem_share_percent": 84.11884411884412, "process_util_available": true, "process_util_backend": "nvml", "process_sm_util_percent": null, "process_mem_util_percent": null}
{"timestamp_unix": 1772443220.9025505, "pid": 124628, "device_index": 0, "gpu_uuid": "GPU-6f954bfd-7081-31b7-f15c-f9a174bf4d7f", "gpu_util_percent": 35.0, "gpu_mem_util_percent": 15.0, "gpu_mem_used_mib": 41830.0, "gpu_mem_total_mib": 49140.0, "gpu_power_w": 115.18, "process_present": true, "process_mem_mib": 41336.0, "process_mem_share_percent": 84.11884411884412, "process_util_available": true, "process_util_backend": "nvml", "process_sm_util_percent": 35.0, "process_mem_util_percent": 14.0}
{"timestamp_unix": 1772443221.1917295, "pid": 124628, "device_index": 0, "gpu_uuid": "GPU-6f954bfd-7081-31b7-f15c-f9a174bf4d7f", "gpu_util_percent": 35.0, "gpu_mem_util_percent": 15.0, "gpu_mem_used_mib": 41829.0, "gpu_mem_total_mib": 49140.0, "gpu_power_w": 115.18, "process_present": true, "process_mem_mib": 41336.0, "process_mem_share_percent": 84.11884411884412, "process_util_available": true, "process_util_backend": "nvml", "process_sm_util_percent": 34.0, "process_mem_util_percent": 14.0}
{"timestamp_unix": 1772443221.4902017, "pid": 124628, "device_index": 0, "gpu_uuid": "GPU-6f954bfd-7081-31b7-f15c-f9a174bf4d7f", "gpu_util_percent": 35.0, "gpu_mem_util_percent": 15.0, "gpu_mem_used_mib": 41829.0, "gpu_mem_total_mib": 49140.0, "gpu_power_w": 114.43, "process_present": true, "process_mem_mib": 41336.0, "process_mem_share_percent": 84.11884411884412, "process_util_available": true, "process_util_backend": "nvml", "process_sm_util_percent": 17.0, "process_mem_util_percent": 7.0}
{"timestamp_unix": 1772443221.7778986, "pid": 124628, "device_index": 0, "gpu_uuid": "GPU-6f954bfd-7081-31b7-f15c-f9a174bf4d7f", "gpu_util_percent": 35.0, "gpu_mem_util_percent": 15.0, "gpu_mem_used_mib": 41829.0, "gpu_mem_total_mib": 49140.0, "gpu_power_w": 114.43, "process_present": true, "process_mem_mib": 41336.0, "process_mem_share_percent": 84.11884411884412, "process_util_available": true, "process_util_backend": "nvml", "process_sm_util_percent": null, "process_mem_util_percent": null}
{"timestamp_unix": 1772443222.0713308, "pid": 124628, "device_index": 0, "gpu_uuid": "GPU-6f954bfd-7081-31b7-f15c-f9a174bf4d7f", "gpu_util_percent": 36.0, "gpu_mem_util_percent": 16.0, "gpu_mem_used_mib": 41829.0, "gpu_mem_total_mib": 49140.0, "gpu_power_w": 113.78, "process_present": true, "process_mem_mib": 41336.0, "process_mem_share_percent": 84.11884411884412, "process_util_available": true, "process_util_backend": "nvml", "process_sm_util_percent": 33.0, "process_mem_util_percent": 13.0}
{"timestamp_unix": 1772443222.3783681, "pid": 124628, "device_index": 0, "gpu_uuid": "GPU-6f954bfd-7081-31b7-f15c-f9a174bf4d7f", "gpu_util_percent": 36.0, "gpu_mem_util_percent": 16.0, "gpu_mem_used_mib": 41829.0, "gpu_mem_total_mib": 49140.0, "gpu_power_w": 112.87, "process_present": true, "process_mem_mib": 41336.0, "process_mem_share_percent": 84.11884411884412, "process_util_available": true, "process_util_backend": "nvml", "process_sm_util_percent": 33.0, "process_mem_util_percent": 13.0}
{"timestamp_unix": 1772443222.684098, "pid": 124628, "device_index": 0, "gpu_uuid": "GPU-6f954bfd-7081-31b7-f15c-f9a174bf4d7f", "gpu_util_percent": 36.0, "gpu_mem_util_percent": 16.0, "gpu_mem_used_mib": 41829.0, "gpu_mem_total_mib": 49140.0, "gpu_power_w": 112.87, "process_present": true, "process_mem_mib": 41336.0, "process_mem_share_percent": 84.11884411884412, "process_util_available": true, "process_util_backend": "nvml", "process_sm_util_percent": 30.0, "process_mem_util_percent": 10.0}
{"timestamp_unix": 1772443222.982187, "pid": 124628, "device_index": 0, "gpu_uuid": "GPU-6f954bfd-7081-31b7-f15c-f9a174bf4d7f", "gpu_util_percent": 30.0, "gpu_mem_util_percent": 8.0, "gpu_mem_used_mib": 41829.0, "gpu_mem_total_mib": 49140.0, "gpu_power_w": 110.21, "process_present": true, "process_mem_mib": 41336.0, "process_mem_share_percent": 84.11884411884412, "process_util_available": true, "process_util_backend": "nvml", "process_sm_util_percent": 29.0, "process_mem_util_percent": 8.0}
{"timestamp_unix": 1772443223.271219, "pid": 124628, "device_index": 0, "gpu_uuid": "GPU-6f954bfd-7081-31b7-f15c-f9a174bf4d7f", "gpu_util_percent": 30.0, "gpu_mem_util_percent": 8.0, "gpu_mem_used_mib": 41829.0, "gpu_mem_total_mib": 49140.0, "gpu_power_w": 110.21, "process_present": true, "process_mem_mib": 41336.0, "process_mem_share_percent": 84.11884411884412, "process_util_available": true, "process_util_backend": "nvml", "process_sm_util_percent": 29.0, "process_mem_util_percent": 7.0}
{"timestamp_unix": 1772443223.5633843, "pid": 124628, "device_index": 0, "gpu_uuid": "GPU-6f954bfd-7081-31b7-f15c-f9a174bf4d7f", "gpu_util_percent": 30.0, "gpu_mem_util_percent": 8.0, "gpu_mem_used_mib": 41829.0, "gpu_mem_total_mib": 49140.0, "gpu_power_w": 106.68, "process_present": true, "process_mem_mib": 41336.0, "process_mem_share_percent": 84.11884411884412, "process_util_available": true, "process_util_backend": "nvml", "process_sm_util_percent": 29.0, "process_mem_util_percent": 7.0}
{"timestamp_unix": 1772443223.8549712, "pid": 124628, "device_index": 0, "gpu_uuid": "GPU-6f954bfd-7081-31b7-f15c-f9a174bf4d7f", "gpu_util_percent": 30.0, "gpu_mem_util_percent": 8.0, "gpu_mem_used_mib": 41829.0, "gpu_mem_total_mib": 49140.0, "gpu_power_w": 104.47, "process_present": true, "process_mem_mib": 41336.0, "process_mem_share_percent": 84.11884411884412, "process_util_available": true, "process_util_backend": "nvml", "process_sm_util_percent": 29.0, "process_mem_util_percent": 7.0}
{"timestamp_unix": 1772443224.1494665, "pid": 124628, "device_index": 0, "gpu_uuid": "GPU-6f954bfd-7081-31b7-f15c-f9a174bf4d7f", "gpu_util_percent": 30.0, "gpu_mem_util_percent": 8.0, "gpu_mem_used_mib": 41823.0, "gpu_mem_total_mib": 49140.0, "gpu_power_w": 104.47, "process_present": true, "process_mem_mib": 41336.0, "process_mem_share_percent": 84.11884411884412, "process_util_available": true, "process_util_backend": "nvml", "process_sm_util_percent": 29.0, "process_mem_util_percent": 7.0}
{"timestamp_unix": 1772443224.4400382, "pid": 124628, "device_index": 0, "gpu_uuid": "GPU-6f954bfd-7081-31b7-f15c-f9a174bf4d7f", "gpu_util_percent": 30.0, "gpu_mem_util_percent": 8.0, "gpu_mem_used_mib": 41823.0, "gpu_mem_total_mib": 49140.0, "gpu_power_w": 104.03, "process_present": true, "process_mem_mib": 41336.0, "process_mem_share_percent": 84.11884411884412, "process_util_available": true, "process_util_backend": "nvml", "process_sm_util_percent": 28.0, "process_mem_util_percent": 7.0}
{"timestamp_unix": 1772443224.7341132, "pid": 124628, "device_index": 0, "gpu_uuid": "GPU-6f954bfd-7081-31b7-f15c-f9a174bf4d7f", "gpu_util_percent": 30.0, "gpu_mem_util_percent": 8.0, "gpu_mem_used_mib": 41823.0, "gpu_mem_total_mib": 49140.0, "gpu_power_w": 104.03, "process_present": true, "process_mem_mib": 41336.0, "process_mem_share_percent": 84.11884411884412, "process_util_available": true, "process_util_backend": "nvml", "process_sm_util_percent": 15.0, "process_mem_util_percent": 3.0}
{"timestamp_unix": 1772443225.0649164, "pid": 124628, "device_index": 0, "gpu_uuid": "GPU-6f954bfd-7081-31b7-f15c-f9a174bf4d7f", "gpu_util_percent": 20.0, "gpu_mem_util_percent": 4.0, "gpu_mem_used_mib": 41822.0, "gpu_mem_total_mib": 49140.0, "gpu_power_w": 102.94, "process_present": true, "process_mem_mib": 41336.0, "process_mem_share_percent": 84.11884411884412, "process_util_available": true, "process_util_backend": "nvml", "process_sm_util_percent": 24.0, "process_mem_util_percent": 5.0}
{"timestamp_unix": 1772443225.3685665, "pid": 124628, "device_index": 0, "gpu_uuid": "GPU-6f954bfd-7081-31b7-f15c-f9a174bf4d7f", "gpu_util_percent": 20.0, "gpu_mem_util_percent": 4.0, "gpu_mem_used_mib": 41822.0, "gpu_mem_total_mib": 49140.0, "gpu_power_w": 102.44, "process_present": true, "process_mem_mib": 41336.0, "process_mem_share_percent": 84.11884411884412, "process_util_available": true, "process_util_backend": "nvml", "process_sm_util_percent": 30.0, "process_mem_util_percent": 8.0}
{"timestamp_unix": 1772443225.6664019, "pid": 124628, "device_index": 0, "gpu_uuid": "GPU-6f954bfd-7081-31b7-f15c-f9a174bf4d7f", "gpu_util_percent": 20.0, "gpu_mem_util_percent": 4.0, "gpu_mem_used_mib": 41822.0, "gpu_mem_total_mib": 49140.0, "gpu_power_w": 102.44, "process_present": true, "process_mem_mib": 41336.0, "process_mem_share_percent": 84.11884411884412, "process_util_available": true, "process_util_backend": "nvml", "process_sm_util_percent": 29.0, "process_mem_util_percent": 8.0}
{"timestamp_unix": 1772443225.9584925, "pid": 124628, "device_index": 0, "gpu_uuid": "GPU-6f954bfd-7081-31b7-f15c-f9a174bf4d7f", "gpu_util_percent": 30.0, "gpu_mem_util_percent": 8.0, "gpu_mem_used_mib": 41822.0, "gpu_mem_total_mib": 49140.0, "gpu_power_w": 104.08, "process_present": true, "process_mem_mib": 41336.0, "process_mem_share_percent": 84.11884411884412, "process_util_available": true, "process_util_backend": "nvml", "process_sm_util_percent": 29.0, "process_mem_util_percent": 8.0}
{"timestamp_unix": 1772443226.2539146, "pid": 124628, "device_index": 0, "gpu_uuid": "GPU-6f954bfd-7081-31b7-f15c-f9a174bf4d7f", "gpu_util_percent": 30.0, "gpu_mem_util_percent": 8.0, "gpu_mem_used_mib": 41822.0, "gpu_mem_total_mib": 49140.0, "gpu_power_w": 104.08, "process_present": true, "process_mem_mib": 41336.0, "process_mem_share_percent": 84.11884411884412, "process_util_available": true, "process_util_backend": "nvml", "process_sm_util_percent": 29.0, "process_mem_util_percent": 8.0}
{"timestamp_unix": 1772443226.5450478, "pid": 124628, "device_index": 0, "gpu_uuid": "GPU-6f954bfd-7081-31b7-f15c-f9a174bf4d7f", "gpu_util_percent": 30.0, "gpu_mem_util_percent": 8.0, "gpu_mem_used_mib": 41822.0, "gpu_mem_total_mib": 49140.0, "gpu_power_w": 106.94, "process_present": true, "process_mem_mib": 41336.0, "process_mem_share_percent": 84.11884411884412, "process_util_available": true, "process_util_backend": "nvml", "process_sm_util_percent": 29.0, "process_mem_util_percent": 8.0}
{"timestamp_unix": 1772443226.8389661, "pid": 124628, "device_index": 0, "gpu_uuid": "GPU-6f954bfd-7081-31b7-f15c-f9a174bf4d7f", "gpu_util_percent": 30.0, "gpu_mem_util_percent": 10.0, "gpu_mem_used_mib": 42782.0, "gpu_mem_total_mib": 49140.0, "gpu_power_w": 107.44, "process_present": true, "process_mem_mib": 42296.0, "process_mem_share_percent": 86.07244607244607, "process_util_available": true, "process_util_backend": "nvml", "process_sm_util_percent": 30.0, "process_mem_util_percent": 9.0}
{"timestamp_unix": 1772443227.132201, "pid": 124628, "device_index": 0, "gpu_uuid": "GPU-6f954bfd-7081-31b7-f15c-f9a174bf4d7f", "gpu_util_percent": 30.0, "gpu_mem_util_percent": 10.0, "gpu_mem_used_mib": 42782.0, "gpu_mem_total_mib": 49140.0, "gpu_power_w": 107.44, "process_present": true, "process_mem_mib": 42296.0, "process_mem_share_percent": 86.07244607244607, "process_util_available": true, "process_util_backend": "nvml", "process_sm_util_percent": 29.0, "process_mem_util_percent": 9.0}
{"timestamp_unix": 1772443227.4220252, "pid": 124628, "device_index": 0, "gpu_uuid": "GPU-6f954bfd-7081-31b7-f15c-f9a174bf4d7f", "gpu_util_percent": 30.0, "gpu_mem_util_percent": 10.0, "gpu_mem_used_mib": 42782.0, "gpu_mem_total_mib": 49140.0, "gpu_power_w": 107.95, "process_present": true, "process_mem_mib": 42296.0, "process_mem_share_percent": 86.07244607244607, "process_util_available": true, "process_util_backend": "nvml", "process_sm_util_percent": 29.0, "process_mem_util_percent": 9.0}
{"timestamp_unix": 1772443227.7289712, "pid": 124628, "device_index": 0, "gpu_uuid": "GPU-6f954bfd-7081-31b7-f15c-f9a174bf4d7f", "gpu_util_percent": 30.0, "gpu_mem_util_percent": 10.0, "gpu_mem_used_mib": 42782.0, "gpu_mem_total_mib": 49140.0, "gpu_power_w": 107.95, "process_present": true, "process_mem_mib": 42296.0, "process_mem_share_percent": 86.07244607244607, "process_util_available": true, "process_util_backend": "nvml", "process_sm_util_percent": 29.0, "process_mem_util_percent": 9.0}
{"timestamp_unix": 1772443228.0462263, "pid": 124628, "device_index": 0, "gpu_uuid": "GPU-6f954bfd-7081-31b7-f15c-f9a174bf4d7f", "gpu_util_percent": 29.0, "gpu_mem_util_percent": 9.0, "gpu_mem_used_mib": 42782.0, "gpu_mem_total_mib": 49140.0, "gpu_power_w": 108.08, "process_present": true, "process_mem_mib": 42296.0, "process_mem_share_percent": 86.07244607244607, "process_util_available": true, "process_util_backend": "nvml", "process_sm_util_percent": 30.0, "process_mem_util_percent": 9.0}
{"timestamp_unix": 1772443228.3496816, "pid": 124628, "device_index": 0, "gpu_uuid": "GPU-6f954bfd-7081-31b7-f15c-f9a174bf4d7f", "gpu_util_percent": 29.0, "gpu_mem_util_percent": 9.0, "gpu_mem_used_mib": 43790.0, "gpu_mem_total_mib": 49140.0, "gpu_power_w": 108.61, "process_present": true, "process_mem_mib": 43304.0, "process_mem_share_percent": 88.12372812372813, "process_util_available": true, "process_util_backend": "nvml", "process_sm_util_percent": 28.0, "process_mem_util_percent": 9.0}
{"timestamp_unix": 1772443228.6505497, "pid": 124628, "device_index": 0, "gpu_uuid": "GPU-6f954bfd-7081-31b7-f15c-f9a174bf4d7f", "gpu_util_percent": 29.0, "gpu_mem_util_percent": 9.0, "gpu_mem_used_mib": 43942.0, "gpu_mem_total_mib": 49140.0, "gpu_power_w": 108.61, "process_present": true, "process_mem_mib": 43456.0, "process_mem_share_percent": 88.43304843304843, "process_util_available": true, "process_util_backend": "nvml", "process_sm_util_percent": 29.0, "process_mem_util_percent": 9.0}
{"timestamp_unix": 1772443228.9396126, "pid": 124628, "device_index": 0, "gpu_uuid": "GPU-6f954bfd-7081-31b7-f15c-f9a174bf4d7f", "gpu_util_percent": 13.0, "gpu_mem_util_percent": 1.0, "gpu_mem_used_mib": 44110.0, "gpu_mem_total_mib": 49140.0, "gpu_power_w": 106.66, "process_present": true, "process_mem_mib": 44464.0, "process_mem_share_percent": 90.48433048433048, "process_util_available": true, "process_util_backend": "nvml", "process_sm_util_percent": 7.0, "process_mem_util_percent": 0.0}
{"timestamp_unix": 1772443229.2346528, "pid": 124628, "device_index": 0, "gpu_uuid": "GPU-6f954bfd-7081-31b7-f15c-f9a174bf4d7f", "gpu_util_percent": 13.0, "gpu_mem_util_percent": 1.0, "gpu_mem_used_mib": 45034.0, "gpu_mem_total_mib": 49140.0, "gpu_power_w": 106.66, "process_present": true, "process_mem_mib": 44548.0, "process_mem_share_percent": 90.65527065527066, "process_util_available": true, "process_util_backend": "nvml", "process_sm_util_percent": 30.0, "process_mem_util_percent": 14.0}
{"timestamp_unix": 1772443229.5326948, "pid": 124628, "device_index": 0, "gpu_uuid": "GPU-6f954bfd-7081-31b7-f15c-f9a174bf4d7f", "gpu_util_percent": 13.0, "gpu_mem_util_percent": 1.0, "gpu_mem_used_mib": 45034.0, "gpu_mem_total_mib": 49140.0, "gpu_power_w": 104.33, "process_present": true, "process_mem_mib": 44548.0, "process_mem_share_percent": 90.65527065527066, "process_util_available": true, "process_util_backend": "nvml", "process_sm_util_percent": 36.0, "process_mem_util_percent": 18.0}
{"timestamp_unix": 1772443229.8255427, "pid": 124628, "device_index": 0, "gpu_uuid": "GPU-6f954bfd-7081-31b7-f15c-f9a174bf4d7f", "gpu_util_percent": 34.0, "gpu_mem_util_percent": 19.0, "gpu_mem_used_mib": 45114.0, "gpu_mem_total_mib": 49140.0, "gpu_power_w": 109.13, "process_present": true, "process_mem_mib": 44628.0, "process_mem_share_percent": 90.81807081807082, "process_util_available": true, "process_util_backend": "nvml", "process_sm_util_percent": 34.0, "process_mem_util_percent": 18.0}
{"timestamp_unix": 1772443230.129392, "pid": 124628, "device_index": 0, "gpu_uuid": "GPU-6f954bfd-7081-31b7-f15c-f9a174bf4d7f", "gpu_util_percent": 34.0, "gpu_mem_util_percent": 19.0, "gpu_mem_used_mib": 45123.0, "gpu_mem_total_mib": 49140.0, "gpu_power_w": 109.13, "process_present": true, "process_mem_mib": 44628.0, "process_mem_share_percent": 90.81807081807082, "process_util_available": true, "process_util_backend": "nvml", "process_sm_util_percent": 36.0, "process_mem_util_percent": 17.0}
{"timestamp_unix": 1772443230.421985, "pid": 124628, "device_index": 0, "gpu_uuid": "GPU-6f954bfd-7081-31b7-f15c-f9a174bf4d7f", "gpu_util_percent": 34.0, "gpu_mem_util_percent": 19.0, "gpu_mem_used_mib": 45123.0, "gpu_mem_total_mib": 49140.0, "gpu_power_w": 118.31, "process_present": true, "process_mem_mib": 44628.0, "process_mem_share_percent": 90.81807081807082, "process_util_available": true, "process_util_backend": "nvml", "process_sm_util_percent": 35.0, "process_mem_util_percent": 18.0}
{"timestamp_unix": 1772443230.7275693, "pid": 124628, "device_index": 0, "gpu_uuid": "GPU-6f954bfd-7081-31b7-f15c-f9a174bf4d7f", "gpu_util_percent": 34.0, "gpu_mem_util_percent": 19.0, "gpu_mem_used_mib": 45123.0, "gpu_mem_total_mib": 49140.0, "gpu_power_w": 118.31, "process_present": true, "process_mem_mib": 44628.0, "process_mem_share_percent": 90.81807081807082, "process_util_available": true, "process_util_backend": "nvml", "process_sm_util_percent": 34.0, "process_mem_util_percent": 17.0}
{"timestamp_unix": 1772443231.0469012, "pid": 124628, "device_index": 0, "gpu_uuid": "GPU-6f954bfd-7081-31b7-f15c-f9a174bf4d7f", "gpu_util_percent": 35.0, "gpu_mem_util_percent": 18.0, "gpu_mem_used_mib": 45123.0, "gpu_mem_total_mib": 49140.0, "gpu_power_w": 117.85, "process_present": true, "process_mem_mib": 44628.0, "process_mem_share_percent": 90.81807081807082, "process_util_available": true, "process_util_backend": "nvml", "process_sm_util_percent": 35.0, "process_mem_util_percent": 17.0}
{"timestamp_unix": 1772443231.3493643, "pid": 124628, "device_index": 0, "gpu_uuid": "GPU-6f954bfd-7081-31b7-f15c-f9a174bf4d7f", "gpu_util_percent": 35.0, "gpu_mem_util_percent": 18.0, "gpu_mem_used_mib": 45123.0, "gpu_mem_total_mib": 49140.0, "gpu_power_w": 117.55, "process_present": true, "process_mem_mib": 44628.0, "process_mem_share_percent": 90.81807081807082, "process_util_available": true, "process_util_backend": "nvml", "process_sm_util_percent": 36.0, "process_mem_util_percent": 17.0}
{"timestamp_unix": 1772443231.6384108, "pid": 124628, "device_index": 0, "gpu_uuid": "GPU-6f954bfd-7081-31b7-f15c-f9a174bf4d7f", "gpu_util_percent": 35.0, "gpu_mem_util_percent": 18.0, "gpu_mem_used_mib": 45123.0, "gpu_mem_total_mib": 49140.0, "gpu_power_w": 117.55, "process_present": true, "process_mem_mib": 44628.0, "process_mem_share_percent": 90.81807081807082, "process_util_available": true, "process_util_backend": "nvml", "process_sm_util_percent": 35.0, "process_mem_util_percent": 16.0}
{"timestamp_unix": 1772443231.9324958, "pid": 124628, "device_index": 0, "gpu_uuid": "GPU-6f954bfd-7081-31b7-f15c-f9a174bf4d7f", "gpu_util_percent": 36.0, "gpu_mem_util_percent": 18.0, "gpu_mem_used_mib": 45123.0, "gpu_mem_total_mib": 49140.0, "gpu_power_w": 117.28, "process_present": true, "process_mem_mib": 44628.0, "process_mem_share_percent": 90.81807081807082, "process_util_available": true, "process_util_backend": "nvml", "process_sm_util_percent": 36.0, "process_mem_util_percent": 16.0}
{"timestamp_unix": 1772443232.2239294, "pid": 124628, "device_index": 0, "gpu_uuid": "GPU-6f954bfd-7081-31b7-f15c-f9a174bf4d7f", "gpu_util_percent": 36.0, "gpu_mem_util_percent": 18.0, "gpu_mem_used_mib": 45123.0, "gpu_mem_total_mib": 49140.0, "gpu_power_w": 117.28, "process_present": true, "process_mem_mib": 44628.0, "process_mem_share_percent": 90.81807081807082, "process_util_available": true, "process_util_backend": "nvml", "process_sm_util_percent": 37.0, "process_mem_util_percent": 17.0}
{"timestamp_unix": 1772443232.520532, "pid": 124628, "device_index": 0, "gpu_uuid": "GPU-6f954bfd-7081-31b7-f15c-f9a174bf4d7f", "gpu_util_percent": 36.0, "gpu_mem_util_percent": 18.0, "gpu_mem_used_mib": 45123.0, "gpu_mem_total_mib": 49140.0, "gpu_power_w": 117.29, "process_present": true, "process_mem_mib": 44628.0, "process_mem_share_percent": 90.81807081807082, "process_util_available": true, "process_util_backend": "nvml", "process_sm_util_percent": 36.0, "process_mem_util_percent": 16.0}
{"timestamp_unix": 1772443232.8111863, "pid": 124628, "device_index": 0, "gpu_uuid": "GPU-6f954bfd-7081-31b7-f15c-f9a174bf4d7f", "gpu_util_percent": 34.0, "gpu_mem_util_percent": 17.0, "gpu_mem_used_mib": 45123.0, "gpu_mem_total_mib": 49140.0, "gpu_power_w": 116.98, "process_present": true, "process_mem_mib": 44628.0, "process_mem_share_percent": 90.81807081807082, "process_util_available": true, "process_util_backend": "nvml", "process_sm_util_percent": 34.0, "process_mem_util_percent": 15.0}
{"timestamp_unix": 1772443233.1048753, "pid": 124628, "device_index": 0, "gpu_uuid": "GPU-6f954bfd-7081-31b7-f15c-f9a174bf4d7f", "gpu_util_percent": 34.0, "gpu_mem_util_percent": 17.0, "gpu_mem_used_mib": 45123.0, "gpu_mem_total_mib": 49140.0, "gpu_power_w": 116.98, "process_present": true, "process_mem_mib": 44628.0, "process_mem_share_percent": 90.81807081807082, "process_util_available": true, "process_util_backend": "nvml", "process_sm_util_percent": 36.0, "process_mem_util_percent": 15.0}
{"timestamp_unix": 1772443233.4117754, "pid": 124628, "device_index": 0, "gpu_uuid": "GPU-6f954bfd-7081-31b7-f15c-f9a174bf4d7f", "gpu_util_percent": 34.0, "gpu_mem_util_percent": 17.0, "gpu_mem_used_mib": 45123.0, "gpu_mem_total_mib": 49140.0, "gpu_power_w": 116.22, "process_present": true, "process_mem_mib": 44628.0, "process_mem_share_percent": 90.81807081807082, "process_util_available": true, "process_util_backend": "nvml", "process_sm_util_percent": 36.0, "process_mem_util_percent": 16.0}
{"timestamp_unix": 1772443233.7166212, "pid": 124628, "device_index": 0, "gpu_uuid": "GPU-6f954bfd-7081-31b7-f15c-f9a174bf4d7f", "gpu_util_percent": 34.0, "gpu_mem_util_percent": 17.0, "gpu_mem_used_mib": 45123.0, "gpu_mem_total_mib": 49140.0, "gpu_power_w": 116.22, "process_present": true, "process_mem_mib": 44628.0, "process_mem_share_percent": 90.81807081807082, "process_util_available": true, "process_util_backend": "nvml", "process_sm_util_percent": 35.0, "process_mem_util_percent": 15.0}
{"timestamp_unix": 1772443234.0167465, "pid": 124628, "device_index": 0, "gpu_uuid": "GPU-6f954bfd-7081-31b7-f15c-f9a174bf4d7f", "gpu_util_percent": 35.0, "gpu_mem_util_percent": 16.0, "gpu_mem_used_mib": 45123.0, "gpu_mem_total_mib": 49140.0, "gpu_power_w": 115.3, "process_present": true, "process_mem_mib": 44628.0, "process_mem_share_percent": 90.81807081807082, "process_util_available": true, "process_util_backend": "nvml", "process_sm_util_percent": 36.0, "process_mem_util_percent": 16.0}
{"timestamp_unix": 1772443234.3194308, "pid": 124628, "device_index": 0, "gpu_uuid": "GPU-6f954bfd-7081-31b7-f15c-f9a174bf4d7f", "gpu_util_percent": 35.0, "gpu_mem_util_percent": 16.0, "gpu_mem_used_mib": 45123.0, "gpu_mem_total_mib": 49140.0, "gpu_power_w": 113.56, "process_present": true, "process_mem_mib": 44628.0, "process_mem_share_percent": 90.81807081807082, "process_util_available": true, "process_util_backend": "nvml", "process_sm_util_percent": 30.0, "process_mem_util_percent": 9.0}
{"timestamp_unix": 1772443234.6109586, "pid": 124628, "device_index": 0, "gpu_uuid": "GPU-6f954bfd-7081-31b7-f15c-f9a174bf4d7f", "gpu_util_percent": 35.0, "gpu_mem_util_percent": 16.0, "gpu_mem_used_mib": 45123.0, "gpu_mem_total_mib": 49140.0, "gpu_power_w": 113.56, "process_present": true, "process_mem_mib": 44628.0, "process_mem_share_percent": 90.81807081807082, "process_util_available": true, "process_util_backend": "nvml", "process_sm_util_percent": 29.0, "process_mem_util_percent": 9.0}
{"timestamp_unix": 1772443234.9053004, "pid": 124628, "device_index": 0, "gpu_uuid": "GPU-6f954bfd-7081-31b7-f15c-f9a174bf4d7f", "gpu_util_percent": 20.0, "gpu_mem_util_percent": 5.0, "gpu_mem_used_mib": 45123.0, "gpu_mem_total_mib": 49140.0, "gpu_power_w": 109.08, "process_present": true, "process_mem_mib": 44628.0, "process_mem_share_percent": 90.81807081807082, "process_util_available": true, "process_util_backend": "nvml", "process_sm_util_percent": 12.0, "process_mem_util_percent": 3.0}
{"timestamp_unix": 1772443235.2006729, "pid": 124628, "device_index": 0, "gpu_uuid": "GPU-6f954bfd-7081-31b7-f15c-f9a174bf4d7f", "gpu_util_percent": 20.0, "gpu_mem_util_percent": 5.0, "gpu_mem_used_mib": 45123.0, "gpu_mem_total_mib": 49140.0, "gpu_power_w": 109.08, "process_present": true, "process_mem_mib": 44628.0, "process_mem_share_percent": 90.81807081807082, "process_util_available": true, "process_util_backend": "nvml", "process_sm_util_percent": 28.0, "process_mem_util_percent": 8.0}
{"timestamp_unix": 1772443235.4950368, "pid": 124628, "device_index": 0, "gpu_uuid": "GPU-6f954bfd-7081-31b7-f15c-f9a174bf4d7f", "gpu_util_percent": 20.0, "gpu_mem_util_percent": 5.0, "gpu_mem_used_mib": 45123.0, "gpu_mem_total_mib": 49140.0, "gpu_power_w": 105.31, "process_present": true, "process_mem_mib": 44628.0, "process_mem_share_percent": 90.81807081807082, "process_util_available": true, "process_util_backend": "nvml", "process_sm_util_percent": 29.0, "process_mem_util_percent": 8.0}
{"timestamp_unix": 1772443235.7890124, "pid": 124628, "device_index": 0, "gpu_uuid": "GPU-6f954bfd-7081-31b7-f15c-f9a174bf4d7f", "gpu_util_percent": 20.0, "gpu_mem_util_percent": 5.0, "gpu_mem_used_mib": 45123.0, "gpu_mem_total_mib": 49140.0, "gpu_power_w": 105.31, "process_present": true, "process_mem_mib": 45272.0, "process_mem_share_percent": 92.12861212861213, "process_util_available": true, "process_util_backend": "nvml", "process_sm_util_percent": 28.0, "process_mem_util_percent": 9.0}
{"timestamp_unix": 1772443236.0850267, "pid": 124628, "device_index": 0, "gpu_uuid": "GPU-6f954bfd-7081-31b7-f15c-f9a174bf4d7f", "gpu_util_percent": 27.0, "gpu_mem_util_percent": 9.0, "gpu_mem_used_mib": 46135.0, "gpu_mem_total_mib": 49140.0, "gpu_power_w": 105.74, "process_present": true, "process_mem_mib": 45640.0, "process_mem_share_percent": 92.87749287749287, "process_util_available": true, "process_util_backend": "nvml", "process_sm_util_percent": 29.0, "process_mem_util_percent": 9.0}
{"timestamp_unix": 1772443236.3882987, "pid": 124628, "device_index": 0, "gpu_uuid": "GPU-6f954bfd-7081-31b7-f15c-f9a174bf4d7f", "gpu_util_percent": 27.0, "gpu_mem_util_percent": 9.0, "gpu_mem_used_mib": 46135.0, "gpu_mem_total_mib": 49140.0, "gpu_power_w": 108.23, "process_present": true, "process_mem_mib": 45640.0, "process_mem_share_percent": 92.87749287749287, "process_util_available": true, "process_util_backend": "nvml", "process_sm_util_percent": 30.0, "process_mem_util_percent": 9.0}
{"timestamp_unix": 1772443236.6969106, "pid": 124628, "device_index": 0, "gpu_uuid": "GPU-6f954bfd-7081-31b7-f15c-f9a174bf4d7f", "gpu_util_percent": 27.0, "gpu_mem_util_percent": 9.0, "gpu_mem_used_mib": 46135.0, "gpu_mem_total_mib": 49140.0, "gpu_power_w": 108.23, "process_present": true, "process_mem_mib": 45640.0, "process_mem_share_percent": 92.87749287749287, "process_util_available": true, "process_util_backend": "nvml", "process_sm_util_percent": 15.0, "process_mem_util_percent": 4.0}
{"timestamp_unix": 1772443237.0108223, "pid": 124628, "device_index": 0, "gpu_uuid": "GPU-6f954bfd-7081-31b7-f15c-f9a174bf4d7f", "gpu_util_percent": 29.0, "gpu_mem_util_percent": 9.0, "gpu_mem_used_mib": 46135.0, "gpu_mem_total_mib": 49140.0, "gpu_power_w": 108.49, "process_present": true, "process_mem_mib": 45640.0, "process_mem_share_percent": 92.87749287749287, "process_util_available": true, "process_util_backend": "nvml", "process_sm_util_percent": null, "process_mem_util_percent": null}
{"timestamp_unix": 1772443237.3055575, "pid": 124628, "device_index": 0, "gpu_uuid": "GPU-6f954bfd-7081-31b7-f15c-f9a174bf4d7f", "gpu_util_percent": 29.0, "gpu_mem_util_percent": 9.0, "gpu_mem_used_mib": 46327.0, "gpu_mem_total_mib": 49140.0, "gpu_power_w": 108.49, "process_present": true, "process_mem_mib": 46792.0, "process_mem_share_percent": 95.22181522181522, "process_util_available": true, "process_util_backend": "nvml", "process_sm_util_percent": 15.0, "process_mem_util_percent": 4.0}
{"timestamp_unix": 1772443237.601218, "pid": 124628, "device_index": 0, "gpu_uuid": "GPU-6f954bfd-7081-31b7-f15c-f9a174bf4d7f", "gpu_util_percent": 29.0, "gpu_mem_util_percent": 9.0, "gpu_mem_used_mib": 47287.0, "gpu_mem_total_mib": 49140.0, "gpu_power_w": 109.38, "process_present": true, "process_mem_mib": 46792.0, "process_mem_share_percent": 95.22181522181522, "process_util_available": true, "process_util_backend": "nvml", "process_sm_util_percent": 29.0, "process_mem_util_percent": 10.0}
{"timestamp_unix": 1772443237.8946104, "pid": 124628, "device_index": 0, "gpu_uuid": "GPU-6f954bfd-7081-31b7-f15c-f9a174bf4d7f", "gpu_util_percent": 30.0, "gpu_mem_util_percent": 10.0, "gpu_mem_used_mib": 47287.0, "gpu_mem_total_mib": 49140.0, "gpu_power_w": 109.6, "process_present": true, "process_mem_mib": 46792.0, "process_mem_share_percent": 95.22181522181522, "process_util_available": true, "process_util_backend": "nvml", "process_sm_util_percent": 29.0, "process_mem_util_percent": 9.0}
{"timestamp_unix": 1772443238.189568, "pid": 124628, "device_index": 0, "gpu_uuid": "GPU-6f954bfd-7081-31b7-f15c-f9a174bf4d7f", "gpu_util_percent": 30.0, "gpu_mem_util_percent": 10.0, "gpu_mem_used_mib": 47288.0, "gpu_mem_total_mib": 49140.0, "gpu_power_w": 109.6, "process_present": true, "process_mem_mib": 46792.0, "process_mem_share_percent": 95.22181522181522, "process_util_available": true, "process_util_backend": "nvml", "process_sm_util_percent": 31.0, "process_mem_util_percent": 10.0}
{"timestamp_unix": 1772443238.4879313, "pid": 124628, "device_index": 0, "gpu_uuid": "GPU-6f954bfd-7081-31b7-f15c-f9a174bf4d7f", "gpu_util_percent": 30.0, "gpu_mem_util_percent": 10.0, "gpu_mem_used_mib": 47288.0, "gpu_mem_total_mib": 49140.0, "gpu_power_w": 109.81, "process_present": true, "process_mem_mib": 46792.0, "process_mem_share_percent": 95.22181522181522, "process_util_available": true, "process_util_backend": "nvml", "process_sm_util_percent": 30.0, "process_mem_util_percent": 10.0}
{"timestamp_unix": 1772443238.7808685, "pid": 124628, "device_index": 0, "gpu_uuid": "GPU-6f954bfd-7081-31b7-f15c-f9a174bf4d7f", "gpu_util_percent": 30.0, "gpu_mem_util_percent": 10.0, "gpu_mem_used_mib": 47288.0, "gpu_mem_total_mib": 49140.0, "gpu_power_w": 109.81, "process_present": true, "process_mem_mib": 46792.0, "process_mem_share_percent": 95.22181522181522, "process_util_available": true, "process_util_backend": "nvml", "process_sm_util_percent": 30.0, "process_mem_util_percent": 10.0}
{"timestamp_unix": 1772443239.083773, "pid": 124628, "device_index": 0, "gpu_uuid": "GPU-6f954bfd-7081-31b7-f15c-f9a174bf4d7f", "gpu_util_percent": 30.0, "gpu_mem_util_percent": 10.0, "gpu_mem_used_mib": 47288.0, "gpu_mem_total_mib": 49140.0, "gpu_power_w": 110.43, "process_present": true, "process_mem_mib": 47800.0, "process_mem_share_percent": 97.27309727309728, "process_util_available": true, "process_util_backend": "nvml", "process_sm_util_percent": 8.0, "process_mem_util_percent": 1.0}
{"timestamp_unix": 1772443239.3831522, "pid": 124628, "device_index": 0, "gpu_uuid": "GPU-6f954bfd-7081-31b7-f15c-f9a174bf4d7f", "gpu_util_percent": 30.0, "gpu_mem_util_percent": 10.0, "gpu_mem_used_mib": 42370.0, "gpu_mem_total_mib": 49140.0, "gpu_power_w": 102.81, "process_present": true, "process_mem_mib": 41874.0, "process_mem_share_percent": 85.21367521367522, "process_util_available": true, "process_util_backend": "nvml", "process_sm_util_percent": 73.0, "process_mem_util_percent": 9.0}
{"timestamp_unix": 1772443239.6831665, "pid": 124628, "device_index": 0, "gpu_uuid": "GPU-6f954bfd-7081-31b7-f15c-f9a174bf4d7f", "gpu_util_percent": 30.0, "gpu_mem_util_percent": 10.0, "gpu_mem_used_mib": 42370.0, "gpu_mem_total_mib": 49140.0, "gpu_power_w": 102.81, "process_present": true, "process_mem_mib": 41874.0, "process_mem_share_percent": 85.21367521367522, "process_util_available": true, "process_util_backend": "nvml", "process_sm_util_percent": 37.0, "process_mem_util_percent": 21.0}
{"timestamp_unix": 1772443239.9974608, "pid": 124628, "device_index": 0, "gpu_uuid": "GPU-6f954bfd-7081-31b7-f15c-f9a174bf4d7f", "gpu_util_percent": 39.0, "gpu_mem_util_percent": 22.0, "gpu_mem_used_mib": 42370.0, "gpu_mem_total_mib": 49140.0, "gpu_power_w": 114.07, "process_present": true, "process_mem_mib": 41874.0, "process_mem_share_percent": 85.21367521367522, "process_util_available": true, "process_util_backend": "nvml", "process_sm_util_percent": 36.0, "process_mem_util_percent": 20.0}
{"timestamp_unix": 1772443240.2910113, "pid": 124628, "device_index": 0, "gpu_uuid": "GPU-6f954bfd-7081-31b7-f15c-f9a174bf4d7f", "gpu_util_percent": 39.0, "gpu_mem_util_percent": 22.0, "gpu_mem_used_mib": 42374.0, "gpu_mem_total_mib": 49140.0, "gpu_power_w": 114.07, "process_present": true, "process_mem_mib": 41874.0, "process_mem_share_percent": 85.21367521367522, "process_util_available": true, "process_util_backend": "nvml", "process_sm_util_percent": 37.0, "process_mem_util_percent": 20.0}
{"timestamp_unix": 1772443240.5840044, "pid": 124628, "device_index": 0, "gpu_uuid": "GPU-6f954bfd-7081-31b7-f15c-f9a174bf4d7f", "gpu_util_percent": 39.0, "gpu_mem_util_percent": 22.0, "gpu_mem_used_mib": 42374.0, "gpu_mem_total_mib": 49140.0, "gpu_power_w": 136.07, "process_present": true, "process_mem_mib": 41874.0, "process_mem_share_percent": 85.21367521367522, "process_util_available": true, "process_util_backend": "nvml", "process_sm_util_percent": 37.0, "process_mem_util_percent": 21.0}
{"timestamp_unix": 1772443240.8771884, "pid": 124628, "device_index": 0, "gpu_uuid": "GPU-6f954bfd-7081-31b7-f15c-f9a174bf4d7f", "gpu_util_percent": 37.0, "gpu_mem_util_percent": 22.0, "gpu_mem_used_mib": 42373.0, "gpu_mem_total_mib": 49140.0, "gpu_power_w": 144.99, "process_present": true, "process_mem_mib": 41874.0, "process_mem_share_percent": 85.21367521367522, "process_util_available": true, "process_util_backend": "nvml", "process_sm_util_percent": 38.0, "process_mem_util_percent": 21.0}
{"timestamp_unix": 1772443241.1721532, "pid": 124628, "device_index": 0, "gpu_uuid": "GPU-6f954bfd-7081-31b7-f15c-f9a174bf4d7f", "gpu_util_percent": 37.0, "gpu_mem_util_percent": 22.0, "gpu_mem_used_mib": 42373.0, "gpu_mem_total_mib": 49140.0, "gpu_power_w": 144.99, "process_present": true, "process_mem_mib": 41874.0, "process_mem_share_percent": 85.21367521367522, "process_util_available": true, "process_util_backend": "nvml", "process_sm_util_percent": 37.0, "process_mem_util_percent": 21.0}
{"timestamp_unix": 1772443241.4633727, "pid": 124628, "device_index": 0, "gpu_uuid": "GPU-6f954bfd-7081-31b7-f15c-f9a174bf4d7f", "gpu_util_percent": 37.0, "gpu_mem_util_percent": 22.0, "gpu_mem_used_mib": 42465.0, "gpu_mem_total_mib": 49140.0, "gpu_power_w": 143.85, "process_present": true, "process_mem_mib": 41966.0, "process_mem_share_percent": 85.40089540089541, "process_util_available": true, "process_util_backend": "nvml", "process_sm_util_percent": 38.0, "process_mem_util_percent": 21.0}
{"timestamp_unix": 1772443241.7548542, "pid": 124628, "device_index": 0, "gpu_uuid": "GPU-6f954bfd-7081-31b7-f15c-f9a174bf4d7f", "gpu_util_percent": 37.0, "gpu_mem_util_percent": 22.0, "gpu_mem_used_mib": 42465.0, "gpu_mem_total_mib": 49140.0, "gpu_power_w": 143.85, "process_present": true, "process_mem_mib": 41966.0, "process_mem_share_percent": 85.40089540089541, "process_util_available": true, "process_util_backend": "nvml", "process_sm_util_percent": 38.0, "process_mem_util_percent": 20.0}
{"timestamp_unix": 1772443242.0678315, "pid": 124628, "device_index": 0, "gpu_uuid": "GPU-6f954bfd-7081-31b7-f15c-f9a174bf4d7f", "gpu_util_percent": 38.0, "gpu_mem_util_percent": 22.0, "gpu_mem_used_mib": 42465.0, "gpu_mem_total_mib": 49140.0, "gpu_power_w": 138.05, "process_present": true, "process_mem_mib": 41966.0, "process_mem_share_percent": 85.40089540089541, "process_util_available": true, "process_util_backend": "nvml", "process_sm_util_percent": 38.0, "process_mem_util_percent": 19.0}
{"timestamp_unix": 1772443242.3664114, "pid": 124628, "device_index": 0, "gpu_uuid": "GPU-6f954bfd-7081-31b7-f15c-f9a174bf4d7f", "gpu_util_percent": 38.0, "gpu_mem_util_percent": 22.0, "gpu_mem_used_mib": 42465.0, "gpu_mem_total_mib": 49140.0, "gpu_power_w": 128.92, "process_present": true, "process_mem_mib": 41966.0, "process_mem_share_percent": 85.40089540089541, "process_util_available": true, "process_util_backend": "nvml", "process_sm_util_percent": 38.0, "process_mem_util_percent": 20.0}
{"timestamp_unix": 1772443242.6699817, "pid": 124628, "device_index": 0, "gpu_uuid": "GPU-6f954bfd-7081-31b7-f15c-f9a174bf4d7f", "gpu_util_percent": 38.0, "gpu_mem_util_percent": 22.0, "gpu_mem_used_mib": 42465.0, "gpu_mem_total_mib": 49140.0, "gpu_power_w": 128.92, "process_present": true, "process_mem_mib": 41966.0, "process_mem_share_percent": 85.40089540089541, "process_util_available": true, "process_util_backend": "nvml", "process_sm_util_percent": 38.0, "process_mem_util_percent": 20.0}
{"timestamp_unix": 1772443242.9718661, "pid": 124628, "device_index": 0, "gpu_uuid": "GPU-6f954bfd-7081-31b7-f15c-f9a174bf4d7f", "gpu_util_percent": 38.0, "gpu_mem_util_percent": 20.0, "gpu_mem_used_mib": 42465.0, "gpu_mem_total_mib": 49140.0, "gpu_power_w": 126.19, "process_present": true, "process_mem_mib": 41966.0, "process_mem_share_percent": 85.40089540089541, "process_util_available": true, "process_util_backend": "nvml", "process_sm_util_percent": 37.0, "process_mem_util_percent": 20.0}
{"timestamp_unix": 1772443243.266941, "pid": 124628, "device_index": 0, "gpu_uuid": "GPU-6f954bfd-7081-31b7-f15c-f9a174bf4d7f", "gpu_util_percent": 38.0, "gpu_mem_util_percent": 20.0, "gpu_mem_used_mib": 42465.0, "gpu_mem_total_mib": 49140.0, "gpu_power_w": 126.19, "process_present": true, "process_mem_mib": 41966.0, "process_mem_share_percent": 85.40089540089541, "process_util_available": true, "process_util_backend": "nvml", "process_sm_util_percent": 39.0, "process_mem_util_percent": 20.0}
{"timestamp_unix": 1772443243.5587924, "pid": 124628, "device_index": 0, "gpu_uuid": "GPU-6f954bfd-7081-31b7-f15c-f9a174bf4d7f", "gpu_util_percent": 38.0, "gpu_mem_util_percent": 20.0, "gpu_mem_used_mib": 42465.0, "gpu_mem_total_mib": 49140.0, "gpu_power_w": 124.06, "process_present": true, "process_mem_mib": 41966.0, "process_mem_share_percent": 85.40089540089541, "process_util_available": true, "process_util_backend": "nvml", "process_sm_util_percent": 35.0, "process_mem_util_percent": 16.0}
{"timestamp_unix": 1772443243.8549235, "pid": 124628, "device_index": 0, "gpu_uuid": "GPU-6f954bfd-7081-31b7-f15c-f9a174bf4d7f", "gpu_util_percent": 29.0, "gpu_mem_util_percent": 10.0, "gpu_mem_used_mib": 42465.0, "gpu_mem_total_mib": 49140.0, "gpu_power_w": 119.97, "process_present": true, "process_mem_mib": 41966.0, "process_mem_share_percent": 85.40089540089541, "process_util_available": true, "process_util_backend": "nvml", "process_sm_util_percent": 30.0, "process_mem_util_percent": 10.0}
{"timestamp_unix": 1772443244.1481235, "pid": 124628, "device_index": 0, "gpu_uuid": "GPU-6f954bfd-7081-31b7-f15c-f9a174bf4d7f", "gpu_util_percent": 29.0, "gpu_mem_util_percent": 10.0, "gpu_mem_used_mib": 42465.0, "gpu_mem_total_mib": 49140.0, "gpu_power_w": 119.97, "process_present": true, "process_mem_mib": 41966.0, "process_mem_share_percent": 85.40089540089541, "process_util_available": true, "process_util_backend": "nvml", "process_sm_util_percent": 31.0, "process_mem_util_percent": 10.0}
{"timestamp_unix": 1772443244.4393873, "pid": 124628, "device_index": 0, "gpu_uuid": "GPU-6f954bfd-7081-31b7-f15c-f9a174bf4d7f", "gpu_util_percent": 29.0, "gpu_mem_util_percent": 10.0, "gpu_mem_used_mib": 42465.0, "gpu_mem_total_mib": 49140.0, "gpu_power_w": 114.38, "process_present": true, "process_mem_mib": 41966.0, "process_mem_share_percent": 85.40089540089541, "process_util_available": true, "process_util_backend": "nvml", "process_sm_util_percent": 30.0, "process_mem_util_percent": 10.0}
{"timestamp_unix": 1772443244.7340941, "pid": 124628, "device_index": 0, "gpu_uuid": "GPU-6f954bfd-7081-31b7-f15c-f9a174bf4d7f", "gpu_util_percent": 29.0, "gpu_mem_util_percent": 10.0, "gpu_mem_used_mib": 42465.0, "gpu_mem_total_mib": 49140.0, "gpu_power_w": 114.38, "process_present": true, "process_mem_mib": 41966.0, "process_mem_share_percent": 85.40089540089541, "process_util_available": true, "process_util_backend": "nvml", "process_sm_util_percent": 31.0, "process_mem_util_percent": 10.0}
{"timestamp_unix": 1772443245.045515, "pid": 124628, "device_index": 0, "gpu_uuid": "GPU-6f954bfd-7081-31b7-f15c-f9a174bf4d7f", "gpu_util_percent": 29.0, "gpu_mem_util_percent": 10.0, "gpu_mem_used_mib": 43609.0, "gpu_mem_total_mib": 49140.0, "gpu_power_w": 110.52, "process_present": true, "process_mem_mib": 43110.0, "process_mem_share_percent": 87.72893772893772, "process_util_available": true, "process_util_backend": "nvml", "process_sm_util_percent": null, "process_mem_util_percent": null}
{"timestamp_unix": 1772443245.353387, "pid": 124628, "device_index": 0, "gpu_uuid": "GPU-6f954bfd-7081-31b7-f15c-f9a174bf4d7f", "gpu_util_percent": 29.0, "gpu_mem_util_percent": 10.0, "gpu_mem_used_mib": 43609.0, "gpu_mem_total_mib": 49140.0, "gpu_power_w": 107.98, "process_present": true, "process_mem_mib": 43110.0, "process_mem_share_percent": 87.72893772893772, "process_util_available": true, "process_util_backend": "nvml", "process_sm_util_percent": 14.0, "process_mem_util_percent": 4.0}
{"timestamp_unix": 1772443245.6428316, "pid": 124628, "device_index": 0, "gpu_uuid": "GPU-6f954bfd-7081-31b7-f15c-f9a174bf4d7f", "gpu_util_percent": 29.0, "gpu_mem_util_percent": 10.0, "gpu_mem_used_mib": 43609.0, "gpu_mem_total_mib": 49140.0, "gpu_power_w": 107.98, "process_present": true, "process_mem_mib": 43110.0, "process_mem_share_percent": 87.72893772893772, "process_util_available": true, "process_util_backend": "nvml", "process_sm_util_percent": null, "process_mem_util_percent": null}
{"timestamp_unix": 1772443245.9345403, "pid": 124628, "device_index": 0, "gpu_uuid": "GPU-6f954bfd-7081-31b7-f15c-f9a174bf4d7f", "gpu_util_percent": 30.0, "gpu_mem_util_percent": 10.0, "gpu_mem_used_mib": 43609.0, "gpu_mem_total_mib": 49140.0, "gpu_power_w": 107.98, "process_present": true, "process_mem_mib": 43110.0, "process_mem_share_percent": 87.72893772893772, "process_util_available": true, "process_util_backend": "nvml", "process_sm_util_percent": 30.0, "process_mem_util_percent": 10.0}
{"timestamp_unix": 1772443246.3938365, "pid": 124628, "device_index": 0, "gpu_uuid": "GPU-6f954bfd-7081-31b7-f15c-f9a174bf4d7f", "gpu_util_percent": 30.0, "gpu_mem_util_percent": 10.0, "gpu_mem_used_mib": 43607.0, "gpu_mem_total_mib": 49140.0, "gpu_power_w": 107.98, "process_present": true, "process_mem_mib": 43110.0, "process_mem_share_percent": 87.72893772893772, "process_util_available": true, "process_util_backend": "nvml", "process_sm_util_percent": 16.0, "process_mem_util_percent": 5.0}
{"timestamp_unix": 1772443246.688821, "pid": 124628, "device_index": 0, "gpu_uuid": "GPU-6f954bfd-7081-31b7-f15c-f9a174bf4d7f", "gpu_util_percent": 30.0, "gpu_mem_util_percent": 10.0, "gpu_mem_used_mib": 44951.0, "gpu_mem_total_mib": 49140.0, "gpu_power_w": 110.55, "process_present": true, "process_mem_mib": 44454.0, "process_mem_share_percent": 90.46398046398046, "process_util_available": true, "process_util_backend": "nvml", "process_sm_util_percent": 27.0, "process_mem_util_percent": 8.0}
{"timestamp_unix": 1772443246.9791865, "pid": 124628, "device_index": 0, "gpu_uuid": "GPU-6f954bfd-7081-31b7-f15c-f9a174bf4d7f", "gpu_util_percent": 32.0, "gpu_mem_util_percent": 12.0, "gpu_mem_used_mib": 44951.0, "gpu_mem_total_mib": 49140.0, "gpu_power_w": 107.52, "process_present": true, "process_mem_mib": 44454.0, "process_mem_share_percent": 90.46398046398046, "process_util_available": true, "process_util_backend": "nvml", "process_sm_util_percent": null, "process_mem_util_percent": null}
{"timestamp_unix": 1772443247.271684, "pid": 124628, "device_index": 0, "gpu_uuid": "GPU-6f954bfd-7081-31b7-f15c-f9a174bf4d7f", "gpu_util_percent": 32.0, "gpu_mem_util_percent": 12.0, "gpu_mem_used_mib": 44953.0, "gpu_mem_total_mib": 49140.0, "gpu_power_w": 107.52, "process_present": true, "process_mem_mib": 44454.0, "process_mem_share_percent": 90.46398046398046, "process_util_available": true, "process_util_backend": "nvml", "process_sm_util_percent": 32.0, "process_mem_util_percent": 10.0}
{"timestamp_unix": 1772443247.5771844, "pid": 124628, "device_index": 0, "gpu_uuid": "GPU-6f954bfd-7081-31b7-f15c-f9a174bf4d7f", "gpu_util_percent": 32.0, "gpu_mem_util_percent": 12.0, "gpu_mem_used_mib": 44953.0, "gpu_mem_total_mib": 49140.0, "gpu_power_w": 108.0, "process_present": true, "process_mem_mib": 44454.0, "process_mem_share_percent": 90.46398046398046, "process_util_available": true, "process_util_backend": "nvml", "process_sm_util_percent": 30.0, "process_mem_util_percent": 10.0}
{"timestamp_unix": 1772443247.8827572, "pid": 124628, "device_index": 0, "gpu_uuid": "GPU-6f954bfd-7081-31b7-f15c-f9a174bf4d7f", "gpu_util_percent": 30.0, "gpu_mem_util_percent": 11.0, "gpu_mem_used_mib": 44953.0, "gpu_mem_total_mib": 49140.0, "gpu_power_w": 112.5, "process_present": true, "process_mem_mib": 44454.0, "process_mem_share_percent": 90.46398046398046, "process_util_available": true, "process_util_backend": "nvml", "process_sm_util_percent": 31.0, "process_mem_util_percent": 10.0}
{"timestamp_unix": 1772443248.1827, "pid": 124628, "device_index": 0, "gpu_uuid": "GPU-6f954bfd-7081-31b7-f15c-f9a174bf4d7f", "gpu_util_percent": 30.0, "gpu_mem_util_percent": 11.0, "gpu_mem_used_mib": 46345.0, "gpu_mem_total_mib": 49140.0, "gpu_power_w": 112.5, "process_present": true, "process_mem_mib": 45846.0, "process_mem_share_percent": 93.2967032967033, "process_util_available": true, "process_util_backend": "nvml", "process_sm_util_percent": 32.0, "process_mem_util_percent": 12.0}
{"timestamp_unix": 1772443248.4748707, "pid": 124628, "device_index": 0, "gpu_uuid": "GPU-6f954bfd-7081-31b7-f15c-f9a174bf4d7f", "gpu_util_percent": 30.0, "gpu_mem_util_percent": 11.0, "gpu_mem_used_mib": 46345.0, "gpu_mem_total_mib": 49140.0, "gpu_power_w": 112.98, "process_present": true, "process_mem_mib": 45846.0, "process_mem_share_percent": 93.2967032967033, "process_util_available": true, "process_util_backend": "nvml", "process_sm_util_percent": 30.0, "process_mem_util_percent": 10.0}
{"timestamp_unix": 1772443248.7693603, "pid": 124628, "device_index": 0, "gpu_uuid": "GPU-6f954bfd-7081-31b7-f15c-f9a174bf4d7f", "gpu_util_percent": 30.0, "gpu_mem_util_percent": 11.0, "gpu_mem_used_mib": 46345.0, "gpu_mem_total_mib": 49140.0, "gpu_power_w": 112.98, "process_present": true, "process_mem_mib": 45846.0, "process_mem_share_percent": 93.2967032967033, "process_util_available": true, "process_util_backend": "nvml", "process_sm_util_percent": 30.0, "process_mem_util_percent": 10.0}
{"timestamp_unix": 1772443249.0605867, "pid": 124628, "device_index": 0, "gpu_uuid": "GPU-6f954bfd-7081-31b7-f15c-f9a174bf4d7f", "gpu_util_percent": 30.0, "gpu_mem_util_percent": 11.0, "gpu_mem_used_mib": 46521.0, "gpu_mem_total_mib": 49140.0, "gpu_power_w": 113.43, "process_present": true, "process_mem_mib": 46034.0, "process_mem_share_percent": 93.67928367928367, "process_util_available": true, "process_util_backend": "nvml", "process_sm_util_percent": 30.0, "process_mem_util_percent": 10.0}
{"timestamp_unix": 1772443249.3528533, "pid": 124628, "device_index": 0, "gpu_uuid": "GPU-6f954bfd-7081-31b7-f15c-f9a174bf4d7f", "gpu_util_percent": 30.0, "gpu_mem_util_percent": 11.0, "gpu_mem_used_mib": 46533.0, "gpu_mem_total_mib": 49140.0, "gpu_power_w": 109.68, "process_present": true, "process_mem_mib": 46034.0, "process_mem_share_percent": 93.67928367928367, "process_util_available": true, "process_util_backend": "nvml", "process_sm_util_percent": null, "process_mem_util_percent": null}
{"timestamp_unix": 1772443249.644581, "pid": 124628, "device_index": 0, "gpu_uuid": "GPU-6f954bfd-7081-31b7-f15c-f9a174bf4d7f", "gpu_util_percent": 30.0, "gpu_mem_util_percent": 11.0, "gpu_mem_used_mib": 48051.0, "gpu_mem_total_mib": 49140.0, "gpu_power_w": 109.68, "process_present": true, "process_mem_mib": 47552.0, "process_mem_share_percent": 96.76841676841677, "process_util_available": true, "process_util_backend": "nvml", "process_sm_util_percent": 23.0, "process_mem_util_percent": 8.0}
{"timestamp_unix": 1772443249.9400196, "pid": 124628, "device_index": 0, "gpu_uuid": "GPU-6f954bfd-7081-31b7-f15c-f9a174bf4d7f", "gpu_util_percent": 42.0, "gpu_mem_util_percent": 27.0, "gpu_mem_used_mib": 48051.0, "gpu_mem_total_mib": 49140.0, "gpu_power_w": 108.44, "process_present": true, "process_mem_mib": 47552.0, "process_mem_share_percent": 96.76841676841677, "process_util_available": true, "process_util_backend": "nvml", "process_sm_util_percent": 40.0, "process_mem_util_percent": 24.0}
{"timestamp_unix": 1772443250.2463465, "pid": 124628, "device_index": 0, "gpu_uuid": "GPU-6f954bfd-7081-31b7-f15c-f9a174bf4d7f", "gpu_util_percent": 42.0, "gpu_mem_util_percent": 27.0, "gpu_mem_used_mib": 48050.0, "gpu_mem_total_mib": 49140.0, "gpu_power_w": 108.44, "process_present": true, "process_mem_mib": 47552.0, "process_mem_share_percent": 96.76841676841677, "process_util_available": true, "process_util_backend": "nvml", "process_sm_util_percent": 41.0, "process_mem_util_percent": 26.0}
{"timestamp_unix": 1772443250.5463147, "pid": 124628, "device_index": 0, "gpu_uuid": "GPU-6f954bfd-7081-31b7-f15c-f9a174bf4d7f", "gpu_util_percent": 42.0, "gpu_mem_util_percent": 27.0, "gpu_mem_used_mib": 48046.0, "gpu_mem_total_mib": 49140.0, "gpu_power_w": 119.83, "process_present": true, "process_mem_mib": 47552.0, "process_mem_share_percent": 96.76841676841677, "process_util_available": true, "process_util_backend": "nvml", "process_sm_util_percent": 38.0, "process_mem_util_percent": 24.0}
{"timestamp_unix": 1772443250.8482556, "pid": 124628, "device_index": 0, "gpu_uuid": "GPU-6f954bfd-7081-31b7-f15c-f9a174bf4d7f", "gpu_util_percent": 40.0, "gpu_mem_util_percent": 27.0, "gpu_mem_used_mib": 48158.0, "gpu_mem_total_mib": 49140.0, "gpu_power_w": 142.24, "process_present": true, "process_mem_mib": 47664.0, "process_mem_share_percent": 96.99633699633699, "process_util_available": true, "process_util_backend": "nvml", "process_sm_util_percent": 39.0, "process_mem_util_percent": 26.0}
{"timestamp_unix": 1772443251.148178, "pid": 124628, "device_index": 0, "gpu_uuid": "GPU-6f954bfd-7081-31b7-f15c-f9a174bf4d7f", "gpu_util_percent": 40.0, "gpu_mem_util_percent": 27.0, "gpu_mem_used_mib": 48157.0, "gpu_mem_total_mib": 49140.0, "gpu_power_w": 142.24, "process_present": true, "process_mem_mib": 47664.0, "process_mem_share_percent": 96.99633699633699, "process_util_available": true, "process_util_backend": "nvml", "process_sm_util_percent": 37.0, "process_mem_util_percent": 24.0}
{"timestamp_unix": 1772443251.4517176, "pid": 124628, "device_index": 0, "gpu_uuid": "GPU-6f954bfd-7081-31b7-f15c-f9a174bf4d7f", "gpu_util_percent": 40.0, "gpu_mem_util_percent": 27.0, "gpu_mem_used_mib": 48157.0, "gpu_mem_total_mib": 49140.0, "gpu_power_w": 149.89, "process_present": true, "process_mem_mib": 47664.0, "process_mem_share_percent": 96.99633699633699, "process_util_available": true, "process_util_backend": "nvml", "process_sm_util_percent": 36.0, "process_mem_util_percent": 24.0}
{"timestamp_unix": 1772443251.75041, "pid": 124628, "device_index": 0, "gpu_uuid": "GPU-6f954bfd-7081-31b7-f15c-f9a174bf4d7f", "gpu_util_percent": 40.0, "gpu_mem_util_percent": 27.0, "gpu_mem_used_mib": 48157.0, "gpu_mem_total_mib": 49140.0, "gpu_power_w": 149.89, "process_present": true, "process_mem_mib": 47664.0, "process_mem_share_percent": 96.99633699633699, "process_util_available": true, "process_util_backend": "nvml", "process_sm_util_percent": 37.0, "process_mem_util_percent": 23.0}
{"timestamp_unix": 1772443252.0442305, "pid": 124628, "device_index": 0, "gpu_uuid": "GPU-6f954bfd-7081-31b7-f15c-f9a174bf4d7f", "gpu_util_percent": 39.0, "gpu_mem_util_percent": 26.0, "gpu_mem_used_mib": 48158.0, "gpu_mem_total_mib": 49140.0, "gpu_power_w": 149.74, "process_present": true, "process_mem_mib": 47664.0, "process_mem_share_percent": 96.99633699633699, "process_util_available": true, "process_util_backend": "nvml", "process_sm_util_percent": 36.0, "process_mem_util_percent": 23.0}
{"timestamp_unix": 1772443252.339498, "pid": 124628, "device_index": 0, "gpu_uuid": "GPU-6f954bfd-7081-31b7-f15c-f9a174bf4d7f", "gpu_util_percent": 39.0, "gpu_mem_util_percent": 26.0, "gpu_mem_used_mib": 48157.0, "gpu_mem_total_mib": 49140.0, "gpu_power_w": 144.43, "process_present": true, "process_mem_mib": 47664.0, "process_mem_share_percent": 96.99633699633699, "process_util_available": true, "process_util_backend": "nvml", "process_sm_util_percent": 19.0, "process_mem_util_percent": 11.0}
{"timestamp_unix": 1772443252.6356263, "pid": 124628, "device_index": 0, "gpu_uuid": "GPU-6f954bfd-7081-31b7-f15c-f9a174bf4d7f", "gpu_util_percent": 39.0, "gpu_mem_util_percent": 26.0, "gpu_mem_used_mib": 48157.0, "gpu_mem_total_mib": 49140.0, "gpu_power_w": 144.43, "process_present": true, "process_mem_mib": 47664.0, "process_mem_share_percent": 96.99633699633699, "process_util_available": true, "process_util_backend": "nvml", "process_sm_util_percent": null, "process_mem_util_percent": null}
{"timestamp_unix": 1772443252.9279962, "pid": 124628, "device_index": 0, "gpu_uuid": "GPU-6f954bfd-7081-31b7-f15c-f9a174bf4d7f", "gpu_util_percent": 42.0, "gpu_mem_util_percent": 25.0, "gpu_mem_used_mib": 48157.0, "gpu_mem_total_mib": 49140.0, "gpu_power_w": 136.3, "process_present": true, "process_mem_mib": 47664.0, "process_mem_share_percent": 96.99633699633699, "process_util_available": true, "process_util_backend": "nvml", "process_sm_util_percent": 39.0, "process_mem_util_percent": 23.0}
{"timestamp_unix": 1772443253.2218707, "pid": 124628, "device_index": 0, "gpu_uuid": "GPU-6f954bfd-7081-31b7-f15c-f9a174bf4d7f", "gpu_util_percent": 42.0, "gpu_mem_util_percent": 25.0, "gpu_mem_used_mib": 48157.0, "gpu_mem_total_mib": 49140.0, "gpu_power_w": 136.3, "process_present": true, "process_mem_mib": 47664.0, "process_mem_share_percent": 96.99633699633699, "process_util_available": true, "process_util_backend": "nvml", "process_sm_util_percent": 31.0, "process_mem_util_percent": 12.0}
{"timestamp_unix": 1772443253.517776, "pid": 124628, "device_index": 0, "gpu_uuid": "GPU-6f954bfd-7081-31b7-f15c-f9a174bf4d7f", "gpu_util_percent": 42.0, "gpu_mem_util_percent": 25.0, "gpu_mem_used_mib": 48157.0, "gpu_mem_total_mib": 49140.0, "gpu_power_w": 125.81, "process_present": true, "process_mem_mib": 47664.0, "process_mem_share_percent": 96.99633699633699, "process_util_available": true, "process_util_backend": "nvml", "process_sm_util_percent": 32.0, "process_mem_util_percent": 12.0}
{"timestamp_unix": 1772443253.8169405, "pid": 124628, "device_index": 0, "gpu_uuid": "GPU-6f954bfd-7081-31b7-f15c-f9a174bf4d7f", "gpu_util_percent": 42.0, "gpu_mem_util_percent": 25.0, "gpu_mem_used_mib": 48157.0, "gpu_mem_total_mib": 49140.0, "gpu_power_w": 118.28, "process_present": true, "process_mem_mib": 47664.0, "process_mem_share_percent": 96.99633699633699, "process_util_available": true, "process_util_backend": "nvml", "process_sm_util_percent": 31.0, "process_mem_util_percent": 12.0}
{"timestamp_unix": 1772443254.1190252, "pid": 124628, "device_index": 0, "gpu_uuid": "GPU-6f954bfd-7081-31b7-f15c-f9a174bf4d7f", "gpu_util_percent": 32.0, "gpu_mem_util_percent": 12.0, "gpu_mem_used_mib": 48157.0, "gpu_mem_total_mib": 49140.0, "gpu_power_w": 118.28, "process_present": true, "process_mem_mib": 47664.0, "process_mem_share_percent": 96.99633699633699, "process_util_available": true, "process_util_backend": "nvml", "process_sm_util_percent": 32.0, "process_mem_util_percent": 12.0}
{"timestamp_unix": 1772443254.4263568, "pid": 124628, "device_index": 0, "gpu_uuid": "GPU-6f954bfd-7081-31b7-f15c-f9a174bf4d7f", "gpu_util_percent": 32.0, "gpu_mem_util_percent": 12.0, "gpu_mem_used_mib": 48157.0, "gpu_mem_total_mib": 49140.0, "gpu_power_w": 113.9, "process_present": true, "process_mem_mib": 47664.0, "process_mem_share_percent": 96.99633699633699, "process_util_available": true, "process_util_backend": "nvml", "process_sm_util_percent": 31.0, "process_mem_util_percent": 11.0}
{"timestamp_unix": 1772443254.7217252, "pid": 124628, "device_index": 0, "gpu_uuid": "GPU-6f954bfd-7081-31b7-f15c-f9a174bf4d7f", "gpu_util_percent": 32.0, "gpu_mem_util_percent": 12.0, "gpu_mem_used_mib": 48157.0, "gpu_mem_total_mib": 49140.0, "gpu_power_w": 113.9, "process_present": true, "process_mem_mib": 47664.0, "process_mem_share_percent": 96.99633699633699, "process_util_available": true, "process_util_backend": "nvml", "process_sm_util_percent": 31.0, "process_mem_util_percent": 11.0}
{"timestamp_unix": 1772443255.0188413, "pid": 124628, "device_index": 0, "gpu_uuid": "GPU-6f954bfd-7081-31b7-f15c-f9a174bf4d7f", "gpu_util_percent": 33.0, "gpu_mem_util_percent": 12.0, "gpu_mem_used_mib": 48157.0, "gpu_mem_total_mib": 49140.0, "gpu_power_w": 113.61, "process_present": true, "process_mem_mib": 47664.0, "process_mem_share_percent": 96.99633699633699, "process_util_available": true, "process_util_backend": "nvml", "process_sm_util_percent": 31.0, "process_mem_util_percent": 11.0}
{"timestamp_unix": 1772443255.3213906, "pid": 124628, "device_index": 0, "gpu_uuid": "GPU-6f954bfd-7081-31b7-f15c-f9a174bf4d7f", "gpu_util_percent": 33.0, "gpu_mem_util_percent": 12.0, "gpu_mem_used_mib": 48151.0, "gpu_mem_total_mib": 49140.0, "gpu_power_w": 110.46, "process_present": true, "process_mem_mib": 47664.0, "process_mem_share_percent": 96.99633699633699, "process_util_available": true, "process_util_backend": "nvml", "process_sm_util_percent": 25.0, "process_mem_util_percent": 7.0}
{"timestamp_unix": 1772443255.6158776, "pid": 124628, "device_index": 0, "gpu_uuid": "GPU-6f954bfd-7081-31b7-f15c-f9a174bf4d7f", "gpu_util_percent": 33.0, "gpu_mem_util_percent": 12.0, "gpu_mem_used_mib": 47105.0, "gpu_mem_total_mib": 49140.0, "gpu_power_w": 110.46, "process_present": true, "process_mem_mib": 45442.0, "process_mem_share_percent": 92.47456247456248, "process_util_available": true, "process_util_backend": "nvml", "process_sm_util_percent": 30.0, "process_mem_util_percent": 11.0}
{"timestamp_unix": 1772443255.9050992, "pid": 124628, "device_index": 0, "gpu_uuid": "GPU-6f954bfd-7081-31b7-f15c-f9a174bf4d7f", "gpu_util_percent": 69.0, "gpu_mem_util_percent": 5.0, "gpu_mem_used_mib": 36149.0, "gpu_mem_total_mib": 49140.0, "gpu_power_w": 108.4, "process_present": true, "process_mem_mib": 34202.0, "process_mem_share_percent": 69.60113960113961, "process_util_available": true, "process_util_backend": "nvml", "process_sm_util_percent": null, "process_mem_util_percent": null}
{"timestamp_unix": 1772443256.1976726, "pid": 124628, "device_index": 0, "gpu_uuid": "GPU-6f954bfd-7081-31b7-f15c-f9a174bf4d7f", "gpu_util_percent": 69.0, "gpu_mem_util_percent": 5.0, "gpu_mem_used_mib": 23955.0, "gpu_mem_total_mib": 49140.0, "gpu_power_w": 108.4, "process_present": true, "process_mem_mib": 21810.0, "process_mem_share_percent": 44.38339438339438, "process_util_available": true, "process_util_backend": "nvml", "process_sm_util_percent": null, "process_mem_util_percent": null}
{"timestamp_unix": 1772443256.5095541, "pid": 124628, "device_index": 0, "gpu_uuid": "GPU-6f954bfd-7081-31b7-f15c-f9a174bf4d7f", "gpu_util_percent": 69.0, "gpu_mem_util_percent": 5.0, "gpu_mem_used_mib": 13041.0, "gpu_mem_total_mib": 49140.0, "gpu_power_w": 111.69, "process_present": true, "process_mem_mib": 11952.0, "process_mem_share_percent": 24.32234432234432, "process_util_available": true, "process_util_backend": "nvml", "process_sm_util_percent": null, "process_mem_util_percent": null}
{"timestamp_unix": 1772443256.8165421, "pid": 124628, "device_index": 0, "gpu_uuid": "GPU-6f954bfd-7081-31b7-f15c-f9a174bf4d7f", "gpu_util_percent": 69.0, "gpu_mem_util_percent": 5.0, "gpu_mem_used_mib": 12077.0, "gpu_mem_total_mib": 49140.0, "gpu_power_w": 111.69, "process_present": true, "process_mem_mib": 11830.0, "process_mem_share_percent": 24.074074074074073, "process_util_available": true, "process_util_backend": "nvml", "process_sm_util_percent": 40.0, "process_mem_util_percent": 6.0}
{"timestamp_unix": 1772443257.1162567, "pid": 124628, "device_index": 0, "gpu_uuid": "GPU-6f954bfd-7081-31b7-f15c-f9a174bf4d7f", "gpu_util_percent": 39.0, "gpu_mem_util_percent": 10.0, "gpu_mem_used_mib": 13844.0, "gpu_mem_total_mib": 49140.0, "gpu_power_w": 113.26, "process_present": true, "process_mem_mib": 13578.0, "process_mem_share_percent": 27.631257631257633, "process_util_available": true, "process_util_backend": "nvml", "process_sm_util_percent": 13.0, "process_mem_util_percent": 4.0}
{"timestamp_unix": 1772443257.4074295, "pid": 124628, "device_index": 0, "gpu_uuid": "GPU-6f954bfd-7081-31b7-f15c-f9a174bf4d7f", "gpu_util_percent": 39.0, "gpu_mem_util_percent": 10.0, "gpu_mem_used_mib": 15706.0, "gpu_mem_total_mib": 49140.0, "gpu_power_w": 120.46, "process_present": true, "process_mem_mib": 15446.0, "process_mem_share_percent": 31.432641432641432, "process_util_available": true, "process_util_backend": "nvml", "process_sm_util_percent": 27.0, "process_mem_util_percent": 8.0}
{"timestamp_unix": 1772443257.7004445, "pid": 124628, "device_index": 0, "gpu_uuid": "GPU-6f954bfd-7081-31b7-f15c-f9a174bf4d7f", "gpu_util_percent": 39.0, "gpu_mem_util_percent": 10.0, "gpu_mem_used_mib": 17566.0, "gpu_mem_total_mib": 49140.0, "gpu_power_w": 120.46, "process_present": true, "process_mem_mib": 17392.0, "process_mem_share_percent": 35.39275539275539, "process_util_available": true, "process_util_backend": "nvml", "process_sm_util_percent": 14.0, "process_mem_util_percent": 4.0}
{"timestamp_unix": 1772443257.9922001, "pid": 124628, "device_index": 0, "gpu_uuid": "GPU-6f954bfd-7081-31b7-f15c-f9a174bf4d7f", "gpu_util_percent": 27.0, "gpu_mem_util_percent": 8.0, "gpu_mem_used_mib": 19652.0, "gpu_mem_total_mib": 49140.0, "gpu_power_w": 127.83, "process_present": true, "process_mem_mib": 19460.0, "process_mem_share_percent": 39.6011396011396, "process_util_available": true, "process_util_backend": "nvml", "process_sm_util_percent": 28.0, "process_mem_util_percent": 9.0}
{"timestamp_unix": 1772443258.2833185, "pid": 124628, "device_index": 0, "gpu_uuid": "GPU-6f954bfd-7081-31b7-f15c-f9a174bf4d7f", "gpu_util_percent": 27.0, "gpu_mem_util_percent": 8.0, "gpu_mem_used_mib": 21932.0, "gpu_mem_total_mib": 49140.0, "gpu_power_w": 127.83, "process_present": true, "process_mem_mib": 21716.0, "process_mem_share_percent": 44.19210419210419, "process_util_available": true, "process_util_backend": "nvml", "process_sm_util_percent": 27.0, "process_mem_util_percent": 8.0}
{"timestamp_unix": 1772443258.5745645, "pid": 124628, "device_index": 0, "gpu_uuid": "GPU-6f954bfd-7081-31b7-f15c-f9a174bf4d7f", "gpu_util_percent": 27.0, "gpu_mem_util_percent": 8.0, "gpu_mem_used_mib": 25606.0, "gpu_mem_total_mib": 49140.0, "gpu_power_w": 128.93, "process_present": true, "process_mem_mib": 25352.0, "process_mem_share_percent": 51.59137159137159, "process_util_available": true, "process_util_backend": "nvml", "process_sm_util_percent": 28.0, "process_mem_util_percent": 9.0}
{"timestamp_unix": 1772443258.8670268, "pid": 124628, "device_index": 0, "gpu_uuid": "GPU-6f954bfd-7081-31b7-f15c-f9a174bf4d7f", "gpu_util_percent": 29.0, "gpu_mem_util_percent": 9.0, "gpu_mem_used_mib": 27494.0, "gpu_mem_total_mib": 49140.0, "gpu_power_w": 126.36, "process_present": true, "process_mem_mib": 27216.0, "process_mem_share_percent": 55.38461538461539, "process_util_available": true, "process_util_backend": "nvml", "process_sm_util_percent": 28.0, "process_mem_util_percent": 9.0}
{"timestamp_unix": 1772443259.165979, "pid": 124628, "device_index": 0, "gpu_uuid": "GPU-6f954bfd-7081-31b7-f15c-f9a174bf4d7f", "gpu_util_percent": 29.0, "gpu_mem_util_percent": 9.0, "gpu_mem_used_mib": 29257.0, "gpu_mem_total_mib": 49140.0, "gpu_power_w": 126.36, "process_present": true, "process_mem_mib": 28986.0, "process_mem_share_percent": 58.98656898656899, "process_util_available": true, "process_util_backend": "nvml", "process_sm_util_percent": 31.0, "process_mem_util_percent": 9.0}
{"timestamp_unix": 1772443259.4641247, "pid": 124628, "device_index": 0, "gpu_uuid": "GPU-6f954bfd-7081-31b7-f15c-f9a174bf4d7f", "gpu_util_percent": 29.0, "gpu_mem_util_percent": 9.0, "gpu_mem_used_mib": 30841.0, "gpu_mem_total_mib": 49140.0, "gpu_power_w": 117.26, "process_present": true, "process_mem_mib": 30490.0, "process_mem_share_percent": 62.04721204721205, "process_util_available": true, "process_util_backend": "nvml", "process_sm_util_percent": 26.0, "process_mem_util_percent": 7.0}
{"timestamp_unix": 1772443259.766383, "pid": 124628, "device_index": 0, "gpu_uuid": "GPU-6f954bfd-7081-31b7-f15c-f9a174bf4d7f", "gpu_util_percent": 29.0, "gpu_mem_util_percent": 9.0, "gpu_mem_used_mib": 32589.0, "gpu_mem_total_mib": 49140.0, "gpu_power_w": 117.26, "process_present": true, "process_mem_mib": 32370.0, "process_mem_share_percent": 65.87301587301587, "process_util_available": true, "process_util_backend": "nvml", "process_sm_util_percent": 27.0, "process_mem_util_percent": 8.0}
{"timestamp_unix": 1772443260.0757372, "pid": 124628, "device_index": 0, "gpu_uuid": "GPU-6f954bfd-7081-31b7-f15c-f9a174bf4d7f", "gpu_util_percent": 28.0, "gpu_mem_util_percent": 9.0, "gpu_mem_used_mib": 34767.0, "gpu_mem_total_mib": 49140.0, "gpu_power_w": 108.3, "process_present": true, "process_mem_mib": 34518.0, "process_mem_share_percent": 70.24420024420024, "process_util_available": true, "process_util_backend": "nvml", "process_sm_util_percent": 27.0, "process_mem_util_percent": 8.0}
{"timestamp_unix": 1772443260.3687842, "pid": 124628, "device_index": 0, "gpu_uuid": "GPU-6f954bfd-7081-31b7-f15c-f9a174bf4d7f", "gpu_util_percent": 28.0, "gpu_mem_util_percent": 9.0, "gpu_mem_used_mib": 36865.0, "gpu_mem_total_mib": 49140.0, "gpu_power_w": 107.46, "process_present": true, "process_mem_mib": 36544.0, "process_mem_share_percent": 74.36711436711437, "process_util_available": true, "process_util_backend": "nvml", "process_sm_util_percent": 28.0, "process_mem_util_percent": 9.0}
{"timestamp_unix": 1772443260.660945, "pid": 124628, "device_index": 0, "gpu_uuid": "GPU-6f954bfd-7081-31b7-f15c-f9a174bf4d7f", "gpu_util_percent": 28.0, "gpu_mem_util_percent": 9.0, "gpu_mem_used_mib": 40487.0, "gpu_mem_total_mib": 49140.0, "gpu_power_w": 107.46, "process_present": true, "process_mem_mib": 40202.0, "process_mem_share_percent": 81.81115181115182, "process_util_available": true, "process_util_backend": "nvml", "process_sm_util_percent": 27.0, "process_mem_util_percent": 9.0}
{"timestamp_unix": 1772443260.955916, "pid": 124628, "device_index": 0, "gpu_uuid": "GPU-6f954bfd-7081-31b7-f15c-f9a174bf4d7f", "gpu_util_percent": 27.0, "gpu_mem_util_percent": 8.0, "gpu_mem_used_mib": 42211.0, "gpu_mem_total_mib": 49140.0, "gpu_power_w": 108.67, "process_present": true, "process_mem_mib": 41958.0, "process_mem_share_percent": 85.38461538461539, "process_util_available": true, "process_util_backend": "nvml", "process_sm_util_percent": 29.0, "process_mem_util_percent": 9.0}
{"timestamp_unix": 1772443261.250681, "pid": 124628, "device_index": 0, "gpu_uuid": "GPU-6f954bfd-7081-31b7-f15c-f9a174bf4d7f", "gpu_util_percent": 27.0, "gpu_mem_util_percent": 8.0, "gpu_mem_used_mib": 43677.0, "gpu_mem_total_mib": 49140.0, "gpu_power_w": 108.67, "process_present": true, "process_mem_mib": 43182.0, "process_mem_share_percent": 87.87545787545787, "process_util_available": true, "process_util_backend": "nvml", "process_sm_util_percent": 28.0, "process_mem_util_percent": 8.0}
{"timestamp_unix": 1772443261.5435152, "pid": 124628, "device_index": 0, "gpu_uuid": "GPU-6f954bfd-7081-31b7-f15c-f9a174bf4d7f", "gpu_util_percent": 27.0, "gpu_mem_util_percent": 8.0, "gpu_mem_used_mib": 44365.0, "gpu_mem_total_mib": 49140.0, "gpu_power_w": 108.87, "process_present": true, "process_mem_mib": 44962.0, "process_mem_share_percent": 91.4977614977615, "process_util_available": true, "process_util_backend": "nvml", "process_sm_util_percent": 7.0, "process_mem_util_percent": 0.0}
{"timestamp_unix": 1772443261.8387203, "pid": 124628, "device_index": 0, "gpu_uuid": "GPU-6f954bfd-7081-31b7-f15c-f9a174bf4d7f", "gpu_util_percent": 42.0, "gpu_mem_util_percent": 26.0, "gpu_mem_used_mib": 45457.0, "gpu_mem_total_mib": 49140.0, "gpu_power_w": 105.87, "process_present": true, "process_mem_mib": 44962.0, "process_mem_share_percent": 91.4977614977615, "process_util_available": true, "process_util_backend": "nvml", "process_sm_util_percent": 37.0, "process_mem_util_percent": 21.0}
{"timestamp_unix": 1772443262.1459286, "pid": 124628, "device_index": 0, "gpu_uuid": "GPU-6f954bfd-7081-31b7-f15c-f9a174bf4d7f", "gpu_util_percent": 42.0, "gpu_mem_util_percent": 26.0, "gpu_mem_used_mib": 45457.0, "gpu_mem_total_mib": 49140.0, "gpu_power_w": 105.87, "process_present": true, "process_mem_mib": 44962.0, "process_mem_share_percent": 91.4977614977615, "process_util_available": true, "process_util_backend": "nvml", "process_sm_util_percent": 43.0, "process_mem_util_percent": 28.0}
{"timestamp_unix": 1772443262.4506807, "pid": 124628, "device_index": 0, "gpu_uuid": "GPU-6f954bfd-7081-31b7-f15c-f9a174bf4d7f", "gpu_util_percent": 42.0, "gpu_mem_util_percent": 26.0, "gpu_mem_used_mib": 45585.0, "gpu_mem_total_mib": 49140.0, "gpu_power_w": 123.91, "process_present": true, "process_mem_mib": 45090.0, "process_mem_share_percent": 91.75824175824175, "process_util_available": true, "process_util_backend": "nvml", "process_sm_util_percent": 44.0, "process_mem_util_percent": 29.0}
{"timestamp_unix": 1772443262.74893, "pid": 124628, "device_index": 0, "gpu_uuid": "GPU-6f954bfd-7081-31b7-f15c-f9a174bf4d7f", "gpu_util_percent": 42.0, "gpu_mem_util_percent": 26.0, "gpu_mem_used_mib": 45585.0, "gpu_mem_total_mib": 49140.0, "gpu_power_w": 123.91, "process_present": true, "process_mem_mib": 45090.0, "process_mem_share_percent": 91.75824175824175, "process_util_available": true, "process_util_backend": "nvml", "process_sm_util_percent": 42.0, "process_mem_util_percent": 27.0}
{"timestamp_unix": 1772443263.043456, "pid": 124628, "device_index": 0, "gpu_uuid": "GPU-6f954bfd-7081-31b7-f15c-f9a174bf4d7f", "gpu_util_percent": 42.0, "gpu_mem_util_percent": 26.0, "gpu_mem_used_mib": 45585.0, "gpu_mem_total_mib": 49140.0, "gpu_power_w": 151.35, "process_present": true, "process_mem_mib": 45090.0, "process_mem_share_percent": 91.75824175824175, "process_util_available": true, "process_util_backend": "nvml", "process_sm_util_percent": 42.0, "process_mem_util_percent": 28.0}
{"timestamp_unix": 1772443263.3357606, "pid": 124628, "device_index": 0, "gpu_uuid": "GPU-6f954bfd-7081-31b7-f15c-f9a174bf4d7f", "gpu_util_percent": 42.0, "gpu_mem_util_percent": 26.0, "gpu_mem_used_mib": 45585.0, "gpu_mem_total_mib": 49140.0, "gpu_power_w": 158.44, "process_present": true, "process_mem_mib": 45090.0, "process_mem_share_percent": 91.75824175824175, "process_util_available": true, "process_util_backend": "nvml", "process_sm_util_percent": 43.0, "process_mem_util_percent": 27.0}
{"timestamp_unix": 1772443263.629243, "pid": 124628, "device_index": 0, "gpu_uuid": "GPU-6f954bfd-7081-31b7-f15c-f9a174bf4d7f", "gpu_util_percent": 42.0, "gpu_mem_util_percent": 26.0, "gpu_mem_used_mib": 45586.0, "gpu_mem_total_mib": 49140.0, "gpu_power_w": 158.44, "process_present": true, "process_mem_mib": 45090.0, "process_mem_share_percent": 91.75824175824175, "process_util_available": true, "process_util_backend": "nvml", "process_sm_util_percent": 43.0, "process_mem_util_percent": 28.0}
{"timestamp_unix": 1772443263.9249146, "pid": 124628, "device_index": 0, "gpu_uuid": "GPU-6f954bfd-7081-31b7-f15c-f9a174bf4d7f", "gpu_util_percent": 45.0, "gpu_mem_util_percent": 29.0, "gpu_mem_used_mib": 45586.0, "gpu_mem_total_mib": 49140.0, "gpu_power_w": 157.98, "process_present": true, "process_mem_mib": 45090.0, "process_mem_share_percent": 91.75824175824175, "process_util_available": true, "process_util_backend": "nvml", "process_sm_util_percent": 42.0, "process_mem_util_percent": 27.0}
{"timestamp_unix": 1772443264.219906, "pid": 124628, "device_index": 0, "gpu_uuid": "GPU-6f954bfd-7081-31b7-f15c-f9a174bf4d7f", "gpu_util_percent": 45.0, "gpu_mem_util_percent": 29.0, "gpu_mem_used_mib": 45586.0, "gpu_mem_total_mib": 49140.0, "gpu_power_w": 157.98, "process_present": true, "process_mem_mib": 45090.0, "process_mem_share_percent": 91.75824175824175, "process_util_available": true, "process_util_backend": "nvml", "process_sm_util_percent": 44.0, "process_mem_util_percent": 29.0}
{"timestamp_unix": 1772443264.5121775, "pid": 124628, "device_index": 0, "gpu_uuid": "GPU-6f954bfd-7081-31b7-f15c-f9a174bf4d7f", "gpu_util_percent": 45.0, "gpu_mem_util_percent": 29.0, "gpu_mem_used_mib": 45586.0, "gpu_mem_total_mib": 49140.0, "gpu_power_w": 158.33, "process_present": true, "process_mem_mib": 45090.0, "process_mem_share_percent": 91.75824175824175, "process_util_available": true, "process_util_backend": "nvml", "process_sm_util_percent": 43.0, "process_mem_util_percent": 27.0}
{"timestamp_unix": 1772443264.8288066, "pid": 124628, "device_index": 0, "gpu_uuid": "GPU-6f954bfd-7081-31b7-f15c-f9a174bf4d7f", "gpu_util_percent": 45.0, "gpu_mem_util_percent": 29.0, "gpu_mem_used_mib": 45586.0, "gpu_mem_total_mib": 49140.0, "gpu_power_w": 158.33, "process_present": true, "process_mem_mib": 45090.0, "process_mem_share_percent": 91.75824175824175, "process_util_available": true, "process_util_backend": "nvml", "process_sm_util_percent": 43.0, "process_mem_util_percent": 27.0}
{"timestamp_unix": 1772443265.1339438, "pid": 124628, "device_index": 0, "gpu_uuid": "GPU-6f954bfd-7081-31b7-f15c-f9a174bf4d7f", "gpu_util_percent": 43.0, "gpu_mem_util_percent": 27.0, "gpu_mem_used_mib": 45586.0, "gpu_mem_total_mib": 49140.0, "gpu_power_w": 158.76, "process_present": true, "process_mem_mib": 45090.0, "process_mem_share_percent": 91.75824175824175, "process_util_available": true, "process_util_backend": "nvml", "process_sm_util_percent": 43.0, "process_mem_util_percent": 27.0}
{"timestamp_unix": 1772443265.4347322, "pid": 124628, "device_index": 0, "gpu_uuid": "GPU-6f954bfd-7081-31b7-f15c-f9a174bf4d7f", "gpu_util_percent": 43.0, "gpu_mem_util_percent": 27.0, "gpu_mem_used_mib": 45586.0, "gpu_mem_total_mib": 49140.0, "gpu_power_w": 158.36, "process_present": true, "process_mem_mib": 45090.0, "process_mem_share_percent": 91.75824175824175, "process_util_available": true, "process_util_backend": "nvml", "process_sm_util_percent": 42.0, "process_mem_util_percent": 27.0}
{"timestamp_unix": 1772443265.737129, "pid": 124628, "device_index": 0, "gpu_uuid": "GPU-6f954bfd-7081-31b7-f15c-f9a174bf4d7f", "gpu_util_percent": 43.0, "gpu_mem_util_percent": 27.0, "gpu_mem_used_mib": 45586.0, "gpu_mem_total_mib": 49140.0, "gpu_power_w": 158.36, "process_present": true, "process_mem_mib": 45090.0, "process_mem_share_percent": 91.75824175824175, "process_util_available": true, "process_util_backend": "nvml", "process_sm_util_percent": 42.0, "process_mem_util_percent": 26.0}
{"timestamp_unix": 1772443266.0347242, "pid": 124628, "device_index": 0, "gpu_uuid": "GPU-6f954bfd-7081-31b7-f15c-f9a174bf4d7f", "gpu_util_percent": 43.0, "gpu_mem_util_percent": 26.0, "gpu_mem_used_mib": 45585.0, "gpu_mem_total_mib": 49140.0, "gpu_power_w": 157.52, "process_present": true, "process_mem_mib": 45090.0, "process_mem_share_percent": 91.75824175824175, "process_util_available": true, "process_util_backend": "nvml", "process_sm_util_percent": 42.0, "process_mem_util_percent": 27.0}
{"timestamp_unix": 1772443266.3256707, "pid": 124628, "device_index": 0, "gpu_uuid": "GPU-6f954bfd-7081-31b7-f15c-f9a174bf4d7f", "gpu_util_percent": 43.0, "gpu_mem_util_percent": 26.0, "gpu_mem_used_mib": 45585.0, "gpu_mem_total_mib": 49140.0, "gpu_power_w": 157.21, "process_present": true, "process_mem_mib": 45090.0, "process_mem_share_percent": 91.75824175824175, "process_util_available": true, "process_util_backend": "nvml", "process_sm_util_percent": 41.0, "process_mem_util_percent": 26.0}
{"timestamp_unix": 1772443266.6225398, "pid": 124628, "device_index": 0, "gpu_uuid": "GPU-6f954bfd-7081-31b7-f15c-f9a174bf4d7f", "gpu_util_percent": 43.0, "gpu_mem_util_percent": 26.0, "gpu_mem_used_mib": 45585.0, "gpu_mem_total_mib": 49140.0, "gpu_power_w": 157.21, "process_present": true, "process_mem_mib": 45090.0, "process_mem_share_percent": 91.75824175824175, "process_util_available": true, "process_util_backend": "nvml", "process_sm_util_percent": 31.0, "process_mem_util_percent": 13.0}
{"timestamp_unix": 1772443266.9154334, "pid": 124628, "device_index": 0, "gpu_uuid": "GPU-6f954bfd-7081-31b7-f15c-f9a174bf4d7f", "gpu_util_percent": 32.0, "gpu_mem_util_percent": 14.0, "gpu_mem_used_mib": 45585.0, "gpu_mem_total_mib": 49140.0, "gpu_power_w": 150.29, "process_present": true, "process_mem_mib": 45090.0, "process_mem_share_percent": 91.75824175824175, "process_util_available": true, "process_util_backend": "nvml", "process_sm_util_percent": 16.0, "process_mem_util_percent": 6.0}
{"timestamp_unix": 1772443267.2065094, "pid": 124628, "device_index": 0, "gpu_uuid": "GPU-6f954bfd-7081-31b7-f15c-f9a174bf4d7f", "gpu_util_percent": 32.0, "gpu_mem_util_percent": 14.0, "gpu_mem_used_mib": 45585.0, "gpu_mem_total_mib": 49140.0, "gpu_power_w": 150.29, "process_present": true, "process_mem_mib": 45090.0, "process_mem_share_percent": 91.75824175824175, "process_util_available": true, "process_util_backend": "nvml", "process_sm_util_percent": null, "process_mem_util_percent": null}
