{"timestamp_unix": 1772436571.506448, "pid": 77184, "device_index": 0, "gpu_uuid": "GPU-6f954bfd-7081-31b7-f15c-f9a174bf4d7f", "gpu_util_percent": 39.0, "gpu_mem_util_percent": 17.0, "gpu_mem_used_mib": 1002.0, "gpu_mem_total_mib": 49140.0, "gpu_power_w": 44.83, "process_present": true, "process_mem_mib": 500.0, "process_mem_share_percent": 1.0175010175010175, "process_util_available": true, "process_util_backend": "nvml", "process_sm_util_percent": 1.0, "process_mem_util_percent": 0.0}
{"timestamp_unix": 1772436571.9320436, "pid": 77184, "device_index": 0, "gpu_uuid": "GPU-6f954bfd-7081-31b7-f15c-f9a174bf4d7f", "gpu_util_percent": 14.0, "gpu_mem_util_percent": 1.0, "gpu_mem_used_mib": 1002.0, "gpu_mem_total_mib": 49140.0, "gpu_power_w": 59.55, "process_present": true, "process_mem_mib": 500.0, "process_mem_share_percent": 1.0175010175010175, "process_util_available": true, "process_util_backend": "nvml", "process_sm_util_percent": null, "process_mem_util_percent": null}
{"timestamp_unix": 1772436572.244485, "pid": 77184, "device_index": 0, "gpu_uuid": "GPU-6f954bfd-7081-31b7-f15c-f9a174bf4d7f", "gpu_util_percent": 14.0, "gpu_mem_util_percent": 1.0, "gpu_mem_used_mib": 1002.0, "gpu_mem_total_mib": 49140.0, "gpu_power_w": 59.55, "process_present": true, "process_mem_mib": 500.0, "process_mem_share_percent": 1.0175010175010175, "process_util_available": true, "process_util_backend": "nvml", "process_sm_util_percent": null, "process_mem_util_percent": null}
{"timestamp_unix": 1772436572.5563505, "pid": 77184, "device_index": 0, "gpu_uuid": "GPU-6f954bfd-7081-31b7-f15c-f9a174bf4d7f", "gpu_util_percent": 14.0, "gpu_mem_util_percent": 1.0, "gpu_mem_used_mib": 1002.0, "gpu_mem_total_mib": 49140.0, "gpu_power_w": 74.67, "process_present": true, "process_mem_mib": 500.0, "process_mem_share_percent": 1.0175010175010175, "process_util_available": true, "process_util_backend": "nvml", "process_sm_util_percent": null, "process_mem_util_percent": null}
{"timestamp_unix": 1772436572.846842, "pid": 77184, "device_index": 0, "gpu_uuid": "GPU-6f954bfd-7081-31b7-f15c-f9a174bf4d7f", "gpu_util_percent": 20.0, "gpu_mem_util_percent": 2.0, "gpu_mem_used_mib": 1086.0, "gpu_mem_total_mib": 49140.0, "gpu_power_w": 79.13, "process_present": true, "process_mem_mib": 586.0, "process_mem_share_percent": 1.1925111925111924, "process_util_available": true, "process_util_backend": "nvml", "process_sm_util_percent": 9.0, "process_mem_util_percent": 0.0}
{"timestamp_unix": 1772436573.1386998, "pid": 77184, "device_index": 0, "gpu_uuid": "GPU-6f954bfd-7081-31b7-f15c-f9a174bf4d7f", "gpu_util_percent": 20.0, "gpu_mem_util_percent": 2.0, "gpu_mem_used_mib": 1130.0, "gpu_mem_total_mib": 49140.0, "gpu_power_w": 79.13, "process_present": true, "process_mem_mib": 632.0, "process_mem_share_percent": 1.2861212861212863, "process_util_available": true, "process_util_backend": "nvml", "process_sm_util_percent": null, "process_mem_util_percent": null}
{"timestamp_unix": 1772436573.4255252, "pid": 77184, "device_index": 0, "gpu_uuid": "GPU-6f954bfd-7081-31b7-f15c-f9a174bf4d7f", "gpu_util_percent": 20.0, "gpu_mem_util_percent": 2.0, "gpu_mem_used_mib": 1352.0, "gpu_mem_total_mib": 49140.0, "gpu_power_w": 80.21, "process_present": true, "process_mem_mib": 884.0, "process_mem_share_percent": 1.7989417989417988, "process_util_available": true, "process_util_backend": "nvml", "process_sm_util_percent": 10.0, "process_mem_util_percent": 0.0}
{"timestamp_unix": 1772436573.71648, "pid": 77184, "device_index": 0, "gpu_uuid": "GPU-6f954bfd-7081-31b7-f15c-f9a174bf4d7f", "gpu_util_percent": 20.0, "gpu_mem_util_percent": 2.0, "gpu_mem_used_mib": 1678.0, "gpu_mem_total_mib": 49140.0, "gpu_power_w": 80.21, "process_present": true, "process_mem_mib": 1234.0, "process_mem_share_percent": 2.5111925111925113, "process_util_available": true, "process_util_backend": "nvml", "process_sm_util_percent": 21.0, "process_mem_util_percent": 2.0}
{"timestamp_unix": 1772436574.0022588, "pid": 77184, "device_index": 0, "gpu_uuid": "GPU-6f954bfd-7081-31b7-f15c-f9a174bf4d7f", "gpu_util_percent": 21.0, "gpu_mem_util_percent": 2.0, "gpu_mem_used_mib": 2036.0, "gpu_mem_total_mib": 49140.0, "gpu_power_w": 84.08, "process_present": true, "process_mem_mib": 1570.0, "process_mem_share_percent": 3.194953194953195, "process_util_available": true, "process_util_backend": "nvml", "process_sm_util_percent": 10.0, "process_mem_util_percent": 1.0}
{"timestamp_unix": 1772436574.2978323, "pid": 77184, "device_index": 0, "gpu_uuid": "GPU-6f954bfd-7081-31b7-f15c-f9a174bf4d7f", "gpu_util_percent": 21.0, "gpu_mem_util_percent": 2.0, "gpu_mem_used_mib": 2390.0, "gpu_mem_total_mib": 49140.0, "gpu_power_w": 84.08, "process_present": true, "process_mem_mib": 1934.0, "process_mem_share_percent": 3.9356939356939353, "process_util_available": true, "process_util_backend": "nvml", "process_sm_util_percent": 21.0, "process_mem_util_percent": 2.0}
{"timestamp_unix": 1772436574.5975018, "pid": 77184, "device_index": 0, "gpu_uuid": "GPU-6f954bfd-7081-31b7-f15c-f9a174bf4d7f", "gpu_util_percent": 21.0, "gpu_mem_util_percent": 2.0, "gpu_mem_used_mib": 2772.0, "gpu_mem_total_mib": 49140.0, "gpu_power_w": 87.76, "process_present": true, "process_mem_mib": 2342.0, "process_mem_share_percent": 4.765974765974766, "process_util_available": true, "process_util_backend": "nvml", "process_sm_util_percent": 21.0, "process_mem_util_percent": 1.0}
{"timestamp_unix": 1772436574.9013157, "pid": 77184, "device_index": 0, "gpu_uuid": "GPU-6f954bfd-7081-31b7-f15c-f9a174bf4d7f", "gpu_util_percent": 21.0, "gpu_mem_util_percent": 2.0, "gpu_mem_used_mib": 3172.0, "gpu_mem_total_mib": 49140.0, "gpu_power_w": 88.55, "process_present": true, "process_mem_mib": 2740.0, "process_mem_share_percent": 5.575905575905575, "process_util_available": true, "process_util_backend": "nvml", "process_sm_util_percent": null, "process_mem_util_percent": null}
{"timestamp_unix": 1772436575.1894324, "pid": 77184, "device_index": 0, "gpu_uuid": "GPU-6f954bfd-7081-31b7-f15c-f9a174bf4d7f", "gpu_util_percent": 21.0, "gpu_mem_util_percent": 2.0, "gpu_mem_used_mib": 3550.0, "gpu_mem_total_mib": 49140.0, "gpu_power_w": 88.55, "process_present": true, "process_mem_mib": 3112.0, "process_mem_share_percent": 6.332926332926333, "process_util_available": true, "process_util_backend": "nvml", "process_sm_util_percent": 22.0, "process_mem_util_percent": 1.0}
{"timestamp_unix": 1772436575.4748306, "pid": 77184, "device_index": 0, "gpu_uuid": "GPU-6f954bfd-7081-31b7-f15c-f9a174bf4d7f", "gpu_util_percent": 21.0, "gpu_mem_util_percent": 2.0, "gpu_mem_used_mib": 4012.0, "gpu_mem_total_mib": 49140.0, "gpu_power_w": 88.45, "process_present": true, "process_mem_mib": 3560.0, "process_mem_share_percent": 7.244607244607244, "process_util_available": true, "process_util_backend": "nvml", "process_sm_util_percent": 22.0, "process_mem_util_percent": 2.0}
{"timestamp_unix": 1772436575.760803, "pid": 77184, "device_index": 0, "gpu_uuid": "GPU-6f954bfd-7081-31b7-f15c-f9a174bf4d7f", "gpu_util_percent": 21.0, "gpu_mem_util_percent": 2.0, "gpu_mem_used_mib": 4466.0, "gpu_mem_total_mib": 49140.0, "gpu_power_w": 88.45, "process_present": true, "process_mem_mib": 4016.0, "process_mem_share_percent": 8.172568172568173, "process_util_available": true, "process_util_backend": "nvml", "process_sm_util_percent": 23.0, "process_mem_util_percent": 2.0}
{"timestamp_unix": 1772436576.0540948, "pid": 77184, "device_index": 0, "gpu_uuid": "GPU-6f954bfd-7081-31b7-f15c-f9a174bf4d7f", "gpu_util_percent": 22.0, "gpu_mem_util_percent": 2.0, "gpu_mem_used_mib": 4928.0, "gpu_mem_total_mib": 49140.0, "gpu_power_w": 88.73, "process_present": true, "process_mem_mib": 4492.0, "process_mem_share_percent": 9.141229141229141, "process_util_available": true, "process_util_backend": "nvml", "process_sm_util_percent": 23.0, "process_mem_util_percent": 2.0}
{"timestamp_unix": 1772436576.3420942, "pid": 77184, "device_index": 0, "gpu_uuid": "GPU-6f954bfd-7081-31b7-f15c-f9a174bf4d7f", "gpu_util_percent": 22.0, "gpu_mem_util_percent": 2.0, "gpu_mem_used_mib": 5436.0, "gpu_mem_total_mib": 49140.0, "gpu_power_w": 88.79, "process_present": true, "process_mem_mib": 5014.0, "process_mem_share_percent": 10.203500203500203, "process_util_available": true, "process_util_backend": "nvml", "process_sm_util_percent": 22.0, "process_mem_util_percent": 2.0}
{"timestamp_unix": 1772436576.633785, "pid": 77184, "device_index": 0, "gpu_uuid": "GPU-6f954bfd-7081-31b7-f15c-f9a174bf4d7f", "gpu_util_percent": 22.0, "gpu_mem_util_percent": 2.0, "gpu_mem_used_mib": 5936.0, "gpu_mem_total_mib": 49140.0, "gpu_power_w": 88.79, "process_present": true, "process_mem_mib": 5514.0, "process_mem_share_percent": 11.221001221001222, "process_util_available": true, "process_util_backend": "nvml", "process_sm_util_percent": 23.0, "process_mem_util_percent": 2.0}
{"timestamp_unix": 1772436576.9336028, "pid": 77184, "device_index": 0, "gpu_uuid": "GPU-6f954bfd-7081-31b7-f15c-f9a174bf4d7f", "gpu_util_percent": 21.0, "gpu_mem_util_percent": 2.0, "gpu_mem_used_mib": 6448.0, "gpu_mem_total_mib": 49140.0, "gpu_power_w": 88.73, "process_present": true, "process_mem_mib": 5952.0, "process_mem_share_percent": 12.112332112332112, "process_util_available": true, "process_util_backend": "nvml", "process_sm_util_percent": null, "process_mem_util_percent": null}
{"timestamp_unix": 1772436577.2312803, "pid": 77184, "device_index": 0, "gpu_uuid": "GPU-6f954bfd-7081-31b7-f15c-f9a174bf4d7f", "gpu_util_percent": 21.0, "gpu_mem_util_percent": 2.0, "gpu_mem_used_mib": 6537.0, "gpu_mem_total_mib": 49140.0, "gpu_power_w": 88.73, "process_present": true, "process_mem_mib": 6044.0, "process_mem_share_percent": 12.2995522995523, "process_util_available": true, "process_util_backend": "nvml", "process_sm_util_percent": 9.0, "process_mem_util_percent": 0.0}
{"timestamp_unix": 1772436577.533752, "pid": 77184, "device_index": 0, "gpu_uuid": "GPU-6f954bfd-7081-31b7-f15c-f9a174bf4d7f", "gpu_util_percent": 21.0, "gpu_mem_util_percent": 2.0, "gpu_mem_used_mib": 6537.0, "gpu_mem_total_mib": 49140.0, "gpu_power_w": 87.98, "process_present": true, "process_mem_mib": 6044.0, "process_mem_share_percent": 12.2995522995523, "process_util_available": true, "process_util_backend": "nvml", "process_sm_util_percent": 25.0, "process_mem_util_percent": 2.0}
{"timestamp_unix": 1772436577.829566, "pid": 77184, "device_index": 0, "gpu_uuid": "GPU-6f954bfd-7081-31b7-f15c-f9a174bf4d7f", "gpu_util_percent": 22.0, "gpu_mem_util_percent": 3.0, "gpu_mem_used_mib": 6537.0, "gpu_mem_total_mib": 49140.0, "gpu_power_w": 89.08, "process_present": true, "process_mem_mib": 6044.0, "process_mem_share_percent": 12.2995522995523, "process_util_available": true, "process_util_backend": "nvml", "process_sm_util_percent": 24.0, "process_mem_util_percent": 2.0}
{"timestamp_unix": 1772436578.1342757, "pid": 77184, "device_index": 0, "gpu_uuid": "GPU-6f954bfd-7081-31b7-f15c-f9a174bf4d7f", "gpu_util_percent": 22.0, "gpu_mem_util_percent": 3.0, "gpu_mem_used_mib": 6537.0, "gpu_mem_total_mib": 49140.0, "gpu_power_w": 89.08, "process_present": true, "process_mem_mib": 6044.0, "process_mem_share_percent": 12.2995522995523, "process_util_available": true, "process_util_backend": "nvml", "process_sm_util_percent": 25.0, "process_mem_util_percent": 2.0}
{"timestamp_unix": 1772436578.4212832, "pid": 77184, "device_index": 0, "gpu_uuid": "GPU-6f954bfd-7081-31b7-f15c-f9a174bf4d7f", "gpu_util_percent": 22.0, "gpu_mem_util_percent": 3.0, "gpu_mem_used_mib": 6537.0, "gpu_mem_total_mib": 49140.0, "gpu_power_w": 91.36, "process_present": true, "process_mem_mib": 6044.0, "process_mem_share_percent": 12.2995522995523, "process_util_available": true, "process_util_backend": "nvml", "process_sm_util_percent": 24.0, "process_mem_util_percent": 2.0}
{"timestamp_unix": 1772436578.7085004, "pid": 77184, "device_index": 0, "gpu_uuid": "GPU-6f954bfd-7081-31b7-f15c-f9a174bf4d7f", "gpu_util_percent": 22.0, "gpu_mem_util_percent": 3.0, "gpu_mem_used_mib": 6537.0, "gpu_mem_total_mib": 49140.0, "gpu_power_w": 91.36, "process_present": true, "process_mem_mib": 6044.0, "process_mem_share_percent": 12.2995522995523, "process_util_available": true, "process_util_backend": "nvml", "process_sm_util_percent": 23.0, "process_mem_util_percent": 2.0}
{"timestamp_unix": 1772436578.9994311, "pid": 77184, "device_index": 0, "gpu_uuid": "GPU-6f954bfd-7081-31b7-f15c-f9a174bf4d7f", "gpu_util_percent": 22.0, "gpu_mem_util_percent": 3.0, "gpu_mem_used_mib": 6537.0, "gpu_mem_total_mib": 49140.0, "gpu_power_w": 91.41, "process_present": true, "process_mem_mib": 6044.0, "process_mem_share_percent": 12.2995522995523, "process_util_available": true, "process_util_backend": "nvml", "process_sm_util_percent": 23.0, "process_mem_util_percent": 2.0}
{"timestamp_unix": 1772436579.2884498, "pid": 77184, "device_index": 0, "gpu_uuid": "GPU-6f954bfd-7081-31b7-f15c-f9a174bf4d7f", "gpu_util_percent": 22.0, "gpu_mem_util_percent": 3.0, "gpu_mem_used_mib": 6537.0, "gpu_mem_total_mib": 49140.0, "gpu_power_w": 91.41, "process_present": true, "process_mem_mib": 6044.0, "process_mem_share_percent": 12.2995522995523, "process_util_available": true, "process_util_backend": "nvml", "process_sm_util_percent": 23.0, "process_mem_util_percent": 2.0}
{"timestamp_unix": 1772436579.5797246, "pid": 77184, "device_index": 0, "gpu_uuid": "GPU-6f954bfd-7081-31b7-f15c-f9a174bf4d7f", "gpu_util_percent": 22.0, "gpu_mem_util_percent": 3.0, "gpu_mem_used_mib": 6537.0, "gpu_mem_total_mib": 49140.0, "gpu_power_w": 91.46, "process_present": true, "process_mem_mib": 6044.0, "process_mem_share_percent": 12.2995522995523, "process_util_available": true, "process_util_backend": "nvml", "process_sm_util_percent": 23.0, "process_mem_util_percent": 2.0}
{"timestamp_unix": 1772436579.869477, "pid": 77184, "device_index": 0, "gpu_uuid": "GPU-6f954bfd-7081-31b7-f15c-f9a174bf4d7f", "gpu_util_percent": 22.0, "gpu_mem_util_percent": 3.0, "gpu_mem_used_mib": 6537.0, "gpu_mem_total_mib": 49140.0, "gpu_power_w": 91.41, "process_present": true, "process_mem_mib": 6044.0, "process_mem_share_percent": 12.2995522995523, "process_util_available": true, "process_util_backend": "nvml", "process_sm_util_percent": 23.0, "process_mem_util_percent": 2.0}
{"timestamp_unix": 1772436580.16622, "pid": 77184, "device_index": 0, "gpu_uuid": "GPU-6f954bfd-7081-31b7-f15c-f9a174bf4d7f", "gpu_util_percent": 22.0, "gpu_mem_util_percent": 3.0, "gpu_mem_used_mib": 6537.0, "gpu_mem_total_mib": 49140.0, "gpu_power_w": 91.41, "process_present": true, "process_mem_mib": 6044.0, "process_mem_share_percent": 12.2995522995523, "process_util_available": true, "process_util_backend": "nvml", "process_sm_util_percent": 24.0, "process_mem_util_percent": 2.0}
{"timestamp_unix": 1772436580.46524, "pid": 77184, "device_index": 0, "gpu_uuid": "GPU-6f954bfd-7081-31b7-f15c-f9a174bf4d7f", "gpu_util_percent": 22.0, "gpu_mem_util_percent": 3.0, "gpu_mem_used_mib": 6537.0, "gpu_mem_total_mib": 49140.0, "gpu_power_w": 91.34, "process_present": true, "process_mem_mib": 6044.0, "process_mem_share_percent": 12.2995522995523, "process_util_available": true, "process_util_backend": "nvml", "process_sm_util_percent": 25.0, "process_mem_util_percent": 2.0}
{"timestamp_unix": 1772436580.764631, "pid": 77184, "device_index": 0, "gpu_uuid": "GPU-6f954bfd-7081-31b7-f15c-f9a174bf4d7f", "gpu_util_percent": 22.0, "gpu_mem_util_percent": 3.0, "gpu_mem_used_mib": 6537.0, "gpu_mem_total_mib": 49140.0, "gpu_power_w": 91.34, "process_present": true, "process_mem_mib": 6044.0, "process_mem_share_percent": 12.2995522995523, "process_util_available": true, "process_util_backend": "nvml", "process_sm_util_percent": 26.0, "process_mem_util_percent": 2.0}
{"timestamp_unix": 1772436581.0547173, "pid": 77184, "device_index": 0, "gpu_uuid": "GPU-6f954bfd-7081-31b7-f15c-f9a174bf4d7f", "gpu_util_percent": 25.0, "gpu_mem_util_percent": 3.0, "gpu_mem_used_mib": 6537.0, "gpu_mem_total_mib": 49140.0, "gpu_power_w": 91.3, "process_present": true, "process_mem_mib": 6044.0, "process_mem_share_percent": 12.2995522995523, "process_util_available": true, "process_util_backend": "nvml", "process_sm_util_percent": 25.0, "process_mem_util_percent": 2.0}
{"timestamp_unix": 1772436581.3429673, "pid": 77184, "device_index": 0, "gpu_uuid": "GPU-6f954bfd-7081-31b7-f15c-f9a174bf4d7f", "gpu_util_percent": 25.0, "gpu_mem_util_percent": 3.0, "gpu_mem_used_mib": 6537.0, "gpu_mem_total_mib": 49140.0, "gpu_power_w": 91.42, "process_present": true, "process_mem_mib": 6044.0, "process_mem_share_percent": 12.2995522995523, "process_util_available": true, "process_util_backend": "nvml", "process_sm_util_percent": 26.0, "process_mem_util_percent": 2.0}
{"timestamp_unix": 1772436581.634552, "pid": 77184, "device_index": 0, "gpu_uuid": "GPU-6f954bfd-7081-31b7-f15c-f9a174bf4d7f", "gpu_util_percent": 25.0, "gpu_mem_util_percent": 3.0, "gpu_mem_used_mib": 6537.0, "gpu_mem_total_mib": 49140.0, "gpu_power_w": 91.42, "process_present": true, "process_mem_mib": 6044.0, "process_mem_share_percent": 12.2995522995523, "process_util_available": true, "process_util_backend": "nvml", "process_sm_util_percent": 26.0, "process_mem_util_percent": 2.0}
{"timestamp_unix": 1772436581.924809, "pid": 77184, "device_index": 0, "gpu_uuid": "GPU-6f954bfd-7081-31b7-f15c-f9a174bf4d7f", "gpu_util_percent": 19.0, "gpu_mem_util_percent": 2.0, "gpu_mem_used_mib": 6537.0, "gpu_mem_total_mib": 49140.0, "gpu_power_w": 91.04, "process_present": true, "process_mem_mib": 6044.0, "process_mem_share_percent": 12.2995522995523, "process_util_available": true, "process_util_backend": "nvml", "process_sm_util_percent": 21.0, "process_mem_util_percent": 2.0}
{"timestamp_unix": 1772436582.2197185, "pid": 77184, "device_index": 0, "gpu_uuid": "GPU-6f954bfd-7081-31b7-f15c-f9a174bf4d7f", "gpu_util_percent": 19.0, "gpu_mem_util_percent": 2.0, "gpu_mem_used_mib": 6533.0, "gpu_mem_total_mib": 49140.0, "gpu_power_w": 91.04, "process_present": true, "process_mem_mib": 6044.0, "process_mem_share_percent": 12.2995522995523, "process_util_available": true, "process_util_backend": "nvml", "process_sm_util_percent": 24.0, "process_mem_util_percent": 2.0}
{"timestamp_unix": 1772436582.507597, "pid": 77184, "device_index": 0, "gpu_uuid": "GPU-6f954bfd-7081-31b7-f15c-f9a174bf4d7f", "gpu_util_percent": 19.0, "gpu_mem_util_percent": 2.0, "gpu_mem_used_mib": 6857.0, "gpu_mem_total_mib": 49140.0, "gpu_power_w": 90.56, "process_present": true, "process_mem_mib": 6424.0, "process_mem_share_percent": 13.072853072853071, "process_util_available": true, "process_util_backend": "nvml", "process_sm_util_percent": 22.0, "process_mem_util_percent": 2.0}
{"timestamp_unix": 1772436582.8122358, "pid": 77184, "device_index": 0, "gpu_uuid": "GPU-6f954bfd-7081-31b7-f15c-f9a174bf4d7f", "gpu_util_percent": 22.0, "gpu_mem_util_percent": 2.0, "gpu_mem_used_mib": 7277.0, "gpu_mem_total_mib": 49140.0, "gpu_power_w": 90.0, "process_present": true, "process_mem_mib": 6864.0, "process_mem_share_percent": 13.968253968253968, "process_util_available": true, "process_util_backend": "nvml", "process_sm_util_percent": 23.0, "process_mem_util_percent": 2.0}
{"timestamp_unix": 1772436583.1154342, "pid": 77184, "device_index": 0, "gpu_uuid": "GPU-6f954bfd-7081-31b7-f15c-f9a174bf4d7f", "gpu_util_percent": 22.0, "gpu_mem_util_percent": 2.0, "gpu_mem_used_mib": 7737.0, "gpu_mem_total_mib": 49140.0, "gpu_power_w": 90.0, "process_present": true, "process_mem_mib": 7324.0, "process_mem_share_percent": 14.904354904354905, "process_util_available": true, "process_util_backend": "nvml", "process_sm_util_percent": 23.0, "process_mem_util_percent": 2.0}
{"timestamp_unix": 1772436583.4154322, "pid": 77184, "device_index": 0, "gpu_uuid": "GPU-6f954bfd-7081-31b7-f15c-f9a174bf4d7f", "gpu_util_percent": 22.0, "gpu_mem_util_percent": 2.0, "gpu_mem_used_mib": 8197.0, "gpu_mem_total_mib": 49140.0, "gpu_power_w": 90.21, "process_present": true, "process_mem_mib": 7784.0, "process_mem_share_percent": 15.840455840455842, "process_util_available": true, "process_util_backend": "nvml", "process_sm_util_percent": 22.0, "process_mem_util_percent": 2.0}
{"timestamp_unix": 1772436583.7059114, "pid": 77184, "device_index": 0, "gpu_uuid": "GPU-6f954bfd-7081-31b7-f15c-f9a174bf4d7f", "gpu_util_percent": 22.0, "gpu_mem_util_percent": 2.0, "gpu_mem_used_mib": 8697.0, "gpu_mem_total_mib": 49140.0, "gpu_power_w": 90.21, "process_present": true, "process_mem_mib": 8284.0, "process_mem_share_percent": 16.857956857956857, "process_util_available": true, "process_util_backend": "nvml", "process_sm_util_percent": 22.0, "process_mem_util_percent": 2.0}
{"timestamp_unix": 1772436583.9953182, "pid": 77184, "device_index": 0, "gpu_uuid": "GPU-6f954bfd-7081-31b7-f15c-f9a174bf4d7f", "gpu_util_percent": 22.0, "gpu_mem_util_percent": 3.0, "gpu_mem_used_mib": 9197.0, "gpu_mem_total_mib": 49140.0, "gpu_power_w": 90.39, "process_present": true, "process_mem_mib": 8784.0, "process_mem_share_percent": 17.875457875457876, "process_util_available": true, "process_util_backend": "nvml", "process_sm_util_percent": 22.0, "process_mem_util_percent": 2.0}
{"timestamp_unix": 1772436584.284146, "pid": 77184, "device_index": 0, "gpu_uuid": "GPU-6f954bfd-7081-31b7-f15c-f9a174bf4d7f", "gpu_util_percent": 22.0, "gpu_mem_util_percent": 3.0, "gpu_mem_used_mib": 9737.0, "gpu_mem_total_mib": 49140.0, "gpu_power_w": 90.39, "process_present": true, "process_mem_mib": 9304.0, "process_mem_share_percent": 18.933658933658933, "process_util_available": true, "process_util_backend": "nvml", "process_sm_util_percent": 22.0, "process_mem_util_percent": 2.0}
{"timestamp_unix": 1772436584.5729184, "pid": 77184, "device_index": 0, "gpu_uuid": "GPU-6f954bfd-7081-31b7-f15c-f9a174bf4d7f", "gpu_util_percent": 22.0, "gpu_mem_util_percent": 3.0, "gpu_mem_used_mib": 10277.0, "gpu_mem_total_mib": 49140.0, "gpu_power_w": 90.59, "process_present": true, "process_mem_mib": 9864.0, "process_mem_share_percent": 20.073260073260073, "process_util_available": true, "process_util_backend": "nvml", "process_sm_util_percent": 23.0, "process_mem_util_percent": 2.0}
{"timestamp_unix": 1772436584.864533, "pid": 77184, "device_index": 0, "gpu_uuid": "GPU-6f954bfd-7081-31b7-f15c-f9a174bf4d7f", "gpu_util_percent": 23.0, "gpu_mem_util_percent": 3.0, "gpu_mem_used_mib": 10857.0, "gpu_mem_total_mib": 49140.0, "gpu_power_w": 90.75, "process_present": true, "process_mem_mib": 10464.0, "process_mem_share_percent": 21.294261294261293, "process_util_available": true, "process_util_backend": "nvml", "process_sm_util_percent": 23.0, "process_mem_util_percent": 2.0}
{"timestamp_unix": 1772436585.155281, "pid": 77184, "device_index": 0, "gpu_uuid": "GPU-6f954bfd-7081-31b7-f15c-f9a174bf4d7f", "gpu_util_percent": 23.0, "gpu_mem_util_percent": 3.0, "gpu_mem_used_mib": 11337.0, "gpu_mem_total_mib": 49140.0, "gpu_power_w": 90.75, "process_present": true, "process_mem_mib": 10844.0, "process_mem_share_percent": 22.06756206756207, "process_util_available": true, "process_util_backend": "nvml", "process_sm_util_percent": 22.0, "process_mem_util_percent": 2.0}
{"timestamp_unix": 1772436585.460336, "pid": 77184, "device_index": 0, "gpu_uuid": "GPU-6f954bfd-7081-31b7-f15c-f9a174bf4d7f", "gpu_util_percent": 23.0, "gpu_mem_util_percent": 3.0, "gpu_mem_used_mib": 11377.0, "gpu_mem_total_mib": 49140.0, "gpu_power_w": 90.18, "process_present": true, "process_mem_mib": 10884.0, "process_mem_share_percent": 22.14896214896215, "process_util_available": true, "process_util_backend": "nvml", "process_sm_util_percent": 10.0, "process_mem_util_percent": 1.0}
{"timestamp_unix": 1772436585.7656217, "pid": 77184, "device_index": 0, "gpu_uuid": "GPU-6f954bfd-7081-31b7-f15c-f9a174bf4d7f", "gpu_util_percent": 23.0, "gpu_mem_util_percent": 3.0, "gpu_mem_used_mib": 11377.0, "gpu_mem_total_mib": 49140.0, "gpu_power_w": 90.18, "process_present": true, "process_mem_mib": 10884.0, "process_mem_share_percent": 22.14896214896215, "process_util_available": true, "process_util_backend": "nvml", "process_sm_util_percent": 25.0, "process_mem_util_percent": 2.0}
{"timestamp_unix": 1772436586.054383, "pid": 77184, "device_index": 0, "gpu_uuid": "GPU-6f954bfd-7081-31b7-f15c-f9a174bf4d7f", "gpu_util_percent": 25.0, "gpu_mem_util_percent": 3.0, "gpu_mem_used_mib": 11377.0, "gpu_mem_total_mib": 49140.0, "gpu_power_w": 90.03, "process_present": true, "process_mem_mib": 10884.0, "process_mem_share_percent": 22.14896214896215, "process_util_available": true, "process_util_backend": "nvml", "process_sm_util_percent": 24.0, "process_mem_util_percent": 2.0}
{"timestamp_unix": 1772436586.3427193, "pid": 77184, "device_index": 0, "gpu_uuid": "GPU-6f954bfd-7081-31b7-f15c-f9a174bf4d7f", "gpu_util_percent": 25.0, "gpu_mem_util_percent": 3.0, "gpu_mem_used_mib": 11377.0, "gpu_mem_total_mib": 49140.0, "gpu_power_w": 90.59, "process_present": true, "process_mem_mib": 10884.0, "process_mem_share_percent": 22.14896214896215, "process_util_available": true, "process_util_backend": "nvml", "process_sm_util_percent": 24.0, "process_mem_util_percent": 2.0}
{"timestamp_unix": 1772436586.6362715, "pid": 77184, "device_index": 0, "gpu_uuid": "GPU-6f954bfd-7081-31b7-f15c-f9a174bf4d7f", "gpu_util_percent": 25.0, "gpu_mem_util_percent": 3.0, "gpu_mem_used_mib": 11377.0, "gpu_mem_total_mib": 49140.0, "gpu_power_w": 90.59, "process_present": true, "process_mem_mib": 10884.0, "process_mem_share_percent": 22.14896214896215, "process_util_available": true, "process_util_backend": "nvml", "process_sm_util_percent": 25.0, "process_mem_util_percent": 2.0}
{"timestamp_unix": 1772436586.9249587, "pid": 77184, "device_index": 0, "gpu_uuid": "GPU-6f954bfd-7081-31b7-f15c-f9a174bf4d7f", "gpu_util_percent": 25.0, "gpu_mem_util_percent": 3.0, "gpu_mem_used_mib": 11377.0, "gpu_mem_total_mib": 49140.0, "gpu_power_w": 92.16, "process_present": true, "process_mem_mib": 10884.0, "process_mem_share_percent": 22.14896214896215, "process_util_available": true, "process_util_backend": "nvml", "process_sm_util_percent": 24.0, "process_mem_util_percent": 2.0}
{"timestamp_unix": 1772436587.2307746, "pid": 77184, "device_index": 0, "gpu_uuid": "GPU-6f954bfd-7081-31b7-f15c-f9a174bf4d7f", "gpu_util_percent": 25.0, "gpu_mem_util_percent": 3.0, "gpu_mem_used_mib": 11377.0, "gpu_mem_total_mib": 49140.0, "gpu_power_w": 92.16, "process_present": true, "process_mem_mib": 10884.0, "process_mem_share_percent": 22.14896214896215, "process_util_available": true, "process_util_backend": "nvml", "process_sm_util_percent": 24.0, "process_mem_util_percent": 2.0}
{"timestamp_unix": 1772436587.518924, "pid": 77184, "device_index": 0, "gpu_uuid": "GPU-6f954bfd-7081-31b7-f15c-f9a174bf4d7f", "gpu_util_percent": 25.0, "gpu_mem_util_percent": 3.0, "gpu_mem_used_mib": 11377.0, "gpu_mem_total_mib": 49140.0, "gpu_power_w": 92.18, "process_present": true, "process_mem_mib": 10884.0, "process_mem_share_percent": 22.14896214896215, "process_util_available": true, "process_util_backend": "nvml", "process_sm_util_percent": 25.0, "process_mem_util_percent": 2.0}
{"timestamp_unix": 1772436587.8145356, "pid": 77184, "device_index": 0, "gpu_uuid": "GPU-6f954bfd-7081-31b7-f15c-f9a174bf4d7f", "gpu_util_percent": 26.0, "gpu_mem_util_percent": 3.0, "gpu_mem_used_mib": 11377.0, "gpu_mem_total_mib": 49140.0, "gpu_power_w": 92.03, "process_present": true, "process_mem_mib": 10884.0, "process_mem_share_percent": 22.14896214896215, "process_util_available": true, "process_util_backend": "nvml", "process_sm_util_percent": 25.0, "process_mem_util_percent": 2.0}
{"timestamp_unix": 1772436588.1154788, "pid": 77184, "device_index": 0, "gpu_uuid": "GPU-6f954bfd-7081-31b7-f15c-f9a174bf4d7f", "gpu_util_percent": 26.0, "gpu_mem_util_percent": 3.0, "gpu_mem_used_mib": 11377.0, "gpu_mem_total_mib": 49140.0, "gpu_power_w": 92.03, "process_present": true, "process_mem_mib": 10884.0, "process_mem_share_percent": 22.14896214896215, "process_util_available": true, "process_util_backend": "nvml", "process_sm_util_percent": 24.0, "process_mem_util_percent": 2.0}
{"timestamp_unix": 1772436588.4153078, "pid": 77184, "device_index": 0, "gpu_uuid": "GPU-6f954bfd-7081-31b7-f15c-f9a174bf4d7f", "gpu_util_percent": 26.0, "gpu_mem_util_percent": 3.0, "gpu_mem_used_mib": 11377.0, "gpu_mem_total_mib": 49140.0, "gpu_power_w": 91.85, "process_present": true, "process_mem_mib": 10884.0, "process_mem_share_percent": 22.14896214896215, "process_util_available": true, "process_util_backend": "nvml", "process_sm_util_percent": 24.0, "process_mem_util_percent": 2.0}
{"timestamp_unix": 1772436588.715709, "pid": 77184, "device_index": 0, "gpu_uuid": "GPU-6f954bfd-7081-31b7-f15c-f9a174bf4d7f", "gpu_util_percent": 26.0, "gpu_mem_util_percent": 3.0, "gpu_mem_used_mib": 11377.0, "gpu_mem_total_mib": 49140.0, "gpu_power_w": 91.85, "process_present": true, "process_mem_mib": 10884.0, "process_mem_share_percent": 22.14896214896215, "process_util_available": true, "process_util_backend": "nvml", "process_sm_util_percent": 24.0, "process_mem_util_percent": 2.0}
{"timestamp_unix": 1772436589.0048387, "pid": 77184, "device_index": 0, "gpu_uuid": "GPU-6f954bfd-7081-31b7-f15c-f9a174bf4d7f", "gpu_util_percent": 25.0, "gpu_mem_util_percent": 3.0, "gpu_mem_used_mib": 11377.0, "gpu_mem_total_mib": 49140.0, "gpu_power_w": 91.64, "process_present": true, "process_mem_mib": 10884.0, "process_mem_share_percent": 22.14896214896215, "process_util_available": true, "process_util_backend": "nvml", "process_sm_util_percent": 24.0, "process_mem_util_percent": 2.0}
{"timestamp_unix": 1772436589.293076, "pid": 77184, "device_index": 0, "gpu_uuid": "GPU-6f954bfd-7081-31b7-f15c-f9a174bf4d7f", "gpu_util_percent": 25.0, "gpu_mem_util_percent": 3.0, "gpu_mem_used_mib": 11377.0, "gpu_mem_total_mib": 49140.0, "gpu_power_w": 91.61, "process_present": true, "process_mem_mib": 10884.0, "process_mem_share_percent": 22.14896214896215, "process_util_available": true, "process_util_backend": "nvml", "process_sm_util_percent": 24.0, "process_mem_util_percent": 2.0}
{"timestamp_unix": 1772436589.5909007, "pid": 77184, "device_index": 0, "gpu_uuid": "GPU-6f954bfd-7081-31b7-f15c-f9a174bf4d7f", "gpu_util_percent": 25.0, "gpu_mem_util_percent": 3.0, "gpu_mem_used_mib": 11377.0, "gpu_mem_total_mib": 49140.0, "gpu_power_w": 91.61, "process_present": true, "process_mem_mib": 10884.0, "process_mem_share_percent": 22.14896214896215, "process_util_available": true, "process_util_backend": "nvml", "process_sm_util_percent": 24.0, "process_mem_util_percent": 2.0}
{"timestamp_unix": 1772436589.8834856, "pid": 77184, "device_index": 0, "gpu_uuid": "GPU-6f954bfd-7081-31b7-f15c-f9a174bf4d7f", "gpu_util_percent": 25.0, "gpu_mem_util_percent": 3.0, "gpu_mem_used_mib": 11377.0, "gpu_mem_total_mib": 49140.0, "gpu_power_w": 91.65, "process_present": true, "process_mem_mib": 10884.0, "process_mem_share_percent": 22.14896214896215, "process_util_available": true, "process_util_backend": "nvml", "process_sm_util_percent": 24.0, "process_mem_util_percent": 2.0}
{"timestamp_unix": 1772436590.1725385, "pid": 77184, "device_index": 0, "gpu_uuid": "GPU-6f954bfd-7081-31b7-f15c-f9a174bf4d7f", "gpu_util_percent": 25.0, "gpu_mem_util_percent": 3.0, "gpu_mem_used_mib": 11377.0, "gpu_mem_total_mib": 49140.0, "gpu_power_w": 91.65, "process_present": true, "process_mem_mib": 10884.0, "process_mem_share_percent": 22.14896214896215, "process_util_available": true, "process_util_backend": "nvml", "process_sm_util_percent": 23.0, "process_mem_util_percent": 2.0}
{"timestamp_unix": 1772436590.4639332, "pid": 77184, "device_index": 0, "gpu_uuid": "GPU-6f954bfd-7081-31b7-f15c-f9a174bf4d7f", "gpu_util_percent": 25.0, "gpu_mem_util_percent": 3.0, "gpu_mem_used_mib": 11377.0, "gpu_mem_total_mib": 49140.0, "gpu_power_w": 91.25, "process_present": true, "process_mem_mib": 10884.0, "process_mem_share_percent": 22.14896214896215, "process_util_available": true, "process_util_backend": "nvml", "process_sm_util_percent": 23.0, "process_mem_util_percent": 2.0}
{"timestamp_unix": 1772436590.7641885, "pid": 77184, "device_index": 0, "gpu_uuid": "GPU-6f954bfd-7081-31b7-f15c-f9a174bf4d7f", "gpu_util_percent": 25.0, "gpu_mem_util_percent": 3.0, "gpu_mem_used_mib": 11377.0, "gpu_mem_total_mib": 49140.0, "gpu_power_w": 91.25, "process_present": true, "process_mem_mib": 10884.0, "process_mem_share_percent": 22.14896214896215, "process_util_available": true, "process_util_backend": "nvml", "process_sm_util_percent": 23.0, "process_mem_util_percent": 2.0}
{"timestamp_unix": 1772436591.231818, "pid": 77184, "device_index": 0, "gpu_uuid": "GPU-6f954bfd-7081-31b7-f15c-f9a174bf4d7f", "gpu_util_percent": 24.0, "gpu_mem_util_percent": 3.0, "gpu_mem_used_mib": 11377.0, "gpu_mem_total_mib": 49140.0, "gpu_power_w": 91.12, "process_present": true, "process_mem_mib": 10884.0, "process_mem_share_percent": 22.14896214896215, "process_util_available": true, "process_util_backend": "nvml", "process_sm_util_percent": 8.0, "process_mem_util_percent": 0.0}
{"timestamp_unix": 1772436591.5308075, "pid": 77184, "device_index": 0, "gpu_uuid": "GPU-6f954bfd-7081-31b7-f15c-f9a174bf4d7f", "gpu_util_percent": 24.0, "gpu_mem_util_percent": 3.0, "gpu_mem_used_mib": 11377.0, "gpu_mem_total_mib": 49140.0, "gpu_power_w": 89.95, "process_present": true, "process_mem_mib": 10884.0, "process_mem_share_percent": 22.14896214896215, "process_util_available": true, "process_util_backend": "nvml", "process_sm_util_percent": 23.0, "process_mem_util_percent": 2.0}
{"timestamp_unix": 1772436591.8199086, "pid": 77184, "device_index": 0, "gpu_uuid": "GPU-6f954bfd-7081-31b7-f15c-f9a174bf4d7f", "gpu_util_percent": 24.0, "gpu_mem_util_percent": 3.0, "gpu_mem_used_mib": 11377.0, "gpu_mem_total_mib": 49140.0, "gpu_power_w": 89.96, "process_present": true, "process_mem_mib": 10884.0, "process_mem_share_percent": 22.14896214896215, "process_util_available": true, "process_util_backend": "nvml", "process_sm_util_percent": null, "process_mem_util_percent": null}
{"timestamp_unix": 1772436592.1100378, "pid": 77184, "device_index": 0, "gpu_uuid": "GPU-6f954bfd-7081-31b7-f15c-f9a174bf4d7f", "gpu_util_percent": 24.0, "gpu_mem_util_percent": 3.0, "gpu_mem_used_mib": 11377.0, "gpu_mem_total_mib": 49140.0, "gpu_power_w": 89.96, "process_present": true, "process_mem_mib": 10884.0, "process_mem_share_percent": 22.14896214896215, "process_util_available": true, "process_util_backend": "nvml", "process_sm_util_percent": 23.0, "process_mem_util_percent": 2.0}
{"timestamp_unix": 1772436592.4024205, "pid": 77184, "device_index": 0, "gpu_uuid": "GPU-6f954bfd-7081-31b7-f15c-f9a174bf4d7f", "gpu_util_percent": 24.0, "gpu_mem_util_percent": 3.0, "gpu_mem_used_mib": 11473.0, "gpu_mem_total_mib": 49140.0, "gpu_power_w": 90.82, "process_present": true, "process_mem_mib": 11104.0, "process_mem_share_percent": 22.596662596662597, "process_util_available": true, "process_util_backend": "nvml", "process_sm_util_percent": 12.0, "process_mem_util_percent": 1.0}
{"timestamp_unix": 1772436592.6922634, "pid": 77184, "device_index": 0, "gpu_uuid": "GPU-6f954bfd-7081-31b7-f15c-f9a174bf4d7f", "gpu_util_percent": 24.0, "gpu_mem_util_percent": 3.0, "gpu_mem_used_mib": 12313.0, "gpu_mem_total_mib": 49140.0, "gpu_power_w": 90.82, "process_present": true, "process_mem_mib": 11944.0, "process_mem_share_percent": 24.306064306064307, "process_util_available": true, "process_util_backend": "nvml", "process_sm_util_percent": null, "process_mem_util_percent": null}
{"timestamp_unix": 1772436592.984012, "pid": 77184, "device_index": 0, "gpu_uuid": "GPU-6f954bfd-7081-31b7-f15c-f9a174bf4d7f", "gpu_util_percent": 22.0, "gpu_mem_util_percent": 3.0, "gpu_mem_used_mib": 13133.0, "gpu_mem_total_mib": 49140.0, "gpu_power_w": 91.35, "process_present": true, "process_mem_mib": 12784.0, "process_mem_share_percent": 26.015466015466014, "process_util_available": true, "process_util_backend": "nvml", "process_sm_util_percent": 23.0, "process_mem_util_percent": 2.0}
{"timestamp_unix": 1772436593.2750978, "pid": 77184, "device_index": 0, "gpu_uuid": "GPU-6f954bfd-7081-31b7-f15c-f9a174bf4d7f", "gpu_util_percent": 22.0, "gpu_mem_util_percent": 3.0, "gpu_mem_used_mib": 14033.0, "gpu_mem_total_mib": 49140.0, "gpu_power_w": 91.35, "process_present": true, "process_mem_mib": 13684.0, "process_mem_share_percent": 27.846967846967846, "process_util_available": true, "process_util_backend": "nvml", "process_sm_util_percent": 23.0, "process_mem_util_percent": 3.0}
{"timestamp_unix": 1772436593.5909371, "pid": 77184, "device_index": 0, "gpu_uuid": "GPU-6f954bfd-7081-31b7-f15c-f9a174bf4d7f", "gpu_util_percent": 22.0, "gpu_mem_util_percent": 3.0, "gpu_mem_used_mib": 14673.0, "gpu_mem_total_mib": 49140.0, "gpu_power_w": 91.21, "process_present": true, "process_mem_mib": 14184.0, "process_mem_share_percent": 28.86446886446886, "process_util_available": true, "process_util_backend": "nvml", "process_sm_util_percent": 12.0, "process_mem_util_percent": 1.0}
{"timestamp_unix": 1772436593.8933988, "pid": 77184, "device_index": 0, "gpu_uuid": "GPU-6f954bfd-7081-31b7-f15c-f9a174bf4d7f", "gpu_util_percent": 16.0, "gpu_mem_util_percent": 1.0, "gpu_mem_used_mib": 14733.0, "gpu_mem_total_mib": 49140.0, "gpu_power_w": 89.73, "process_present": true, "process_mem_mib": 14244.0, "process_mem_share_percent": 28.98656898656899, "process_util_available": true, "process_util_backend": "nvml", "process_sm_util_percent": 20.0, "process_mem_util_percent": 2.0}
{"timestamp_unix": 1772436594.2005854, "pid": 77184, "device_index": 0, "gpu_uuid": "GPU-6f954bfd-7081-31b7-f15c-f9a174bf4d7f", "gpu_util_percent": 16.0, "gpu_mem_util_percent": 1.0, "gpu_mem_used_mib": 14733.0, "gpu_mem_total_mib": 49140.0, "gpu_power_w": 89.73, "process_present": true, "process_mem_mib": 14244.0, "process_mem_share_percent": 28.98656898656899, "process_util_available": true, "process_util_backend": "nvml", "process_sm_util_percent": 25.0, "process_mem_util_percent": 2.0}
{"timestamp_unix": 1772436594.4886544, "pid": 77184, "device_index": 0, "gpu_uuid": "GPU-6f954bfd-7081-31b7-f15c-f9a174bf4d7f", "gpu_util_percent": 16.0, "gpu_mem_util_percent": 1.0, "gpu_mem_used_mib": 14733.0, "gpu_mem_total_mib": 49140.0, "gpu_power_w": 90.31, "process_present": true, "process_mem_mib": 14244.0, "process_mem_share_percent": 28.98656898656899, "process_util_available": true, "process_util_backend": "nvml", "process_sm_util_percent": 25.0, "process_mem_util_percent": 2.0}
{"timestamp_unix": 1772436594.7772892, "pid": 77184, "device_index": 0, "gpu_uuid": "GPU-6f954bfd-7081-31b7-f15c-f9a174bf4d7f", "gpu_util_percent": 16.0, "gpu_mem_util_percent": 1.0, "gpu_mem_used_mib": 14733.0, "gpu_mem_total_mib": 49140.0, "gpu_power_w": 90.31, "process_present": true, "process_mem_mib": 14244.0, "process_mem_share_percent": 28.98656898656899, "process_util_available": true, "process_util_backend": "nvml", "process_sm_util_percent": 25.0, "process_mem_util_percent": 2.0}
{"timestamp_unix": 1772436595.0692692, "pid": 77184, "device_index": 0, "gpu_uuid": "GPU-6f954bfd-7081-31b7-f15c-f9a174bf4d7f", "gpu_util_percent": 24.0, "gpu_mem_util_percent": 3.0, "gpu_mem_used_mib": 14733.0, "gpu_mem_total_mib": 49140.0, "gpu_power_w": 91.74, "process_present": true, "process_mem_mib": 14244.0, "process_mem_share_percent": 28.98656898656899, "process_util_available": true, "process_util_backend": "nvml", "process_sm_util_percent": 27.0, "process_mem_util_percent": 2.0}
{"timestamp_unix": 1772436595.3577118, "pid": 77184, "device_index": 0, "gpu_uuid": "GPU-6f954bfd-7081-31b7-f15c-f9a174bf4d7f", "gpu_util_percent": 24.0, "gpu_mem_util_percent": 3.0, "gpu_mem_used_mib": 14733.0, "gpu_mem_total_mib": 49140.0, "gpu_power_w": 92.43, "process_present": true, "process_mem_mib": 14244.0, "process_mem_share_percent": 28.98656898656899, "process_util_available": true, "process_util_backend": "nvml", "process_sm_util_percent": 24.0, "process_mem_util_percent": 2.0}
{"timestamp_unix": 1772436595.6543689, "pid": 77184, "device_index": 0, "gpu_uuid": "GPU-6f954bfd-7081-31b7-f15c-f9a174bf4d7f", "gpu_util_percent": 24.0, "gpu_mem_util_percent": 3.0, "gpu_mem_used_mib": 14733.0, "gpu_mem_total_mib": 49140.0, "gpu_power_w": 92.43, "process_present": true, "process_mem_mib": 14244.0, "process_mem_share_percent": 28.98656898656899, "process_util_available": true, "process_util_backend": "nvml", "process_sm_util_percent": 23.0, "process_mem_util_percent": 2.0}
{"timestamp_unix": 1772436595.9427118, "pid": 77184, "device_index": 0, "gpu_uuid": "GPU-6f954bfd-7081-31b7-f15c-f9a174bf4d7f", "gpu_util_percent": 23.0, "gpu_mem_util_percent": 2.0, "gpu_mem_used_mib": 14733.0, "gpu_mem_total_mib": 49140.0, "gpu_power_w": 92.26, "process_present": true, "process_mem_mib": 14244.0, "process_mem_share_percent": 28.98656898656899, "process_util_available": true, "process_util_backend": "nvml", "process_sm_util_percent": 23.0, "process_mem_util_percent": 2.0}
{"timestamp_unix": 1772436596.2501225, "pid": 77184, "device_index": 0, "gpu_uuid": "GPU-6f954bfd-7081-31b7-f15c-f9a174bf4d7f", "gpu_util_percent": 23.0, "gpu_mem_util_percent": 2.0, "gpu_mem_used_mib": 14740.0, "gpu_mem_total_mib": 49140.0, "gpu_power_w": 92.26, "process_present": true, "process_mem_mib": 14244.0, "process_mem_share_percent": 28.98656898656899, "process_util_available": true, "process_util_backend": "nvml", "process_sm_util_percent": 25.0, "process_mem_util_percent": 2.0}
{"timestamp_unix": 1772436596.5495675, "pid": 77184, "device_index": 0, "gpu_uuid": "GPU-6f954bfd-7081-31b7-f15c-f9a174bf4d7f", "gpu_util_percent": 23.0, "gpu_mem_util_percent": 2.0, "gpu_mem_used_mib": 14740.0, "gpu_mem_total_mib": 49140.0, "gpu_power_w": 92.04, "process_present": true, "process_mem_mib": 14244.0, "process_mem_share_percent": 28.98656898656899, "process_util_available": true, "process_util_backend": "nvml", "process_sm_util_percent": 23.0, "process_mem_util_percent": 2.0}
{"timestamp_unix": 1772436596.8499706, "pid": 77184, "device_index": 0, "gpu_uuid": "GPU-6f954bfd-7081-31b7-f15c-f9a174bf4d7f", "gpu_util_percent": 24.0, "gpu_mem_util_percent": 3.0, "gpu_mem_used_mib": 14740.0, "gpu_mem_total_mib": 49140.0, "gpu_power_w": 91.96, "process_present": true, "process_mem_mib": 14244.0, "process_mem_share_percent": 28.98656898656899, "process_util_available": true, "process_util_backend": "nvml", "process_sm_util_percent": 23.0, "process_mem_util_percent": 2.0}
{"timestamp_unix": 1772436597.1397474, "pid": 77184, "device_index": 0, "gpu_uuid": "GPU-6f954bfd-7081-31b7-f15c-f9a174bf4d7f", "gpu_util_percent": 24.0, "gpu_mem_util_percent": 3.0, "gpu_mem_used_mib": 14740.0, "gpu_mem_total_mib": 49140.0, "gpu_power_w": 91.96, "process_present": true, "process_mem_mib": 14244.0, "process_mem_share_percent": 28.98656898656899, "process_util_available": true, "process_util_backend": "nvml", "process_sm_util_percent": 23.0, "process_mem_util_percent": 2.0}
{"timestamp_unix": 1772436597.4298885, "pid": 77184, "device_index": 0, "gpu_uuid": "GPU-6f954bfd-7081-31b7-f15c-f9a174bf4d7f", "gpu_util_percent": 24.0, "gpu_mem_util_percent": 3.0, "gpu_mem_used_mib": 14740.0, "gpu_mem_total_mib": 49140.0, "gpu_power_w": 92.0, "process_present": true, "process_mem_mib": 14244.0, "process_mem_share_percent": 28.98656898656899, "process_util_available": true, "process_util_backend": "nvml", "process_sm_util_percent": 25.0, "process_mem_util_percent": 2.0}
{"timestamp_unix": 1772436597.7184339, "pid": 77184, "device_index": 0, "gpu_uuid": "GPU-6f954bfd-7081-31b7-f15c-f9a174bf4d7f", "gpu_util_percent": 24.0, "gpu_mem_util_percent": 3.0, "gpu_mem_used_mib": 14740.0, "gpu_mem_total_mib": 49140.0, "gpu_power_w": 92.0, "process_present": true, "process_mem_mib": 14244.0, "process_mem_share_percent": 28.98656898656899, "process_util_available": true, "process_util_backend": "nvml", "process_sm_util_percent": 23.0, "process_mem_util_percent": 2.0}
{"timestamp_unix": 1772436598.0071576, "pid": 77184, "device_index": 0, "gpu_uuid": "GPU-6f954bfd-7081-31b7-f15c-f9a174bf4d7f", "gpu_util_percent": 24.0, "gpu_mem_util_percent": 2.0, "gpu_mem_used_mib": 14740.0, "gpu_mem_total_mib": 49140.0, "gpu_power_w": 91.97, "process_present": true, "process_mem_mib": 14244.0, "process_mem_share_percent": 28.98656898656899, "process_util_available": true, "process_util_backend": "nvml", "process_sm_util_percent": 23.0, "process_mem_util_percent": 2.0}
{"timestamp_unix": 1772436598.2981164, "pid": 77184, "device_index": 0, "gpu_uuid": "GPU-6f954bfd-7081-31b7-f15c-f9a174bf4d7f", "gpu_util_percent": 24.0, "gpu_mem_util_percent": 2.0, "gpu_mem_used_mib": 14740.0, "gpu_mem_total_mib": 49140.0, "gpu_power_w": 91.92, "process_present": true, "process_mem_mib": 14244.0, "process_mem_share_percent": 28.98656898656899, "process_util_available": true, "process_util_backend": "nvml", "process_sm_util_percent": 25.0, "process_mem_util_percent": 2.0}
{"timestamp_unix": 1772436598.5938344, "pid": 77184, "device_index": 0, "gpu_uuid": "GPU-6f954bfd-7081-31b7-f15c-f9a174bf4d7f", "gpu_util_percent": 24.0, "gpu_mem_util_percent": 2.0, "gpu_mem_used_mib": 14740.0, "gpu_mem_total_mib": 49140.0, "gpu_power_w": 91.92, "process_present": true, "process_mem_mib": 14244.0, "process_mem_share_percent": 28.98656898656899, "process_util_available": true, "process_util_backend": "nvml", "process_sm_util_percent": 21.0, "process_mem_util_percent": 2.0}
{"timestamp_unix": 1772436598.8999035, "pid": 77184, "device_index": 0, "gpu_uuid": "GPU-6f954bfd-7081-31b7-f15c-f9a174bf4d7f", "gpu_util_percent": 22.0, "gpu_mem_util_percent": 3.0, "gpu_mem_used_mib": 14740.0, "gpu_mem_total_mib": 49140.0, "gpu_power_w": 91.49, "process_present": true, "process_mem_mib": 14244.0, "process_mem_share_percent": 28.98656898656899, "process_util_available": true, "process_util_backend": "nvml", "process_sm_util_percent": 22.0, "process_mem_util_percent": 2.0}
{"timestamp_unix": 1772436599.2017565, "pid": 77184, "device_index": 0, "gpu_uuid": "GPU-6f954bfd-7081-31b7-f15c-f9a174bf4d7f", "gpu_util_percent": 22.0, "gpu_mem_util_percent": 3.0, "gpu_mem_used_mib": 14740.0, "gpu_mem_total_mib": 49140.0, "gpu_power_w": 91.49, "process_present": true, "process_mem_mib": 14244.0, "process_mem_share_percent": 28.98656898656899, "process_util_available": true, "process_util_backend": "nvml", "process_sm_util_percent": 21.0, "process_mem_util_percent": 2.0}
{"timestamp_unix": 1772436599.49949, "pid": 77184, "device_index": 0, "gpu_uuid": "GPU-6f954bfd-7081-31b7-f15c-f9a174bf4d7f", "gpu_util_percent": 22.0, "gpu_mem_util_percent": 3.0, "gpu_mem_used_mib": 14740.0, "gpu_mem_total_mib": 49140.0, "gpu_power_w": 91.42, "process_present": true, "process_mem_mib": 14244.0, "process_mem_share_percent": 28.98656898656899, "process_util_available": true, "process_util_backend": "nvml", "process_sm_util_percent": 18.0, "process_mem_util_percent": 3.0}
{"timestamp_unix": 1772436599.8000605, "pid": 77184, "device_index": 0, "gpu_uuid": "GPU-6f954bfd-7081-31b7-f15c-f9a174bf4d7f", "gpu_util_percent": 22.0, "gpu_mem_util_percent": 3.0, "gpu_mem_used_mib": 14740.0, "gpu_mem_total_mib": 49140.0, "gpu_power_w": 91.42, "process_present": true, "process_mem_mib": 14244.0, "process_mem_share_percent": 28.98656898656899, "process_util_available": true, "process_util_backend": "nvml", "process_sm_util_percent": 20.0, "process_mem_util_percent": 3.0}
{"timestamp_unix": 1772436600.0922709, "pid": 77184, "device_index": 0, "gpu_uuid": "GPU-6f954bfd-7081-31b7-f15c-f9a174bf4d7f", "gpu_util_percent": 21.0, "gpu_mem_util_percent": 3.0, "gpu_mem_used_mib": 14740.0, "gpu_mem_total_mib": 49140.0, "gpu_power_w": 91.74, "process_present": true, "process_mem_mib": 14244.0, "process_mem_share_percent": 28.98656898656899, "process_util_available": true, "process_util_backend": "nvml", "process_sm_util_percent": 19.0, "process_mem_util_percent": 3.0}
{"timestamp_unix": 1772436600.383821, "pid": 77184, "device_index": 0, "gpu_uuid": "GPU-6f954bfd-7081-31b7-f15c-f9a174bf4d7f", "gpu_util_percent": 21.0, "gpu_mem_util_percent": 3.0, "gpu_mem_used_mib": 14741.0, "gpu_mem_total_mib": 49140.0, "gpu_power_w": 91.99, "process_present": true, "process_mem_mib": 14244.0, "process_mem_share_percent": 28.98656898656899, "process_util_available": true, "process_util_backend": "nvml", "process_sm_util_percent": 19.0, "process_mem_util_percent": 3.0}
{"timestamp_unix": 1772436600.6718888, "pid": 77184, "device_index": 0, "gpu_uuid": "GPU-6f954bfd-7081-31b7-f15c-f9a174bf4d7f", "gpu_util_percent": 21.0, "gpu_mem_util_percent": 3.0, "gpu_mem_used_mib": 14741.0, "gpu_mem_total_mib": 49140.0, "gpu_power_w": 91.99, "process_present": true, "process_mem_mib": 14244.0, "process_mem_share_percent": 28.98656898656899, "process_util_available": true, "process_util_backend": "nvml", "process_sm_util_percent": 18.0, "process_mem_util_percent": 3.0}
{"timestamp_unix": 1772436600.9592078, "pid": 77184, "device_index": 0, "gpu_uuid": "GPU-6f954bfd-7081-31b7-f15c-f9a174bf4d7f", "gpu_util_percent": 19.0, "gpu_mem_util_percent": 4.0, "gpu_mem_used_mib": 15281.0, "gpu_mem_total_mib": 49140.0, "gpu_power_w": 92.34, "process_present": true, "process_mem_mib": 14964.0, "process_mem_share_percent": 30.45177045177045, "process_util_available": true, "process_util_backend": "nvml", "process_sm_util_percent": 19.0, "process_mem_util_percent": 3.0}
{"timestamp_unix": 1772436601.2515721, "pid": 77184, "device_index": 0, "gpu_uuid": "GPU-6f954bfd-7081-31b7-f15c-f9a174bf4d7f", "gpu_util_percent": 19.0, "gpu_mem_util_percent": 4.0, "gpu_mem_used_mib": 16441.0, "gpu_mem_total_mib": 49140.0, "gpu_power_w": 92.34, "process_present": true, "process_mem_mib": 16104.0, "process_mem_share_percent": 32.77167277167277, "process_util_available": true, "process_util_backend": "nvml", "process_sm_util_percent": 21.0, "process_mem_util_percent": 3.0}
{"timestamp_unix": 1772436601.5411317, "pid": 77184, "device_index": 0, "gpu_uuid": "GPU-6f954bfd-7081-31b7-f15c-f9a174bf4d7f", "gpu_util_percent": 19.0, "gpu_mem_util_percent": 4.0, "gpu_mem_used_mib": 17581.0, "gpu_mem_total_mib": 49140.0, "gpu_power_w": 92.39, "process_present": true, "process_mem_mib": 17224.0, "process_mem_share_percent": 35.05087505087505, "process_util_available": true, "process_util_backend": "nvml", "process_sm_util_percent": 20.0, "process_mem_util_percent": 3.0}
{"timestamp_unix": 1772436601.845887, "pid": 77184, "device_index": 0, "gpu_uuid": "GPU-6f954bfd-7081-31b7-f15c-f9a174bf4d7f", "gpu_util_percent": 16.0, "gpu_mem_util_percent": 2.0, "gpu_mem_used_mib": 17941.0, "gpu_mem_total_mib": 49140.0, "gpu_power_w": 91.7, "process_present": true, "process_mem_mib": 17444.0, "process_mem_share_percent": 35.4985754985755, "process_util_available": true, "process_util_backend": "nvml", "process_sm_util_percent": 11.0, "process_mem_util_percent": 1.0}
{"timestamp_unix": 1772436602.1631873, "pid": 77184, "device_index": 0, "gpu_uuid": "GPU-6f954bfd-7081-31b7-f15c-f9a174bf4d7f", "gpu_util_percent": 16.0, "gpu_mem_util_percent": 2.0, "gpu_mem_used_mib": 17981.0, "gpu_mem_total_mib": 49140.0, "gpu_power_w": 91.7, "process_present": true, "process_mem_mib": 17484.0, "process_mem_share_percent": 35.57997557997558, "process_util_available": true, "process_util_backend": "nvml", "process_sm_util_percent": 21.0, "process_mem_util_percent": 2.0}
{"timestamp_unix": 1772436602.4654517, "pid": 77184, "device_index": 0, "gpu_uuid": "GPU-6f954bfd-7081-31b7-f15c-f9a174bf4d7f", "gpu_util_percent": 16.0, "gpu_mem_util_percent": 2.0, "gpu_mem_used_mib": 17981.0, "gpu_mem_total_mib": 49140.0, "gpu_power_w": 90.31, "process_present": true, "process_mem_mib": 17484.0, "process_mem_share_percent": 35.57997557997558, "process_util_available": true, "process_util_backend": "nvml", "process_sm_util_percent": 24.0, "process_mem_util_percent": 3.0}
{"timestamp_unix": 1772436602.7552586, "pid": 77184, "device_index": 0, "gpu_uuid": "GPU-6f954bfd-7081-31b7-f15c-f9a174bf4d7f", "gpu_util_percent": 16.0, "gpu_mem_util_percent": 2.0, "gpu_mem_used_mib": 17981.0, "gpu_mem_total_mib": 49140.0, "gpu_power_w": 90.31, "process_present": true, "process_mem_mib": 17484.0, "process_mem_share_percent": 35.57997557997558, "process_util_available": true, "process_util_backend": "nvml", "process_sm_util_percent": 24.0, "process_mem_util_percent": 3.0}
{"timestamp_unix": 1772436603.0454085, "pid": 77184, "device_index": 0, "gpu_uuid": "GPU-6f954bfd-7081-31b7-f15c-f9a174bf4d7f", "gpu_util_percent": 25.0, "gpu_mem_util_percent": 3.0, "gpu_mem_used_mib": 17981.0, "gpu_mem_total_mib": 49140.0, "gpu_power_w": 90.67, "process_present": true, "process_mem_mib": 17484.0, "process_mem_share_percent": 35.57997557997558, "process_util_available": true, "process_util_backend": "nvml", "process_sm_util_percent": 24.0, "process_mem_util_percent": 3.0}
{"timestamp_unix": 1772436603.3362064, "pid": 77184, "device_index": 0, "gpu_uuid": "GPU-6f954bfd-7081-31b7-f15c-f9a174bf4d7f", "gpu_util_percent": 25.0, "gpu_mem_util_percent": 3.0, "gpu_mem_used_mib": 17981.0, "gpu_mem_total_mib": 49140.0, "gpu_power_w": 92.77, "process_present": true, "process_mem_mib": 17484.0, "process_mem_share_percent": 35.57997557997558, "process_util_available": true, "process_util_backend": "nvml", "process_sm_util_percent": 24.0, "process_mem_util_percent": 3.0}
{"timestamp_unix": 1772436603.6301734, "pid": 77184, "device_index": 0, "gpu_uuid": "GPU-6f954bfd-7081-31b7-f15c-f9a174bf4d7f", "gpu_util_percent": 25.0, "gpu_mem_util_percent": 3.0, "gpu_mem_used_mib": 17981.0, "gpu_mem_total_mib": 49140.0, "gpu_power_w": 92.77, "process_present": true, "process_mem_mib": 17484.0, "process_mem_share_percent": 35.57997557997558, "process_util_available": true, "process_util_backend": "nvml", "process_sm_util_percent": 24.0, "process_mem_util_percent": 2.0}
{"timestamp_unix": 1772436603.9178753, "pid": 77184, "device_index": 0, "gpu_uuid": "GPU-6f954bfd-7081-31b7-f15c-f9a174bf4d7f", "gpu_util_percent": 25.0, "gpu_mem_util_percent": 3.0, "gpu_mem_used_mib": 17981.0, "gpu_mem_total_mib": 49140.0, "gpu_power_w": 92.61, "process_present": true, "process_mem_mib": 17484.0, "process_mem_share_percent": 35.57997557997558, "process_util_available": true, "process_util_backend": "nvml", "process_sm_util_percent": 24.0, "process_mem_util_percent": 2.0}
{"timestamp_unix": 1772436604.207521, "pid": 77184, "device_index": 0, "gpu_uuid": "GPU-6f954bfd-7081-31b7-f15c-f9a174bf4d7f", "gpu_util_percent": 25.0, "gpu_mem_util_percent": 3.0, "gpu_mem_used_mib": 17981.0, "gpu_mem_total_mib": 49140.0, "gpu_power_w": 92.61, "process_present": true, "process_mem_mib": 17484.0, "process_mem_share_percent": 35.57997557997558, "process_util_available": true, "process_util_backend": "nvml", "process_sm_util_percent": 25.0, "process_mem_util_percent": 3.0}
{"timestamp_unix": 1772436604.5122015, "pid": 77184, "device_index": 0, "gpu_uuid": "GPU-6f954bfd-7081-31b7-f15c-f9a174bf4d7f", "gpu_util_percent": 25.0, "gpu_mem_util_percent": 3.0, "gpu_mem_used_mib": 17981.0, "gpu_mem_total_mib": 49140.0, "gpu_power_w": 92.56, "process_present": true, "process_mem_mib": 17484.0, "process_mem_share_percent": 35.57997557997558, "process_util_available": true, "process_util_backend": "nvml", "process_sm_util_percent": 24.0, "process_mem_util_percent": 2.0}
{"timestamp_unix": 1772436604.8142967, "pid": 77184, "device_index": 0, "gpu_uuid": "GPU-6f954bfd-7081-31b7-f15c-f9a174bf4d7f", "gpu_util_percent": 25.0, "gpu_mem_util_percent": 3.0, "gpu_mem_used_mib": 17981.0, "gpu_mem_total_mib": 49140.0, "gpu_power_w": 92.58, "process_present": true, "process_mem_mib": 17484.0, "process_mem_share_percent": 35.57997557997558, "process_util_available": true, "process_util_backend": "nvml", "process_sm_util_percent": 24.0, "process_mem_util_percent": 2.0}
{"timestamp_unix": 1772436605.1161096, "pid": 77184, "device_index": 0, "gpu_uuid": "GPU-6f954bfd-7081-31b7-f15c-f9a174bf4d7f", "gpu_util_percent": 25.0, "gpu_mem_util_percent": 3.0, "gpu_mem_used_mib": 17981.0, "gpu_mem_total_mib": 49140.0, "gpu_power_w": 92.58, "process_present": true, "process_mem_mib": 17484.0, "process_mem_share_percent": 35.57997557997558, "process_util_available": true, "process_util_backend": "nvml", "process_sm_util_percent": 24.0, "process_mem_util_percent": 2.0}
{"timestamp_unix": 1772436605.40599, "pid": 77184, "device_index": 0, "gpu_uuid": "GPU-6f954bfd-7081-31b7-f15c-f9a174bf4d7f", "gpu_util_percent": 25.0, "gpu_mem_util_percent": 3.0, "gpu_mem_used_mib": 17980.0, "gpu_mem_total_mib": 49140.0, "gpu_power_w": 92.59, "process_present": true, "process_mem_mib": 17484.0, "process_mem_share_percent": 35.57997557997558, "process_util_available": true, "process_util_backend": "nvml", "process_sm_util_percent": 24.0, "process_mem_util_percent": 2.0}
{"timestamp_unix": 1772436605.6985672, "pid": 77184, "device_index": 0, "gpu_uuid": "GPU-6f954bfd-7081-31b7-f15c-f9a174bf4d7f", "gpu_util_percent": 25.0, "gpu_mem_util_percent": 3.0, "gpu_mem_used_mib": 17980.0, "gpu_mem_total_mib": 49140.0, "gpu_power_w": 92.59, "process_present": true, "process_mem_mib": 17484.0, "process_mem_share_percent": 35.57997557997558, "process_util_available": true, "process_util_backend": "nvml", "process_sm_util_percent": 23.0, "process_mem_util_percent": 2.0}
{"timestamp_unix": 1772436605.9881, "pid": 77184, "device_index": 0, "gpu_uuid": "GPU-6f954bfd-7081-31b7-f15c-f9a174bf4d7f", "gpu_util_percent": 25.0, "gpu_mem_util_percent": 3.0, "gpu_mem_used_mib": 17980.0, "gpu_mem_total_mib": 49140.0, "gpu_power_w": 92.52, "process_present": true, "process_mem_mib": 17484.0, "process_mem_share_percent": 35.57997557997558, "process_util_available": true, "process_util_backend": "nvml", "process_sm_util_percent": 24.0, "process_mem_util_percent": 2.0}
{"timestamp_unix": 1772436606.2775507, "pid": 77184, "device_index": 0, "gpu_uuid": "GPU-6f954bfd-7081-31b7-f15c-f9a174bf4d7f", "gpu_util_percent": 25.0, "gpu_mem_util_percent": 3.0, "gpu_mem_used_mib": 17979.0, "gpu_mem_total_mib": 49140.0, "gpu_power_w": 92.52, "process_present": true, "process_mem_mib": 17484.0, "process_mem_share_percent": 35.57997557997558, "process_util_available": true, "process_util_backend": "nvml", "process_sm_util_percent": 23.0, "process_mem_util_percent": 2.0}
{"timestamp_unix": 1772436606.5672822, "pid": 77184, "device_index": 0, "gpu_uuid": "GPU-6f954bfd-7081-31b7-f15c-f9a174bf4d7f", "gpu_util_percent": 25.0, "gpu_mem_util_percent": 3.0, "gpu_mem_used_mib": 17979.0, "gpu_mem_total_mib": 49140.0, "gpu_power_w": 92.34, "process_present": true, "process_mem_mib": 17484.0, "process_mem_share_percent": 35.57997557997558, "process_util_available": true, "process_util_backend": "nvml", "process_sm_util_percent": 23.0, "process_mem_util_percent": 2.0}
{"timestamp_unix": 1772436606.8585038, "pid": 77184, "device_index": 0, "gpu_uuid": "GPU-6f954bfd-7081-31b7-f15c-f9a174bf4d7f", "gpu_util_percent": 17.0, "gpu_mem_util_percent": 2.0, "gpu_mem_used_mib": 17979.0, "gpu_mem_total_mib": 49140.0, "gpu_power_w": 91.82, "process_present": true, "process_mem_mib": 17484.0, "process_mem_share_percent": 35.57997557997558, "process_util_available": true, "process_util_backend": "nvml", "process_sm_util_percent": 18.0, "process_mem_util_percent": 2.0}
{"timestamp_unix": 1772436607.1676917, "pid": 77184, "device_index": 0, "gpu_uuid": "GPU-6f954bfd-7081-31b7-f15c-f9a174bf4d7f", "gpu_util_percent": 17.0, "gpu_mem_util_percent": 2.0, "gpu_mem_used_mib": 17978.0, "gpu_mem_total_mib": 49140.0, "gpu_power_w": 91.82, "process_present": true, "process_mem_mib": 17484.0, "process_mem_share_percent": 35.57997557997558, "process_util_available": true, "process_util_backend": "nvml", "process_sm_util_percent": 22.0, "process_mem_util_percent": 3.0}
{"timestamp_unix": 1772436607.4677038, "pid": 77184, "device_index": 0, "gpu_uuid": "GPU-6f954bfd-7081-31b7-f15c-f9a174bf4d7f", "gpu_util_percent": 17.0, "gpu_mem_util_percent": 2.0, "gpu_mem_used_mib": 17978.0, "gpu_mem_total_mib": 49140.0, "gpu_power_w": 91.63, "process_present": true, "process_mem_mib": 17484.0, "process_mem_share_percent": 35.57997557997558, "process_util_available": true, "process_util_backend": "nvml", "process_sm_util_percent": null, "process_mem_util_percent": null}
{"timestamp_unix": 1772436607.7671146, "pid": 77184, "device_index": 0, "gpu_uuid": "GPU-6f954bfd-7081-31b7-f15c-f9a174bf4d7f", "gpu_util_percent": 17.0, "gpu_mem_util_percent": 2.0, "gpu_mem_used_mib": 17978.0, "gpu_mem_total_mib": 49140.0, "gpu_power_w": 91.63, "process_present": true, "process_mem_mib": 17484.0, "process_mem_share_percent": 35.57997557997558, "process_util_available": true, "process_util_backend": "nvml", "process_sm_util_percent": 11.0, "process_mem_util_percent": 1.0}
{"timestamp_unix": 1772436608.0560217, "pid": 77184, "device_index": 0, "gpu_uuid": "GPU-6f954bfd-7081-31b7-f15c-f9a174bf4d7f", "gpu_util_percent": 23.0, "gpu_mem_util_percent": 3.0, "gpu_mem_used_mib": 17979.0, "gpu_mem_total_mib": 49140.0, "gpu_power_w": 91.69, "process_present": true, "process_mem_mib": 17484.0, "process_mem_share_percent": 35.57997557997558, "process_util_available": true, "process_util_backend": "nvml", "process_sm_util_percent": null, "process_mem_util_percent": null}
{"timestamp_unix": 1772436608.3517737, "pid": 77184, "device_index": 0, "gpu_uuid": "GPU-6f954bfd-7081-31b7-f15c-f9a174bf4d7f", "gpu_util_percent": 23.0, "gpu_mem_util_percent": 3.0, "gpu_mem_used_mib": 17979.0, "gpu_mem_total_mib": 49140.0, "gpu_power_w": 92.49, "process_present": true, "process_mem_mib": 17484.0, "process_mem_share_percent": 35.57997557997558, "process_util_available": true, "process_util_backend": "nvml", "process_sm_util_percent": 22.0, "process_mem_util_percent": 3.0}
{"timestamp_unix": 1772436608.6433682, "pid": 77184, "device_index": 0, "gpu_uuid": "GPU-6f954bfd-7081-31b7-f15c-f9a174bf4d7f", "gpu_util_percent": 23.0, "gpu_mem_util_percent": 3.0, "gpu_mem_used_mib": 17979.0, "gpu_mem_total_mib": 49140.0, "gpu_power_w": 92.49, "process_present": true, "process_mem_mib": 17484.0, "process_mem_share_percent": 35.57997557997558, "process_util_available": true, "process_util_backend": "nvml", "process_sm_util_percent": 22.0, "process_mem_util_percent": 3.0}
{"timestamp_unix": 1772436608.9362571, "pid": 77184, "device_index": 0, "gpu_uuid": "GPU-6f954bfd-7081-31b7-f15c-f9a174bf4d7f", "gpu_util_percent": 23.0, "gpu_mem_util_percent": 3.0, "gpu_mem_used_mib": 17979.0, "gpu_mem_total_mib": 49140.0, "gpu_power_w": 92.55, "process_present": true, "process_mem_mib": 17484.0, "process_mem_share_percent": 35.57997557997558, "process_util_available": true, "process_util_backend": "nvml", "process_sm_util_percent": 22.0, "process_mem_util_percent": 3.0}
{"timestamp_unix": 1772436609.225546, "pid": 77184, "device_index": 0, "gpu_uuid": "GPU-6f954bfd-7081-31b7-f15c-f9a174bf4d7f", "gpu_util_percent": 23.0, "gpu_mem_util_percent": 3.0, "gpu_mem_used_mib": 17978.0, "gpu_mem_total_mib": 49140.0, "gpu_power_w": 92.55, "process_present": true, "process_mem_mib": 17564.0, "process_mem_share_percent": 35.74277574277575, "process_util_available": true, "process_util_backend": "nvml", "process_sm_util_percent": 22.0, "process_mem_util_percent": 3.0}
{"timestamp_unix": 1772436609.5171318, "pid": 77184, "device_index": 0, "gpu_uuid": "GPU-6f954bfd-7081-31b7-f15c-f9a174bf4d7f", "gpu_util_percent": 23.0, "gpu_mem_util_percent": 3.0, "gpu_mem_used_mib": 19198.0, "gpu_mem_total_mib": 49140.0, "gpu_power_w": 92.63, "process_present": true, "process_mem_mib": 18904.0, "process_mem_share_percent": 38.46967846967847, "process_util_available": true, "process_util_backend": "nvml", "process_sm_util_percent": 22.0, "process_mem_util_percent": 3.0}
{"timestamp_unix": 1772436609.812304, "pid": 77184, "device_index": 0, "gpu_uuid": "GPU-6f954bfd-7081-31b7-f15c-f9a174bf4d7f", "gpu_util_percent": 23.0, "gpu_mem_util_percent": 3.0, "gpu_mem_used_mib": 20418.0, "gpu_mem_total_mib": 49140.0, "gpu_power_w": 92.49, "process_present": true, "process_mem_mib": 20064.0, "process_mem_share_percent": 40.83028083028083, "process_util_available": true, "process_util_backend": "nvml", "process_sm_util_percent": 22.0, "process_mem_util_percent": 3.0}
{"timestamp_unix": 1772436610.1152167, "pid": 77184, "device_index": 0, "gpu_uuid": "GPU-6f954bfd-7081-31b7-f15c-f9a174bf4d7f", "gpu_util_percent": 23.0, "gpu_mem_util_percent": 3.0, "gpu_mem_used_mib": 21138.0, "gpu_mem_total_mib": 49140.0, "gpu_power_w": 92.49, "process_present": true, "process_mem_mib": 20644.0, "process_mem_share_percent": 42.01058201058201, "process_util_available": true, "process_util_backend": "nvml", "process_sm_util_percent": null, "process_mem_util_percent": null}
{"timestamp_unix": 1772436610.4143114, "pid": 77184, "device_index": 0, "gpu_uuid": "GPU-6f954bfd-7081-31b7-f15c-f9a174bf4d7f", "gpu_util_percent": 23.0, "gpu_mem_util_percent": 3.0, "gpu_mem_used_mib": 21198.0, "gpu_mem_total_mib": 49140.0, "gpu_power_w": 90.69, "process_present": true, "process_mem_mib": 20704.0, "process_mem_share_percent": 42.132682132682135, "process_util_available": true, "process_util_backend": "nvml", "process_sm_util_percent": 11.0, "process_mem_util_percent": 1.0}
{"timestamp_unix": 1772436610.705305, "pid": 77184, "device_index": 0, "gpu_uuid": "GPU-6f954bfd-7081-31b7-f15c-f9a174bf4d7f", "gpu_util_percent": 23.0, "gpu_mem_util_percent": 3.0, "gpu_mem_used_mib": 21198.0, "gpu_mem_total_mib": 49140.0, "gpu_power_w": 90.69, "process_present": true, "process_mem_mib": 20704.0, "process_mem_share_percent": 42.132682132682135, "process_util_available": true, "process_util_backend": "nvml", "process_sm_util_percent": 24.0, "process_mem_util_percent": 3.0}
{"timestamp_unix": 1772436610.9943783, "pid": 77184, "device_index": 0, "gpu_uuid": "GPU-6f954bfd-7081-31b7-f15c-f9a174bf4d7f", "gpu_util_percent": 27.0, "gpu_mem_util_percent": 4.0, "gpu_mem_used_mib": 21198.0, "gpu_mem_total_mib": 49140.0, "gpu_power_w": 90.68, "process_present": true, "process_mem_mib": 20704.0, "process_mem_share_percent": 42.132682132682135, "process_util_available": true, "process_util_backend": "nvml", "process_sm_util_percent": 26.0, "process_mem_util_percent": 3.0}
{"timestamp_unix": 1772436611.2846603, "pid": 77184, "device_index": 0, "gpu_uuid": "GPU-6f954bfd-7081-31b7-f15c-f9a174bf4d7f", "gpu_util_percent": 27.0, "gpu_mem_util_percent": 4.0, "gpu_mem_used_mib": 21193.0, "gpu_mem_total_mib": 49140.0, "gpu_power_w": 90.68, "process_present": true, "process_mem_mib": 20704.0, "process_mem_share_percent": 42.132682132682135, "process_util_available": true, "process_util_backend": "nvml", "process_sm_util_percent": 25.0, "process_mem_util_percent": 3.0}
{"timestamp_unix": 1772436611.574474, "pid": 77184, "device_index": 0, "gpu_uuid": "GPU-6f954bfd-7081-31b7-f15c-f9a174bf4d7f", "gpu_util_percent": 27.0, "gpu_mem_util_percent": 4.0, "gpu_mem_used_mib": 21193.0, "gpu_mem_total_mib": 49140.0, "gpu_power_w": 92.17, "process_present": true, "process_mem_mib": 20704.0, "process_mem_share_percent": 42.132682132682135, "process_util_available": true, "process_util_backend": "nvml", "process_sm_util_percent": 25.0, "process_mem_util_percent": 3.0}
{"timestamp_unix": 1772436611.8656888, "pid": 77184, "device_index": 0, "gpu_uuid": "GPU-6f954bfd-7081-31b7-f15c-f9a174bf4d7f", "gpu_util_percent": 26.0, "gpu_mem_util_percent": 4.0, "gpu_mem_used_mib": 21193.0, "gpu_mem_total_mib": 49140.0, "gpu_power_w": 93.56, "process_present": true, "process_mem_mib": 20704.0, "process_mem_share_percent": 42.132682132682135, "process_util_available": true, "process_util_backend": "nvml", "process_sm_util_percent": 25.0, "process_mem_util_percent": 3.0}
{"timestamp_unix": 1772436612.1551414, "pid": 77184, "device_index": 0, "gpu_uuid": "GPU-6f954bfd-7081-31b7-f15c-f9a174bf4d7f", "gpu_util_percent": 26.0, "gpu_mem_util_percent": 4.0, "gpu_mem_used_mib": 21193.0, "gpu_mem_total_mib": 49140.0, "gpu_power_w": 93.56, "process_present": true, "process_mem_mib": 20704.0, "process_mem_share_percent": 42.132682132682135, "process_util_available": true, "process_util_backend": "nvml", "process_sm_util_percent": 26.0, "process_mem_util_percent": 3.0}
{"timestamp_unix": 1772436612.4477694, "pid": 77184, "device_index": 0, "gpu_uuid": "GPU-6f954bfd-7081-31b7-f15c-f9a174bf4d7f", "gpu_util_percent": 26.0, "gpu_mem_util_percent": 4.0, "gpu_mem_used_mib": 21193.0, "gpu_mem_total_mib": 49140.0, "gpu_power_w": 93.51, "process_present": true, "process_mem_mib": 20704.0, "process_mem_share_percent": 42.132682132682135, "process_util_available": true, "process_util_backend": "nvml", "process_sm_util_percent": 26.0, "process_mem_util_percent": 3.0}
{"timestamp_unix": 1772436612.7500265, "pid": 77184, "device_index": 0, "gpu_uuid": "GPU-6f954bfd-7081-31b7-f15c-f9a174bf4d7f", "gpu_util_percent": 26.0, "gpu_mem_util_percent": 4.0, "gpu_mem_used_mib": 21193.0, "gpu_mem_total_mib": 49140.0, "gpu_power_w": 93.51, "process_present": true, "process_mem_mib": 20704.0, "process_mem_share_percent": 42.132682132682135, "process_util_available": true, "process_util_backend": "nvml", "process_sm_util_percent": 26.0, "process_mem_util_percent": 3.0}
{"timestamp_unix": 1772436613.0487156, "pid": 77184, "device_index": 0, "gpu_uuid": "GPU-6f954bfd-7081-31b7-f15c-f9a174bf4d7f", "gpu_util_percent": 27.0, "gpu_mem_util_percent": 3.0, "gpu_mem_used_mib": 21191.0, "gpu_mem_total_mib": 49140.0, "gpu_power_w": 93.41, "process_present": true, "process_mem_mib": 20704.0, "process_mem_share_percent": 42.132682132682135, "process_util_available": true, "process_util_backend": "nvml", "process_sm_util_percent": 26.0, "process_mem_util_percent": 3.0}
{"timestamp_unix": 1772436613.3505628, "pid": 77184, "device_index": 0, "gpu_uuid": "GPU-6f954bfd-7081-31b7-f15c-f9a174bf4d7f", "gpu_util_percent": 27.0, "gpu_mem_util_percent": 3.0, "gpu_mem_used_mib": 21191.0, "gpu_mem_total_mib": 49140.0, "gpu_power_w": 93.34, "process_present": true, "process_mem_mib": 20704.0, "process_mem_share_percent": 42.132682132682135, "process_util_available": true, "process_util_backend": "nvml", "process_sm_util_percent": 25.0, "process_mem_util_percent": 3.0}
{"timestamp_unix": 1772436613.641518, "pid": 77184, "device_index": 0, "gpu_uuid": "GPU-6f954bfd-7081-31b7-f15c-f9a174bf4d7f", "gpu_util_percent": 27.0, "gpu_mem_util_percent": 3.0, "gpu_mem_used_mib": 21191.0, "gpu_mem_total_mib": 49140.0, "gpu_power_w": 93.34, "process_present": true, "process_mem_mib": 20704.0, "process_mem_share_percent": 42.132682132682135, "process_util_available": true, "process_util_backend": "nvml", "process_sm_util_percent": 26.0, "process_mem_util_percent": 3.0}
{"timestamp_unix": 1772436613.9339488, "pid": 77184, "device_index": 0, "gpu_uuid": "GPU-6f954bfd-7081-31b7-f15c-f9a174bf4d7f", "gpu_util_percent": 26.0, "gpu_mem_util_percent": 3.0, "gpu_mem_used_mib": 21191.0, "gpu_mem_total_mib": 49140.0, "gpu_power_w": 93.25, "process_present": true, "process_mem_mib": 20704.0, "process_mem_share_percent": 42.132682132682135, "process_util_available": true, "process_util_backend": "nvml", "process_sm_util_percent": 25.0, "process_mem_util_percent": 3.0}
{"timestamp_unix": 1772436614.2239897, "pid": 77184, "device_index": 0, "gpu_uuid": "GPU-6f954bfd-7081-31b7-f15c-f9a174bf4d7f", "gpu_util_percent": 26.0, "gpu_mem_util_percent": 3.0, "gpu_mem_used_mib": 21191.0, "gpu_mem_total_mib": 49140.0, "gpu_power_w": 93.25, "process_present": true, "process_mem_mib": 20704.0, "process_mem_share_percent": 42.132682132682135, "process_util_available": true, "process_util_backend": "nvml", "process_sm_util_percent": 25.0, "process_mem_util_percent": 3.0}
{"timestamp_unix": 1772436614.5170546, "pid": 77184, "device_index": 0, "gpu_uuid": "GPU-6f954bfd-7081-31b7-f15c-f9a174bf4d7f", "gpu_util_percent": 26.0, "gpu_mem_util_percent": 3.0, "gpu_mem_used_mib": 21191.0, "gpu_mem_total_mib": 49140.0, "gpu_power_w": 93.16, "process_present": true, "process_mem_mib": 20704.0, "process_mem_share_percent": 42.132682132682135, "process_util_available": true, "process_util_backend": "nvml", "process_sm_util_percent": 25.0, "process_mem_util_percent": 3.0}
{"timestamp_unix": 1772436614.8046515, "pid": 77184, "device_index": 0, "gpu_uuid": "GPU-6f954bfd-7081-31b7-f15c-f9a174bf4d7f", "gpu_util_percent": 27.0, "gpu_mem_util_percent": 3.0, "gpu_mem_used_mib": 21191.0, "gpu_mem_total_mib": 49140.0, "gpu_power_w": 93.03, "process_present": true, "process_mem_mib": 20704.0, "process_mem_share_percent": 42.132682132682135, "process_util_available": true, "process_util_backend": "nvml", "process_sm_util_percent": 25.0, "process_mem_util_percent": 3.0}
{"timestamp_unix": 1772436615.0962455, "pid": 77184, "device_index": 0, "gpu_uuid": "GPU-6f954bfd-7081-31b7-f15c-f9a174bf4d7f", "gpu_util_percent": 27.0, "gpu_mem_util_percent": 3.0, "gpu_mem_used_mib": 21191.0, "gpu_mem_total_mib": 49140.0, "gpu_power_w": 93.03, "process_present": true, "process_mem_mib": 20704.0, "process_mem_share_percent": 42.132682132682135, "process_util_available": true, "process_util_backend": "nvml", "process_sm_util_percent": 26.0, "process_mem_util_percent": 3.0}
{"timestamp_unix": 1772436615.4045243, "pid": 77184, "device_index": 0, "gpu_uuid": "GPU-6f954bfd-7081-31b7-f15c-f9a174bf4d7f", "gpu_util_percent": 27.0, "gpu_mem_util_percent": 3.0, "gpu_mem_used_mib": 21191.0, "gpu_mem_total_mib": 49140.0, "gpu_power_w": 92.07, "process_present": true, "process_mem_mib": 20704.0, "process_mem_share_percent": 42.132682132682135, "process_util_available": true, "process_util_backend": "nvml", "process_sm_util_percent": 21.0, "process_mem_util_percent": 2.0}
{"timestamp_unix": 1772436615.7122667, "pid": 77184, "device_index": 0, "gpu_uuid": "GPU-6f954bfd-7081-31b7-f15c-f9a174bf4d7f", "gpu_util_percent": 27.0, "gpu_mem_util_percent": 3.0, "gpu_mem_used_mib": 21191.0, "gpu_mem_total_mib": 49140.0, "gpu_power_w": 92.07, "process_present": true, "process_mem_mib": 20704.0, "process_mem_share_percent": 42.132682132682135, "process_util_available": true, "process_util_backend": "nvml", "process_sm_util_percent": 24.0, "process_mem_util_percent": 3.0}
{"timestamp_unix": 1772436616.020474, "pid": 77184, "device_index": 0, "gpu_uuid": "GPU-6f954bfd-7081-31b7-f15c-f9a174bf4d7f", "gpu_util_percent": 26.0, "gpu_mem_util_percent": 4.0, "gpu_mem_used_mib": 21191.0, "gpu_mem_total_mib": 49140.0, "gpu_power_w": 91.89, "process_present": true, "process_mem_mib": 20704.0, "process_mem_share_percent": 42.132682132682135, "process_util_available": true, "process_util_backend": "nvml", "process_sm_util_percent": 24.0, "process_mem_util_percent": 3.0}
{"timestamp_unix": 1772436616.310481, "pid": 77184, "device_index": 0, "gpu_uuid": "GPU-6f954bfd-7081-31b7-f15c-f9a174bf4d7f", "gpu_util_percent": 26.0, "gpu_mem_util_percent": 4.0, "gpu_mem_used_mib": 21191.0, "gpu_mem_total_mib": 49140.0, "gpu_power_w": 92.64, "process_present": true, "process_mem_mib": 20704.0, "process_mem_share_percent": 42.132682132682135, "process_util_available": true, "process_util_backend": "nvml", "process_sm_util_percent": 24.0, "process_mem_util_percent": 3.0}
{"timestamp_unix": 1772436616.6083632, "pid": 77184, "device_index": 0, "gpu_uuid": "GPU-6f954bfd-7081-31b7-f15c-f9a174bf4d7f", "gpu_util_percent": 26.0, "gpu_mem_util_percent": 4.0, "gpu_mem_used_mib": 21191.0, "gpu_mem_total_mib": 49140.0, "gpu_power_w": 92.64, "process_present": true, "process_mem_mib": 20704.0, "process_mem_share_percent": 42.132682132682135, "process_util_available": true, "process_util_backend": "nvml", "process_sm_util_percent": 24.0, "process_mem_util_percent": 3.0}
{"timestamp_unix": 1772436616.9010468, "pid": 77184, "device_index": 0, "gpu_uuid": "GPU-6f954bfd-7081-31b7-f15c-f9a174bf4d7f", "gpu_util_percent": 25.0, "gpu_mem_util_percent": 4.0, "gpu_mem_used_mib": 21191.0, "gpu_mem_total_mib": 49140.0, "gpu_power_w": 92.95, "process_present": true, "process_mem_mib": 20704.0, "process_mem_share_percent": 42.132682132682135, "process_util_available": true, "process_util_backend": "nvml", "process_sm_util_percent": 24.0, "process_mem_util_percent": 3.0}
{"timestamp_unix": 1772436617.1912858, "pid": 77184, "device_index": 0, "gpu_uuid": "GPU-6f954bfd-7081-31b7-f15c-f9a174bf4d7f", "gpu_util_percent": 25.0, "gpu_mem_util_percent": 4.0, "gpu_mem_used_mib": 21191.0, "gpu_mem_total_mib": 49140.0, "gpu_power_w": 92.95, "process_present": true, "process_mem_mib": 20704.0, "process_mem_share_percent": 42.132682132682135, "process_util_available": true, "process_util_backend": "nvml", "process_sm_util_percent": 24.0, "process_mem_util_percent": 3.0}
{"timestamp_unix": 1772436617.4839437, "pid": 77184, "device_index": 0, "gpu_uuid": "GPU-6f954bfd-7081-31b7-f15c-f9a174bf4d7f", "gpu_util_percent": 25.0, "gpu_mem_util_percent": 4.0, "gpu_mem_used_mib": 21195.0, "gpu_mem_total_mib": 49140.0, "gpu_power_w": 93.1, "process_present": true, "process_mem_mib": 20704.0, "process_mem_share_percent": 42.132682132682135, "process_util_available": true, "process_util_backend": "nvml", "process_sm_util_percent": 24.0, "process_mem_util_percent": 3.0}
{"timestamp_unix": 1772436617.7752295, "pid": 77184, "device_index": 0, "gpu_uuid": "GPU-6f954bfd-7081-31b7-f15c-f9a174bf4d7f", "gpu_util_percent": 25.0, "gpu_mem_util_percent": 4.0, "gpu_mem_used_mib": 22555.0, "gpu_mem_total_mib": 49140.0, "gpu_power_w": 93.1, "process_present": true, "process_mem_mib": 22284.0, "process_mem_share_percent": 45.34798534798535, "process_util_available": true, "process_util_backend": "nvml", "process_sm_util_percent": 24.0, "process_mem_util_percent": 3.0}
{"timestamp_unix": 1772436618.0817287, "pid": 77184, "device_index": 0, "gpu_uuid": "GPU-6f954bfd-7081-31b7-f15c-f9a174bf4d7f", "gpu_util_percent": 26.0, "gpu_mem_util_percent": 4.0, "gpu_mem_used_mib": 24235.0, "gpu_mem_total_mib": 49140.0, "gpu_power_w": 92.97, "process_present": true, "process_mem_mib": 23984.0, "process_mem_share_percent": 48.80748880748881, "process_util_available": true, "process_util_backend": "nvml", "process_sm_util_percent": 23.0, "process_mem_util_percent": 3.0}
{"timestamp_unix": 1772436618.3845153, "pid": 77184, "device_index": 0, "gpu_uuid": "GPU-6f954bfd-7081-31b7-f15c-f9a174bf4d7f", "gpu_util_percent": 26.0, "gpu_mem_util_percent": 4.0, "gpu_mem_used_mib": 25855.0, "gpu_mem_total_mib": 49140.0, "gpu_power_w": 92.57, "process_present": true, "process_mem_mib": 25604.0, "process_mem_share_percent": 52.1041921041921, "process_util_available": true, "process_util_backend": "nvml", "process_sm_util_percent": 23.0, "process_mem_util_percent": 3.0}
{"timestamp_unix": 1772436618.6889496, "pid": 77184, "device_index": 0, "gpu_uuid": "GPU-6f954bfd-7081-31b7-f15c-f9a174bf4d7f", "gpu_util_percent": 26.0, "gpu_mem_util_percent": 4.0, "gpu_mem_used_mib": 26255.0, "gpu_mem_total_mib": 49140.0, "gpu_power_w": 92.57, "process_present": true, "process_mem_mib": 25764.0, "process_mem_share_percent": 52.429792429792435, "process_util_available": true, "process_util_backend": "nvml", "process_sm_util_percent": null, "process_mem_util_percent": null}
{"timestamp_unix": 1772436618.9801002, "pid": 77184, "device_index": 0, "gpu_uuid": "GPU-6f954bfd-7081-31b7-f15c-f9a174bf4d7f", "gpu_util_percent": 15.0, "gpu_mem_util_percent": 1.0, "gpu_mem_used_mib": 26275.0, "gpu_mem_total_mib": 49140.0, "gpu_power_w": 90.52, "process_present": true, "process_mem_mib": 25784.0, "process_mem_share_percent": 52.47049247049247, "process_util_available": true, "process_util_backend": "nvml", "process_sm_util_percent": 21.0, "process_mem_util_percent": 2.0}
{"timestamp_unix": 1772436619.2718787, "pid": 77184, "device_index": 0, "gpu_uuid": "GPU-6f954bfd-7081-31b7-f15c-f9a174bf4d7f", "gpu_util_percent": 15.0, "gpu_mem_util_percent": 1.0, "gpu_mem_used_mib": 26277.0, "gpu_mem_total_mib": 49140.0, "gpu_power_w": 90.52, "process_present": true, "process_mem_mib": 25784.0, "process_mem_share_percent": 52.47049247049247, "process_util_available": true, "process_util_backend": "nvml", "process_sm_util_percent": 26.0, "process_mem_util_percent": 3.0}
{"timestamp_unix": 1772436619.5635984, "pid": 77184, "device_index": 0, "gpu_uuid": "GPU-6f954bfd-7081-31b7-f15c-f9a174bf4d7f", "gpu_util_percent": 15.0, "gpu_mem_util_percent": 1.0, "gpu_mem_used_mib": 26277.0, "gpu_mem_total_mib": 49140.0, "gpu_power_w": 90.71, "process_present": true, "process_mem_mib": 25784.0, "process_mem_share_percent": 52.47049247049247, "process_util_available": true, "process_util_backend": "nvml", "process_sm_util_percent": 24.0, "process_mem_util_percent": 3.0}
{"timestamp_unix": 1772436619.8559122, "pid": 77184, "device_index": 0, "gpu_uuid": "GPU-6f954bfd-7081-31b7-f15c-f9a174bf4d7f", "gpu_util_percent": 26.0, "gpu_mem_util_percent": 4.0, "gpu_mem_used_mib": 26277.0, "gpu_mem_total_mib": 49140.0, "gpu_power_w": 92.5, "process_present": true, "process_mem_mib": 25784.0, "process_mem_share_percent": 52.47049247049247, "process_util_available": true, "process_util_backend": "nvml", "process_sm_util_percent": 24.0, "process_mem_util_percent": 3.0}
{"timestamp_unix": 1772436620.1525965, "pid": 77184, "device_index": 0, "gpu_uuid": "GPU-6f954bfd-7081-31b7-f15c-f9a174bf4d7f", "gpu_util_percent": 26.0, "gpu_mem_util_percent": 4.0, "gpu_mem_used_mib": 26284.0, "gpu_mem_total_mib": 49140.0, "gpu_power_w": 92.5, "process_present": true, "process_mem_mib": 25784.0, "process_mem_share_percent": 52.47049247049247, "process_util_available": true, "process_util_backend": "nvml", "process_sm_util_percent": 25.0, "process_mem_util_percent": 3.0}
{"timestamp_unix": 1772436620.4438503, "pid": 77184, "device_index": 0, "gpu_uuid": "GPU-6f954bfd-7081-31b7-f15c-f9a174bf4d7f", "gpu_util_percent": 26.0, "gpu_mem_util_percent": 4.0, "gpu_mem_used_mib": 26284.0, "gpu_mem_total_mib": 49140.0, "gpu_power_w": 93.81, "process_present": true, "process_mem_mib": 25784.0, "process_mem_share_percent": 52.47049247049247, "process_util_available": true, "process_util_backend": "nvml", "process_sm_util_percent": 23.0, "process_mem_util_percent": 3.0}
{"timestamp_unix": 1772436620.7512696, "pid": 77184, "device_index": 0, "gpu_uuid": "GPU-6f954bfd-7081-31b7-f15c-f9a174bf4d7f", "gpu_util_percent": 26.0, "gpu_mem_util_percent": 4.0, "gpu_mem_used_mib": 26285.0, "gpu_mem_total_mib": 49140.0, "gpu_power_w": 93.81, "process_present": true, "process_mem_mib": 25784.0, "process_mem_share_percent": 52.47049247049247, "process_util_available": true, "process_util_backend": "nvml", "process_sm_util_percent": 24.0, "process_mem_util_percent": 3.0}
{"timestamp_unix": 1772436621.0492983, "pid": 77184, "device_index": 0, "gpu_uuid": "GPU-6f954bfd-7081-31b7-f15c-f9a174bf4d7f", "gpu_util_percent": 24.0, "gpu_mem_util_percent": 4.0, "gpu_mem_used_mib": 26285.0, "gpu_mem_total_mib": 49140.0, "gpu_power_w": 93.68, "process_present": true, "process_mem_mib": 25784.0, "process_mem_share_percent": 52.47049247049247, "process_util_available": true, "process_util_backend": "nvml", "process_sm_util_percent": 21.0, "process_mem_util_percent": 3.0}
{"timestamp_unix": 1772436621.3605685, "pid": 77184, "device_index": 0, "gpu_uuid": "GPU-6f954bfd-7081-31b7-f15c-f9a174bf4d7f", "gpu_util_percent": 24.0, "gpu_mem_util_percent": 4.0, "gpu_mem_used_mib": 26285.0, "gpu_mem_total_mib": 49140.0, "gpu_power_w": 93.59, "process_present": true, "process_mem_mib": 25784.0, "process_mem_share_percent": 52.47049247049247, "process_util_available": true, "process_util_backend": "nvml", "process_sm_util_percent": 22.0, "process_mem_util_percent": 3.0}
{"timestamp_unix": 1772436621.6655247, "pid": 77184, "device_index": 0, "gpu_uuid": "GPU-6f954bfd-7081-31b7-f15c-f9a174bf4d7f", "gpu_util_percent": 24.0, "gpu_mem_util_percent": 4.0, "gpu_mem_used_mib": 26285.0, "gpu_mem_total_mib": 49140.0, "gpu_power_w": 93.59, "process_present": true, "process_mem_mib": 25784.0, "process_mem_share_percent": 52.47049247049247, "process_util_available": true, "process_util_backend": "nvml", "process_sm_util_percent": 20.0, "process_mem_util_percent": 3.0}
{"timestamp_unix": 1772436621.965239, "pid": 77184, "device_index": 0, "gpu_uuid": "GPU-6f954bfd-7081-31b7-f15c-f9a174bf4d7f", "gpu_util_percent": 21.0, "gpu_mem_util_percent": 4.0, "gpu_mem_used_mib": 26285.0, "gpu_mem_total_mib": 49140.0, "gpu_power_w": 93.58, "process_present": true, "process_mem_mib": 25784.0, "process_mem_share_percent": 52.47049247049247, "process_util_available": true, "process_util_backend": "nvml", "process_sm_util_percent": 20.0, "process_mem_util_percent": 3.0}
{"timestamp_unix": 1772436622.2551906, "pid": 77184, "device_index": 0, "gpu_uuid": "GPU-6f954bfd-7081-31b7-f15c-f9a174bf4d7f", "gpu_util_percent": 21.0, "gpu_mem_util_percent": 4.0, "gpu_mem_used_mib": 26284.0, "gpu_mem_total_mib": 49140.0, "gpu_power_w": 93.58, "process_present": true, "process_mem_mib": 25784.0, "process_mem_share_percent": 52.47049247049247, "process_util_available": true, "process_util_backend": "nvml", "process_sm_util_percent": 21.0, "process_mem_util_percent": 3.0}
{"timestamp_unix": 1772436622.5458913, "pid": 77184, "device_index": 0, "gpu_uuid": "GPU-6f954bfd-7081-31b7-f15c-f9a174bf4d7f", "gpu_util_percent": 21.0, "gpu_mem_util_percent": 4.0, "gpu_mem_used_mib": 26280.0, "gpu_mem_total_mib": 49140.0, "gpu_power_w": 93.54, "process_present": true, "process_mem_mib": 25784.0, "process_mem_share_percent": 52.47049247049247, "process_util_available": true, "process_util_backend": "nvml", "process_sm_util_percent": null, "process_mem_util_percent": null}
{"timestamp_unix": 1772436622.8384225, "pid": 77184, "device_index": 0, "gpu_uuid": "GPU-6f954bfd-7081-31b7-f15c-f9a174bf4d7f", "gpu_util_percent": 22.0, "gpu_mem_util_percent": 3.0, "gpu_mem_used_mib": 26280.0, "gpu_mem_total_mib": 49140.0, "gpu_power_w": 93.32, "process_present": true, "process_mem_mib": 25784.0, "process_mem_share_percent": 52.47049247049247, "process_util_available": true, "process_util_backend": "nvml", "process_sm_util_percent": 22.0, "process_mem_util_percent": 3.0}
{"timestamp_unix": 1772436623.1308792, "pid": 77184, "device_index": 0, "gpu_uuid": "GPU-6f954bfd-7081-31b7-f15c-f9a174bf4d7f", "gpu_util_percent": 22.0, "gpu_mem_util_percent": 3.0, "gpu_mem_used_mib": 26280.0, "gpu_mem_total_mib": 49140.0, "gpu_power_w": 93.32, "process_present": true, "process_mem_mib": 25784.0, "process_mem_share_percent": 52.47049247049247, "process_util_available": true, "process_util_backend": "nvml", "process_sm_util_percent": null, "process_mem_util_percent": null}
{"timestamp_unix": 1772436623.4219425, "pid": 77184, "device_index": 0, "gpu_uuid": "GPU-6f954bfd-7081-31b7-f15c-f9a174bf4d7f", "gpu_util_percent": 22.0, "gpu_mem_util_percent": 3.0, "gpu_mem_used_mib": 26280.0, "gpu_mem_total_mib": 49140.0, "gpu_power_w": 93.21, "process_present": true, "process_mem_mib": 25784.0, "process_mem_share_percent": 52.47049247049247, "process_util_available": true, "process_util_backend": "nvml", "process_sm_util_percent": 23.0, "process_mem_util_percent": 3.0}
{"timestamp_unix": 1772436623.7123961, "pid": 77184, "device_index": 0, "gpu_uuid": "GPU-6f954bfd-7081-31b7-f15c-f9a174bf4d7f", "gpu_util_percent": 22.0, "gpu_mem_util_percent": 3.0, "gpu_mem_used_mib": 26280.0, "gpu_mem_total_mib": 49140.0, "gpu_power_w": 93.21, "process_present": true, "process_mem_mib": 25784.0, "process_mem_share_percent": 52.47049247049247, "process_util_available": true, "process_util_backend": "nvml", "process_sm_util_percent": null, "process_mem_util_percent": null}
{"timestamp_unix": 1772436624.0170107, "pid": 77184, "device_index": 0, "gpu_uuid": "GPU-6f954bfd-7081-31b7-f15c-f9a174bf4d7f", "gpu_util_percent": 21.0, "gpu_mem_util_percent": 3.0, "gpu_mem_used_mib": 26280.0, "gpu_mem_total_mib": 49140.0, "gpu_power_w": 92.36, "process_present": true, "process_mem_mib": 25784.0, "process_mem_share_percent": 52.47049247049247, "process_util_available": true, "process_util_backend": "nvml", "process_sm_util_percent": 21.0, "process_mem_util_percent": 3.0}
{"timestamp_unix": 1772436624.316226, "pid": 77184, "device_index": 0, "gpu_uuid": "GPU-6f954bfd-7081-31b7-f15c-f9a174bf4d7f", "gpu_util_percent": 21.0, "gpu_mem_util_percent": 3.0, "gpu_mem_used_mib": 26280.0, "gpu_mem_total_mib": 49140.0, "gpu_power_w": 92.27, "process_present": true, "process_mem_mib": 25784.0, "process_mem_share_percent": 52.47049247049247, "process_util_available": true, "process_util_backend": "nvml", "process_sm_util_percent": 22.0, "process_mem_util_percent": 3.0}
{"timestamp_unix": 1772436624.6080184, "pid": 77184, "device_index": 0, "gpu_uuid": "GPU-6f954bfd-7081-31b7-f15c-f9a174bf4d7f", "gpu_util_percent": 21.0, "gpu_mem_util_percent": 3.0, "gpu_mem_used_mib": 26280.0, "gpu_mem_total_mib": 49140.0, "gpu_power_w": 92.27, "process_present": true, "process_mem_mib": 25784.0, "process_mem_share_percent": 52.47049247049247, "process_util_available": true, "process_util_backend": "nvml", "process_sm_util_percent": 22.0, "process_mem_util_percent": 3.0}
{"timestamp_unix": 1772436624.9004843, "pid": 77184, "device_index": 0, "gpu_uuid": "GPU-6f954bfd-7081-31b7-f15c-f9a174bf4d7f", "gpu_util_percent": 22.0, "gpu_mem_util_percent": 4.0, "gpu_mem_used_mib": 26280.0, "gpu_mem_total_mib": 49140.0, "gpu_power_w": 92.86, "process_present": true, "process_mem_mib": 25784.0, "process_mem_share_percent": 52.47049247049247, "process_util_available": true, "process_util_backend": "nvml", "process_sm_util_percent": 22.0, "process_mem_util_percent": 3.0}
{"timestamp_unix": 1772436625.1892178, "pid": 77184, "device_index": 0, "gpu_uuid": "GPU-6f954bfd-7081-31b7-f15c-f9a174bf4d7f", "gpu_util_percent": 22.0, "gpu_mem_util_percent": 4.0, "gpu_mem_used_mib": 26278.0, "gpu_mem_total_mib": 49140.0, "gpu_power_w": 92.86, "process_present": true, "process_mem_mib": 25784.0, "process_mem_share_percent": 52.47049247049247, "process_util_available": true, "process_util_backend": "nvml", "process_sm_util_percent": 22.0, "process_mem_util_percent": 3.0}
{"timestamp_unix": 1772436625.4791691, "pid": 77184, "device_index": 0, "gpu_uuid": "GPU-6f954bfd-7081-31b7-f15c-f9a174bf4d7f", "gpu_util_percent": 22.0, "gpu_mem_util_percent": 4.0, "gpu_mem_used_mib": 26278.0, "gpu_mem_total_mib": 49140.0, "gpu_power_w": 93.32, "process_present": true, "process_mem_mib": 25784.0, "process_mem_share_percent": 52.47049247049247, "process_util_available": true, "process_util_backend": "nvml", "process_sm_util_percent": 22.0, "process_mem_util_percent": 3.0}
{"timestamp_unix": 1772436625.7714982, "pid": 77184, "device_index": 0, "gpu_uuid": "GPU-6f954bfd-7081-31b7-f15c-f9a174bf4d7f", "gpu_util_percent": 22.0, "gpu_mem_util_percent": 4.0, "gpu_mem_used_mib": 26278.0, "gpu_mem_total_mib": 49140.0, "gpu_power_w": 93.32, "process_present": true, "process_mem_mib": 25784.0, "process_mem_share_percent": 52.47049247049247, "process_util_available": true, "process_util_backend": "nvml", "process_sm_util_percent": 23.0, "process_mem_util_percent": 3.0}
{"timestamp_unix": 1772436626.0636916, "pid": 77184, "device_index": 0, "gpu_uuid": "GPU-6f954bfd-7081-31b7-f15c-f9a174bf4d7f", "gpu_util_percent": 23.0, "gpu_mem_util_percent": 4.0, "gpu_mem_used_mib": 26278.0, "gpu_mem_total_mib": 49140.0, "gpu_power_w": 93.42, "process_present": true, "process_mem_mib": 25784.0, "process_mem_share_percent": 52.47049247049247, "process_util_available": true, "process_util_backend": "nvml", "process_sm_util_percent": 23.0, "process_mem_util_percent": 4.0}
{"timestamp_unix": 1772436626.3631952, "pid": 77184, "device_index": 0, "gpu_uuid": "GPU-6f954bfd-7081-31b7-f15c-f9a174bf4d7f", "gpu_util_percent": 23.0, "gpu_mem_util_percent": 4.0, "gpu_mem_used_mib": 26278.0, "gpu_mem_total_mib": 49140.0, "gpu_power_w": 93.57, "process_present": true, "process_mem_mib": 25784.0, "process_mem_share_percent": 52.47049247049247, "process_util_available": true, "process_util_backend": "nvml", "process_sm_util_percent": 22.0, "process_mem_util_percent": 3.0}
{"timestamp_unix": 1772436626.6782868, "pid": 77184, "device_index": 0, "gpu_uuid": "GPU-6f954bfd-7081-31b7-f15c-f9a174bf4d7f", "gpu_util_percent": 23.0, "gpu_mem_util_percent": 4.0, "gpu_mem_used_mib": 27838.0, "gpu_mem_total_mib": 49140.0, "gpu_power_w": 93.57, "process_present": true, "process_mem_mib": 27664.0, "process_mem_share_percent": 56.2962962962963, "process_util_available": true, "process_util_backend": "nvml", "process_sm_util_percent": 22.0, "process_mem_util_percent": 3.0}
{"timestamp_unix": 1772436626.9841757, "pid": 77184, "device_index": 0, "gpu_uuid": "GPU-6f954bfd-7081-31b7-f15c-f9a174bf4d7f", "gpu_util_percent": 19.0, "gpu_mem_util_percent": 3.0, "gpu_mem_used_mib": 30158.0, "gpu_mem_total_mib": 49140.0, "gpu_power_w": 93.32, "process_present": true, "process_mem_mib": 29744.0, "process_mem_share_percent": 60.52910052910053, "process_util_available": true, "process_util_backend": "nvml", "process_sm_util_percent": 11.0, "process_mem_util_percent": 1.0}
{"timestamp_unix": 1772436627.2728584, "pid": 77184, "device_index": 0, "gpu_uuid": "GPU-6f954bfd-7081-31b7-f15c-f9a174bf4d7f", "gpu_util_percent": 19.0, "gpu_mem_util_percent": 3.0, "gpu_mem_used_mib": 30238.0, "gpu_mem_total_mib": 49140.0, "gpu_power_w": 93.32, "process_present": true, "process_mem_mib": 29764.0, "process_mem_share_percent": 60.56980056980057, "process_util_available": true, "process_util_backend": "nvml", "process_sm_util_percent": null, "process_mem_util_percent": null}
{"timestamp_unix": 1772436627.5641072, "pid": 77184, "device_index": 0, "gpu_uuid": "GPU-6f954bfd-7081-31b7-f15c-f9a174bf4d7f", "gpu_util_percent": 19.0, "gpu_mem_util_percent": 3.0, "gpu_mem_used_mib": 30258.0, "gpu_mem_total_mib": 49140.0, "gpu_power_w": 91.42, "process_present": true, "process_mem_mib": 29764.0, "process_mem_share_percent": 60.56980056980057, "process_util_available": true, "process_util_backend": "nvml", "process_sm_util_percent": 22.0, "process_mem_util_percent": 2.0}
{"timestamp_unix": 1772436627.8530273, "pid": 77184, "device_index": 0, "gpu_uuid": "GPU-6f954bfd-7081-31b7-f15c-f9a174bf4d7f", "gpu_util_percent": 24.0, "gpu_mem_util_percent": 4.0, "gpu_mem_used_mib": 30258.0, "gpu_mem_total_mib": 49140.0, "gpu_power_w": 90.93, "process_present": true, "process_mem_mib": 29764.0, "process_mem_share_percent": 60.56980056980057, "process_util_available": true, "process_util_backend": "nvml", "process_sm_util_percent": 24.0, "process_mem_util_percent": 3.0}
{"timestamp_unix": 1772436628.1471362, "pid": 77184, "device_index": 0, "gpu_uuid": "GPU-6f954bfd-7081-31b7-f15c-f9a174bf4d7f", "gpu_util_percent": 24.0, "gpu_mem_util_percent": 4.0, "gpu_mem_used_mib": 30253.0, "gpu_mem_total_mib": 49140.0, "gpu_power_w": 90.93, "process_present": true, "process_mem_mib": 29764.0, "process_mem_share_percent": 60.56980056980057, "process_util_available": true, "process_util_backend": "nvml", "process_sm_util_percent": 24.0, "process_mem_util_percent": 3.0}
{"timestamp_unix": 1772436628.4391341, "pid": 77184, "device_index": 0, "gpu_uuid": "GPU-6f954bfd-7081-31b7-f15c-f9a174bf4d7f", "gpu_util_percent": 24.0, "gpu_mem_util_percent": 4.0, "gpu_mem_used_mib": 30253.0, "gpu_mem_total_mib": 49140.0, "gpu_power_w": 92.27, "process_present": true, "process_mem_mib": 29764.0, "process_mem_share_percent": 60.56980056980057, "process_util_available": true, "process_util_backend": "nvml", "process_sm_util_percent": 24.0, "process_mem_util_percent": 3.0}
{"timestamp_unix": 1772436628.7294, "pid": 77184, "device_index": 0, "gpu_uuid": "GPU-6f954bfd-7081-31b7-f15c-f9a174bf4d7f", "gpu_util_percent": 24.0, "gpu_mem_util_percent": 4.0, "gpu_mem_used_mib": 30253.0, "gpu_mem_total_mib": 49140.0, "gpu_power_w": 92.27, "process_present": true, "process_mem_mib": 29764.0, "process_mem_share_percent": 60.56980056980057, "process_util_available": true, "process_util_backend": "nvml", "process_sm_util_percent": 24.0, "process_mem_util_percent": 3.0}
{"timestamp_unix": 1772436629.0326536, "pid": 77184, "device_index": 0, "gpu_uuid": "GPU-6f954bfd-7081-31b7-f15c-f9a174bf4d7f", "gpu_util_percent": 23.0, "gpu_mem_util_percent": 3.0, "gpu_mem_used_mib": 30251.0, "gpu_mem_total_mib": 49140.0, "gpu_power_w": 93.75, "process_present": true, "process_mem_mib": 29764.0, "process_mem_share_percent": 60.56980056980057, "process_util_available": true, "process_util_backend": "nvml", "process_sm_util_percent": 12.0, "process_mem_util_percent": 1.0}
{"timestamp_unix": 1772436629.3324518, "pid": 77184, "device_index": 0, "gpu_uuid": "GPU-6f954bfd-7081-31b7-f15c-f9a174bf4d7f", "gpu_util_percent": 23.0, "gpu_mem_util_percent": 3.0, "gpu_mem_used_mib": 30251.0, "gpu_mem_total_mib": 49140.0, "gpu_power_w": 93.77, "process_present": true, "process_mem_mib": 29764.0, "process_mem_share_percent": 60.56980056980057, "process_util_available": true, "process_util_backend": "nvml", "process_sm_util_percent": 24.0, "process_mem_util_percent": 3.0}
{"timestamp_unix": 1772436629.644378, "pid": 77184, "device_index": 0, "gpu_uuid": "GPU-6f954bfd-7081-31b7-f15c-f9a174bf4d7f", "gpu_util_percent": 23.0, "gpu_mem_util_percent": 3.0, "gpu_mem_used_mib": 30251.0, "gpu_mem_total_mib": 49140.0, "gpu_power_w": 93.77, "process_present": true, "process_mem_mib": 29764.0, "process_mem_share_percent": 60.56980056980057, "process_util_available": true, "process_util_backend": "nvml", "process_sm_util_percent": 24.0, "process_mem_util_percent": 3.0}
{"timestamp_unix": 1772436629.9364455, "pid": 77184, "device_index": 0, "gpu_uuid": "GPU-6f954bfd-7081-31b7-f15c-f9a174bf4d7f", "gpu_util_percent": 24.0, "gpu_mem_util_percent": 4.0, "gpu_mem_used_mib": 30251.0, "gpu_mem_total_mib": 49140.0, "gpu_power_w": 93.87, "process_present": true, "process_mem_mib": 29764.0, "process_mem_share_percent": 60.56980056980057, "process_util_available": true, "process_util_backend": "nvml", "process_sm_util_percent": 24.0, "process_mem_util_percent": 3.0}
{"timestamp_unix": 1772436630.2258832, "pid": 77184, "device_index": 0, "gpu_uuid": "GPU-6f954bfd-7081-31b7-f15c-f9a174bf4d7f", "gpu_util_percent": 24.0, "gpu_mem_util_percent": 4.0, "gpu_mem_used_mib": 30260.0, "gpu_mem_total_mib": 49140.0, "gpu_power_w": 93.87, "process_present": true, "process_mem_mib": 29764.0, "process_mem_share_percent": 60.56980056980057, "process_util_available": true, "process_util_backend": "nvml", "process_sm_util_percent": 26.0, "process_mem_util_percent": 3.0}
{"timestamp_unix": 1772436630.51731, "pid": 77184, "device_index": 0, "gpu_uuid": "GPU-6f954bfd-7081-31b7-f15c-f9a174bf4d7f", "gpu_util_percent": 24.0, "gpu_mem_util_percent": 4.0, "gpu_mem_used_mib": 30260.0, "gpu_mem_total_mib": 49140.0, "gpu_power_w": 93.93, "process_present": true, "process_mem_mib": 29764.0, "process_mem_share_percent": 60.56980056980057, "process_util_available": true, "process_util_backend": "nvml", "process_sm_util_percent": 24.0, "process_mem_util_percent": 3.0}
{"timestamp_unix": 1772436630.8086574, "pid": 77184, "device_index": 0, "gpu_uuid": "GPU-6f954bfd-7081-31b7-f15c-f9a174bf4d7f", "gpu_util_percent": 24.0, "gpu_mem_util_percent": 4.0, "gpu_mem_used_mib": 30260.0, "gpu_mem_total_mib": 49140.0, "gpu_power_w": 93.89, "process_present": true, "process_mem_mib": 29764.0, "process_mem_share_percent": 60.56980056980057, "process_util_available": true, "process_util_backend": "nvml", "process_sm_util_percent": 24.0, "process_mem_util_percent": 3.0}
{"timestamp_unix": 1772436631.1022248, "pid": 77184, "device_index": 0, "gpu_uuid": "GPU-6f954bfd-7081-31b7-f15c-f9a174bf4d7f", "gpu_util_percent": 24.0, "gpu_mem_util_percent": 4.0, "gpu_mem_used_mib": 30260.0, "gpu_mem_total_mib": 49140.0, "gpu_power_w": 93.89, "process_present": true, "process_mem_mib": 29764.0, "process_mem_share_percent": 60.56980056980057, "process_util_available": true, "process_util_backend": "nvml", "process_sm_util_percent": 24.0, "process_mem_util_percent": 3.0}
{"timestamp_unix": 1772436631.395761, "pid": 77184, "device_index": 0, "gpu_uuid": "GPU-6f954bfd-7081-31b7-f15c-f9a174bf4d7f", "gpu_util_percent": 24.0, "gpu_mem_util_percent": 4.0, "gpu_mem_used_mib": 30260.0, "gpu_mem_total_mib": 49140.0, "gpu_power_w": 93.74, "process_present": true, "process_mem_mib": 29764.0, "process_mem_share_percent": 60.56980056980057, "process_util_available": true, "process_util_backend": "nvml", "process_sm_util_percent": 13.0, "process_mem_util_percent": 1.0}
{"timestamp_unix": 1772436631.6999438, "pid": 77184, "device_index": 0, "gpu_uuid": "GPU-6f954bfd-7081-31b7-f15c-f9a174bf4d7f", "gpu_util_percent": 24.0, "gpu_mem_util_percent": 4.0, "gpu_mem_used_mib": 30260.0, "gpu_mem_total_mib": 49140.0, "gpu_power_w": 93.74, "process_present": true, "process_mem_mib": 29764.0, "process_mem_share_percent": 60.56980056980057, "process_util_available": true, "process_util_backend": "nvml", "process_sm_util_percent": 24.0, "process_mem_util_percent": 3.0}
{"timestamp_unix": 1772436632.0004992, "pid": 77184, "device_index": 0, "gpu_uuid": "GPU-6f954bfd-7081-31b7-f15c-f9a174bf4d7f", "gpu_util_percent": 24.0, "gpu_mem_util_percent": 3.0, "gpu_mem_used_mib": 30260.0, "gpu_mem_total_mib": 49140.0, "gpu_power_w": 93.51, "process_present": true, "process_mem_mib": 29764.0, "process_mem_share_percent": 60.56980056980057, "process_util_available": true, "process_util_backend": "nvml", "process_sm_util_percent": 24.0, "process_mem_util_percent": 3.0}
{"timestamp_unix": 1772436632.3003614, "pid": 77184, "device_index": 0, "gpu_uuid": "GPU-6f954bfd-7081-31b7-f15c-f9a174bf4d7f", "gpu_util_percent": 24.0, "gpu_mem_util_percent": 3.0, "gpu_mem_used_mib": 30260.0, "gpu_mem_total_mib": 49140.0, "gpu_power_w": 93.51, "process_present": true, "process_mem_mib": 29764.0, "process_mem_share_percent": 60.56980056980057, "process_util_available": true, "process_util_backend": "nvml", "process_sm_util_percent": 18.0, "process_mem_util_percent": 2.0}
{"timestamp_unix": 1772436632.6137288, "pid": 77184, "device_index": 0, "gpu_uuid": "GPU-6f954bfd-7081-31b7-f15c-f9a174bf4d7f", "gpu_util_percent": 24.0, "gpu_mem_util_percent": 3.0, "gpu_mem_used_mib": 30264.0, "gpu_mem_total_mib": 49140.0, "gpu_power_w": 92.73, "process_present": true, "process_mem_mib": 29764.0, "process_mem_share_percent": 60.56980056980057, "process_util_available": true, "process_util_backend": "nvml", "process_sm_util_percent": 11.0, "process_mem_util_percent": 1.0}
{"timestamp_unix": 1772436632.9050949, "pid": 77184, "device_index": 0, "gpu_uuid": "GPU-6f954bfd-7081-31b7-f15c-f9a174bf4d7f", "gpu_util_percent": 22.0, "gpu_mem_util_percent": 4.0, "gpu_mem_used_mib": 30264.0, "gpu_mem_total_mib": 49140.0, "gpu_power_w": 92.69, "process_present": true, "process_mem_mib": 29764.0, "process_mem_share_percent": 60.56980056980057, "process_util_available": true, "process_util_backend": "nvml", "process_sm_util_percent": 22.0, "process_mem_util_percent": 3.0}
{"timestamp_unix": 1772436633.1993124, "pid": 77184, "device_index": 0, "gpu_uuid": "GPU-6f954bfd-7081-31b7-f15c-f9a174bf4d7f", "gpu_util_percent": 22.0, "gpu_mem_util_percent": 4.0, "gpu_mem_used_mib": 30263.0, "gpu_mem_total_mib": 49140.0, "gpu_power_w": 92.69, "process_present": true, "process_mem_mib": 29764.0, "process_mem_share_percent": 60.56980056980057, "process_util_available": true, "process_util_backend": "nvml", "process_sm_util_percent": 22.0, "process_mem_util_percent": 3.0}
{"timestamp_unix": 1772436633.4884899, "pid": 77184, "device_index": 0, "gpu_uuid": "GPU-6f954bfd-7081-31b7-f15c-f9a174bf4d7f", "gpu_util_percent": 22.0, "gpu_mem_util_percent": 4.0, "gpu_mem_used_mib": 30263.0, "gpu_mem_total_mib": 49140.0, "gpu_power_w": 92.88, "process_present": true, "process_mem_mib": 29764.0, "process_mem_share_percent": 60.56980056980057, "process_util_available": true, "process_util_backend": "nvml", "process_sm_util_percent": 23.0, "process_mem_util_percent": 4.0}
{"timestamp_unix": 1772436633.7783124, "pid": 77184, "device_index": 0, "gpu_uuid": "GPU-6f954bfd-7081-31b7-f15c-f9a174bf4d7f", "gpu_util_percent": 22.0, "gpu_mem_util_percent": 4.0, "gpu_mem_used_mib": 30263.0, "gpu_mem_total_mib": 49140.0, "gpu_power_w": 92.88, "process_present": true, "process_mem_mib": 29764.0, "process_mem_share_percent": 60.56980056980057, "process_util_available": true, "process_util_backend": "nvml", "process_sm_util_percent": 23.0, "process_mem_util_percent": 4.0}
{"timestamp_unix": 1772436634.0686886, "pid": 77184, "device_index": 0, "gpu_uuid": "GPU-6f954bfd-7081-31b7-f15c-f9a174bf4d7f", "gpu_util_percent": 22.0, "gpu_mem_util_percent": 4.0, "gpu_mem_used_mib": 30262.0, "gpu_mem_total_mib": 49140.0, "gpu_power_w": 93.67, "process_present": true, "process_mem_mib": 29764.0, "process_mem_share_percent": 60.56980056980057, "process_util_available": true, "process_util_backend": "nvml", "process_sm_util_percent": 23.0, "process_mem_util_percent": 4.0}
{"timestamp_unix": 1772436634.3579838, "pid": 77184, "device_index": 0, "gpu_uuid": "GPU-6f954bfd-7081-31b7-f15c-f9a174bf4d7f", "gpu_util_percent": 22.0, "gpu_mem_util_percent": 4.0, "gpu_mem_used_mib": 30262.0, "gpu_mem_total_mib": 49140.0, "gpu_power_w": 93.83, "process_present": true, "process_mem_mib": 29764.0, "process_mem_share_percent": 60.56980056980057, "process_util_available": true, "process_util_backend": "nvml", "process_sm_util_percent": 23.0, "process_mem_util_percent": 4.0}
{"timestamp_unix": 1772436634.6709814, "pid": 77184, "device_index": 0, "gpu_uuid": "GPU-6f954bfd-7081-31b7-f15c-f9a174bf4d7f", "gpu_util_percent": 22.0, "gpu_mem_util_percent": 4.0, "gpu_mem_used_mib": 30262.0, "gpu_mem_total_mib": 49140.0, "gpu_power_w": 93.83, "process_present": true, "process_mem_mib": 29764.0, "process_mem_share_percent": 60.56980056980057, "process_util_available": true, "process_util_backend": "nvml", "process_sm_util_percent": 23.0, "process_mem_util_percent": 4.0}
{"timestamp_unix": 1772436634.9779286, "pid": 77184, "device_index": 0, "gpu_uuid": "GPU-6f954bfd-7081-31b7-f15c-f9a174bf4d7f", "gpu_util_percent": 23.0, "gpu_mem_util_percent": 4.0, "gpu_mem_used_mib": 31702.0, "gpu_mem_total_mib": 49140.0, "gpu_power_w": 93.92, "process_present": true, "process_mem_mib": 31544.0, "process_mem_share_percent": 64.1921041921042, "process_util_available": true, "process_util_backend": "nvml", "process_sm_util_percent": 22.0, "process_mem_util_percent": 3.0}
{"timestamp_unix": 1772436635.2860007, "pid": 77184, "device_index": 0, "gpu_uuid": "GPU-6f954bfd-7081-31b7-f15c-f9a174bf4d7f", "gpu_util_percent": 23.0, "gpu_mem_util_percent": 4.0, "gpu_mem_used_mib": 33982.0, "gpu_mem_total_mib": 49140.0, "gpu_power_w": 93.92, "process_present": true, "process_mem_mib": 33764.0, "process_mem_share_percent": 68.70980870980871, "process_util_available": true, "process_util_backend": "nvml", "process_sm_util_percent": 21.0, "process_mem_util_percent": 3.0}
{"timestamp_unix": 1772436635.576454, "pid": 77184, "device_index": 0, "gpu_uuid": "GPU-6f954bfd-7081-31b7-f15c-f9a174bf4d7f", "gpu_util_percent": 23.0, "gpu_mem_util_percent": 4.0, "gpu_mem_used_mib": 36022.0, "gpu_mem_total_mib": 49140.0, "gpu_power_w": 93.38, "process_present": true, "process_mem_mib": 35804.0, "process_mem_share_percent": 72.86121286121286, "process_util_available": true, "process_util_backend": "nvml", "process_sm_util_percent": 21.0, "process_mem_util_percent": 3.0}
{"timestamp_unix": 1772436635.8705652, "pid": 77184, "device_index": 0, "gpu_uuid": "GPU-6f954bfd-7081-31b7-f15c-f9a174bf4d7f", "gpu_util_percent": 17.0, "gpu_mem_util_percent": 2.0, "gpu_mem_used_mib": 36502.0, "gpu_mem_total_mib": 49140.0, "gpu_power_w": 92.17, "process_present": true, "process_mem_mib": 36004.0, "process_mem_share_percent": 73.26821326821327, "process_util_available": true, "process_util_backend": "nvml", "process_sm_util_percent": null, "process_mem_util_percent": null}
{"timestamp_unix": 1772436636.161205, "pid": 77184, "device_index": 0, "gpu_uuid": "GPU-6f954bfd-7081-31b7-f15c-f9a174bf4d7f", "gpu_util_percent": 17.0, "gpu_mem_util_percent": 2.0, "gpu_mem_used_mib": 36522.0, "gpu_mem_total_mib": 49140.0, "gpu_power_w": 92.17, "process_present": true, "process_mem_mib": 36024.0, "process_mem_share_percent": 73.3089133089133, "process_util_available": true, "process_util_backend": "nvml", "process_sm_util_percent": 20.0, "process_mem_util_percent": 2.0}
{"timestamp_unix": 1772436636.4527686, "pid": 77184, "device_index": 0, "gpu_uuid": "GPU-6f954bfd-7081-31b7-f15c-f9a174bf4d7f", "gpu_util_percent": 17.0, "gpu_mem_util_percent": 2.0, "gpu_mem_used_mib": 36515.0, "gpu_mem_total_mib": 49140.0, "gpu_power_w": 90.56, "process_present": true, "process_mem_mib": 36024.0, "process_mem_share_percent": 73.3089133089133, "process_util_available": true, "process_util_backend": "nvml", "process_sm_util_percent": 24.0, "process_mem_util_percent": 3.0}
{"timestamp_unix": 1772436636.7424169, "pid": 77184, "device_index": 0, "gpu_uuid": "GPU-6f954bfd-7081-31b7-f15c-f9a174bf4d7f", "gpu_util_percent": 17.0, "gpu_mem_util_percent": 2.0, "gpu_mem_used_mib": 36515.0, "gpu_mem_total_mib": 49140.0, "gpu_power_w": 90.56, "process_present": true, "process_mem_mib": 36024.0, "process_mem_share_percent": 73.3089133089133, "process_util_available": true, "process_util_backend": "nvml", "process_sm_util_percent": 24.0, "process_mem_util_percent": 3.0}
{"timestamp_unix": 1772436637.0344296, "pid": 77184, "device_index": 0, "gpu_uuid": "GPU-6f954bfd-7081-31b7-f15c-f9a174bf4d7f", "gpu_util_percent": 24.0, "gpu_mem_util_percent": 4.0, "gpu_mem_used_mib": 36515.0, "gpu_mem_total_mib": 49140.0, "gpu_power_w": 91.62, "process_present": true, "process_mem_mib": 36024.0, "process_mem_share_percent": 73.3089133089133, "process_util_available": true, "process_util_backend": "nvml", "process_sm_util_percent": 24.0, "process_mem_util_percent": 3.0}
{"timestamp_unix": 1772436637.3336492, "pid": 77184, "device_index": 0, "gpu_uuid": "GPU-6f954bfd-7081-31b7-f15c-f9a174bf4d7f", "gpu_util_percent": 24.0, "gpu_mem_util_percent": 4.0, "gpu_mem_used_mib": 36515.0, "gpu_mem_total_mib": 49140.0, "gpu_power_w": 94.33, "process_present": true, "process_mem_mib": 36024.0, "process_mem_share_percent": 73.3089133089133, "process_util_available": true, "process_util_backend": "nvml", "process_sm_util_percent": 24.0, "process_mem_util_percent": 3.0}
{"timestamp_unix": 1772436637.6346614, "pid": 77184, "device_index": 0, "gpu_uuid": "GPU-6f954bfd-7081-31b7-f15c-f9a174bf4d7f", "gpu_util_percent": 24.0, "gpu_mem_util_percent": 4.0, "gpu_mem_used_mib": 36511.0, "gpu_mem_total_mib": 49140.0, "gpu_power_w": 94.33, "process_present": true, "process_mem_mib": 36024.0, "process_mem_share_percent": 73.3089133089133, "process_util_available": true, "process_util_backend": "nvml", "process_sm_util_percent": 25.0, "process_mem_util_percent": 3.0}
{"timestamp_unix": 1772436637.932735, "pid": 77184, "device_index": 0, "gpu_uuid": "GPU-6f954bfd-7081-31b7-f15c-f9a174bf4d7f", "gpu_util_percent": 24.0, "gpu_mem_util_percent": 4.0, "gpu_mem_used_mib": 36511.0, "gpu_mem_total_mib": 49140.0, "gpu_power_w": 94.14, "process_present": true, "process_mem_mib": 36024.0, "process_mem_share_percent": 73.3089133089133, "process_util_available": true, "process_util_backend": "nvml", "process_sm_util_percent": 24.0, "process_mem_util_percent": 3.0}
{"timestamp_unix": 1772436638.2217267, "pid": 77184, "device_index": 0, "gpu_uuid": "GPU-6f954bfd-7081-31b7-f15c-f9a174bf4d7f", "gpu_util_percent": 24.0, "gpu_mem_util_percent": 4.0, "gpu_mem_used_mib": 36511.0, "gpu_mem_total_mib": 49140.0, "gpu_power_w": 94.14, "process_present": true, "process_mem_mib": 36024.0, "process_mem_share_percent": 73.3089133089133, "process_util_available": true, "process_util_backend": "nvml", "process_sm_util_percent": 24.0, "process_mem_util_percent": 3.0}
{"timestamp_unix": 1772436638.5101588, "pid": 77184, "device_index": 0, "gpu_uuid": "GPU-6f954bfd-7081-31b7-f15c-f9a174bf4d7f", "gpu_util_percent": 24.0, "gpu_mem_util_percent": 4.0, "gpu_mem_used_mib": 36511.0, "gpu_mem_total_mib": 49140.0, "gpu_power_w": 94.06, "process_present": true, "process_mem_mib": 36024.0, "process_mem_share_percent": 73.3089133089133, "process_util_available": true, "process_util_backend": "nvml", "process_sm_util_percent": null, "process_mem_util_percent": null}
{"timestamp_unix": 1772436638.8006208, "pid": 77184, "device_index": 0, "gpu_uuid": "GPU-6f954bfd-7081-31b7-f15c-f9a174bf4d7f", "gpu_util_percent": 24.0, "gpu_mem_util_percent": 4.0, "gpu_mem_used_mib": 36511.0, "gpu_mem_total_mib": 49140.0, "gpu_power_w": 94.11, "process_present": true, "process_mem_mib": 36024.0, "process_mem_share_percent": 73.3089133089133, "process_util_available": true, "process_util_backend": "nvml", "process_sm_util_percent": 24.0, "process_mem_util_percent": 3.0}
{"timestamp_unix": 1772436639.0894058, "pid": 77184, "device_index": 0, "gpu_uuid": "GPU-6f954bfd-7081-31b7-f15c-f9a174bf4d7f", "gpu_util_percent": 24.0, "gpu_mem_util_percent": 4.0, "gpu_mem_used_mib": 36511.0, "gpu_mem_total_mib": 49140.0, "gpu_power_w": 94.11, "process_present": true, "process_mem_mib": 36024.0, "process_mem_share_percent": 73.3089133089133, "process_util_available": true, "process_util_backend": "nvml", "process_sm_util_percent": 24.0, "process_mem_util_percent": 3.0}
{"timestamp_unix": 1772436639.3812904, "pid": 77184, "device_index": 0, "gpu_uuid": "GPU-6f954bfd-7081-31b7-f15c-f9a174bf4d7f", "gpu_util_percent": 24.0, "gpu_mem_util_percent": 4.0, "gpu_mem_used_mib": 36511.0, "gpu_mem_total_mib": 49140.0, "gpu_power_w": 94.03, "process_present": true, "process_mem_mib": 36024.0, "process_mem_share_percent": 73.3089133089133, "process_util_available": true, "process_util_backend": "nvml", "process_sm_util_percent": 24.0, "process_mem_util_percent": 3.0}
{"timestamp_unix": 1772436639.670974, "pid": 77184, "device_index": 0, "gpu_uuid": "GPU-6f954bfd-7081-31b7-f15c-f9a174bf4d7f", "gpu_util_percent": 24.0, "gpu_mem_util_percent": 4.0, "gpu_mem_used_mib": 36511.0, "gpu_mem_total_mib": 49140.0, "gpu_power_w": 94.03, "process_present": true, "process_mem_mib": 36024.0, "process_mem_share_percent": 73.3089133089133, "process_util_available": true, "process_util_backend": "nvml", "process_sm_util_percent": 24.0, "process_mem_util_percent": 3.0}
{"timestamp_unix": 1772436639.977501, "pid": 77184, "device_index": 0, "gpu_uuid": "GPU-6f954bfd-7081-31b7-f15c-f9a174bf4d7f", "gpu_util_percent": 23.0, "gpu_mem_util_percent": 3.0, "gpu_mem_used_mib": 36511.0, "gpu_mem_total_mib": 49140.0, "gpu_power_w": 94.0, "process_present": true, "process_mem_mib": 36024.0, "process_mem_share_percent": 73.3089133089133, "process_util_available": true, "process_util_backend": "nvml", "process_sm_util_percent": 24.0, "process_mem_util_percent": 3.0}
{"timestamp_unix": 1772436640.283888, "pid": 77184, "device_index": 0, "gpu_uuid": "GPU-6f954bfd-7081-31b7-f15c-f9a174bf4d7f", "gpu_util_percent": 23.0, "gpu_mem_util_percent": 3.0, "gpu_mem_used_mib": 36511.0, "gpu_mem_total_mib": 49140.0, "gpu_power_w": 94.0, "process_present": true, "process_mem_mib": 36024.0, "process_mem_share_percent": 73.3089133089133, "process_util_available": true, "process_util_backend": "nvml", "process_sm_util_percent": 24.0, "process_mem_util_percent": 3.0}
{"timestamp_unix": 1772436640.582721, "pid": 77184, "device_index": 0, "gpu_uuid": "GPU-6f954bfd-7081-31b7-f15c-f9a174bf4d7f", "gpu_util_percent": 23.0, "gpu_mem_util_percent": 3.0, "gpu_mem_used_mib": 36511.0, "gpu_mem_total_mib": 49140.0, "gpu_power_w": 93.98, "process_present": true, "process_mem_mib": 36024.0, "process_mem_share_percent": 73.3089133089133, "process_util_available": true, "process_util_backend": "nvml", "process_sm_util_percent": 24.0, "process_mem_util_percent": 3.0}
{"timestamp_unix": 1772436640.87206, "pid": 77184, "device_index": 0, "gpu_uuid": "GPU-6f954bfd-7081-31b7-f15c-f9a174bf4d7f", "gpu_util_percent": 19.0, "gpu_mem_util_percent": 3.0, "gpu_mem_used_mib": 36511.0, "gpu_mem_total_mib": 49140.0, "gpu_power_w": 92.82, "process_present": true, "process_mem_mib": 36024.0, "process_mem_share_percent": 73.3089133089133, "process_util_available": true, "process_util_backend": "nvml", "process_sm_util_percent": null, "process_mem_util_percent": null}
