{"timestamp_unix": 1772432492.8954353, "pid": 44132, "device_index": 0, "gpu_uuid": "GPU-6f954bfd-7081-31b7-f15c-f9a174bf4d7f", "gpu_util_percent": 49.0, "gpu_mem_util_percent": 20.0, "gpu_mem_used_mib": 991.0, "gpu_mem_total_mib": 49140.0, "gpu_power_w": 46.14, "process_present": true, "process_mem_mib": 500.0, "process_mem_share_percent": 1.0175010175010175, "process_util_available": true, "process_util_backend": "nvml", "process_sm_util_percent": null, "process_mem_util_percent": null}
{"timestamp_unix": 1772432493.2943318, "pid": 44132, "device_index": 0, "gpu_uuid": "GPU-6f954bfd-7081-31b7-f15c-f9a174bf4d7f", "gpu_util_percent": 15.0, "gpu_mem_util_percent": 1.0, "gpu_mem_used_mib": 989.0, "gpu_mem_total_mib": 49140.0, "gpu_power_w": 61.97, "process_present": true, "process_mem_mib": 500.0, "process_mem_share_percent": 1.0175010175010175, "process_util_available": true, "process_util_backend": "nvml", "process_sm_util_percent": null, "process_mem_util_percent": null}
{"timestamp_unix": 1772432493.5982583, "pid": 44132, "device_index": 0, "gpu_uuid": "GPU-6f954bfd-7081-31b7-f15c-f9a174bf4d7f", "gpu_util_percent": 15.0, "gpu_mem_util_percent": 1.0, "gpu_mem_used_mib": 988.0, "gpu_mem_total_mib": 49140.0, "gpu_power_w": 61.97, "process_present": true, "process_mem_mib": 500.0, "process_mem_share_percent": 1.0175010175010175, "process_util_available": true, "process_util_backend": "nvml", "process_sm_util_percent": null, "process_mem_util_percent": null}
{"timestamp_unix": 1772432493.9168823, "pid": 44132, "device_index": 0, "gpu_uuid": "GPU-6f954bfd-7081-31b7-f15c-f9a174bf4d7f", "gpu_util_percent": 15.0, "gpu_mem_util_percent": 1.0, "gpu_mem_used_mib": 988.0, "gpu_mem_total_mib": 49140.0, "gpu_power_w": 78.5, "process_present": true, "process_mem_mib": 500.0, "process_mem_share_percent": 1.0175010175010175, "process_util_available": true, "process_util_backend": "nvml", "process_sm_util_percent": null, "process_mem_util_percent": null}
{"timestamp_unix": 1772432494.203044, "pid": 44132, "device_index": 0, "gpu_uuid": "GPU-6f954bfd-7081-31b7-f15c-f9a174bf4d7f", "gpu_util_percent": 17.0, "gpu_mem_util_percent": 1.0, "gpu_mem_used_mib": 1078.0, "gpu_mem_total_mib": 49140.0, "gpu_power_w": 83.18, "process_present": true, "process_mem_mib": 590.0, "process_mem_share_percent": 1.2006512006512007, "process_util_available": true, "process_util_backend": "nvml", "process_sm_util_percent": 17.0, "process_mem_util_percent": 1.0}
{"timestamp_unix": 1772432494.4919984, "pid": 44132, "device_index": 0, "gpu_uuid": "GPU-6f954bfd-7081-31b7-f15c-f9a174bf4d7f", "gpu_util_percent": 17.0, "gpu_mem_util_percent": 1.0, "gpu_mem_used_mib": 1160.0, "gpu_mem_total_mib": 49140.0, "gpu_power_w": 83.18, "process_present": true, "process_mem_mib": 690.0, "process_mem_share_percent": 1.4041514041514043, "process_util_available": true, "process_util_backend": "nvml", "process_sm_util_percent": 16.0, "process_mem_util_percent": 1.0}
{"timestamp_unix": 1772432494.782857, "pid": 44132, "device_index": 0, "gpu_uuid": "GPU-6f954bfd-7081-31b7-f15c-f9a174bf4d7f", "gpu_util_percent": 17.0, "gpu_mem_util_percent": 1.0, "gpu_mem_used_mib": 1438.0, "gpu_mem_total_mib": 49140.0, "gpu_power_w": 84.06, "process_present": true, "process_mem_mib": 1004.0, "process_mem_share_percent": 2.0431420431420433, "process_util_available": true, "process_util_backend": "nvml", "process_sm_util_percent": 19.0, "process_mem_util_percent": 1.0}
{"timestamp_unix": 1772432495.0701218, "pid": 44132, "device_index": 0, "gpu_uuid": "GPU-6f954bfd-7081-31b7-f15c-f9a174bf4d7f", "gpu_util_percent": 17.0, "gpu_mem_util_percent": 1.0, "gpu_mem_used_mib": 1802.0, "gpu_mem_total_mib": 49140.0, "gpu_power_w": 84.06, "process_present": true, "process_mem_mib": 1352.0, "process_mem_share_percent": 2.751322751322751, "process_util_available": true, "process_util_backend": "nvml", "process_sm_util_percent": 22.0, "process_mem_util_percent": 2.0}
{"timestamp_unix": 1772432495.3583739, "pid": 44132, "device_index": 0, "gpu_uuid": "GPU-6f954bfd-7081-31b7-f15c-f9a174bf4d7f", "gpu_util_percent": 23.0, "gpu_mem_util_percent": 2.0, "gpu_mem_used_mib": 2186.0, "gpu_mem_total_mib": 49140.0, "gpu_power_w": 87.42, "process_present": true, "process_mem_mib": 1740.0, "process_mem_share_percent": 3.5409035409035408, "process_util_available": true, "process_util_backend": "nvml", "process_sm_util_percent": 22.0, "process_mem_util_percent": 2.0}
{"timestamp_unix": 1772432495.6767592, "pid": 44132, "device_index": 0, "gpu_uuid": "GPU-6f954bfd-7081-31b7-f15c-f9a174bf4d7f", "gpu_util_percent": 23.0, "gpu_mem_util_percent": 2.0, "gpu_mem_used_mib": 2602.0, "gpu_mem_total_mib": 49140.0, "gpu_power_w": 89.89, "process_present": true, "process_mem_mib": 2162.0, "process_mem_share_percent": 4.399674399674399, "process_util_available": true, "process_util_backend": "nvml", "process_sm_util_percent": 21.0, "process_mem_util_percent": 2.0}
{"timestamp_unix": 1772432495.9823308, "pid": 44132, "device_index": 0, "gpu_uuid": "GPU-6f954bfd-7081-31b7-f15c-f9a174bf4d7f", "gpu_util_percent": 23.0, "gpu_mem_util_percent": 2.0, "gpu_mem_used_mib": 3038.0, "gpu_mem_total_mib": 49140.0, "gpu_power_w": 89.89, "process_present": true, "process_mem_mib": 2602.0, "process_mem_share_percent": 5.2950752950752955, "process_util_available": true, "process_util_backend": "nvml", "process_sm_util_percent": 22.0, "process_mem_util_percent": 2.0}
{"timestamp_unix": 1772432496.2781098, "pid": 44132, "device_index": 0, "gpu_uuid": "GPU-6f954bfd-7081-31b7-f15c-f9a174bf4d7f", "gpu_util_percent": 24.0, "gpu_mem_util_percent": 2.0, "gpu_mem_used_mib": 3440.0, "gpu_mem_total_mib": 49140.0, "gpu_power_w": 90.0, "process_present": true, "process_mem_mib": 3020.0, "process_mem_share_percent": 6.1457061457061455, "process_util_available": true, "process_util_backend": "nvml", "process_sm_util_percent": 22.0, "process_mem_util_percent": 2.0}
{"timestamp_unix": 1772432496.5697994, "pid": 44132, "device_index": 0, "gpu_uuid": "GPU-6f954bfd-7081-31b7-f15c-f9a174bf4d7f", "gpu_util_percent": 24.0, "gpu_mem_util_percent": 2.0, "gpu_mem_used_mib": 3908.0, "gpu_mem_total_mib": 49140.0, "gpu_power_w": 90.0, "process_present": true, "process_mem_mib": 3494.0, "process_mem_share_percent": 7.11029711029711, "process_util_available": true, "process_util_backend": "nvml", "process_sm_util_percent": 19.0, "process_mem_util_percent": 2.0}
{"timestamp_unix": 1772432496.8593593, "pid": 44132, "device_index": 0, "gpu_uuid": "GPU-6f954bfd-7081-31b7-f15c-f9a174bf4d7f", "gpu_util_percent": 24.0, "gpu_mem_util_percent": 2.0, "gpu_mem_used_mib": 4387.0, "gpu_mem_total_mib": 49140.0, "gpu_power_w": 90.02, "process_present": true, "process_mem_mib": 3972.0, "process_mem_share_percent": 8.083028083028083, "process_util_available": true, "process_util_backend": "nvml", "process_sm_util_percent": 21.0, "process_mem_util_percent": 2.0}
{"timestamp_unix": 1772432497.1512504, "pid": 44132, "device_index": 0, "gpu_uuid": "GPU-6f954bfd-7081-31b7-f15c-f9a174bf4d7f", "gpu_util_percent": 22.0, "gpu_mem_util_percent": 3.0, "gpu_mem_used_mib": 4867.0, "gpu_mem_total_mib": 49140.0, "gpu_power_w": 90.6, "process_present": true, "process_mem_mib": 4452.0, "process_mem_share_percent": 9.05982905982906, "process_util_available": true, "process_util_backend": "nvml", "process_sm_util_percent": 21.0, "process_mem_util_percent": 2.0}
{"timestamp_unix": 1772432497.4411738, "pid": 44132, "device_index": 0, "gpu_uuid": "GPU-6f954bfd-7081-31b7-f15c-f9a174bf4d7f", "gpu_util_percent": 22.0, "gpu_mem_util_percent": 3.0, "gpu_mem_used_mib": 5371.0, "gpu_mem_total_mib": 49140.0, "gpu_power_w": 90.6, "process_present": true, "process_mem_mib": 4966.0, "process_mem_share_percent": 10.105820105820106, "process_util_available": true, "process_util_backend": "nvml", "process_sm_util_percent": 20.0, "process_mem_util_percent": 2.0}
{"timestamp_unix": 1772432497.7338414, "pid": 44132, "device_index": 0, "gpu_uuid": "GPU-6f954bfd-7081-31b7-f15c-f9a174bf4d7f", "gpu_util_percent": 22.0, "gpu_mem_util_percent": 3.0, "gpu_mem_used_mib": 5901.0, "gpu_mem_total_mib": 49140.0, "gpu_power_w": 90.68, "process_present": true, "process_mem_mib": 5474.0, "process_mem_share_percent": 11.139601139601139, "process_util_available": true, "process_util_backend": "nvml", "process_sm_util_percent": 21.0, "process_mem_util_percent": 2.0}
{"timestamp_unix": 1772432498.0236564, "pid": 44132, "device_index": 0, "gpu_uuid": "GPU-6f954bfd-7081-31b7-f15c-f9a174bf4d7f", "gpu_util_percent": 22.0, "gpu_mem_util_percent": 3.0, "gpu_mem_used_mib": 6413.0, "gpu_mem_total_mib": 49140.0, "gpu_power_w": 90.68, "process_present": true, "process_mem_mib": 6012.0, "process_mem_share_percent": 12.234432234432234, "process_util_available": true, "process_util_backend": "nvml", "process_sm_util_percent": 20.0, "process_mem_util_percent": 2.0}
{"timestamp_unix": 1772432498.326431, "pid": 44132, "device_index": 0, "gpu_uuid": "GPU-6f954bfd-7081-31b7-f15c-f9a174bf4d7f", "gpu_util_percent": 20.0, "gpu_mem_util_percent": 2.0, "gpu_mem_used_mib": 6904.0, "gpu_mem_total_mib": 49140.0, "gpu_power_w": 90.66, "process_present": true, "process_mem_mib": 6422.0, "process_mem_share_percent": 13.068783068783068, "process_util_available": true, "process_util_backend": "nvml", "process_sm_util_percent": 21.0, "process_mem_util_percent": 2.0}
{"timestamp_unix": 1772432498.6297114, "pid": 44132, "device_index": 0, "gpu_uuid": "GPU-6f954bfd-7081-31b7-f15c-f9a174bf4d7f", "gpu_util_percent": 20.0, "gpu_mem_util_percent": 2.0, "gpu_mem_used_mib": 6994.0, "gpu_mem_total_mib": 49140.0, "gpu_power_w": 90.66, "process_present": true, "process_mem_mib": 6512.0, "process_mem_share_percent": 13.25193325193325, "process_util_available": true, "process_util_backend": "nvml", "process_sm_util_percent": 15.0, "process_mem_util_percent": 1.0}
{"timestamp_unix": 1772432498.9318278, "pid": 44132, "device_index": 0, "gpu_uuid": "GPU-6f954bfd-7081-31b7-f15c-f9a174bf4d7f", "gpu_util_percent": 20.0, "gpu_mem_util_percent": 2.0, "gpu_mem_used_mib": 6994.0, "gpu_mem_total_mib": 49140.0, "gpu_power_w": 90.3, "process_present": true, "process_mem_mib": 6512.0, "process_mem_share_percent": 13.25193325193325, "process_util_available": true, "process_util_backend": "nvml", "process_sm_util_percent": 25.0, "process_mem_util_percent": 2.0}
{"timestamp_unix": 1772432499.2224846, "pid": 44132, "device_index": 0, "gpu_uuid": "GPU-6f954bfd-7081-31b7-f15c-f9a174bf4d7f", "gpu_util_percent": 26.0, "gpu_mem_util_percent": 3.0, "gpu_mem_used_mib": 6994.0, "gpu_mem_total_mib": 49140.0, "gpu_power_w": 91.33, "process_present": true, "process_mem_mib": 6512.0, "process_mem_share_percent": 13.25193325193325, "process_util_available": true, "process_util_backend": "nvml", "process_sm_util_percent": 26.0, "process_mem_util_percent": 2.0}
{"timestamp_unix": 1772432499.5135567, "pid": 44132, "device_index": 0, "gpu_uuid": "GPU-6f954bfd-7081-31b7-f15c-f9a174bf4d7f", "gpu_util_percent": 26.0, "gpu_mem_util_percent": 3.0, "gpu_mem_used_mib": 6994.0, "gpu_mem_total_mib": 49140.0, "gpu_power_w": 91.33, "process_present": true, "process_mem_mib": 6512.0, "process_mem_share_percent": 13.25193325193325, "process_util_available": true, "process_util_backend": "nvml", "process_sm_util_percent": 26.0, "process_mem_util_percent": 2.0}
{"timestamp_unix": 1772432499.8031285, "pid": 44132, "device_index": 0, "gpu_uuid": "GPU-6f954bfd-7081-31b7-f15c-f9a174bf4d7f", "gpu_util_percent": 26.0, "gpu_mem_util_percent": 3.0, "gpu_mem_used_mib": 6994.0, "gpu_mem_total_mib": 49140.0, "gpu_power_w": 92.98, "process_present": true, "process_mem_mib": 6512.0, "process_mem_share_percent": 13.25193325193325, "process_util_available": true, "process_util_backend": "nvml", "process_sm_util_percent": 25.0, "process_mem_util_percent": 2.0}
{"timestamp_unix": 1772432500.0931568, "pid": 44132, "device_index": 0, "gpu_uuid": "GPU-6f954bfd-7081-31b7-f15c-f9a174bf4d7f", "gpu_util_percent": 26.0, "gpu_mem_util_percent": 3.0, "gpu_mem_used_mib": 6994.0, "gpu_mem_total_mib": 49140.0, "gpu_power_w": 92.98, "process_present": true, "process_mem_mib": 6512.0, "process_mem_share_percent": 13.25193325193325, "process_util_available": true, "process_util_backend": "nvml", "process_sm_util_percent": 26.0, "process_mem_util_percent": 2.0}
{"timestamp_unix": 1772432500.383962, "pid": 44132, "device_index": 0, "gpu_uuid": "GPU-6f954bfd-7081-31b7-f15c-f9a174bf4d7f", "gpu_util_percent": 25.0, "gpu_mem_util_percent": 3.0, "gpu_mem_used_mib": 6994.0, "gpu_mem_total_mib": 49140.0, "gpu_power_w": 92.86, "process_present": true, "process_mem_mib": 6512.0, "process_mem_share_percent": 13.25193325193325, "process_util_available": true, "process_util_backend": "nvml", "process_sm_util_percent": 26.0, "process_mem_util_percent": 2.0}
{"timestamp_unix": 1772432500.6715302, "pid": 44132, "device_index": 0, "gpu_uuid": "GPU-6f954bfd-7081-31b7-f15c-f9a174bf4d7f", "gpu_util_percent": 25.0, "gpu_mem_util_percent": 3.0, "gpu_mem_used_mib": 6994.0, "gpu_mem_total_mib": 49140.0, "gpu_power_w": 92.67, "process_present": true, "process_mem_mib": 6512.0, "process_mem_share_percent": 13.25193325193325, "process_util_available": true, "process_util_backend": "nvml", "process_sm_util_percent": 25.0, "process_mem_util_percent": 2.0}
{"timestamp_unix": 1772432500.9707203, "pid": 44132, "device_index": 0, "gpu_uuid": "GPU-6f954bfd-7081-31b7-f15c-f9a174bf4d7f", "gpu_util_percent": 25.0, "gpu_mem_util_percent": 3.0, "gpu_mem_used_mib": 6994.0, "gpu_mem_total_mib": 49140.0, "gpu_power_w": 92.67, "process_present": true, "process_mem_mib": 6512.0, "process_mem_share_percent": 13.25193325193325, "process_util_available": true, "process_util_backend": "nvml", "process_sm_util_percent": 25.0, "process_mem_util_percent": 2.0}
{"timestamp_unix": 1772432501.2802007, "pid": 44132, "device_index": 0, "gpu_uuid": "GPU-6f954bfd-7081-31b7-f15c-f9a174bf4d7f", "gpu_util_percent": 25.0, "gpu_mem_util_percent": 3.0, "gpu_mem_used_mib": 6997.0, "gpu_mem_total_mib": 49140.0, "gpu_power_w": 92.54, "process_present": true, "process_mem_mib": 6512.0, "process_mem_share_percent": 13.25193325193325, "process_util_available": true, "process_util_backend": "nvml", "process_sm_util_percent": 26.0, "process_mem_util_percent": 2.0}
{"timestamp_unix": 1772432501.5839174, "pid": 44132, "device_index": 0, "gpu_uuid": "GPU-6f954bfd-7081-31b7-f15c-f9a174bf4d7f", "gpu_util_percent": 25.0, "gpu_mem_util_percent": 3.0, "gpu_mem_used_mib": 6997.0, "gpu_mem_total_mib": 49140.0, "gpu_power_w": 92.54, "process_present": true, "process_mem_mib": 6512.0, "process_mem_share_percent": 13.25193325193325, "process_util_available": true, "process_util_backend": "nvml", "process_sm_util_percent": 25.0, "process_mem_util_percent": 2.0}
{"timestamp_unix": 1772432501.8835502, "pid": 44132, "device_index": 0, "gpu_uuid": "GPU-6f954bfd-7081-31b7-f15c-f9a174bf4d7f", "gpu_util_percent": 25.0, "gpu_mem_util_percent": 3.0, "gpu_mem_used_mib": 6997.0, "gpu_mem_total_mib": 49140.0, "gpu_power_w": 92.45, "process_present": true, "process_mem_mib": 6512.0, "process_mem_share_percent": 13.25193325193325, "process_util_available": true, "process_util_backend": "nvml", "process_sm_util_percent": 25.0, "process_mem_util_percent": 2.0}
{"timestamp_unix": 1772432502.1720397, "pid": 44132, "device_index": 0, "gpu_uuid": "GPU-6f954bfd-7081-31b7-f15c-f9a174bf4d7f", "gpu_util_percent": 26.0, "gpu_mem_util_percent": 3.0, "gpu_mem_used_mib": 6998.0, "gpu_mem_total_mib": 49140.0, "gpu_power_w": 92.41, "process_present": true, "process_mem_mib": 6512.0, "process_mem_share_percent": 13.25193325193325, "process_util_available": true, "process_util_backend": "nvml", "process_sm_util_percent": 27.0, "process_mem_util_percent": 2.0}
{"timestamp_unix": 1772432502.4599578, "pid": 44132, "device_index": 0, "gpu_uuid": "GPU-6f954bfd-7081-31b7-f15c-f9a174bf4d7f", "gpu_util_percent": 26.0, "gpu_mem_util_percent": 3.0, "gpu_mem_used_mib": 6998.0, "gpu_mem_total_mib": 49140.0, "gpu_power_w": 92.41, "process_present": true, "process_mem_mib": 6512.0, "process_mem_share_percent": 13.25193325193325, "process_util_available": true, "process_util_backend": "nvml", "process_sm_util_percent": 26.0, "process_mem_util_percent": 2.0}
{"timestamp_unix": 1772432502.753251, "pid": 44132, "device_index": 0, "gpu_uuid": "GPU-6f954bfd-7081-31b7-f15c-f9a174bf4d7f", "gpu_util_percent": 26.0, "gpu_mem_util_percent": 3.0, "gpu_mem_used_mib": 6998.0, "gpu_mem_total_mib": 49140.0, "gpu_power_w": 92.3, "process_present": true, "process_mem_mib": 6512.0, "process_mem_share_percent": 13.25193325193325, "process_util_available": true, "process_util_backend": "nvml", "process_sm_util_percent": 26.0, "process_mem_util_percent": 2.0}
{"timestamp_unix": 1772432503.0432513, "pid": 44132, "device_index": 0, "gpu_uuid": "GPU-6f954bfd-7081-31b7-f15c-f9a174bf4d7f", "gpu_util_percent": 26.0, "gpu_mem_util_percent": 3.0, "gpu_mem_used_mib": 6994.0, "gpu_mem_total_mib": 49140.0, "gpu_power_w": 92.3, "process_present": true, "process_mem_mib": 6512.0, "process_mem_share_percent": 13.25193325193325, "process_util_available": true, "process_util_backend": "nvml", "process_sm_util_percent": 24.0, "process_mem_util_percent": 2.0}
{"timestamp_unix": 1772432503.3341284, "pid": 44132, "device_index": 0, "gpu_uuid": "GPU-6f954bfd-7081-31b7-f15c-f9a174bf4d7f", "gpu_util_percent": 26.0, "gpu_mem_util_percent": 2.0, "gpu_mem_used_mib": 6999.0, "gpu_mem_total_mib": 49140.0, "gpu_power_w": 91.8, "process_present": true, "process_mem_mib": 6512.0, "process_mem_share_percent": 13.25193325193325, "process_util_available": true, "process_util_backend": "nvml", "process_sm_util_percent": 23.0, "process_mem_util_percent": 2.0}
{"timestamp_unix": 1772432503.6221979, "pid": 44132, "device_index": 0, "gpu_uuid": "GPU-6f954bfd-7081-31b7-f15c-f9a174bf4d7f", "gpu_util_percent": 26.0, "gpu_mem_util_percent": 2.0, "gpu_mem_used_mib": 7099.0, "gpu_mem_total_mib": 49140.0, "gpu_power_w": 91.8, "process_present": true, "process_mem_mib": 6692.0, "process_mem_share_percent": 13.618233618233619, "process_util_available": true, "process_util_backend": "nvml", "process_sm_util_percent": 23.0, "process_mem_util_percent": 2.0}
{"timestamp_unix": 1772432503.9280634, "pid": 44132, "device_index": 0, "gpu_uuid": "GPU-6f954bfd-7081-31b7-f15c-f9a174bf4d7f", "gpu_util_percent": 26.0, "gpu_mem_util_percent": 2.0, "gpu_mem_used_mib": 7559.0, "gpu_mem_total_mib": 49140.0, "gpu_power_w": 91.47, "process_present": true, "process_mem_mib": 7152.0, "process_mem_share_percent": 14.554334554334556, "process_util_available": true, "process_util_backend": "nvml", "process_sm_util_percent": 23.0, "process_mem_util_percent": 2.0}
{"timestamp_unix": 1772432504.2335765, "pid": 44132, "device_index": 0, "gpu_uuid": "GPU-6f954bfd-7081-31b7-f15c-f9a174bf4d7f", "gpu_util_percent": 23.0, "gpu_mem_util_percent": 3.0, "gpu_mem_used_mib": 8039.0, "gpu_mem_total_mib": 49140.0, "gpu_power_w": 91.54, "process_present": true, "process_mem_mib": 7652.0, "process_mem_share_percent": 15.571835571835571, "process_util_available": true, "process_util_backend": "nvml", "process_sm_util_percent": 23.0, "process_mem_util_percent": 2.0}
{"timestamp_unix": 1772432504.5313294, "pid": 44132, "device_index": 0, "gpu_uuid": "GPU-6f954bfd-7081-31b7-f15c-f9a174bf4d7f", "gpu_util_percent": 23.0, "gpu_mem_util_percent": 3.0, "gpu_mem_used_mib": 8579.0, "gpu_mem_total_mib": 49140.0, "gpu_power_w": 91.54, "process_present": true, "process_mem_mib": 8152.0, "process_mem_share_percent": 16.58933658933659, "process_util_available": true, "process_util_backend": "nvml", "process_sm_util_percent": 21.0, "process_mem_util_percent": 2.0}
{"timestamp_unix": 1772432504.8218908, "pid": 44132, "device_index": 0, "gpu_uuid": "GPU-6f954bfd-7081-31b7-f15c-f9a174bf4d7f", "gpu_util_percent": 23.0, "gpu_mem_util_percent": 3.0, "gpu_mem_used_mib": 9079.0, "gpu_mem_total_mib": 49140.0, "gpu_power_w": 91.34, "process_present": true, "process_mem_mib": 8672.0, "process_mem_share_percent": 17.647537647537646, "process_util_available": true, "process_util_backend": "nvml", "process_sm_util_percent": 22.0, "process_mem_util_percent": 2.0}
{"timestamp_unix": 1772432505.1126142, "pid": 44132, "device_index": 0, "gpu_uuid": "GPU-6f954bfd-7081-31b7-f15c-f9a174bf4d7f", "gpu_util_percent": 23.0, "gpu_mem_util_percent": 3.0, "gpu_mem_used_mib": 9619.0, "gpu_mem_total_mib": 49140.0, "gpu_power_w": 91.34, "process_present": true, "process_mem_mib": 9232.0, "process_mem_share_percent": 18.787138787138787, "process_util_available": true, "process_util_backend": "nvml", "process_sm_util_percent": 22.0, "process_mem_util_percent": 2.0}
{"timestamp_unix": 1772432505.4031036, "pid": 44132, "device_index": 0, "gpu_uuid": "GPU-6f954bfd-7081-31b7-f15c-f9a174bf4d7f", "gpu_util_percent": 23.0, "gpu_mem_util_percent": 3.0, "gpu_mem_used_mib": 10199.0, "gpu_mem_total_mib": 49140.0, "gpu_power_w": 91.36, "process_present": true, "process_mem_mib": 9792.0, "process_mem_share_percent": 19.926739926739927, "process_util_available": true, "process_util_backend": "nvml", "process_sm_util_percent": 23.0, "process_mem_util_percent": 2.0}
{"timestamp_unix": 1772432505.6922846, "pid": 44132, "device_index": 0, "gpu_uuid": "GPU-6f954bfd-7081-31b7-f15c-f9a174bf4d7f", "gpu_util_percent": 23.0, "gpu_mem_util_percent": 3.0, "gpu_mem_used_mib": 10799.0, "gpu_mem_total_mib": 49140.0, "gpu_power_w": 91.41, "process_present": true, "process_mem_mib": 10392.0, "process_mem_share_percent": 21.147741147741147, "process_util_available": true, "process_util_backend": "nvml", "process_sm_util_percent": 22.0, "process_mem_util_percent": 2.0}
{"timestamp_unix": 1772432505.9889176, "pid": 44132, "device_index": 0, "gpu_uuid": "GPU-6f954bfd-7081-31b7-f15c-f9a174bf4d7f", "gpu_util_percent": 23.0, "gpu_mem_util_percent": 3.0, "gpu_mem_used_mib": 11419.0, "gpu_mem_total_mib": 49140.0, "gpu_power_w": 91.41, "process_present": true, "process_mem_mib": 11032.0, "process_mem_share_percent": 22.450142450142447, "process_util_available": true, "process_util_backend": "nvml", "process_sm_util_percent": 21.0, "process_mem_util_percent": 2.0}
{"timestamp_unix": 1772432506.283425, "pid": 44132, "device_index": 0, "gpu_uuid": "GPU-6f954bfd-7081-31b7-f15c-f9a174bf4d7f", "gpu_util_percent": 24.0, "gpu_mem_util_percent": 3.0, "gpu_mem_used_mib": 11815.0, "gpu_mem_total_mib": 49140.0, "gpu_power_w": 91.71, "process_present": true, "process_mem_mib": 11332.0, "process_mem_share_percent": 23.06064306064306, "process_util_available": true, "process_util_backend": "nvml", "process_sm_util_percent": 12.0, "process_mem_util_percent": 1.0}
{"timestamp_unix": 1772432506.5832863, "pid": 44132, "device_index": 0, "gpu_uuid": "GPU-6f954bfd-7081-31b7-f15c-f9a174bf4d7f", "gpu_util_percent": 24.0, "gpu_mem_util_percent": 3.0, "gpu_mem_used_mib": 11855.0, "gpu_mem_total_mib": 49140.0, "gpu_power_w": 91.71, "process_present": true, "process_mem_mib": 11372.0, "process_mem_share_percent": 23.142043142043143, "process_util_available": true, "process_util_backend": "nvml", "process_sm_util_percent": 19.0, "process_mem_util_percent": 2.0}
{"timestamp_unix": 1772432506.8823028, "pid": 44132, "device_index": 0, "gpu_uuid": "GPU-6f954bfd-7081-31b7-f15c-f9a174bf4d7f", "gpu_util_percent": 24.0, "gpu_mem_util_percent": 3.0, "gpu_mem_used_mib": 11855.0, "gpu_mem_total_mib": 49140.0, "gpu_power_w": 91.11, "process_present": true, "process_mem_mib": 11372.0, "process_mem_share_percent": 23.142043142043143, "process_util_available": true, "process_util_backend": "nvml", "process_sm_util_percent": 12.0, "process_mem_util_percent": 1.0}
{"timestamp_unix": 1772432507.1831813, "pid": 44132, "device_index": 0, "gpu_uuid": "GPU-6f954bfd-7081-31b7-f15c-f9a174bf4d7f", "gpu_util_percent": 26.0, "gpu_mem_util_percent": 3.0, "gpu_mem_used_mib": 11855.0, "gpu_mem_total_mib": 49140.0, "gpu_power_w": 91.79, "process_present": true, "process_mem_mib": 11372.0, "process_mem_share_percent": 23.142043142043143, "process_util_available": true, "process_util_backend": "nvml", "process_sm_util_percent": null, "process_mem_util_percent": null}
{"timestamp_unix": 1772432507.4711783, "pid": 44132, "device_index": 0, "gpu_uuid": "GPU-6f954bfd-7081-31b7-f15c-f9a174bf4d7f", "gpu_util_percent": 26.0, "gpu_mem_util_percent": 3.0, "gpu_mem_used_mib": 11855.0, "gpu_mem_total_mib": 49140.0, "gpu_power_w": 91.79, "process_present": true, "process_mem_mib": 11372.0, "process_mem_share_percent": 23.142043142043143, "process_util_available": true, "process_util_backend": "nvml", "process_sm_util_percent": 12.0, "process_mem_util_percent": 1.0}
{"timestamp_unix": 1772432507.7668257, "pid": 44132, "device_index": 0, "gpu_uuid": "GPU-6f954bfd-7081-31b7-f15c-f9a174bf4d7f", "gpu_util_percent": 26.0, "gpu_mem_util_percent": 3.0, "gpu_mem_used_mib": 11855.0, "gpu_mem_total_mib": 49140.0, "gpu_power_w": 92.99, "process_present": true, "process_mem_mib": 11372.0, "process_mem_share_percent": 23.142043142043143, "process_util_available": true, "process_util_backend": "nvml", "process_sm_util_percent": 23.0, "process_mem_util_percent": 2.0}
{"timestamp_unix": 1772432508.0558217, "pid": 44132, "device_index": 0, "gpu_uuid": "GPU-6f954bfd-7081-31b7-f15c-f9a174bf4d7f", "gpu_util_percent": 26.0, "gpu_mem_util_percent": 3.0, "gpu_mem_used_mib": 11855.0, "gpu_mem_total_mib": 49140.0, "gpu_power_w": 92.99, "process_present": true, "process_mem_mib": 11372.0, "process_mem_share_percent": 23.142043142043143, "process_util_available": true, "process_util_backend": "nvml", "process_sm_util_percent": 24.0, "process_mem_util_percent": 2.0}
{"timestamp_unix": 1772432508.3456268, "pid": 44132, "device_index": 0, "gpu_uuid": "GPU-6f954bfd-7081-31b7-f15c-f9a174bf4d7f", "gpu_util_percent": 25.0, "gpu_mem_util_percent": 3.0, "gpu_mem_used_mib": 11855.0, "gpu_mem_total_mib": 49140.0, "gpu_power_w": 92.8, "process_present": true, "process_mem_mib": 11372.0, "process_mem_share_percent": 23.142043142043143, "process_util_available": true, "process_util_backend": "nvml", "process_sm_util_percent": 24.0, "process_mem_util_percent": 2.0}
{"timestamp_unix": 1772432508.6361866, "pid": 44132, "device_index": 0, "gpu_uuid": "GPU-6f954bfd-7081-31b7-f15c-f9a174bf4d7f", "gpu_util_percent": 25.0, "gpu_mem_util_percent": 3.0, "gpu_mem_used_mib": 11855.0, "gpu_mem_total_mib": 49140.0, "gpu_power_w": 92.8, "process_present": true, "process_mem_mib": 11372.0, "process_mem_share_percent": 23.142043142043143, "process_util_available": true, "process_util_backend": "nvml", "process_sm_util_percent": 24.0, "process_mem_util_percent": 2.0}
{"timestamp_unix": 1772432508.9271011, "pid": 44132, "device_index": 0, "gpu_uuid": "GPU-6f954bfd-7081-31b7-f15c-f9a174bf4d7f", "gpu_util_percent": 25.0, "gpu_mem_util_percent": 3.0, "gpu_mem_used_mib": 11855.0, "gpu_mem_total_mib": 49140.0, "gpu_power_w": 92.56, "process_present": true, "process_mem_mib": 11372.0, "process_mem_share_percent": 23.142043142043143, "process_util_available": true, "process_util_backend": "nvml", "process_sm_util_percent": 23.0, "process_mem_util_percent": 2.0}
{"timestamp_unix": 1772432509.2352633, "pid": 44132, "device_index": 0, "gpu_uuid": "GPU-6f954bfd-7081-31b7-f15c-f9a174bf4d7f", "gpu_util_percent": 25.0, "gpu_mem_util_percent": 3.0, "gpu_mem_used_mib": 11854.0, "gpu_mem_total_mib": 49140.0, "gpu_power_w": 92.51, "process_present": true, "process_mem_mib": 11372.0, "process_mem_share_percent": 23.142043142043143, "process_util_available": true, "process_util_backend": "nvml", "process_sm_util_percent": 24.0, "process_mem_util_percent": 2.0}
{"timestamp_unix": 1772432509.5334797, "pid": 44132, "device_index": 0, "gpu_uuid": "GPU-6f954bfd-7081-31b7-f15c-f9a174bf4d7f", "gpu_util_percent": 25.0, "gpu_mem_util_percent": 3.0, "gpu_mem_used_mib": 11857.0, "gpu_mem_total_mib": 49140.0, "gpu_power_w": 92.51, "process_present": true, "process_mem_mib": 11372.0, "process_mem_share_percent": 23.142043142043143, "process_util_available": true, "process_util_backend": "nvml", "process_sm_util_percent": 24.0, "process_mem_util_percent": 2.0}
{"timestamp_unix": 1772432509.8294046, "pid": 44132, "device_index": 0, "gpu_uuid": "GPU-6f954bfd-7081-31b7-f15c-f9a174bf4d7f", "gpu_util_percent": 25.0, "gpu_mem_util_percent": 3.0, "gpu_mem_used_mib": 11857.0, "gpu_mem_total_mib": 49140.0, "gpu_power_w": 92.31, "process_present": true, "process_mem_mib": 11372.0, "process_mem_share_percent": 23.142043142043143, "process_util_available": true, "process_util_backend": "nvml", "process_sm_util_percent": 23.0, "process_mem_util_percent": 2.0}
{"timestamp_unix": 1772432510.1223104, "pid": 44132, "device_index": 0, "gpu_uuid": "GPU-6f954bfd-7081-31b7-f15c-f9a174bf4d7f", "gpu_util_percent": 25.0, "gpu_mem_util_percent": 3.0, "gpu_mem_used_mib": 11857.0, "gpu_mem_total_mib": 49140.0, "gpu_power_w": 92.31, "process_present": true, "process_mem_mib": 11372.0, "process_mem_share_percent": 23.142043142043143, "process_util_available": true, "process_util_backend": "nvml", "process_sm_util_percent": 25.0, "process_mem_util_percent": 2.0}
{"timestamp_unix": 1772432510.4120228, "pid": 44132, "device_index": 0, "gpu_uuid": "GPU-6f954bfd-7081-31b7-f15c-f9a174bf4d7f", "gpu_util_percent": 26.0, "gpu_mem_util_percent": 3.0, "gpu_mem_used_mib": 11857.0, "gpu_mem_total_mib": 49140.0, "gpu_power_w": 92.37, "process_present": true, "process_mem_mib": 11372.0, "process_mem_share_percent": 23.142043142043143, "process_util_available": true, "process_util_backend": "nvml", "process_sm_util_percent": 24.0, "process_mem_util_percent": 2.0}
{"timestamp_unix": 1772432510.702899, "pid": 44132, "device_index": 0, "gpu_uuid": "GPU-6f954bfd-7081-31b7-f15c-f9a174bf4d7f", "gpu_util_percent": 26.0, "gpu_mem_util_percent": 3.0, "gpu_mem_used_mib": 11857.0, "gpu_mem_total_mib": 49140.0, "gpu_power_w": 92.4, "process_present": true, "process_mem_mib": 11372.0, "process_mem_share_percent": 23.142043142043143, "process_util_available": true, "process_util_backend": "nvml", "process_sm_util_percent": 23.0, "process_mem_util_percent": 2.0}
{"timestamp_unix": 1772432510.993468, "pid": 44132, "device_index": 0, "gpu_uuid": "GPU-6f954bfd-7081-31b7-f15c-f9a174bf4d7f", "gpu_util_percent": 26.0, "gpu_mem_util_percent": 3.0, "gpu_mem_used_mib": 11857.0, "gpu_mem_total_mib": 49140.0, "gpu_power_w": 92.4, "process_present": true, "process_mem_mib": 11372.0, "process_mem_share_percent": 23.142043142043143, "process_util_available": true, "process_util_backend": "nvml", "process_sm_util_percent": 23.0, "process_mem_util_percent": 2.0}
{"timestamp_unix": 1772432511.28444, "pid": 44132, "device_index": 0, "gpu_uuid": "GPU-6f954bfd-7081-31b7-f15c-f9a174bf4d7f", "gpu_util_percent": 22.0, "gpu_mem_util_percent": 3.0, "gpu_mem_used_mib": 11857.0, "gpu_mem_total_mib": 49140.0, "gpu_power_w": 92.1, "process_present": true, "process_mem_mib": 11372.0, "process_mem_share_percent": 23.142043142043143, "process_util_available": true, "process_util_backend": "nvml", "process_sm_util_percent": 22.0, "process_mem_util_percent": 2.0}
{"timestamp_unix": 1772432511.5751379, "pid": 44132, "device_index": 0, "gpu_uuid": "GPU-6f954bfd-7081-31b7-f15c-f9a174bf4d7f", "gpu_util_percent": 22.0, "gpu_mem_util_percent": 3.0, "gpu_mem_used_mib": 11856.0, "gpu_mem_total_mib": 49140.0, "gpu_power_w": 92.1, "process_present": true, "process_mem_mib": 11372.0, "process_mem_share_percent": 23.142043142043143, "process_util_available": true, "process_util_backend": "nvml", "process_sm_util_percent": 22.0, "process_mem_util_percent": 2.0}
{"timestamp_unix": 1772432511.8792422, "pid": 44132, "device_index": 0, "gpu_uuid": "GPU-6f954bfd-7081-31b7-f15c-f9a174bf4d7f", "gpu_util_percent": 22.0, "gpu_mem_util_percent": 3.0, "gpu_mem_used_mib": 11856.0, "gpu_mem_total_mib": 49140.0, "gpu_power_w": 91.9, "process_present": true, "process_mem_mib": 11372.0, "process_mem_share_percent": 23.142043142043143, "process_util_available": true, "process_util_backend": "nvml", "process_sm_util_percent": 22.0, "process_mem_util_percent": 2.0}
{"timestamp_unix": 1772432512.1847284, "pid": 44132, "device_index": 0, "gpu_uuid": "GPU-6f954bfd-7081-31b7-f15c-f9a174bf4d7f", "gpu_util_percent": 23.0, "gpu_mem_util_percent": 3.0, "gpu_mem_used_mib": 11856.0, "gpu_mem_total_mib": 49140.0, "gpu_power_w": 91.98, "process_present": true, "process_mem_mib": 11372.0, "process_mem_share_percent": 23.142043142043143, "process_util_available": true, "process_util_backend": "nvml", "process_sm_util_percent": 23.0, "process_mem_util_percent": 2.0}
{"timestamp_unix": 1772432512.4829516, "pid": 44132, "device_index": 0, "gpu_uuid": "GPU-6f954bfd-7081-31b7-f15c-f9a174bf4d7f", "gpu_util_percent": 23.0, "gpu_mem_util_percent": 3.0, "gpu_mem_used_mib": 11856.0, "gpu_mem_total_mib": 49140.0, "gpu_power_w": 91.98, "process_present": true, "process_mem_mib": 11372.0, "process_mem_share_percent": 23.142043142043143, "process_util_available": true, "process_util_backend": "nvml", "process_sm_util_percent": 23.0, "process_mem_util_percent": 2.0}
{"timestamp_unix": 1772432512.82202, "pid": 44132, "device_index": 0, "gpu_uuid": "GPU-6f954bfd-7081-31b7-f15c-f9a174bf4d7f", "gpu_util_percent": 23.0, "gpu_mem_util_percent": 3.0, "gpu_mem_used_mib": 11856.0, "gpu_mem_total_mib": 49140.0, "gpu_power_w": 92.35, "process_present": true, "process_mem_mib": 11372.0, "process_mem_share_percent": 23.142043142043143, "process_util_available": true, "process_util_backend": "nvml", "process_sm_util_percent": null, "process_mem_util_percent": null}
{"timestamp_unix": 1772432513.1103156, "pid": 44132, "device_index": 0, "gpu_uuid": "GPU-6f954bfd-7081-31b7-f15c-f9a174bf4d7f", "gpu_util_percent": 23.0, "gpu_mem_util_percent": 3.0, "gpu_mem_used_mib": 11856.0, "gpu_mem_total_mib": 49140.0, "gpu_power_w": 92.35, "process_present": true, "process_mem_mib": 11372.0, "process_mem_share_percent": 23.142043142043143, "process_util_available": true, "process_util_backend": "nvml", "process_sm_util_percent": 21.0, "process_mem_util_percent": 2.0}
{"timestamp_unix": 1772432513.4008846, "pid": 44132, "device_index": 0, "gpu_uuid": "GPU-6f954bfd-7081-31b7-f15c-f9a174bf4d7f", "gpu_util_percent": 23.0, "gpu_mem_util_percent": 3.0, "gpu_mem_used_mib": 12096.0, "gpu_mem_total_mib": 49140.0, "gpu_power_w": 91.46, "process_present": true, "process_mem_mib": 11752.0, "process_mem_share_percent": 23.915343915343914, "process_util_available": true, "process_util_backend": "nvml", "process_sm_util_percent": 23.0, "process_mem_util_percent": 3.0}
{"timestamp_unix": 1772432513.688962, "pid": 44132, "device_index": 0, "gpu_uuid": "GPU-6f954bfd-7081-31b7-f15c-f9a174bf4d7f", "gpu_util_percent": 23.0, "gpu_mem_util_percent": 3.0, "gpu_mem_used_mib": 12995.0, "gpu_mem_total_mib": 49140.0, "gpu_power_w": 91.51, "process_present": true, "process_mem_mib": 12632.0, "process_mem_share_percent": 25.706145706145705, "process_util_available": true, "process_util_backend": "nvml", "process_sm_util_percent": 11.0, "process_mem_util_percent": 1.0}
{"timestamp_unix": 1772432513.9785154, "pid": 44132, "device_index": 0, "gpu_uuid": "GPU-6f954bfd-7081-31b7-f15c-f9a174bf4d7f", "gpu_util_percent": 23.0, "gpu_mem_util_percent": 3.0, "gpu_mem_used_mib": 13895.0, "gpu_mem_total_mib": 49140.0, "gpu_power_w": 91.51, "process_present": true, "process_mem_mib": 13532.0, "process_mem_share_percent": 27.537647537647537, "process_util_available": true, "process_util_backend": "nvml", "process_sm_util_percent": 22.0, "process_mem_util_percent": 3.0}
{"timestamp_unix": 1772432514.2737954, "pid": 44132, "device_index": 0, "gpu_uuid": "GPU-6f954bfd-7081-31b7-f15c-f9a174bf4d7f", "gpu_util_percent": 22.0, "gpu_mem_util_percent": 3.0, "gpu_mem_used_mib": 14835.0, "gpu_mem_total_mib": 49140.0, "gpu_power_w": 92.67, "process_present": true, "process_mem_mib": 14512.0, "process_mem_share_percent": 29.53194953194953, "process_util_available": true, "process_util_backend": "nvml", "process_sm_util_percent": 22.0, "process_mem_util_percent": 3.0}
{"timestamp_unix": 1772432514.5764863, "pid": 44132, "device_index": 0, "gpu_uuid": "GPU-6f954bfd-7081-31b7-f15c-f9a174bf4d7f", "gpu_util_percent": 22.0, "gpu_mem_util_percent": 3.0, "gpu_mem_used_mib": 15054.0, "gpu_mem_total_mib": 49140.0, "gpu_power_w": 92.67, "process_present": true, "process_mem_mib": 14572.0, "process_mem_share_percent": 29.65404965404965, "process_util_available": true, "process_util_backend": "nvml", "process_sm_util_percent": null, "process_mem_util_percent": null}
{"timestamp_unix": 1772432514.8823175, "pid": 44132, "device_index": 0, "gpu_uuid": "GPU-6f954bfd-7081-31b7-f15c-f9a174bf4d7f", "gpu_util_percent": 22.0, "gpu_mem_util_percent": 3.0, "gpu_mem_used_mib": 15054.0, "gpu_mem_total_mib": 49140.0, "gpu_power_w": 91.34, "process_present": true, "process_mem_mib": 14572.0, "process_mem_share_percent": 29.65404965404965, "process_util_available": true, "process_util_backend": "nvml", "process_sm_util_percent": 23.0, "process_mem_util_percent": 2.0}
{"timestamp_unix": 1772432515.1815073, "pid": 44132, "device_index": 0, "gpu_uuid": "GPU-6f954bfd-7081-31b7-f15c-f9a174bf4d7f", "gpu_util_percent": 25.0, "gpu_mem_util_percent": 3.0, "gpu_mem_used_mib": 15054.0, "gpu_mem_total_mib": 49140.0, "gpu_power_w": 91.77, "process_present": true, "process_mem_mib": 14572.0, "process_mem_share_percent": 29.65404965404965, "process_util_available": true, "process_util_backend": "nvml", "process_sm_util_percent": 25.0, "process_mem_util_percent": 3.0}
{"timestamp_unix": 1772432515.4693172, "pid": 44132, "device_index": 0, "gpu_uuid": "GPU-6f954bfd-7081-31b7-f15c-f9a174bf4d7f", "gpu_util_percent": 25.0, "gpu_mem_util_percent": 3.0, "gpu_mem_used_mib": 15054.0, "gpu_mem_total_mib": 49140.0, "gpu_power_w": 91.77, "process_present": true, "process_mem_mib": 14572.0, "process_mem_share_percent": 29.65404965404965, "process_util_available": true, "process_util_backend": "nvml", "process_sm_util_percent": 24.0, "process_mem_util_percent": 2.0}
{"timestamp_unix": 1772432515.7622554, "pid": 44132, "device_index": 0, "gpu_uuid": "GPU-6f954bfd-7081-31b7-f15c-f9a174bf4d7f", "gpu_util_percent": 25.0, "gpu_mem_util_percent": 3.0, "gpu_mem_used_mib": 15054.0, "gpu_mem_total_mib": 49140.0, "gpu_power_w": 93.1, "process_present": true, "process_mem_mib": 14572.0, "process_mem_share_percent": 29.65404965404965, "process_util_available": true, "process_util_backend": "nvml", "process_sm_util_percent": 24.0, "process_mem_util_percent": 3.0}
{"timestamp_unix": 1772432516.0510397, "pid": 44132, "device_index": 0, "gpu_uuid": "GPU-6f954bfd-7081-31b7-f15c-f9a174bf4d7f", "gpu_util_percent": 25.0, "gpu_mem_util_percent": 3.0, "gpu_mem_used_mib": 15054.0, "gpu_mem_total_mib": 49140.0, "gpu_power_w": 93.1, "process_present": true, "process_mem_mib": 14572.0, "process_mem_share_percent": 29.65404965404965, "process_util_available": true, "process_util_backend": "nvml", "process_sm_util_percent": 24.0, "process_mem_util_percent": 2.0}
{"timestamp_unix": 1772432516.338753, "pid": 44132, "device_index": 0, "gpu_uuid": "GPU-6f954bfd-7081-31b7-f15c-f9a174bf4d7f", "gpu_util_percent": 25.0, "gpu_mem_util_percent": 3.0, "gpu_mem_used_mib": 15058.0, "gpu_mem_total_mib": 49140.0, "gpu_power_w": 93.37, "process_present": true, "process_mem_mib": 14572.0, "process_mem_share_percent": 29.65404965404965, "process_util_available": true, "process_util_backend": "nvml", "process_sm_util_percent": 24.0, "process_mem_util_percent": 3.0}
{"timestamp_unix": 1772432516.625423, "pid": 44132, "device_index": 0, "gpu_uuid": "GPU-6f954bfd-7081-31b7-f15c-f9a174bf4d7f", "gpu_util_percent": 25.0, "gpu_mem_util_percent": 3.0, "gpu_mem_used_mib": 15058.0, "gpu_mem_total_mib": 49140.0, "gpu_power_w": 93.37, "process_present": true, "process_mem_mib": 14572.0, "process_mem_share_percent": 29.65404965404965, "process_util_available": true, "process_util_backend": "nvml", "process_sm_util_percent": 23.0, "process_mem_util_percent": 2.0}
{"timestamp_unix": 1772432516.9190257, "pid": 44132, "device_index": 0, "gpu_uuid": "GPU-6f954bfd-7081-31b7-f15c-f9a174bf4d7f", "gpu_util_percent": 25.0, "gpu_mem_util_percent": 3.0, "gpu_mem_used_mib": 15058.0, "gpu_mem_total_mib": 49140.0, "gpu_power_w": 93.2, "process_present": true, "process_mem_mib": 14572.0, "process_mem_share_percent": 29.65404965404965, "process_util_available": true, "process_util_backend": "nvml", "process_sm_util_percent": 23.0, "process_mem_util_percent": 2.0}
{"timestamp_unix": 1772432517.2056222, "pid": 44132, "device_index": 0, "gpu_uuid": "GPU-6f954bfd-7081-31b7-f15c-f9a174bf4d7f", "gpu_util_percent": 23.0, "gpu_mem_util_percent": 3.0, "gpu_mem_used_mib": 15058.0, "gpu_mem_total_mib": 49140.0, "gpu_power_w": 93.14, "process_present": true, "process_mem_mib": 14572.0, "process_mem_share_percent": 29.65404965404965, "process_util_available": true, "process_util_backend": "nvml", "process_sm_util_percent": 23.0, "process_mem_util_percent": 2.0}
{"timestamp_unix": 1772432517.5107446, "pid": 44132, "device_index": 0, "gpu_uuid": "GPU-6f954bfd-7081-31b7-f15c-f9a174bf4d7f", "gpu_util_percent": 23.0, "gpu_mem_util_percent": 3.0, "gpu_mem_used_mib": 15058.0, "gpu_mem_total_mib": 49140.0, "gpu_power_w": 93.14, "process_present": true, "process_mem_mib": 14572.0, "process_mem_share_percent": 29.65404965404965, "process_util_available": true, "process_util_backend": "nvml", "process_sm_util_percent": 22.0, "process_mem_util_percent": 2.0}
{"timestamp_unix": 1772432517.8155057, "pid": 44132, "device_index": 0, "gpu_uuid": "GPU-6f954bfd-7081-31b7-f15c-f9a174bf4d7f", "gpu_util_percent": 23.0, "gpu_mem_util_percent": 3.0, "gpu_mem_used_mib": 15058.0, "gpu_mem_total_mib": 49140.0, "gpu_power_w": 92.93, "process_present": true, "process_mem_mib": 14572.0, "process_mem_share_percent": 29.65404965404965, "process_util_available": true, "process_util_backend": "nvml", "process_sm_util_percent": 22.0, "process_mem_util_percent": 2.0}
{"timestamp_unix": 1772432518.1128855, "pid": 44132, "device_index": 0, "gpu_uuid": "GPU-6f954bfd-7081-31b7-f15c-f9a174bf4d7f", "gpu_util_percent": 23.0, "gpu_mem_util_percent": 3.0, "gpu_mem_used_mib": 15058.0, "gpu_mem_total_mib": 49140.0, "gpu_power_w": 92.93, "process_present": true, "process_mem_mib": 14572.0, "process_mem_share_percent": 29.65404965404965, "process_util_available": true, "process_util_backend": "nvml", "process_sm_util_percent": 21.0, "process_mem_util_percent": 2.0}
{"timestamp_unix": 1772432518.4149892, "pid": 44132, "device_index": 0, "gpu_uuid": "GPU-6f954bfd-7081-31b7-f15c-f9a174bf4d7f", "gpu_util_percent": 19.0, "gpu_mem_util_percent": 3.0, "gpu_mem_used_mib": 15058.0, "gpu_mem_total_mib": 49140.0, "gpu_power_w": 92.76, "process_present": true, "process_mem_mib": 14572.0, "process_mem_share_percent": 29.65404965404965, "process_util_available": true, "process_util_backend": "nvml", "process_sm_util_percent": 22.0, "process_mem_util_percent": 2.0}
{"timestamp_unix": 1772432518.7053697, "pid": 44132, "device_index": 0, "gpu_uuid": "GPU-6f954bfd-7081-31b7-f15c-f9a174bf4d7f", "gpu_util_percent": 19.0, "gpu_mem_util_percent": 3.0, "gpu_mem_used_mib": 15058.0, "gpu_mem_total_mib": 49140.0, "gpu_power_w": 92.73, "process_present": true, "process_mem_mib": 14572.0, "process_mem_share_percent": 29.65404965404965, "process_util_available": true, "process_util_backend": "nvml", "process_sm_util_percent": 21.0, "process_mem_util_percent": 2.0}
{"timestamp_unix": 1772432518.9959788, "pid": 44132, "device_index": 0, "gpu_uuid": "GPU-6f954bfd-7081-31b7-f15c-f9a174bf4d7f", "gpu_util_percent": 19.0, "gpu_mem_util_percent": 3.0, "gpu_mem_used_mib": 15058.0, "gpu_mem_total_mib": 49140.0, "gpu_power_w": 92.73, "process_present": true, "process_mem_mib": 14572.0, "process_mem_share_percent": 29.65404965404965, "process_util_available": true, "process_util_backend": "nvml", "process_sm_util_percent": 20.0, "process_mem_util_percent": 2.0}
{"timestamp_unix": 1772432519.289355, "pid": 44132, "device_index": 0, "gpu_uuid": "GPU-6f954bfd-7081-31b7-f15c-f9a174bf4d7f", "gpu_util_percent": 21.0, "gpu_mem_util_percent": 3.0, "gpu_mem_used_mib": 15057.0, "gpu_mem_total_mib": 49140.0, "gpu_power_w": 92.86, "process_present": true, "process_mem_mib": 14572.0, "process_mem_share_percent": 29.65404965404965, "process_util_available": true, "process_util_backend": "nvml", "process_sm_util_percent": 8.0, "process_mem_util_percent": 1.0}
{"timestamp_unix": 1772432519.5822911, "pid": 44132, "device_index": 0, "gpu_uuid": "GPU-6f954bfd-7081-31b7-f15c-f9a174bf4d7f", "gpu_util_percent": 21.0, "gpu_mem_util_percent": 3.0, "gpu_mem_used_mib": 15057.0, "gpu_mem_total_mib": 49140.0, "gpu_power_w": 92.86, "process_present": true, "process_mem_mib": 14572.0, "process_mem_share_percent": 29.65404965404965, "process_util_available": true, "process_util_backend": "nvml", "process_sm_util_percent": 19.0, "process_mem_util_percent": 3.0}
{"timestamp_unix": 1772432519.8731313, "pid": 44132, "device_index": 0, "gpu_uuid": "GPU-6f954bfd-7081-31b7-f15c-f9a174bf4d7f", "gpu_util_percent": 21.0, "gpu_mem_util_percent": 3.0, "gpu_mem_used_mib": 15057.0, "gpu_mem_total_mib": 49140.0, "gpu_power_w": 92.5, "process_present": true, "process_mem_mib": 14572.0, "process_mem_share_percent": 29.65404965404965, "process_util_available": true, "process_util_backend": "nvml", "process_sm_util_percent": 20.0, "process_mem_util_percent": 3.0}
{"timestamp_unix": 1772432520.1651597, "pid": 44132, "device_index": 0, "gpu_uuid": "GPU-6f954bfd-7081-31b7-f15c-f9a174bf4d7f", "gpu_util_percent": 21.0, "gpu_mem_util_percent": 3.0, "gpu_mem_used_mib": 15057.0, "gpu_mem_total_mib": 49140.0, "gpu_power_w": 92.56, "process_present": true, "process_mem_mib": 14572.0, "process_mem_share_percent": 29.65404965404965, "process_util_available": true, "process_util_backend": "nvml", "process_sm_util_percent": 21.0, "process_mem_util_percent": 3.0}
{"timestamp_unix": 1772432520.4662335, "pid": 44132, "device_index": 0, "gpu_uuid": "GPU-6f954bfd-7081-31b7-f15c-f9a174bf4d7f", "gpu_util_percent": 21.0, "gpu_mem_util_percent": 3.0, "gpu_mem_used_mib": 15057.0, "gpu_mem_total_mib": 49140.0, "gpu_power_w": 92.56, "process_present": true, "process_mem_mib": 14572.0, "process_mem_share_percent": 29.65404965404965, "process_util_available": true, "process_util_backend": "nvml", "process_sm_util_percent": 22.0, "process_mem_util_percent": 3.0}
{"timestamp_unix": 1772432520.7779434, "pid": 44132, "device_index": 0, "gpu_uuid": "GPU-6f954bfd-7081-31b7-f15c-f9a174bf4d7f", "gpu_util_percent": 21.0, "gpu_mem_util_percent": 3.0, "gpu_mem_used_mib": 15057.0, "gpu_mem_total_mib": 49140.0, "gpu_power_w": 93.03, "process_present": true, "process_mem_mib": 14572.0, "process_mem_share_percent": 29.65404965404965, "process_util_available": true, "process_util_backend": "nvml", "process_sm_util_percent": 22.0, "process_mem_util_percent": 3.0}
{"timestamp_unix": 1772432521.0932453, "pid": 44132, "device_index": 0, "gpu_uuid": "GPU-6f954bfd-7081-31b7-f15c-f9a174bf4d7f", "gpu_util_percent": 21.0, "gpu_mem_util_percent": 3.0, "gpu_mem_used_mib": 15058.0, "gpu_mem_total_mib": 49140.0, "gpu_power_w": 93.03, "process_present": true, "process_mem_mib": 14572.0, "process_mem_share_percent": 29.65404965404965, "process_util_available": true, "process_util_backend": "nvml", "process_sm_util_percent": 23.0, "process_mem_util_percent": 3.0}
{"timestamp_unix": 1772432521.3844743, "pid": 44132, "device_index": 0, "gpu_uuid": "GPU-6f954bfd-7081-31b7-f15c-f9a174bf4d7f", "gpu_util_percent": 23.0, "gpu_mem_util_percent": 3.0, "gpu_mem_used_mib": 15054.0, "gpu_mem_total_mib": 49140.0, "gpu_power_w": 93.16, "process_present": true, "process_mem_mib": 14572.0, "process_mem_share_percent": 29.65404965404965, "process_util_available": true, "process_util_backend": "nvml", "process_sm_util_percent": 23.0, "process_mem_util_percent": 3.0}
{"timestamp_unix": 1772432521.6743555, "pid": 44132, "device_index": 0, "gpu_uuid": "GPU-6f954bfd-7081-31b7-f15c-f9a174bf4d7f", "gpu_util_percent": 23.0, "gpu_mem_util_percent": 3.0, "gpu_mem_used_mib": 15834.0, "gpu_mem_total_mib": 49140.0, "gpu_power_w": 93.32, "process_present": true, "process_mem_mib": 15512.0, "process_mem_share_percent": 31.566951566951566, "process_util_available": true, "process_util_backend": "nvml", "process_sm_util_percent": 23.0, "process_mem_util_percent": 3.0}
{"timestamp_unix": 1772432521.9666977, "pid": 44132, "device_index": 0, "gpu_uuid": "GPU-6f954bfd-7081-31b7-f15c-f9a174bf4d7f", "gpu_util_percent": 23.0, "gpu_mem_util_percent": 3.0, "gpu_mem_used_mib": 17014.0, "gpu_mem_total_mib": 49140.0, "gpu_power_w": 93.32, "process_present": true, "process_mem_mib": 16712.0, "process_mem_share_percent": 34.00895400895401, "process_util_available": true, "process_util_backend": "nvml", "process_sm_util_percent": 22.0, "process_mem_util_percent": 3.0}
{"timestamp_unix": 1772432522.2581248, "pid": 44132, "device_index": 0, "gpu_uuid": "GPU-6f954bfd-7081-31b7-f15c-f9a174bf4d7f", "gpu_util_percent": 23.0, "gpu_mem_util_percent": 3.0, "gpu_mem_used_mib": 18174.0, "gpu_mem_total_mib": 49140.0, "gpu_power_w": 93.24, "process_present": true, "process_mem_mib": 17692.0, "process_mem_share_percent": 36.003256003256, "process_util_available": true, "process_util_backend": "nvml", "process_sm_util_percent": null, "process_mem_util_percent": null}
{"timestamp_unix": 1772432522.54951, "pid": 44132, "device_index": 0, "gpu_uuid": "GPU-6f954bfd-7081-31b7-f15c-f9a174bf4d7f", "gpu_util_percent": 23.0, "gpu_mem_util_percent": 3.0, "gpu_mem_used_mib": 18234.0, "gpu_mem_total_mib": 49140.0, "gpu_power_w": 93.24, "process_present": true, "process_mem_mib": 17752.0, "process_mem_share_percent": 36.12535612535612, "process_util_available": true, "process_util_backend": "nvml", "process_sm_util_percent": null, "process_mem_util_percent": null}
{"timestamp_unix": 1772432522.8387249, "pid": 44132, "device_index": 0, "gpu_uuid": "GPU-6f954bfd-7081-31b7-f15c-f9a174bf4d7f", "gpu_util_percent": 23.0, "gpu_mem_util_percent": 3.0, "gpu_mem_used_mib": 18234.0, "gpu_mem_total_mib": 49140.0, "gpu_power_w": 91.76, "process_present": true, "process_mem_mib": 17752.0, "process_mem_share_percent": 36.12535612535612, "process_util_available": true, "process_util_backend": "nvml", "process_sm_util_percent": null, "process_mem_util_percent": null}
{"timestamp_unix": 1772432523.143485, "pid": 44132, "device_index": 0, "gpu_uuid": "GPU-6f954bfd-7081-31b7-f15c-f9a174bf4d7f", "gpu_util_percent": 23.0, "gpu_mem_util_percent": 3.0, "gpu_mem_used_mib": 18234.0, "gpu_mem_total_mib": 49140.0, "gpu_power_w": 91.76, "process_present": true, "process_mem_mib": 17752.0, "process_mem_share_percent": 36.12535612535612, "process_util_available": true, "process_util_backend": "nvml", "process_sm_util_percent": 25.0, "process_mem_util_percent": 3.0}
{"timestamp_unix": 1772432523.4512298, "pid": 44132, "device_index": 0, "gpu_uuid": "GPU-6f954bfd-7081-31b7-f15c-f9a174bf4d7f", "gpu_util_percent": 27.0, "gpu_mem_util_percent": 3.0, "gpu_mem_used_mib": 18234.0, "gpu_mem_total_mib": 49140.0, "gpu_power_w": 92.07, "process_present": true, "process_mem_mib": 17752.0, "process_mem_share_percent": 36.12535612535612, "process_util_available": true, "process_util_backend": "nvml", "process_sm_util_percent": 24.0, "process_mem_util_percent": 3.0}
{"timestamp_unix": 1772432523.7497375, "pid": 44132, "device_index": 0, "gpu_uuid": "GPU-6f954bfd-7081-31b7-f15c-f9a174bf4d7f", "gpu_util_percent": 27.0, "gpu_mem_util_percent": 3.0, "gpu_mem_used_mib": 18236.0, "gpu_mem_total_mib": 49140.0, "gpu_power_w": 93.57, "process_present": true, "process_mem_mib": 17752.0, "process_mem_share_percent": 36.12535612535612, "process_util_available": true, "process_util_backend": "nvml", "process_sm_util_percent": 24.0, "process_mem_util_percent": 3.0}
{"timestamp_unix": 1772432524.0497072, "pid": 44132, "device_index": 0, "gpu_uuid": "GPU-6f954bfd-7081-31b7-f15c-f9a174bf4d7f", "gpu_util_percent": 27.0, "gpu_mem_util_percent": 3.0, "gpu_mem_used_mib": 18236.0, "gpu_mem_total_mib": 49140.0, "gpu_power_w": 93.57, "process_present": true, "process_mem_mib": 17752.0, "process_mem_share_percent": 36.12535612535612, "process_util_available": true, "process_util_backend": "nvml", "process_sm_util_percent": 25.0, "process_mem_util_percent": 2.0}
{"timestamp_unix": 1772432524.339889, "pid": 44132, "device_index": 0, "gpu_uuid": "GPU-6f954bfd-7081-31b7-f15c-f9a174bf4d7f", "gpu_util_percent": 26.0, "gpu_mem_util_percent": 3.0, "gpu_mem_used_mib": 18236.0, "gpu_mem_total_mib": 49140.0, "gpu_power_w": 93.68, "process_present": true, "process_mem_mib": 17752.0, "process_mem_share_percent": 36.12535612535612, "process_util_available": true, "process_util_backend": "nvml", "process_sm_util_percent": 25.0, "process_mem_util_percent": 3.0}
{"timestamp_unix": 1772432524.6315515, "pid": 44132, "device_index": 0, "gpu_uuid": "GPU-6f954bfd-7081-31b7-f15c-f9a174bf4d7f", "gpu_util_percent": 26.0, "gpu_mem_util_percent": 3.0, "gpu_mem_used_mib": 18236.0, "gpu_mem_total_mib": 49140.0, "gpu_power_w": 93.68, "process_present": true, "process_mem_mib": 17752.0, "process_mem_share_percent": 36.12535612535612, "process_util_available": true, "process_util_backend": "nvml", "process_sm_util_percent": 24.0, "process_mem_util_percent": 3.0}
{"timestamp_unix": 1772432524.9223192, "pid": 44132, "device_index": 0, "gpu_uuid": "GPU-6f954bfd-7081-31b7-f15c-f9a174bf4d7f", "gpu_util_percent": 26.0, "gpu_mem_util_percent": 3.0, "gpu_mem_used_mib": 18236.0, "gpu_mem_total_mib": 49140.0, "gpu_power_w": 93.61, "process_present": true, "process_mem_mib": 17752.0, "process_mem_share_percent": 36.12535612535612, "process_util_available": true, "process_util_backend": "nvml", "process_sm_util_percent": 24.0, "process_mem_util_percent": 3.0}
{"timestamp_unix": 1772432525.21182, "pid": 44132, "device_index": 0, "gpu_uuid": "GPU-6f954bfd-7081-31b7-f15c-f9a174bf4d7f", "gpu_util_percent": 25.0, "gpu_mem_util_percent": 3.0, "gpu_mem_used_mib": 18236.0, "gpu_mem_total_mib": 49140.0, "gpu_power_w": 93.64, "process_present": true, "process_mem_mib": 17752.0, "process_mem_share_percent": 36.12535612535612, "process_util_available": true, "process_util_backend": "nvml", "process_sm_util_percent": 24.0, "process_mem_util_percent": 3.0}
{"timestamp_unix": 1772432525.502614, "pid": 44132, "device_index": 0, "gpu_uuid": "GPU-6f954bfd-7081-31b7-f15c-f9a174bf4d7f", "gpu_util_percent": 25.0, "gpu_mem_util_percent": 3.0, "gpu_mem_used_mib": 18236.0, "gpu_mem_total_mib": 49140.0, "gpu_power_w": 93.64, "process_present": true, "process_mem_mib": 17752.0, "process_mem_share_percent": 36.12535612535612, "process_util_available": true, "process_util_backend": "nvml", "process_sm_util_percent": 24.0, "process_mem_util_percent": 2.0}
{"timestamp_unix": 1772432525.794852, "pid": 44132, "device_index": 0, "gpu_uuid": "GPU-6f954bfd-7081-31b7-f15c-f9a174bf4d7f", "gpu_util_percent": 25.0, "gpu_mem_util_percent": 3.0, "gpu_mem_used_mib": 18236.0, "gpu_mem_total_mib": 49140.0, "gpu_power_w": 93.44, "process_present": true, "process_mem_mib": 17752.0, "process_mem_share_percent": 36.12535612535612, "process_util_available": true, "process_util_backend": "nvml", "process_sm_util_percent": 24.0, "process_mem_util_percent": 2.0}
{"timestamp_unix": 1772432526.1005046, "pid": 44132, "device_index": 0, "gpu_uuid": "GPU-6f954bfd-7081-31b7-f15c-f9a174bf4d7f", "gpu_util_percent": 25.0, "gpu_mem_util_percent": 3.0, "gpu_mem_used_mib": 18236.0, "gpu_mem_total_mib": 49140.0, "gpu_power_w": 93.44, "process_present": true, "process_mem_mib": 17752.0, "process_mem_share_percent": 36.12535612535612, "process_util_available": true, "process_util_backend": "nvml", "process_sm_util_percent": 24.0, "process_mem_util_percent": 2.0}
{"timestamp_unix": 1772432526.4003487, "pid": 44132, "device_index": 0, "gpu_uuid": "GPU-6f954bfd-7081-31b7-f15c-f9a174bf4d7f", "gpu_util_percent": 24.0, "gpu_mem_util_percent": 3.0, "gpu_mem_used_mib": 18235.0, "gpu_mem_total_mib": 49140.0, "gpu_power_w": 93.34, "process_present": true, "process_mem_mib": 17752.0, "process_mem_share_percent": 36.12535612535612, "process_util_available": true, "process_util_backend": "nvml", "process_sm_util_percent": 24.0, "process_mem_util_percent": 2.0}
{"timestamp_unix": 1772432526.7009497, "pid": 44132, "device_index": 0, "gpu_uuid": "GPU-6f954bfd-7081-31b7-f15c-f9a174bf4d7f", "gpu_util_percent": 24.0, "gpu_mem_util_percent": 3.0, "gpu_mem_used_mib": 18235.0, "gpu_mem_total_mib": 49140.0, "gpu_power_w": 93.3, "process_present": true, "process_mem_mib": 17752.0, "process_mem_share_percent": 36.12535612535612, "process_util_available": true, "process_util_backend": "nvml", "process_sm_util_percent": 24.0, "process_mem_util_percent": 2.0}
{"timestamp_unix": 1772432526.9915376, "pid": 44132, "device_index": 0, "gpu_uuid": "GPU-6f954bfd-7081-31b7-f15c-f9a174bf4d7f", "gpu_util_percent": 24.0, "gpu_mem_util_percent": 3.0, "gpu_mem_used_mib": 18235.0, "gpu_mem_total_mib": 49140.0, "gpu_power_w": 93.3, "process_present": true, "process_mem_mib": 17752.0, "process_mem_share_percent": 36.12535612535612, "process_util_available": true, "process_util_backend": "nvml", "process_sm_util_percent": 24.0, "process_mem_util_percent": 2.0}
{"timestamp_unix": 1772432527.2846239, "pid": 44132, "device_index": 0, "gpu_uuid": "GPU-6f954bfd-7081-31b7-f15c-f9a174bf4d7f", "gpu_util_percent": 20.0, "gpu_mem_util_percent": 2.0, "gpu_mem_used_mib": 18235.0, "gpu_mem_total_mib": 49140.0, "gpu_power_w": 93.07, "process_present": true, "process_mem_mib": 17752.0, "process_mem_share_percent": 36.12535612535612, "process_util_available": true, "process_util_backend": "nvml", "process_sm_util_percent": 10.0, "process_mem_util_percent": 1.0}
{"timestamp_unix": 1772432527.5774453, "pid": 44132, "device_index": 0, "gpu_uuid": "GPU-6f954bfd-7081-31b7-f15c-f9a174bf4d7f", "gpu_util_percent": 20.0, "gpu_mem_util_percent": 2.0, "gpu_mem_used_mib": 18235.0, "gpu_mem_total_mib": 49140.0, "gpu_power_w": 93.07, "process_present": true, "process_mem_mib": 17752.0, "process_mem_share_percent": 36.12535612535612, "process_util_available": true, "process_util_backend": "nvml", "process_sm_util_percent": 22.0, "process_mem_util_percent": 3.0}
{"timestamp_unix": 1772432527.8697267, "pid": 44132, "device_index": 0, "gpu_uuid": "GPU-6f954bfd-7081-31b7-f15c-f9a174bf4d7f", "gpu_util_percent": 20.0, "gpu_mem_util_percent": 2.0, "gpu_mem_used_mib": 18235.0, "gpu_mem_total_mib": 49140.0, "gpu_power_w": 92.72, "process_present": true, "process_mem_mib": 17752.0, "process_mem_share_percent": 36.12535612535612, "process_util_available": true, "process_util_backend": "nvml", "process_sm_util_percent": 22.0, "process_mem_util_percent": 3.0}
{"timestamp_unix": 1772432528.1603491, "pid": 44132, "device_index": 0, "gpu_uuid": "GPU-6f954bfd-7081-31b7-f15c-f9a174bf4d7f", "gpu_util_percent": 25.0, "gpu_mem_util_percent": 4.0, "gpu_mem_used_mib": 18235.0, "gpu_mem_total_mib": 49140.0, "gpu_power_w": 92.93, "process_present": true, "process_mem_mib": 17752.0, "process_mem_share_percent": 36.12535612535612, "process_util_available": true, "process_util_backend": "nvml", "process_sm_util_percent": 24.0, "process_mem_util_percent": 3.0}
{"timestamp_unix": 1772432528.4518867, "pid": 44132, "device_index": 0, "gpu_uuid": "GPU-6f954bfd-7081-31b7-f15c-f9a174bf4d7f", "gpu_util_percent": 25.0, "gpu_mem_util_percent": 4.0, "gpu_mem_used_mib": 18235.0, "gpu_mem_total_mib": 49140.0, "gpu_power_w": 92.93, "process_present": true, "process_mem_mib": 17752.0, "process_mem_share_percent": 36.12535612535612, "process_util_available": true, "process_util_backend": "nvml", "process_sm_util_percent": 23.0, "process_mem_util_percent": 3.0}
{"timestamp_unix": 1772432528.755656, "pid": 44132, "device_index": 0, "gpu_uuid": "GPU-6f954bfd-7081-31b7-f15c-f9a174bf4d7f", "gpu_util_percent": 25.0, "gpu_mem_util_percent": 4.0, "gpu_mem_used_mib": 18234.0, "gpu_mem_total_mib": 49140.0, "gpu_power_w": 93.58, "process_present": true, "process_mem_mib": 17752.0, "process_mem_share_percent": 36.12535612535612, "process_util_available": true, "process_util_backend": "nvml", "process_sm_util_percent": 22.0, "process_mem_util_percent": 3.0}
{"timestamp_unix": 1772432529.0609004, "pid": 44132, "device_index": 0, "gpu_uuid": "GPU-6f954bfd-7081-31b7-f15c-f9a174bf4d7f", "gpu_util_percent": 25.0, "gpu_mem_util_percent": 4.0, "gpu_mem_used_mib": 18234.0, "gpu_mem_total_mib": 49140.0, "gpu_power_w": 93.58, "process_present": true, "process_mem_mib": 17752.0, "process_mem_share_percent": 36.12535612535612, "process_util_available": true, "process_util_backend": "nvml", "process_sm_util_percent": 23.0, "process_mem_util_percent": 3.0}
{"timestamp_unix": 1772432529.3679717, "pid": 44132, "device_index": 0, "gpu_uuid": "GPU-6f954bfd-7081-31b7-f15c-f9a174bf4d7f", "gpu_util_percent": 23.0, "gpu_mem_util_percent": 4.0, "gpu_mem_used_mib": 18234.0, "gpu_mem_total_mib": 49140.0, "gpu_power_w": 93.75, "process_present": true, "process_mem_mib": 17752.0, "process_mem_share_percent": 36.12535612535612, "process_util_available": true, "process_util_backend": "nvml", "process_sm_util_percent": 23.0, "process_mem_util_percent": 3.0}
{"timestamp_unix": 1772432529.6674013, "pid": 44132, "device_index": 0, "gpu_uuid": "GPU-6f954bfd-7081-31b7-f15c-f9a174bf4d7f", "gpu_util_percent": 23.0, "gpu_mem_util_percent": 4.0, "gpu_mem_used_mib": 18874.0, "gpu_mem_total_mib": 49140.0, "gpu_power_w": 93.88, "process_present": true, "process_mem_mib": 18632.0, "process_mem_share_percent": 37.916157916157914, "process_util_available": true, "process_util_backend": "nvml", "process_sm_util_percent": 23.0, "process_mem_util_percent": 3.0}
{"timestamp_unix": 1772432529.9584894, "pid": 44132, "device_index": 0, "gpu_uuid": "GPU-6f954bfd-7081-31b7-f15c-f9a174bf4d7f", "gpu_util_percent": 23.0, "gpu_mem_util_percent": 4.0, "gpu_mem_used_mib": 20234.0, "gpu_mem_total_mib": 49140.0, "gpu_power_w": 93.88, "process_present": true, "process_mem_mib": 19952.0, "process_mem_share_percent": 40.602360602360605, "process_util_available": true, "process_util_backend": "nvml", "process_sm_util_percent": 22.0, "process_mem_util_percent": 3.0}
{"timestamp_unix": 1772432530.2527392, "pid": 44132, "device_index": 0, "gpu_uuid": "GPU-6f954bfd-7081-31b7-f15c-f9a174bf4d7f", "gpu_util_percent": 23.0, "gpu_mem_util_percent": 3.0, "gpu_mem_used_mib": 21434.0, "gpu_mem_total_mib": 49140.0, "gpu_power_w": 93.78, "process_present": true, "process_mem_mib": 20952.0, "process_mem_share_percent": 42.637362637362635, "process_util_available": true, "process_util_backend": "nvml", "process_sm_util_percent": 11.0, "process_mem_util_percent": 1.0}
{"timestamp_unix": 1772432530.542543, "pid": 44132, "device_index": 0, "gpu_uuid": "GPU-6f954bfd-7081-31b7-f15c-f9a174bf4d7f", "gpu_util_percent": 23.0, "gpu_mem_util_percent": 3.0, "gpu_mem_used_mib": 21434.0, "gpu_mem_total_mib": 49140.0, "gpu_power_w": 93.78, "process_present": true, "process_mem_mib": 20952.0, "process_mem_share_percent": 42.637362637362635, "process_util_available": true, "process_util_backend": "nvml", "process_sm_util_percent": 14.0, "process_mem_util_percent": 1.0}
{"timestamp_unix": 1772432530.834152, "pid": 44132, "device_index": 0, "gpu_uuid": "GPU-6f954bfd-7081-31b7-f15c-f9a174bf4d7f", "gpu_util_percent": 23.0, "gpu_mem_util_percent": 3.0, "gpu_mem_used_mib": 21434.0, "gpu_mem_total_mib": 49140.0, "gpu_power_w": 92.08, "process_present": true, "process_mem_mib": 20952.0, "process_mem_share_percent": 42.637362637362635, "process_util_available": true, "process_util_backend": "nvml", "process_sm_util_percent": 25.0, "process_mem_util_percent": 3.0}
{"timestamp_unix": 1772432531.1242838, "pid": 44132, "device_index": 0, "gpu_uuid": "GPU-6f954bfd-7081-31b7-f15c-f9a174bf4d7f", "gpu_util_percent": 23.0, "gpu_mem_util_percent": 3.0, "gpu_mem_used_mib": 21434.0, "gpu_mem_total_mib": 49140.0, "gpu_power_w": 92.08, "process_present": true, "process_mem_mib": 20952.0, "process_mem_share_percent": 42.637362637362635, "process_util_available": true, "process_util_backend": "nvml", "process_sm_util_percent": 25.0, "process_mem_util_percent": 3.0}
{"timestamp_unix": 1772432531.41694, "pid": 44132, "device_index": 0, "gpu_uuid": "GPU-6f954bfd-7081-31b7-f15c-f9a174bf4d7f", "gpu_util_percent": 26.0, "gpu_mem_util_percent": 4.0, "gpu_mem_used_mib": 21434.0, "gpu_mem_total_mib": 49140.0, "gpu_power_w": 92.54, "process_present": true, "process_mem_mib": 20952.0, "process_mem_share_percent": 42.637362637362635, "process_util_available": true, "process_util_backend": "nvml", "process_sm_util_percent": 25.0, "process_mem_util_percent": 3.0}
{"timestamp_unix": 1772432531.7162628, "pid": 44132, "device_index": 0, "gpu_uuid": "GPU-6f954bfd-7081-31b7-f15c-f9a174bf4d7f", "gpu_util_percent": 26.0, "gpu_mem_util_percent": 4.0, "gpu_mem_used_mib": 21434.0, "gpu_mem_total_mib": 49140.0, "gpu_power_w": 94.47, "process_present": true, "process_mem_mib": 20952.0, "process_mem_share_percent": 42.637362637362635, "process_util_available": true, "process_util_backend": "nvml", "process_sm_util_percent": 25.0, "process_mem_util_percent": 3.0}
{"timestamp_unix": 1772432532.0164037, "pid": 44132, "device_index": 0, "gpu_uuid": "GPU-6f954bfd-7081-31b7-f15c-f9a174bf4d7f", "gpu_util_percent": 26.0, "gpu_mem_util_percent": 4.0, "gpu_mem_used_mib": 21434.0, "gpu_mem_total_mib": 49140.0, "gpu_power_w": 94.47, "process_present": true, "process_mem_mib": 20952.0, "process_mem_share_percent": 42.637362637362635, "process_util_available": true, "process_util_backend": "nvml", "process_sm_util_percent": 25.0, "process_mem_util_percent": 3.0}
{"timestamp_unix": 1772432532.3170223, "pid": 44132, "device_index": 0, "gpu_uuid": "GPU-6f954bfd-7081-31b7-f15c-f9a174bf4d7f", "gpu_util_percent": 26.0, "gpu_mem_util_percent": 4.0, "gpu_mem_used_mib": 21433.0, "gpu_mem_total_mib": 49140.0, "gpu_power_w": 94.52, "process_present": true, "process_mem_mib": 20952.0, "process_mem_share_percent": 42.637362637362635, "process_util_available": true, "process_util_backend": "nvml", "process_sm_util_percent": 25.0, "process_mem_util_percent": 3.0}
{"timestamp_unix": 1772432532.620798, "pid": 44132, "device_index": 0, "gpu_uuid": "GPU-6f954bfd-7081-31b7-f15c-f9a174bf4d7f", "gpu_util_percent": 26.0, "gpu_mem_util_percent": 4.0, "gpu_mem_used_mib": 21433.0, "gpu_mem_total_mib": 49140.0, "gpu_power_w": 94.52, "process_present": true, "process_mem_mib": 20952.0, "process_mem_share_percent": 42.637362637362635, "process_util_available": true, "process_util_backend": "nvml", "process_sm_util_percent": 25.0, "process_mem_util_percent": 3.0}
{"timestamp_unix": 1772432532.909407, "pid": 44132, "device_index": 0, "gpu_uuid": "GPU-6f954bfd-7081-31b7-f15c-f9a174bf4d7f", "gpu_util_percent": 26.0, "gpu_mem_util_percent": 4.0, "gpu_mem_used_mib": 21433.0, "gpu_mem_total_mib": 49140.0, "gpu_power_w": 94.46, "process_present": true, "process_mem_mib": 20952.0, "process_mem_share_percent": 42.637362637362635, "process_util_available": true, "process_util_backend": "nvml", "process_sm_util_percent": 13.0, "process_mem_util_percent": 1.0}
{"timestamp_unix": 1772432533.200563, "pid": 44132, "device_index": 0, "gpu_uuid": "GPU-6f954bfd-7081-31b7-f15c-f9a174bf4d7f", "gpu_util_percent": 27.0, "gpu_mem_util_percent": 3.0, "gpu_mem_used_mib": 21432.0, "gpu_mem_total_mib": 49140.0, "gpu_power_w": 94.47, "process_present": true, "process_mem_mib": 20952.0, "process_mem_share_percent": 42.637362637362635, "process_util_available": true, "process_util_backend": "nvml", "process_sm_util_percent": 25.0, "process_mem_util_percent": 3.0}
{"timestamp_unix": 1772432533.4920552, "pid": 44132, "device_index": 0, "gpu_uuid": "GPU-6f954bfd-7081-31b7-f15c-f9a174bf4d7f", "gpu_util_percent": 27.0, "gpu_mem_util_percent": 3.0, "gpu_mem_used_mib": 21432.0, "gpu_mem_total_mib": 49140.0, "gpu_power_w": 94.47, "process_present": true, "process_mem_mib": 20952.0, "process_mem_share_percent": 42.637362637362635, "process_util_available": true, "process_util_backend": "nvml", "process_sm_util_percent": 13.0, "process_mem_util_percent": 1.0}
{"timestamp_unix": 1772432533.7887626, "pid": 44132, "device_index": 0, "gpu_uuid": "GPU-6f954bfd-7081-31b7-f15c-f9a174bf4d7f", "gpu_util_percent": 27.0, "gpu_mem_util_percent": 3.0, "gpu_mem_used_mib": 21432.0, "gpu_mem_total_mib": 49140.0, "gpu_power_w": 94.3, "process_present": true, "process_mem_mib": 20952.0, "process_mem_share_percent": 42.637362637362635, "process_util_available": true, "process_util_backend": "nvml", "process_sm_util_percent": 25.0, "process_mem_util_percent": 3.0}
{"timestamp_unix": 1772432534.076544, "pid": 44132, "device_index": 0, "gpu_uuid": "GPU-6f954bfd-7081-31b7-f15c-f9a174bf4d7f", "gpu_util_percent": 27.0, "gpu_mem_util_percent": 3.0, "gpu_mem_used_mib": 21433.0, "gpu_mem_total_mib": 49140.0, "gpu_power_w": 94.3, "process_present": true, "process_mem_mib": 20952.0, "process_mem_share_percent": 42.637362637362635, "process_util_available": true, "process_util_backend": "nvml", "process_sm_util_percent": 13.0, "process_mem_util_percent": 1.0}
{"timestamp_unix": 1772432534.3679183, "pid": 44132, "device_index": 0, "gpu_uuid": "GPU-6f954bfd-7081-31b7-f15c-f9a174bf4d7f", "gpu_util_percent": 28.0, "gpu_mem_util_percent": 4.0, "gpu_mem_used_mib": 21433.0, "gpu_mem_total_mib": 49140.0, "gpu_power_w": 94.21, "process_present": true, "process_mem_mib": 20952.0, "process_mem_share_percent": 42.637362637362635, "process_util_available": true, "process_util_backend": "nvml", "process_sm_util_percent": 25.0, "process_mem_util_percent": 3.0}
{"timestamp_unix": 1772432534.6661396, "pid": 44132, "device_index": 0, "gpu_uuid": "GPU-6f954bfd-7081-31b7-f15c-f9a174bf4d7f", "gpu_util_percent": 28.0, "gpu_mem_util_percent": 4.0, "gpu_mem_used_mib": 21433.0, "gpu_mem_total_mib": 49140.0, "gpu_power_w": 94.14, "process_present": true, "process_mem_mib": 20952.0, "process_mem_share_percent": 42.637362637362635, "process_util_available": true, "process_util_backend": "nvml", "process_sm_util_percent": 24.0, "process_mem_util_percent": 3.0}
{"timestamp_unix": 1772432534.967297, "pid": 44132, "device_index": 0, "gpu_uuid": "GPU-6f954bfd-7081-31b7-f15c-f9a174bf4d7f", "gpu_util_percent": 28.0, "gpu_mem_util_percent": 4.0, "gpu_mem_used_mib": 21433.0, "gpu_mem_total_mib": 49140.0, "gpu_power_w": 94.14, "process_present": true, "process_mem_mib": 20952.0, "process_mem_share_percent": 42.637362637362635, "process_util_available": true, "process_util_backend": "nvml", "process_sm_util_percent": null, "process_mem_util_percent": null}
{"timestamp_unix": 1772432535.2675197, "pid": 44132, "device_index": 0, "gpu_uuid": "GPU-6f954bfd-7081-31b7-f15c-f9a174bf4d7f", "gpu_util_percent": 21.0, "gpu_mem_util_percent": 3.0, "gpu_mem_used_mib": 21434.0, "gpu_mem_total_mib": 49140.0, "gpu_power_w": 93.82, "process_present": true, "process_mem_mib": 20952.0, "process_mem_share_percent": 42.637362637362635, "process_util_available": true, "process_util_backend": "nvml", "process_sm_util_percent": 11.0, "process_mem_util_percent": 1.0}
{"timestamp_unix": 1772432535.558358, "pid": 44132, "device_index": 0, "gpu_uuid": "GPU-6f954bfd-7081-31b7-f15c-f9a174bf4d7f", "gpu_util_percent": 21.0, "gpu_mem_util_percent": 3.0, "gpu_mem_used_mib": 21434.0, "gpu_mem_total_mib": 49140.0, "gpu_power_w": 93.82, "process_present": true, "process_mem_mib": 20952.0, "process_mem_share_percent": 42.637362637362635, "process_util_available": true, "process_util_backend": "nvml", "process_sm_util_percent": 23.0, "process_mem_util_percent": 3.0}
{"timestamp_unix": 1772432535.8529916, "pid": 44132, "device_index": 0, "gpu_uuid": "GPU-6f954bfd-7081-31b7-f15c-f9a174bf4d7f", "gpu_util_percent": 21.0, "gpu_mem_util_percent": 3.0, "gpu_mem_used_mib": 21434.0, "gpu_mem_total_mib": 49140.0, "gpu_power_w": 93.37, "process_present": true, "process_mem_mib": 20952.0, "process_mem_share_percent": 42.637362637362635, "process_util_available": true, "process_util_backend": "nvml", "process_sm_util_percent": 24.0, "process_mem_util_percent": 3.0}
{"timestamp_unix": 1772432536.144783, "pid": 44132, "device_index": 0, "gpu_uuid": "GPU-6f954bfd-7081-31b7-f15c-f9a174bf4d7f", "gpu_util_percent": 27.0, "gpu_mem_util_percent": 4.0, "gpu_mem_used_mib": 21434.0, "gpu_mem_total_mib": 49140.0, "gpu_power_w": 93.5, "process_present": true, "process_mem_mib": 20952.0, "process_mem_share_percent": 42.637362637362635, "process_util_available": true, "process_util_backend": "nvml", "process_sm_util_percent": 25.0, "process_mem_util_percent": 3.0}
{"timestamp_unix": 1772432536.4363134, "pid": 44132, "device_index": 0, "gpu_uuid": "GPU-6f954bfd-7081-31b7-f15c-f9a174bf4d7f", "gpu_util_percent": 27.0, "gpu_mem_util_percent": 4.0, "gpu_mem_used_mib": 21438.0, "gpu_mem_total_mib": 49140.0, "gpu_power_w": 93.5, "process_present": true, "process_mem_mib": 20952.0, "process_mem_share_percent": 42.637362637362635, "process_util_available": true, "process_util_backend": "nvml", "process_sm_util_percent": 24.0, "process_mem_util_percent": 3.0}
{"timestamp_unix": 1772432536.726017, "pid": 44132, "device_index": 0, "gpu_uuid": "GPU-6f954bfd-7081-31b7-f15c-f9a174bf4d7f", "gpu_util_percent": 27.0, "gpu_mem_util_percent": 4.0, "gpu_mem_used_mib": 21438.0, "gpu_mem_total_mib": 49140.0, "gpu_power_w": 94.29, "process_present": true, "process_mem_mib": 20952.0, "process_mem_share_percent": 42.637362637362635, "process_util_available": true, "process_util_backend": "nvml", "process_sm_util_percent": 24.0, "process_mem_util_percent": 3.0}
{"timestamp_unix": 1772432537.0222394, "pid": 44132, "device_index": 0, "gpu_uuid": "GPU-6f954bfd-7081-31b7-f15c-f9a174bf4d7f", "gpu_util_percent": 27.0, "gpu_mem_util_percent": 4.0, "gpu_mem_used_mib": 21438.0, "gpu_mem_total_mib": 49140.0, "gpu_power_w": 94.29, "process_present": true, "process_mem_mib": 20952.0, "process_mem_share_percent": 42.637362637362635, "process_util_available": true, "process_util_backend": "nvml", "process_sm_util_percent": 24.0, "process_mem_util_percent": 3.0}
{"timestamp_unix": 1772432537.3277187, "pid": 44132, "device_index": 0, "gpu_uuid": "GPU-6f954bfd-7081-31b7-f15c-f9a174bf4d7f", "gpu_util_percent": 27.0, "gpu_mem_util_percent": 4.0, "gpu_mem_used_mib": 21438.0, "gpu_mem_total_mib": 49140.0, "gpu_power_w": 94.55, "process_present": true, "process_mem_mib": 20952.0, "process_mem_share_percent": 42.637362637362635, "process_util_available": true, "process_util_backend": "nvml", "process_sm_util_percent": 12.0, "process_mem_util_percent": 2.0}
{"timestamp_unix": 1772432537.6343083, "pid": 44132, "device_index": 0, "gpu_uuid": "GPU-6f954bfd-7081-31b7-f15c-f9a174bf4d7f", "gpu_util_percent": 27.0, "gpu_mem_util_percent": 4.0, "gpu_mem_used_mib": 22438.0, "gpu_mem_total_mib": 49140.0, "gpu_power_w": 94.55, "process_present": true, "process_mem_mib": 22212.0, "process_mem_share_percent": 45.201465201465204, "process_util_available": true, "process_util_backend": "nvml", "process_sm_util_percent": 23.0, "process_mem_util_percent": 3.0}
{"timestamp_unix": 1772432537.9343789, "pid": 44132, "device_index": 0, "gpu_uuid": "GPU-6f954bfd-7081-31b7-f15c-f9a174bf4d7f", "gpu_util_percent": 27.0, "gpu_mem_util_percent": 4.0, "gpu_mem_used_mib": 24160.0, "gpu_mem_total_mib": 49140.0, "gpu_power_w": 94.69, "process_present": true, "process_mem_mib": 23932.0, "process_mem_share_percent": 48.7016687016687, "process_util_available": true, "process_util_backend": "nvml", "process_sm_util_percent": 22.0, "process_mem_util_percent": 3.0}
{"timestamp_unix": 1772432538.2341588, "pid": 44132, "device_index": 0, "gpu_uuid": "GPU-6f954bfd-7081-31b7-f15c-f9a174bf4d7f", "gpu_util_percent": 26.0, "gpu_mem_util_percent": 4.0, "gpu_mem_used_mib": 25920.0, "gpu_mem_total_mib": 49140.0, "gpu_power_w": 94.23, "process_present": true, "process_mem_mib": 25712.0, "process_mem_share_percent": 52.32397232397232, "process_util_available": true, "process_util_backend": "nvml", "process_sm_util_percent": 11.0, "process_mem_util_percent": 1.0}
{"timestamp_unix": 1772432538.5246844, "pid": 44132, "device_index": 0, "gpu_uuid": "GPU-6f954bfd-7081-31b7-f15c-f9a174bf4d7f", "gpu_util_percent": 26.0, "gpu_mem_util_percent": 4.0, "gpu_mem_used_mib": 26560.0, "gpu_mem_total_mib": 49140.0, "gpu_power_w": 94.23, "process_present": true, "process_mem_mib": 26072.0, "process_mem_share_percent": 53.05657305657305, "process_util_available": true, "process_util_backend": "nvml", "process_sm_util_percent": 15.0, "process_mem_util_percent": 1.0}
{"timestamp_unix": 1772432538.8171568, "pid": 44132, "device_index": 0, "gpu_uuid": "GPU-6f954bfd-7081-31b7-f15c-f9a174bf4d7f", "gpu_util_percent": 26.0, "gpu_mem_util_percent": 4.0, "gpu_mem_used_mib": 26560.0, "gpu_mem_total_mib": 49140.0, "gpu_power_w": 92.22, "process_present": true, "process_mem_mib": 26072.0, "process_mem_share_percent": 53.05657305657305, "process_util_available": true, "process_util_backend": "nvml", "process_sm_util_percent": 16.0, "process_mem_util_percent": 1.0}
{"timestamp_unix": 1772432539.1068187, "pid": 44132, "device_index": 0, "gpu_uuid": "GPU-6f954bfd-7081-31b7-f15c-f9a174bf4d7f", "gpu_util_percent": 26.0, "gpu_mem_util_percent": 4.0, "gpu_mem_used_mib": 26560.0, "gpu_mem_total_mib": 49140.0, "gpu_power_w": 92.22, "process_present": true, "process_mem_mib": 26072.0, "process_mem_share_percent": 53.05657305657305, "process_util_available": true, "process_util_backend": "nvml", "process_sm_util_percent": 23.0, "process_mem_util_percent": 3.0}
{"timestamp_unix": 1772432539.3989186, "pid": 44132, "device_index": 0, "gpu_uuid": "GPU-6f954bfd-7081-31b7-f15c-f9a174bf4d7f", "gpu_util_percent": 25.0, "gpu_mem_util_percent": 4.0, "gpu_mem_used_mib": 26560.0, "gpu_mem_total_mib": 49140.0, "gpu_power_w": 92.52, "process_present": true, "process_mem_mib": 26072.0, "process_mem_share_percent": 53.05657305657305, "process_util_available": true, "process_util_backend": "nvml", "process_sm_util_percent": 23.0, "process_mem_util_percent": 3.0}
{"timestamp_unix": 1772432539.6879504, "pid": 44132, "device_index": 0, "gpu_uuid": "GPU-6f954bfd-7081-31b7-f15c-f9a174bf4d7f", "gpu_util_percent": 25.0, "gpu_mem_util_percent": 4.0, "gpu_mem_used_mib": 26560.0, "gpu_mem_total_mib": 49140.0, "gpu_power_w": 93.75, "process_present": true, "process_mem_mib": 26072.0, "process_mem_share_percent": 53.05657305657305, "process_util_available": true, "process_util_backend": "nvml", "process_sm_util_percent": 23.0, "process_mem_util_percent": 3.0}
{"timestamp_unix": 1772432539.9755254, "pid": 44132, "device_index": 0, "gpu_uuid": "GPU-6f954bfd-7081-31b7-f15c-f9a174bf4d7f", "gpu_util_percent": 25.0, "gpu_mem_util_percent": 4.0, "gpu_mem_used_mib": 26560.0, "gpu_mem_total_mib": 49140.0, "gpu_power_w": 93.75, "process_present": true, "process_mem_mib": 26072.0, "process_mem_share_percent": 53.05657305657305, "process_util_available": true, "process_util_backend": "nvml", "process_sm_util_percent": 24.0, "process_mem_util_percent": 3.0}
{"timestamp_unix": 1772432540.2960622, "pid": 44132, "device_index": 0, "gpu_uuid": "GPU-6f954bfd-7081-31b7-f15c-f9a174bf4d7f", "gpu_util_percent": 26.0, "gpu_mem_util_percent": 4.0, "gpu_mem_used_mib": 26560.0, "gpu_mem_total_mib": 49140.0, "gpu_power_w": 94.69, "process_present": true, "process_mem_mib": 26072.0, "process_mem_share_percent": 53.05657305657305, "process_util_available": true, "process_util_backend": "nvml", "process_sm_util_percent": 24.0, "process_mem_util_percent": 3.0}
{"timestamp_unix": 1772432540.601479, "pid": 44132, "device_index": 0, "gpu_uuid": "GPU-6f954bfd-7081-31b7-f15c-f9a174bf4d7f", "gpu_util_percent": 26.0, "gpu_mem_util_percent": 4.0, "gpu_mem_used_mib": 26559.0, "gpu_mem_total_mib": 49140.0, "gpu_power_w": 94.69, "process_present": true, "process_mem_mib": 26072.0, "process_mem_share_percent": 53.05657305657305, "process_util_available": true, "process_util_backend": "nvml", "process_sm_util_percent": 23.0, "process_mem_util_percent": 3.0}
{"timestamp_unix": 1772432540.898124, "pid": 44132, "device_index": 0, "gpu_uuid": "GPU-6f954bfd-7081-31b7-f15c-f9a174bf4d7f", "gpu_util_percent": 26.0, "gpu_mem_util_percent": 4.0, "gpu_mem_used_mib": 26559.0, "gpu_mem_total_mib": 49140.0, "gpu_power_w": 94.72, "process_present": true, "process_mem_mib": 26072.0, "process_mem_share_percent": 53.05657305657305, "process_util_available": true, "process_util_backend": "nvml", "process_sm_util_percent": 23.0, "process_mem_util_percent": 3.0}
{"timestamp_unix": 1772432541.1884904, "pid": 44132, "device_index": 0, "gpu_uuid": "GPU-6f954bfd-7081-31b7-f15c-f9a174bf4d7f", "gpu_util_percent": 25.0, "gpu_mem_util_percent": 4.0, "gpu_mem_used_mib": 26559.0, "gpu_mem_total_mib": 49140.0, "gpu_power_w": 94.7, "process_present": true, "process_mem_mib": 26072.0, "process_mem_share_percent": 53.05657305657305, "process_util_available": true, "process_util_backend": "nvml", "process_sm_util_percent": 23.0, "process_mem_util_percent": 3.0}
{"timestamp_unix": 1772432541.475608, "pid": 44132, "device_index": 0, "gpu_uuid": "GPU-6f954bfd-7081-31b7-f15c-f9a174bf4d7f", "gpu_util_percent": 25.0, "gpu_mem_util_percent": 4.0, "gpu_mem_used_mib": 26555.0, "gpu_mem_total_mib": 49140.0, "gpu_power_w": 94.7, "process_present": true, "process_mem_mib": 26072.0, "process_mem_share_percent": 53.05657305657305, "process_util_available": true, "process_util_backend": "nvml", "process_sm_util_percent": 24.0, "process_mem_util_percent": 3.0}
{"timestamp_unix": 1772432541.767822, "pid": 44132, "device_index": 0, "gpu_uuid": "GPU-6f954bfd-7081-31b7-f15c-f9a174bf4d7f", "gpu_util_percent": 25.0, "gpu_mem_util_percent": 4.0, "gpu_mem_used_mib": 26555.0, "gpu_mem_total_mib": 49140.0, "gpu_power_w": 94.53, "process_present": true, "process_mem_mib": 26072.0, "process_mem_share_percent": 53.05657305657305, "process_util_available": true, "process_util_backend": "nvml", "process_sm_util_percent": 24.0, "process_mem_util_percent": 3.0}
{"timestamp_unix": 1772432542.0548651, "pid": 44132, "device_index": 0, "gpu_uuid": "GPU-6f954bfd-7081-31b7-f15c-f9a174bf4d7f", "gpu_util_percent": 25.0, "gpu_mem_util_percent": 4.0, "gpu_mem_used_mib": 26555.0, "gpu_mem_total_mib": 49140.0, "gpu_power_w": 94.53, "process_present": true, "process_mem_mib": 26072.0, "process_mem_share_percent": 53.05657305657305, "process_util_available": true, "process_util_backend": "nvml", "process_sm_util_percent": 25.0, "process_mem_util_percent": 3.0}
{"timestamp_unix": 1772432542.3455417, "pid": 44132, "device_index": 0, "gpu_uuid": "GPU-6f954bfd-7081-31b7-f15c-f9a174bf4d7f", "gpu_util_percent": 28.0, "gpu_mem_util_percent": 4.0, "gpu_mem_used_mib": 26555.0, "gpu_mem_total_mib": 49140.0, "gpu_power_w": 94.39, "process_present": true, "process_mem_mib": 26072.0, "process_mem_share_percent": 53.05657305657305, "process_util_available": true, "process_util_backend": "nvml", "process_sm_util_percent": 26.0, "process_mem_util_percent": 3.0}
{"timestamp_unix": 1772432542.6384506, "pid": 44132, "device_index": 0, "gpu_uuid": "GPU-6f954bfd-7081-31b7-f15c-f9a174bf4d7f", "gpu_util_percent": 28.0, "gpu_mem_util_percent": 4.0, "gpu_mem_used_mib": 26555.0, "gpu_mem_total_mib": 49140.0, "gpu_power_w": 94.39, "process_present": true, "process_mem_mib": 26072.0, "process_mem_share_percent": 53.05657305657305, "process_util_available": true, "process_util_backend": "nvml", "process_sm_util_percent": 26.0, "process_mem_util_percent": 3.0}
{"timestamp_unix": 1772432542.9378772, "pid": 44132, "device_index": 0, "gpu_uuid": "GPU-6f954bfd-7081-31b7-f15c-f9a174bf4d7f", "gpu_util_percent": 28.0, "gpu_mem_util_percent": 4.0, "gpu_mem_used_mib": 26554.0, "gpu_mem_total_mib": 49140.0, "gpu_power_w": 94.33, "process_present": true, "process_mem_mib": 26072.0, "process_mem_share_percent": 53.05657305657305, "process_util_available": true, "process_util_backend": "nvml", "process_sm_util_percent": 26.0, "process_mem_util_percent": 3.0}
{"timestamp_unix": 1772432543.249096, "pid": 44132, "device_index": 0, "gpu_uuid": "GPU-6f954bfd-7081-31b7-f15c-f9a174bf4d7f", "gpu_util_percent": 29.0, "gpu_mem_util_percent": 4.0, "gpu_mem_used_mib": 26554.0, "gpu_mem_total_mib": 49140.0, "gpu_power_w": 94.57, "process_present": true, "process_mem_mib": 26072.0, "process_mem_share_percent": 53.05657305657305, "process_util_available": true, "process_util_backend": "nvml", "process_sm_util_percent": 26.0, "process_mem_util_percent": 3.0}
{"timestamp_unix": 1772432543.5417101, "pid": 44132, "device_index": 0, "gpu_uuid": "GPU-6f954bfd-7081-31b7-f15c-f9a174bf4d7f", "gpu_util_percent": 29.0, "gpu_mem_util_percent": 4.0, "gpu_mem_used_mib": 26555.0, "gpu_mem_total_mib": 49140.0, "gpu_power_w": 94.57, "process_present": true, "process_mem_mib": 26072.0, "process_mem_share_percent": 53.05657305657305, "process_util_available": true, "process_util_backend": "nvml", "process_sm_util_percent": 21.0, "process_mem_util_percent": 2.0}
{"timestamp_unix": 1772432543.8344228, "pid": 44132, "device_index": 0, "gpu_uuid": "GPU-6f954bfd-7081-31b7-f15c-f9a174bf4d7f", "gpu_util_percent": 29.0, "gpu_mem_util_percent": 4.0, "gpu_mem_used_mib": 26555.0, "gpu_mem_total_mib": 49140.0, "gpu_power_w": 94.1, "process_present": true, "process_mem_mib": 26072.0, "process_mem_share_percent": 53.05657305657305, "process_util_available": true, "process_util_backend": "nvml", "process_sm_util_percent": 26.0, "process_mem_util_percent": 4.0}
{"timestamp_unix": 1772432544.125449, "pid": 44132, "device_index": 0, "gpu_uuid": "GPU-6f954bfd-7081-31b7-f15c-f9a174bf4d7f", "gpu_util_percent": 29.0, "gpu_mem_util_percent": 4.0, "gpu_mem_used_mib": 26555.0, "gpu_mem_total_mib": 49140.0, "gpu_power_w": 94.1, "process_present": true, "process_mem_mib": 26072.0, "process_mem_share_percent": 53.05657305657305, "process_util_available": true, "process_util_backend": "nvml", "process_sm_util_percent": 25.0, "process_mem_util_percent": 4.0}
{"timestamp_unix": 1772432544.4181225, "pid": 44132, "device_index": 0, "gpu_uuid": "GPU-6f954bfd-7081-31b7-f15c-f9a174bf4d7f", "gpu_util_percent": 27.0, "gpu_mem_util_percent": 4.0, "gpu_mem_used_mib": 26555.0, "gpu_mem_total_mib": 49140.0, "gpu_power_w": 94.36, "process_present": true, "process_mem_mib": 26072.0, "process_mem_share_percent": 53.05657305657305, "process_util_available": true, "process_util_backend": "nvml", "process_sm_util_percent": 25.0, "process_mem_util_percent": 4.0}
{"timestamp_unix": 1772432544.7097025, "pid": 44132, "device_index": 0, "gpu_uuid": "GPU-6f954bfd-7081-31b7-f15c-f9a174bf4d7f", "gpu_util_percent": 27.0, "gpu_mem_util_percent": 4.0, "gpu_mem_used_mib": 26555.0, "gpu_mem_total_mib": 49140.0, "gpu_power_w": 95.22, "process_present": true, "process_mem_mib": 26072.0, "process_mem_share_percent": 53.05657305657305, "process_util_available": true, "process_util_backend": "nvml", "process_sm_util_percent": 25.0, "process_mem_util_percent": 4.0}
{"timestamp_unix": 1772432545.0029378, "pid": 44132, "device_index": 0, "gpu_uuid": "GPU-6f954bfd-7081-31b7-f15c-f9a174bf4d7f", "gpu_util_percent": 27.0, "gpu_mem_util_percent": 4.0, "gpu_mem_used_mib": 26555.0, "gpu_mem_total_mib": 49140.0, "gpu_power_w": 95.22, "process_present": true, "process_mem_mib": 26072.0, "process_mem_share_percent": 53.05657305657305, "process_util_available": true, "process_util_backend": "nvml", "process_sm_util_percent": 25.0, "process_mem_util_percent": 4.0}
{"timestamp_unix": 1772432545.298117, "pid": 44132, "device_index": 0, "gpu_uuid": "GPU-6f954bfd-7081-31b7-f15c-f9a174bf4d7f", "gpu_util_percent": 25.0, "gpu_mem_util_percent": 4.0, "gpu_mem_used_mib": 26555.0, "gpu_mem_total_mib": 49140.0, "gpu_power_w": 95.33, "process_present": true, "process_mem_mib": 26072.0, "process_mem_share_percent": 53.05657305657305, "process_util_available": true, "process_util_backend": "nvml", "process_sm_util_percent": 25.0, "process_mem_util_percent": 4.0}
{"timestamp_unix": 1772432545.6014495, "pid": 44132, "device_index": 0, "gpu_uuid": "GPU-6f954bfd-7081-31b7-f15c-f9a174bf4d7f", "gpu_util_percent": 25.0, "gpu_mem_util_percent": 4.0, "gpu_mem_used_mib": 26555.0, "gpu_mem_total_mib": 49140.0, "gpu_power_w": 95.33, "process_present": true, "process_mem_mib": 26072.0, "process_mem_share_percent": 53.05657305657305, "process_util_available": true, "process_util_backend": "nvml", "process_sm_util_percent": 25.0, "process_mem_util_percent": 4.0}
{"timestamp_unix": 1772432545.9001522, "pid": 44132, "device_index": 0, "gpu_uuid": "GPU-6f954bfd-7081-31b7-f15c-f9a174bf4d7f", "gpu_util_percent": 25.0, "gpu_mem_util_percent": 4.0, "gpu_mem_used_mib": 26555.0, "gpu_mem_total_mib": 49140.0, "gpu_power_w": 95.52, "process_present": true, "process_mem_mib": 26072.0, "process_mem_share_percent": 53.05657305657305, "process_util_available": true, "process_util_backend": "nvml", "process_sm_util_percent": 25.0, "process_mem_util_percent": 4.0}
{"timestamp_unix": 1772432546.1997168, "pid": 44132, "device_index": 0, "gpu_uuid": "GPU-6f954bfd-7081-31b7-f15c-f9a174bf4d7f", "gpu_util_percent": 24.0, "gpu_mem_util_percent": 4.0, "gpu_mem_used_mib": 28034.0, "gpu_mem_total_mib": 49140.0, "gpu_power_w": 95.61, "process_present": true, "process_mem_mib": 27912.0, "process_mem_share_percent": 56.8009768009768, "process_util_available": true, "process_util_backend": "nvml", "process_sm_util_percent": 24.0, "process_mem_util_percent": 4.0}
{"timestamp_unix": 1772432546.4894726, "pid": 44132, "device_index": 0, "gpu_uuid": "GPU-6f954bfd-7081-31b7-f15c-f9a174bf4d7f", "gpu_util_percent": 24.0, "gpu_mem_util_percent": 4.0, "gpu_mem_used_mib": 30374.0, "gpu_mem_total_mib": 49140.0, "gpu_power_w": 95.61, "process_present": true, "process_mem_mib": 29892.0, "process_mem_share_percent": 60.83028083028083, "process_util_available": true, "process_util_backend": "nvml", "process_sm_util_percent": 24.0, "process_mem_util_percent": 3.0}
{"timestamp_unix": 1772432546.7835915, "pid": 44132, "device_index": 0, "gpu_uuid": "GPU-6f954bfd-7081-31b7-f15c-f9a174bf4d7f", "gpu_util_percent": 24.0, "gpu_mem_util_percent": 4.0, "gpu_mem_used_mib": 30394.0, "gpu_mem_total_mib": 49140.0, "gpu_power_w": 94.51, "process_present": true, "process_mem_mib": 29912.0, "process_mem_share_percent": 60.87098087098087, "process_util_available": true, "process_util_backend": "nvml", "process_sm_util_percent": null, "process_mem_util_percent": null}
{"timestamp_unix": 1772432547.0751295, "pid": 44132, "device_index": 0, "gpu_uuid": "GPU-6f954bfd-7081-31b7-f15c-f9a174bf4d7f", "gpu_util_percent": 24.0, "gpu_mem_util_percent": 4.0, "gpu_mem_used_mib": 30394.0, "gpu_mem_total_mib": 49140.0, "gpu_power_w": 94.51, "process_present": true, "process_mem_mib": 29912.0, "process_mem_share_percent": 60.87098087098087, "process_util_available": true, "process_util_backend": "nvml", "process_sm_util_percent": 24.0, "process_mem_util_percent": 2.0}
{"timestamp_unix": 1772432547.3701026, "pid": 44132, "device_index": 0, "gpu_uuid": "GPU-6f954bfd-7081-31b7-f15c-f9a174bf4d7f", "gpu_util_percent": 26.0, "gpu_mem_util_percent": 4.0, "gpu_mem_used_mib": 30393.0, "gpu_mem_total_mib": 49140.0, "gpu_power_w": 93.21, "process_present": true, "process_mem_mib": 29912.0, "process_mem_share_percent": 60.87098087098087, "process_util_available": true, "process_util_backend": "nvml", "process_sm_util_percent": 26.0, "process_mem_util_percent": 3.0}
{"timestamp_unix": 1772432547.6556845, "pid": 44132, "device_index": 0, "gpu_uuid": "GPU-6f954bfd-7081-31b7-f15c-f9a174bf4d7f", "gpu_util_percent": 26.0, "gpu_mem_util_percent": 4.0, "gpu_mem_used_mib": 30393.0, "gpu_mem_total_mib": 49140.0, "gpu_power_w": 93.43, "process_present": true, "process_mem_mib": 29912.0, "process_mem_share_percent": 60.87098087098087, "process_util_available": true, "process_util_backend": "nvml", "process_sm_util_percent": 25.0, "process_mem_util_percent": 3.0}
{"timestamp_unix": 1772432547.9462023, "pid": 44132, "device_index": 0, "gpu_uuid": "GPU-6f954bfd-7081-31b7-f15c-f9a174bf4d7f", "gpu_util_percent": 26.0, "gpu_mem_util_percent": 4.0, "gpu_mem_used_mib": 30393.0, "gpu_mem_total_mib": 49140.0, "gpu_power_w": 93.43, "process_present": true, "process_mem_mib": 29912.0, "process_mem_share_percent": 60.87098087098087, "process_util_available": true, "process_util_backend": "nvml", "process_sm_util_percent": 26.0, "process_mem_util_percent": 3.0}
{"timestamp_unix": 1772432548.261819, "pid": 44132, "device_index": 0, "gpu_uuid": "GPU-6f954bfd-7081-31b7-f15c-f9a174bf4d7f", "gpu_util_percent": 28.0, "gpu_mem_util_percent": 4.0, "gpu_mem_used_mib": 30394.0, "gpu_mem_total_mib": 49140.0, "gpu_power_w": 95.31, "process_present": true, "process_mem_mib": 29912.0, "process_mem_share_percent": 60.87098087098087, "process_util_available": true, "process_util_backend": "nvml", "process_sm_util_percent": 26.0, "process_mem_util_percent": 3.0}
{"timestamp_unix": 1772432548.5773075, "pid": 44132, "device_index": 0, "gpu_uuid": "GPU-6f954bfd-7081-31b7-f15c-f9a174bf4d7f", "gpu_util_percent": 28.0, "gpu_mem_util_percent": 4.0, "gpu_mem_used_mib": 30394.0, "gpu_mem_total_mib": 49140.0, "gpu_power_w": 95.31, "process_present": true, "process_mem_mib": 29912.0, "process_mem_share_percent": 60.87098087098087, "process_util_available": true, "process_util_backend": "nvml", "process_sm_util_percent": 24.0, "process_mem_util_percent": 3.0}
{"timestamp_unix": 1772432548.8835406, "pid": 44132, "device_index": 0, "gpu_uuid": "GPU-6f954bfd-7081-31b7-f15c-f9a174bf4d7f", "gpu_util_percent": 28.0, "gpu_mem_util_percent": 4.0, "gpu_mem_used_mib": 30394.0, "gpu_mem_total_mib": 49140.0, "gpu_power_w": 95.17, "process_present": true, "process_mem_mib": 29912.0, "process_mem_share_percent": 60.87098087098087, "process_util_available": true, "process_util_backend": "nvml", "process_sm_util_percent": 24.0, "process_mem_util_percent": 3.0}
{"timestamp_unix": 1772432549.185746, "pid": 44132, "device_index": 0, "gpu_uuid": "GPU-6f954bfd-7081-31b7-f15c-f9a174bf4d7f", "gpu_util_percent": 26.0, "gpu_mem_util_percent": 4.0, "gpu_mem_used_mib": 30395.0, "gpu_mem_total_mib": 49140.0, "gpu_power_w": 95.19, "process_present": true, "process_mem_mib": 29912.0, "process_mem_share_percent": 60.87098087098087, "process_util_available": true, "process_util_backend": "nvml", "process_sm_util_percent": 25.0, "process_mem_util_percent": 3.0}
{"timestamp_unix": 1772432549.476986, "pid": 44132, "device_index": 0, "gpu_uuid": "GPU-6f954bfd-7081-31b7-f15c-f9a174bf4d7f", "gpu_util_percent": 26.0, "gpu_mem_util_percent": 4.0, "gpu_mem_used_mib": 30395.0, "gpu_mem_total_mib": 49140.0, "gpu_power_w": 95.19, "process_present": true, "process_mem_mib": 29912.0, "process_mem_share_percent": 60.87098087098087, "process_util_available": true, "process_util_backend": "nvml", "process_sm_util_percent": 25.0, "process_mem_util_percent": 3.0}
{"timestamp_unix": 1772432549.7681324, "pid": 44132, "device_index": 0, "gpu_uuid": "GPU-6f954bfd-7081-31b7-f15c-f9a174bf4d7f", "gpu_util_percent": 26.0, "gpu_mem_util_percent": 4.0, "gpu_mem_used_mib": 30395.0, "gpu_mem_total_mib": 49140.0, "gpu_power_w": 95.06, "process_present": true, "process_mem_mib": 29912.0, "process_mem_share_percent": 60.87098087098087, "process_util_available": true, "process_util_backend": "nvml", "process_sm_util_percent": 24.0, "process_mem_util_percent": 3.0}
{"timestamp_unix": 1772432550.0610654, "pid": 44132, "device_index": 0, "gpu_uuid": "GPU-6f954bfd-7081-31b7-f15c-f9a174bf4d7f", "gpu_util_percent": 26.0, "gpu_mem_util_percent": 4.0, "gpu_mem_used_mib": 30395.0, "gpu_mem_total_mib": 49140.0, "gpu_power_w": 95.06, "process_present": true, "process_mem_mib": 29912.0, "process_mem_share_percent": 60.87098087098087, "process_util_available": true, "process_util_backend": "nvml", "process_sm_util_percent": 25.0, "process_mem_util_percent": 3.0}
{"timestamp_unix": 1772432550.352617, "pid": 44132, "device_index": 0, "gpu_uuid": "GPU-6f954bfd-7081-31b7-f15c-f9a174bf4d7f", "gpu_util_percent": 26.0, "gpu_mem_util_percent": 4.0, "gpu_mem_used_mib": 30395.0, "gpu_mem_total_mib": 49140.0, "gpu_power_w": 94.93, "process_present": true, "process_mem_mib": 29912.0, "process_mem_share_percent": 60.87098087098087, "process_util_available": true, "process_util_backend": "nvml", "process_sm_util_percent": 24.0, "process_mem_util_percent": 3.0}
{"timestamp_unix": 1772432550.6425345, "pid": 44132, "device_index": 0, "gpu_uuid": "GPU-6f954bfd-7081-31b7-f15c-f9a174bf4d7f", "gpu_util_percent": 26.0, "gpu_mem_util_percent": 4.0, "gpu_mem_used_mib": 30395.0, "gpu_mem_total_mib": 49140.0, "gpu_power_w": 94.76, "process_present": true, "process_mem_mib": 29912.0, "process_mem_share_percent": 60.87098087098087, "process_util_available": true, "process_util_backend": "nvml", "process_sm_util_percent": 24.0, "process_mem_util_percent": 3.0}
{"timestamp_unix": 1772432550.9353688, "pid": 44132, "device_index": 0, "gpu_uuid": "GPU-6f954bfd-7081-31b7-f15c-f9a174bf4d7f", "gpu_util_percent": 26.0, "gpu_mem_util_percent": 4.0, "gpu_mem_used_mib": 30395.0, "gpu_mem_total_mib": 49140.0, "gpu_power_w": 94.76, "process_present": true, "process_mem_mib": 29912.0, "process_mem_share_percent": 60.87098087098087, "process_util_available": true, "process_util_backend": "nvml", "process_sm_util_percent": 24.0, "process_mem_util_percent": 3.0}
{"timestamp_unix": 1772432551.2320952, "pid": 44132, "device_index": 0, "gpu_uuid": "GPU-6f954bfd-7081-31b7-f15c-f9a174bf4d7f", "gpu_util_percent": 25.0, "gpu_mem_util_percent": 4.0, "gpu_mem_used_mib": 30395.0, "gpu_mem_total_mib": 49140.0, "gpu_power_w": 94.67, "process_present": true, "process_mem_mib": 29912.0, "process_mem_share_percent": 60.87098087098087, "process_util_available": true, "process_util_backend": "nvml", "process_sm_util_percent": 25.0, "process_mem_util_percent": 3.0}
{"timestamp_unix": 1772432551.5342162, "pid": 44132, "device_index": 0, "gpu_uuid": "GPU-6f954bfd-7081-31b7-f15c-f9a174bf4d7f", "gpu_util_percent": 25.0, "gpu_mem_util_percent": 4.0, "gpu_mem_used_mib": 30399.0, "gpu_mem_total_mib": 49140.0, "gpu_power_w": 94.67, "process_present": true, "process_mem_mib": 29912.0, "process_mem_share_percent": 60.87098087098087, "process_util_available": true, "process_util_backend": "nvml", "process_sm_util_percent": null, "process_mem_util_percent": null}
{"timestamp_unix": 1772432551.8318434, "pid": 44132, "device_index": 0, "gpu_uuid": "GPU-6f954bfd-7081-31b7-f15c-f9a174bf4d7f", "gpu_util_percent": 25.0, "gpu_mem_util_percent": 4.0, "gpu_mem_used_mib": 30399.0, "gpu_mem_total_mib": 49140.0, "gpu_power_w": 93.94, "process_present": true, "process_mem_mib": 29912.0, "process_mem_share_percent": 60.87098087098087, "process_util_available": true, "process_util_backend": "nvml", "process_sm_util_percent": 23.0, "process_mem_util_percent": 3.0}
{"timestamp_unix": 1772432552.1213427, "pid": 44132, "device_index": 0, "gpu_uuid": "GPU-6f954bfd-7081-31b7-f15c-f9a174bf4d7f", "gpu_util_percent": 25.0, "gpu_mem_util_percent": 4.0, "gpu_mem_used_mib": 30399.0, "gpu_mem_total_mib": 49140.0, "gpu_power_w": 93.94, "process_present": true, "process_mem_mib": 29912.0, "process_mem_share_percent": 60.87098087098087, "process_util_available": true, "process_util_backend": "nvml", "process_sm_util_percent": null, "process_mem_util_percent": null}
{"timestamp_unix": 1772432552.4105747, "pid": 44132, "device_index": 0, "gpu_uuid": "GPU-6f954bfd-7081-31b7-f15c-f9a174bf4d7f", "gpu_util_percent": 26.0, "gpu_mem_util_percent": 4.0, "gpu_mem_used_mib": 30399.0, "gpu_mem_total_mib": 49140.0, "gpu_power_w": 94.1, "process_present": true, "process_mem_mib": 29912.0, "process_mem_share_percent": 60.87098087098087, "process_util_available": true, "process_util_backend": "nvml", "process_sm_util_percent": 24.0, "process_mem_util_percent": 4.0}
{"timestamp_unix": 1772432552.7029836, "pid": 44132, "device_index": 0, "gpu_uuid": "GPU-6f954bfd-7081-31b7-f15c-f9a174bf4d7f", "gpu_util_percent": 26.0, "gpu_mem_util_percent": 4.0, "gpu_mem_used_mib": 30401.0, "gpu_mem_total_mib": 49140.0, "gpu_power_w": 94.93, "process_present": true, "process_mem_mib": 29912.0, "process_mem_share_percent": 60.87098087098087, "process_util_available": true, "process_util_backend": "nvml", "process_sm_util_percent": 24.0, "process_mem_util_percent": 4.0}
{"timestamp_unix": 1772432552.9928944, "pid": 44132, "device_index": 0, "gpu_uuid": "GPU-6f954bfd-7081-31b7-f15c-f9a174bf4d7f", "gpu_util_percent": 26.0, "gpu_mem_util_percent": 4.0, "gpu_mem_used_mib": 30401.0, "gpu_mem_total_mib": 49140.0, "gpu_power_w": 94.93, "process_present": true, "process_mem_mib": 29912.0, "process_mem_share_percent": 60.87098087098087, "process_util_available": true, "process_util_backend": "nvml", "process_sm_util_percent": 23.0, "process_mem_util_percent": 4.0}
{"timestamp_unix": 1772432553.288602, "pid": 44132, "device_index": 0, "gpu_uuid": "GPU-6f954bfd-7081-31b7-f15c-f9a174bf4d7f", "gpu_util_percent": 25.0, "gpu_mem_util_percent": 5.0, "gpu_mem_used_mib": 30401.0, "gpu_mem_total_mib": 49140.0, "gpu_power_w": 95.39, "process_present": true, "process_mem_mib": 29912.0, "process_mem_share_percent": 60.87098087098087, "process_util_available": true, "process_util_backend": "nvml", "process_sm_util_percent": 12.0, "process_mem_util_percent": 2.0}
{"timestamp_unix": 1772432553.5792897, "pid": 44132, "device_index": 0, "gpu_uuid": "GPU-6f954bfd-7081-31b7-f15c-f9a174bf4d7f", "gpu_util_percent": 25.0, "gpu_mem_util_percent": 5.0, "gpu_mem_used_mib": 30401.0, "gpu_mem_total_mib": 49140.0, "gpu_power_w": 95.39, "process_present": true, "process_mem_mib": 29912.0, "process_mem_share_percent": 60.87098087098087, "process_util_available": true, "process_util_backend": "nvml", "process_sm_util_percent": null, "process_mem_util_percent": null}
{"timestamp_unix": 1772432553.8873937, "pid": 44132, "device_index": 0, "gpu_uuid": "GPU-6f954bfd-7081-31b7-f15c-f9a174bf4d7f", "gpu_util_percent": 25.0, "gpu_mem_util_percent": 5.0, "gpu_mem_used_mib": 30401.0, "gpu_mem_total_mib": 49140.0, "gpu_power_w": 95.51, "process_present": true, "process_mem_mib": 29912.0, "process_mem_share_percent": 60.87098087098087, "process_util_available": true, "process_util_backend": "nvml", "process_sm_util_percent": 12.0, "process_mem_util_percent": 2.0}
{"timestamp_unix": 1772432554.1951454, "pid": 44132, "device_index": 0, "gpu_uuid": "GPU-6f954bfd-7081-31b7-f15c-f9a174bf4d7f", "gpu_util_percent": 24.0, "gpu_mem_util_percent": 4.0, "gpu_mem_used_mib": 32481.0, "gpu_mem_total_mib": 49140.0, "gpu_power_w": 95.46, "process_present": true, "process_mem_mib": 32332.0, "process_mem_share_percent": 65.7956857956858, "process_util_available": true, "process_util_backend": "nvml", "process_sm_util_percent": 23.0, "process_mem_util_percent": 4.0}
{"timestamp_unix": 1772432554.5001383, "pid": 44132, "device_index": 0, "gpu_uuid": "GPU-6f954bfd-7081-31b7-f15c-f9a174bf4d7f", "gpu_util_percent": 24.0, "gpu_mem_util_percent": 4.0, "gpu_mem_used_mib": 34960.0, "gpu_mem_total_mib": 49140.0, "gpu_power_w": 95.46, "process_present": true, "process_mem_mib": 34852.0, "process_mem_share_percent": 70.92389092389092, "process_util_available": true, "process_util_backend": "nvml", "process_sm_util_percent": 23.0, "process_mem_util_percent": 3.0}
{"timestamp_unix": 1772432554.8009393, "pid": 44132, "device_index": 0, "gpu_uuid": "GPU-6f954bfd-7081-31b7-f15c-f9a174bf4d7f", "gpu_util_percent": 24.0, "gpu_mem_util_percent": 4.0, "gpu_mem_used_mib": 36800.0, "gpu_mem_total_mib": 49140.0, "gpu_power_w": 94.81, "process_present": true, "process_mem_mib": 36312.0, "process_mem_share_percent": 73.8949938949939, "process_util_available": true, "process_util_backend": "nvml", "process_sm_util_percent": 22.0, "process_mem_util_percent": 3.0}
{"timestamp_unix": 1772432555.0884964, "pid": 44132, "device_index": 0, "gpu_uuid": "GPU-6f954bfd-7081-31b7-f15c-f9a174bf4d7f", "gpu_util_percent": 24.0, "gpu_mem_util_percent": 4.0, "gpu_mem_used_mib": 36820.0, "gpu_mem_total_mib": 49140.0, "gpu_power_w": 94.81, "process_present": true, "process_mem_mib": 36332.0, "process_mem_share_percent": 73.93569393569393, "process_util_available": true, "process_util_backend": "nvml", "process_sm_util_percent": 10.0, "process_mem_util_percent": 1.0}
{"timestamp_unix": 1772432555.3799033, "pid": 44132, "device_index": 0, "gpu_uuid": "GPU-6f954bfd-7081-31b7-f15c-f9a174bf4d7f", "gpu_util_percent": 25.0, "gpu_mem_util_percent": 4.0, "gpu_mem_used_mib": 36820.0, "gpu_mem_total_mib": 49140.0, "gpu_power_w": 92.81, "process_present": true, "process_mem_mib": 36332.0, "process_mem_share_percent": 73.93569393569393, "process_util_available": true, "process_util_backend": "nvml", "process_sm_util_percent": 25.0, "process_mem_util_percent": 4.0}
{"timestamp_unix": 1772432555.6713462, "pid": 44132, "device_index": 0, "gpu_uuid": "GPU-6f954bfd-7081-31b7-f15c-f9a174bf4d7f", "gpu_util_percent": 25.0, "gpu_mem_util_percent": 4.0, "gpu_mem_used_mib": 36820.0, "gpu_mem_total_mib": 49140.0, "gpu_power_w": 93.39, "process_present": true, "process_mem_mib": 36332.0, "process_mem_share_percent": 73.93569393569393, "process_util_available": true, "process_util_backend": "nvml", "process_sm_util_percent": 25.0, "process_mem_util_percent": 3.0}
{"timestamp_unix": 1772432555.9637756, "pid": 44132, "device_index": 0, "gpu_uuid": "GPU-6f954bfd-7081-31b7-f15c-f9a174bf4d7f", "gpu_util_percent": 25.0, "gpu_mem_util_percent": 4.0, "gpu_mem_used_mib": 36820.0, "gpu_mem_total_mib": 49140.0, "gpu_power_w": 93.39, "process_present": true, "process_mem_mib": 36332.0, "process_mem_share_percent": 73.93569393569393, "process_util_available": true, "process_util_backend": "nvml", "process_sm_util_percent": 24.0, "process_mem_util_percent": 4.0}
{"timestamp_unix": 1772432556.2570314, "pid": 44132, "device_index": 0, "gpu_uuid": "GPU-6f954bfd-7081-31b7-f15c-f9a174bf4d7f", "gpu_util_percent": 25.0, "gpu_mem_util_percent": 4.0, "gpu_mem_used_mib": 36820.0, "gpu_mem_total_mib": 49140.0, "gpu_power_w": 95.43, "process_present": true, "process_mem_mib": 36332.0, "process_mem_share_percent": 73.93569393569393, "process_util_available": true, "process_util_backend": "nvml", "process_sm_util_percent": 24.0, "process_mem_util_percent": 3.0}
{"timestamp_unix": 1772432556.5627902, "pid": 44132, "device_index": 0, "gpu_uuid": "GPU-6f954bfd-7081-31b7-f15c-f9a174bf4d7f", "gpu_util_percent": 25.0, "gpu_mem_util_percent": 4.0, "gpu_mem_used_mib": 36816.0, "gpu_mem_total_mib": 49140.0, "gpu_power_w": 95.43, "process_present": true, "process_mem_mib": 36332.0, "process_mem_share_percent": 73.93569393569393, "process_util_available": true, "process_util_backend": "nvml", "process_sm_util_percent": 24.0, "process_mem_util_percent": 3.0}
{"timestamp_unix": 1772432556.866793, "pid": 44132, "device_index": 0, "gpu_uuid": "GPU-6f954bfd-7081-31b7-f15c-f9a174bf4d7f", "gpu_util_percent": 25.0, "gpu_mem_util_percent": 4.0, "gpu_mem_used_mib": 36820.0, "gpu_mem_total_mib": 49140.0, "gpu_power_w": 95.43, "process_present": true, "process_mem_mib": 36332.0, "process_mem_share_percent": 73.93569393569393, "process_util_available": true, "process_util_backend": "nvml", "process_sm_util_percent": 25.0, "process_mem_util_percent": 3.0}
{"timestamp_unix": 1772432557.1673336, "pid": 44132, "device_index": 0, "gpu_uuid": "GPU-6f954bfd-7081-31b7-f15c-f9a174bf4d7f", "gpu_util_percent": 27.0, "gpu_mem_util_percent": 4.0, "gpu_mem_used_mib": 36820.0, "gpu_mem_total_mib": 49140.0, "gpu_power_w": 95.37, "process_present": true, "process_mem_mib": 36332.0, "process_mem_share_percent": 73.93569393569393, "process_util_available": true, "process_util_backend": "nvml", "process_sm_util_percent": 26.0, "process_mem_util_percent": 3.0}
{"timestamp_unix": 1772432557.4581199, "pid": 44132, "device_index": 0, "gpu_uuid": "GPU-6f954bfd-7081-31b7-f15c-f9a174bf4d7f", "gpu_util_percent": 27.0, "gpu_mem_util_percent": 4.0, "gpu_mem_used_mib": 36820.0, "gpu_mem_total_mib": 49140.0, "gpu_power_w": 95.37, "process_present": true, "process_mem_mib": 36332.0, "process_mem_share_percent": 73.93569393569393, "process_util_available": true, "process_util_backend": "nvml", "process_sm_util_percent": 25.0, "process_mem_util_percent": 3.0}
{"timestamp_unix": 1772432557.7579887, "pid": 44132, "device_index": 0, "gpu_uuid": "GPU-6f954bfd-7081-31b7-f15c-f9a174bf4d7f", "gpu_util_percent": 27.0, "gpu_mem_util_percent": 4.0, "gpu_mem_used_mib": 36819.0, "gpu_mem_total_mib": 49140.0, "gpu_power_w": 95.37, "process_present": true, "process_mem_mib": 36332.0, "process_mem_share_percent": 73.93569393569393, "process_util_available": true, "process_util_backend": "nvml", "process_sm_util_percent": 24.0, "process_mem_util_percent": 3.0}
{"timestamp_unix": 1772432558.0507627, "pid": 44132, "device_index": 0, "gpu_uuid": "GPU-6f954bfd-7081-31b7-f15c-f9a174bf4d7f", "gpu_util_percent": 27.0, "gpu_mem_util_percent": 4.0, "gpu_mem_used_mib": 36819.0, "gpu_mem_total_mib": 49140.0, "gpu_power_w": 95.37, "process_present": true, "process_mem_mib": 36332.0, "process_mem_share_percent": 73.93569393569393, "process_util_available": true, "process_util_backend": "nvml", "process_sm_util_percent": 24.0, "process_mem_util_percent": 3.0}
{"timestamp_unix": 1772432558.3392098, "pid": 44132, "device_index": 0, "gpu_uuid": "GPU-6f954bfd-7081-31b7-f15c-f9a174bf4d7f", "gpu_util_percent": 25.0, "gpu_mem_util_percent": 4.0, "gpu_mem_used_mib": 36819.0, "gpu_mem_total_mib": 49140.0, "gpu_power_w": 95.28, "process_present": true, "process_mem_mib": 36332.0, "process_mem_share_percent": 73.93569393569393, "process_util_available": true, "process_util_backend": "nvml", "process_sm_util_percent": 25.0, "process_mem_util_percent": 3.0}
{"timestamp_unix": 1772432558.6298614, "pid": 44132, "device_index": 0, "gpu_uuid": "GPU-6f954bfd-7081-31b7-f15c-f9a174bf4d7f", "gpu_util_percent": 25.0, "gpu_mem_util_percent": 4.0, "gpu_mem_used_mib": 36819.0, "gpu_mem_total_mib": 49140.0, "gpu_power_w": 95.28, "process_present": true, "process_mem_mib": 36332.0, "process_mem_share_percent": 73.93569393569393, "process_util_available": true, "process_util_backend": "nvml", "process_sm_util_percent": 24.0, "process_mem_util_percent": 3.0}
{"timestamp_unix": 1772432558.921477, "pid": 44132, "device_index": 0, "gpu_uuid": "GPU-6f954bfd-7081-31b7-f15c-f9a174bf4d7f", "gpu_util_percent": 25.0, "gpu_mem_util_percent": 4.0, "gpu_mem_used_mib": 36819.0, "gpu_mem_total_mib": 49140.0, "gpu_power_w": 95.26, "process_present": true, "process_mem_mib": 36332.0, "process_mem_share_percent": 73.93569393569393, "process_util_available": true, "process_util_backend": "nvml", "process_sm_util_percent": 24.0, "process_mem_util_percent": 3.0}
{"timestamp_unix": 1772432559.2284424, "pid": 44132, "device_index": 0, "gpu_uuid": "GPU-6f954bfd-7081-31b7-f15c-f9a174bf4d7f", "gpu_util_percent": 25.0, "gpu_mem_util_percent": 4.0, "gpu_mem_used_mib": 36819.0, "gpu_mem_total_mib": 49140.0, "gpu_power_w": 95.16, "process_present": true, "process_mem_mib": 36332.0, "process_mem_share_percent": 73.93569393569393, "process_util_available": true, "process_util_backend": "nvml", "process_sm_util_percent": 25.0, "process_mem_util_percent": 3.0}
{"timestamp_unix": 1772432559.5338368, "pid": 44132, "device_index": 0, "gpu_uuid": "GPU-6f954bfd-7081-31b7-f15c-f9a174bf4d7f", "gpu_util_percent": 25.0, "gpu_mem_util_percent": 4.0, "gpu_mem_used_mib": 36819.0, "gpu_mem_total_mib": 49140.0, "gpu_power_w": 95.16, "process_present": true, "process_mem_mib": 36332.0, "process_mem_share_percent": 73.93569393569393, "process_util_available": true, "process_util_backend": "nvml", "process_sm_util_percent": 24.0, "process_mem_util_percent": 3.0}
{"timestamp_unix": 1772432559.8394563, "pid": 44132, "device_index": 0, "gpu_uuid": "GPU-6f954bfd-7081-31b7-f15c-f9a174bf4d7f", "gpu_util_percent": 25.0, "gpu_mem_util_percent": 4.0, "gpu_mem_used_mib": 36819.0, "gpu_mem_total_mib": 49140.0, "gpu_power_w": 94.93, "process_present": true, "process_mem_mib": 36332.0, "process_mem_share_percent": 73.93569393569393, "process_util_available": true, "process_util_backend": "nvml", "process_sm_util_percent": null, "process_mem_util_percent": null}
