{"timestamp_unix": 1772433932.2165387, "pid": 54827, "device_index": 0, "gpu_uuid": "GPU-6f954bfd-7081-31b7-f15c-f9a174bf4d7f", "gpu_util_percent": 36.0, "gpu_mem_util_percent": 16.0, "gpu_mem_used_mib": 1067.0, "gpu_mem_total_mib": 49140.0, "gpu_power_w": 45.47, "process_present": true, "process_mem_mib": 562.0, "process_mem_share_percent": 1.1436711436711438, "process_util_available": true, "process_util_backend": "nvml", "process_sm_util_percent": null, "process_mem_util_percent": null}
{"timestamp_unix": 1772433932.512933, "pid": 54827, "device_index": 0, "gpu_uuid": "GPU-6f954bfd-7081-31b7-f15c-f9a174bf4d7f", "gpu_util_percent": 17.0, "gpu_mem_util_percent": 1.0, "gpu_mem_used_mib": 1121.0, "gpu_mem_total_mib": 49140.0, "gpu_power_w": 57.43, "process_present": true, "process_mem_mib": 620.0, "process_mem_share_percent": 1.2617012617012617, "process_util_available": true, "process_util_backend": "nvml", "process_sm_util_percent": null, "process_mem_util_percent": null}
{"timestamp_unix": 1772433932.818064, "pid": 54827, "device_index": 0, "gpu_uuid": "GPU-6f954bfd-7081-31b7-f15c-f9a174bf4d7f", "gpu_util_percent": 17.0, "gpu_mem_util_percent": 1.0, "gpu_mem_used_mib": 1203.0, "gpu_mem_total_mib": 49140.0, "gpu_power_w": 57.43, "process_present": true, "process_mem_mib": 752.0, "process_mem_share_percent": 1.5303215303215303, "process_util_available": true, "process_util_backend": "nvml", "process_sm_util_percent": 9.0, "process_mem_util_percent": 0.0}
{"timestamp_unix": 1772433933.1209261, "pid": 54827, "device_index": 0, "gpu_uuid": "GPU-6f954bfd-7081-31b7-f15c-f9a174bf4d7f", "gpu_util_percent": 17.0, "gpu_mem_util_percent": 1.0, "gpu_mem_used_mib": 1541.0, "gpu_mem_total_mib": 49140.0, "gpu_power_w": 75.09, "process_present": true, "process_mem_mib": 1074.0, "process_mem_share_percent": 2.1855921855921854, "process_util_available": true, "process_util_backend": "nvml", "process_sm_util_percent": 24.0, "process_mem_util_percent": 2.0}
{"timestamp_unix": 1772433933.4191191, "pid": 54827, "device_index": 0, "gpu_uuid": "GPU-6f954bfd-7081-31b7-f15c-f9a174bf4d7f", "gpu_util_percent": 24.0, "gpu_mem_util_percent": 2.0, "gpu_mem_used_mib": 1877.0, "gpu_mem_total_mib": 49140.0, "gpu_power_w": 86.47, "process_present": true, "process_mem_mib": 1430.0, "process_mem_share_percent": 2.91005291005291, "process_util_available": true, "process_util_backend": "nvml", "process_sm_util_percent": 23.0, "process_mem_util_percent": 2.0}
{"timestamp_unix": 1772433933.707957, "pid": 54827, "device_index": 0, "gpu_uuid": "GPU-6f954bfd-7081-31b7-f15c-f9a174bf4d7f", "gpu_util_percent": 24.0, "gpu_mem_util_percent": 2.0, "gpu_mem_used_mib": 2251.0, "gpu_mem_total_mib": 49140.0, "gpu_power_w": 86.47, "process_present": true, "process_mem_mib": 1786.0, "process_mem_share_percent": 3.634513634513634, "process_util_available": true, "process_util_backend": "nvml", "process_sm_util_percent": 23.0, "process_mem_util_percent": 2.0}
{"timestamp_unix": 1772433933.9959307, "pid": 54827, "device_index": 0, "gpu_uuid": "GPU-6f954bfd-7081-31b7-f15c-f9a174bf4d7f", "gpu_util_percent": 24.0, "gpu_mem_util_percent": 2.0, "gpu_mem_used_mib": 2627.0, "gpu_mem_total_mib": 49140.0, "gpu_power_w": 89.08, "process_present": true, "process_mem_mib": 2184.0, "process_mem_share_percent": 4.444444444444445, "process_util_available": true, "process_util_backend": "nvml", "process_sm_util_percent": null, "process_mem_util_percent": null}
{"timestamp_unix": 1772433934.2872682, "pid": 54827, "device_index": 0, "gpu_uuid": "GPU-6f954bfd-7081-31b7-f15c-f9a174bf4d7f", "gpu_util_percent": 24.0, "gpu_mem_util_percent": 2.0, "gpu_mem_used_mib": 3011.0, "gpu_mem_total_mib": 49140.0, "gpu_power_w": 89.08, "process_present": true, "process_mem_mib": 2578.0, "process_mem_share_percent": 5.246235246235247, "process_util_available": true, "process_util_backend": "nvml", "process_sm_util_percent": 23.0, "process_mem_util_percent": 2.0}
{"timestamp_unix": 1772433934.5739002, "pid": 54827, "device_index": 0, "gpu_uuid": "GPU-6f954bfd-7081-31b7-f15c-f9a174bf4d7f", "gpu_util_percent": 22.0, "gpu_mem_util_percent": 2.0, "gpu_mem_used_mib": 3424.0, "gpu_mem_total_mib": 49140.0, "gpu_power_w": 89.4, "process_present": true, "process_mem_mib": 2976.0, "process_mem_share_percent": 6.056166056166056, "process_util_available": true, "process_util_backend": "nvml", "process_sm_util_percent": 23.0, "process_mem_util_percent": 2.0}
{"timestamp_unix": 1772433934.861938, "pid": 54827, "device_index": 0, "gpu_uuid": "GPU-6f954bfd-7081-31b7-f15c-f9a174bf4d7f", "gpu_util_percent": 22.0, "gpu_mem_util_percent": 2.0, "gpu_mem_used_mib": 3870.0, "gpu_mem_total_mib": 49140.0, "gpu_power_w": 89.4, "process_present": true, "process_mem_mib": 3444.0, "process_mem_share_percent": 7.0085470085470085, "process_util_available": true, "process_util_backend": "nvml", "process_sm_util_percent": 23.0, "process_mem_util_percent": 2.0}
{"timestamp_unix": 1772433935.152844, "pid": 54827, "device_index": 0, "gpu_uuid": "GPU-6f954bfd-7081-31b7-f15c-f9a174bf4d7f", "gpu_util_percent": 22.0, "gpu_mem_util_percent": 2.0, "gpu_mem_used_mib": 4316.0, "gpu_mem_total_mib": 49140.0, "gpu_power_w": 89.46, "process_present": true, "process_mem_mib": 3882.0, "process_mem_share_percent": 7.899877899877899, "process_util_available": true, "process_util_backend": "nvml", "process_sm_util_percent": 23.0, "process_mem_util_percent": 2.0}
{"timestamp_unix": 1772433935.4548273, "pid": 54827, "device_index": 0, "gpu_uuid": "GPU-6f954bfd-7081-31b7-f15c-f9a174bf4d7f", "gpu_util_percent": 23.0, "gpu_mem_util_percent": 2.0, "gpu_mem_used_mib": 4758.0, "gpu_mem_total_mib": 49140.0, "gpu_power_w": 89.34, "process_present": true, "process_mem_mib": 4310.0, "process_mem_share_percent": 8.770858770858771, "process_util_available": true, "process_util_backend": "nvml", "process_sm_util_percent": 23.0, "process_mem_util_percent": 2.0}
{"timestamp_unix": 1772433935.7653217, "pid": 54827, "device_index": 0, "gpu_uuid": "GPU-6f954bfd-7081-31b7-f15c-f9a174bf4d7f", "gpu_util_percent": 23.0, "gpu_mem_util_percent": 2.0, "gpu_mem_used_mib": 5242.0, "gpu_mem_total_mib": 49140.0, "gpu_power_w": 89.34, "process_present": true, "process_mem_mib": 4798.0, "process_mem_share_percent": 9.763939763939764, "process_util_available": true, "process_util_backend": "nvml", "process_sm_util_percent": 23.0, "process_mem_util_percent": 2.0}
{"timestamp_unix": 1772433936.0809035, "pid": 54827, "device_index": 0, "gpu_uuid": "GPU-6f954bfd-7081-31b7-f15c-f9a174bf4d7f", "gpu_util_percent": 23.0, "gpu_mem_util_percent": 2.0, "gpu_mem_used_mib": 5728.0, "gpu_mem_total_mib": 49140.0, "gpu_power_w": 89.05, "process_present": true, "process_mem_mib": 5288.0, "process_mem_share_percent": 10.761090761090761, "process_util_available": true, "process_util_backend": "nvml", "process_sm_util_percent": 23.0, "process_mem_util_percent": 2.0}
{"timestamp_unix": 1772433936.371875, "pid": 54827, "device_index": 0, "gpu_uuid": "GPU-6f954bfd-7081-31b7-f15c-f9a174bf4d7f", "gpu_util_percent": 24.0, "gpu_mem_util_percent": 2.0, "gpu_mem_used_mib": 6224.0, "gpu_mem_total_mib": 49140.0, "gpu_power_w": 89.0, "process_present": true, "process_mem_mib": 5802.0, "process_mem_share_percent": 11.807081807081806, "process_util_available": true, "process_util_backend": "nvml", "process_sm_util_percent": 22.0, "process_mem_util_percent": 2.0}
{"timestamp_unix": 1772433936.6603181, "pid": 54827, "device_index": 0, "gpu_uuid": "GPU-6f954bfd-7081-31b7-f15c-f9a174bf4d7f", "gpu_util_percent": 24.0, "gpu_mem_util_percent": 2.0, "gpu_mem_used_mib": 6560.0, "gpu_mem_total_mib": 49140.0, "gpu_power_w": 89.0, "process_present": true, "process_mem_mib": 6098.0, "process_mem_share_percent": 12.40944240944241, "process_util_available": true, "process_util_backend": "nvml", "process_sm_util_percent": 12.0, "process_mem_util_percent": 1.0}
{"timestamp_unix": 1772433936.949887, "pid": 54827, "device_index": 0, "gpu_uuid": "GPU-6f954bfd-7081-31b7-f15c-f9a174bf4d7f", "gpu_util_percent": 24.0, "gpu_mem_util_percent": 2.0, "gpu_mem_used_mib": 6638.0, "gpu_mem_total_mib": 49140.0, "gpu_power_w": 88.36, "process_present": true, "process_mem_mib": 6140.0, "process_mem_share_percent": 12.494912494912496, "process_util_available": true, "process_util_backend": "nvml", "process_sm_util_percent": 22.0, "process_mem_util_percent": 2.0}
{"timestamp_unix": 1772433937.2385788, "pid": 54827, "device_index": 0, "gpu_uuid": "GPU-6f954bfd-7081-31b7-f15c-f9a174bf4d7f", "gpu_util_percent": 24.0, "gpu_mem_util_percent": 2.0, "gpu_mem_used_mib": 6638.0, "gpu_mem_total_mib": 49140.0, "gpu_power_w": 88.36, "process_present": true, "process_mem_mib": 6140.0, "process_mem_share_percent": 12.494912494912496, "process_util_available": true, "process_util_backend": "nvml", "process_sm_util_percent": 27.0, "process_mem_util_percent": 2.0}
{"timestamp_unix": 1772433937.5260336, "pid": 54827, "device_index": 0, "gpu_uuid": "GPU-6f954bfd-7081-31b7-f15c-f9a174bf4d7f", "gpu_util_percent": 27.0, "gpu_mem_util_percent": 3.0, "gpu_mem_used_mib": 6638.0, "gpu_mem_total_mib": 49140.0, "gpu_power_w": 89.78, "process_present": true, "process_mem_mib": 6140.0, "process_mem_share_percent": 12.494912494912496, "process_util_available": true, "process_util_backend": "nvml", "process_sm_util_percent": 27.0, "process_mem_util_percent": 2.0}
{"timestamp_unix": 1772433937.813743, "pid": 54827, "device_index": 0, "gpu_uuid": "GPU-6f954bfd-7081-31b7-f15c-f9a174bf4d7f", "gpu_util_percent": 27.0, "gpu_mem_util_percent": 3.0, "gpu_mem_used_mib": 6638.0, "gpu_mem_total_mib": 49140.0, "gpu_power_w": 89.78, "process_present": true, "process_mem_mib": 6140.0, "process_mem_share_percent": 12.494912494912496, "process_util_available": true, "process_util_backend": "nvml", "process_sm_util_percent": 27.0, "process_mem_util_percent": 2.0}
{"timestamp_unix": 1772433938.1172364, "pid": 54827, "device_index": 0, "gpu_uuid": "GPU-6f954bfd-7081-31b7-f15c-f9a174bf4d7f", "gpu_util_percent": 27.0, "gpu_mem_util_percent": 3.0, "gpu_mem_used_mib": 6631.0, "gpu_mem_total_mib": 49140.0, "gpu_power_w": 91.65, "process_present": true, "process_mem_mib": 6140.0, "process_mem_share_percent": 12.494912494912496, "process_util_available": true, "process_util_backend": "nvml", "process_sm_util_percent": 26.0, "process_mem_util_percent": 2.0}
{"timestamp_unix": 1772433938.420098, "pid": 54827, "device_index": 0, "gpu_uuid": "GPU-6f954bfd-7081-31b7-f15c-f9a174bf4d7f", "gpu_util_percent": 27.0, "gpu_mem_util_percent": 3.0, "gpu_mem_used_mib": 6631.0, "gpu_mem_total_mib": 49140.0, "gpu_power_w": 91.72, "process_present": true, "process_mem_mib": 6140.0, "process_mem_share_percent": 12.494912494912496, "process_util_available": true, "process_util_backend": "nvml", "process_sm_util_percent": 27.0, "process_mem_util_percent": 2.0}
{"timestamp_unix": 1772433938.7219348, "pid": 54827, "device_index": 0, "gpu_uuid": "GPU-6f954bfd-7081-31b7-f15c-f9a174bf4d7f", "gpu_util_percent": 27.0, "gpu_mem_util_percent": 3.0, "gpu_mem_used_mib": 6631.0, "gpu_mem_total_mib": 49140.0, "gpu_power_w": 91.72, "process_present": true, "process_mem_mib": 6140.0, "process_mem_share_percent": 12.494912494912496, "process_util_available": true, "process_util_backend": "nvml", "process_sm_util_percent": 26.0, "process_mem_util_percent": 2.0}
{"timestamp_unix": 1772433939.0359695, "pid": 54827, "device_index": 0, "gpu_uuid": "GPU-6f954bfd-7081-31b7-f15c-f9a174bf4d7f", "gpu_util_percent": 27.0, "gpu_mem_util_percent": 3.0, "gpu_mem_used_mib": 6631.0, "gpu_mem_total_mib": 49140.0, "gpu_power_w": 91.65, "process_present": true, "process_mem_mib": 6140.0, "process_mem_share_percent": 12.494912494912496, "process_util_available": true, "process_util_backend": "nvml", "process_sm_util_percent": 27.0, "process_mem_util_percent": 2.0}
{"timestamp_unix": 1772433939.3268142, "pid": 54827, "device_index": 0, "gpu_uuid": "GPU-6f954bfd-7081-31b7-f15c-f9a174bf4d7f", "gpu_util_percent": 27.0, "gpu_mem_util_percent": 3.0, "gpu_mem_used_mib": 6631.0, "gpu_mem_total_mib": 49140.0, "gpu_power_w": 91.65, "process_present": true, "process_mem_mib": 6140.0, "process_mem_share_percent": 12.494912494912496, "process_util_available": true, "process_util_backend": "nvml", "process_sm_util_percent": null, "process_mem_util_percent": null}
{"timestamp_unix": 1772433939.6168356, "pid": 54827, "device_index": 0, "gpu_uuid": "GPU-6f954bfd-7081-31b7-f15c-f9a174bf4d7f", "gpu_util_percent": 26.0, "gpu_mem_util_percent": 3.0, "gpu_mem_used_mib": 6631.0, "gpu_mem_total_mib": 49140.0, "gpu_power_w": 91.46, "process_present": true, "process_mem_mib": 6140.0, "process_mem_share_percent": 12.494912494912496, "process_util_available": true, "process_util_backend": "nvml", "process_sm_util_percent": 26.0, "process_mem_util_percent": 2.0}
{"timestamp_unix": 1772433939.907309, "pid": 54827, "device_index": 0, "gpu_uuid": "GPU-6f954bfd-7081-31b7-f15c-f9a174bf4d7f", "gpu_util_percent": 26.0, "gpu_mem_util_percent": 3.0, "gpu_mem_used_mib": 6631.0, "gpu_mem_total_mib": 49140.0, "gpu_power_w": 91.25, "process_present": true, "process_mem_mib": 6140.0, "process_mem_share_percent": 12.494912494912496, "process_util_available": true, "process_util_backend": "nvml", "process_sm_util_percent": 27.0, "process_mem_util_percent": 2.0}
{"timestamp_unix": 1772433940.1967173, "pid": 54827, "device_index": 0, "gpu_uuid": "GPU-6f954bfd-7081-31b7-f15c-f9a174bf4d7f", "gpu_util_percent": 26.0, "gpu_mem_util_percent": 3.0, "gpu_mem_used_mib": 6631.0, "gpu_mem_total_mib": 49140.0, "gpu_power_w": 91.25, "process_present": true, "process_mem_mib": 6140.0, "process_mem_share_percent": 12.494912494912496, "process_util_available": true, "process_util_backend": "nvml", "process_sm_util_percent": 27.0, "process_mem_util_percent": 2.0}
{"timestamp_unix": 1772433940.488161, "pid": 54827, "device_index": 0, "gpu_uuid": "GPU-6f954bfd-7081-31b7-f15c-f9a174bf4d7f", "gpu_util_percent": 26.0, "gpu_mem_util_percent": 3.0, "gpu_mem_used_mib": 6631.0, "gpu_mem_total_mib": 49140.0, "gpu_power_w": 91.09, "process_present": true, "process_mem_mib": 6140.0, "process_mem_share_percent": 12.494912494912496, "process_util_available": true, "process_util_backend": "nvml", "process_sm_util_percent": 26.0, "process_mem_util_percent": 2.0}
{"timestamp_unix": 1772433940.776058, "pid": 54827, "device_index": 0, "gpu_uuid": "GPU-6f954bfd-7081-31b7-f15c-f9a174bf4d7f", "gpu_util_percent": 26.0, "gpu_mem_util_percent": 3.0, "gpu_mem_used_mib": 6631.0, "gpu_mem_total_mib": 49140.0, "gpu_power_w": 91.09, "process_present": true, "process_mem_mib": 6140.0, "process_mem_share_percent": 12.494912494912496, "process_util_available": true, "process_util_backend": "nvml", "process_sm_util_percent": 26.0, "process_mem_util_percent": 2.0}
{"timestamp_unix": 1772433941.086899, "pid": 54827, "device_index": 0, "gpu_uuid": "GPU-6f954bfd-7081-31b7-f15c-f9a174bf4d7f", "gpu_util_percent": 26.0, "gpu_mem_util_percent": 3.0, "gpu_mem_used_mib": 6631.0, "gpu_mem_total_mib": 49140.0, "gpu_power_w": 91.14, "process_present": true, "process_mem_mib": 6140.0, "process_mem_share_percent": 12.494912494912496, "process_util_available": true, "process_util_backend": "nvml", "process_sm_util_percent": 13.0, "process_mem_util_percent": 1.0}
{"timestamp_unix": 1772433941.3882318, "pid": 54827, "device_index": 0, "gpu_uuid": "GPU-6f954bfd-7081-31b7-f15c-f9a174bf4d7f", "gpu_util_percent": 17.0, "gpu_mem_util_percent": 2.0, "gpu_mem_used_mib": 6631.0, "gpu_mem_total_mib": 49140.0, "gpu_power_w": 90.72, "process_present": true, "process_mem_mib": 6140.0, "process_mem_share_percent": 12.494912494912496, "process_util_available": true, "process_util_backend": "nvml", "process_sm_util_percent": 23.0, "process_mem_util_percent": 2.0}
{"timestamp_unix": 1772433941.6975086, "pid": 54827, "device_index": 0, "gpu_uuid": "GPU-6f954bfd-7081-31b7-f15c-f9a174bf4d7f", "gpu_util_percent": 17.0, "gpu_mem_util_percent": 2.0, "gpu_mem_used_mib": 6631.0, "gpu_mem_total_mib": 49140.0, "gpu_power_w": 90.72, "process_present": true, "process_mem_mib": 6140.0, "process_mem_share_percent": 12.494912494912496, "process_util_available": true, "process_util_backend": "nvml", "process_sm_util_percent": 23.0, "process_mem_util_percent": 2.0}
{"timestamp_unix": 1772433941.990908, "pid": 54827, "device_index": 0, "gpu_uuid": "GPU-6f954bfd-7081-31b7-f15c-f9a174bf4d7f", "gpu_util_percent": 17.0, "gpu_mem_util_percent": 2.0, "gpu_mem_used_mib": 6831.0, "gpu_mem_total_mib": 49140.0, "gpu_power_w": 90.35, "process_present": true, "process_mem_mib": 6400.0, "process_mem_share_percent": 13.024013024013023, "process_util_available": true, "process_util_backend": "nvml", "process_sm_util_percent": 23.0, "process_mem_util_percent": 2.0}
{"timestamp_unix": 1772433942.2797248, "pid": 54827, "device_index": 0, "gpu_uuid": "GPU-6f954bfd-7081-31b7-f15c-f9a174bf4d7f", "gpu_util_percent": 17.0, "gpu_mem_util_percent": 2.0, "gpu_mem_used_mib": 7291.0, "gpu_mem_total_mib": 49140.0, "gpu_power_w": 90.35, "process_present": true, "process_mem_mib": 6880.0, "process_mem_share_percent": 14.000814000814001, "process_util_available": true, "process_util_backend": "nvml", "process_sm_util_percent": 23.0, "process_mem_util_percent": 2.0}
{"timestamp_unix": 1772433942.5742927, "pid": 54827, "device_index": 0, "gpu_uuid": "GPU-6f954bfd-7081-31b7-f15c-f9a174bf4d7f", "gpu_util_percent": 22.0, "gpu_mem_util_percent": 2.0, "gpu_mem_used_mib": 7791.0, "gpu_mem_total_mib": 49140.0, "gpu_power_w": 89.97, "process_present": true, "process_mem_mib": 7360.0, "process_mem_share_percent": 14.977614977614978, "process_util_available": true, "process_util_backend": "nvml", "process_sm_util_percent": 23.0, "process_mem_util_percent": 2.0}
{"timestamp_unix": 1772433942.8646586, "pid": 54827, "device_index": 0, "gpu_uuid": "GPU-6f954bfd-7081-31b7-f15c-f9a174bf4d7f", "gpu_util_percent": 22.0, "gpu_mem_util_percent": 2.0, "gpu_mem_used_mib": 8291.0, "gpu_mem_total_mib": 49140.0, "gpu_power_w": 89.97, "process_present": true, "process_mem_mib": 7880.0, "process_mem_share_percent": 16.035816035816037, "process_util_available": true, "process_util_backend": "nvml", "process_sm_util_percent": 23.0, "process_mem_util_percent": 2.0}
{"timestamp_unix": 1772433943.1547105, "pid": 54827, "device_index": 0, "gpu_uuid": "GPU-6f954bfd-7081-31b7-f15c-f9a174bf4d7f", "gpu_util_percent": 22.0, "gpu_mem_util_percent": 2.0, "gpu_mem_used_mib": 8811.0, "gpu_mem_total_mib": 49140.0, "gpu_power_w": 90.44, "process_present": true, "process_mem_mib": 8400.0, "process_mem_share_percent": 17.094017094017094, "process_util_available": true, "process_util_backend": "nvml", "process_sm_util_percent": 24.0, "process_mem_util_percent": 2.0}
{"timestamp_unix": 1772433943.4435902, "pid": 54827, "device_index": 0, "gpu_uuid": "GPU-6f954bfd-7081-31b7-f15c-f9a174bf4d7f", "gpu_util_percent": 23.0, "gpu_mem_util_percent": 3.0, "gpu_mem_used_mib": 9351.0, "gpu_mem_total_mib": 49140.0, "gpu_power_w": 90.4, "process_present": true, "process_mem_mib": 8940.0, "process_mem_share_percent": 18.192918192918192, "process_util_available": true, "process_util_backend": "nvml", "process_sm_util_percent": 23.0, "process_mem_util_percent": 2.0}
{"timestamp_unix": 1772433943.747836, "pid": 54827, "device_index": 0, "gpu_uuid": "GPU-6f954bfd-7081-31b7-f15c-f9a174bf4d7f", "gpu_util_percent": 23.0, "gpu_mem_util_percent": 3.0, "gpu_mem_used_mib": 9931.0, "gpu_mem_total_mib": 49140.0, "gpu_power_w": 90.4, "process_present": true, "process_mem_mib": 9520.0, "process_mem_share_percent": 19.37321937321937, "process_util_available": true, "process_util_backend": "nvml", "process_sm_util_percent": 22.0, "process_mem_util_percent": 2.0}
{"timestamp_unix": 1772433944.0653625, "pid": 54827, "device_index": 0, "gpu_uuid": "GPU-6f954bfd-7081-31b7-f15c-f9a174bf4d7f", "gpu_util_percent": 23.0, "gpu_mem_util_percent": 3.0, "gpu_mem_used_mib": 10531.0, "gpu_mem_total_mib": 49140.0, "gpu_power_w": 90.35, "process_present": true, "process_mem_mib": 10180.0, "process_mem_share_percent": 20.716320716320716, "process_util_available": true, "process_util_backend": "nvml", "process_sm_util_percent": 23.0, "process_mem_util_percent": 2.0}
{"timestamp_unix": 1772433944.3716514, "pid": 54827, "device_index": 0, "gpu_uuid": "GPU-6f954bfd-7081-31b7-f15c-f9a174bf4d7f", "gpu_util_percent": 23.0, "gpu_mem_util_percent": 3.0, "gpu_mem_used_mib": 11211.0, "gpu_mem_total_mib": 49140.0, "gpu_power_w": 90.35, "process_present": true, "process_mem_mib": 10840.0, "process_mem_share_percent": 22.059422059422058, "process_util_available": true, "process_util_backend": "nvml", "process_sm_util_percent": 22.0, "process_mem_util_percent": 2.0}
{"timestamp_unix": 1772433944.669058, "pid": 54827, "device_index": 0, "gpu_uuid": "GPU-6f954bfd-7081-31b7-f15c-f9a174bf4d7f", "gpu_util_percent": 23.0, "gpu_mem_util_percent": 3.0, "gpu_mem_used_mib": 11431.0, "gpu_mem_total_mib": 49140.0, "gpu_power_w": 90.59, "process_present": true, "process_mem_mib": 11000.0, "process_mem_share_percent": 22.385022385022385, "process_util_available": true, "process_util_backend": "nvml", "process_sm_util_percent": 11.0, "process_mem_util_percent": 1.0}
{"timestamp_unix": 1772433944.9585457, "pid": 54827, "device_index": 0, "gpu_uuid": "GPU-6f954bfd-7081-31b7-f15c-f9a174bf4d7f", "gpu_util_percent": 23.0, "gpu_mem_util_percent": 3.0, "gpu_mem_used_mib": 11491.0, "gpu_mem_total_mib": 49140.0, "gpu_power_w": 89.42, "process_present": true, "process_mem_mib": 11000.0, "process_mem_share_percent": 22.385022385022385, "process_util_available": true, "process_util_backend": "nvml", "process_sm_util_percent": 21.0, "process_mem_util_percent": 2.0}
{"timestamp_unix": 1772433945.2461398, "pid": 54827, "device_index": 0, "gpu_uuid": "GPU-6f954bfd-7081-31b7-f15c-f9a174bf4d7f", "gpu_util_percent": 23.0, "gpu_mem_util_percent": 3.0, "gpu_mem_used_mib": 11491.0, "gpu_mem_total_mib": 49140.0, "gpu_power_w": 89.42, "process_present": true, "process_mem_mib": 11000.0, "process_mem_share_percent": 22.385022385022385, "process_util_available": true, "process_util_backend": "nvml", "process_sm_util_percent": 24.0, "process_mem_util_percent": 3.0}
{"timestamp_unix": 1772433945.5361376, "pid": 54827, "device_index": 0, "gpu_uuid": "GPU-6f954bfd-7081-31b7-f15c-f9a174bf4d7f", "gpu_util_percent": 25.0, "gpu_mem_util_percent": 3.0, "gpu_mem_used_mib": 11495.0, "gpu_mem_total_mib": 49140.0, "gpu_power_w": 90.15, "process_present": true, "process_mem_mib": 11000.0, "process_mem_share_percent": 22.385022385022385, "process_util_available": true, "process_util_backend": "nvml", "process_sm_util_percent": 25.0, "process_mem_util_percent": 2.0}
{"timestamp_unix": 1772433945.8255253, "pid": 54827, "device_index": 0, "gpu_uuid": "GPU-6f954bfd-7081-31b7-f15c-f9a174bf4d7f", "gpu_util_percent": 25.0, "gpu_mem_util_percent": 3.0, "gpu_mem_used_mib": 11495.0, "gpu_mem_total_mib": 49140.0, "gpu_power_w": 90.15, "process_present": true, "process_mem_mib": 11000.0, "process_mem_share_percent": 22.385022385022385, "process_util_available": true, "process_util_backend": "nvml", "process_sm_util_percent": 26.0, "process_mem_util_percent": 2.0}
{"timestamp_unix": 1772433946.113363, "pid": 54827, "device_index": 0, "gpu_uuid": "GPU-6f954bfd-7081-31b7-f15c-f9a174bf4d7f", "gpu_util_percent": 25.0, "gpu_mem_util_percent": 3.0, "gpu_mem_used_mib": 11495.0, "gpu_mem_total_mib": 49140.0, "gpu_power_w": 92.22, "process_present": true, "process_mem_mib": 11000.0, "process_mem_share_percent": 22.385022385022385, "process_util_available": true, "process_util_backend": "nvml", "process_sm_util_percent": 26.0, "process_mem_util_percent": 3.0}
{"timestamp_unix": 1772433946.40456, "pid": 54827, "device_index": 0, "gpu_uuid": "GPU-6f954bfd-7081-31b7-f15c-f9a174bf4d7f", "gpu_util_percent": 26.0, "gpu_mem_util_percent": 3.0, "gpu_mem_used_mib": 11495.0, "gpu_mem_total_mib": 49140.0, "gpu_power_w": 92.18, "process_present": true, "process_mem_mib": 11000.0, "process_mem_share_percent": 22.385022385022385, "process_util_available": true, "process_util_backend": "nvml", "process_sm_util_percent": 26.0, "process_mem_util_percent": 2.0}
{"timestamp_unix": 1772433946.7048213, "pid": 54827, "device_index": 0, "gpu_uuid": "GPU-6f954bfd-7081-31b7-f15c-f9a174bf4d7f", "gpu_util_percent": 26.0, "gpu_mem_util_percent": 3.0, "gpu_mem_used_mib": 11495.0, "gpu_mem_total_mib": 49140.0, "gpu_power_w": 92.18, "process_present": true, "process_mem_mib": 11000.0, "process_mem_share_percent": 22.385022385022385, "process_util_available": true, "process_util_backend": "nvml", "process_sm_util_percent": 26.0, "process_mem_util_percent": 2.0}
{"timestamp_unix": 1772433947.0044482, "pid": 54827, "device_index": 0, "gpu_uuid": "GPU-6f954bfd-7081-31b7-f15c-f9a174bf4d7f", "gpu_util_percent": 26.0, "gpu_mem_util_percent": 3.0, "gpu_mem_used_mib": 11495.0, "gpu_mem_total_mib": 49140.0, "gpu_power_w": 92.12, "process_present": true, "process_mem_mib": 11000.0, "process_mem_share_percent": 22.385022385022385, "process_util_available": true, "process_util_backend": "nvml", "process_sm_util_percent": 26.0, "process_mem_util_percent": 2.0}
{"timestamp_unix": 1772433947.3025138, "pid": 54827, "device_index": 0, "gpu_uuid": "GPU-6f954bfd-7081-31b7-f15c-f9a174bf4d7f", "gpu_util_percent": 26.0, "gpu_mem_util_percent": 3.0, "gpu_mem_used_mib": 11495.0, "gpu_mem_total_mib": 49140.0, "gpu_power_w": 92.12, "process_present": true, "process_mem_mib": 11000.0, "process_mem_share_percent": 22.385022385022385, "process_util_available": true, "process_util_backend": "nvml", "process_sm_util_percent": 26.0, "process_mem_util_percent": 2.0}
{"timestamp_unix": 1772433947.5925524, "pid": 54827, "device_index": 0, "gpu_uuid": "GPU-6f954bfd-7081-31b7-f15c-f9a174bf4d7f", "gpu_util_percent": 27.0, "gpu_mem_util_percent": 3.0, "gpu_mem_used_mib": 11495.0, "gpu_mem_total_mib": 49140.0, "gpu_power_w": 92.11, "process_present": true, "process_mem_mib": 11000.0, "process_mem_share_percent": 22.385022385022385, "process_util_available": true, "process_util_backend": "nvml", "process_sm_util_percent": 26.0, "process_mem_util_percent": 2.0}
{"timestamp_unix": 1772433947.8816276, "pid": 54827, "device_index": 0, "gpu_uuid": "GPU-6f954bfd-7081-31b7-f15c-f9a174bf4d7f", "gpu_util_percent": 27.0, "gpu_mem_util_percent": 3.0, "gpu_mem_used_mib": 11495.0, "gpu_mem_total_mib": 49140.0, "gpu_power_w": 91.99, "process_present": true, "process_mem_mib": 11000.0, "process_mem_share_percent": 22.385022385022385, "process_util_available": true, "process_util_backend": "nvml", "process_sm_util_percent": 26.0, "process_mem_util_percent": 2.0}
{"timestamp_unix": 1772433948.1715276, "pid": 54827, "device_index": 0, "gpu_uuid": "GPU-6f954bfd-7081-31b7-f15c-f9a174bf4d7f", "gpu_util_percent": 27.0, "gpu_mem_util_percent": 3.0, "gpu_mem_used_mib": 11495.0, "gpu_mem_total_mib": 49140.0, "gpu_power_w": 91.99, "process_present": true, "process_mem_mib": 11000.0, "process_mem_share_percent": 22.385022385022385, "process_util_available": true, "process_util_backend": "nvml", "process_sm_util_percent": 26.0, "process_mem_util_percent": 2.0}
{"timestamp_unix": 1772433948.4592104, "pid": 54827, "device_index": 0, "gpu_uuid": "GPU-6f954bfd-7081-31b7-f15c-f9a174bf4d7f", "gpu_util_percent": 27.0, "gpu_mem_util_percent": 3.0, "gpu_mem_used_mib": 11495.0, "gpu_mem_total_mib": 49140.0, "gpu_power_w": 91.87, "process_present": true, "process_mem_mib": 11000.0, "process_mem_share_percent": 22.385022385022385, "process_util_available": true, "process_util_backend": "nvml", "process_sm_util_percent": 26.0, "process_mem_util_percent": 2.0}
{"timestamp_unix": 1772433948.7477462, "pid": 54827, "device_index": 0, "gpu_uuid": "GPU-6f954bfd-7081-31b7-f15c-f9a174bf4d7f", "gpu_util_percent": 27.0, "gpu_mem_util_percent": 3.0, "gpu_mem_used_mib": 11495.0, "gpu_mem_total_mib": 49140.0, "gpu_power_w": 91.87, "process_present": true, "process_mem_mib": 11000.0, "process_mem_share_percent": 22.385022385022385, "process_util_available": true, "process_util_backend": "nvml", "process_sm_util_percent": 26.0, "process_mem_util_percent": 2.0}
{"timestamp_unix": 1772433949.0386786, "pid": 54827, "device_index": 0, "gpu_uuid": "GPU-6f954bfd-7081-31b7-f15c-f9a174bf4d7f", "gpu_util_percent": 27.0, "gpu_mem_util_percent": 3.0, "gpu_mem_used_mib": 11495.0, "gpu_mem_total_mib": 49140.0, "gpu_power_w": 91.89, "process_present": true, "process_mem_mib": 11000.0, "process_mem_share_percent": 22.385022385022385, "process_util_available": true, "process_util_backend": "nvml", "process_sm_util_percent": 26.0, "process_mem_util_percent": 2.0}
{"timestamp_unix": 1772433949.3335352, "pid": 54827, "device_index": 0, "gpu_uuid": "GPU-6f954bfd-7081-31b7-f15c-f9a174bf4d7f", "gpu_util_percent": 27.0, "gpu_mem_util_percent": 3.0, "gpu_mem_used_mib": 11495.0, "gpu_mem_total_mib": 49140.0, "gpu_power_w": 91.89, "process_present": true, "process_mem_mib": 11000.0, "process_mem_share_percent": 22.385022385022385, "process_util_available": true, "process_util_backend": "nvml", "process_sm_util_percent": 26.0, "process_mem_util_percent": 2.0}
{"timestamp_unix": 1772433949.638774, "pid": 54827, "device_index": 0, "gpu_uuid": "GPU-6f954bfd-7081-31b7-f15c-f9a174bf4d7f", "gpu_util_percent": 28.0, "gpu_mem_util_percent": 3.0, "gpu_mem_used_mib": 11495.0, "gpu_mem_total_mib": 49140.0, "gpu_power_w": 91.94, "process_present": true, "process_mem_mib": 11000.0, "process_mem_share_percent": 22.385022385022385, "process_util_available": true, "process_util_backend": "nvml", "process_sm_util_percent": 12.0, "process_mem_util_percent": 1.0}
{"timestamp_unix": 1772433949.937031, "pid": 54827, "device_index": 0, "gpu_uuid": "GPU-6f954bfd-7081-31b7-f15c-f9a174bf4d7f", "gpu_util_percent": 28.0, "gpu_mem_util_percent": 3.0, "gpu_mem_used_mib": 11495.0, "gpu_mem_total_mib": 49140.0, "gpu_power_w": 91.32, "process_present": true, "process_mem_mib": 11000.0, "process_mem_share_percent": 22.385022385022385, "process_util_available": true, "process_util_backend": "nvml", "process_sm_util_percent": 25.0, "process_mem_util_percent": 2.0}
{"timestamp_unix": 1772433950.2382436, "pid": 54827, "device_index": 0, "gpu_uuid": "GPU-6f954bfd-7081-31b7-f15c-f9a174bf4d7f", "gpu_util_percent": 28.0, "gpu_mem_util_percent": 3.0, "gpu_mem_used_mib": 11495.0, "gpu_mem_total_mib": 49140.0, "gpu_power_w": 91.32, "process_present": true, "process_mem_mib": 11000.0, "process_mem_share_percent": 22.385022385022385, "process_util_available": true, "process_util_backend": "nvml", "process_sm_util_percent": 25.0, "process_mem_util_percent": 2.0}
{"timestamp_unix": 1772433950.5293841, "pid": 54827, "device_index": 0, "gpu_uuid": "GPU-6f954bfd-7081-31b7-f15c-f9a174bf4d7f", "gpu_util_percent": 27.0, "gpu_mem_util_percent": 3.0, "gpu_mem_used_mib": 11495.0, "gpu_mem_total_mib": 49140.0, "gpu_power_w": 91.23, "process_present": true, "process_mem_mib": 11000.0, "process_mem_share_percent": 22.385022385022385, "process_util_available": true, "process_util_backend": "nvml", "process_sm_util_percent": 26.0, "process_mem_util_percent": 2.0}
{"timestamp_unix": 1772433950.8220623, "pid": 54827, "device_index": 0, "gpu_uuid": "GPU-6f954bfd-7081-31b7-f15c-f9a174bf4d7f", "gpu_util_percent": 27.0, "gpu_mem_util_percent": 3.0, "gpu_mem_used_mib": 11495.0, "gpu_mem_total_mib": 49140.0, "gpu_power_w": 91.23, "process_present": true, "process_mem_mib": 11000.0, "process_mem_share_percent": 22.385022385022385, "process_util_available": true, "process_util_backend": "nvml", "process_sm_util_percent": 25.0, "process_mem_util_percent": 2.0}
{"timestamp_unix": 1772433951.110879, "pid": 54827, "device_index": 0, "gpu_uuid": "GPU-6f954bfd-7081-31b7-f15c-f9a174bf4d7f", "gpu_util_percent": 27.0, "gpu_mem_util_percent": 3.0, "gpu_mem_used_mib": 11495.0, "gpu_mem_total_mib": 49140.0, "gpu_power_w": 91.8, "process_present": true, "process_mem_mib": 11000.0, "process_mem_share_percent": 22.385022385022385, "process_util_available": true, "process_util_backend": "nvml", "process_sm_util_percent": 25.0, "process_mem_util_percent": 3.0}
{"timestamp_unix": 1772433951.400249, "pid": 54827, "device_index": 0, "gpu_uuid": "GPU-6f954bfd-7081-31b7-f15c-f9a174bf4d7f", "gpu_util_percent": 26.0, "gpu_mem_util_percent": 3.0, "gpu_mem_used_mib": 11495.0, "gpu_mem_total_mib": 49140.0, "gpu_power_w": 91.89, "process_present": true, "process_mem_mib": 11000.0, "process_mem_share_percent": 22.385022385022385, "process_util_available": true, "process_util_backend": "nvml", "process_sm_util_percent": 25.0, "process_mem_util_percent": 3.0}
{"timestamp_unix": 1772433951.697441, "pid": 54827, "device_index": 0, "gpu_uuid": "GPU-6f954bfd-7081-31b7-f15c-f9a174bf4d7f", "gpu_util_percent": 26.0, "gpu_mem_util_percent": 3.0, "gpu_mem_used_mib": 12255.0, "gpu_mem_total_mib": 49140.0, "gpu_power_w": 91.89, "process_present": true, "process_mem_mib": 11920.0, "process_mem_share_percent": 24.25722425722426, "process_util_available": true, "process_util_backend": "nvml", "process_sm_util_percent": 26.0, "process_mem_util_percent": 3.0}
{"timestamp_unix": 1772433951.9883723, "pid": 54827, "device_index": 0, "gpu_uuid": "GPU-6f954bfd-7081-31b7-f15c-f9a174bf4d7f", "gpu_util_percent": 26.0, "gpu_mem_util_percent": 3.0, "gpu_mem_used_mib": 13215.0, "gpu_mem_total_mib": 49140.0, "gpu_power_w": 91.92, "process_present": true, "process_mem_mib": 12860.0, "process_mem_share_percent": 26.170126170126167, "process_util_available": true, "process_util_backend": "nvml", "process_sm_util_percent": 25.0, "process_mem_util_percent": 3.0}
{"timestamp_unix": 1772433952.28775, "pid": 54827, "device_index": 0, "gpu_uuid": "GPU-6f954bfd-7081-31b7-f15c-f9a174bf4d7f", "gpu_util_percent": 26.0, "gpu_mem_util_percent": 3.0, "gpu_mem_used_mib": 14215.0, "gpu_mem_total_mib": 49140.0, "gpu_power_w": 91.92, "process_present": true, "process_mem_mib": 13880.0, "process_mem_share_percent": 28.245828245828246, "process_util_available": true, "process_util_backend": "nvml", "process_sm_util_percent": 25.0, "process_mem_util_percent": 3.0}
{"timestamp_unix": 1772433952.5978067, "pid": 54827, "device_index": 0, "gpu_uuid": "GPU-6f954bfd-7081-31b7-f15c-f9a174bf4d7f", "gpu_util_percent": 25.0, "gpu_mem_util_percent": 3.0, "gpu_mem_used_mib": 14695.0, "gpu_mem_total_mib": 49140.0, "gpu_power_w": 91.76, "process_present": true, "process_mem_mib": 14200.0, "process_mem_share_percent": 28.897028897028896, "process_util_available": true, "process_util_backend": "nvml", "process_sm_util_percent": 8.0, "process_mem_util_percent": 0.0}
{"timestamp_unix": 1772433952.902518, "pid": 54827, "device_index": 0, "gpu_uuid": "GPU-6f954bfd-7081-31b7-f15c-f9a174bf4d7f", "gpu_util_percent": 25.0, "gpu_mem_util_percent": 3.0, "gpu_mem_used_mib": 14735.0, "gpu_mem_total_mib": 49140.0, "gpu_power_w": 90.25, "process_present": true, "process_mem_mib": 14240.0, "process_mem_share_percent": 28.978428978428976, "process_util_available": true, "process_util_backend": "nvml", "process_sm_util_percent": 25.0, "process_mem_util_percent": 2.0}
{"timestamp_unix": 1772433953.1927898, "pid": 54827, "device_index": 0, "gpu_uuid": "GPU-6f954bfd-7081-31b7-f15c-f9a174bf4d7f", "gpu_util_percent": 25.0, "gpu_mem_util_percent": 3.0, "gpu_mem_used_mib": 14737.0, "gpu_mem_total_mib": 49140.0, "gpu_power_w": 90.25, "process_present": true, "process_mem_mib": 14240.0, "process_mem_share_percent": 28.978428978428976, "process_util_available": true, "process_util_backend": "nvml", "process_sm_util_percent": 27.0, "process_mem_util_percent": 2.0}
{"timestamp_unix": 1772433953.48417, "pid": 54827, "device_index": 0, "gpu_uuid": "GPU-6f954bfd-7081-31b7-f15c-f9a174bf4d7f", "gpu_util_percent": 25.0, "gpu_mem_util_percent": 3.0, "gpu_mem_used_mib": 14737.0, "gpu_mem_total_mib": 49140.0, "gpu_power_w": 90.43, "process_present": true, "process_mem_mib": 14240.0, "process_mem_share_percent": 28.978428978428976, "process_util_available": true, "process_util_backend": "nvml", "process_sm_util_percent": 25.0, "process_mem_util_percent": 2.0}
{"timestamp_unix": 1772433953.7742336, "pid": 54827, "device_index": 0, "gpu_uuid": "GPU-6f954bfd-7081-31b7-f15c-f9a174bf4d7f", "gpu_util_percent": 25.0, "gpu_mem_util_percent": 3.0, "gpu_mem_used_mib": 14737.0, "gpu_mem_total_mib": 49140.0, "gpu_power_w": 90.43, "process_present": true, "process_mem_mib": 14240.0, "process_mem_share_percent": 28.978428978428976, "process_util_available": true, "process_util_backend": "nvml", "process_sm_util_percent": 25.0, "process_mem_util_percent": 2.0}
{"timestamp_unix": 1772433954.0711484, "pid": 54827, "device_index": 0, "gpu_uuid": "GPU-6f954bfd-7081-31b7-f15c-f9a174bf4d7f", "gpu_util_percent": 25.0, "gpu_mem_util_percent": 3.0, "gpu_mem_used_mib": 14744.0, "gpu_mem_total_mib": 49140.0, "gpu_power_w": 92.14, "process_present": true, "process_mem_mib": 14240.0, "process_mem_share_percent": 28.978428978428976, "process_util_available": true, "process_util_backend": "nvml", "process_sm_util_percent": 13.0, "process_mem_util_percent": 1.0}
{"timestamp_unix": 1772433954.3594005, "pid": 54827, "device_index": 0, "gpu_uuid": "GPU-6f954bfd-7081-31b7-f15c-f9a174bf4d7f", "gpu_util_percent": 25.0, "gpu_mem_util_percent": 3.0, "gpu_mem_used_mib": 14744.0, "gpu_mem_total_mib": 49140.0, "gpu_power_w": 92.14, "process_present": true, "process_mem_mib": 14240.0, "process_mem_share_percent": 28.978428978428976, "process_util_available": true, "process_util_backend": "nvml", "process_sm_util_percent": 27.0, "process_mem_util_percent": 3.0}
{"timestamp_unix": 1772433954.6480467, "pid": 54827, "device_index": 0, "gpu_uuid": "GPU-6f954bfd-7081-31b7-f15c-f9a174bf4d7f", "gpu_util_percent": 26.0, "gpu_mem_util_percent": 3.0, "gpu_mem_used_mib": 14744.0, "gpu_mem_total_mib": 49140.0, "gpu_power_w": 92.19, "process_present": true, "process_mem_mib": 14240.0, "process_mem_share_percent": 28.978428978428976, "process_util_available": true, "process_util_backend": "nvml", "process_sm_util_percent": 13.0, "process_mem_util_percent": 1.0}
{"timestamp_unix": 1772433954.9536405, "pid": 54827, "device_index": 0, "gpu_uuid": "GPU-6f954bfd-7081-31b7-f15c-f9a174bf4d7f", "gpu_util_percent": 26.0, "gpu_mem_util_percent": 3.0, "gpu_mem_used_mib": 14744.0, "gpu_mem_total_mib": 49140.0, "gpu_power_w": 92.09, "process_present": true, "process_mem_mib": 14240.0, "process_mem_share_percent": 28.978428978428976, "process_util_available": true, "process_util_backend": "nvml", "process_sm_util_percent": 25.0, "process_mem_util_percent": 2.0}
{"timestamp_unix": 1772433955.2536657, "pid": 54827, "device_index": 0, "gpu_uuid": "GPU-6f954bfd-7081-31b7-f15c-f9a174bf4d7f", "gpu_util_percent": 26.0, "gpu_mem_util_percent": 3.0, "gpu_mem_used_mib": 14744.0, "gpu_mem_total_mib": 49140.0, "gpu_power_w": 92.09, "process_present": true, "process_mem_mib": 14240.0, "process_mem_share_percent": 28.978428978428976, "process_util_available": true, "process_util_backend": "nvml", "process_sm_util_percent": 26.0, "process_mem_util_percent": 2.0}
{"timestamp_unix": 1772433955.565967, "pid": 54827, "device_index": 0, "gpu_uuid": "GPU-6f954bfd-7081-31b7-f15c-f9a174bf4d7f", "gpu_util_percent": 26.0, "gpu_mem_util_percent": 3.0, "gpu_mem_used_mib": 14744.0, "gpu_mem_total_mib": 49140.0, "gpu_power_w": 91.97, "process_present": true, "process_mem_mib": 14240.0, "process_mem_share_percent": 28.978428978428976, "process_util_available": true, "process_util_backend": "nvml", "process_sm_util_percent": 25.0, "process_mem_util_percent": 2.0}
{"timestamp_unix": 1772433955.8562596, "pid": 54827, "device_index": 0, "gpu_uuid": "GPU-6f954bfd-7081-31b7-f15c-f9a174bf4d7f", "gpu_util_percent": 26.0, "gpu_mem_util_percent": 3.0, "gpu_mem_used_mib": 14743.0, "gpu_mem_total_mib": 49140.0, "gpu_power_w": 91.97, "process_present": true, "process_mem_mib": 14240.0, "process_mem_share_percent": 28.978428978428976, "process_util_available": true, "process_util_backend": "nvml", "process_sm_util_percent": 25.0, "process_mem_util_percent": 2.0}
{"timestamp_unix": 1772433956.1459355, "pid": 54827, "device_index": 0, "gpu_uuid": "GPU-6f954bfd-7081-31b7-f15c-f9a174bf4d7f", "gpu_util_percent": 26.0, "gpu_mem_util_percent": 3.0, "gpu_mem_used_mib": 14743.0, "gpu_mem_total_mib": 49140.0, "gpu_power_w": 91.74, "process_present": true, "process_mem_mib": 14240.0, "process_mem_share_percent": 28.978428978428976, "process_util_available": true, "process_util_backend": "nvml", "process_sm_util_percent": null, "process_mem_util_percent": null}
{"timestamp_unix": 1772433956.4382832, "pid": 54827, "device_index": 0, "gpu_uuid": "GPU-6f954bfd-7081-31b7-f15c-f9a174bf4d7f", "gpu_util_percent": 25.0, "gpu_mem_util_percent": 3.0, "gpu_mem_used_mib": 14743.0, "gpu_mem_total_mib": 49140.0, "gpu_power_w": 91.76, "process_present": true, "process_mem_mib": 14240.0, "process_mem_share_percent": 28.978428978428976, "process_util_available": true, "process_util_backend": "nvml", "process_sm_util_percent": null, "process_mem_util_percent": null}
{"timestamp_unix": 1772433956.7264967, "pid": 54827, "device_index": 0, "gpu_uuid": "GPU-6f954bfd-7081-31b7-f15c-f9a174bf4d7f", "gpu_util_percent": 25.0, "gpu_mem_util_percent": 3.0, "gpu_mem_used_mib": 14743.0, "gpu_mem_total_mib": 49140.0, "gpu_power_w": 91.76, "process_present": true, "process_mem_mib": 14240.0, "process_mem_share_percent": 28.978428978428976, "process_util_available": true, "process_util_backend": "nvml", "process_sm_util_percent": 25.0, "process_mem_util_percent": 2.0}
{"timestamp_unix": 1772433957.0199924, "pid": 54827, "device_index": 0, "gpu_uuid": "GPU-6f954bfd-7081-31b7-f15c-f9a174bf4d7f", "gpu_util_percent": 25.0, "gpu_mem_util_percent": 3.0, "gpu_mem_used_mib": 14743.0, "gpu_mem_total_mib": 49140.0, "gpu_power_w": 91.83, "process_present": true, "process_mem_mib": 14240.0, "process_mem_share_percent": 28.978428978428976, "process_util_available": true, "process_util_backend": "nvml", "process_sm_util_percent": 25.0, "process_mem_util_percent": 2.0}
{"timestamp_unix": 1772433957.3085794, "pid": 54827, "device_index": 0, "gpu_uuid": "GPU-6f954bfd-7081-31b7-f15c-f9a174bf4d7f", "gpu_util_percent": 25.0, "gpu_mem_util_percent": 3.0, "gpu_mem_used_mib": 14743.0, "gpu_mem_total_mib": 49140.0, "gpu_power_w": 91.83, "process_present": true, "process_mem_mib": 14240.0, "process_mem_share_percent": 28.978428978428976, "process_util_available": true, "process_util_backend": "nvml", "process_sm_util_percent": 26.0, "process_mem_util_percent": 2.0}
{"timestamp_unix": 1772433957.602877, "pid": 54827, "device_index": 0, "gpu_uuid": "GPU-6f954bfd-7081-31b7-f15c-f9a174bf4d7f", "gpu_util_percent": 25.0, "gpu_mem_util_percent": 2.0, "gpu_mem_used_mib": 14743.0, "gpu_mem_total_mib": 49140.0, "gpu_power_w": 91.78, "process_present": true, "process_mem_mib": 14240.0, "process_mem_share_percent": 28.978428978428976, "process_util_available": true, "process_util_backend": "nvml", "process_sm_util_percent": 23.0, "process_mem_util_percent": 2.0}
{"timestamp_unix": 1772433957.9039555, "pid": 54827, "device_index": 0, "gpu_uuid": "GPU-6f954bfd-7081-31b7-f15c-f9a174bf4d7f", "gpu_util_percent": 25.0, "gpu_mem_util_percent": 2.0, "gpu_mem_used_mib": 14743.0, "gpu_mem_total_mib": 49140.0, "gpu_power_w": 91.39, "process_present": true, "process_mem_mib": 14240.0, "process_mem_share_percent": 28.978428978428976, "process_util_available": true, "process_util_backend": "nvml", "process_sm_util_percent": 24.0, "process_mem_util_percent": 3.0}
{"timestamp_unix": 1772433958.204543, "pid": 54827, "device_index": 0, "gpu_uuid": "GPU-6f954bfd-7081-31b7-f15c-f9a174bf4d7f", "gpu_util_percent": 25.0, "gpu_mem_util_percent": 2.0, "gpu_mem_used_mib": 14743.0, "gpu_mem_total_mib": 49140.0, "gpu_power_w": 91.39, "process_present": true, "process_mem_mib": 14240.0, "process_mem_share_percent": 28.978428978428976, "process_util_available": true, "process_util_backend": "nvml", "process_sm_util_percent": 23.0, "process_mem_util_percent": 3.0}
{"timestamp_unix": 1772433958.4943602, "pid": 54827, "device_index": 0, "gpu_uuid": "GPU-6f954bfd-7081-31b7-f15c-f9a174bf4d7f", "gpu_util_percent": 24.0, "gpu_mem_util_percent": 3.0, "gpu_mem_used_mib": 14743.0, "gpu_mem_total_mib": 49140.0, "gpu_power_w": 91.38, "process_present": true, "process_mem_mib": 14240.0, "process_mem_share_percent": 28.978428978428976, "process_util_available": true, "process_util_backend": "nvml", "process_sm_util_percent": 24.0, "process_mem_util_percent": 3.0}
{"timestamp_unix": 1772433958.787443, "pid": 54827, "device_index": 0, "gpu_uuid": "GPU-6f954bfd-7081-31b7-f15c-f9a174bf4d7f", "gpu_util_percent": 24.0, "gpu_mem_util_percent": 3.0, "gpu_mem_used_mib": 14743.0, "gpu_mem_total_mib": 49140.0, "gpu_power_w": 91.38, "process_present": true, "process_mem_mib": 14240.0, "process_mem_share_percent": 28.978428978428976, "process_util_available": true, "process_util_backend": "nvml", "process_sm_util_percent": 24.0, "process_mem_util_percent": 3.0}
{"timestamp_unix": 1772433959.0799656, "pid": 54827, "device_index": 0, "gpu_uuid": "GPU-6f954bfd-7081-31b7-f15c-f9a174bf4d7f", "gpu_util_percent": 24.0, "gpu_mem_util_percent": 3.0, "gpu_mem_used_mib": 14741.0, "gpu_mem_total_mib": 49140.0, "gpu_power_w": 91.99, "process_present": true, "process_mem_mib": 14240.0, "process_mem_share_percent": 28.978428978428976, "process_util_available": true, "process_util_backend": "nvml", "process_sm_util_percent": 24.0, "process_mem_util_percent": 3.0}
{"timestamp_unix": 1772433959.3720484, "pid": 54827, "device_index": 0, "gpu_uuid": "GPU-6f954bfd-7081-31b7-f15c-f9a174bf4d7f", "gpu_util_percent": 24.0, "gpu_mem_util_percent": 3.0, "gpu_mem_used_mib": 14741.0, "gpu_mem_total_mib": 49140.0, "gpu_power_w": 92.05, "process_present": true, "process_mem_mib": 14240.0, "process_mem_share_percent": 28.978428978428976, "process_util_available": true, "process_util_backend": "nvml", "process_sm_util_percent": 24.0, "process_mem_util_percent": 3.0}
{"timestamp_unix": 1772433959.6629176, "pid": 54827, "device_index": 0, "gpu_uuid": "GPU-6f954bfd-7081-31b7-f15c-f9a174bf4d7f", "gpu_util_percent": 24.0, "gpu_mem_util_percent": 3.0, "gpu_mem_used_mib": 14741.0, "gpu_mem_total_mib": 49140.0, "gpu_power_w": 92.05, "process_present": true, "process_mem_mib": 14240.0, "process_mem_share_percent": 28.978428978428976, "process_util_available": true, "process_util_backend": "nvml", "process_sm_util_percent": 24.0, "process_mem_util_percent": 3.0}
{"timestamp_unix": 1772433959.956195, "pid": 54827, "device_index": 0, "gpu_uuid": "GPU-6f954bfd-7081-31b7-f15c-f9a174bf4d7f", "gpu_util_percent": 24.0, "gpu_mem_util_percent": 3.0, "gpu_mem_used_mib": 15561.0, "gpu_mem_total_mib": 49140.0, "gpu_power_w": 91.99, "process_present": true, "process_mem_mib": 15240.0, "process_mem_share_percent": 31.013431013431013, "process_util_available": true, "process_util_backend": "nvml", "process_sm_util_percent": 24.0, "process_mem_util_percent": 3.0}
{"timestamp_unix": 1772433960.2655675, "pid": 54827, "device_index": 0, "gpu_uuid": "GPU-6f954bfd-7081-31b7-f15c-f9a174bf4d7f", "gpu_util_percent": 24.0, "gpu_mem_util_percent": 3.0, "gpu_mem_used_mib": 16661.0, "gpu_mem_total_mib": 49140.0, "gpu_power_w": 91.99, "process_present": true, "process_mem_mib": 16360.0, "process_mem_share_percent": 33.2926332926333, "process_util_available": true, "process_util_backend": "nvml", "process_sm_util_percent": 23.0, "process_mem_util_percent": 3.0}
{"timestamp_unix": 1772433960.5818086, "pid": 54827, "device_index": 0, "gpu_uuid": "GPU-6f954bfd-7081-31b7-f15c-f9a174bf4d7f", "gpu_util_percent": 23.0, "gpu_mem_util_percent": 3.0, "gpu_mem_used_mib": 17857.0, "gpu_mem_total_mib": 49140.0, "gpu_power_w": 91.63, "process_present": true, "process_mem_mib": 17360.0, "process_mem_share_percent": 35.32763532763533, "process_util_available": true, "process_util_backend": "nvml", "process_sm_util_percent": 12.0, "process_mem_util_percent": 1.0}
{"timestamp_unix": 1772433960.8878162, "pid": 54827, "device_index": 0, "gpu_uuid": "GPU-6f954bfd-7081-31b7-f15c-f9a174bf4d7f", "gpu_util_percent": 23.0, "gpu_mem_util_percent": 3.0, "gpu_mem_used_mib": 17917.0, "gpu_mem_total_mib": 49140.0, "gpu_power_w": 89.51, "process_present": true, "process_mem_mib": 17420.0, "process_mem_share_percent": 35.44973544973545, "process_util_available": true, "process_util_backend": "nvml", "process_sm_util_percent": 15.0, "process_mem_util_percent": 1.0}
{"timestamp_unix": 1772433961.1796248, "pid": 54827, "device_index": 0, "gpu_uuid": "GPU-6f954bfd-7081-31b7-f15c-f9a174bf4d7f", "gpu_util_percent": 23.0, "gpu_mem_util_percent": 3.0, "gpu_mem_used_mib": 17919.0, "gpu_mem_total_mib": 49140.0, "gpu_power_w": 89.51, "process_present": true, "process_mem_mib": 17420.0, "process_mem_share_percent": 35.44973544973545, "process_util_available": true, "process_util_backend": "nvml", "process_sm_util_percent": 26.0, "process_mem_util_percent": 3.0}
{"timestamp_unix": 1772433961.4712129, "pid": 54827, "device_index": 0, "gpu_uuid": "GPU-6f954bfd-7081-31b7-f15c-f9a174bf4d7f", "gpu_util_percent": 26.0, "gpu_mem_util_percent": 3.0, "gpu_mem_used_mib": 17919.0, "gpu_mem_total_mib": 49140.0, "gpu_power_w": 89.94, "process_present": true, "process_mem_mib": 17420.0, "process_mem_share_percent": 35.44973544973545, "process_util_available": true, "process_util_backend": "nvml", "process_sm_util_percent": 25.0, "process_mem_util_percent": 3.0}
{"timestamp_unix": 1772433961.7604148, "pid": 54827, "device_index": 0, "gpu_uuid": "GPU-6f954bfd-7081-31b7-f15c-f9a174bf4d7f", "gpu_util_percent": 26.0, "gpu_mem_util_percent": 3.0, "gpu_mem_used_mib": 17919.0, "gpu_mem_total_mib": 49140.0, "gpu_power_w": 89.94, "process_present": true, "process_mem_mib": 17420.0, "process_mem_share_percent": 35.44973544973545, "process_util_available": true, "process_util_backend": "nvml", "process_sm_util_percent": 25.0, "process_mem_util_percent": 3.0}
{"timestamp_unix": 1772433962.0529525, "pid": 54827, "device_index": 0, "gpu_uuid": "GPU-6f954bfd-7081-31b7-f15c-f9a174bf4d7f", "gpu_util_percent": 26.0, "gpu_mem_util_percent": 3.0, "gpu_mem_used_mib": 17919.0, "gpu_mem_total_mib": 49140.0, "gpu_power_w": 91.69, "process_present": true, "process_mem_mib": 17420.0, "process_mem_share_percent": 35.44973544973545, "process_util_available": true, "process_util_backend": "nvml", "process_sm_util_percent": 26.0, "process_mem_util_percent": 2.0}
{"timestamp_unix": 1772433962.342923, "pid": 54827, "device_index": 0, "gpu_uuid": "GPU-6f954bfd-7081-31b7-f15c-f9a174bf4d7f", "gpu_util_percent": 26.0, "gpu_mem_util_percent": 3.0, "gpu_mem_used_mib": 17919.0, "gpu_mem_total_mib": 49140.0, "gpu_power_w": 91.69, "process_present": true, "process_mem_mib": 17420.0, "process_mem_share_percent": 35.44973544973545, "process_util_available": true, "process_util_backend": "nvml", "process_sm_util_percent": 25.0, "process_mem_util_percent": 3.0}
{"timestamp_unix": 1772433962.6328473, "pid": 54827, "device_index": 0, "gpu_uuid": "GPU-6f954bfd-7081-31b7-f15c-f9a174bf4d7f", "gpu_util_percent": 24.0, "gpu_mem_util_percent": 3.0, "gpu_mem_used_mib": 17919.0, "gpu_mem_total_mib": 49140.0, "gpu_power_w": 92.37, "process_present": true, "process_mem_mib": 17420.0, "process_mem_share_percent": 35.44973544973545, "process_util_available": true, "process_util_backend": "nvml", "process_sm_util_percent": 23.0, "process_mem_util_percent": 2.0}
{"timestamp_unix": 1772433962.9392781, "pid": 54827, "device_index": 0, "gpu_uuid": "GPU-6f954bfd-7081-31b7-f15c-f9a174bf4d7f", "gpu_util_percent": 24.0, "gpu_mem_util_percent": 3.0, "gpu_mem_used_mib": 17919.0, "gpu_mem_total_mib": 49140.0, "gpu_power_w": 92.35, "process_present": true, "process_mem_mib": 17420.0, "process_mem_share_percent": 35.44973544973545, "process_util_available": true, "process_util_backend": "nvml", "process_sm_util_percent": 24.0, "process_mem_util_percent": 2.0}
{"timestamp_unix": 1772433963.237529, "pid": 54827, "device_index": 0, "gpu_uuid": "GPU-6f954bfd-7081-31b7-f15c-f9a174bf4d7f", "gpu_util_percent": 24.0, "gpu_mem_util_percent": 3.0, "gpu_mem_used_mib": 17919.0, "gpu_mem_total_mib": 49140.0, "gpu_power_w": 92.35, "process_present": true, "process_mem_mib": 17420.0, "process_mem_share_percent": 35.44973544973545, "process_util_available": true, "process_util_backend": "nvml", "process_sm_util_percent": 25.0, "process_mem_util_percent": 2.0}
{"timestamp_unix": 1772433963.5380518, "pid": 54827, "device_index": 0, "gpu_uuid": "GPU-6f954bfd-7081-31b7-f15c-f9a174bf4d7f", "gpu_util_percent": 24.0, "gpu_mem_util_percent": 3.0, "gpu_mem_used_mib": 17919.0, "gpu_mem_total_mib": 49140.0, "gpu_power_w": 92.5, "process_present": true, "process_mem_mib": 17420.0, "process_mem_share_percent": 35.44973544973545, "process_util_available": true, "process_util_backend": "nvml", "process_sm_util_percent": 23.0, "process_mem_util_percent": 2.0}
{"timestamp_unix": 1772433963.8396738, "pid": 54827, "device_index": 0, "gpu_uuid": "GPU-6f954bfd-7081-31b7-f15c-f9a174bf4d7f", "gpu_util_percent": 24.0, "gpu_mem_util_percent": 3.0, "gpu_mem_used_mib": 17919.0, "gpu_mem_total_mib": 49140.0, "gpu_power_w": 92.5, "process_present": true, "process_mem_mib": 17420.0, "process_mem_share_percent": 35.44973544973545, "process_util_available": true, "process_util_backend": "nvml", "process_sm_util_percent": 23.0, "process_mem_util_percent": 2.0}
{"timestamp_unix": 1772433964.1286871, "pid": 54827, "device_index": 0, "gpu_uuid": "GPU-6f954bfd-7081-31b7-f15c-f9a174bf4d7f", "gpu_util_percent": 24.0, "gpu_mem_util_percent": 3.0, "gpu_mem_used_mib": 17919.0, "gpu_mem_total_mib": 49140.0, "gpu_power_w": 92.52, "process_present": true, "process_mem_mib": 17420.0, "process_mem_share_percent": 35.44973544973545, "process_util_available": true, "process_util_backend": "nvml", "process_sm_util_percent": 23.0, "process_mem_util_percent": 2.0}
{"timestamp_unix": 1772433964.4209857, "pid": 54827, "device_index": 0, "gpu_uuid": "GPU-6f954bfd-7081-31b7-f15c-f9a174bf4d7f", "gpu_util_percent": 23.0, "gpu_mem_util_percent": 3.0, "gpu_mem_used_mib": 17919.0, "gpu_mem_total_mib": 49140.0, "gpu_power_w": 92.48, "process_present": true, "process_mem_mib": 17420.0, "process_mem_share_percent": 35.44973544973545, "process_util_available": true, "process_util_backend": "nvml", "process_sm_util_percent": 24.0, "process_mem_util_percent": 2.0}
{"timestamp_unix": 1772433964.7093983, "pid": 54827, "device_index": 0, "gpu_uuid": "GPU-6f954bfd-7081-31b7-f15c-f9a174bf4d7f", "gpu_util_percent": 23.0, "gpu_mem_util_percent": 3.0, "gpu_mem_used_mib": 17919.0, "gpu_mem_total_mib": 49140.0, "gpu_power_w": 92.48, "process_present": true, "process_mem_mib": 17420.0, "process_mem_share_percent": 35.44973544973545, "process_util_available": true, "process_util_backend": "nvml", "process_sm_util_percent": 22.0, "process_mem_util_percent": 2.0}
{"timestamp_unix": 1772433964.9955037, "pid": 54827, "device_index": 0, "gpu_uuid": "GPU-6f954bfd-7081-31b7-f15c-f9a174bf4d7f", "gpu_util_percent": 23.0, "gpu_mem_util_percent": 3.0, "gpu_mem_used_mib": 17920.0, "gpu_mem_total_mib": 49140.0, "gpu_power_w": 92.31, "process_present": true, "process_mem_mib": 17420.0, "process_mem_share_percent": 35.44973544973545, "process_util_available": true, "process_util_backend": "nvml", "process_sm_util_percent": 22.0, "process_mem_util_percent": 2.0}
{"timestamp_unix": 1772433965.2881713, "pid": 54827, "device_index": 0, "gpu_uuid": "GPU-6f954bfd-7081-31b7-f15c-f9a174bf4d7f", "gpu_util_percent": 23.0, "gpu_mem_util_percent": 3.0, "gpu_mem_used_mib": 17920.0, "gpu_mem_total_mib": 49140.0, "gpu_power_w": 92.31, "process_present": true, "process_mem_mib": 17420.0, "process_mem_share_percent": 35.44973544973545, "process_util_available": true, "process_util_backend": "nvml", "process_sm_util_percent": 23.0, "process_mem_util_percent": 3.0}
{"timestamp_unix": 1772433965.5755467, "pid": 54827, "device_index": 0, "gpu_uuid": "GPU-6f954bfd-7081-31b7-f15c-f9a174bf4d7f", "gpu_util_percent": 24.0, "gpu_mem_util_percent": 3.0, "gpu_mem_used_mib": 17924.0, "gpu_mem_total_mib": 49140.0, "gpu_power_w": 92.21, "process_present": true, "process_mem_mib": 17420.0, "process_mem_share_percent": 35.44973544973545, "process_util_available": true, "process_util_backend": "nvml", "process_sm_util_percent": 12.0, "process_mem_util_percent": 1.0}
{"timestamp_unix": 1772433965.8807778, "pid": 54827, "device_index": 0, "gpu_uuid": "GPU-6f954bfd-7081-31b7-f15c-f9a174bf4d7f", "gpu_util_percent": 24.0, "gpu_mem_util_percent": 3.0, "gpu_mem_used_mib": 17924.0, "gpu_mem_total_mib": 49140.0, "gpu_power_w": 92.21, "process_present": true, "process_mem_mib": 17420.0, "process_mem_share_percent": 35.44973544973545, "process_util_available": true, "process_util_backend": "nvml", "process_sm_util_percent": 18.0, "process_mem_util_percent": 2.0}
{"timestamp_unix": 1772433966.1876109, "pid": 54827, "device_index": 0, "gpu_uuid": "GPU-6f954bfd-7081-31b7-f15c-f9a174bf4d7f", "gpu_util_percent": 24.0, "gpu_mem_util_percent": 3.0, "gpu_mem_used_mib": 17924.0, "gpu_mem_total_mib": 49140.0, "gpu_power_w": 91.58, "process_present": true, "process_mem_mib": 17420.0, "process_mem_share_percent": 35.44973544973545, "process_util_available": true, "process_util_backend": "nvml", "process_sm_util_percent": 21.0, "process_mem_util_percent": 3.0}
{"timestamp_unix": 1772433966.488396, "pid": 54827, "device_index": 0, "gpu_uuid": "GPU-6f954bfd-7081-31b7-f15c-f9a174bf4d7f", "gpu_util_percent": 22.0, "gpu_mem_util_percent": 4.0, "gpu_mem_used_mib": 17924.0, "gpu_mem_total_mib": 49140.0, "gpu_power_w": 91.75, "process_present": true, "process_mem_mib": 17420.0, "process_mem_share_percent": 35.44973544973545, "process_util_available": true, "process_util_backend": "nvml", "process_sm_util_percent": 21.0, "process_mem_util_percent": 3.0}
{"timestamp_unix": 1772433966.779823, "pid": 54827, "device_index": 0, "gpu_uuid": "GPU-6f954bfd-7081-31b7-f15c-f9a174bf4d7f", "gpu_util_percent": 22.0, "gpu_mem_util_percent": 4.0, "gpu_mem_used_mib": 17924.0, "gpu_mem_total_mib": 49140.0, "gpu_power_w": 91.75, "process_present": true, "process_mem_mib": 17420.0, "process_mem_share_percent": 35.44973544973545, "process_util_available": true, "process_util_backend": "nvml", "process_sm_util_percent": 21.0, "process_mem_util_percent": 3.0}
{"timestamp_unix": 1772433967.0801954, "pid": 54827, "device_index": 0, "gpu_uuid": "GPU-6f954bfd-7081-31b7-f15c-f9a174bf4d7f", "gpu_util_percent": 22.0, "gpu_mem_util_percent": 4.0, "gpu_mem_used_mib": 17924.0, "gpu_mem_total_mib": 49140.0, "gpu_power_w": 92.56, "process_present": true, "process_mem_mib": 17420.0, "process_mem_share_percent": 35.44973544973545, "process_util_available": true, "process_util_backend": "nvml", "process_sm_util_percent": 22.0, "process_mem_util_percent": 3.0}
{"timestamp_unix": 1772433967.3733506, "pid": 54827, "device_index": 0, "gpu_uuid": "GPU-6f954bfd-7081-31b7-f15c-f9a174bf4d7f", "gpu_util_percent": 25.0, "gpu_mem_util_percent": 4.0, "gpu_mem_used_mib": 17924.0, "gpu_mem_total_mib": 49140.0, "gpu_power_w": 92.77, "process_present": true, "process_mem_mib": 17420.0, "process_mem_share_percent": 35.44973544973545, "process_util_available": true, "process_util_backend": "nvml", "process_sm_util_percent": 24.0, "process_mem_util_percent": 3.0}
{"timestamp_unix": 1772433967.6638682, "pid": 54827, "device_index": 0, "gpu_uuid": "GPU-6f954bfd-7081-31b7-f15c-f9a174bf4d7f", "gpu_util_percent": 25.0, "gpu_mem_util_percent": 4.0, "gpu_mem_used_mib": 17924.0, "gpu_mem_total_mib": 49140.0, "gpu_power_w": 92.77, "process_present": true, "process_mem_mib": 17420.0, "process_mem_share_percent": 35.44973544973545, "process_util_available": true, "process_util_backend": "nvml", "process_sm_util_percent": 24.0, "process_mem_util_percent": 3.0}
{"timestamp_unix": 1772433967.9568334, "pid": 54827, "device_index": 0, "gpu_uuid": "GPU-6f954bfd-7081-31b7-f15c-f9a174bf4d7f", "gpu_util_percent": 25.0, "gpu_mem_util_percent": 4.0, "gpu_mem_used_mib": 17924.0, "gpu_mem_total_mib": 49140.0, "gpu_power_w": 92.89, "process_present": true, "process_mem_mib": 17420.0, "process_mem_share_percent": 35.44973544973545, "process_util_available": true, "process_util_backend": "nvml", "process_sm_util_percent": 24.0, "process_mem_util_percent": 3.0}
{"timestamp_unix": 1772433968.2470567, "pid": 54827, "device_index": 0, "gpu_uuid": "GPU-6f954bfd-7081-31b7-f15c-f9a174bf4d7f", "gpu_util_percent": 25.0, "gpu_mem_util_percent": 4.0, "gpu_mem_used_mib": 18684.0, "gpu_mem_total_mib": 49140.0, "gpu_power_w": 92.89, "process_present": true, "process_mem_mib": 18380.0, "process_mem_share_percent": 37.4033374033374, "process_util_available": true, "process_util_backend": "nvml", "process_sm_util_percent": 25.0, "process_mem_util_percent": 3.0}
{"timestamp_unix": 1772433968.5543263, "pid": 54827, "device_index": 0, "gpu_uuid": "GPU-6f954bfd-7081-31b7-f15c-f9a174bf4d7f", "gpu_util_percent": 25.0, "gpu_mem_util_percent": 4.0, "gpu_mem_used_mib": 20024.0, "gpu_mem_total_mib": 49140.0, "gpu_power_w": 92.93, "process_present": true, "process_mem_mib": 19740.0, "process_mem_share_percent": 40.17094017094017, "process_util_available": true, "process_util_backend": "nvml", "process_sm_util_percent": 23.0, "process_mem_util_percent": 3.0}
{"timestamp_unix": 1772433968.8559678, "pid": 54827, "device_index": 0, "gpu_uuid": "GPU-6f954bfd-7081-31b7-f15c-f9a174bf4d7f", "gpu_util_percent": 25.0, "gpu_mem_util_percent": 4.0, "gpu_mem_used_mib": 21204.0, "gpu_mem_total_mib": 49140.0, "gpu_power_w": 92.93, "process_present": true, "process_mem_mib": 20700.0, "process_mem_share_percent": 42.124542124542124, "process_util_available": true, "process_util_backend": "nvml", "process_sm_util_percent": 12.0, "process_mem_util_percent": 1.0}
{"timestamp_unix": 1772433969.154062, "pid": 54827, "device_index": 0, "gpu_uuid": "GPU-6f954bfd-7081-31b7-f15c-f9a174bf4d7f", "gpu_util_percent": 25.0, "gpu_mem_util_percent": 4.0, "gpu_mem_used_mib": 21204.0, "gpu_mem_total_mib": 49140.0, "gpu_power_w": 92.54, "process_present": true, "process_mem_mib": 20700.0, "process_mem_share_percent": 42.124542124542124, "process_util_available": true, "process_util_backend": "nvml", "process_sm_util_percent": null, "process_mem_util_percent": null}
{"timestamp_unix": 1772433969.4538236, "pid": 54827, "device_index": 0, "gpu_uuid": "GPU-6f954bfd-7081-31b7-f15c-f9a174bf4d7f", "gpu_util_percent": 27.0, "gpu_mem_util_percent": 4.0, "gpu_mem_used_mib": 21204.0, "gpu_mem_total_mib": 49140.0, "gpu_power_w": 90.58, "process_present": true, "process_mem_mib": 20700.0, "process_mem_share_percent": 42.124542124542124, "process_util_available": true, "process_util_backend": "nvml", "process_sm_util_percent": 12.0, "process_mem_util_percent": 1.0}
{"timestamp_unix": 1772433969.7435143, "pid": 54827, "device_index": 0, "gpu_uuid": "GPU-6f954bfd-7081-31b7-f15c-f9a174bf4d7f", "gpu_util_percent": 27.0, "gpu_mem_util_percent": 4.0, "gpu_mem_used_mib": 21204.0, "gpu_mem_total_mib": 49140.0, "gpu_power_w": 90.58, "process_present": true, "process_mem_mib": 20700.0, "process_mem_share_percent": 42.124542124542124, "process_util_available": true, "process_util_backend": "nvml", "process_sm_util_percent": 25.0, "process_mem_util_percent": 3.0}
{"timestamp_unix": 1772433970.035677, "pid": 54827, "device_index": 0, "gpu_uuid": "GPU-6f954bfd-7081-31b7-f15c-f9a174bf4d7f", "gpu_util_percent": 27.0, "gpu_mem_util_percent": 4.0, "gpu_mem_used_mib": 21204.0, "gpu_mem_total_mib": 49140.0, "gpu_power_w": 91.16, "process_present": true, "process_mem_mib": 20700.0, "process_mem_share_percent": 42.124542124542124, "process_util_available": true, "process_util_backend": "nvml", "process_sm_util_percent": 26.0, "process_mem_util_percent": 3.0}
{"timestamp_unix": 1772433970.3267052, "pid": 54827, "device_index": 0, "gpu_uuid": "GPU-6f954bfd-7081-31b7-f15c-f9a174bf4d7f", "gpu_util_percent": 27.0, "gpu_mem_util_percent": 4.0, "gpu_mem_used_mib": 21203.0, "gpu_mem_total_mib": 49140.0, "gpu_power_w": 91.16, "process_present": true, "process_mem_mib": 20700.0, "process_mem_share_percent": 42.124542124542124, "process_util_available": true, "process_util_backend": "nvml", "process_sm_util_percent": null, "process_mem_util_percent": null}
{"timestamp_unix": 1772433970.6182823, "pid": 54827, "device_index": 0, "gpu_uuid": "GPU-6f954bfd-7081-31b7-f15c-f9a174bf4d7f", "gpu_util_percent": 26.0, "gpu_mem_util_percent": 4.0, "gpu_mem_used_mib": 21199.0, "gpu_mem_total_mib": 49140.0, "gpu_power_w": 93.47, "process_present": true, "process_mem_mib": 20700.0, "process_mem_share_percent": 42.124542124542124, "process_util_available": true, "process_util_backend": "nvml", "process_sm_util_percent": 26.0, "process_mem_util_percent": 3.0}
{"timestamp_unix": 1772433970.909991, "pid": 54827, "device_index": 0, "gpu_uuid": "GPU-6f954bfd-7081-31b7-f15c-f9a174bf4d7f", "gpu_util_percent": 26.0, "gpu_mem_util_percent": 4.0, "gpu_mem_used_mib": 21199.0, "gpu_mem_total_mib": 49140.0, "gpu_power_w": 93.46, "process_present": true, "process_mem_mib": 20700.0, "process_mem_share_percent": 42.124542124542124, "process_util_available": true, "process_util_backend": "nvml", "process_sm_util_percent": 27.0, "process_mem_util_percent": 3.0}
{"timestamp_unix": 1772433971.2030048, "pid": 54827, "device_index": 0, "gpu_uuid": "GPU-6f954bfd-7081-31b7-f15c-f9a174bf4d7f", "gpu_util_percent": 26.0, "gpu_mem_util_percent": 4.0, "gpu_mem_used_mib": 21199.0, "gpu_mem_total_mib": 49140.0, "gpu_power_w": 93.46, "process_present": true, "process_mem_mib": 20700.0, "process_mem_share_percent": 42.124542124542124, "process_util_available": true, "process_util_backend": "nvml", "process_sm_util_percent": 27.0, "process_mem_util_percent": 3.0}
{"timestamp_unix": 1772433971.5044286, "pid": 54827, "device_index": 0, "gpu_uuid": "GPU-6f954bfd-7081-31b7-f15c-f9a174bf4d7f", "gpu_util_percent": 28.0, "gpu_mem_util_percent": 3.0, "gpu_mem_used_mib": 21199.0, "gpu_mem_total_mib": 49140.0, "gpu_power_w": 93.57, "process_present": true, "process_mem_mib": 20700.0, "process_mem_share_percent": 42.124542124542124, "process_util_available": true, "process_util_backend": "nvml", "process_sm_util_percent": 27.0, "process_mem_util_percent": 3.0}
{"timestamp_unix": 1772433971.8034759, "pid": 54827, "device_index": 0, "gpu_uuid": "GPU-6f954bfd-7081-31b7-f15c-f9a174bf4d7f", "gpu_util_percent": 28.0, "gpu_mem_util_percent": 3.0, "gpu_mem_used_mib": 21199.0, "gpu_mem_total_mib": 49140.0, "gpu_power_w": 93.57, "process_present": true, "process_mem_mib": 20700.0, "process_mem_share_percent": 42.124542124542124, "process_util_available": true, "process_util_backend": "nvml", "process_sm_util_percent": null, "process_mem_util_percent": null}
{"timestamp_unix": 1772433972.105681, "pid": 54827, "device_index": 0, "gpu_uuid": "GPU-6f954bfd-7081-31b7-f15c-f9a174bf4d7f", "gpu_util_percent": 28.0, "gpu_mem_util_percent": 3.0, "gpu_mem_used_mib": 21197.0, "gpu_mem_total_mib": 49140.0, "gpu_power_w": 93.61, "process_present": true, "process_mem_mib": 20700.0, "process_mem_share_percent": 42.124542124542124, "process_util_available": true, "process_util_backend": "nvml", "process_sm_util_percent": null, "process_mem_util_percent": null}
{"timestamp_unix": 1772433972.3963566, "pid": 54827, "device_index": 0, "gpu_uuid": "GPU-6f954bfd-7081-31b7-f15c-f9a174bf4d7f", "gpu_util_percent": 27.0, "gpu_mem_util_percent": 3.0, "gpu_mem_used_mib": 21197.0, "gpu_mem_total_mib": 49140.0, "gpu_power_w": 93.55, "process_present": true, "process_mem_mib": 20700.0, "process_mem_share_percent": 42.124542124542124, "process_util_available": true, "process_util_backend": "nvml", "process_sm_util_percent": 27.0, "process_mem_util_percent": 3.0}
{"timestamp_unix": 1772433972.6901107, "pid": 54827, "device_index": 0, "gpu_uuid": "GPU-6f954bfd-7081-31b7-f15c-f9a174bf4d7f", "gpu_util_percent": 27.0, "gpu_mem_util_percent": 3.0, "gpu_mem_used_mib": 21197.0, "gpu_mem_total_mib": 49140.0, "gpu_power_w": 93.55, "process_present": true, "process_mem_mib": 20700.0, "process_mem_share_percent": 42.124542124542124, "process_util_available": true, "process_util_backend": "nvml", "process_sm_util_percent": 27.0, "process_mem_util_percent": 3.0}
{"timestamp_unix": 1772433972.9800377, "pid": 54827, "device_index": 0, "gpu_uuid": "GPU-6f954bfd-7081-31b7-f15c-f9a174bf4d7f", "gpu_util_percent": 27.0, "gpu_mem_util_percent": 3.0, "gpu_mem_used_mib": 21197.0, "gpu_mem_total_mib": 49140.0, "gpu_power_w": 93.43, "process_present": true, "process_mem_mib": 20700.0, "process_mem_share_percent": 42.124542124542124, "process_util_available": true, "process_util_backend": "nvml", "process_sm_util_percent": 28.0, "process_mem_util_percent": 3.0}
{"timestamp_unix": 1772433973.2730088, "pid": 54827, "device_index": 0, "gpu_uuid": "GPU-6f954bfd-7081-31b7-f15c-f9a174bf4d7f", "gpu_util_percent": 27.0, "gpu_mem_util_percent": 3.0, "gpu_mem_used_mib": 21198.0, "gpu_mem_total_mib": 49140.0, "gpu_power_w": 93.43, "process_present": true, "process_mem_mib": 20700.0, "process_mem_share_percent": 42.124542124542124, "process_util_available": true, "process_util_backend": "nvml", "process_sm_util_percent": 27.0, "process_mem_util_percent": 3.0}
{"timestamp_unix": 1772433973.5644379, "pid": 54827, "device_index": 0, "gpu_uuid": "GPU-6f954bfd-7081-31b7-f15c-f9a174bf4d7f", "gpu_util_percent": 27.0, "gpu_mem_util_percent": 3.0, "gpu_mem_used_mib": 21198.0, "gpu_mem_total_mib": 49140.0, "gpu_power_w": 93.36, "process_present": true, "process_mem_mib": 20700.0, "process_mem_share_percent": 42.124542124542124, "process_util_available": true, "process_util_backend": "nvml", "process_sm_util_percent": 27.0, "process_mem_util_percent": 3.0}
{"timestamp_unix": 1772433973.8555908, "pid": 54827, "device_index": 0, "gpu_uuid": "GPU-6f954bfd-7081-31b7-f15c-f9a174bf4d7f", "gpu_util_percent": 27.0, "gpu_mem_util_percent": 3.0, "gpu_mem_used_mib": 21198.0, "gpu_mem_total_mib": 49140.0, "gpu_power_w": 93.36, "process_present": true, "process_mem_mib": 20700.0, "process_mem_share_percent": 42.124542124542124, "process_util_available": true, "process_util_backend": "nvml", "process_sm_util_percent": 25.0, "process_mem_util_percent": 2.0}
{"timestamp_unix": 1772433974.152222, "pid": 54827, "device_index": 0, "gpu_uuid": "GPU-6f954bfd-7081-31b7-f15c-f9a174bf4d7f", "gpu_util_percent": 27.0, "gpu_mem_util_percent": 3.0, "gpu_mem_used_mib": 21197.0, "gpu_mem_total_mib": 49140.0, "gpu_power_w": 92.6, "process_present": true, "process_mem_mib": 20700.0, "process_mem_share_percent": 42.124542124542124, "process_util_available": true, "process_util_backend": "nvml", "process_sm_util_percent": 24.0, "process_mem_util_percent": 3.0}
{"timestamp_unix": 1772433974.4537034, "pid": 54827, "device_index": 0, "gpu_uuid": "GPU-6f954bfd-7081-31b7-f15c-f9a174bf4d7f", "gpu_util_percent": 26.0, "gpu_mem_util_percent": 4.0, "gpu_mem_used_mib": 21197.0, "gpu_mem_total_mib": 49140.0, "gpu_power_w": 92.22, "process_present": true, "process_mem_mib": 20700.0, "process_mem_share_percent": 42.124542124542124, "process_util_available": true, "process_util_backend": "nvml", "process_sm_util_percent": 26.0, "process_mem_util_percent": 3.0}
{"timestamp_unix": 1772433974.7543073, "pid": 54827, "device_index": 0, "gpu_uuid": "GPU-6f954bfd-7081-31b7-f15c-f9a174bf4d7f", "gpu_util_percent": 26.0, "gpu_mem_util_percent": 4.0, "gpu_mem_used_mib": 21197.0, "gpu_mem_total_mib": 49140.0, "gpu_power_w": 92.22, "process_present": true, "process_mem_mib": 20700.0, "process_mem_share_percent": 42.124542124542124, "process_util_available": true, "process_util_backend": "nvml", "process_sm_util_percent": 26.0, "process_mem_util_percent": 3.0}
{"timestamp_unix": 1772433975.0543194, "pid": 54827, "device_index": 0, "gpu_uuid": "GPU-6f954bfd-7081-31b7-f15c-f9a174bf4d7f", "gpu_util_percent": 26.0, "gpu_mem_util_percent": 4.0, "gpu_mem_used_mib": 21197.0, "gpu_mem_total_mib": 49140.0, "gpu_power_w": 92.38, "process_present": true, "process_mem_mib": 20700.0, "process_mem_share_percent": 42.124542124542124, "process_util_available": true, "process_util_backend": "nvml", "process_sm_util_percent": 26.0, "process_mem_util_percent": 3.0}
{"timestamp_unix": 1772433975.346509, "pid": 54827, "device_index": 0, "gpu_uuid": "GPU-6f954bfd-7081-31b7-f15c-f9a174bf4d7f", "gpu_util_percent": 26.0, "gpu_mem_util_percent": 4.0, "gpu_mem_used_mib": 21197.0, "gpu_mem_total_mib": 49140.0, "gpu_power_w": 92.38, "process_present": true, "process_mem_mib": 20700.0, "process_mem_share_percent": 42.124542124542124, "process_util_available": true, "process_util_backend": "nvml", "process_sm_util_percent": 26.0, "process_mem_util_percent": 3.0}
{"timestamp_unix": 1772433975.6386323, "pid": 54827, "device_index": 0, "gpu_uuid": "GPU-6f954bfd-7081-31b7-f15c-f9a174bf4d7f", "gpu_util_percent": 27.0, "gpu_mem_util_percent": 4.0, "gpu_mem_used_mib": 21201.0, "gpu_mem_total_mib": 49140.0, "gpu_power_w": 93.54, "process_present": true, "process_mem_mib": 20700.0, "process_mem_share_percent": 42.124542124542124, "process_util_available": true, "process_util_backend": "nvml", "process_sm_util_percent": 27.0, "process_mem_util_percent": 3.0}
{"timestamp_unix": 1772433975.9297447, "pid": 54827, "device_index": 0, "gpu_uuid": "GPU-6f954bfd-7081-31b7-f15c-f9a174bf4d7f", "gpu_util_percent": 27.0, "gpu_mem_util_percent": 4.0, "gpu_mem_used_mib": 21201.0, "gpu_mem_total_mib": 49140.0, "gpu_power_w": 93.8, "process_present": true, "process_mem_mib": 20700.0, "process_mem_share_percent": 42.124542124542124, "process_util_available": true, "process_util_backend": "nvml", "process_sm_util_percent": 26.0, "process_mem_util_percent": 3.0}
{"timestamp_unix": 1772433976.2253788, "pid": 54827, "device_index": 0, "gpu_uuid": "GPU-6f954bfd-7081-31b7-f15c-f9a174bf4d7f", "gpu_util_percent": 27.0, "gpu_mem_util_percent": 4.0, "gpu_mem_used_mib": 21876.0, "gpu_mem_total_mib": 49140.0, "gpu_power_w": 93.8, "process_present": true, "process_mem_mib": 21640.0, "process_mem_share_percent": 44.03744403744404, "process_util_available": true, "process_util_backend": "nvml", "process_sm_util_percent": 26.0, "process_mem_util_percent": 3.0}
{"timestamp_unix": 1772433976.5166955, "pid": 54827, "device_index": 0, "gpu_uuid": "GPU-6f954bfd-7081-31b7-f15c-f9a174bf4d7f", "gpu_util_percent": 25.0, "gpu_mem_util_percent": 4.0, "gpu_mem_used_mib": 23616.0, "gpu_mem_total_mib": 49140.0, "gpu_power_w": 93.69, "process_present": true, "process_mem_mib": 23400.0, "process_mem_share_percent": 47.61904761904761, "process_util_available": true, "process_util_backend": "nvml", "process_sm_util_percent": 25.0, "process_mem_util_percent": 3.0}
{"timestamp_unix": 1772433976.8110821, "pid": 54827, "device_index": 0, "gpu_uuid": "GPU-6f954bfd-7081-31b7-f15c-f9a174bf4d7f", "gpu_util_percent": 25.0, "gpu_mem_util_percent": 4.0, "gpu_mem_used_mib": 25376.0, "gpu_mem_total_mib": 49140.0, "gpu_power_w": 93.69, "process_present": true, "process_mem_mib": 25160.0, "process_mem_share_percent": 51.2006512006512, "process_util_available": true, "process_util_backend": "nvml", "process_sm_util_percent": 25.0, "process_mem_util_percent": 3.0}
{"timestamp_unix": 1772433977.1176262, "pid": 54827, "device_index": 0, "gpu_uuid": "GPU-6f954bfd-7081-31b7-f15c-f9a174bf4d7f", "gpu_util_percent": 25.0, "gpu_mem_util_percent": 4.0, "gpu_mem_used_mib": 26316.0, "gpu_mem_total_mib": 49140.0, "gpu_power_w": 93.34, "process_present": true, "process_mem_mib": 25820.0, "process_mem_share_percent": 52.54375254375254, "process_util_available": true, "process_util_backend": "nvml", "process_sm_util_percent": null, "process_mem_util_percent": null}
{"timestamp_unix": 1772433977.431846, "pid": 54827, "device_index": 0, "gpu_uuid": "GPU-6f954bfd-7081-31b7-f15c-f9a174bf4d7f", "gpu_util_percent": 23.0, "gpu_mem_util_percent": 3.0, "gpu_mem_used_mib": 26336.0, "gpu_mem_total_mib": 49140.0, "gpu_power_w": 90.79, "process_present": true, "process_mem_mib": 25840.0, "process_mem_share_percent": 52.58445258445258, "process_util_available": true, "process_util_backend": "nvml", "process_sm_util_percent": 12.0, "process_mem_util_percent": 1.0}
{"timestamp_unix": 1772433977.738619, "pid": 54827, "device_index": 0, "gpu_uuid": "GPU-6f954bfd-7081-31b7-f15c-f9a174bf4d7f", "gpu_util_percent": 23.0, "gpu_mem_util_percent": 3.0, "gpu_mem_used_mib": 26336.0, "gpu_mem_total_mib": 49140.0, "gpu_power_w": 90.79, "process_present": true, "process_mem_mib": 25840.0, "process_mem_share_percent": 52.58445258445258, "process_util_available": true, "process_util_backend": "nvml", "process_sm_util_percent": 27.0, "process_mem_util_percent": 3.0}
{"timestamp_unix": 1772433978.0328367, "pid": 54827, "device_index": 0, "gpu_uuid": "GPU-6f954bfd-7081-31b7-f15c-f9a174bf4d7f", "gpu_util_percent": 23.0, "gpu_mem_util_percent": 3.0, "gpu_mem_used_mib": 26334.0, "gpu_mem_total_mib": 49140.0, "gpu_power_w": 91.38, "process_present": true, "process_mem_mib": 25840.0, "process_mem_share_percent": 52.58445258445258, "process_util_available": true, "process_util_backend": "nvml", "process_sm_util_percent": 27.0, "process_mem_util_percent": 3.0}
{"timestamp_unix": 1772433978.32605, "pid": 54827, "device_index": 0, "gpu_uuid": "GPU-6f954bfd-7081-31b7-f15c-f9a174bf4d7f", "gpu_util_percent": 23.0, "gpu_mem_util_percent": 3.0, "gpu_mem_used_mib": 26334.0, "gpu_mem_total_mib": 49140.0, "gpu_power_w": 91.38, "process_present": true, "process_mem_mib": 25840.0, "process_mem_share_percent": 52.58445258445258, "process_util_available": true, "process_util_backend": "nvml", "process_sm_util_percent": 27.0, "process_mem_util_percent": 3.0}
{"timestamp_unix": 1772433978.6178815, "pid": 54827, "device_index": 0, "gpu_uuid": "GPU-6f954bfd-7081-31b7-f15c-f9a174bf4d7f", "gpu_util_percent": 29.0, "gpu_mem_util_percent": 4.0, "gpu_mem_used_mib": 26334.0, "gpu_mem_total_mib": 49140.0, "gpu_power_w": 93.85, "process_present": true, "process_mem_mib": 25840.0, "process_mem_share_percent": 52.58445258445258, "process_util_available": true, "process_util_backend": "nvml", "process_sm_util_percent": 27.0, "process_mem_util_percent": 3.0}
{"timestamp_unix": 1772433978.9094663, "pid": 54827, "device_index": 0, "gpu_uuid": "GPU-6f954bfd-7081-31b7-f15c-f9a174bf4d7f", "gpu_util_percent": 29.0, "gpu_mem_util_percent": 4.0, "gpu_mem_used_mib": 26334.0, "gpu_mem_total_mib": 49140.0, "gpu_power_w": 94.39, "process_present": true, "process_mem_mib": 25840.0, "process_mem_share_percent": 52.58445258445258, "process_util_available": true, "process_util_backend": "nvml", "process_sm_util_percent": 27.0, "process_mem_util_percent": 3.0}
{"timestamp_unix": 1772433979.202807, "pid": 54827, "device_index": 0, "gpu_uuid": "GPU-6f954bfd-7081-31b7-f15c-f9a174bf4d7f", "gpu_util_percent": 29.0, "gpu_mem_util_percent": 4.0, "gpu_mem_used_mib": 26334.0, "gpu_mem_total_mib": 49140.0, "gpu_power_w": 94.39, "process_present": true, "process_mem_mib": 25840.0, "process_mem_share_percent": 52.58445258445258, "process_util_available": true, "process_util_backend": "nvml", "process_sm_util_percent": 27.0, "process_mem_util_percent": 3.0}
{"timestamp_unix": 1772433979.492454, "pid": 54827, "device_index": 0, "gpu_uuid": "GPU-6f954bfd-7081-31b7-f15c-f9a174bf4d7f", "gpu_util_percent": 28.0, "gpu_mem_util_percent": 4.0, "gpu_mem_used_mib": 26334.0, "gpu_mem_total_mib": 49140.0, "gpu_power_w": 94.33, "process_present": true, "process_mem_mib": 25840.0, "process_mem_share_percent": 52.58445258445258, "process_util_available": true, "process_util_backend": "nvml", "process_sm_util_percent": 27.0, "process_mem_util_percent": 3.0}
{"timestamp_unix": 1772433979.7974918, "pid": 54827, "device_index": 0, "gpu_uuid": "GPU-6f954bfd-7081-31b7-f15c-f9a174bf4d7f", "gpu_util_percent": 28.0, "gpu_mem_util_percent": 4.0, "gpu_mem_used_mib": 26334.0, "gpu_mem_total_mib": 49140.0, "gpu_power_w": 94.33, "process_present": true, "process_mem_mib": 25840.0, "process_mem_share_percent": 52.58445258445258, "process_util_available": true, "process_util_backend": "nvml", "process_sm_util_percent": 27.0, "process_mem_util_percent": 3.0}
{"timestamp_unix": 1772433980.1048024, "pid": 54827, "device_index": 0, "gpu_uuid": "GPU-6f954bfd-7081-31b7-f15c-f9a174bf4d7f", "gpu_util_percent": 28.0, "gpu_mem_util_percent": 4.0, "gpu_mem_used_mib": 26334.0, "gpu_mem_total_mib": 49140.0, "gpu_power_w": 94.27, "process_present": true, "process_mem_mib": 25840.0, "process_mem_share_percent": 52.58445258445258, "process_util_available": true, "process_util_backend": "nvml", "process_sm_util_percent": 27.0, "process_mem_util_percent": 3.0}
{"timestamp_unix": 1772433980.403805, "pid": 54827, "device_index": 0, "gpu_uuid": "GPU-6f954bfd-7081-31b7-f15c-f9a174bf4d7f", "gpu_util_percent": 27.0, "gpu_mem_util_percent": 4.0, "gpu_mem_used_mib": 26318.0, "gpu_mem_total_mib": 49140.0, "gpu_power_w": 94.19, "process_present": true, "process_mem_mib": 25840.0, "process_mem_share_percent": 52.58445258445258, "process_util_available": true, "process_util_backend": "nvml", "process_sm_util_percent": 30.0, "process_mem_util_percent": 3.0}
{"timestamp_unix": 1772433980.70378, "pid": 54827, "device_index": 0, "gpu_uuid": "GPU-6f954bfd-7081-31b7-f15c-f9a174bf4d7f", "gpu_util_percent": 27.0, "gpu_mem_util_percent": 4.0, "gpu_mem_used_mib": 26314.0, "gpu_mem_total_mib": 49140.0, "gpu_power_w": 94.19, "process_present": true, "process_mem_mib": 25840.0, "process_mem_share_percent": 52.58445258445258, "process_util_available": true, "process_util_backend": "nvml", "process_sm_util_percent": 26.0, "process_mem_util_percent": 3.0}
{"timestamp_unix": 1772433980.9925828, "pid": 54827, "device_index": 0, "gpu_uuid": "GPU-6f954bfd-7081-31b7-f15c-f9a174bf4d7f", "gpu_util_percent": 27.0, "gpu_mem_util_percent": 4.0, "gpu_mem_used_mib": 26314.0, "gpu_mem_total_mib": 49140.0, "gpu_power_w": 93.86, "process_present": true, "process_mem_mib": 25840.0, "process_mem_share_percent": 52.58445258445258, "process_util_available": true, "process_util_backend": "nvml", "process_sm_util_percent": 26.0, "process_mem_util_percent": 3.0}
{"timestamp_unix": 1772433981.2823913, "pid": 54827, "device_index": 0, "gpu_uuid": "GPU-6f954bfd-7081-31b7-f15c-f9a174bf4d7f", "gpu_util_percent": 27.0, "gpu_mem_util_percent": 4.0, "gpu_mem_used_mib": 26314.0, "gpu_mem_total_mib": 49140.0, "gpu_power_w": 93.86, "process_present": true, "process_mem_mib": 25840.0, "process_mem_share_percent": 52.58445258445258, "process_util_available": true, "process_util_backend": "nvml", "process_sm_util_percent": 25.0, "process_mem_util_percent": 3.0}
{"timestamp_unix": 1772433981.5830421, "pid": 54827, "device_index": 0, "gpu_uuid": "GPU-6f954bfd-7081-31b7-f15c-f9a174bf4d7f", "gpu_util_percent": 27.0, "gpu_mem_util_percent": 3.0, "gpu_mem_used_mib": 26314.0, "gpu_mem_total_mib": 49140.0, "gpu_power_w": 93.48, "process_present": true, "process_mem_mib": 25840.0, "process_mem_share_percent": 52.58445258445258, "process_util_available": true, "process_util_backend": "nvml", "process_sm_util_percent": 25.0, "process_mem_util_percent": 3.0}
{"timestamp_unix": 1772433981.876933, "pid": 54827, "device_index": 0, "gpu_uuid": "GPU-6f954bfd-7081-31b7-f15c-f9a174bf4d7f", "gpu_util_percent": 27.0, "gpu_mem_util_percent": 3.0, "gpu_mem_used_mib": 26314.0, "gpu_mem_total_mib": 49140.0, "gpu_power_w": 93.38, "process_present": true, "process_mem_mib": 25840.0, "process_mem_share_percent": 52.58445258445258, "process_util_available": true, "process_util_backend": "nvml", "process_sm_util_percent": 26.0, "process_mem_util_percent": 3.0}
{"timestamp_unix": 1772433982.1712952, "pid": 54827, "device_index": 0, "gpu_uuid": "GPU-6f954bfd-7081-31b7-f15c-f9a174bf4d7f", "gpu_util_percent": 27.0, "gpu_mem_util_percent": 3.0, "gpu_mem_used_mib": 26314.0, "gpu_mem_total_mib": 49140.0, "gpu_power_w": 93.38, "process_present": true, "process_mem_mib": 25840.0, "process_mem_share_percent": 52.58445258445258, "process_util_available": true, "process_util_backend": "nvml", "process_sm_util_percent": 21.0, "process_mem_util_percent": 2.0}
{"timestamp_unix": 1772433982.460601, "pid": 54827, "device_index": 0, "gpu_uuid": "GPU-6f954bfd-7081-31b7-f15c-f9a174bf4d7f", "gpu_util_percent": 25.0, "gpu_mem_util_percent": 4.0, "gpu_mem_used_mib": 26314.0, "gpu_mem_total_mib": 49140.0, "gpu_power_w": 92.54, "process_present": true, "process_mem_mib": 25840.0, "process_mem_share_percent": 52.58445258445258, "process_util_available": true, "process_util_backend": "nvml", "process_sm_util_percent": 24.0, "process_mem_util_percent": 3.0}
{"timestamp_unix": 1772433982.7643497, "pid": 54827, "device_index": 0, "gpu_uuid": "GPU-6f954bfd-7081-31b7-f15c-f9a174bf4d7f", "gpu_util_percent": 25.0, "gpu_mem_util_percent": 4.0, "gpu_mem_used_mib": 26314.0, "gpu_mem_total_mib": 49140.0, "gpu_power_w": 92.54, "process_present": true, "process_mem_mib": 25840.0, "process_mem_share_percent": 52.58445258445258, "process_util_available": true, "process_util_backend": "nvml", "process_sm_util_percent": 24.0, "process_mem_util_percent": 3.0}
{"timestamp_unix": 1772433983.0823436, "pid": 54827, "device_index": 0, "gpu_uuid": "GPU-6f954bfd-7081-31b7-f15c-f9a174bf4d7f", "gpu_util_percent": 25.0, "gpu_mem_util_percent": 4.0, "gpu_mem_used_mib": 26317.0, "gpu_mem_total_mib": 49140.0, "gpu_power_w": 92.65, "process_present": true, "process_mem_mib": 25840.0, "process_mem_share_percent": 52.58445258445258, "process_util_available": true, "process_util_backend": "nvml", "process_sm_util_percent": 24.0, "process_mem_util_percent": 3.0}
{"timestamp_unix": 1772433983.3888867, "pid": 54827, "device_index": 0, "gpu_uuid": "GPU-6f954bfd-7081-31b7-f15c-f9a174bf4d7f", "gpu_util_percent": 23.0, "gpu_mem_util_percent": 4.0, "gpu_mem_used_mib": 26317.0, "gpu_mem_total_mib": 49140.0, "gpu_power_w": 93.61, "process_present": true, "process_mem_mib": 25840.0, "process_mem_share_percent": 52.58445258445258, "process_util_available": true, "process_util_backend": "nvml", "process_sm_util_percent": 24.0, "process_mem_util_percent": 3.0}
{"timestamp_unix": 1772433983.6792495, "pid": 54827, "device_index": 0, "gpu_uuid": "GPU-6f954bfd-7081-31b7-f15c-f9a174bf4d7f", "gpu_util_percent": 23.0, "gpu_mem_util_percent": 4.0, "gpu_mem_used_mib": 26317.0, "gpu_mem_total_mib": 49140.0, "gpu_power_w": 93.61, "process_present": true, "process_mem_mib": 25840.0, "process_mem_share_percent": 52.58445258445258, "process_util_available": true, "process_util_backend": "nvml", "process_sm_util_percent": 23.0, "process_mem_util_percent": 3.0}
{"timestamp_unix": 1772433984.1931236, "pid": 54827, "device_index": 0, "gpu_uuid": "GPU-6f954bfd-7081-31b7-f15c-f9a174bf4d7f", "gpu_util_percent": 23.0, "gpu_mem_util_percent": 4.0, "gpu_mem_used_mib": 26317.0, "gpu_mem_total_mib": 49140.0, "gpu_power_w": 93.61, "process_present": true, "process_mem_mib": 25840.0, "process_mem_share_percent": 52.58445258445258, "process_util_available": true, "process_util_backend": "nvml", "process_sm_util_percent": 13.0, "process_mem_util_percent": 1.0}
{"timestamp_unix": 1772433984.485226, "pid": 54827, "device_index": 0, "gpu_uuid": "GPU-6f954bfd-7081-31b7-f15c-f9a174bf4d7f", "gpu_util_percent": 24.0, "gpu_mem_util_percent": 4.0, "gpu_mem_used_mib": 26317.0, "gpu_mem_total_mib": 49140.0, "gpu_power_w": 91.42, "process_present": true, "process_mem_mib": 25840.0, "process_mem_share_percent": 52.58445258445258, "process_util_available": true, "process_util_backend": "nvml", "process_sm_util_percent": 22.0, "process_mem_util_percent": 3.0}
{"timestamp_unix": 1772433984.7761474, "pid": 54827, "device_index": 0, "gpu_uuid": "GPU-6f954bfd-7081-31b7-f15c-f9a174bf4d7f", "gpu_util_percent": 24.0, "gpu_mem_util_percent": 4.0, "gpu_mem_used_mib": 26317.0, "gpu_mem_total_mib": 49140.0, "gpu_power_w": 91.42, "process_present": true, "process_mem_mib": 25840.0, "process_mem_share_percent": 52.58445258445258, "process_util_available": true, "process_util_backend": "nvml", "process_sm_util_percent": 23.0, "process_mem_util_percent": 4.0}
{"timestamp_unix": 1772433985.0717788, "pid": 54827, "device_index": 0, "gpu_uuid": "GPU-6f954bfd-7081-31b7-f15c-f9a174bf4d7f", "gpu_util_percent": 24.0, "gpu_mem_util_percent": 4.0, "gpu_mem_used_mib": 27516.0, "gpu_mem_total_mib": 49140.0, "gpu_power_w": 91.42, "process_present": true, "process_mem_mib": 27380.0, "process_mem_share_percent": 55.71835571835572, "process_util_available": true, "process_util_backend": "nvml", "process_sm_util_percent": 22.0, "process_mem_util_percent": 4.0}
{"timestamp_unix": 1772433985.3713996, "pid": 54827, "device_index": 0, "gpu_uuid": "GPU-6f954bfd-7081-31b7-f15c-f9a174bf4d7f", "gpu_util_percent": 24.0, "gpu_mem_util_percent": 4.0, "gpu_mem_used_mib": 29936.0, "gpu_mem_total_mib": 49140.0, "gpu_power_w": 91.42, "process_present": true, "process_mem_mib": 29540.0, "process_mem_share_percent": 60.11396011396012, "process_util_available": true, "process_util_backend": "nvml", "process_sm_util_percent": 11.0, "process_mem_util_percent": 1.0}
{"timestamp_unix": 1772433985.6714277, "pid": 54827, "device_index": 0, "gpu_uuid": "GPU-6f954bfd-7081-31b7-f15c-f9a174bf4d7f", "gpu_util_percent": 23.0, "gpu_mem_util_percent": 4.0, "gpu_mem_used_mib": 30016.0, "gpu_mem_total_mib": 49140.0, "gpu_power_w": 93.22, "process_present": true, "process_mem_mib": 29560.0, "process_mem_share_percent": 60.15466015466016, "process_util_available": true, "process_util_backend": "nvml", "process_sm_util_percent": null, "process_mem_util_percent": null}
{"timestamp_unix": 1772433985.9698732, "pid": 54827, "device_index": 0, "gpu_uuid": "GPU-6f954bfd-7081-31b7-f15c-f9a174bf4d7f", "gpu_util_percent": 23.0, "gpu_mem_util_percent": 4.0, "gpu_mem_used_mib": 30040.0, "gpu_mem_total_mib": 49140.0, "gpu_power_w": 90.68, "process_present": true, "process_mem_mib": 29560.0, "process_mem_share_percent": 60.15466015466016, "process_util_available": true, "process_util_backend": "nvml", "process_sm_util_percent": 23.0, "process_mem_util_percent": 2.0}
{"timestamp_unix": 1772433986.2674804, "pid": 54827, "device_index": 0, "gpu_uuid": "GPU-6f954bfd-7081-31b7-f15c-f9a174bf4d7f", "gpu_util_percent": 23.0, "gpu_mem_util_percent": 4.0, "gpu_mem_used_mib": 30040.0, "gpu_mem_total_mib": 49140.0, "gpu_power_w": 90.68, "process_present": true, "process_mem_mib": 29560.0, "process_mem_share_percent": 60.15466015466016, "process_util_available": true, "process_util_backend": "nvml", "process_sm_util_percent": 23.0, "process_mem_util_percent": 3.0}
{"timestamp_unix": 1772433986.5548303, "pid": 54827, "device_index": 0, "gpu_uuid": "GPU-6f954bfd-7081-31b7-f15c-f9a174bf4d7f", "gpu_util_percent": 21.0, "gpu_mem_util_percent": 4.0, "gpu_mem_used_mib": 30040.0, "gpu_mem_total_mib": 49140.0, "gpu_power_w": 91.06, "process_present": true, "process_mem_mib": 29560.0, "process_mem_share_percent": 60.15466015466016, "process_util_available": true, "process_util_backend": "nvml", "process_sm_util_percent": 21.0, "process_mem_util_percent": 3.0}
{"timestamp_unix": 1772433986.8440294, "pid": 54827, "device_index": 0, "gpu_uuid": "GPU-6f954bfd-7081-31b7-f15c-f9a174bf4d7f", "gpu_util_percent": 21.0, "gpu_mem_util_percent": 4.0, "gpu_mem_used_mib": 30040.0, "gpu_mem_total_mib": 49140.0, "gpu_power_w": 91.06, "process_present": true, "process_mem_mib": 29560.0, "process_mem_share_percent": 60.15466015466016, "process_util_available": true, "process_util_backend": "nvml", "process_sm_util_percent": null, "process_mem_util_percent": null}
{"timestamp_unix": 1772433987.1327488, "pid": 54827, "device_index": 0, "gpu_uuid": "GPU-6f954bfd-7081-31b7-f15c-f9a174bf4d7f", "gpu_util_percent": 21.0, "gpu_mem_util_percent": 4.0, "gpu_mem_used_mib": 30040.0, "gpu_mem_total_mib": 49140.0, "gpu_power_w": 93.68, "process_present": true, "process_mem_mib": 29560.0, "process_mem_share_percent": 60.15466015466016, "process_util_available": true, "process_util_backend": "nvml", "process_sm_util_percent": 22.0, "process_mem_util_percent": 3.0}
{"timestamp_unix": 1772433987.4254262, "pid": 54827, "device_index": 0, "gpu_uuid": "GPU-6f954bfd-7081-31b7-f15c-f9a174bf4d7f", "gpu_util_percent": 20.0, "gpu_mem_util_percent": 4.0, "gpu_mem_used_mib": 30040.0, "gpu_mem_total_mib": 49140.0, "gpu_power_w": 93.84, "process_present": true, "process_mem_mib": 29560.0, "process_mem_share_percent": 60.15466015466016, "process_util_available": true, "process_util_backend": "nvml", "process_sm_util_percent": 10.0, "process_mem_util_percent": 1.0}
{"timestamp_unix": 1772433987.7138946, "pid": 54827, "device_index": 0, "gpu_uuid": "GPU-6f954bfd-7081-31b7-f15c-f9a174bf4d7f", "gpu_util_percent": 20.0, "gpu_mem_util_percent": 4.0, "gpu_mem_used_mib": 30040.0, "gpu_mem_total_mib": 49140.0, "gpu_power_w": 93.84, "process_present": true, "process_mem_mib": 29560.0, "process_mem_share_percent": 60.15466015466016, "process_util_available": true, "process_util_backend": "nvml", "process_sm_util_percent": 20.0, "process_mem_util_percent": 3.0}
{"timestamp_unix": 1772433988.0088189, "pid": 54827, "device_index": 0, "gpu_uuid": "GPU-6f954bfd-7081-31b7-f15c-f9a174bf4d7f", "gpu_util_percent": 20.0, "gpu_mem_util_percent": 4.0, "gpu_mem_used_mib": 30040.0, "gpu_mem_total_mib": 49140.0, "gpu_power_w": 94.07, "process_present": true, "process_mem_mib": 29560.0, "process_mem_share_percent": 60.15466015466016, "process_util_available": true, "process_util_backend": "nvml", "process_sm_util_percent": 11.0, "process_mem_util_percent": 1.0}
{"timestamp_unix": 1772433988.3137734, "pid": 54827, "device_index": 0, "gpu_uuid": "GPU-6f954bfd-7081-31b7-f15c-f9a174bf4d7f", "gpu_util_percent": 20.0, "gpu_mem_util_percent": 4.0, "gpu_mem_used_mib": 30040.0, "gpu_mem_total_mib": 49140.0, "gpu_power_w": 94.07, "process_present": true, "process_mem_mib": 29560.0, "process_mem_share_percent": 60.15466015466016, "process_util_available": true, "process_util_backend": "nvml", "process_sm_util_percent": 21.0, "process_mem_util_percent": 3.0}
{"timestamp_unix": 1772433988.6199782, "pid": 54827, "device_index": 0, "gpu_uuid": "GPU-6f954bfd-7081-31b7-f15c-f9a174bf4d7f", "gpu_util_percent": 22.0, "gpu_mem_util_percent": 4.0, "gpu_mem_used_mib": 30040.0, "gpu_mem_total_mib": 49140.0, "gpu_power_w": 94.01, "process_present": true, "process_mem_mib": 29560.0, "process_mem_share_percent": 60.15466015466016, "process_util_available": true, "process_util_backend": "nvml", "process_sm_util_percent": 22.0, "process_mem_util_percent": 3.0}
{"timestamp_unix": 1772433988.9257736, "pid": 54827, "device_index": 0, "gpu_uuid": "GPU-6f954bfd-7081-31b7-f15c-f9a174bf4d7f", "gpu_util_percent": 22.0, "gpu_mem_util_percent": 4.0, "gpu_mem_used_mib": 30040.0, "gpu_mem_total_mib": 49140.0, "gpu_power_w": 93.86, "process_present": true, "process_mem_mib": 29560.0, "process_mem_share_percent": 60.15466015466016, "process_util_available": true, "process_util_backend": "nvml", "process_sm_util_percent": 23.0, "process_mem_util_percent": 3.0}
{"timestamp_unix": 1772433989.2208154, "pid": 54827, "device_index": 0, "gpu_uuid": "GPU-6f954bfd-7081-31b7-f15c-f9a174bf4d7f", "gpu_util_percent": 22.0, "gpu_mem_util_percent": 4.0, "gpu_mem_used_mib": 30041.0, "gpu_mem_total_mib": 49140.0, "gpu_power_w": 93.86, "process_present": true, "process_mem_mib": 29560.0, "process_mem_share_percent": 60.15466015466016, "process_util_available": true, "process_util_backend": "nvml", "process_sm_util_percent": 25.0, "process_mem_util_percent": 3.0}
{"timestamp_unix": 1772433989.5095525, "pid": 54827, "device_index": 0, "gpu_uuid": "GPU-6f954bfd-7081-31b7-f15c-f9a174bf4d7f", "gpu_util_percent": 23.0, "gpu_mem_util_percent": 3.0, "gpu_mem_used_mib": 30041.0, "gpu_mem_total_mib": 49140.0, "gpu_power_w": 93.79, "process_present": true, "process_mem_mib": 29560.0, "process_mem_share_percent": 60.15466015466016, "process_util_available": true, "process_util_backend": "nvml", "process_sm_util_percent": 24.0, "process_mem_util_percent": 3.0}
{"timestamp_unix": 1772433989.8026242, "pid": 54827, "device_index": 0, "gpu_uuid": "GPU-6f954bfd-7081-31b7-f15c-f9a174bf4d7f", "gpu_util_percent": 23.0, "gpu_mem_util_percent": 3.0, "gpu_mem_used_mib": 30041.0, "gpu_mem_total_mib": 49140.0, "gpu_power_w": 93.79, "process_present": true, "process_mem_mib": 29560.0, "process_mem_share_percent": 60.15466015466016, "process_util_available": true, "process_util_backend": "nvml", "process_sm_util_percent": 24.0, "process_mem_util_percent": 3.0}
{"timestamp_unix": 1772433990.0926871, "pid": 54827, "device_index": 0, "gpu_uuid": "GPU-6f954bfd-7081-31b7-f15c-f9a174bf4d7f", "gpu_util_percent": 23.0, "gpu_mem_util_percent": 3.0, "gpu_mem_used_mib": 30047.0, "gpu_mem_total_mib": 49140.0, "gpu_power_w": 93.59, "process_present": true, "process_mem_mib": 29560.0, "process_mem_share_percent": 60.15466015466016, "process_util_available": true, "process_util_backend": "nvml", "process_sm_util_percent": 24.0, "process_mem_util_percent": 3.0}
{"timestamp_unix": 1772433990.3822339, "pid": 54827, "device_index": 0, "gpu_uuid": "GPU-6f954bfd-7081-31b7-f15c-f9a174bf4d7f", "gpu_util_percent": 23.0, "gpu_mem_util_percent": 3.0, "gpu_mem_used_mib": 30047.0, "gpu_mem_total_mib": 49140.0, "gpu_power_w": 93.51, "process_present": true, "process_mem_mib": 29560.0, "process_mem_share_percent": 60.15466015466016, "process_util_available": true, "process_util_backend": "nvml", "process_sm_util_percent": 23.0, "process_mem_util_percent": 2.0}
{"timestamp_unix": 1772433990.675831, "pid": 54827, "device_index": 0, "gpu_uuid": "GPU-6f954bfd-7081-31b7-f15c-f9a174bf4d7f", "gpu_util_percent": 23.0, "gpu_mem_util_percent": 3.0, "gpu_mem_used_mib": 30043.0, "gpu_mem_total_mib": 49140.0, "gpu_power_w": 93.51, "process_present": true, "process_mem_mib": 29560.0, "process_mem_share_percent": 60.15466015466016, "process_util_available": true, "process_util_backend": "nvml", "process_sm_util_percent": 21.0, "process_mem_util_percent": 3.0}
{"timestamp_unix": 1772433990.9811423, "pid": 54827, "device_index": 0, "gpu_uuid": "GPU-6f954bfd-7081-31b7-f15c-f9a174bf4d7f", "gpu_util_percent": 23.0, "gpu_mem_util_percent": 3.0, "gpu_mem_used_mib": 30047.0, "gpu_mem_total_mib": 49140.0, "gpu_power_w": 92.82, "process_present": true, "process_mem_mib": 29560.0, "process_mem_share_percent": 60.15466015466016, "process_util_available": true, "process_util_backend": "nvml", "process_sm_util_percent": 24.0, "process_mem_util_percent": 3.0}
{"timestamp_unix": 1772433991.2883942, "pid": 54827, "device_index": 0, "gpu_uuid": "GPU-6f954bfd-7081-31b7-f15c-f9a174bf4d7f", "gpu_util_percent": 23.0, "gpu_mem_util_percent": 3.0, "gpu_mem_used_mib": 30047.0, "gpu_mem_total_mib": 49140.0, "gpu_power_w": 92.82, "process_present": true, "process_mem_mib": 29560.0, "process_mem_share_percent": 60.15466015466016, "process_util_available": true, "process_util_backend": "nvml", "process_sm_util_percent": 24.0, "process_mem_util_percent": 4.0}
{"timestamp_unix": 1772433991.5981622, "pid": 54827, "device_index": 0, "gpu_uuid": "GPU-6f954bfd-7081-31b7-f15c-f9a174bf4d7f", "gpu_util_percent": 22.0, "gpu_mem_util_percent": 4.0, "gpu_mem_used_mib": 30047.0, "gpu_mem_total_mib": 49140.0, "gpu_power_w": 93.17, "process_present": true, "process_mem_mib": 29560.0, "process_mem_share_percent": 60.15466015466016, "process_util_available": true, "process_util_backend": "nvml", "process_sm_util_percent": 23.0, "process_mem_util_percent": 4.0}
{"timestamp_unix": 1772433991.890055, "pid": 54827, "device_index": 0, "gpu_uuid": "GPU-6f954bfd-7081-31b7-f15c-f9a174bf4d7f", "gpu_util_percent": 22.0, "gpu_mem_util_percent": 4.0, "gpu_mem_used_mib": 30047.0, "gpu_mem_total_mib": 49140.0, "gpu_power_w": 94.28, "process_present": true, "process_mem_mib": 29560.0, "process_mem_share_percent": 60.15466015466016, "process_util_available": true, "process_util_backend": "nvml", "process_sm_util_percent": 23.0, "process_mem_util_percent": 4.0}
{"timestamp_unix": 1772433992.1802084, "pid": 54827, "device_index": 0, "gpu_uuid": "GPU-6f954bfd-7081-31b7-f15c-f9a174bf4d7f", "gpu_util_percent": 22.0, "gpu_mem_util_percent": 4.0, "gpu_mem_used_mib": 30047.0, "gpu_mem_total_mib": 49140.0, "gpu_power_w": 94.28, "process_present": true, "process_mem_mib": 29560.0, "process_mem_share_percent": 60.15466015466016, "process_util_available": true, "process_util_backend": "nvml", "process_sm_util_percent": 24.0, "process_mem_util_percent": 4.0}
{"timestamp_unix": 1772433992.4742272, "pid": 54827, "device_index": 0, "gpu_uuid": "GPU-6f954bfd-7081-31b7-f15c-f9a174bf4d7f", "gpu_util_percent": 22.0, "gpu_mem_util_percent": 4.0, "gpu_mem_used_mib": 30047.0, "gpu_mem_total_mib": 49140.0, "gpu_power_w": 94.38, "process_present": true, "process_mem_mib": 29560.0, "process_mem_share_percent": 60.15466015466016, "process_util_available": true, "process_util_backend": "nvml", "process_sm_util_percent": 23.0, "process_mem_util_percent": 4.0}
{"timestamp_unix": 1772433992.7641973, "pid": 54827, "device_index": 0, "gpu_uuid": "GPU-6f954bfd-7081-31b7-f15c-f9a174bf4d7f", "gpu_util_percent": 22.0, "gpu_mem_util_percent": 4.0, "gpu_mem_used_mib": 30047.0, "gpu_mem_total_mib": 49140.0, "gpu_power_w": 94.38, "process_present": true, "process_mem_mib": 29560.0, "process_mem_share_percent": 60.15466015466016, "process_util_available": true, "process_util_backend": "nvml", "process_sm_util_percent": 23.0, "process_mem_util_percent": 4.0}
{"timestamp_unix": 1772433993.056889, "pid": 54827, "device_index": 0, "gpu_uuid": "GPU-6f954bfd-7081-31b7-f15c-f9a174bf4d7f", "gpu_util_percent": 22.0, "gpu_mem_util_percent": 4.0, "gpu_mem_used_mib": 31627.0, "gpu_mem_total_mib": 49140.0, "gpu_power_w": 94.44, "process_present": true, "process_mem_mib": 31500.0, "process_mem_share_percent": 64.1025641025641, "process_util_available": true, "process_util_backend": "nvml", "process_sm_util_percent": 23.0, "process_mem_util_percent": 4.0}
{"timestamp_unix": 1772433993.3480358, "pid": 54827, "device_index": 0, "gpu_uuid": "GPU-6f954bfd-7081-31b7-f15c-f9a174bf4d7f", "gpu_util_percent": 22.0, "gpu_mem_util_percent": 4.0, "gpu_mem_used_mib": 33987.0, "gpu_mem_total_mib": 49140.0, "gpu_power_w": 94.44, "process_present": true, "process_mem_mib": 33820.0, "process_mem_share_percent": 68.82376882376883, "process_util_available": true, "process_util_backend": "nvml", "process_sm_util_percent": 23.0, "process_mem_util_percent": 4.0}
{"timestamp_unix": 1772433993.6552098, "pid": 54827, "device_index": 0, "gpu_uuid": "GPU-6f954bfd-7081-31b7-f15c-f9a174bf4d7f", "gpu_util_percent": 22.0, "gpu_mem_util_percent": 4.0, "gpu_mem_used_mib": 36387.0, "gpu_mem_total_mib": 49140.0, "gpu_power_w": 94.0, "process_present": true, "process_mem_mib": 36060.0, "process_mem_share_percent": 73.38217338217338, "process_util_available": true, "process_util_backend": "nvml", "process_sm_util_percent": 22.0, "process_mem_util_percent": 3.0}
{"timestamp_unix": 1772433993.9546244, "pid": 54827, "device_index": 0, "gpu_uuid": "GPU-6f954bfd-7081-31b7-f15c-f9a174bf4d7f", "gpu_util_percent": 22.0, "gpu_mem_util_percent": 4.0, "gpu_mem_used_mib": 36547.0, "gpu_mem_total_mib": 49140.0, "gpu_power_w": 92.2, "process_present": true, "process_mem_mib": 36060.0, "process_mem_share_percent": 73.38217338217338, "process_util_available": true, "process_util_backend": "nvml", "process_sm_util_percent": null, "process_mem_util_percent": null}
{"timestamp_unix": 1772433994.2529223, "pid": 54827, "device_index": 0, "gpu_uuid": "GPU-6f954bfd-7081-31b7-f15c-f9a174bf4d7f", "gpu_util_percent": 22.0, "gpu_mem_util_percent": 4.0, "gpu_mem_used_mib": 36567.0, "gpu_mem_total_mib": 49140.0, "gpu_power_w": 92.2, "process_present": true, "process_mem_mib": 36080.0, "process_mem_share_percent": 73.42287342287342, "process_util_available": true, "process_util_backend": "nvml", "process_sm_util_percent": 19.0, "process_mem_util_percent": 2.0}
{"timestamp_unix": 1772433994.5547988, "pid": 54827, "device_index": 0, "gpu_uuid": "GPU-6f954bfd-7081-31b7-f15c-f9a174bf4d7f", "gpu_util_percent": 23.0, "gpu_mem_util_percent": 4.0, "gpu_mem_used_mib": 36567.0, "gpu_mem_total_mib": 49140.0, "gpu_power_w": 90.76, "process_present": true, "process_mem_mib": 36080.0, "process_mem_share_percent": 73.42287342287342, "process_util_available": true, "process_util_backend": "nvml", "process_sm_util_percent": 23.0, "process_mem_util_percent": 3.0}
{"timestamp_unix": 1772433994.8452935, "pid": 54827, "device_index": 0, "gpu_uuid": "GPU-6f954bfd-7081-31b7-f15c-f9a174bf4d7f", "gpu_util_percent": 23.0, "gpu_mem_util_percent": 4.0, "gpu_mem_used_mib": 36567.0, "gpu_mem_total_mib": 49140.0, "gpu_power_w": 90.76, "process_present": true, "process_mem_mib": 36080.0, "process_mem_share_percent": 73.42287342287342, "process_util_available": true, "process_util_backend": "nvml", "process_sm_util_percent": 24.0, "process_mem_util_percent": 3.0}
{"timestamp_unix": 1772433995.138228, "pid": 54827, "device_index": 0, "gpu_uuid": "GPU-6f954bfd-7081-31b7-f15c-f9a174bf4d7f", "gpu_util_percent": 23.0, "gpu_mem_util_percent": 4.0, "gpu_mem_used_mib": 36566.0, "gpu_mem_total_mib": 49140.0, "gpu_power_w": 91.65, "process_present": true, "process_mem_mib": 36080.0, "process_mem_share_percent": 73.42287342287342, "process_util_available": true, "process_util_backend": "nvml", "process_sm_util_percent": 25.0, "process_mem_util_percent": 3.0}
{"timestamp_unix": 1772433995.4268718, "pid": 54827, "device_index": 0, "gpu_uuid": "GPU-6f954bfd-7081-31b7-f15c-f9a174bf4d7f", "gpu_util_percent": 23.0, "gpu_mem_util_percent": 3.0, "gpu_mem_used_mib": 36566.0, "gpu_mem_total_mib": 49140.0, "gpu_power_w": 94.09, "process_present": true, "process_mem_mib": 36080.0, "process_mem_share_percent": 73.42287342287342, "process_util_available": true, "process_util_backend": "nvml", "process_sm_util_percent": 24.0, "process_mem_util_percent": 3.0}
{"timestamp_unix": 1772433995.717, "pid": 54827, "device_index": 0, "gpu_uuid": "GPU-6f954bfd-7081-31b7-f15c-f9a174bf4d7f", "gpu_util_percent": 23.0, "gpu_mem_util_percent": 3.0, "gpu_mem_used_mib": 36562.0, "gpu_mem_total_mib": 49140.0, "gpu_power_w": 94.09, "process_present": true, "process_mem_mib": 36080.0, "process_mem_share_percent": 73.42287342287342, "process_util_available": true, "process_util_backend": "nvml", "process_sm_util_percent": 24.0, "process_mem_util_percent": 3.0}
{"timestamp_unix": 1772433996.0088913, "pid": 54827, "device_index": 0, "gpu_uuid": "GPU-6f954bfd-7081-31b7-f15c-f9a174bf4d7f", "gpu_util_percent": 23.0, "gpu_mem_util_percent": 3.0, "gpu_mem_used_mib": 36562.0, "gpu_mem_total_mib": 49140.0, "gpu_power_w": 93.96, "process_present": true, "process_mem_mib": 36080.0, "process_mem_share_percent": 73.42287342287342, "process_util_available": true, "process_util_backend": "nvml", "process_sm_util_percent": 25.0, "process_mem_util_percent": 3.0}
{"timestamp_unix": 1772433996.2998822, "pid": 54827, "device_index": 0, "gpu_uuid": "GPU-6f954bfd-7081-31b7-f15c-f9a174bf4d7f", "gpu_util_percent": 23.0, "gpu_mem_util_percent": 3.0, "gpu_mem_used_mib": 36563.0, "gpu_mem_total_mib": 49140.0, "gpu_power_w": 93.96, "process_present": true, "process_mem_mib": 36080.0, "process_mem_share_percent": 73.42287342287342, "process_util_available": true, "process_util_backend": "nvml", "process_sm_util_percent": 26.0, "process_mem_util_percent": 3.0}
{"timestamp_unix": 1772433996.6152167, "pid": 54827, "device_index": 0, "gpu_uuid": "GPU-6f954bfd-7081-31b7-f15c-f9a174bf4d7f", "gpu_util_percent": 24.0, "gpu_mem_util_percent": 4.0, "gpu_mem_used_mib": 36563.0, "gpu_mem_total_mib": 49140.0, "gpu_power_w": 93.97, "process_present": true, "process_mem_mib": 36080.0, "process_mem_share_percent": 73.42287342287342, "process_util_available": true, "process_util_backend": "nvml", "process_sm_util_percent": 25.0, "process_mem_util_percent": 3.0}
{"timestamp_unix": 1772433996.9212365, "pid": 54827, "device_index": 0, "gpu_uuid": "GPU-6f954bfd-7081-31b7-f15c-f9a174bf4d7f", "gpu_util_percent": 24.0, "gpu_mem_util_percent": 4.0, "gpu_mem_used_mib": 36563.0, "gpu_mem_total_mib": 49140.0, "gpu_power_w": 94.09, "process_present": true, "process_mem_mib": 36080.0, "process_mem_share_percent": 73.42287342287342, "process_util_available": true, "process_util_backend": "nvml", "process_sm_util_percent": 24.0, "process_mem_util_percent": 3.0}
{"timestamp_unix": 1772433997.2318623, "pid": 54827, "device_index": 0, "gpu_uuid": "GPU-6f954bfd-7081-31b7-f15c-f9a174bf4d7f", "gpu_util_percent": 24.0, "gpu_mem_util_percent": 4.0, "gpu_mem_used_mib": 36563.0, "gpu_mem_total_mib": 49140.0, "gpu_power_w": 94.09, "process_present": true, "process_mem_mib": 36080.0, "process_mem_share_percent": 73.42287342287342, "process_util_available": true, "process_util_backend": "nvml", "process_sm_util_percent": 25.0, "process_mem_util_percent": 3.0}
{"timestamp_unix": 1772433997.5262556, "pid": 54827, "device_index": 0, "gpu_uuid": "GPU-6f954bfd-7081-31b7-f15c-f9a174bf4d7f", "gpu_util_percent": 24.0, "gpu_mem_util_percent": 4.0, "gpu_mem_used_mib": 36563.0, "gpu_mem_total_mib": 49140.0, "gpu_power_w": 94.01, "process_present": true, "process_mem_mib": 36080.0, "process_mem_share_percent": 73.42287342287342, "process_util_available": true, "process_util_backend": "nvml", "process_sm_util_percent": 24.0, "process_mem_util_percent": 3.0}
{"timestamp_unix": 1772433997.822559, "pid": 54827, "device_index": 0, "gpu_uuid": "GPU-6f954bfd-7081-31b7-f15c-f9a174bf4d7f", "gpu_util_percent": 24.0, "gpu_mem_util_percent": 4.0, "gpu_mem_used_mib": 36563.0, "gpu_mem_total_mib": 49140.0, "gpu_power_w": 94.01, "process_present": true, "process_mem_mib": 36080.0, "process_mem_share_percent": 73.42287342287342, "process_util_available": true, "process_util_backend": "nvml", "process_sm_util_percent": 24.0, "process_mem_util_percent": 3.0}
{"timestamp_unix": 1772433998.112567, "pid": 54827, "device_index": 0, "gpu_uuid": "GPU-6f954bfd-7081-31b7-f15c-f9a174bf4d7f", "gpu_util_percent": 24.0, "gpu_mem_util_percent": 4.0, "gpu_mem_used_mib": 36563.0, "gpu_mem_total_mib": 49140.0, "gpu_power_w": 93.93, "process_present": true, "process_mem_mib": 36080.0, "process_mem_share_percent": 73.42287342287342, "process_util_available": true, "process_util_backend": "nvml", "process_sm_util_percent": 24.0, "process_mem_util_percent": 3.0}
{"timestamp_unix": 1772433998.4059696, "pid": 54827, "device_index": 0, "gpu_uuid": "GPU-6f954bfd-7081-31b7-f15c-f9a174bf4d7f", "gpu_util_percent": 25.0, "gpu_mem_util_percent": 4.0, "gpu_mem_used_mib": 36563.0, "gpu_mem_total_mib": 49140.0, "gpu_power_w": 93.99, "process_present": true, "process_mem_mib": 36080.0, "process_mem_share_percent": 73.42287342287342, "process_util_available": true, "process_util_backend": "nvml", "process_sm_util_percent": 25.0, "process_mem_util_percent": 3.0}
{"timestamp_unix": 1772433998.697145, "pid": 54827, "device_index": 0, "gpu_uuid": "GPU-6f954bfd-7081-31b7-f15c-f9a174bf4d7f", "gpu_util_percent": 25.0, "gpu_mem_util_percent": 4.0, "gpu_mem_used_mib": 36563.0, "gpu_mem_total_mib": 49140.0, "gpu_power_w": 93.99, "process_present": true, "process_mem_mib": 36080.0, "process_mem_share_percent": 73.42287342287342, "process_util_available": true, "process_util_backend": "nvml", "process_sm_util_percent": 24.0, "process_mem_util_percent": 3.0}
{"timestamp_unix": 1772433998.9893842, "pid": 54827, "device_index": 0, "gpu_uuid": "GPU-6f954bfd-7081-31b7-f15c-f9a174bf4d7f", "gpu_util_percent": 25.0, "gpu_mem_util_percent": 4.0, "gpu_mem_used_mib": 36563.0, "gpu_mem_total_mib": 49140.0, "gpu_power_w": 93.62, "process_present": true, "process_mem_mib": 36080.0, "process_mem_share_percent": 73.42287342287342, "process_util_available": true, "process_util_backend": "nvml", "process_sm_util_percent": null, "process_mem_util_percent": null}
