{"timestamp_unix": 1772434571.3503313, "pid": 59625, "device_index": 0, "gpu_uuid": "GPU-6f954bfd-7081-31b7-f15c-f9a174bf4d7f", "gpu_util_percent": 26.0, "gpu_mem_util_percent": 14.0, "gpu_mem_used_mib": 995.0, "gpu_mem_total_mib": 49140.0, "gpu_power_w": 43.65, "process_present": true, "process_mem_mib": 500.0, "process_mem_share_percent": 1.0175010175010175, "process_util_available": true, "process_util_backend": "nvml", "process_sm_util_percent": null, "process_mem_util_percent": null}
{"timestamp_unix": 1772434571.7426736, "pid": 59625, "device_index": 0, "gpu_uuid": "GPU-6f954bfd-7081-31b7-f15c-f9a174bf4d7f", "gpu_util_percent": 11.0, "gpu_mem_util_percent": 1.0, "gpu_mem_used_mib": 995.0, "gpu_mem_total_mib": 49140.0, "gpu_power_w": 55.65, "process_present": true, "process_mem_mib": 500.0, "process_mem_share_percent": 1.0175010175010175, "process_util_available": true, "process_util_backend": "nvml", "process_sm_util_percent": null, "process_mem_util_percent": null}
{"timestamp_unix": 1772434572.0574777, "pid": 59625, "device_index": 0, "gpu_uuid": "GPU-6f954bfd-7081-31b7-f15c-f9a174bf4d7f", "gpu_util_percent": 11.0, "gpu_mem_util_percent": 1.0, "gpu_mem_used_mib": 995.0, "gpu_mem_total_mib": 49140.0, "gpu_power_w": 72.74, "process_present": true, "process_mem_mib": 500.0, "process_mem_share_percent": 1.0175010175010175, "process_util_available": true, "process_util_backend": "nvml", "process_sm_util_percent": null, "process_mem_util_percent": null}
{"timestamp_unix": 1772434572.3584723, "pid": 59625, "device_index": 0, "gpu_uuid": "GPU-6f954bfd-7081-31b7-f15c-f9a174bf4d7f", "gpu_util_percent": 11.0, "gpu_mem_util_percent": 1.0, "gpu_mem_used_mib": 995.0, "gpu_mem_total_mib": 49140.0, "gpu_power_w": 72.74, "process_present": true, "process_mem_mib": 500.0, "process_mem_share_percent": 1.0175010175010175, "process_util_available": true, "process_util_backend": "nvml", "process_sm_util_percent": null, "process_mem_util_percent": null}
{"timestamp_unix": 1772434572.654959, "pid": 59625, "device_index": 0, "gpu_uuid": "GPU-6f954bfd-7081-31b7-f15c-f9a174bf4d7f", "gpu_util_percent": 14.0, "gpu_mem_util_percent": 1.0, "gpu_mem_used_mib": 1057.0, "gpu_mem_total_mib": 49140.0, "gpu_power_w": 82.02, "process_present": true, "process_mem_mib": 604.0, "process_mem_share_percent": 1.2291412291412291, "process_util_available": true, "process_util_backend": "nvml", "process_sm_util_percent": null, "process_mem_util_percent": null}
{"timestamp_unix": 1772434572.9421191, "pid": 59625, "device_index": 0, "gpu_uuid": "GPU-6f954bfd-7081-31b7-f15c-f9a174bf4d7f", "gpu_util_percent": 14.0, "gpu_mem_util_percent": 1.0, "gpu_mem_used_mib": 1143.0, "gpu_mem_total_mib": 49140.0, "gpu_power_w": 82.02, "process_present": true, "process_mem_mib": 648.0, "process_mem_share_percent": 1.3186813186813187, "process_util_available": true, "process_util_backend": "nvml", "process_sm_util_percent": null, "process_mem_util_percent": null}
{"timestamp_unix": 1772434573.2309082, "pid": 59625, "device_index": 0, "gpu_uuid": "GPU-6f954bfd-7081-31b7-f15c-f9a174bf4d7f", "gpu_util_percent": 14.0, "gpu_mem_util_percent": 1.0, "gpu_mem_used_mib": 1435.0, "gpu_mem_total_mib": 49140.0, "gpu_power_w": 83.02, "process_present": true, "process_mem_mib": 940.0, "process_mem_share_percent": 1.912901912901913, "process_util_available": true, "process_util_backend": "nvml", "process_sm_util_percent": 11.0, "process_mem_util_percent": 1.0}
{"timestamp_unix": 1772434573.5361602, "pid": 59625, "device_index": 0, "gpu_uuid": "GPU-6f954bfd-7081-31b7-f15c-f9a174bf4d7f", "gpu_util_percent": 24.0, "gpu_mem_util_percent": 2.0, "gpu_mem_used_mib": 1435.0, "gpu_mem_total_mib": 49140.0, "gpu_power_w": 85.65, "process_present": true, "process_mem_mib": 940.0, "process_mem_share_percent": 1.912901912901913, "process_util_available": true, "process_util_backend": "nvml", "process_sm_util_percent": 24.0, "process_mem_util_percent": 2.0}
{"timestamp_unix": 1772434573.832646, "pid": 59625, "device_index": 0, "gpu_uuid": "GPU-6f954bfd-7081-31b7-f15c-f9a174bf4d7f", "gpu_util_percent": 24.0, "gpu_mem_util_percent": 2.0, "gpu_mem_used_mib": 1435.0, "gpu_mem_total_mib": 49140.0, "gpu_power_w": 85.65, "process_present": true, "process_mem_mib": 940.0, "process_mem_share_percent": 1.912901912901913, "process_util_available": true, "process_util_backend": "nvml", "process_sm_util_percent": 24.0, "process_mem_util_percent": 2.0}
{"timestamp_unix": 1772434574.131966, "pid": 59625, "device_index": 0, "gpu_uuid": "GPU-6f954bfd-7081-31b7-f15c-f9a174bf4d7f", "gpu_util_percent": 24.0, "gpu_mem_util_percent": 2.0, "gpu_mem_used_mib": 1435.0, "gpu_mem_total_mib": 49140.0, "gpu_power_w": 88.6, "process_present": true, "process_mem_mib": 940.0, "process_mem_share_percent": 1.912901912901913, "process_util_available": true, "process_util_backend": "nvml", "process_sm_util_percent": 24.0, "process_mem_util_percent": 2.0}
{"timestamp_unix": 1772434574.4165387, "pid": 59625, "device_index": 0, "gpu_uuid": "GPU-6f954bfd-7081-31b7-f15c-f9a174bf4d7f", "gpu_util_percent": 24.0, "gpu_mem_util_percent": 2.0, "gpu_mem_used_mib": 1431.0, "gpu_mem_total_mib": 49140.0, "gpu_power_w": 88.6, "process_present": true, "process_mem_mib": 940.0, "process_mem_share_percent": 1.912901912901913, "process_util_available": true, "process_util_backend": "nvml", "process_sm_util_percent": 25.0, "process_mem_util_percent": 2.0}
{"timestamp_unix": 1772434574.7028444, "pid": 59625, "device_index": 0, "gpu_uuid": "GPU-6f954bfd-7081-31b7-f15c-f9a174bf4d7f", "gpu_util_percent": 26.0, "gpu_mem_util_percent": 2.0, "gpu_mem_used_mib": 1431.0, "gpu_mem_total_mib": 49140.0, "gpu_power_w": 90.26, "process_present": true, "process_mem_mib": 940.0, "process_mem_share_percent": 1.912901912901913, "process_util_available": true, "process_util_backend": "nvml", "process_sm_util_percent": 24.0, "process_mem_util_percent": 2.0}
{"timestamp_unix": 1772434574.990794, "pid": 59625, "device_index": 0, "gpu_uuid": "GPU-6f954bfd-7081-31b7-f15c-f9a174bf4d7f", "gpu_util_percent": 26.0, "gpu_mem_util_percent": 2.0, "gpu_mem_used_mib": 1431.0, "gpu_mem_total_mib": 49140.0, "gpu_power_w": 90.19, "process_present": true, "process_mem_mib": 940.0, "process_mem_share_percent": 1.912901912901913, "process_util_available": true, "process_util_backend": "nvml", "process_sm_util_percent": 25.0, "process_mem_util_percent": 2.0}
{"timestamp_unix": 1772434575.2798913, "pid": 59625, "device_index": 0, "gpu_uuid": "GPU-6f954bfd-7081-31b7-f15c-f9a174bf4d7f", "gpu_util_percent": 26.0, "gpu_mem_util_percent": 2.0, "gpu_mem_used_mib": 1430.0, "gpu_mem_total_mib": 49140.0, "gpu_power_w": 90.19, "process_present": true, "process_mem_mib": 940.0, "process_mem_share_percent": 1.912901912901913, "process_util_available": true, "process_util_backend": "nvml", "process_sm_util_percent": 24.0, "process_mem_util_percent": 2.0}
{"timestamp_unix": 1772434575.568175, "pid": 59625, "device_index": 0, "gpu_uuid": "GPU-6f954bfd-7081-31b7-f15c-f9a174bf4d7f", "gpu_util_percent": 25.0, "gpu_mem_util_percent": 2.0, "gpu_mem_used_mib": 1430.0, "gpu_mem_total_mib": 49140.0, "gpu_power_w": 90.23, "process_present": true, "process_mem_mib": 940.0, "process_mem_share_percent": 1.912901912901913, "process_util_available": true, "process_util_backend": "nvml", "process_sm_util_percent": 24.0, "process_mem_util_percent": 2.0}
{"timestamp_unix": 1772434575.8572443, "pid": 59625, "device_index": 0, "gpu_uuid": "GPU-6f954bfd-7081-31b7-f15c-f9a174bf4d7f", "gpu_util_percent": 25.0, "gpu_mem_util_percent": 2.0, "gpu_mem_used_mib": 1426.0, "gpu_mem_total_mib": 49140.0, "gpu_power_w": 90.23, "process_present": true, "process_mem_mib": 940.0, "process_mem_share_percent": 1.912901912901913, "process_util_available": true, "process_util_backend": "nvml", "process_sm_util_percent": 24.0, "process_mem_util_percent": 2.0}
{"timestamp_unix": 1772434576.1652966, "pid": 59625, "device_index": 0, "gpu_uuid": "GPU-6f954bfd-7081-31b7-f15c-f9a174bf4d7f", "gpu_util_percent": 25.0, "gpu_mem_util_percent": 2.0, "gpu_mem_used_mib": 1425.0, "gpu_mem_total_mib": 49140.0, "gpu_power_w": 90.29, "process_present": true, "process_mem_mib": 940.0, "process_mem_share_percent": 1.912901912901913, "process_util_available": true, "process_util_backend": "nvml", "process_sm_util_percent": 24.0, "process_mem_util_percent": 2.0}
{"timestamp_unix": 1772434576.464747, "pid": 59625, "device_index": 0, "gpu_uuid": "GPU-6f954bfd-7081-31b7-f15c-f9a174bf4d7f", "gpu_util_percent": 25.0, "gpu_mem_util_percent": 2.0, "gpu_mem_used_mib": 1425.0, "gpu_mem_total_mib": 49140.0, "gpu_power_w": 90.29, "process_present": true, "process_mem_mib": 940.0, "process_mem_share_percent": 1.912901912901913, "process_util_available": true, "process_util_backend": "nvml", "process_sm_util_percent": 24.0, "process_mem_util_percent": 2.0}
{"timestamp_unix": 1772434576.7671442, "pid": 59625, "device_index": 0, "gpu_uuid": "GPU-6f954bfd-7081-31b7-f15c-f9a174bf4d7f", "gpu_util_percent": 24.0, "gpu_mem_util_percent": 2.0, "gpu_mem_used_mib": 1425.0, "gpu_mem_total_mib": 49140.0, "gpu_power_w": 90.35, "process_present": true, "process_mem_mib": 940.0, "process_mem_share_percent": 1.912901912901913, "process_util_available": true, "process_util_backend": "nvml", "process_sm_util_percent": 24.0, "process_mem_util_percent": 2.0}
{"timestamp_unix": 1772434577.051787, "pid": 59625, "device_index": 0, "gpu_uuid": "GPU-6f954bfd-7081-31b7-f15c-f9a174bf4d7f", "gpu_util_percent": 24.0, "gpu_mem_util_percent": 2.0, "gpu_mem_used_mib": 1425.0, "gpu_mem_total_mib": 49140.0, "gpu_power_w": 90.46, "process_present": true, "process_mem_mib": 940.0, "process_mem_share_percent": 1.912901912901913, "process_util_available": true, "process_util_backend": "nvml", "process_sm_util_percent": 24.0, "process_mem_util_percent": 2.0}
{"timestamp_unix": 1772434577.3461914, "pid": 59625, "device_index": 0, "gpu_uuid": "GPU-6f954bfd-7081-31b7-f15c-f9a174bf4d7f", "gpu_util_percent": 24.0, "gpu_mem_util_percent": 2.0, "gpu_mem_used_mib": 1425.0, "gpu_mem_total_mib": 49140.0, "gpu_power_w": 90.46, "process_present": true, "process_mem_mib": 940.0, "process_mem_share_percent": 1.912901912901913, "process_util_available": true, "process_util_backend": "nvml", "process_sm_util_percent": 24.0, "process_mem_util_percent": 2.0}
{"timestamp_unix": 1772434577.6342528, "pid": 59625, "device_index": 0, "gpu_uuid": "GPU-6f954bfd-7081-31b7-f15c-f9a174bf4d7f", "gpu_util_percent": 25.0, "gpu_mem_util_percent": 2.0, "gpu_mem_used_mib": 1425.0, "gpu_mem_total_mib": 49140.0, "gpu_power_w": 90.41, "process_present": true, "process_mem_mib": 940.0, "process_mem_share_percent": 1.912901912901913, "process_util_available": true, "process_util_backend": "nvml", "process_sm_util_percent": 24.0, "process_mem_util_percent": 2.0}
{"timestamp_unix": 1772434577.9210372, "pid": 59625, "device_index": 0, "gpu_uuid": "GPU-6f954bfd-7081-31b7-f15c-f9a174bf4d7f", "gpu_util_percent": 25.0, "gpu_mem_util_percent": 2.0, "gpu_mem_used_mib": 1425.0, "gpu_mem_total_mib": 49140.0, "gpu_power_w": 90.41, "process_present": true, "process_mem_mib": 940.0, "process_mem_share_percent": 1.912901912901913, "process_util_available": true, "process_util_backend": "nvml", "process_sm_util_percent": 24.0, "process_mem_util_percent": 2.0}
{"timestamp_unix": 1772434578.2088203, "pid": 59625, "device_index": 0, "gpu_uuid": "GPU-6f954bfd-7081-31b7-f15c-f9a174bf4d7f", "gpu_util_percent": 25.0, "gpu_mem_util_percent": 2.0, "gpu_mem_used_mib": 1425.0, "gpu_mem_total_mib": 49140.0, "gpu_power_w": 90.52, "process_present": true, "process_mem_mib": 940.0, "process_mem_share_percent": 1.912901912901913, "process_util_available": true, "process_util_backend": "nvml", "process_sm_util_percent": 24.0, "process_mem_util_percent": 2.0}
{"timestamp_unix": 1772434578.4978695, "pid": 59625, "device_index": 0, "gpu_uuid": "GPU-6f954bfd-7081-31b7-f15c-f9a174bf4d7f", "gpu_util_percent": 25.0, "gpu_mem_util_percent": 3.0, "gpu_mem_used_mib": 1425.0, "gpu_mem_total_mib": 49140.0, "gpu_power_w": 90.68, "process_present": true, "process_mem_mib": 940.0, "process_mem_share_percent": 1.912901912901913, "process_util_available": true, "process_util_backend": "nvml", "process_sm_util_percent": 24.0, "process_mem_util_percent": 2.0}
{"timestamp_unix": 1772434578.7987647, "pid": 59625, "device_index": 0, "gpu_uuid": "GPU-6f954bfd-7081-31b7-f15c-f9a174bf4d7f", "gpu_util_percent": 25.0, "gpu_mem_util_percent": 3.0, "gpu_mem_used_mib": 1425.0, "gpu_mem_total_mib": 49140.0, "gpu_power_w": 90.68, "process_present": true, "process_mem_mib": 940.0, "process_mem_share_percent": 1.912901912901913, "process_util_available": true, "process_util_backend": "nvml", "process_sm_util_percent": 24.0, "process_mem_util_percent": 2.0}
{"timestamp_unix": 1772434579.0967863, "pid": 59625, "device_index": 0, "gpu_uuid": "GPU-6f954bfd-7081-31b7-f15c-f9a174bf4d7f", "gpu_util_percent": 25.0, "gpu_mem_util_percent": 3.0, "gpu_mem_used_mib": 1420.0, "gpu_mem_total_mib": 49140.0, "gpu_power_w": 90.86, "process_present": true, "process_mem_mib": 940.0, "process_mem_share_percent": 1.912901912901913, "process_util_available": true, "process_util_backend": "nvml", "process_sm_util_percent": 24.0, "process_mem_util_percent": 2.0}
{"timestamp_unix": 1772434579.4138803, "pid": 59625, "device_index": 0, "gpu_uuid": "GPU-6f954bfd-7081-31b7-f15c-f9a174bf4d7f", "gpu_util_percent": 25.0, "gpu_mem_util_percent": 3.0, "gpu_mem_used_mib": 1420.0, "gpu_mem_total_mib": 49140.0, "gpu_power_w": 90.86, "process_present": true, "process_mem_mib": 940.0, "process_mem_share_percent": 1.912901912901913, "process_util_available": true, "process_util_backend": "nvml", "process_sm_util_percent": 25.0, "process_mem_util_percent": 2.0}
{"timestamp_unix": 1772434579.713872, "pid": 59625, "device_index": 0, "gpu_uuid": "GPU-6f954bfd-7081-31b7-f15c-f9a174bf4d7f", "gpu_util_percent": 26.0, "gpu_mem_util_percent": 3.0, "gpu_mem_used_mib": 1420.0, "gpu_mem_total_mib": 49140.0, "gpu_power_w": 91.08, "process_present": true, "process_mem_mib": 940.0, "process_mem_share_percent": 1.912901912901913, "process_util_available": true, "process_util_backend": "nvml", "process_sm_util_percent": 25.0, "process_mem_util_percent": 2.0}
{"timestamp_unix": 1772434579.9998465, "pid": 59625, "device_index": 0, "gpu_uuid": "GPU-6f954bfd-7081-31b7-f15c-f9a174bf4d7f", "gpu_util_percent": 26.0, "gpu_mem_util_percent": 3.0, "gpu_mem_used_mib": 1418.0, "gpu_mem_total_mib": 49140.0, "gpu_power_w": 91.08, "process_present": true, "process_mem_mib": 940.0, "process_mem_share_percent": 1.912901912901913, "process_util_available": true, "process_util_backend": "nvml", "process_sm_util_percent": 25.0, "process_mem_util_percent": 2.0}
{"timestamp_unix": 1772434580.284213, "pid": 59625, "device_index": 0, "gpu_uuid": "GPU-6f954bfd-7081-31b7-f15c-f9a174bf4d7f", "gpu_util_percent": 26.0, "gpu_mem_util_percent": 3.0, "gpu_mem_used_mib": 1414.0, "gpu_mem_total_mib": 49140.0, "gpu_power_w": 91.08, "process_present": true, "process_mem_mib": 940.0, "process_mem_share_percent": 1.912901912901913, "process_util_available": true, "process_util_backend": "nvml", "process_sm_util_percent": 24.0, "process_mem_util_percent": 2.0}
{"timestamp_unix": 1772434580.5702515, "pid": 59625, "device_index": 0, "gpu_uuid": "GPU-6f954bfd-7081-31b7-f15c-f9a174bf4d7f", "gpu_util_percent": 26.0, "gpu_mem_util_percent": 3.0, "gpu_mem_used_mib": 1414.0, "gpu_mem_total_mib": 49140.0, "gpu_power_w": 90.93, "process_present": true, "process_mem_mib": 940.0, "process_mem_share_percent": 1.912901912901913, "process_util_available": true, "process_util_backend": "nvml", "process_sm_util_percent": null, "process_mem_util_percent": null}
{"timestamp_unix": 1772434580.856472, "pid": 59625, "device_index": 0, "gpu_uuid": "GPU-6f954bfd-7081-31b7-f15c-f9a174bf4d7f", "gpu_util_percent": 26.0, "gpu_mem_util_percent": 3.0, "gpu_mem_used_mib": 1414.0, "gpu_mem_total_mib": 49140.0, "gpu_power_w": 90.93, "process_present": true, "process_mem_mib": 940.0, "process_mem_share_percent": 1.912901912901913, "process_util_available": true, "process_util_backend": "nvml", "process_sm_util_percent": null, "process_mem_util_percent": null}
{"timestamp_unix": 1772434581.1482646, "pid": 59625, "device_index": 0, "gpu_uuid": "GPU-6f954bfd-7081-31b7-f15c-f9a174bf4d7f", "gpu_util_percent": 26.0, "gpu_mem_util_percent": 3.0, "gpu_mem_used_mib": 1414.0, "gpu_mem_total_mib": 49140.0, "gpu_power_w": 90.89, "process_present": true, "process_mem_mib": 940.0, "process_mem_share_percent": 1.912901912901913, "process_util_available": true, "process_util_backend": "nvml", "process_sm_util_percent": 24.0, "process_mem_util_percent": 2.0}
{"timestamp_unix": 1772434581.434473, "pid": 59625, "device_index": 0, "gpu_uuid": "GPU-6f954bfd-7081-31b7-f15c-f9a174bf4d7f", "gpu_util_percent": 26.0, "gpu_mem_util_percent": 3.0, "gpu_mem_used_mib": 1414.0, "gpu_mem_total_mib": 49140.0, "gpu_power_w": 90.89, "process_present": true, "process_mem_mib": 940.0, "process_mem_share_percent": 1.912901912901913, "process_util_available": true, "process_util_backend": "nvml", "process_sm_util_percent": 25.0, "process_mem_util_percent": 2.0}
{"timestamp_unix": 1772434581.7322822, "pid": 59625, "device_index": 0, "gpu_uuid": "GPU-6f954bfd-7081-31b7-f15c-f9a174bf4d7f", "gpu_util_percent": 26.0, "gpu_mem_util_percent": 3.0, "gpu_mem_used_mib": 1414.0, "gpu_mem_total_mib": 49140.0, "gpu_power_w": 91.0, "process_present": true, "process_mem_mib": 940.0, "process_mem_share_percent": 1.912901912901913, "process_util_available": true, "process_util_backend": "nvml", "process_sm_util_percent": 25.0, "process_mem_util_percent": 2.0}
{"timestamp_unix": 1772434582.0317822, "pid": 59625, "device_index": 0, "gpu_uuid": "GPU-6f954bfd-7081-31b7-f15c-f9a174bf4d7f", "gpu_util_percent": 26.0, "gpu_mem_util_percent": 3.0, "gpu_mem_used_mib": 1414.0, "gpu_mem_total_mib": 49140.0, "gpu_power_w": 91.08, "process_present": true, "process_mem_mib": 940.0, "process_mem_share_percent": 1.912901912901913, "process_util_available": true, "process_util_backend": "nvml", "process_sm_util_percent": 25.0, "process_mem_util_percent": 2.0}
{"timestamp_unix": 1772434582.3186045, "pid": 59625, "device_index": 0, "gpu_uuid": "GPU-6f954bfd-7081-31b7-f15c-f9a174bf4d7f", "gpu_util_percent": 26.0, "gpu_mem_util_percent": 3.0, "gpu_mem_used_mib": 1414.0, "gpu_mem_total_mib": 49140.0, "gpu_power_w": 91.08, "process_present": true, "process_mem_mib": 940.0, "process_mem_share_percent": 1.912901912901913, "process_util_available": true, "process_util_backend": "nvml", "process_sm_util_percent": 25.0, "process_mem_util_percent": 2.0}
{"timestamp_unix": 1772434582.6075397, "pid": 59625, "device_index": 0, "gpu_uuid": "GPU-6f954bfd-7081-31b7-f15c-f9a174bf4d7f", "gpu_util_percent": 25.0, "gpu_mem_util_percent": 3.0, "gpu_mem_used_mib": 1414.0, "gpu_mem_total_mib": 49140.0, "gpu_power_w": 91.25, "process_present": true, "process_mem_mib": 940.0, "process_mem_share_percent": 1.912901912901913, "process_util_available": true, "process_util_backend": "nvml", "process_sm_util_percent": 25.0, "process_mem_util_percent": 2.0}
{"timestamp_unix": 1772434582.8988087, "pid": 59625, "device_index": 0, "gpu_uuid": "GPU-6f954bfd-7081-31b7-f15c-f9a174bf4d7f", "gpu_util_percent": 25.0, "gpu_mem_util_percent": 3.0, "gpu_mem_used_mib": 1414.0, "gpu_mem_total_mib": 49140.0, "gpu_power_w": 91.25, "process_present": true, "process_mem_mib": 940.0, "process_mem_share_percent": 1.912901912901913, "process_util_available": true, "process_util_backend": "nvml", "process_sm_util_percent": 25.0, "process_mem_util_percent": 2.0}
{"timestamp_unix": 1772434583.1911042, "pid": 59625, "device_index": 0, "gpu_uuid": "GPU-6f954bfd-7081-31b7-f15c-f9a174bf4d7f", "gpu_util_percent": 25.0, "gpu_mem_util_percent": 3.0, "gpu_mem_used_mib": 1414.0, "gpu_mem_total_mib": 49140.0, "gpu_power_w": 91.3, "process_present": true, "process_mem_mib": 940.0, "process_mem_share_percent": 1.912901912901913, "process_util_available": true, "process_util_backend": "nvml", "process_sm_util_percent": 25.0, "process_mem_util_percent": 2.0}
{"timestamp_unix": 1772434583.4816196, "pid": 59625, "device_index": 0, "gpu_uuid": "GPU-6f954bfd-7081-31b7-f15c-f9a174bf4d7f", "gpu_util_percent": 26.0, "gpu_mem_util_percent": 3.0, "gpu_mem_used_mib": 1414.0, "gpu_mem_total_mib": 49140.0, "gpu_power_w": 91.33, "process_present": true, "process_mem_mib": 940.0, "process_mem_share_percent": 1.912901912901913, "process_util_available": true, "process_util_backend": "nvml", "process_sm_util_percent": 25.0, "process_mem_util_percent": 2.0}
{"timestamp_unix": 1772434583.7681446, "pid": 59625, "device_index": 0, "gpu_uuid": "GPU-6f954bfd-7081-31b7-f15c-f9a174bf4d7f", "gpu_util_percent": 26.0, "gpu_mem_util_percent": 3.0, "gpu_mem_used_mib": 1414.0, "gpu_mem_total_mib": 49140.0, "gpu_power_w": 91.33, "process_present": true, "process_mem_mib": 940.0, "process_mem_share_percent": 1.912901912901913, "process_util_available": true, "process_util_backend": "nvml", "process_sm_util_percent": 25.0, "process_mem_util_percent": 2.0}
{"timestamp_unix": 1772434584.0647507, "pid": 59625, "device_index": 0, "gpu_uuid": "GPU-6f954bfd-7081-31b7-f15c-f9a174bf4d7f", "gpu_util_percent": 26.0, "gpu_mem_util_percent": 3.0, "gpu_mem_used_mib": 1417.0, "gpu_mem_total_mib": 49140.0, "gpu_power_w": 91.45, "process_present": true, "process_mem_mib": 940.0, "process_mem_share_percent": 1.912901912901913, "process_util_available": true, "process_util_backend": "nvml", "process_sm_util_percent": 13.0, "process_mem_util_percent": 1.0}
{"timestamp_unix": 1772434584.3836095, "pid": 59625, "device_index": 0, "gpu_uuid": "GPU-6f954bfd-7081-31b7-f15c-f9a174bf4d7f", "gpu_util_percent": 26.0, "gpu_mem_util_percent": 3.0, "gpu_mem_used_mib": 1417.0, "gpu_mem_total_mib": 49140.0, "gpu_power_w": 91.45, "process_present": true, "process_mem_mib": 940.0, "process_mem_share_percent": 1.912901912901913, "process_util_available": true, "process_util_backend": "nvml", "process_sm_util_percent": 25.0, "process_mem_util_percent": 2.0}
{"timestamp_unix": 1772434584.6927843, "pid": 59625, "device_index": 0, "gpu_uuid": "GPU-6f954bfd-7081-31b7-f15c-f9a174bf4d7f", "gpu_util_percent": 25.0, "gpu_mem_util_percent": 3.0, "gpu_mem_used_mib": 1417.0, "gpu_mem_total_mib": 49140.0, "gpu_power_w": 91.57, "process_present": true, "process_mem_mib": 940.0, "process_mem_share_percent": 1.912901912901913, "process_util_available": true, "process_util_backend": "nvml", "process_sm_util_percent": 24.0, "process_mem_util_percent": 2.0}
{"timestamp_unix": 1772434584.9818633, "pid": 59625, "device_index": 0, "gpu_uuid": "GPU-6f954bfd-7081-31b7-f15c-f9a174bf4d7f", "gpu_util_percent": 25.0, "gpu_mem_util_percent": 3.0, "gpu_mem_used_mib": 1417.0, "gpu_mem_total_mib": 49140.0, "gpu_power_w": 91.58, "process_present": true, "process_mem_mib": 940.0, "process_mem_share_percent": 1.912901912901913, "process_util_available": true, "process_util_backend": "nvml", "process_sm_util_percent": 24.0, "process_mem_util_percent": 2.0}
{"timestamp_unix": 1772434585.2703133, "pid": 59625, "device_index": 0, "gpu_uuid": "GPU-6f954bfd-7081-31b7-f15c-f9a174bf4d7f", "gpu_util_percent": 25.0, "gpu_mem_util_percent": 3.0, "gpu_mem_used_mib": 1417.0, "gpu_mem_total_mib": 49140.0, "gpu_power_w": 91.58, "process_present": true, "process_mem_mib": 940.0, "process_mem_share_percent": 1.912901912901913, "process_util_available": true, "process_util_backend": "nvml", "process_sm_util_percent": 24.0, "process_mem_util_percent": 3.0}
{"timestamp_unix": 1772434585.5574853, "pid": 59625, "device_index": 0, "gpu_uuid": "GPU-6f954bfd-7081-31b7-f15c-f9a174bf4d7f", "gpu_util_percent": 25.0, "gpu_mem_util_percent": 3.0, "gpu_mem_used_mib": 1417.0, "gpu_mem_total_mib": 49140.0, "gpu_power_w": 91.66, "process_present": true, "process_mem_mib": 940.0, "process_mem_share_percent": 1.912901912901913, "process_util_available": true, "process_util_backend": "nvml", "process_sm_util_percent": 23.0, "process_mem_util_percent": 3.0}
{"timestamp_unix": 1772434585.8487742, "pid": 59625, "device_index": 0, "gpu_uuid": "GPU-6f954bfd-7081-31b7-f15c-f9a174bf4d7f", "gpu_util_percent": 25.0, "gpu_mem_util_percent": 3.0, "gpu_mem_used_mib": 1417.0, "gpu_mem_total_mib": 49140.0, "gpu_power_w": 91.66, "process_present": true, "process_mem_mib": 940.0, "process_mem_share_percent": 1.912901912901913, "process_util_available": true, "process_util_backend": "nvml", "process_sm_util_percent": 24.0, "process_mem_util_percent": 3.0}
{"timestamp_unix": 1772434586.1355097, "pid": 59625, "device_index": 0, "gpu_uuid": "GPU-6f954bfd-7081-31b7-f15c-f9a174bf4d7f", "gpu_util_percent": 25.0, "gpu_mem_util_percent": 3.0, "gpu_mem_used_mib": 1417.0, "gpu_mem_total_mib": 49140.0, "gpu_power_w": 91.71, "process_present": true, "process_mem_mib": 940.0, "process_mem_share_percent": 1.912901912901913, "process_util_available": true, "process_util_backend": "nvml", "process_sm_util_percent": 24.0, "process_mem_util_percent": 3.0}
{"timestamp_unix": 1772434586.4232779, "pid": 59625, "device_index": 0, "gpu_uuid": "GPU-6f954bfd-7081-31b7-f15c-f9a174bf4d7f", "gpu_util_percent": 25.0, "gpu_mem_util_percent": 3.0, "gpu_mem_used_mib": 1417.0, "gpu_mem_total_mib": 49140.0, "gpu_power_w": 91.71, "process_present": true, "process_mem_mib": 940.0, "process_mem_share_percent": 1.912901912901913, "process_util_available": true, "process_util_backend": "nvml", "process_sm_util_percent": 24.0, "process_mem_util_percent": 3.0}
{"timestamp_unix": 1772434586.7248333, "pid": 59625, "device_index": 0, "gpu_uuid": "GPU-6f954bfd-7081-31b7-f15c-f9a174bf4d7f", "gpu_util_percent": 25.0, "gpu_mem_util_percent": 3.0, "gpu_mem_used_mib": 1416.0, "gpu_mem_total_mib": 49140.0, "gpu_power_w": 91.65, "process_present": true, "process_mem_mib": 940.0, "process_mem_share_percent": 1.912901912901913, "process_util_available": true, "process_util_backend": "nvml", "process_sm_util_percent": 24.0, "process_mem_util_percent": 3.0}
{"timestamp_unix": 1772434587.0278776, "pid": 59625, "device_index": 0, "gpu_uuid": "GPU-6f954bfd-7081-31b7-f15c-f9a174bf4d7f", "gpu_util_percent": 25.0, "gpu_mem_util_percent": 3.0, "gpu_mem_used_mib": 1416.0, "gpu_mem_total_mib": 49140.0, "gpu_power_w": 91.64, "process_present": true, "process_mem_mib": 940.0, "process_mem_share_percent": 1.912901912901913, "process_util_available": true, "process_util_backend": "nvml", "process_sm_util_percent": 24.0, "process_mem_util_percent": 3.0}
{"timestamp_unix": 1772434587.3290215, "pid": 59625, "device_index": 0, "gpu_uuid": "GPU-6f954bfd-7081-31b7-f15c-f9a174bf4d7f", "gpu_util_percent": 25.0, "gpu_mem_util_percent": 3.0, "gpu_mem_used_mib": 1416.0, "gpu_mem_total_mib": 49140.0, "gpu_power_w": 91.64, "process_present": true, "process_mem_mib": 940.0, "process_mem_share_percent": 1.912901912901913, "process_util_available": true, "process_util_backend": "nvml", "process_sm_util_percent": 24.0, "process_mem_util_percent": 3.0}
{"timestamp_unix": 1772434587.6206503, "pid": 59625, "device_index": 0, "gpu_uuid": "GPU-6f954bfd-7081-31b7-f15c-f9a174bf4d7f", "gpu_util_percent": 25.0, "gpu_mem_util_percent": 3.0, "gpu_mem_used_mib": 1416.0, "gpu_mem_total_mib": 49140.0, "gpu_power_w": 91.69, "process_present": true, "process_mem_mib": 940.0, "process_mem_share_percent": 1.912901912901913, "process_util_available": true, "process_util_backend": "nvml", "process_sm_util_percent": 24.0, "process_mem_util_percent": 3.0}
{"timestamp_unix": 1772434587.9086885, "pid": 59625, "device_index": 0, "gpu_uuid": "GPU-6f954bfd-7081-31b7-f15c-f9a174bf4d7f", "gpu_util_percent": 25.0, "gpu_mem_util_percent": 3.0, "gpu_mem_used_mib": 1416.0, "gpu_mem_total_mib": 49140.0, "gpu_power_w": 91.69, "process_present": true, "process_mem_mib": 940.0, "process_mem_share_percent": 1.912901912901913, "process_util_available": true, "process_util_backend": "nvml", "process_sm_util_percent": 23.0, "process_mem_util_percent": 3.0}
{"timestamp_unix": 1772434588.1979277, "pid": 59625, "device_index": 0, "gpu_uuid": "GPU-6f954bfd-7081-31b7-f15c-f9a174bf4d7f", "gpu_util_percent": 25.0, "gpu_mem_util_percent": 3.0, "gpu_mem_used_mib": 1416.0, "gpu_mem_total_mib": 49140.0, "gpu_power_w": 91.7, "process_present": true, "process_mem_mib": 940.0, "process_mem_share_percent": 1.912901912901913, "process_util_available": true, "process_util_backend": "nvml", "process_sm_util_percent": 24.0, "process_mem_util_percent": 3.0}
{"timestamp_unix": 1772434588.4849327, "pid": 59625, "device_index": 0, "gpu_uuid": "GPU-6f954bfd-7081-31b7-f15c-f9a174bf4d7f", "gpu_util_percent": 25.0, "gpu_mem_util_percent": 3.0, "gpu_mem_used_mib": 1416.0, "gpu_mem_total_mib": 49140.0, "gpu_power_w": 91.82, "process_present": true, "process_mem_mib": 940.0, "process_mem_share_percent": 1.912901912901913, "process_util_available": true, "process_util_backend": "nvml", "process_sm_util_percent": null, "process_mem_util_percent": null}
{"timestamp_unix": 1772434588.7742462, "pid": 59625, "device_index": 0, "gpu_uuid": "GPU-6f954bfd-7081-31b7-f15c-f9a174bf4d7f", "gpu_util_percent": 25.0, "gpu_mem_util_percent": 3.0, "gpu_mem_used_mib": 1416.0, "gpu_mem_total_mib": 49140.0, "gpu_power_w": 91.82, "process_present": true, "process_mem_mib": 940.0, "process_mem_share_percent": 1.912901912901913, "process_util_available": true, "process_util_backend": "nvml", "process_sm_util_percent": 24.0, "process_mem_util_percent": 3.0}
{"timestamp_unix": 1772434589.0645316, "pid": 59625, "device_index": 0, "gpu_uuid": "GPU-6f954bfd-7081-31b7-f15c-f9a174bf4d7f", "gpu_util_percent": 25.0, "gpu_mem_util_percent": 3.0, "gpu_mem_used_mib": 1416.0, "gpu_mem_total_mib": 49140.0, "gpu_power_w": 91.94, "process_present": true, "process_mem_mib": 940.0, "process_mem_share_percent": 1.912901912901913, "process_util_available": true, "process_util_backend": "nvml", "process_sm_util_percent": 23.0, "process_mem_util_percent": 3.0}
{"timestamp_unix": 1772434589.364951, "pid": 59625, "device_index": 0, "gpu_uuid": "GPU-6f954bfd-7081-31b7-f15c-f9a174bf4d7f", "gpu_util_percent": 25.0, "gpu_mem_util_percent": 3.0, "gpu_mem_used_mib": 1416.0, "gpu_mem_total_mib": 49140.0, "gpu_power_w": 91.94, "process_present": true, "process_mem_mib": 940.0, "process_mem_share_percent": 1.912901912901913, "process_util_available": true, "process_util_backend": "nvml", "process_sm_util_percent": 23.0, "process_mem_util_percent": 3.0}
{"timestamp_unix": 1772434589.6639595, "pid": 59625, "device_index": 0, "gpu_uuid": "GPU-6f954bfd-7081-31b7-f15c-f9a174bf4d7f", "gpu_util_percent": 25.0, "gpu_mem_util_percent": 4.0, "gpu_mem_used_mib": 1416.0, "gpu_mem_total_mib": 49140.0, "gpu_power_w": 91.91, "process_present": true, "process_mem_mib": 940.0, "process_mem_share_percent": 1.912901912901913, "process_util_available": true, "process_util_backend": "nvml", "process_sm_util_percent": 24.0, "process_mem_util_percent": 3.0}
{"timestamp_unix": 1772434589.9643445, "pid": 59625, "device_index": 0, "gpu_uuid": "GPU-6f954bfd-7081-31b7-f15c-f9a174bf4d7f", "gpu_util_percent": 25.0, "gpu_mem_util_percent": 4.0, "gpu_mem_used_mib": 1416.0, "gpu_mem_total_mib": 49140.0, "gpu_power_w": 91.91, "process_present": true, "process_mem_mib": 940.0, "process_mem_share_percent": 1.912901912901913, "process_util_available": true, "process_util_backend": "nvml", "process_sm_util_percent": 24.0, "process_mem_util_percent": 3.0}
{"timestamp_unix": 1772434590.2630527, "pid": 59625, "device_index": 0, "gpu_uuid": "GPU-6f954bfd-7081-31b7-f15c-f9a174bf4d7f", "gpu_util_percent": 25.0, "gpu_mem_util_percent": 4.0, "gpu_mem_used_mib": 1423.0, "gpu_mem_total_mib": 49140.0, "gpu_power_w": 92.11, "process_present": true, "process_mem_mib": 940.0, "process_mem_share_percent": 1.912901912901913, "process_util_available": true, "process_util_backend": "nvml", "process_sm_util_percent": 26.0, "process_mem_util_percent": 3.0}
{"timestamp_unix": 1772434590.5491962, "pid": 59625, "device_index": 0, "gpu_uuid": "GPU-6f954bfd-7081-31b7-f15c-f9a174bf4d7f", "gpu_util_percent": 26.0, "gpu_mem_util_percent": 4.0, "gpu_mem_used_mib": 1423.0, "gpu_mem_total_mib": 49140.0, "gpu_power_w": 92.48, "process_present": true, "process_mem_mib": 940.0, "process_mem_share_percent": 1.912901912901913, "process_util_available": true, "process_util_backend": "nvml", "process_sm_util_percent": 24.0, "process_mem_util_percent": 3.0}
{"timestamp_unix": 1772434590.8365152, "pid": 59625, "device_index": 0, "gpu_uuid": "GPU-6f954bfd-7081-31b7-f15c-f9a174bf4d7f", "gpu_util_percent": 26.0, "gpu_mem_util_percent": 4.0, "gpu_mem_used_mib": 1423.0, "gpu_mem_total_mib": 49140.0, "gpu_power_w": 92.48, "process_present": true, "process_mem_mib": 940.0, "process_mem_share_percent": 1.912901912901913, "process_util_available": true, "process_util_backend": "nvml", "process_sm_util_percent": 24.0, "process_mem_util_percent": 3.0}
{"timestamp_unix": 1772434591.1228707, "pid": 59625, "device_index": 0, "gpu_uuid": "GPU-6f954bfd-7081-31b7-f15c-f9a174bf4d7f", "gpu_util_percent": 26.0, "gpu_mem_util_percent": 4.0, "gpu_mem_used_mib": 1423.0, "gpu_mem_total_mib": 49140.0, "gpu_power_w": 92.61, "process_present": true, "process_mem_mib": 940.0, "process_mem_share_percent": 1.912901912901913, "process_util_available": true, "process_util_backend": "nvml", "process_sm_util_percent": 23.0, "process_mem_util_percent": 3.0}
{"timestamp_unix": 1772434591.4099681, "pid": 59625, "device_index": 0, "gpu_uuid": "GPU-6f954bfd-7081-31b7-f15c-f9a174bf4d7f", "gpu_util_percent": 26.0, "gpu_mem_util_percent": 4.0, "gpu_mem_used_mib": 1423.0, "gpu_mem_total_mib": 49140.0, "gpu_power_w": 92.61, "process_present": true, "process_mem_mib": 940.0, "process_mem_share_percent": 1.912901912901913, "process_util_available": true, "process_util_backend": "nvml", "process_sm_util_percent": 21.0, "process_mem_util_percent": 3.0}
{"timestamp_unix": 1772434591.6979554, "pid": 59625, "device_index": 0, "gpu_uuid": "GPU-6f954bfd-7081-31b7-f15c-f9a174bf4d7f", "gpu_util_percent": 21.0, "gpu_mem_util_percent": 4.0, "gpu_mem_used_mib": 1423.0, "gpu_mem_total_mib": 49140.0, "gpu_power_w": 92.51, "process_present": true, "process_mem_mib": 940.0, "process_mem_share_percent": 1.912901912901913, "process_util_available": true, "process_util_backend": "nvml", "process_sm_util_percent": 22.0, "process_mem_util_percent": 3.0}
{"timestamp_unix": 1772434591.9851892, "pid": 59625, "device_index": 0, "gpu_uuid": "GPU-6f954bfd-7081-31b7-f15c-f9a174bf4d7f", "gpu_util_percent": 21.0, "gpu_mem_util_percent": 4.0, "gpu_mem_used_mib": 1423.0, "gpu_mem_total_mib": 49140.0, "gpu_power_w": 92.56, "process_present": true, "process_mem_mib": 940.0, "process_mem_share_percent": 1.912901912901913, "process_util_available": true, "process_util_backend": "nvml", "process_sm_util_percent": 21.0, "process_mem_util_percent": 3.0}
{"timestamp_unix": 1772434592.2826765, "pid": 59625, "device_index": 0, "gpu_uuid": "GPU-6f954bfd-7081-31b7-f15c-f9a174bf4d7f", "gpu_util_percent": 21.0, "gpu_mem_util_percent": 4.0, "gpu_mem_used_mib": 1423.0, "gpu_mem_total_mib": 49140.0, "gpu_power_w": 92.56, "process_present": true, "process_mem_mib": 940.0, "process_mem_share_percent": 1.912901912901913, "process_util_available": true, "process_util_backend": "nvml", "process_sm_util_percent": 21.0, "process_mem_util_percent": 3.0}
{"timestamp_unix": 1772434592.5823443, "pid": 59625, "device_index": 0, "gpu_uuid": "GPU-6f954bfd-7081-31b7-f15c-f9a174bf4d7f", "gpu_util_percent": 17.0, "gpu_mem_util_percent": 2.0, "gpu_mem_used_mib": 1547.0, "gpu_mem_total_mib": 49140.0, "gpu_power_w": 92.36, "process_present": true, "process_mem_mib": 1100.0, "process_mem_share_percent": 2.238502238502239, "process_util_available": true, "process_util_backend": "nvml", "process_sm_util_percent": 17.0, "process_mem_util_percent": 2.0}
{"timestamp_unix": 1772434592.8791037, "pid": 59625, "device_index": 0, "gpu_uuid": "GPU-6f954bfd-7081-31b7-f15c-f9a174bf4d7f", "gpu_util_percent": 17.0, "gpu_mem_util_percent": 2.0, "gpu_mem_used_mib": 1797.0, "gpu_mem_total_mib": 49140.0, "gpu_power_w": 92.36, "process_present": true, "process_mem_mib": 1348.0, "process_mem_share_percent": 2.743182743182743, "process_util_available": true, "process_util_backend": "nvml", "process_sm_util_percent": 17.0, "process_mem_util_percent": 2.0}
{"timestamp_unix": 1772434593.1687927, "pid": 59625, "device_index": 0, "gpu_uuid": "GPU-6f954bfd-7081-31b7-f15c-f9a174bf4d7f", "gpu_util_percent": 17.0, "gpu_mem_util_percent": 2.0, "gpu_mem_used_mib": 2157.0, "gpu_mem_total_mib": 49140.0, "gpu_power_w": 90.77, "process_present": true, "process_mem_mib": 1732.0, "process_mem_share_percent": 3.5246235246235247, "process_util_available": true, "process_util_backend": "nvml", "process_sm_util_percent": 17.0, "process_mem_util_percent": 2.0}
{"timestamp_unix": 1772434593.4571164, "pid": 59625, "device_index": 0, "gpu_uuid": "GPU-6f954bfd-7081-31b7-f15c-f9a174bf4d7f", "gpu_util_percent": 17.0, "gpu_mem_util_percent": 2.0, "gpu_mem_used_mib": 2583.0, "gpu_mem_total_mib": 49140.0, "gpu_power_w": 90.77, "process_present": true, "process_mem_mib": 2158.0, "process_mem_share_percent": 4.391534391534392, "process_util_available": true, "process_util_backend": "nvml", "process_sm_util_percent": 19.0, "process_mem_util_percent": 2.0}
{"timestamp_unix": 1772434593.7491903, "pid": 59625, "device_index": 0, "gpu_uuid": "GPU-6f954bfd-7081-31b7-f15c-f9a174bf4d7f", "gpu_util_percent": 19.0, "gpu_mem_util_percent": 2.0, "gpu_mem_used_mib": 3029.0, "gpu_mem_total_mib": 49140.0, "gpu_power_w": 89.06, "process_present": true, "process_mem_mib": 2608.0, "process_mem_share_percent": 5.307285307285308, "process_util_available": true, "process_util_backend": "nvml", "process_sm_util_percent": 19.0, "process_mem_util_percent": 2.0}
{"timestamp_unix": 1772434594.037386, "pid": 59625, "device_index": 0, "gpu_uuid": "GPU-6f954bfd-7081-31b7-f15c-f9a174bf4d7f", "gpu_util_percent": 19.0, "gpu_mem_util_percent": 2.0, "gpu_mem_used_mib": 3494.0, "gpu_mem_total_mib": 49140.0, "gpu_power_w": 89.07, "process_present": true, "process_mem_mib": 3070.0, "process_mem_share_percent": 6.247456247456248, "process_util_available": true, "process_util_backend": "nvml", "process_sm_util_percent": 20.0, "process_mem_util_percent": 2.0}
{"timestamp_unix": 1772434594.327155, "pid": 59625, "device_index": 0, "gpu_uuid": "GPU-6f954bfd-7081-31b7-f15c-f9a174bf4d7f", "gpu_util_percent": 19.0, "gpu_mem_util_percent": 2.0, "gpu_mem_used_mib": 3954.0, "gpu_mem_total_mib": 49140.0, "gpu_power_w": 89.07, "process_present": true, "process_mem_mib": 3540.0, "process_mem_share_percent": 7.203907203907203, "process_util_available": true, "process_util_backend": "nvml", "process_sm_util_percent": 20.0, "process_mem_util_percent": 2.0}
{"timestamp_unix": 1772434594.616389, "pid": 59625, "device_index": 0, "gpu_uuid": "GPU-6f954bfd-7081-31b7-f15c-f9a174bf4d7f", "gpu_util_percent": 20.0, "gpu_mem_util_percent": 2.0, "gpu_mem_used_mib": 4452.0, "gpu_mem_total_mib": 49140.0, "gpu_power_w": 89.06, "process_present": true, "process_mem_mib": 4032.0, "process_mem_share_percent": 8.205128205128204, "process_util_available": true, "process_util_backend": "nvml", "process_sm_util_percent": 21.0, "process_mem_util_percent": 2.0}
{"timestamp_unix": 1772434594.9122865, "pid": 59625, "device_index": 0, "gpu_uuid": "GPU-6f954bfd-7081-31b7-f15c-f9a174bf4d7f", "gpu_util_percent": 20.0, "gpu_mem_util_percent": 2.0, "gpu_mem_used_mib": 4944.0, "gpu_mem_total_mib": 49140.0, "gpu_power_w": 89.06, "process_present": true, "process_mem_mib": 4506.0, "process_mem_share_percent": 9.16971916971917, "process_util_available": true, "process_util_backend": "nvml", "process_sm_util_percent": 20.0, "process_mem_util_percent": 2.0}
{"timestamp_unix": 1772434595.2140925, "pid": 59625, "device_index": 0, "gpu_uuid": "GPU-6f954bfd-7081-31b7-f15c-f9a174bf4d7f", "gpu_util_percent": 20.0, "gpu_mem_util_percent": 2.0, "gpu_mem_used_mib": 5423.0, "gpu_mem_total_mib": 49140.0, "gpu_power_w": 88.97, "process_present": true, "process_mem_mib": 5006.0, "process_mem_share_percent": 10.187220187220188, "process_util_available": true, "process_util_backend": "nvml", "process_sm_util_percent": 21.0, "process_mem_util_percent": 2.0}
{"timestamp_unix": 1772434595.5162585, "pid": 59625, "device_index": 0, "gpu_uuid": "GPU-6f954bfd-7081-31b7-f15c-f9a174bf4d7f", "gpu_util_percent": 21.0, "gpu_mem_util_percent": 2.0, "gpu_mem_used_mib": 5953.0, "gpu_mem_total_mib": 49140.0, "gpu_power_w": 88.99, "process_present": true, "process_mem_mib": 5540.0, "process_mem_share_percent": 11.273911273911274, "process_util_available": true, "process_util_backend": "nvml", "process_sm_util_percent": 20.0, "process_mem_util_percent": 2.0}
{"timestamp_unix": 1772434595.8159087, "pid": 59625, "device_index": 0, "gpu_uuid": "GPU-6f954bfd-7081-31b7-f15c-f9a174bf4d7f", "gpu_util_percent": 21.0, "gpu_mem_util_percent": 2.0, "gpu_mem_used_mib": 6499.0, "gpu_mem_total_mib": 49140.0, "gpu_power_w": 88.99, "process_present": true, "process_mem_mib": 6074.0, "process_mem_share_percent": 12.36060236060236, "process_util_available": true, "process_util_backend": "nvml", "process_sm_util_percent": 20.0, "process_mem_util_percent": 2.0}
{"timestamp_unix": 1772434596.1167595, "pid": 59625, "device_index": 0, "gpu_uuid": "GPU-6f954bfd-7081-31b7-f15c-f9a174bf4d7f", "gpu_util_percent": 21.0, "gpu_mem_util_percent": 2.0, "gpu_mem_used_mib": 7033.0, "gpu_mem_total_mib": 49140.0, "gpu_power_w": 88.86, "process_present": true, "process_mem_mib": 6624.0, "process_mem_share_percent": 13.47985347985348, "process_util_available": true, "process_util_backend": "nvml", "process_sm_util_percent": 21.0, "process_mem_util_percent": 2.0}
{"timestamp_unix": 1772434596.4071496, "pid": 59625, "device_index": 0, "gpu_uuid": "GPU-6f954bfd-7081-31b7-f15c-f9a174bf4d7f", "gpu_util_percent": 21.0, "gpu_mem_util_percent": 2.0, "gpu_mem_used_mib": 7523.0, "gpu_mem_total_mib": 49140.0, "gpu_power_w": 88.86, "process_present": true, "process_mem_mib": 7120.0, "process_mem_share_percent": 14.489214489214488, "process_util_available": true, "process_util_backend": "nvml", "process_sm_util_percent": 21.0, "process_mem_util_percent": 2.0}
{"timestamp_unix": 1772434596.6986442, "pid": 59625, "device_index": 0, "gpu_uuid": "GPU-6f954bfd-7081-31b7-f15c-f9a174bf4d7f", "gpu_util_percent": 21.0, "gpu_mem_util_percent": 2.0, "gpu_mem_used_mib": 8127.0, "gpu_mem_total_mib": 49140.0, "gpu_power_w": 88.89, "process_present": true, "process_mem_mib": 7728.0, "process_mem_share_percent": 15.726495726495726, "process_util_available": true, "process_util_backend": "nvml", "process_sm_util_percent": 21.0, "process_mem_util_percent": 2.0}
{"timestamp_unix": 1772434596.9882064, "pid": 59625, "device_index": 0, "gpu_uuid": "GPU-6f954bfd-7081-31b7-f15c-f9a174bf4d7f", "gpu_util_percent": 21.0, "gpu_mem_util_percent": 2.0, "gpu_mem_used_mib": 8733.0, "gpu_mem_total_mib": 49140.0, "gpu_power_w": 89.34, "process_present": true, "process_mem_mib": 8342.0, "process_mem_share_percent": 16.975986975986977, "process_util_available": true, "process_util_backend": "nvml", "process_sm_util_percent": 21.0, "process_mem_util_percent": 2.0}
{"timestamp_unix": 1772434597.281378, "pid": 59625, "device_index": 0, "gpu_uuid": "GPU-6f954bfd-7081-31b7-f15c-f9a174bf4d7f", "gpu_util_percent": 21.0, "gpu_mem_util_percent": 2.0, "gpu_mem_used_mib": 9417.0, "gpu_mem_total_mib": 49140.0, "gpu_power_w": 89.34, "process_present": true, "process_mem_mib": 9022.0, "process_mem_share_percent": 18.35978835978836, "process_util_available": true, "process_util_backend": "nvml", "process_sm_util_percent": 22.0, "process_mem_util_percent": 2.0}
{"timestamp_unix": 1772434597.5721436, "pid": 59625, "device_index": 0, "gpu_uuid": "GPU-6f954bfd-7081-31b7-f15c-f9a174bf4d7f", "gpu_util_percent": 21.0, "gpu_mem_util_percent": 2.0, "gpu_mem_used_mib": 10093.0, "gpu_mem_total_mib": 49140.0, "gpu_power_w": 89.73, "process_present": true, "process_mem_mib": 9702.0, "process_mem_share_percent": 19.743589743589745, "process_util_available": true, "process_util_backend": "nvml", "process_sm_util_percent": 21.0, "process_mem_util_percent": 2.0}
{"timestamp_unix": 1772434597.867367, "pid": 59625, "device_index": 0, "gpu_uuid": "GPU-6f954bfd-7081-31b7-f15c-f9a174bf4d7f", "gpu_util_percent": 21.0, "gpu_mem_util_percent": 2.0, "gpu_mem_used_mib": 10807.0, "gpu_mem_total_mib": 49140.0, "gpu_power_w": 89.73, "process_present": true, "process_mem_mib": 10416.0, "process_mem_share_percent": 21.196581196581196, "process_util_available": true, "process_util_backend": "nvml", "process_sm_util_percent": 21.0, "process_mem_util_percent": 2.0}
{"timestamp_unix": 1772434598.1768115, "pid": 59625, "device_index": 0, "gpu_uuid": "GPU-6f954bfd-7081-31b7-f15c-f9a174bf4d7f", "gpu_util_percent": 21.0, "gpu_mem_util_percent": 2.0, "gpu_mem_used_mib": 11539.0, "gpu_mem_total_mib": 49140.0, "gpu_power_w": 89.89, "process_present": true, "process_mem_mib": 11146.0, "process_mem_share_percent": 22.682132682132682, "process_util_available": true, "process_util_backend": "nvml", "process_sm_util_percent": 21.0, "process_mem_util_percent": 2.0}
{"timestamp_unix": 1772434598.4826849, "pid": 59625, "device_index": 0, "gpu_uuid": "GPU-6f954bfd-7081-31b7-f15c-f9a174bf4d7f", "gpu_util_percent": 21.0, "gpu_mem_util_percent": 2.0, "gpu_mem_used_mib": 12275.0, "gpu_mem_total_mib": 49140.0, "gpu_power_w": 89.9, "process_present": true, "process_mem_mib": 11880.0, "process_mem_share_percent": 24.175824175824175, "process_util_available": true, "process_util_backend": "nvml", "process_sm_util_percent": 21.0, "process_mem_util_percent": 2.0}
{"timestamp_unix": 1772434598.7828922, "pid": 59625, "device_index": 0, "gpu_uuid": "GPU-6f954bfd-7081-31b7-f15c-f9a174bf4d7f", "gpu_util_percent": 21.0, "gpu_mem_util_percent": 2.0, "gpu_mem_used_mib": 13037.0, "gpu_mem_total_mib": 49140.0, "gpu_power_w": 89.9, "process_present": true, "process_mem_mib": 12664.0, "process_mem_share_percent": 25.77126577126577, "process_util_available": true, "process_util_backend": "nvml", "process_sm_util_percent": 21.0, "process_mem_util_percent": 2.0}
{"timestamp_unix": 1772434599.0738466, "pid": 59625, "device_index": 0, "gpu_uuid": "GPU-6f954bfd-7081-31b7-f15c-f9a174bf4d7f", "gpu_util_percent": 21.0, "gpu_mem_util_percent": 2.0, "gpu_mem_used_mib": 13809.0, "gpu_mem_total_mib": 49140.0, "gpu_power_w": 89.69, "process_present": true, "process_mem_mib": 13428.0, "process_mem_share_percent": 27.326007326007325, "process_util_available": true, "process_util_backend": "nvml", "process_sm_util_percent": 21.0, "process_mem_util_percent": 2.0}
{"timestamp_unix": 1772434599.3668845, "pid": 59625, "device_index": 0, "gpu_uuid": "GPU-6f954bfd-7081-31b7-f15c-f9a174bf4d7f", "gpu_util_percent": 21.0, "gpu_mem_util_percent": 2.0, "gpu_mem_used_mib": 14607.0, "gpu_mem_total_mib": 49140.0, "gpu_power_w": 89.69, "process_present": true, "process_mem_mib": 14216.0, "process_mem_share_percent": 28.929588929588927, "process_util_available": true, "process_util_backend": "nvml", "process_sm_util_percent": 22.0, "process_mem_util_percent": 2.0}
{"timestamp_unix": 1772434599.6592019, "pid": 59625, "device_index": 0, "gpu_uuid": "GPU-6f954bfd-7081-31b7-f15c-f9a174bf4d7f", "gpu_util_percent": 19.0, "gpu_mem_util_percent": 2.0, "gpu_mem_used_mib": 15346.0, "gpu_mem_total_mib": 49140.0, "gpu_power_w": 89.77, "process_present": true, "process_mem_mib": 14978.0, "process_mem_share_percent": 30.48026048026048, "process_util_available": true, "process_util_backend": "nvml", "process_sm_util_percent": 21.0, "process_mem_util_percent": 2.0}
{"timestamp_unix": 1772434599.9521375, "pid": 59625, "device_index": 0, "gpu_uuid": "GPU-6f954bfd-7081-31b7-f15c-f9a174bf4d7f", "gpu_util_percent": 19.0, "gpu_mem_util_percent": 2.0, "gpu_mem_used_mib": 16182.0, "gpu_mem_total_mib": 49140.0, "gpu_power_w": 89.77, "process_present": true, "process_mem_mib": 15810.0, "process_mem_share_percent": 32.17338217338217, "process_util_available": true, "process_util_backend": "nvml", "process_sm_util_percent": 21.0, "process_mem_util_percent": 2.0}
{"timestamp_unix": 1772434600.370549, "pid": 59625, "device_index": 0, "gpu_uuid": "GPU-6f954bfd-7081-31b7-f15c-f9a174bf4d7f", "gpu_util_percent": 19.0, "gpu_mem_util_percent": 2.0, "gpu_mem_used_mib": 16762.0, "gpu_mem_total_mib": 49140.0, "gpu_power_w": 90.0, "process_present": true, "process_mem_mib": 16398.0, "process_mem_share_percent": 33.369963369963365, "process_util_available": true, "process_util_backend": "nvml", "process_sm_util_percent": 13.0, "process_mem_util_percent": 1.0}
{"timestamp_unix": 1772434600.664962, "pid": 59625, "device_index": 0, "gpu_uuid": "GPU-6f954bfd-7081-31b7-f15c-f9a174bf4d7f", "gpu_util_percent": 20.0, "gpu_mem_util_percent": 2.0, "gpu_mem_used_mib": 17556.0, "gpu_mem_total_mib": 49140.0, "gpu_power_w": 88.37, "process_present": true, "process_mem_mib": 17178.0, "process_mem_share_percent": 34.957264957264954, "process_util_available": true, "process_util_backend": "nvml", "process_sm_util_percent": 21.0, "process_mem_util_percent": 2.0}
{"timestamp_unix": 1772434600.967567, "pid": 59625, "device_index": 0, "gpu_uuid": "GPU-6f954bfd-7081-31b7-f15c-f9a174bf4d7f", "gpu_util_percent": 20.0, "gpu_mem_util_percent": 2.0, "gpu_mem_used_mib": 18410.0, "gpu_mem_total_mib": 49140.0, "gpu_power_w": 88.37, "process_present": true, "process_mem_mib": 18032.0, "process_mem_share_percent": 36.6951566951567, "process_util_available": true, "process_util_backend": "nvml", "process_sm_util_percent": 20.0, "process_mem_util_percent": 2.0}
{"timestamp_unix": 1772434601.2681074, "pid": 59625, "device_index": 0, "gpu_uuid": "GPU-6f954bfd-7081-31b7-f15c-f9a174bf4d7f", "gpu_util_percent": 20.0, "gpu_mem_util_percent": 2.0, "gpu_mem_used_mib": 19244.0, "gpu_mem_total_mib": 49140.0, "gpu_power_w": 88.39, "process_present": true, "process_mem_mib": 18884.0, "process_mem_share_percent": 38.428978428978425, "process_util_available": true, "process_util_backend": "nvml", "process_sm_util_percent": 22.0, "process_mem_util_percent": 2.0}
{"timestamp_unix": 1772434601.5719483, "pid": 59625, "device_index": 0, "gpu_uuid": "GPU-6f954bfd-7081-31b7-f15c-f9a174bf4d7f", "gpu_util_percent": 21.0, "gpu_mem_util_percent": 3.0, "gpu_mem_used_mib": 20116.0, "gpu_mem_total_mib": 49140.0, "gpu_power_w": 89.76, "process_present": true, "process_mem_mib": 19760.0, "process_mem_share_percent": 40.21164021164021, "process_util_available": true, "process_util_backend": "nvml", "process_sm_util_percent": 21.0, "process_mem_util_percent": 2.0}
{"timestamp_unix": 1772434601.867873, "pid": 59625, "device_index": 0, "gpu_uuid": "GPU-6f954bfd-7081-31b7-f15c-f9a174bf4d7f", "gpu_util_percent": 21.0, "gpu_mem_util_percent": 3.0, "gpu_mem_used_mib": 21010.0, "gpu_mem_total_mib": 49140.0, "gpu_power_w": 89.76, "process_present": true, "process_mem_mib": 20632.0, "process_mem_share_percent": 41.98616198616199, "process_util_available": true, "process_util_backend": "nvml", "process_sm_util_percent": 21.0, "process_mem_util_percent": 2.0}
{"timestamp_unix": 1772434602.16179, "pid": 59625, "device_index": 0, "gpu_uuid": "GPU-6f954bfd-7081-31b7-f15c-f9a174bf4d7f", "gpu_util_percent": 21.0, "gpu_mem_util_percent": 3.0, "gpu_mem_used_mib": 21930.0, "gpu_mem_total_mib": 49140.0, "gpu_power_w": 89.99, "process_present": true, "process_mem_mib": 21582.0, "process_mem_share_percent": 43.91941391941392, "process_util_available": true, "process_util_backend": "nvml", "process_sm_util_percent": 21.0, "process_mem_util_percent": 2.0}
{"timestamp_unix": 1772434602.4540596, "pid": 59625, "device_index": 0, "gpu_uuid": "GPU-6f954bfd-7081-31b7-f15c-f9a174bf4d7f", "gpu_util_percent": 21.0, "gpu_mem_util_percent": 3.0, "gpu_mem_used_mib": 22878.0, "gpu_mem_total_mib": 49140.0, "gpu_power_w": 89.99, "process_present": true, "process_mem_mib": 22524.0, "process_mem_share_percent": 45.83638583638584, "process_util_available": true, "process_util_backend": "nvml", "process_sm_util_percent": 22.0, "process_mem_util_percent": 2.0}
{"timestamp_unix": 1772434602.7506115, "pid": 59625, "device_index": 0, "gpu_uuid": "GPU-6f954bfd-7081-31b7-f15c-f9a174bf4d7f", "gpu_util_percent": 20.0, "gpu_mem_util_percent": 3.0, "gpu_mem_used_mib": 23782.0, "gpu_mem_total_mib": 49140.0, "gpu_power_w": 90.2, "process_present": true, "process_mem_mib": 23428.0, "process_mem_share_percent": 47.67602767602768, "process_util_available": true, "process_util_backend": "nvml", "process_sm_util_percent": null, "process_mem_util_percent": null}
{"timestamp_unix": 1772434603.0425873, "pid": 59625, "device_index": 0, "gpu_uuid": "GPU-6f954bfd-7081-31b7-f15c-f9a174bf4d7f", "gpu_util_percent": 20.0, "gpu_mem_util_percent": 3.0, "gpu_mem_used_mib": 24746.0, "gpu_mem_total_mib": 49140.0, "gpu_power_w": 90.14, "process_present": true, "process_mem_mib": 24386.0, "process_mem_share_percent": 49.625559625559625, "process_util_available": true, "process_util_backend": "nvml", "process_sm_util_percent": 21.0, "process_mem_util_percent": 2.0}
{"timestamp_unix": 1772434603.3394184, "pid": 59625, "device_index": 0, "gpu_uuid": "GPU-6f954bfd-7081-31b7-f15c-f9a174bf4d7f", "gpu_util_percent": 20.0, "gpu_mem_util_percent": 3.0, "gpu_mem_used_mib": 25744.0, "gpu_mem_total_mib": 49140.0, "gpu_power_w": 90.14, "process_present": true, "process_mem_mib": 25396.0, "process_mem_share_percent": 51.68091168091168, "process_util_available": true, "process_util_backend": "nvml", "process_sm_util_percent": null, "process_mem_util_percent": null}
{"timestamp_unix": 1772434603.6591713, "pid": 59625, "device_index": 0, "gpu_uuid": "GPU-6f954bfd-7081-31b7-f15c-f9a174bf4d7f", "gpu_util_percent": 19.0, "gpu_mem_util_percent": 2.0, "gpu_mem_used_mib": 26770.0, "gpu_mem_total_mib": 49140.0, "gpu_power_w": 90.19, "process_present": true, "process_mem_mib": 26460.0, "process_mem_share_percent": 53.84615384615385, "process_util_available": true, "process_util_backend": "nvml", "process_sm_util_percent": null, "process_mem_util_percent": null}
{"timestamp_unix": 1772434603.966783, "pid": 59625, "device_index": 0, "gpu_uuid": "GPU-6f954bfd-7081-31b7-f15c-f9a174bf4d7f", "gpu_util_percent": 19.0, "gpu_mem_util_percent": 2.0, "gpu_mem_used_mib": 27852.0, "gpu_mem_total_mib": 49140.0, "gpu_power_w": 90.19, "process_present": true, "process_mem_mib": 27500.0, "process_mem_share_percent": 55.96255596255596, "process_util_available": true, "process_util_backend": "nvml", "process_sm_util_percent": null, "process_mem_util_percent": null}
{"timestamp_unix": 1772434604.2695823, "pid": 59625, "device_index": 0, "gpu_uuid": "GPU-6f954bfd-7081-31b7-f15c-f9a174bf4d7f", "gpu_util_percent": 19.0, "gpu_mem_util_percent": 2.0, "gpu_mem_used_mib": 28884.0, "gpu_mem_total_mib": 49140.0, "gpu_power_w": 90.38, "process_present": true, "process_mem_mib": 28580.0, "process_mem_share_percent": 58.16035816035816, "process_util_available": true, "process_util_backend": "nvml", "process_sm_util_percent": 21.0, "process_mem_util_percent": 2.0}
{"timestamp_unix": 1772434604.5648346, "pid": 59625, "device_index": 0, "gpu_uuid": "GPU-6f954bfd-7081-31b7-f15c-f9a174bf4d7f", "gpu_util_percent": 21.0, "gpu_mem_util_percent": 3.0, "gpu_mem_used_mib": 29938.0, "gpu_mem_total_mib": 49140.0, "gpu_power_w": 90.09, "process_present": true, "process_mem_mib": 29590.0, "process_mem_share_percent": 60.21571021571022, "process_util_available": true, "process_util_backend": "nvml", "process_sm_util_percent": 20.0, "process_mem_util_percent": 2.0}
{"timestamp_unix": 1772434604.859985, "pid": 59625, "device_index": 0, "gpu_uuid": "GPU-6f954bfd-7081-31b7-f15c-f9a174bf4d7f", "gpu_util_percent": 21.0, "gpu_mem_util_percent": 3.0, "gpu_mem_used_mib": 30987.0, "gpu_mem_total_mib": 49140.0, "gpu_power_w": 90.09, "process_present": true, "process_mem_mib": 30642.0, "process_mem_share_percent": 62.356532356532355, "process_util_available": true, "process_util_backend": "nvml", "process_sm_util_percent": 21.0, "process_mem_util_percent": 2.0}
{"timestamp_unix": 1772434605.1554074, "pid": 59625, "device_index": 0, "gpu_uuid": "GPU-6f954bfd-7081-31b7-f15c-f9a174bf4d7f", "gpu_util_percent": 21.0, "gpu_mem_util_percent": 3.0, "gpu_mem_used_mib": 32077.0, "gpu_mem_total_mib": 49140.0, "gpu_power_w": 90.28, "process_present": true, "process_mem_mib": 31688.0, "process_mem_share_percent": 64.48514448514449, "process_util_available": true, "process_util_backend": "nvml", "process_sm_util_percent": 20.0, "process_mem_util_percent": 2.0}
{"timestamp_unix": 1772434605.4518504, "pid": 59625, "device_index": 0, "gpu_uuid": "GPU-6f954bfd-7081-31b7-f15c-f9a174bf4d7f", "gpu_util_percent": 21.0, "gpu_mem_util_percent": 3.0, "gpu_mem_used_mib": 33145.0, "gpu_mem_total_mib": 49140.0, "gpu_power_w": 90.28, "process_present": true, "process_mem_mib": 32800.0, "process_mem_share_percent": 66.74806674806675, "process_util_available": true, "process_util_backend": "nvml", "process_sm_util_percent": 21.0, "process_mem_util_percent": 2.0}
{"timestamp_unix": 1772434605.744818, "pid": 59625, "device_index": 0, "gpu_uuid": "GPU-6f954bfd-7081-31b7-f15c-f9a174bf4d7f", "gpu_util_percent": 22.0, "gpu_mem_util_percent": 3.0, "gpu_mem_used_mib": 34237.0, "gpu_mem_total_mib": 49140.0, "gpu_power_w": 90.52, "process_present": true, "process_mem_mib": 33912.0, "process_mem_share_percent": 69.01098901098901, "process_util_available": true, "process_util_backend": "nvml", "process_sm_util_percent": 20.0, "process_mem_util_percent": 2.0}
{"timestamp_unix": 1772434606.0397274, "pid": 59625, "device_index": 0, "gpu_uuid": "GPU-6f954bfd-7081-31b7-f15c-f9a174bf4d7f", "gpu_util_percent": 22.0, "gpu_mem_util_percent": 3.0, "gpu_mem_used_mib": 35408.0, "gpu_mem_total_mib": 49140.0, "gpu_power_w": 90.5, "process_present": true, "process_mem_mib": 35084.0, "process_mem_share_percent": 71.39601139601139, "process_util_available": true, "process_util_backend": "nvml", "process_sm_util_percent": 21.0, "process_mem_util_percent": 2.0}
{"timestamp_unix": 1772434606.3493316, "pid": 59625, "device_index": 0, "gpu_uuid": "GPU-6f954bfd-7081-31b7-f15c-f9a174bf4d7f", "gpu_util_percent": 22.0, "gpu_mem_util_percent": 3.0, "gpu_mem_used_mib": 36598.0, "gpu_mem_total_mib": 49140.0, "gpu_power_w": 90.5, "process_present": true, "process_mem_mib": 36282.0, "process_mem_share_percent": 73.83394383394383, "process_util_available": true, "process_util_backend": "nvml", "process_sm_util_percent": 21.0, "process_mem_util_percent": 2.0}
{"timestamp_unix": 1772434606.6619587, "pid": 59625, "device_index": 0, "gpu_uuid": "GPU-6f954bfd-7081-31b7-f15c-f9a174bf4d7f", "gpu_util_percent": 19.0, "gpu_mem_util_percent": 3.0, "gpu_mem_used_mib": 37818.0, "gpu_mem_total_mib": 49140.0, "gpu_power_w": 90.5, "process_present": true, "process_mem_mib": 37480.0, "process_mem_share_percent": 76.27187627187627, "process_util_available": true, "process_util_backend": "nvml", "process_sm_util_percent": 21.0, "process_mem_util_percent": 2.0}
{"timestamp_unix": 1772434606.9693422, "pid": 59625, "device_index": 0, "gpu_uuid": "GPU-6f954bfd-7081-31b7-f15c-f9a174bf4d7f", "gpu_util_percent": 19.0, "gpu_mem_util_percent": 3.0, "gpu_mem_used_mib": 38984.0, "gpu_mem_total_mib": 49140.0, "gpu_power_w": 90.5, "process_present": true, "process_mem_mib": 38642.0, "process_mem_share_percent": 78.63654863654862, "process_util_available": true, "process_util_backend": "nvml", "process_sm_util_percent": 20.0, "process_mem_util_percent": 2.0}
{"timestamp_unix": 1772434607.268557, "pid": 59625, "device_index": 0, "gpu_uuid": "GPU-6f954bfd-7081-31b7-f15c-f9a174bf4d7f", "gpu_util_percent": 19.0, "gpu_mem_util_percent": 3.0, "gpu_mem_used_mib": 40151.0, "gpu_mem_total_mib": 49140.0, "gpu_power_w": 90.48, "process_present": true, "process_mem_mib": 39830.0, "process_mem_share_percent": 81.05413105413105, "process_util_available": true, "process_util_backend": "nvml", "process_sm_util_percent": 21.0, "process_mem_util_percent": 2.0}
{"timestamp_unix": 1772434607.5630896, "pid": 59625, "device_index": 0, "gpu_uuid": "GPU-6f954bfd-7081-31b7-f15c-f9a174bf4d7f", "gpu_util_percent": 21.0, "gpu_mem_util_percent": 3.0, "gpu_mem_used_mib": 41327.0, "gpu_mem_total_mib": 49140.0, "gpu_power_w": 90.27, "process_present": true, "process_mem_mib": 41010.0, "process_mem_share_percent": 83.45543345543346, "process_util_available": true, "process_util_backend": "nvml", "process_sm_util_percent": 20.0, "process_mem_util_percent": 2.0}
{"timestamp_unix": 1772434607.8607678, "pid": 59625, "device_index": 0, "gpu_uuid": "GPU-6f954bfd-7081-31b7-f15c-f9a174bf4d7f", "gpu_util_percent": 21.0, "gpu_mem_util_percent": 3.0, "gpu_mem_used_mib": 42499.0, "gpu_mem_total_mib": 49140.0, "gpu_power_w": 90.27, "process_present": true, "process_mem_mib": 42188.0, "process_mem_share_percent": 85.85266585266585, "process_util_available": true, "process_util_backend": "nvml", "process_sm_util_percent": 20.0, "process_mem_util_percent": 2.0}
{"timestamp_unix": 1772434608.15768, "pid": 59625, "device_index": 0, "gpu_uuid": "GPU-6f954bfd-7081-31b7-f15c-f9a174bf4d7f", "gpu_util_percent": 21.0, "gpu_mem_util_percent": 3.0, "gpu_mem_used_mib": 43699.0, "gpu_mem_total_mib": 49140.0, "gpu_power_w": 90.4, "process_present": true, "process_mem_mib": 43384.0, "process_mem_share_percent": 88.28652828652828, "process_util_available": true, "process_util_backend": "nvml", "process_sm_util_percent": 20.0, "process_mem_util_percent": 2.0}
{"timestamp_unix": 1772434608.455357, "pid": 59625, "device_index": 0, "gpu_uuid": "GPU-6f954bfd-7081-31b7-f15c-f9a174bf4d7f", "gpu_util_percent": 21.0, "gpu_mem_util_percent": 3.0, "gpu_mem_used_mib": 44967.0, "gpu_mem_total_mib": 49140.0, "gpu_power_w": 90.4, "process_present": true, "process_mem_mib": 44634.0, "process_mem_share_percent": 90.83028083028083, "process_util_available": true, "process_util_backend": "nvml", "process_sm_util_percent": 21.0, "process_mem_util_percent": 2.0}
{"timestamp_unix": 1772434608.7534027, "pid": 59625, "device_index": 0, "gpu_uuid": "GPU-6f954bfd-7081-31b7-f15c-f9a174bf4d7f", "gpu_util_percent": 21.0, "gpu_mem_util_percent": 3.0, "gpu_mem_used_mib": 46229.0, "gpu_mem_total_mib": 49140.0, "gpu_power_w": 90.56, "process_present": true, "process_mem_mib": 45904.0, "process_mem_share_percent": 93.41473341473342, "process_util_available": true, "process_util_backend": "nvml", "process_sm_util_percent": 20.0, "process_mem_util_percent": 2.0}
{"timestamp_unix": 1772434609.0540335, "pid": 59625, "device_index": 0, "gpu_uuid": "GPU-6f954bfd-7081-31b7-f15c-f9a174bf4d7f", "gpu_util_percent": 21.0, "gpu_mem_util_percent": 3.0, "gpu_mem_used_mib": 47533.0, "gpu_mem_total_mib": 49140.0, "gpu_power_w": 90.5, "process_present": true, "process_mem_mib": 47226.0, "process_mem_share_percent": 96.10500610500611, "process_util_available": true, "process_util_backend": "nvml", "process_sm_util_percent": 21.0, "process_mem_util_percent": 2.0}
{"timestamp_unix": 1772434609.3621464, "pid": 59625, "device_index": 0, "gpu_uuid": "GPU-6f954bfd-7081-31b7-f15c-f9a174bf4d7f", "gpu_util_percent": 21.0, "gpu_mem_util_percent": 3.0, "gpu_mem_used_mib": 48461.0, "gpu_mem_total_mib": 49140.0, "gpu_power_w": 90.5, "process_present": true, "process_mem_mib": 47972.0, "process_mem_share_percent": 97.62311762311762, "process_util_available": true, "process_util_backend": "nvml", "process_sm_util_percent": 20.0, "process_mem_util_percent": 2.0}
{"timestamp_unix": 1772434609.6782668, "pid": 59625, "device_index": 0, "gpu_uuid": "GPU-6f954bfd-7081-31b7-f15c-f9a174bf4d7f", "gpu_util_percent": 13.0, "gpu_mem_util_percent": 1.0, "gpu_mem_used_mib": 48457.0, "gpu_mem_total_mib": 49140.0, "gpu_power_w": 89.57, "process_present": true, "process_mem_mib": 47972.0, "process_mem_share_percent": 97.62311762311762, "process_util_available": true, "process_util_backend": "nvml", "process_sm_util_percent": null, "process_mem_util_percent": null}
{"timestamp_unix": 1772434609.9729848, "pid": 59625, "device_index": 0, "gpu_uuid": "GPU-6f954bfd-7081-31b7-f15c-f9a174bf4d7f", "gpu_util_percent": 13.0, "gpu_mem_util_percent": 1.0, "gpu_mem_used_mib": 48457.0, "gpu_mem_total_mib": 49140.0, "gpu_power_w": 86.17, "process_present": true, "process_mem_mib": 47972.0, "process_mem_share_percent": 97.62311762311762, "process_util_available": true, "process_util_backend": "nvml", "process_sm_util_percent": 9.0, "process_mem_util_percent": 0.0}
{"timestamp_unix": 1772434610.2696579, "pid": 59625, "device_index": 0, "gpu_uuid": "GPU-6f954bfd-7081-31b7-f15c-f9a174bf4d7f", "gpu_util_percent": 13.0, "gpu_mem_util_percent": 1.0, "gpu_mem_used_mib": 48452.0, "gpu_mem_total_mib": 49140.0, "gpu_power_w": 86.17, "process_present": true, "process_mem_mib": 47972.0, "process_mem_share_percent": 97.62311762311762, "process_util_available": true, "process_util_backend": "nvml", "process_sm_util_percent": 21.0, "process_mem_util_percent": 2.0}
{"timestamp_unix": 1772434610.5633192, "pid": 59625, "device_index": 0, "gpu_uuid": "GPU-6f954bfd-7081-31b7-f15c-f9a174bf4d7f", "gpu_util_percent": 21.0, "gpu_mem_util_percent": 2.0, "gpu_mem_used_mib": 48452.0, "gpu_mem_total_mib": 49140.0, "gpu_power_w": 86.26, "process_present": true, "process_mem_mib": 47972.0, "process_mem_share_percent": 97.62311762311762, "process_util_available": true, "process_util_backend": "nvml", "process_sm_util_percent": 21.0, "process_mem_util_percent": 2.0}
{"timestamp_unix": 1772434610.8576996, "pid": 59625, "device_index": 0, "gpu_uuid": "GPU-6f954bfd-7081-31b7-f15c-f9a174bf4d7f", "gpu_util_percent": 21.0, "gpu_mem_util_percent": 2.0, "gpu_mem_used_mib": 48452.0, "gpu_mem_total_mib": 49140.0, "gpu_power_w": 86.26, "process_present": true, "process_mem_mib": 47972.0, "process_mem_share_percent": 97.62311762311762, "process_util_available": true, "process_util_backend": "nvml", "process_sm_util_percent": 21.0, "process_mem_util_percent": 2.0}
{"timestamp_unix": 1772434611.1588993, "pid": 59625, "device_index": 0, "gpu_uuid": "GPU-6f954bfd-7081-31b7-f15c-f9a174bf4d7f", "gpu_util_percent": 21.0, "gpu_mem_util_percent": 2.0, "gpu_mem_used_mib": 48450.0, "gpu_mem_total_mib": 49140.0, "gpu_power_w": 89.55, "process_present": true, "process_mem_mib": 47972.0, "process_mem_share_percent": 97.62311762311762, "process_util_available": true, "process_util_backend": "nvml", "process_sm_util_percent": 21.0, "process_mem_util_percent": 2.0}
{"timestamp_unix": 1772434611.4564836, "pid": 59625, "device_index": 0, "gpu_uuid": "GPU-6f954bfd-7081-31b7-f15c-f9a174bf4d7f", "gpu_util_percent": 21.0, "gpu_mem_util_percent": 2.0, "gpu_mem_used_mib": 48450.0, "gpu_mem_total_mib": 49140.0, "gpu_power_w": 89.55, "process_present": true, "process_mem_mib": 47972.0, "process_mem_share_percent": 97.62311762311762, "process_util_available": true, "process_util_backend": "nvml", "process_sm_util_percent": 21.0, "process_mem_util_percent": 2.0}
{"timestamp_unix": 1772434611.7655404, "pid": 59625, "device_index": 0, "gpu_uuid": "GPU-6f954bfd-7081-31b7-f15c-f9a174bf4d7f", "gpu_util_percent": 21.0, "gpu_mem_util_percent": 2.0, "gpu_mem_used_mib": 48450.0, "gpu_mem_total_mib": 49140.0, "gpu_power_w": 90.29, "process_present": true, "process_mem_mib": 47972.0, "process_mem_share_percent": 97.62311762311762, "process_util_available": true, "process_util_backend": "nvml", "process_sm_util_percent": 21.0, "process_mem_util_percent": 2.0}
{"timestamp_unix": 1772434612.0696716, "pid": 59625, "device_index": 0, "gpu_uuid": "GPU-6f954bfd-7081-31b7-f15c-f9a174bf4d7f", "gpu_util_percent": 21.0, "gpu_mem_util_percent": 2.0, "gpu_mem_used_mib": 48450.0, "gpu_mem_total_mib": 49140.0, "gpu_power_w": 90.4, "process_present": true, "process_mem_mib": 47972.0, "process_mem_share_percent": 97.62311762311762, "process_util_available": true, "process_util_backend": "nvml", "process_sm_util_percent": 21.0, "process_mem_util_percent": 2.0}
{"timestamp_unix": 1772434612.3773518, "pid": 59625, "device_index": 0, "gpu_uuid": "GPU-6f954bfd-7081-31b7-f15c-f9a174bf4d7f", "gpu_util_percent": 21.0, "gpu_mem_util_percent": 2.0, "gpu_mem_used_mib": 48450.0, "gpu_mem_total_mib": 49140.0, "gpu_power_w": 90.4, "process_present": true, "process_mem_mib": 47972.0, "process_mem_share_percent": 97.62311762311762, "process_util_available": true, "process_util_backend": "nvml", "process_sm_util_percent": 20.0, "process_mem_util_percent": 2.0}
{"timestamp_unix": 1772434612.6808698, "pid": 59625, "device_index": 0, "gpu_uuid": "GPU-6f954bfd-7081-31b7-f15c-f9a174bf4d7f", "gpu_util_percent": 20.0, "gpu_mem_util_percent": 2.0, "gpu_mem_used_mib": 48450.0, "gpu_mem_total_mib": 49140.0, "gpu_power_w": 90.33, "process_present": true, "process_mem_mib": 47972.0, "process_mem_share_percent": 97.62311762311762, "process_util_available": true, "process_util_backend": "nvml", "process_sm_util_percent": 20.0, "process_mem_util_percent": 2.0}
{"timestamp_unix": 1772434612.9818125, "pid": 59625, "device_index": 0, "gpu_uuid": "GPU-6f954bfd-7081-31b7-f15c-f9a174bf4d7f", "gpu_util_percent": 20.0, "gpu_mem_util_percent": 2.0, "gpu_mem_used_mib": 48450.0, "gpu_mem_total_mib": 49140.0, "gpu_power_w": 90.26, "process_present": true, "process_mem_mib": 47972.0, "process_mem_share_percent": 97.62311762311762, "process_util_available": true, "process_util_backend": "nvml", "process_sm_util_percent": 10.0, "process_mem_util_percent": 1.0}
{"timestamp_unix": 1772434613.275688, "pid": 59625, "device_index": 0, "gpu_uuid": "GPU-6f954bfd-7081-31b7-f15c-f9a174bf4d7f", "gpu_util_percent": 20.0, "gpu_mem_util_percent": 2.0, "gpu_mem_used_mib": 48450.0, "gpu_mem_total_mib": 49140.0, "gpu_power_w": 90.26, "process_present": true, "process_mem_mib": 47972.0, "process_mem_share_percent": 97.62311762311762, "process_util_available": true, "process_util_backend": "nvml", "process_sm_util_percent": 15.0, "process_mem_util_percent": 1.0}
{"timestamp_unix": 1772434613.5708396, "pid": 59625, "device_index": 0, "gpu_uuid": "GPU-6f954bfd-7081-31b7-f15c-f9a174bf4d7f", "gpu_util_percent": 21.0, "gpu_mem_util_percent": 3.0, "gpu_mem_used_mib": 48450.0, "gpu_mem_total_mib": 49140.0, "gpu_power_w": 89.61, "process_present": true, "process_mem_mib": 47972.0, "process_mem_share_percent": 97.62311762311762, "process_util_available": true, "process_util_backend": "nvml", "process_sm_util_percent": 21.0, "process_mem_util_percent": 2.0}
{"timestamp_unix": 1772434613.8698127, "pid": 59625, "device_index": 0, "gpu_uuid": "GPU-6f954bfd-7081-31b7-f15c-f9a174bf4d7f", "gpu_util_percent": 21.0, "gpu_mem_util_percent": 3.0, "gpu_mem_used_mib": 48450.0, "gpu_mem_total_mib": 49140.0, "gpu_power_w": 89.61, "process_present": true, "process_mem_mib": 47972.0, "process_mem_share_percent": 97.62311762311762, "process_util_available": true, "process_util_backend": "nvml", "process_sm_util_percent": 20.0, "process_mem_util_percent": 2.0}
{"timestamp_unix": 1772434614.1676848, "pid": 59625, "device_index": 0, "gpu_uuid": "GPU-6f954bfd-7081-31b7-f15c-f9a174bf4d7f", "gpu_util_percent": 21.0, "gpu_mem_util_percent": 3.0, "gpu_mem_used_mib": 48452.0, "gpu_mem_total_mib": 49140.0, "gpu_power_w": 90.32, "process_present": true, "process_mem_mib": 47972.0, "process_mem_share_percent": 97.62311762311762, "process_util_available": true, "process_util_backend": "nvml", "process_sm_util_percent": 21.0, "process_mem_util_percent": 2.0}
{"timestamp_unix": 1772434614.4592948, "pid": 59625, "device_index": 0, "gpu_uuid": "GPU-6f954bfd-7081-31b7-f15c-f9a174bf4d7f", "gpu_util_percent": 21.0, "gpu_mem_util_percent": 3.0, "gpu_mem_used_mib": 48452.0, "gpu_mem_total_mib": 49140.0, "gpu_power_w": 90.32, "process_present": true, "process_mem_mib": 47972.0, "process_mem_share_percent": 97.62311762311762, "process_util_available": true, "process_util_backend": "nvml", "process_sm_util_percent": 20.0, "process_mem_util_percent": 2.0}
{"timestamp_unix": 1772434614.754241, "pid": 59625, "device_index": 0, "gpu_uuid": "GPU-6f954bfd-7081-31b7-f15c-f9a174bf4d7f", "gpu_util_percent": 20.0, "gpu_mem_util_percent": 3.0, "gpu_mem_used_mib": 48456.0, "gpu_mem_total_mib": 49140.0, "gpu_power_w": 91.95, "process_present": true, "process_mem_mib": 47972.0, "process_mem_share_percent": 97.62311762311762, "process_util_available": true, "process_util_backend": "nvml", "process_sm_util_percent": 21.0, "process_mem_util_percent": 2.0}
{"timestamp_unix": 1772434615.0702527, "pid": 59625, "device_index": 0, "gpu_uuid": "GPU-6f954bfd-7081-31b7-f15c-f9a174bf4d7f", "gpu_util_percent": 20.0, "gpu_mem_util_percent": 3.0, "gpu_mem_used_mib": 48456.0, "gpu_mem_total_mib": 49140.0, "gpu_power_w": 91.81, "process_present": true, "process_mem_mib": 47972.0, "process_mem_share_percent": 97.62311762311762, "process_util_available": true, "process_util_backend": "nvml", "process_sm_util_percent": 22.0, "process_mem_util_percent": 2.0}
{"timestamp_unix": 1772434615.3786595, "pid": 59625, "device_index": 0, "gpu_uuid": "GPU-6f954bfd-7081-31b7-f15c-f9a174bf4d7f", "gpu_util_percent": 20.0, "gpu_mem_util_percent": 3.0, "gpu_mem_used_mib": 48456.0, "gpu_mem_total_mib": 49140.0, "gpu_power_w": 91.81, "process_present": true, "process_mem_mib": 47972.0, "process_mem_share_percent": 97.62311762311762, "process_util_available": true, "process_util_backend": "nvml", "process_sm_util_percent": 23.0, "process_mem_util_percent": 2.0}
{"timestamp_unix": 1772434615.6920893, "pid": 59625, "device_index": 0, "gpu_uuid": "GPU-6f954bfd-7081-31b7-f15c-f9a174bf4d7f", "gpu_util_percent": 22.0, "gpu_mem_util_percent": 2.0, "gpu_mem_used_mib": 48456.0, "gpu_mem_total_mib": 49140.0, "gpu_power_w": 91.43, "process_present": true, "process_mem_mib": 47972.0, "process_mem_share_percent": 97.62311762311762, "process_util_available": true, "process_util_backend": "nvml", "process_sm_util_percent": 23.0, "process_mem_util_percent": 2.0}
{"timestamp_unix": 1772434615.9905846, "pid": 59625, "device_index": 0, "gpu_uuid": "GPU-6f954bfd-7081-31b7-f15c-f9a174bf4d7f", "gpu_util_percent": 22.0, "gpu_mem_util_percent": 2.0, "gpu_mem_used_mib": 48455.0, "gpu_mem_total_mib": 49140.0, "gpu_power_w": 91.23, "process_present": true, "process_mem_mib": 47972.0, "process_mem_share_percent": 97.62311762311762, "process_util_available": true, "process_util_backend": "nvml", "process_sm_util_percent": 24.0, "process_mem_util_percent": 2.0}
{"timestamp_unix": 1772434616.288468, "pid": 59625, "device_index": 0, "gpu_uuid": "GPU-6f954bfd-7081-31b7-f15c-f9a174bf4d7f", "gpu_util_percent": 22.0, "gpu_mem_util_percent": 2.0, "gpu_mem_used_mib": 48455.0, "gpu_mem_total_mib": 49140.0, "gpu_power_w": 91.23, "process_present": true, "process_mem_mib": 47972.0, "process_mem_share_percent": 97.62311762311762, "process_util_available": true, "process_util_backend": "nvml", "process_sm_util_percent": 23.0, "process_mem_util_percent": 2.0}
{"timestamp_unix": 1772434616.584368, "pid": 59625, "device_index": 0, "gpu_uuid": "GPU-6f954bfd-7081-31b7-f15c-f9a174bf4d7f", "gpu_util_percent": 23.0, "gpu_mem_util_percent": 2.0, "gpu_mem_used_mib": 48455.0, "gpu_mem_total_mib": 49140.0, "gpu_power_w": 91.14, "process_present": true, "process_mem_mib": 47972.0, "process_mem_share_percent": 97.62311762311762, "process_util_available": true, "process_util_backend": "nvml", "process_sm_util_percent": 23.0, "process_mem_util_percent": 2.0}
{"timestamp_unix": 1772434616.87777, "pid": 59625, "device_index": 0, "gpu_uuid": "GPU-6f954bfd-7081-31b7-f15c-f9a174bf4d7f", "gpu_util_percent": 23.0, "gpu_mem_util_percent": 2.0, "gpu_mem_used_mib": 48455.0, "gpu_mem_total_mib": 49140.0, "gpu_power_w": 91.14, "process_present": true, "process_mem_mib": 47972.0, "process_mem_share_percent": 97.62311762311762, "process_util_available": true, "process_util_backend": "nvml", "process_sm_util_percent": 23.0, "process_mem_util_percent": 2.0}
{"timestamp_unix": 1772434617.1733153, "pid": 59625, "device_index": 0, "gpu_uuid": "GPU-6f954bfd-7081-31b7-f15c-f9a174bf4d7f", "gpu_util_percent": 23.0, "gpu_mem_util_percent": 2.0, "gpu_mem_used_mib": 48455.0, "gpu_mem_total_mib": 49140.0, "gpu_power_w": 91.19, "process_present": true, "process_mem_mib": 47972.0, "process_mem_share_percent": 97.62311762311762, "process_util_available": true, "process_util_backend": "nvml", "process_sm_util_percent": 24.0, "process_mem_util_percent": 2.0}
{"timestamp_unix": 1772434617.4731605, "pid": 59625, "device_index": 0, "gpu_uuid": "GPU-6f954bfd-7081-31b7-f15c-f9a174bf4d7f", "gpu_util_percent": 24.0, "gpu_mem_util_percent": 2.0, "gpu_mem_used_mib": 48455.0, "gpu_mem_total_mib": 49140.0, "gpu_power_w": 91.19, "process_present": true, "process_mem_mib": 47972.0, "process_mem_share_percent": 97.62311762311762, "process_util_available": true, "process_util_backend": "nvml", "process_sm_util_percent": 24.0, "process_mem_util_percent": 2.0}
{"timestamp_unix": 1772434617.7856903, "pid": 59625, "device_index": 0, "gpu_uuid": "GPU-6f954bfd-7081-31b7-f15c-f9a174bf4d7f", "gpu_util_percent": 24.0, "gpu_mem_util_percent": 2.0, "gpu_mem_used_mib": 48455.0, "gpu_mem_total_mib": 49140.0, "gpu_power_w": 91.19, "process_present": true, "process_mem_mib": 47972.0, "process_mem_share_percent": 97.62311762311762, "process_util_available": true, "process_util_backend": "nvml", "process_sm_util_percent": 22.0, "process_mem_util_percent": 2.0}
{"timestamp_unix": 1772434618.0950136, "pid": 59625, "device_index": 0, "gpu_uuid": "GPU-6f954bfd-7081-31b7-f15c-f9a174bf4d7f", "gpu_util_percent": 24.0, "gpu_mem_util_percent": 2.0, "gpu_mem_used_mib": 48455.0, "gpu_mem_total_mib": 49140.0, "gpu_power_w": 90.74, "process_present": true, "process_mem_mib": 47972.0, "process_mem_share_percent": 97.62311762311762, "process_util_available": true, "process_util_backend": "nvml", "process_sm_util_percent": 22.0, "process_mem_util_percent": 2.0}
{"timestamp_unix": 1772434618.3989503, "pid": 59625, "device_index": 0, "gpu_uuid": "GPU-6f954bfd-7081-31b7-f15c-f9a174bf4d7f", "gpu_util_percent": 24.0, "gpu_mem_util_percent": 2.0, "gpu_mem_used_mib": 48455.0, "gpu_mem_total_mib": 49140.0, "gpu_power_w": 90.74, "process_present": true, "process_mem_mib": 47972.0, "process_mem_share_percent": 97.62311762311762, "process_util_available": true, "process_util_backend": "nvml", "process_sm_util_percent": 22.0, "process_mem_util_percent": 2.0}
{"timestamp_unix": 1772434618.6935673, "pid": 59625, "device_index": 0, "gpu_uuid": "GPU-6f954bfd-7081-31b7-f15c-f9a174bf4d7f", "gpu_util_percent": 22.0, "gpu_mem_util_percent": 2.0, "gpu_mem_used_mib": 48455.0, "gpu_mem_total_mib": 49140.0, "gpu_power_w": 90.52, "process_present": true, "process_mem_mib": 47972.0, "process_mem_share_percent": 97.62311762311762, "process_util_available": true, "process_util_backend": "nvml", "process_sm_util_percent": 22.0, "process_mem_util_percent": 2.0}
{"timestamp_unix": 1772434618.9901571, "pid": 59625, "device_index": 0, "gpu_uuid": "GPU-6f954bfd-7081-31b7-f15c-f9a174bf4d7f", "gpu_util_percent": 22.0, "gpu_mem_util_percent": 2.0, "gpu_mem_used_mib": 48455.0, "gpu_mem_total_mib": 49140.0, "gpu_power_w": 90.64, "process_present": true, "process_mem_mib": 47972.0, "process_mem_share_percent": 97.62311762311762, "process_util_available": true, "process_util_backend": "nvml", "process_sm_util_percent": null, "process_mem_util_percent": null}
{"timestamp_unix": 1772434619.2881532, "pid": 59625, "device_index": 0, "gpu_uuid": "GPU-6f954bfd-7081-31b7-f15c-f9a174bf4d7f", "gpu_util_percent": 22.0, "gpu_mem_util_percent": 2.0, "gpu_mem_used_mib": 48455.0, "gpu_mem_total_mib": 49140.0, "gpu_power_w": 90.64, "process_present": true, "process_mem_mib": 47972.0, "process_mem_share_percent": 97.62311762311762, "process_util_available": true, "process_util_backend": "nvml", "process_sm_util_percent": 22.0, "process_mem_util_percent": 2.0}
{"timestamp_unix": 1772434619.5971427, "pid": 59625, "device_index": 0, "gpu_uuid": "GPU-6f954bfd-7081-31b7-f15c-f9a174bf4d7f", "gpu_util_percent": 23.0, "gpu_mem_util_percent": 3.0, "gpu_mem_used_mib": 48455.0, "gpu_mem_total_mib": 49140.0, "gpu_power_w": 90.6, "process_present": true, "process_mem_mib": 47972.0, "process_mem_share_percent": 97.62311762311762, "process_util_available": true, "process_util_backend": "nvml", "process_sm_util_percent": 11.0, "process_mem_util_percent": 1.0}
{"timestamp_unix": 1772434619.8922005, "pid": 59625, "device_index": 0, "gpu_uuid": "GPU-6f954bfd-7081-31b7-f15c-f9a174bf4d7f", "gpu_util_percent": 23.0, "gpu_mem_util_percent": 3.0, "gpu_mem_used_mib": 48455.0, "gpu_mem_total_mib": 49140.0, "gpu_power_w": 90.6, "process_present": true, "process_mem_mib": 47972.0, "process_mem_share_percent": 97.62311762311762, "process_util_available": true, "process_util_backend": "nvml", "process_sm_util_percent": 23.0, "process_mem_util_percent": 2.0}
{"timestamp_unix": 1772434620.1911285, "pid": 59625, "device_index": 0, "gpu_uuid": "GPU-6f954bfd-7081-31b7-f15c-f9a174bf4d7f", "gpu_util_percent": 23.0, "gpu_mem_util_percent": 3.0, "gpu_mem_used_mib": 48455.0, "gpu_mem_total_mib": 49140.0, "gpu_power_w": 90.8, "process_present": true, "process_mem_mib": 47972.0, "process_mem_share_percent": 97.62311762311762, "process_util_available": true, "process_util_backend": "nvml", "process_sm_util_percent": 22.0, "process_mem_util_percent": 2.0}
{"timestamp_unix": 1772434620.5026524, "pid": 59625, "device_index": 0, "gpu_uuid": "GPU-6f954bfd-7081-31b7-f15c-f9a174bf4d7f", "gpu_util_percent": 22.0, "gpu_mem_util_percent": 3.0, "gpu_mem_used_mib": 48455.0, "gpu_mem_total_mib": 49140.0, "gpu_power_w": 91.07, "process_present": true, "process_mem_mib": 47972.0, "process_mem_share_percent": 97.62311762311762, "process_util_available": true, "process_util_backend": "nvml", "process_sm_util_percent": 22.0, "process_mem_util_percent": 2.0}
{"timestamp_unix": 1772434620.8116112, "pid": 59625, "device_index": 0, "gpu_uuid": "GPU-6f954bfd-7081-31b7-f15c-f9a174bf4d7f", "gpu_util_percent": 22.0, "gpu_mem_util_percent": 3.0, "gpu_mem_used_mib": 48455.0, "gpu_mem_total_mib": 49140.0, "gpu_power_w": 91.07, "process_present": true, "process_mem_mib": 47972.0, "process_mem_share_percent": 97.62311762311762, "process_util_available": true, "process_util_backend": "nvml", "process_sm_util_percent": 22.0, "process_mem_util_percent": 2.0}
{"timestamp_unix": 1772434621.1164467, "pid": 59625, "device_index": 0, "gpu_uuid": "GPU-6f954bfd-7081-31b7-f15c-f9a174bf4d7f", "gpu_util_percent": 22.0, "gpu_mem_util_percent": 3.0, "gpu_mem_used_mib": 48455.0, "gpu_mem_total_mib": 49140.0, "gpu_power_w": 90.87, "process_present": true, "process_mem_mib": 47972.0, "process_mem_share_percent": 97.62311762311762, "process_util_available": true, "process_util_backend": "nvml", "process_sm_util_percent": null, "process_mem_util_percent": null}
{"timestamp_unix": 1772434621.410717, "pid": 59625, "device_index": 0, "gpu_uuid": "GPU-6f954bfd-7081-31b7-f15c-f9a174bf4d7f", "gpu_util_percent": 22.0, "gpu_mem_util_percent": 3.0, "gpu_mem_used_mib": 48455.0, "gpu_mem_total_mib": 49140.0, "gpu_power_w": 90.87, "process_present": true, "process_mem_mib": 47972.0, "process_mem_share_percent": 97.62311762311762, "process_util_available": true, "process_util_backend": "nvml", "process_sm_util_percent": 23.0, "process_mem_util_percent": 2.0}
{"timestamp_unix": 1772434621.7101216, "pid": 59625, "device_index": 0, "gpu_uuid": "GPU-6f954bfd-7081-31b7-f15c-f9a174bf4d7f", "gpu_util_percent": 24.0, "gpu_mem_util_percent": 3.0, "gpu_mem_used_mib": 48455.0, "gpu_mem_total_mib": 49140.0, "gpu_power_w": 90.15, "process_present": true, "process_mem_mib": 47972.0, "process_mem_share_percent": 97.62311762311762, "process_util_available": true, "process_util_backend": "nvml", "process_sm_util_percent": 24.0, "process_mem_util_percent": 2.0}
{"timestamp_unix": 1772434622.006571, "pid": 59625, "device_index": 0, "gpu_uuid": "GPU-6f954bfd-7081-31b7-f15c-f9a174bf4d7f", "gpu_util_percent": 24.0, "gpu_mem_util_percent": 3.0, "gpu_mem_used_mib": 48455.0, "gpu_mem_total_mib": 49140.0, "gpu_power_w": 90.49, "process_present": true, "process_mem_mib": 47972.0, "process_mem_share_percent": 97.62311762311762, "process_util_available": true, "process_util_backend": "nvml", "process_sm_util_percent": 24.0, "process_mem_util_percent": 2.0}
{"timestamp_unix": 1772434622.3068287, "pid": 59625, "device_index": 0, "gpu_uuid": "GPU-6f954bfd-7081-31b7-f15c-f9a174bf4d7f", "gpu_util_percent": 24.0, "gpu_mem_util_percent": 3.0, "gpu_mem_used_mib": 48455.0, "gpu_mem_total_mib": 49140.0, "gpu_power_w": 90.49, "process_present": true, "process_mem_mib": 47972.0, "process_mem_share_percent": 97.62311762311762, "process_util_available": true, "process_util_backend": "nvml", "process_sm_util_percent": 24.0, "process_mem_util_percent": 2.0}
{"timestamp_unix": 1772434622.6061037, "pid": 59625, "device_index": 0, "gpu_uuid": "GPU-6f954bfd-7081-31b7-f15c-f9a174bf4d7f", "gpu_util_percent": 24.0, "gpu_mem_util_percent": 3.0, "gpu_mem_used_mib": 48455.0, "gpu_mem_total_mib": 49140.0, "gpu_power_w": 92.06, "process_present": true, "process_mem_mib": 47972.0, "process_mem_share_percent": 97.62311762311762, "process_util_available": true, "process_util_backend": "nvml", "process_sm_util_percent": 24.0, "process_mem_util_percent": 2.0}
{"timestamp_unix": 1772434622.9034069, "pid": 59625, "device_index": 0, "gpu_uuid": "GPU-6f954bfd-7081-31b7-f15c-f9a174bf4d7f", "gpu_util_percent": 24.0, "gpu_mem_util_percent": 3.0, "gpu_mem_used_mib": 48455.0, "gpu_mem_total_mib": 49140.0, "gpu_power_w": 92.06, "process_present": true, "process_mem_mib": 47972.0, "process_mem_share_percent": 97.62311762311762, "process_util_available": true, "process_util_backend": "nvml", "process_sm_util_percent": 23.0, "process_mem_util_percent": 2.0}
{"timestamp_unix": 1772434623.228519, "pid": 59625, "device_index": 0, "gpu_uuid": "GPU-6f954bfd-7081-31b7-f15c-f9a174bf4d7f", "gpu_util_percent": 24.0, "gpu_mem_util_percent": 3.0, "gpu_mem_used_mib": 48455.0, "gpu_mem_total_mib": 49140.0, "gpu_power_w": 92.09, "process_present": true, "process_mem_mib": 47972.0, "process_mem_share_percent": 97.62311762311762, "process_util_available": true, "process_util_backend": "nvml", "process_sm_util_percent": 24.0, "process_mem_util_percent": 2.0}
{"timestamp_unix": 1772434623.5448112, "pid": 59625, "device_index": 0, "gpu_uuid": "GPU-6f954bfd-7081-31b7-f15c-f9a174bf4d7f", "gpu_util_percent": 23.0, "gpu_mem_util_percent": 3.0, "gpu_mem_used_mib": 48455.0, "gpu_mem_total_mib": 49140.0, "gpu_power_w": 91.99, "process_present": true, "process_mem_mib": 47972.0, "process_mem_share_percent": 97.62311762311762, "process_util_available": true, "process_util_backend": "nvml", "process_sm_util_percent": 23.0, "process_mem_util_percent": 2.0}
{"timestamp_unix": 1772434623.8534162, "pid": 59625, "device_index": 0, "gpu_uuid": "GPU-6f954bfd-7081-31b7-f15c-f9a174bf4d7f", "gpu_util_percent": 23.0, "gpu_mem_util_percent": 3.0, "gpu_mem_used_mib": 48455.0, "gpu_mem_total_mib": 49140.0, "gpu_power_w": 91.99, "process_present": true, "process_mem_mib": 47972.0, "process_mem_share_percent": 97.62311762311762, "process_util_available": true, "process_util_backend": "nvml", "process_sm_util_percent": 23.0, "process_mem_util_percent": 2.0}
{"timestamp_unix": 1772434624.1585543, "pid": 59625, "device_index": 0, "gpu_uuid": "GPU-6f954bfd-7081-31b7-f15c-f9a174bf4d7f", "gpu_util_percent": 23.0, "gpu_mem_util_percent": 3.0, "gpu_mem_used_mib": 48455.0, "gpu_mem_total_mib": 49140.0, "gpu_power_w": 91.82, "process_present": true, "process_mem_mib": 47972.0, "process_mem_share_percent": 97.62311762311762, "process_util_available": true, "process_util_backend": "nvml", "process_sm_util_percent": 23.0, "process_mem_util_percent": 2.0}
{"timestamp_unix": 1772434624.4551497, "pid": 59625, "device_index": 0, "gpu_uuid": "GPU-6f954bfd-7081-31b7-f15c-f9a174bf4d7f", "gpu_util_percent": 23.0, "gpu_mem_util_percent": 3.0, "gpu_mem_used_mib": 48455.0, "gpu_mem_total_mib": 49140.0, "gpu_power_w": 91.82, "process_present": true, "process_mem_mib": 47972.0, "process_mem_share_percent": 97.62311762311762, "process_util_available": true, "process_util_backend": "nvml", "process_sm_util_percent": 23.0, "process_mem_util_percent": 2.0}
{"timestamp_unix": 1772434624.7518756, "pid": 59625, "device_index": 0, "gpu_uuid": "GPU-6f954bfd-7081-31b7-f15c-f9a174bf4d7f", "gpu_util_percent": 23.0, "gpu_mem_util_percent": 3.0, "gpu_mem_used_mib": 48455.0, "gpu_mem_total_mib": 49140.0, "gpu_power_w": 91.75, "process_present": true, "process_mem_mib": 47972.0, "process_mem_share_percent": 97.62311762311762, "process_util_available": true, "process_util_backend": "nvml", "process_sm_util_percent": 23.0, "process_mem_util_percent": 2.0}
{"timestamp_unix": 1772434625.0477014, "pid": 59625, "device_index": 0, "gpu_uuid": "GPU-6f954bfd-7081-31b7-f15c-f9a174bf4d7f", "gpu_util_percent": 23.0, "gpu_mem_util_percent": 3.0, "gpu_mem_used_mib": 48455.0, "gpu_mem_total_mib": 49140.0, "gpu_power_w": 91.82, "process_present": true, "process_mem_mib": 47972.0, "process_mem_share_percent": 97.62311762311762, "process_util_available": true, "process_util_backend": "nvml", "process_sm_util_percent": 25.0, "process_mem_util_percent": 2.0}
{"timestamp_unix": 1772434625.3423784, "pid": 59625, "device_index": 0, "gpu_uuid": "GPU-6f954bfd-7081-31b7-f15c-f9a174bf4d7f", "gpu_util_percent": 23.0, "gpu_mem_util_percent": 3.0, "gpu_mem_used_mib": 48455.0, "gpu_mem_total_mib": 49140.0, "gpu_power_w": 91.82, "process_present": true, "process_mem_mib": 47972.0, "process_mem_share_percent": 97.62311762311762, "process_util_available": true, "process_util_backend": "nvml", "process_sm_util_percent": 24.0, "process_mem_util_percent": 2.0}
{"timestamp_unix": 1772434625.6408467, "pid": 59625, "device_index": 0, "gpu_uuid": "GPU-6f954bfd-7081-31b7-f15c-f9a174bf4d7f", "gpu_util_percent": 24.0, "gpu_mem_util_percent": 3.0, "gpu_mem_used_mib": 48455.0, "gpu_mem_total_mib": 49140.0, "gpu_power_w": 91.78, "process_present": true, "process_mem_mib": 47972.0, "process_mem_share_percent": 97.62311762311762, "process_util_available": true, "process_util_backend": "nvml", "process_sm_util_percent": 24.0, "process_mem_util_percent": 2.0}
{"timestamp_unix": 1772434625.9500222, "pid": 59625, "device_index": 0, "gpu_uuid": "GPU-6f954bfd-7081-31b7-f15c-f9a174bf4d7f", "gpu_util_percent": 24.0, "gpu_mem_util_percent": 3.0, "gpu_mem_used_mib": 48455.0, "gpu_mem_total_mib": 49140.0, "gpu_power_w": 91.78, "process_present": true, "process_mem_mib": 47972.0, "process_mem_share_percent": 97.62311762311762, "process_util_available": true, "process_util_backend": "nvml", "process_sm_util_percent": 19.0, "process_mem_util_percent": 2.0}
{"timestamp_unix": 1772434626.258776, "pid": 59625, "device_index": 0, "gpu_uuid": "GPU-6f954bfd-7081-31b7-f15c-f9a174bf4d7f", "gpu_util_percent": 24.0, "gpu_mem_util_percent": 3.0, "gpu_mem_used_mib": 48455.0, "gpu_mem_total_mib": 49140.0, "gpu_power_w": 91.19, "process_present": true, "process_mem_mib": 47972.0, "process_mem_share_percent": 97.62311762311762, "process_util_available": true, "process_util_backend": "nvml", "process_sm_util_percent": 22.0, "process_mem_util_percent": 2.0}
{"timestamp_unix": 1772434626.5689685, "pid": 59625, "device_index": 0, "gpu_uuid": "GPU-6f954bfd-7081-31b7-f15c-f9a174bf4d7f", "gpu_util_percent": 22.0, "gpu_mem_util_percent": 3.0, "gpu_mem_used_mib": 48455.0, "gpu_mem_total_mib": 49140.0, "gpu_power_w": 91.11, "process_present": true, "process_mem_mib": 47972.0, "process_mem_share_percent": 97.62311762311762, "process_util_available": true, "process_util_backend": "nvml", "process_sm_util_percent": 22.0, "process_mem_util_percent": 2.0}
{"timestamp_unix": 1772434626.8643346, "pid": 59625, "device_index": 0, "gpu_uuid": "GPU-6f954bfd-7081-31b7-f15c-f9a174bf4d7f", "gpu_util_percent": 22.0, "gpu_mem_util_percent": 3.0, "gpu_mem_used_mib": 48455.0, "gpu_mem_total_mib": 49140.0, "gpu_power_w": 91.11, "process_present": true, "process_mem_mib": 47972.0, "process_mem_share_percent": 97.62311762311762, "process_util_available": true, "process_util_backend": "nvml", "process_sm_util_percent": 22.0, "process_mem_util_percent": 2.0}
{"timestamp_unix": 1772434627.1617227, "pid": 59625, "device_index": 0, "gpu_uuid": "GPU-6f954bfd-7081-31b7-f15c-f9a174bf4d7f", "gpu_util_percent": 22.0, "gpu_mem_util_percent": 3.0, "gpu_mem_used_mib": 48455.0, "gpu_mem_total_mib": 49140.0, "gpu_power_w": 91.62, "process_present": true, "process_mem_mib": 47972.0, "process_mem_share_percent": 97.62311762311762, "process_util_available": true, "process_util_backend": "nvml", "process_sm_util_percent": 22.0, "process_mem_util_percent": 2.0}
{"timestamp_unix": 1772434627.4566631, "pid": 59625, "device_index": 0, "gpu_uuid": "GPU-6f954bfd-7081-31b7-f15c-f9a174bf4d7f", "gpu_util_percent": 22.0, "gpu_mem_util_percent": 3.0, "gpu_mem_used_mib": 48455.0, "gpu_mem_total_mib": 49140.0, "gpu_power_w": 91.62, "process_present": true, "process_mem_mib": 47972.0, "process_mem_share_percent": 97.62311762311762, "process_util_available": true, "process_util_backend": "nvml", "process_sm_util_percent": 22.0, "process_mem_util_percent": 3.0}
{"timestamp_unix": 1772434627.7569313, "pid": 59625, "device_index": 0, "gpu_uuid": "GPU-6f954bfd-7081-31b7-f15c-f9a174bf4d7f", "gpu_util_percent": 22.0, "gpu_mem_util_percent": 3.0, "gpu_mem_used_mib": 48455.0, "gpu_mem_total_mib": 49140.0, "gpu_power_w": 91.83, "process_present": true, "process_mem_mib": 47972.0, "process_mem_share_percent": 97.62311762311762, "process_util_available": true, "process_util_backend": "nvml", "process_sm_util_percent": 22.0, "process_mem_util_percent": 3.0}
{"timestamp_unix": 1772434628.0540786, "pid": 59625, "device_index": 0, "gpu_uuid": "GPU-6f954bfd-7081-31b7-f15c-f9a174bf4d7f", "gpu_util_percent": 22.0, "gpu_mem_util_percent": 3.0, "gpu_mem_used_mib": 48455.0, "gpu_mem_total_mib": 49140.0, "gpu_power_w": 92.0, "process_present": true, "process_mem_mib": 47972.0, "process_mem_share_percent": 97.62311762311762, "process_util_available": true, "process_util_backend": "nvml", "process_sm_util_percent": 22.0, "process_mem_util_percent": 3.0}
{"timestamp_unix": 1772434628.3517263, "pid": 59625, "device_index": 0, "gpu_uuid": "GPU-6f954bfd-7081-31b7-f15c-f9a174bf4d7f", "gpu_util_percent": 22.0, "gpu_mem_util_percent": 3.0, "gpu_mem_used_mib": 48455.0, "gpu_mem_total_mib": 49140.0, "gpu_power_w": 92.0, "process_present": true, "process_mem_mib": 47972.0, "process_mem_share_percent": 97.62311762311762, "process_util_available": true, "process_util_backend": "nvml", "process_sm_util_percent": 22.0, "process_mem_util_percent": 3.0}
{"timestamp_unix": 1772434628.665388, "pid": 59625, "device_index": 0, "gpu_uuid": "GPU-6f954bfd-7081-31b7-f15c-f9a174bf4d7f", "gpu_util_percent": 22.0, "gpu_mem_util_percent": 3.0, "gpu_mem_used_mib": 48455.0, "gpu_mem_total_mib": 49140.0, "gpu_power_w": 92.1, "process_present": true, "process_mem_mib": 47972.0, "process_mem_share_percent": 97.62311762311762, "process_util_available": true, "process_util_backend": "nvml", "process_sm_util_percent": 23.0, "process_mem_util_percent": 3.0}
{"timestamp_unix": 1772434628.9691288, "pid": 59625, "device_index": 0, "gpu_uuid": "GPU-6f954bfd-7081-31b7-f15c-f9a174bf4d7f", "gpu_util_percent": 22.0, "gpu_mem_util_percent": 3.0, "gpu_mem_used_mib": 48455.0, "gpu_mem_total_mib": 49140.0, "gpu_power_w": 92.1, "process_present": true, "process_mem_mib": 47972.0, "process_mem_share_percent": 97.62311762311762, "process_util_available": true, "process_util_backend": "nvml", "process_sm_util_percent": 10.0, "process_mem_util_percent": 1.0}
{"timestamp_unix": 1772434629.2783158, "pid": 59625, "device_index": 0, "gpu_uuid": "GPU-6f954bfd-7081-31b7-f15c-f9a174bf4d7f", "gpu_util_percent": 22.0, "gpu_mem_util_percent": 3.0, "gpu_mem_used_mib": 48455.0, "gpu_mem_total_mib": 49140.0, "gpu_power_w": 90.81, "process_present": true, "process_mem_mib": 47972.0, "process_mem_share_percent": 97.62311762311762, "process_util_available": true, "process_util_backend": "nvml", "process_sm_util_percent": 24.0, "process_mem_util_percent": 2.0}
{"timestamp_unix": 1772434629.5856323, "pid": 59625, "device_index": 0, "gpu_uuid": "GPU-6f954bfd-7081-31b7-f15c-f9a174bf4d7f", "gpu_util_percent": 23.0, "gpu_mem_util_percent": 3.0, "gpu_mem_used_mib": 48455.0, "gpu_mem_total_mib": 49140.0, "gpu_power_w": 90.92, "process_present": true, "process_mem_mib": 47972.0, "process_mem_share_percent": 97.62311762311762, "process_util_available": true, "process_util_backend": "nvml", "process_sm_util_percent": 24.0, "process_mem_util_percent": 2.0}
{"timestamp_unix": 1772434629.88206, "pid": 59625, "device_index": 0, "gpu_uuid": "GPU-6f954bfd-7081-31b7-f15c-f9a174bf4d7f", "gpu_util_percent": 23.0, "gpu_mem_util_percent": 3.0, "gpu_mem_used_mib": 48451.0, "gpu_mem_total_mib": 49140.0, "gpu_power_w": 90.92, "process_present": true, "process_mem_mib": 47972.0, "process_mem_share_percent": 97.62311762311762, "process_util_available": true, "process_util_backend": "nvml", "process_sm_util_percent": 24.0, "process_mem_util_percent": 2.0}
{"timestamp_unix": 1772434630.1769142, "pid": 59625, "device_index": 0, "gpu_uuid": "GPU-6f954bfd-7081-31b7-f15c-f9a174bf4d7f", "gpu_util_percent": 23.0, "gpu_mem_util_percent": 3.0, "gpu_mem_used_mib": 48451.0, "gpu_mem_total_mib": 49140.0, "gpu_power_w": 91.83, "process_present": true, "process_mem_mib": 47972.0, "process_mem_share_percent": 97.62311762311762, "process_util_available": true, "process_util_backend": "nvml", "process_sm_util_percent": 24.0, "process_mem_util_percent": 2.0}
{"timestamp_unix": 1772434630.4732366, "pid": 59625, "device_index": 0, "gpu_uuid": "GPU-6f954bfd-7081-31b7-f15c-f9a174bf4d7f", "gpu_util_percent": 24.0, "gpu_mem_util_percent": 3.0, "gpu_mem_used_mib": 48451.0, "gpu_mem_total_mib": 49140.0, "gpu_power_w": 92.32, "process_present": true, "process_mem_mib": 47972.0, "process_mem_share_percent": 97.62311762311762, "process_util_available": true, "process_util_backend": "nvml", "process_sm_util_percent": 24.0, "process_mem_util_percent": 2.0}
{"timestamp_unix": 1772434630.773205, "pid": 59625, "device_index": 0, "gpu_uuid": "GPU-6f954bfd-7081-31b7-f15c-f9a174bf4d7f", "gpu_util_percent": 24.0, "gpu_mem_util_percent": 3.0, "gpu_mem_used_mib": 48451.0, "gpu_mem_total_mib": 49140.0, "gpu_power_w": 92.32, "process_present": true, "process_mem_mib": 47972.0, "process_mem_share_percent": 97.62311762311762, "process_util_available": true, "process_util_backend": "nvml", "process_sm_util_percent": 24.0, "process_mem_util_percent": 2.0}
{"timestamp_unix": 1772434631.0711088, "pid": 59625, "device_index": 0, "gpu_uuid": "GPU-6f954bfd-7081-31b7-f15c-f9a174bf4d7f", "gpu_util_percent": 24.0, "gpu_mem_util_percent": 3.0, "gpu_mem_used_mib": 48454.0, "gpu_mem_total_mib": 49140.0, "gpu_power_w": 92.25, "process_present": true, "process_mem_mib": 47972.0, "process_mem_share_percent": 97.62311762311762, "process_util_available": true, "process_util_backend": "nvml", "process_sm_util_percent": 26.0, "process_mem_util_percent": 2.0}
{"timestamp_unix": 1772434631.3679373, "pid": 59625, "device_index": 0, "gpu_uuid": "GPU-6f954bfd-7081-31b7-f15c-f9a174bf4d7f", "gpu_util_percent": 24.0, "gpu_mem_util_percent": 3.0, "gpu_mem_used_mib": 48454.0, "gpu_mem_total_mib": 49140.0, "gpu_power_w": 92.25, "process_present": true, "process_mem_mib": 47972.0, "process_mem_share_percent": 97.62311762311762, "process_util_available": true, "process_util_backend": "nvml", "process_sm_util_percent": 24.0, "process_mem_util_percent": 2.0}
{"timestamp_unix": 1772434631.6941333, "pid": 59625, "device_index": 0, "gpu_uuid": "GPU-6f954bfd-7081-31b7-f15c-f9a174bf4d7f", "gpu_util_percent": 24.0, "gpu_mem_util_percent": 3.0, "gpu_mem_used_mib": 48454.0, "gpu_mem_total_mib": 49140.0, "gpu_power_w": 92.27, "process_present": true, "process_mem_mib": 47972.0, "process_mem_share_percent": 97.62311762311762, "process_util_available": true, "process_util_backend": "nvml", "process_sm_util_percent": 23.0, "process_mem_util_percent": 2.0}
{"timestamp_unix": 1772434632.002041, "pid": 59625, "device_index": 0, "gpu_uuid": "GPU-6f954bfd-7081-31b7-f15c-f9a174bf4d7f", "gpu_util_percent": 24.0, "gpu_mem_util_percent": 3.0, "gpu_mem_used_mib": 48454.0, "gpu_mem_total_mib": 49140.0, "gpu_power_w": 92.13, "process_present": true, "process_mem_mib": 47972.0, "process_mem_share_percent": 97.62311762311762, "process_util_available": true, "process_util_backend": "nvml", "process_sm_util_percent": 24.0, "process_mem_util_percent": 2.0}
{"timestamp_unix": 1772434632.2955499, "pid": 59625, "device_index": 0, "gpu_uuid": "GPU-6f954bfd-7081-31b7-f15c-f9a174bf4d7f", "gpu_util_percent": 24.0, "gpu_mem_util_percent": 3.0, "gpu_mem_used_mib": 48460.0, "gpu_mem_total_mib": 49140.0, "gpu_power_w": 92.13, "process_present": true, "process_mem_mib": 47972.0, "process_mem_share_percent": 97.62311762311762, "process_util_available": true, "process_util_backend": "nvml", "process_sm_util_percent": 26.0, "process_mem_util_percent": 2.0}
{"timestamp_unix": 1772434632.5889392, "pid": 59625, "device_index": 0, "gpu_uuid": "GPU-6f954bfd-7081-31b7-f15c-f9a174bf4d7f", "gpu_util_percent": 26.0, "gpu_mem_util_percent": 3.0, "gpu_mem_used_mib": 48460.0, "gpu_mem_total_mib": 49140.0, "gpu_power_w": 92.13, "process_present": true, "process_mem_mib": 47972.0, "process_mem_share_percent": 97.62311762311762, "process_util_available": true, "process_util_backend": "nvml", "process_sm_util_percent": 26.0, "process_mem_util_percent": 2.0}
{"timestamp_unix": 1772434632.8866072, "pid": 59625, "device_index": 0, "gpu_uuid": "GPU-6f954bfd-7081-31b7-f15c-f9a174bf4d7f", "gpu_util_percent": 26.0, "gpu_mem_util_percent": 3.0, "gpu_mem_used_mib": 48460.0, "gpu_mem_total_mib": 49140.0, "gpu_power_w": 92.13, "process_present": true, "process_mem_mib": 47972.0, "process_mem_share_percent": 97.62311762311762, "process_util_available": true, "process_util_backend": "nvml", "process_sm_util_percent": 25.0, "process_mem_util_percent": 2.0}
{"timestamp_unix": 1772434633.184025, "pid": 59625, "device_index": 0, "gpu_uuid": "GPU-6f954bfd-7081-31b7-f15c-f9a174bf4d7f", "gpu_util_percent": 26.0, "gpu_mem_util_percent": 3.0, "gpu_mem_used_mib": 48460.0, "gpu_mem_total_mib": 49140.0, "gpu_power_w": 92.22, "process_present": true, "process_mem_mib": 47972.0, "process_mem_share_percent": 97.62311762311762, "process_util_available": true, "process_util_backend": "nvml", "process_sm_util_percent": 26.0, "process_mem_util_percent": 2.0}
{"timestamp_unix": 1772434633.4803507, "pid": 59625, "device_index": 0, "gpu_uuid": "GPU-6f954bfd-7081-31b7-f15c-f9a174bf4d7f", "gpu_util_percent": 26.0, "gpu_mem_util_percent": 3.0, "gpu_mem_used_mib": 48460.0, "gpu_mem_total_mib": 49140.0, "gpu_power_w": 92.18, "process_present": true, "process_mem_mib": 47972.0, "process_mem_share_percent": 97.62311762311762, "process_util_available": true, "process_util_backend": "nvml", "process_sm_util_percent": 25.0, "process_mem_util_percent": 2.0}
{"timestamp_unix": 1772434633.7750013, "pid": 59625, "device_index": 0, "gpu_uuid": "GPU-6f954bfd-7081-31b7-f15c-f9a174bf4d7f", "gpu_util_percent": 26.0, "gpu_mem_util_percent": 3.0, "gpu_mem_used_mib": 48460.0, "gpu_mem_total_mib": 49140.0, "gpu_power_w": 92.18, "process_present": true, "process_mem_mib": 47972.0, "process_mem_share_percent": 97.62311762311762, "process_util_available": true, "process_util_backend": "nvml", "process_sm_util_percent": 12.0, "process_mem_util_percent": 1.0}
{"timestamp_unix": 1772434634.0781524, "pid": 59625, "device_index": 0, "gpu_uuid": "GPU-6f954bfd-7081-31b7-f15c-f9a174bf4d7f", "gpu_util_percent": 26.0, "gpu_mem_util_percent": 3.0, "gpu_mem_used_mib": 48460.0, "gpu_mem_total_mib": 49140.0, "gpu_power_w": 91.64, "process_present": true, "process_mem_mib": 47972.0, "process_mem_share_percent": 97.62311762311762, "process_util_available": true, "process_util_backend": "nvml", "process_sm_util_percent": 23.0, "process_mem_util_percent": 3.0}
{"timestamp_unix": 1772434634.3869817, "pid": 59625, "device_index": 0, "gpu_uuid": "GPU-6f954bfd-7081-31b7-f15c-f9a174bf4d7f", "gpu_util_percent": 26.0, "gpu_mem_util_percent": 3.0, "gpu_mem_used_mib": 48460.0, "gpu_mem_total_mib": 49140.0, "gpu_power_w": 91.64, "process_present": true, "process_mem_mib": 47972.0, "process_mem_share_percent": 97.62311762311762, "process_util_available": true, "process_util_backend": "nvml", "process_sm_util_percent": 12.0, "process_mem_util_percent": 1.0}
{"timestamp_unix": 1772434634.7152267, "pid": 59625, "device_index": 0, "gpu_uuid": "GPU-6f954bfd-7081-31b7-f15c-f9a174bf4d7f", "gpu_util_percent": 25.0, "gpu_mem_util_percent": 3.0, "gpu_mem_used_mib": 48460.0, "gpu_mem_total_mib": 49140.0, "gpu_power_w": 91.76, "process_present": true, "process_mem_mib": 47972.0, "process_mem_share_percent": 97.62311762311762, "process_util_available": true, "process_util_backend": "nvml", "process_sm_util_percent": null, "process_mem_util_percent": null}
{"timestamp_unix": 1772434635.02826, "pid": 59625, "device_index": 0, "gpu_uuid": "GPU-6f954bfd-7081-31b7-f15c-f9a174bf4d7f", "gpu_util_percent": 25.0, "gpu_mem_util_percent": 3.0, "gpu_mem_used_mib": 48460.0, "gpu_mem_total_mib": 49140.0, "gpu_power_w": 92.52, "process_present": true, "process_mem_mib": 47972.0, "process_mem_share_percent": 97.62311762311762, "process_util_available": true, "process_util_backend": "nvml", "process_sm_util_percent": null, "process_mem_util_percent": null}
{"timestamp_unix": 1772434635.323498, "pid": 59625, "device_index": 0, "gpu_uuid": "GPU-6f954bfd-7081-31b7-f15c-f9a174bf4d7f", "gpu_util_percent": 25.0, "gpu_mem_util_percent": 3.0, "gpu_mem_used_mib": 48460.0, "gpu_mem_total_mib": 49140.0, "gpu_power_w": 92.52, "process_present": true, "process_mem_mib": 47972.0, "process_mem_share_percent": 97.62311762311762, "process_util_available": true, "process_util_backend": "nvml", "process_sm_util_percent": 22.0, "process_mem_util_percent": 3.0}
{"timestamp_unix": 1772434635.6210537, "pid": 59625, "device_index": 0, "gpu_uuid": "GPU-6f954bfd-7081-31b7-f15c-f9a174bf4d7f", "gpu_util_percent": 23.0, "gpu_mem_util_percent": 3.0, "gpu_mem_used_mib": 48460.0, "gpu_mem_total_mib": 49140.0, "gpu_power_w": 92.79, "process_present": true, "process_mem_mib": 47972.0, "process_mem_share_percent": 97.62311762311762, "process_util_available": true, "process_util_backend": "nvml", "process_sm_util_percent": 21.0, "process_mem_util_percent": 3.0}
{"timestamp_unix": 1772434635.9202914, "pid": 59625, "device_index": 0, "gpu_uuid": "GPU-6f954bfd-7081-31b7-f15c-f9a174bf4d7f", "gpu_util_percent": 23.0, "gpu_mem_util_percent": 3.0, "gpu_mem_used_mib": 48460.0, "gpu_mem_total_mib": 49140.0, "gpu_power_w": 92.79, "process_present": true, "process_mem_mib": 47972.0, "process_mem_share_percent": 97.62311762311762, "process_util_available": true, "process_util_backend": "nvml", "process_sm_util_percent": 21.0, "process_mem_util_percent": 3.0}
{"timestamp_unix": 1772434636.2181888, "pid": 59625, "device_index": 0, "gpu_uuid": "GPU-6f954bfd-7081-31b7-f15c-f9a174bf4d7f", "gpu_util_percent": 23.0, "gpu_mem_util_percent": 3.0, "gpu_mem_used_mib": 48460.0, "gpu_mem_total_mib": 49140.0, "gpu_power_w": 93.06, "process_present": true, "process_mem_mib": 47972.0, "process_mem_share_percent": 97.62311762311762, "process_util_available": true, "process_util_backend": "nvml", "process_sm_util_percent": 22.0, "process_mem_util_percent": 3.0}
{"timestamp_unix": 1772434636.5139592, "pid": 59625, "device_index": 0, "gpu_uuid": "GPU-6f954bfd-7081-31b7-f15c-f9a174bf4d7f", "gpu_util_percent": 25.0, "gpu_mem_util_percent": 4.0, "gpu_mem_used_mib": 48460.0, "gpu_mem_total_mib": 49140.0, "gpu_power_w": 93.11, "process_present": true, "process_mem_mib": 47972.0, "process_mem_share_percent": 97.62311762311762, "process_util_available": true, "process_util_backend": "nvml", "process_sm_util_percent": 23.0, "process_mem_util_percent": 3.0}
{"timestamp_unix": 1772434636.8082821, "pid": 59625, "device_index": 0, "gpu_uuid": "GPU-6f954bfd-7081-31b7-f15c-f9a174bf4d7f", "gpu_util_percent": 25.0, "gpu_mem_util_percent": 4.0, "gpu_mem_used_mib": 48460.0, "gpu_mem_total_mib": 49140.0, "gpu_power_w": 93.11, "process_present": true, "process_mem_mib": 47972.0, "process_mem_share_percent": 97.62311762311762, "process_util_available": true, "process_util_backend": "nvml", "process_sm_util_percent": null, "process_mem_util_percent": null}
{"timestamp_unix": 1772434637.1118999, "pid": 59625, "device_index": 0, "gpu_uuid": "GPU-6f954bfd-7081-31b7-f15c-f9a174bf4d7f", "gpu_util_percent": 25.0, "gpu_mem_util_percent": 4.0, "gpu_mem_used_mib": 48458.0, "gpu_mem_total_mib": 49140.0, "gpu_power_w": 90.81, "process_present": true, "process_mem_mib": 47972.0, "process_mem_share_percent": 97.62311762311762, "process_util_available": true, "process_util_backend": "nvml", "process_sm_util_percent": 23.0, "process_mem_util_percent": 2.0}
{"timestamp_unix": 1772434637.4190958, "pid": 59625, "device_index": 0, "gpu_uuid": "GPU-6f954bfd-7081-31b7-f15c-f9a174bf4d7f", "gpu_util_percent": 25.0, "gpu_mem_util_percent": 4.0, "gpu_mem_used_mib": 48458.0, "gpu_mem_total_mib": 49140.0, "gpu_power_w": 90.81, "process_present": true, "process_mem_mib": 47972.0, "process_mem_share_percent": 97.62311762311762, "process_util_available": true, "process_util_backend": "nvml", "process_sm_util_percent": 25.0, "process_mem_util_percent": 2.0}
{"timestamp_unix": 1772434637.7291162, "pid": 59625, "device_index": 0, "gpu_uuid": "GPU-6f954bfd-7081-31b7-f15c-f9a174bf4d7f", "gpu_util_percent": 27.0, "gpu_mem_util_percent": 3.0, "gpu_mem_used_mib": 48458.0, "gpu_mem_total_mib": 49140.0, "gpu_power_w": 90.57, "process_present": true, "process_mem_mib": 47972.0, "process_mem_share_percent": 97.62311762311762, "process_util_available": true, "process_util_backend": "nvml", "process_sm_util_percent": 25.0, "process_mem_util_percent": 3.0}
{"timestamp_unix": 1772434638.0248542, "pid": 59625, "device_index": 0, "gpu_uuid": "GPU-6f954bfd-7081-31b7-f15c-f9a174bf4d7f", "gpu_util_percent": 27.0, "gpu_mem_util_percent": 3.0, "gpu_mem_used_mib": 48459.0, "gpu_mem_total_mib": 49140.0, "gpu_power_w": 92.61, "process_present": true, "process_mem_mib": 47972.0, "process_mem_share_percent": 97.62311762311762, "process_util_available": true, "process_util_backend": "nvml", "process_sm_util_percent": 26.0, "process_mem_util_percent": 3.0}
{"timestamp_unix": 1772434638.3226395, "pid": 59625, "device_index": 0, "gpu_uuid": "GPU-6f954bfd-7081-31b7-f15c-f9a174bf4d7f", "gpu_util_percent": 27.0, "gpu_mem_util_percent": 3.0, "gpu_mem_used_mib": 48459.0, "gpu_mem_total_mib": 49140.0, "gpu_power_w": 92.61, "process_present": true, "process_mem_mib": 47972.0, "process_mem_share_percent": 97.62311762311762, "process_util_available": true, "process_util_backend": "nvml", "process_sm_util_percent": 26.0, "process_mem_util_percent": 3.0}
{"timestamp_unix": 1772434638.6211655, "pid": 59625, "device_index": 0, "gpu_uuid": "GPU-6f954bfd-7081-31b7-f15c-f9a174bf4d7f", "gpu_util_percent": 27.0, "gpu_mem_util_percent": 3.0, "gpu_mem_used_mib": 48459.0, "gpu_mem_total_mib": 49140.0, "gpu_power_w": 92.95, "process_present": true, "process_mem_mib": 47972.0, "process_mem_share_percent": 97.62311762311762, "process_util_available": true, "process_util_backend": "nvml", "process_sm_util_percent": 25.0, "process_mem_util_percent": 3.0}
{"timestamp_unix": 1772434638.9179537, "pid": 59625, "device_index": 0, "gpu_uuid": "GPU-6f954bfd-7081-31b7-f15c-f9a174bf4d7f", "gpu_util_percent": 27.0, "gpu_mem_util_percent": 3.0, "gpu_mem_used_mib": 48459.0, "gpu_mem_total_mib": 49140.0, "gpu_power_w": 92.95, "process_present": true, "process_mem_mib": 47972.0, "process_mem_share_percent": 97.62311762311762, "process_util_available": true, "process_util_backend": "nvml", "process_sm_util_percent": 25.0, "process_mem_util_percent": 3.0}
{"timestamp_unix": 1772434639.2177427, "pid": 59625, "device_index": 0, "gpu_uuid": "GPU-6f954bfd-7081-31b7-f15c-f9a174bf4d7f", "gpu_util_percent": 27.0, "gpu_mem_util_percent": 3.0, "gpu_mem_used_mib": 48458.0, "gpu_mem_total_mib": 49140.0, "gpu_power_w": 92.97, "process_present": true, "process_mem_mib": 47972.0, "process_mem_share_percent": 97.62311762311762, "process_util_available": true, "process_util_backend": "nvml", "process_sm_util_percent": 26.0, "process_mem_util_percent": 3.0}
{"timestamp_unix": 1772434639.521194, "pid": 59625, "device_index": 0, "gpu_uuid": "GPU-6f954bfd-7081-31b7-f15c-f9a174bf4d7f", "gpu_util_percent": 27.0, "gpu_mem_util_percent": 3.0, "gpu_mem_used_mib": 48458.0, "gpu_mem_total_mib": 49140.0, "gpu_power_w": 92.95, "process_present": true, "process_mem_mib": 47972.0, "process_mem_share_percent": 97.62311762311762, "process_util_available": true, "process_util_backend": "nvml", "process_sm_util_percent": 26.0, "process_mem_util_percent": 3.0}
{"timestamp_unix": 1772434639.8355963, "pid": 59625, "device_index": 0, "gpu_uuid": "GPU-6f954bfd-7081-31b7-f15c-f9a174bf4d7f", "gpu_util_percent": 27.0, "gpu_mem_util_percent": 3.0, "gpu_mem_used_mib": 48458.0, "gpu_mem_total_mib": 49140.0, "gpu_power_w": 92.95, "process_present": true, "process_mem_mib": 47972.0, "process_mem_share_percent": 97.62311762311762, "process_util_available": true, "process_util_backend": "nvml", "process_sm_util_percent": 26.0, "process_mem_util_percent": 2.0}
{"timestamp_unix": 1772434640.1450288, "pid": 59625, "device_index": 0, "gpu_uuid": "GPU-6f954bfd-7081-31b7-f15c-f9a174bf4d7f", "gpu_util_percent": 27.0, "gpu_mem_util_percent": 3.0, "gpu_mem_used_mib": 48458.0, "gpu_mem_total_mib": 49140.0, "gpu_power_w": 92.99, "process_present": true, "process_mem_mib": 47972.0, "process_mem_share_percent": 97.62311762311762, "process_util_available": true, "process_util_backend": "nvml", "process_sm_util_percent": 26.0, "process_mem_util_percent": 2.0}
{"timestamp_unix": 1772434640.4520411, "pid": 59625, "device_index": 0, "gpu_uuid": "GPU-6f954bfd-7081-31b7-f15c-f9a174bf4d7f", "gpu_util_percent": 27.0, "gpu_mem_util_percent": 3.0, "gpu_mem_used_mib": 48458.0, "gpu_mem_total_mib": 49140.0, "gpu_power_w": 92.99, "process_present": true, "process_mem_mib": 47972.0, "process_mem_share_percent": 97.62311762311762, "process_util_available": true, "process_util_backend": "nvml", "process_sm_util_percent": 26.0, "process_mem_util_percent": 2.0}
{"timestamp_unix": 1772434640.7680311, "pid": 59625, "device_index": 0, "gpu_uuid": "GPU-6f954bfd-7081-31b7-f15c-f9a174bf4d7f", "gpu_util_percent": 27.0, "gpu_mem_util_percent": 3.0, "gpu_mem_used_mib": 48458.0, "gpu_mem_total_mib": 49140.0, "gpu_power_w": 92.88, "process_present": true, "process_mem_mib": 47972.0, "process_mem_share_percent": 97.62311762311762, "process_util_available": true, "process_util_backend": "nvml", "process_sm_util_percent": 26.0, "process_mem_util_percent": 2.0}
{"timestamp_unix": 1772434641.0651643, "pid": 59625, "device_index": 0, "gpu_uuid": "GPU-6f954bfd-7081-31b7-f15c-f9a174bf4d7f", "gpu_util_percent": 27.0, "gpu_mem_util_percent": 3.0, "gpu_mem_used_mib": 48458.0, "gpu_mem_total_mib": 49140.0, "gpu_power_w": 92.75, "process_present": true, "process_mem_mib": 47972.0, "process_mem_share_percent": 97.62311762311762, "process_util_available": true, "process_util_backend": "nvml", "process_sm_util_percent": 25.0, "process_mem_util_percent": 2.0}
{"timestamp_unix": 1772434641.3599305, "pid": 59625, "device_index": 0, "gpu_uuid": "GPU-6f954bfd-7081-31b7-f15c-f9a174bf4d7f", "gpu_util_percent": 27.0, "gpu_mem_util_percent": 3.0, "gpu_mem_used_mib": 48452.0, "gpu_mem_total_mib": 49140.0, "gpu_power_w": 92.75, "process_present": true, "process_mem_mib": 47972.0, "process_mem_share_percent": 97.62311762311762, "process_util_available": true, "process_util_backend": "nvml", "process_sm_util_percent": 25.0, "process_mem_util_percent": 2.0}
{"timestamp_unix": 1772434641.6636298, "pid": 59625, "device_index": 0, "gpu_uuid": "GPU-6f954bfd-7081-31b7-f15c-f9a174bf4d7f", "gpu_util_percent": 27.0, "gpu_mem_util_percent": 3.0, "gpu_mem_used_mib": 48452.0, "gpu_mem_total_mib": 49140.0, "gpu_power_w": 92.65, "process_present": true, "process_mem_mib": 47972.0, "process_mem_share_percent": 97.62311762311762, "process_util_available": true, "process_util_backend": "nvml", "process_sm_util_percent": 20.0, "process_mem_util_percent": 2.0}
{"timestamp_unix": 1772434641.9572637, "pid": 59625, "device_index": 0, "gpu_uuid": "GPU-6f954bfd-7081-31b7-f15c-f9a174bf4d7f", "gpu_util_percent": 27.0, "gpu_mem_util_percent": 3.0, "gpu_mem_used_mib": 48452.0, "gpu_mem_total_mib": 49140.0, "gpu_power_w": 92.65, "process_present": true, "process_mem_mib": 47972.0, "process_mem_share_percent": 97.62311762311762, "process_util_available": true, "process_util_backend": "nvml", "process_sm_util_percent": 24.0, "process_mem_util_percent": 3.0}
{"timestamp_unix": 1772434642.2549334, "pid": 59625, "device_index": 0, "gpu_uuid": "GPU-6f954bfd-7081-31b7-f15c-f9a174bf4d7f", "gpu_util_percent": 27.0, "gpu_mem_util_percent": 3.0, "gpu_mem_used_mib": 48452.0, "gpu_mem_total_mib": 49140.0, "gpu_power_w": 91.75, "process_present": true, "process_mem_mib": 47972.0, "process_mem_share_percent": 97.62311762311762, "process_util_available": true, "process_util_backend": "nvml", "process_sm_util_percent": 23.0, "process_mem_util_percent": 3.0}
{"timestamp_unix": 1772434642.5614274, "pid": 59625, "device_index": 0, "gpu_uuid": "GPU-6f954bfd-7081-31b7-f15c-f9a174bf4d7f", "gpu_util_percent": 25.0, "gpu_mem_util_percent": 3.0, "gpu_mem_used_mib": 48452.0, "gpu_mem_total_mib": 49140.0, "gpu_power_w": 91.67, "process_present": true, "process_mem_mib": 47972.0, "process_mem_share_percent": 97.62311762311762, "process_util_available": true, "process_util_backend": "nvml", "process_sm_util_percent": 23.0, "process_mem_util_percent": 3.0}
{"timestamp_unix": 1772434642.865154, "pid": 59625, "device_index": 0, "gpu_uuid": "GPU-6f954bfd-7081-31b7-f15c-f9a174bf4d7f", "gpu_util_percent": 25.0, "gpu_mem_util_percent": 3.0, "gpu_mem_used_mib": 48452.0, "gpu_mem_total_mib": 49140.0, "gpu_power_w": 91.67, "process_present": true, "process_mem_mib": 47972.0, "process_mem_share_percent": 97.62311762311762, "process_util_available": true, "process_util_backend": "nvml", "process_sm_util_percent": 23.0, "process_mem_util_percent": 3.0}
{"timestamp_unix": 1772434643.1728792, "pid": 59625, "device_index": 0, "gpu_uuid": "GPU-6f954bfd-7081-31b7-f15c-f9a174bf4d7f", "gpu_util_percent": 25.0, "gpu_mem_util_percent": 3.0, "gpu_mem_used_mib": 48454.0, "gpu_mem_total_mib": 49140.0, "gpu_power_w": 92.57, "process_present": true, "process_mem_mib": 47972.0, "process_mem_share_percent": 97.62311762311762, "process_util_available": true, "process_util_backend": "nvml", "process_sm_util_percent": 24.0, "process_mem_util_percent": 3.0}
{"timestamp_unix": 1772434643.4815922, "pid": 59625, "device_index": 0, "gpu_uuid": "GPU-6f954bfd-7081-31b7-f15c-f9a174bf4d7f", "gpu_util_percent": 25.0, "gpu_mem_util_percent": 3.0, "gpu_mem_used_mib": 48454.0, "gpu_mem_total_mib": 49140.0, "gpu_power_w": 92.73, "process_present": true, "process_mem_mib": 47972.0, "process_mem_share_percent": 97.62311762311762, "process_util_available": true, "process_util_backend": "nvml", "process_sm_util_percent": 22.0, "process_mem_util_percent": 3.0}
{"timestamp_unix": 1772434643.7770205, "pid": 59625, "device_index": 0, "gpu_uuid": "GPU-6f954bfd-7081-31b7-f15c-f9a174bf4d7f", "gpu_util_percent": 23.0, "gpu_mem_util_percent": 3.0, "gpu_mem_used_mib": 48454.0, "gpu_mem_total_mib": 49140.0, "gpu_power_w": 92.73, "process_present": true, "process_mem_mib": 47972.0, "process_mem_share_percent": 97.62311762311762, "process_util_available": true, "process_util_backend": "nvml", "process_sm_util_percent": 22.0, "process_mem_util_percent": 3.0}
{"timestamp_unix": 1772434644.0721078, "pid": 59625, "device_index": 0, "gpu_uuid": "GPU-6f954bfd-7081-31b7-f15c-f9a174bf4d7f", "gpu_util_percent": 23.0, "gpu_mem_util_percent": 3.0, "gpu_mem_used_mib": 48454.0, "gpu_mem_total_mib": 49140.0, "gpu_power_w": 92.81, "process_present": true, "process_mem_mib": 47972.0, "process_mem_share_percent": 97.62311762311762, "process_util_available": true, "process_util_backend": "nvml", "process_sm_util_percent": 23.0, "process_mem_util_percent": 3.0}
{"timestamp_unix": 1772434644.3700528, "pid": 59625, "device_index": 0, "gpu_uuid": "GPU-6f954bfd-7081-31b7-f15c-f9a174bf4d7f", "gpu_util_percent": 23.0, "gpu_mem_util_percent": 3.0, "gpu_mem_used_mib": 48454.0, "gpu_mem_total_mib": 49140.0, "gpu_power_w": 92.81, "process_present": true, "process_mem_mib": 47972.0, "process_mem_share_percent": 97.62311762311762, "process_util_available": true, "process_util_backend": "nvml", "process_sm_util_percent": 23.0, "process_mem_util_percent": 3.0}
{"timestamp_unix": 1772434644.6714852, "pid": 59625, "device_index": 0, "gpu_uuid": "GPU-6f954bfd-7081-31b7-f15c-f9a174bf4d7f", "gpu_util_percent": 23.0, "gpu_mem_util_percent": 4.0, "gpu_mem_used_mib": 48454.0, "gpu_mem_total_mib": 49140.0, "gpu_power_w": 92.93, "process_present": true, "process_mem_mib": 47972.0, "process_mem_share_percent": 97.62311762311762, "process_util_available": true, "process_util_backend": "nvml", "process_sm_util_percent": 23.0, "process_mem_util_percent": 3.0}
{"timestamp_unix": 1772434644.971407, "pid": 59625, "device_index": 0, "gpu_uuid": "GPU-6f954bfd-7081-31b7-f15c-f9a174bf4d7f", "gpu_util_percent": 23.0, "gpu_mem_util_percent": 4.0, "gpu_mem_used_mib": 48458.0, "gpu_mem_total_mib": 49140.0, "gpu_power_w": 92.07, "process_present": true, "process_mem_mib": 47972.0, "process_mem_share_percent": 97.62311762311762, "process_util_available": true, "process_util_backend": "nvml", "process_sm_util_percent": null, "process_mem_util_percent": null}
{"timestamp_unix": 1772434645.2709966, "pid": 59625, "device_index": 0, "gpu_uuid": "GPU-6f954bfd-7081-31b7-f15c-f9a174bf4d7f", "gpu_util_percent": 23.0, "gpu_mem_util_percent": 4.0, "gpu_mem_used_mib": 48456.0, "gpu_mem_total_mib": 49140.0, "gpu_power_w": 92.07, "process_present": true, "process_mem_mib": 47972.0, "process_mem_share_percent": 97.62311762311762, "process_util_available": true, "process_util_backend": "nvml", "process_sm_util_percent": 20.0, "process_mem_util_percent": 2.0}
{"timestamp_unix": 1772434645.5796654, "pid": 59625, "device_index": 0, "gpu_uuid": "GPU-6f954bfd-7081-31b7-f15c-f9a174bf4d7f", "gpu_util_percent": 24.0, "gpu_mem_util_percent": 3.0, "gpu_mem_used_mib": 48456.0, "gpu_mem_total_mib": 49140.0, "gpu_power_w": 90.78, "process_present": true, "process_mem_mib": 47972.0, "process_mem_share_percent": 97.62311762311762, "process_util_available": true, "process_util_backend": "nvml", "process_sm_util_percent": 24.0, "process_mem_util_percent": 3.0}
{"timestamp_unix": 1772434645.8856335, "pid": 59625, "device_index": 0, "gpu_uuid": "GPU-6f954bfd-7081-31b7-f15c-f9a174bf4d7f", "gpu_util_percent": 24.0, "gpu_mem_util_percent": 3.0, "gpu_mem_used_mib": 48456.0, "gpu_mem_total_mib": 49140.0, "gpu_power_w": 90.78, "process_present": true, "process_mem_mib": 47972.0, "process_mem_share_percent": 97.62311762311762, "process_util_available": true, "process_util_backend": "nvml", "process_sm_util_percent": 24.0, "process_mem_util_percent": 3.0}
{"timestamp_unix": 1772434646.194134, "pid": 59625, "device_index": 0, "gpu_uuid": "GPU-6f954bfd-7081-31b7-f15c-f9a174bf4d7f", "gpu_util_percent": 24.0, "gpu_mem_util_percent": 3.0, "gpu_mem_used_mib": 48456.0, "gpu_mem_total_mib": 49140.0, "gpu_power_w": 90.95, "process_present": true, "process_mem_mib": 47972.0, "process_mem_share_percent": 97.62311762311762, "process_util_available": true, "process_util_backend": "nvml", "process_sm_util_percent": 24.0, "process_mem_util_percent": 3.0}
{"timestamp_unix": 1772434646.4919791, "pid": 59625, "device_index": 0, "gpu_uuid": "GPU-6f954bfd-7081-31b7-f15c-f9a174bf4d7f", "gpu_util_percent": 22.0, "gpu_mem_util_percent": 3.0, "gpu_mem_used_mib": 48456.0, "gpu_mem_total_mib": 49140.0, "gpu_power_w": 93.04, "process_present": true, "process_mem_mib": 47972.0, "process_mem_share_percent": 97.62311762311762, "process_util_available": true, "process_util_backend": "nvml", "process_sm_util_percent": 23.0, "process_mem_util_percent": 3.0}
{"timestamp_unix": 1772434646.7897136, "pid": 59625, "device_index": 0, "gpu_uuid": "GPU-6f954bfd-7081-31b7-f15c-f9a174bf4d7f", "gpu_util_percent": 22.0, "gpu_mem_util_percent": 3.0, "gpu_mem_used_mib": 48456.0, "gpu_mem_total_mib": 49140.0, "gpu_power_w": 93.04, "process_present": true, "process_mem_mib": 47972.0, "process_mem_share_percent": 97.62311762311762, "process_util_available": true, "process_util_backend": "nvml", "process_sm_util_percent": 24.0, "process_mem_util_percent": 3.0}
{"timestamp_unix": 1772434647.0884168, "pid": 59625, "device_index": 0, "gpu_uuid": "GPU-6f954bfd-7081-31b7-f15c-f9a174bf4d7f", "gpu_util_percent": 22.0, "gpu_mem_util_percent": 3.0, "gpu_mem_used_mib": 48456.0, "gpu_mem_total_mib": 49140.0, "gpu_power_w": 92.92, "process_present": true, "process_mem_mib": 47972.0, "process_mem_share_percent": 97.62311762311762, "process_util_available": true, "process_util_backend": "nvml", "process_sm_util_percent": 24.0, "process_mem_util_percent": 3.0}
{"timestamp_unix": 1772434647.388771, "pid": 59625, "device_index": 0, "gpu_uuid": "GPU-6f954bfd-7081-31b7-f15c-f9a174bf4d7f", "gpu_util_percent": 22.0, "gpu_mem_util_percent": 3.0, "gpu_mem_used_mib": 48456.0, "gpu_mem_total_mib": 49140.0, "gpu_power_w": 92.92, "process_present": true, "process_mem_mib": 47972.0, "process_mem_share_percent": 97.62311762311762, "process_util_available": true, "process_util_backend": "nvml", "process_sm_util_percent": 24.0, "process_mem_util_percent": 3.0}
{"timestamp_unix": 1772434647.6870172, "pid": 59625, "device_index": 0, "gpu_uuid": "GPU-6f954bfd-7081-31b7-f15c-f9a174bf4d7f", "gpu_util_percent": 25.0, "gpu_mem_util_percent": 3.0, "gpu_mem_used_mib": 48456.0, "gpu_mem_total_mib": 49140.0, "gpu_power_w": 92.89, "process_present": true, "process_mem_mib": 47972.0, "process_mem_share_percent": 97.62311762311762, "process_util_available": true, "process_util_backend": "nvml", "process_sm_util_percent": 24.0, "process_mem_util_percent": 3.0}
{"timestamp_unix": 1772434647.9924405, "pid": 59625, "device_index": 0, "gpu_uuid": "GPU-6f954bfd-7081-31b7-f15c-f9a174bf4d7f", "gpu_util_percent": 25.0, "gpu_mem_util_percent": 3.0, "gpu_mem_used_mib": 48456.0, "gpu_mem_total_mib": 49140.0, "gpu_power_w": 93.02, "process_present": true, "process_mem_mib": 47972.0, "process_mem_share_percent": 97.62311762311762, "process_util_available": true, "process_util_backend": "nvml", "process_sm_util_percent": 24.0, "process_mem_util_percent": 3.0}
{"timestamp_unix": 1772434648.302721, "pid": 59625, "device_index": 0, "gpu_uuid": "GPU-6f954bfd-7081-31b7-f15c-f9a174bf4d7f", "gpu_util_percent": 25.0, "gpu_mem_util_percent": 3.0, "gpu_mem_used_mib": 48454.0, "gpu_mem_total_mib": 49140.0, "gpu_power_w": 93.02, "process_present": true, "process_mem_mib": 47972.0, "process_mem_share_percent": 97.62311762311762, "process_util_available": true, "process_util_backend": "nvml", "process_sm_util_percent": 24.0, "process_mem_util_percent": 3.0}
{"timestamp_unix": 1772434648.6116223, "pid": 59625, "device_index": 0, "gpu_uuid": "GPU-6f954bfd-7081-31b7-f15c-f9a174bf4d7f", "gpu_util_percent": 24.0, "gpu_mem_util_percent": 3.0, "gpu_mem_used_mib": 48454.0, "gpu_mem_total_mib": 49140.0, "gpu_power_w": 93.01, "process_present": true, "process_mem_mib": 47972.0, "process_mem_share_percent": 97.62311762311762, "process_util_available": true, "process_util_backend": "nvml", "process_sm_util_percent": 24.0, "process_mem_util_percent": 3.0}
{"timestamp_unix": 1772434648.908433, "pid": 59625, "device_index": 0, "gpu_uuid": "GPU-6f954bfd-7081-31b7-f15c-f9a174bf4d7f", "gpu_util_percent": 24.0, "gpu_mem_util_percent": 3.0, "gpu_mem_used_mib": 48454.0, "gpu_mem_total_mib": 49140.0, "gpu_power_w": 93.01, "process_present": true, "process_mem_mib": 47972.0, "process_mem_share_percent": 97.62311762311762, "process_util_available": true, "process_util_backend": "nvml", "process_sm_util_percent": 24.0, "process_mem_util_percent": 3.0}
{"timestamp_unix": 1772434649.2110655, "pid": 59625, "device_index": 0, "gpu_uuid": "GPU-6f954bfd-7081-31b7-f15c-f9a174bf4d7f", "gpu_util_percent": 24.0, "gpu_mem_util_percent": 3.0, "gpu_mem_used_mib": 48454.0, "gpu_mem_total_mib": 49140.0, "gpu_power_w": 92.84, "process_present": true, "process_mem_mib": 47972.0, "process_mem_share_percent": 97.62311762311762, "process_util_available": true, "process_util_backend": "nvml", "process_sm_util_percent": 24.0, "process_mem_util_percent": 3.0}
{"timestamp_unix": 1772434649.5058947, "pid": 59625, "device_index": 0, "gpu_uuid": "GPU-6f954bfd-7081-31b7-f15c-f9a174bf4d7f", "gpu_util_percent": 25.0, "gpu_mem_util_percent": 3.0, "gpu_mem_used_mib": 48454.0, "gpu_mem_total_mib": 49140.0, "gpu_power_w": 92.76, "process_present": true, "process_mem_mib": 47972.0, "process_mem_share_percent": 97.62311762311762, "process_util_available": true, "process_util_backend": "nvml", "process_sm_util_percent": 24.0, "process_mem_util_percent": 3.0}
{"timestamp_unix": 1772434649.8086762, "pid": 59625, "device_index": 0, "gpu_uuid": "GPU-6f954bfd-7081-31b7-f15c-f9a174bf4d7f", "gpu_util_percent": 25.0, "gpu_mem_util_percent": 3.0, "gpu_mem_used_mib": 48454.0, "gpu_mem_total_mib": 49140.0, "gpu_power_w": 92.76, "process_present": true, "process_mem_mib": 47972.0, "process_mem_share_percent": 97.62311762311762, "process_util_available": true, "process_util_backend": "nvml", "process_sm_util_percent": null, "process_mem_util_percent": null}
{"timestamp_unix": 1772434650.1067781, "pid": 59625, "device_index": 0, "gpu_uuid": "GPU-6f954bfd-7081-31b7-f15c-f9a174bf4d7f", "gpu_util_percent": 25.0, "gpu_mem_util_percent": 3.0, "gpu_mem_used_mib": 48463.0, "gpu_mem_total_mib": 49140.0, "gpu_power_w": 92.51, "process_present": true, "process_mem_mib": 47972.0, "process_mem_share_percent": 97.62311762311762, "process_util_available": true, "process_util_backend": "nvml", "process_sm_util_percent": null, "process_mem_util_percent": null}
{"timestamp_unix": 1772434650.4051368, "pid": 59625, "device_index": 0, "gpu_uuid": "GPU-6f954bfd-7081-31b7-f15c-f9a174bf4d7f", "gpu_util_percent": 25.0, "gpu_mem_util_percent": 3.0, "gpu_mem_used_mib": 48463.0, "gpu_mem_total_mib": 49140.0, "gpu_power_w": 92.51, "process_present": true, "process_mem_mib": 47972.0, "process_mem_share_percent": 97.62311762311762, "process_util_available": true, "process_util_backend": "nvml", "process_sm_util_percent": 11.0, "process_mem_util_percent": 1.0}
{"timestamp_unix": 1772434650.728011, "pid": 59625, "device_index": 0, "gpu_uuid": "GPU-6f954bfd-7081-31b7-f15c-f9a174bf4d7f", "gpu_util_percent": 24.0, "gpu_mem_util_percent": 4.0, "gpu_mem_used_mib": 48463.0, "gpu_mem_total_mib": 49140.0, "gpu_power_w": 91.94, "process_present": true, "process_mem_mib": 47972.0, "process_mem_share_percent": 97.62311762311762, "process_util_available": true, "process_util_backend": "nvml", "process_sm_util_percent": 22.0, "process_mem_util_percent": 3.0}
{"timestamp_unix": 1772434651.0369394, "pid": 59625, "device_index": 0, "gpu_uuid": "GPU-6f954bfd-7081-31b7-f15c-f9a174bf4d7f", "gpu_util_percent": 24.0, "gpu_mem_util_percent": 4.0, "gpu_mem_used_mib": 48463.0, "gpu_mem_total_mib": 49140.0, "gpu_power_w": 92.0, "process_present": true, "process_mem_mib": 47972.0, "process_mem_share_percent": 97.62311762311762, "process_util_available": true, "process_util_backend": "nvml", "process_sm_util_percent": 22.0, "process_mem_util_percent": 3.0}
{"timestamp_unix": 1772434651.3451421, "pid": 59625, "device_index": 0, "gpu_uuid": "GPU-6f954bfd-7081-31b7-f15c-f9a174bf4d7f", "gpu_util_percent": 24.0, "gpu_mem_util_percent": 4.0, "gpu_mem_used_mib": 48463.0, "gpu_mem_total_mib": 49140.0, "gpu_power_w": 92.0, "process_present": true, "process_mem_mib": 47972.0, "process_mem_share_percent": 97.62311762311762, "process_util_available": true, "process_util_backend": "nvml", "process_sm_util_percent": 24.0, "process_mem_util_percent": 3.0}
{"timestamp_unix": 1772434651.6402419, "pid": 59625, "device_index": 0, "gpu_uuid": "GPU-6f954bfd-7081-31b7-f15c-f9a174bf4d7f", "gpu_util_percent": 24.0, "gpu_mem_util_percent": 4.0, "gpu_mem_used_mib": 48463.0, "gpu_mem_total_mib": 49140.0, "gpu_power_w": 93.11, "process_present": true, "process_mem_mib": 47972.0, "process_mem_share_percent": 97.62311762311762, "process_util_available": true, "process_util_backend": "nvml", "process_sm_util_percent": 22.0, "process_mem_util_percent": 3.0}
{"timestamp_unix": 1772434651.9400406, "pid": 59625, "device_index": 0, "gpu_uuid": "GPU-6f954bfd-7081-31b7-f15c-f9a174bf4d7f", "gpu_util_percent": 24.0, "gpu_mem_util_percent": 4.0, "gpu_mem_used_mib": 48463.0, "gpu_mem_total_mib": 49140.0, "gpu_power_w": 93.11, "process_present": true, "process_mem_mib": 47972.0, "process_mem_share_percent": 97.62311762311762, "process_util_available": true, "process_util_backend": "nvml", "process_sm_util_percent": 23.0, "process_mem_util_percent": 3.0}
{"timestamp_unix": 1772434652.240862, "pid": 59625, "device_index": 0, "gpu_uuid": "GPU-6f954bfd-7081-31b7-f15c-f9a174bf4d7f", "gpu_util_percent": 24.0, "gpu_mem_util_percent": 4.0, "gpu_mem_used_mib": 48463.0, "gpu_mem_total_mib": 49140.0, "gpu_power_w": 93.37, "process_present": true, "process_mem_mib": 47972.0, "process_mem_share_percent": 97.62311762311762, "process_util_available": true, "process_util_backend": "nvml", "process_sm_util_percent": 23.0, "process_mem_util_percent": 3.0}
{"timestamp_unix": 1772434652.5402143, "pid": 59625, "device_index": 0, "gpu_uuid": "GPU-6f954bfd-7081-31b7-f15c-f9a174bf4d7f", "gpu_util_percent": 24.0, "gpu_mem_util_percent": 4.0, "gpu_mem_used_mib": 48463.0, "gpu_mem_total_mib": 49140.0, "gpu_power_w": 93.42, "process_present": true, "process_mem_mib": 47972.0, "process_mem_share_percent": 97.62311762311762, "process_util_available": true, "process_util_backend": "nvml", "process_sm_util_percent": 22.0, "process_mem_util_percent": 3.0}
{"timestamp_unix": 1772434652.8405974, "pid": 59625, "device_index": 0, "gpu_uuid": "GPU-6f954bfd-7081-31b7-f15c-f9a174bf4d7f", "gpu_util_percent": 24.0, "gpu_mem_util_percent": 4.0, "gpu_mem_used_mib": 48463.0, "gpu_mem_total_mib": 49140.0, "gpu_power_w": 93.42, "process_present": true, "process_mem_mib": 47972.0, "process_mem_share_percent": 97.62311762311762, "process_util_available": true, "process_util_backend": "nvml", "process_sm_util_percent": 22.0, "process_mem_util_percent": 3.0}
{"timestamp_unix": 1772434653.139258, "pid": 59625, "device_index": 0, "gpu_uuid": "GPU-6f954bfd-7081-31b7-f15c-f9a174bf4d7f", "gpu_util_percent": 24.0, "gpu_mem_util_percent": 4.0, "gpu_mem_used_mib": 48463.0, "gpu_mem_total_mib": 49140.0, "gpu_power_w": 93.51, "process_present": true, "process_mem_mib": 47972.0, "process_mem_share_percent": 97.62311762311762, "process_util_available": true, "process_util_backend": "nvml", "process_sm_util_percent": 22.0, "process_mem_util_percent": 3.0}
{"timestamp_unix": 1772434653.461326, "pid": 59625, "device_index": 0, "gpu_uuid": "GPU-6f954bfd-7081-31b7-f15c-f9a174bf4d7f", "gpu_util_percent": 24.0, "gpu_mem_util_percent": 4.0, "gpu_mem_used_mib": 48463.0, "gpu_mem_total_mib": 49140.0, "gpu_power_w": 93.51, "process_present": true, "process_mem_mib": 47972.0, "process_mem_share_percent": 97.62311762311762, "process_util_available": true, "process_util_backend": "nvml", "process_sm_util_percent": null, "process_mem_util_percent": null}
{"timestamp_unix": 1772434653.7697828, "pid": 59625, "device_index": 0, "gpu_uuid": "GPU-6f954bfd-7081-31b7-f15c-f9a174bf4d7f", "gpu_util_percent": 14.0, "gpu_mem_util_percent": 1.0, "gpu_mem_used_mib": 48463.0, "gpu_mem_total_mib": 49140.0, "gpu_power_w": 91.77, "process_present": true, "process_mem_mib": 47972.0, "process_mem_share_percent": 97.62311762311762, "process_util_available": true, "process_util_backend": "nvml", "process_sm_util_percent": 23.0, "process_mem_util_percent": 2.0}
{"timestamp_unix": 1772434654.0774186, "pid": 59625, "device_index": 0, "gpu_uuid": "GPU-6f954bfd-7081-31b7-f15c-f9a174bf4d7f", "gpu_util_percent": 14.0, "gpu_mem_util_percent": 1.0, "gpu_mem_used_mib": 48462.0, "gpu_mem_total_mib": 49140.0, "gpu_power_w": 91.3, "process_present": true, "process_mem_mib": 47972.0, "process_mem_share_percent": 97.62311762311762, "process_util_available": true, "process_util_backend": "nvml", "process_sm_util_percent": 24.0, "process_mem_util_percent": 3.0}
{"timestamp_unix": 1772434654.3729951, "pid": 59625, "device_index": 0, "gpu_uuid": "GPU-6f954bfd-7081-31b7-f15c-f9a174bf4d7f", "gpu_util_percent": 14.0, "gpu_mem_util_percent": 1.0, "gpu_mem_used_mib": 48462.0, "gpu_mem_total_mib": 49140.0, "gpu_power_w": 91.3, "process_present": true, "process_mem_mib": 47972.0, "process_mem_share_percent": 97.62311762311762, "process_util_available": true, "process_util_backend": "nvml", "process_sm_util_percent": 24.0, "process_mem_util_percent": 3.0}
{"timestamp_unix": 1772434654.6726286, "pid": 59625, "device_index": 0, "gpu_uuid": "GPU-6f954bfd-7081-31b7-f15c-f9a174bf4d7f", "gpu_util_percent": 25.0, "gpu_mem_util_percent": 4.0, "gpu_mem_used_mib": 48462.0, "gpu_mem_total_mib": 49140.0, "gpu_power_w": 92.38, "process_present": true, "process_mem_mib": 47972.0, "process_mem_share_percent": 97.62311762311762, "process_util_available": true, "process_util_backend": "nvml", "process_sm_util_percent": 24.0, "process_mem_util_percent": 3.0}
{"timestamp_unix": 1772434654.9721293, "pid": 59625, "device_index": 0, "gpu_uuid": "GPU-6f954bfd-7081-31b7-f15c-f9a174bf4d7f", "gpu_util_percent": 25.0, "gpu_mem_util_percent": 4.0, "gpu_mem_used_mib": 48458.0, "gpu_mem_total_mib": 49140.0, "gpu_power_w": 93.81, "process_present": true, "process_mem_mib": 47972.0, "process_mem_share_percent": 97.62311762311762, "process_util_available": true, "process_util_backend": "nvml", "process_sm_util_percent": 24.0, "process_mem_util_percent": 3.0}
{"timestamp_unix": 1772434655.2702131, "pid": 59625, "device_index": 0, "gpu_uuid": "GPU-6f954bfd-7081-31b7-f15c-f9a174bf4d7f", "gpu_util_percent": 25.0, "gpu_mem_util_percent": 4.0, "gpu_mem_used_mib": 48457.0, "gpu_mem_total_mib": 49140.0, "gpu_power_w": 93.81, "process_present": true, "process_mem_mib": 47972.0, "process_mem_share_percent": 97.62311762311762, "process_util_available": true, "process_util_backend": "nvml", "process_sm_util_percent": 24.0, "process_mem_util_percent": 3.0}
{"timestamp_unix": 1772434655.5679073, "pid": 59625, "device_index": 0, "gpu_uuid": "GPU-6f954bfd-7081-31b7-f15c-f9a174bf4d7f", "gpu_util_percent": 23.0, "gpu_mem_util_percent": 3.0, "gpu_mem_used_mib": 48457.0, "gpu_mem_total_mib": 49140.0, "gpu_power_w": 93.68, "process_present": true, "process_mem_mib": 47972.0, "process_mem_share_percent": 97.62311762311762, "process_util_available": true, "process_util_backend": "nvml", "process_sm_util_percent": 24.0, "process_mem_util_percent": 3.0}
{"timestamp_unix": 1772434655.8639128, "pid": 59625, "device_index": 0, "gpu_uuid": "GPU-6f954bfd-7081-31b7-f15c-f9a174bf4d7f", "gpu_util_percent": 23.0, "gpu_mem_util_percent": 3.0, "gpu_mem_used_mib": 48457.0, "gpu_mem_total_mib": 49140.0, "gpu_power_w": 93.68, "process_present": true, "process_mem_mib": 47972.0, "process_mem_share_percent": 97.62311762311762, "process_util_available": true, "process_util_backend": "nvml", "process_sm_util_percent": 21.0, "process_mem_util_percent": 3.0}
{"timestamp_unix": 1772434656.1760309, "pid": 59625, "device_index": 0, "gpu_uuid": "GPU-6f954bfd-7081-31b7-f15c-f9a174bf4d7f", "gpu_util_percent": 23.0, "gpu_mem_util_percent": 3.0, "gpu_mem_used_mib": 48457.0, "gpu_mem_total_mib": 49140.0, "gpu_power_w": 93.56, "process_present": true, "process_mem_mib": 47972.0, "process_mem_share_percent": 97.62311762311762, "process_util_available": true, "process_util_backend": "nvml", "process_sm_util_percent": 22.0, "process_mem_util_percent": 3.0}
{"timestamp_unix": 1772434656.4937916, "pid": 59625, "device_index": 0, "gpu_uuid": "GPU-6f954bfd-7081-31b7-f15c-f9a174bf4d7f", "gpu_util_percent": 22.0, "gpu_mem_util_percent": 4.0, "gpu_mem_used_mib": 48457.0, "gpu_mem_total_mib": 49140.0, "gpu_power_w": 93.49, "process_present": true, "process_mem_mib": 47972.0, "process_mem_share_percent": 97.62311762311762, "process_util_available": true, "process_util_backend": "nvml", "process_sm_util_percent": 21.0, "process_mem_util_percent": 3.0}
{"timestamp_unix": 1772434656.8030572, "pid": 59625, "device_index": 0, "gpu_uuid": "GPU-6f954bfd-7081-31b7-f15c-f9a174bf4d7f", "gpu_util_percent": 22.0, "gpu_mem_util_percent": 4.0, "gpu_mem_used_mib": 48457.0, "gpu_mem_total_mib": 49140.0, "gpu_power_w": 93.49, "process_present": true, "process_mem_mib": 47972.0, "process_mem_share_percent": 97.62311762311762, "process_util_available": true, "process_util_backend": "nvml", "process_sm_util_percent": 21.0, "process_mem_util_percent": 3.0}
{"timestamp_unix": 1772434657.1154647, "pid": 59625, "device_index": 0, "gpu_uuid": "GPU-6f954bfd-7081-31b7-f15c-f9a174bf4d7f", "gpu_util_percent": 22.0, "gpu_mem_util_percent": 4.0, "gpu_mem_used_mib": 48457.0, "gpu_mem_total_mib": 49140.0, "gpu_power_w": 93.6, "process_present": true, "process_mem_mib": 47972.0, "process_mem_share_percent": 97.62311762311762, "process_util_available": true, "process_util_backend": "nvml", "process_sm_util_percent": 20.0, "process_mem_util_percent": 3.0}
{"timestamp_unix": 1772434657.4163709, "pid": 59625, "device_index": 0, "gpu_uuid": "GPU-6f954bfd-7081-31b7-f15c-f9a174bf4d7f", "gpu_util_percent": 22.0, "gpu_mem_util_percent": 4.0, "gpu_mem_used_mib": 48450.0, "gpu_mem_total_mib": 49140.0, "gpu_power_w": 93.6, "process_present": true, "process_mem_mib": 47972.0, "process_mem_share_percent": 97.62311762311762, "process_util_available": true, "process_util_backend": "nvml", "process_sm_util_percent": 20.0, "process_mem_util_percent": 3.0}
{"timestamp_unix": 1772434657.7211282, "pid": 59625, "device_index": 0, "gpu_uuid": "GPU-6f954bfd-7081-31b7-f15c-f9a174bf4d7f", "gpu_util_percent": 20.0, "gpu_mem_util_percent": 3.0, "gpu_mem_used_mib": 48450.0, "gpu_mem_total_mib": 49140.0, "gpu_power_w": 93.65, "process_present": true, "process_mem_mib": 47972.0, "process_mem_share_percent": 97.62311762311762, "process_util_available": true, "process_util_backend": "nvml", "process_sm_util_percent": 21.0, "process_mem_util_percent": 3.0}
{"timestamp_unix": 1772434658.02, "pid": 59625, "device_index": 0, "gpu_uuid": "GPU-6f954bfd-7081-31b7-f15c-f9a174bf4d7f", "gpu_util_percent": 20.0, "gpu_mem_util_percent": 3.0, "gpu_mem_used_mib": 48450.0, "gpu_mem_total_mib": 49140.0, "gpu_power_w": 93.54, "process_present": true, "process_mem_mib": 47972.0, "process_mem_share_percent": 97.62311762311762, "process_util_available": true, "process_util_backend": "nvml", "process_sm_util_percent": 22.0, "process_mem_util_percent": 3.0}
{"timestamp_unix": 1772434658.3195524, "pid": 59625, "device_index": 0, "gpu_uuid": "GPU-6f954bfd-7081-31b7-f15c-f9a174bf4d7f", "gpu_util_percent": 20.0, "gpu_mem_util_percent": 3.0, "gpu_mem_used_mib": 48450.0, "gpu_mem_total_mib": 49140.0, "gpu_power_w": 93.54, "process_present": true, "process_mem_mib": 47972.0, "process_mem_share_percent": 97.62311762311762, "process_util_available": true, "process_util_backend": "nvml", "process_sm_util_percent": null, "process_mem_util_percent": null}
{"timestamp_unix": 1772434658.6154885, "pid": 59625, "device_index": 0, "gpu_uuid": "GPU-6f954bfd-7081-31b7-f15c-f9a174bf4d7f", "gpu_util_percent": 21.0, "gpu_mem_util_percent": 3.0, "gpu_mem_used_mib": 48450.0, "gpu_mem_total_mib": 49140.0, "gpu_power_w": 92.62, "process_present": true, "process_mem_mib": 47972.0, "process_mem_share_percent": 97.62311762311762, "process_util_available": true, "process_util_backend": "nvml", "process_sm_util_percent": 20.0, "process_mem_util_percent": 2.0}
{"timestamp_unix": 1772434658.913219, "pid": 59625, "device_index": 0, "gpu_uuid": "GPU-6f954bfd-7081-31b7-f15c-f9a174bf4d7f", "gpu_util_percent": 21.0, "gpu_mem_util_percent": 3.0, "gpu_mem_used_mib": 48450.0, "gpu_mem_total_mib": 49140.0, "gpu_power_w": 92.62, "process_present": true, "process_mem_mib": 47972.0, "process_mem_share_percent": 97.62311762311762, "process_util_available": true, "process_util_backend": "nvml", "process_sm_util_percent": 22.0, "process_mem_util_percent": 3.0}
{"timestamp_unix": 1772434659.2141092, "pid": 59625, "device_index": 0, "gpu_uuid": "GPU-6f954bfd-7081-31b7-f15c-f9a174bf4d7f", "gpu_util_percent": 21.0, "gpu_mem_util_percent": 3.0, "gpu_mem_used_mib": 48450.0, "gpu_mem_total_mib": 49140.0, "gpu_power_w": 92.46, "process_present": true, "process_mem_mib": 47972.0, "process_mem_share_percent": 97.62311762311762, "process_util_available": true, "process_util_backend": "nvml", "process_sm_util_percent": 22.0, "process_mem_util_percent": 3.0}
{"timestamp_unix": 1772434659.5143306, "pid": 59625, "device_index": 0, "gpu_uuid": "GPU-6f954bfd-7081-31b7-f15c-f9a174bf4d7f", "gpu_util_percent": 23.0, "gpu_mem_util_percent": 4.0, "gpu_mem_used_mib": 48450.0, "gpu_mem_total_mib": 49140.0, "gpu_power_w": 93.41, "process_present": true, "process_mem_mib": 47972.0, "process_mem_share_percent": 97.62311762311762, "process_util_available": true, "process_util_backend": "nvml", "process_sm_util_percent": 23.0, "process_mem_util_percent": 3.0}
{"timestamp_unix": 1772434659.8191416, "pid": 59625, "device_index": 0, "gpu_uuid": "GPU-6f954bfd-7081-31b7-f15c-f9a174bf4d7f", "gpu_util_percent": 23.0, "gpu_mem_util_percent": 4.0, "gpu_mem_used_mib": 48450.0, "gpu_mem_total_mib": 49140.0, "gpu_power_w": 93.41, "process_present": true, "process_mem_mib": 47972.0, "process_mem_share_percent": 97.62311762311762, "process_util_available": true, "process_util_backend": "nvml", "process_sm_util_percent": 23.0, "process_mem_util_percent": 3.0}
{"timestamp_unix": 1772434660.1275306, "pid": 59625, "device_index": 0, "gpu_uuid": "GPU-6f954bfd-7081-31b7-f15c-f9a174bf4d7f", "gpu_util_percent": 23.0, "gpu_mem_util_percent": 4.0, "gpu_mem_used_mib": 48450.0, "gpu_mem_total_mib": 49140.0, "gpu_power_w": 93.82, "process_present": true, "process_mem_mib": 47972.0, "process_mem_share_percent": 97.62311762311762, "process_util_available": true, "process_util_backend": "nvml", "process_sm_util_percent": 24.0, "process_mem_util_percent": 4.0}
{"timestamp_unix": 1772434660.609944, "pid": 59625, "device_index": 0, "gpu_uuid": "GPU-6f954bfd-7081-31b7-f15c-f9a174bf4d7f", "gpu_util_percent": 18.0, "gpu_mem_util_percent": 3.0, "gpu_mem_used_mib": 48450.0, "gpu_mem_total_mib": 49140.0, "gpu_power_w": 93.83, "process_present": true, "process_mem_mib": 47972.0, "process_mem_share_percent": 97.62311762311762, "process_util_available": true, "process_util_backend": "nvml", "process_sm_util_percent": 13.0, "process_mem_util_percent": 1.0}
{"timestamp_unix": 1772434660.907055, "pid": 59625, "device_index": 0, "gpu_uuid": "GPU-6f954bfd-7081-31b7-f15c-f9a174bf4d7f", "gpu_util_percent": 18.0, "gpu_mem_util_percent": 3.0, "gpu_mem_used_mib": 48450.0, "gpu_mem_total_mib": 49140.0, "gpu_power_w": 93.83, "process_present": true, "process_mem_mib": 47972.0, "process_mem_share_percent": 97.62311762311762, "process_util_available": true, "process_util_backend": "nvml", "process_sm_util_percent": 23.0, "process_mem_util_percent": 4.0}
{"timestamp_unix": 1772434661.2072396, "pid": 59625, "device_index": 0, "gpu_uuid": "GPU-6f954bfd-7081-31b7-f15c-f9a174bf4d7f", "gpu_util_percent": 18.0, "gpu_mem_util_percent": 3.0, "gpu_mem_used_mib": 48450.0, "gpu_mem_total_mib": 49140.0, "gpu_power_w": 92.33, "process_present": true, "process_mem_mib": 47972.0, "process_mem_share_percent": 97.62311762311762, "process_util_available": true, "process_util_backend": "nvml", "process_sm_util_percent": 23.0, "process_mem_util_percent": 4.0}
{"timestamp_unix": 1772434661.5042307, "pid": 59625, "device_index": 0, "gpu_uuid": "GPU-6f954bfd-7081-31b7-f15c-f9a174bf4d7f", "gpu_util_percent": 23.0, "gpu_mem_util_percent": 4.0, "gpu_mem_used_mib": 48450.0, "gpu_mem_total_mib": 49140.0, "gpu_power_w": 92.4, "process_present": true, "process_mem_mib": 47972.0, "process_mem_share_percent": 97.62311762311762, "process_util_available": true, "process_util_backend": "nvml", "process_sm_util_percent": 23.0, "process_mem_util_percent": 4.0}
{"timestamp_unix": 1772434661.803586, "pid": 59625, "device_index": 0, "gpu_uuid": "GPU-6f954bfd-7081-31b7-f15c-f9a174bf4d7f", "gpu_util_percent": 23.0, "gpu_mem_util_percent": 4.0, "gpu_mem_used_mib": 48450.0, "gpu_mem_total_mib": 49140.0, "gpu_power_w": 92.4, "process_present": true, "process_mem_mib": 47972.0, "process_mem_share_percent": 97.62311762311762, "process_util_available": true, "process_util_backend": "nvml", "process_sm_util_percent": null, "process_mem_util_percent": null}
{"timestamp_unix": 1772434662.1012545, "pid": 59625, "device_index": 0, "gpu_uuid": "GPU-6f954bfd-7081-31b7-f15c-f9a174bf4d7f", "gpu_util_percent": 23.0, "gpu_mem_util_percent": 4.0, "gpu_mem_used_mib": 48450.0, "gpu_mem_total_mib": 49140.0, "gpu_power_w": 91.69, "process_present": true, "process_mem_mib": 47972.0, "process_mem_share_percent": 97.62311762311762, "process_util_available": true, "process_util_backend": "nvml", "process_sm_util_percent": 20.0, "process_mem_util_percent": 2.0}
{"timestamp_unix": 1772434662.410792, "pid": 59625, "device_index": 0, "gpu_uuid": "GPU-6f954bfd-7081-31b7-f15c-f9a174bf4d7f", "gpu_util_percent": 23.0, "gpu_mem_util_percent": 4.0, "gpu_mem_used_mib": 48450.0, "gpu_mem_total_mib": 49140.0, "gpu_power_w": 91.69, "process_present": true, "process_mem_mib": 47972.0, "process_mem_share_percent": 97.62311762311762, "process_util_available": true, "process_util_backend": "nvml", "process_sm_util_percent": 24.0, "process_mem_util_percent": 3.0}
{"timestamp_unix": 1772434662.7271967, "pid": 59625, "device_index": 0, "gpu_uuid": "GPU-6f954bfd-7081-31b7-f15c-f9a174bf4d7f", "gpu_util_percent": 24.0, "gpu_mem_util_percent": 4.0, "gpu_mem_used_mib": 48450.0, "gpu_mem_total_mib": 49140.0, "gpu_power_w": 91.39, "process_present": true, "process_mem_mib": 47972.0, "process_mem_share_percent": 97.62311762311762, "process_util_available": true, "process_util_backend": "nvml", "process_sm_util_percent": 25.0, "process_mem_util_percent": 3.0}
{"timestamp_unix": 1772434663.0319543, "pid": 59625, "device_index": 0, "gpu_uuid": "GPU-6f954bfd-7081-31b7-f15c-f9a174bf4d7f", "gpu_util_percent": 24.0, "gpu_mem_util_percent": 4.0, "gpu_mem_used_mib": 48450.0, "gpu_mem_total_mib": 49140.0, "gpu_power_w": 93.22, "process_present": true, "process_mem_mib": 47972.0, "process_mem_share_percent": 97.62311762311762, "process_util_available": true, "process_util_backend": "nvml", "process_sm_util_percent": 24.0, "process_mem_util_percent": 3.0}
{"timestamp_unix": 1772434663.3320212, "pid": 59625, "device_index": 0, "gpu_uuid": "GPU-6f954bfd-7081-31b7-f15c-f9a174bf4d7f", "gpu_util_percent": 24.0, "gpu_mem_util_percent": 4.0, "gpu_mem_used_mib": 48450.0, "gpu_mem_total_mib": 49140.0, "gpu_power_w": 93.22, "process_present": true, "process_mem_mib": 47972.0, "process_mem_share_percent": 97.62311762311762, "process_util_available": true, "process_util_backend": "nvml", "process_sm_util_percent": 24.0, "process_mem_util_percent": 3.0}
{"timestamp_unix": 1772434663.6361299, "pid": 59625, "device_index": 0, "gpu_uuid": "GPU-6f954bfd-7081-31b7-f15c-f9a174bf4d7f", "gpu_util_percent": 24.0, "gpu_mem_util_percent": 3.0, "gpu_mem_used_mib": 48450.0, "gpu_mem_total_mib": 49140.0, "gpu_power_w": 93.78, "process_present": true, "process_mem_mib": 47972.0, "process_mem_share_percent": 97.62311762311762, "process_util_available": true, "process_util_backend": "nvml", "process_sm_util_percent": 24.0, "process_mem_util_percent": 3.0}
{"timestamp_unix": 1772434663.9344602, "pid": 59625, "device_index": 0, "gpu_uuid": "GPU-6f954bfd-7081-31b7-f15c-f9a174bf4d7f", "gpu_util_percent": 24.0, "gpu_mem_util_percent": 3.0, "gpu_mem_used_mib": 48450.0, "gpu_mem_total_mib": 49140.0, "gpu_power_w": 93.78, "process_present": true, "process_mem_mib": 47972.0, "process_mem_share_percent": 97.62311762311762, "process_util_available": true, "process_util_backend": "nvml", "process_sm_util_percent": 24.0, "process_mem_util_percent": 3.0}
{"timestamp_unix": 1772434664.234374, "pid": 59625, "device_index": 0, "gpu_uuid": "GPU-6f954bfd-7081-31b7-f15c-f9a174bf4d7f", "gpu_util_percent": 24.0, "gpu_mem_util_percent": 3.0, "gpu_mem_used_mib": 48450.0, "gpu_mem_total_mib": 49140.0, "gpu_power_w": 93.69, "process_present": true, "process_mem_mib": 47972.0, "process_mem_share_percent": 97.62311762311762, "process_util_available": true, "process_util_backend": "nvml", "process_sm_util_percent": 24.0, "process_mem_util_percent": 3.0}
{"timestamp_unix": 1772434664.53122, "pid": 59625, "device_index": 0, "gpu_uuid": "GPU-6f954bfd-7081-31b7-f15c-f9a174bf4d7f", "gpu_util_percent": 24.0, "gpu_mem_util_percent": 3.0, "gpu_mem_used_mib": 48450.0, "gpu_mem_total_mib": 49140.0, "gpu_power_w": 93.61, "process_present": true, "process_mem_mib": 47972.0, "process_mem_share_percent": 97.62311762311762, "process_util_available": true, "process_util_backend": "nvml", "process_sm_util_percent": 24.0, "process_mem_util_percent": 3.0}
{"timestamp_unix": 1772434664.8277245, "pid": 59625, "device_index": 0, "gpu_uuid": "GPU-6f954bfd-7081-31b7-f15c-f9a174bf4d7f", "gpu_util_percent": 24.0, "gpu_mem_util_percent": 3.0, "gpu_mem_used_mib": 48450.0, "gpu_mem_total_mib": 49140.0, "gpu_power_w": 93.61, "process_present": true, "process_mem_mib": 47972.0, "process_mem_share_percent": 97.62311762311762, "process_util_available": true, "process_util_backend": "nvml", "process_sm_util_percent": 12.0, "process_mem_util_percent": 1.0}
{"timestamp_unix": 1772434665.1229062, "pid": 59625, "device_index": 0, "gpu_uuid": "GPU-6f954bfd-7081-31b7-f15c-f9a174bf4d7f", "gpu_util_percent": 24.0, "gpu_mem_util_percent": 3.0, "gpu_mem_used_mib": 48454.0, "gpu_mem_total_mib": 49140.0, "gpu_power_w": 93.6, "process_present": true, "process_mem_mib": 47972.0, "process_mem_share_percent": 97.62311762311762, "process_util_available": true, "process_util_backend": "nvml", "process_sm_util_percent": 25.0, "process_mem_util_percent": 3.0}
{"timestamp_unix": 1772434665.4316156, "pid": 59625, "device_index": 0, "gpu_uuid": "GPU-6f954bfd-7081-31b7-f15c-f9a174bf4d7f", "gpu_util_percent": 24.0, "gpu_mem_util_percent": 3.0, "gpu_mem_used_mib": 48454.0, "gpu_mem_total_mib": 49140.0, "gpu_power_w": 93.6, "process_present": true, "process_mem_mib": 47972.0, "process_mem_share_percent": 97.62311762311762, "process_util_available": true, "process_util_backend": "nvml", "process_sm_util_percent": null, "process_mem_util_percent": null}
{"timestamp_unix": 1772434665.7441843, "pid": 59625, "device_index": 0, "gpu_uuid": "GPU-6f954bfd-7081-31b7-f15c-f9a174bf4d7f", "gpu_util_percent": 24.0, "gpu_mem_util_percent": 4.0, "gpu_mem_used_mib": 48454.0, "gpu_mem_total_mib": 49140.0, "gpu_power_w": 93.6, "process_present": true, "process_mem_mib": 47972.0, "process_mem_share_percent": 97.62311762311762, "process_util_available": true, "process_util_backend": "nvml", "process_sm_util_percent": null, "process_mem_util_percent": null}
{"timestamp_unix": 1772434666.052483, "pid": 59625, "device_index": 0, "gpu_uuid": "GPU-6f954bfd-7081-31b7-f15c-f9a174bf4d7f", "gpu_util_percent": 24.0, "gpu_mem_util_percent": 4.0, "gpu_mem_used_mib": 48454.0, "gpu_mem_total_mib": 49140.0, "gpu_power_w": 93.54, "process_present": true, "process_mem_mib": 47972.0, "process_mem_share_percent": 97.62311762311762, "process_util_available": true, "process_util_backend": "nvml", "process_sm_util_percent": 24.0, "process_mem_util_percent": 3.0}
{"timestamp_unix": 1772434666.3578317, "pid": 59625, "device_index": 0, "gpu_uuid": "GPU-6f954bfd-7081-31b7-f15c-f9a174bf4d7f", "gpu_util_percent": 24.0, "gpu_mem_util_percent": 4.0, "gpu_mem_used_mib": 48454.0, "gpu_mem_total_mib": 49140.0, "gpu_power_w": 93.54, "process_present": true, "process_mem_mib": 47972.0, "process_mem_share_percent": 97.62311762311762, "process_util_available": true, "process_util_backend": "nvml", "process_sm_util_percent": 24.0, "process_mem_util_percent": 3.0}
{"timestamp_unix": 1772434666.6537535, "pid": 59625, "device_index": 0, "gpu_uuid": "GPU-6f954bfd-7081-31b7-f15c-f9a174bf4d7f", "gpu_util_percent": 24.0, "gpu_mem_util_percent": 4.0, "gpu_mem_used_mib": 48454.0, "gpu_mem_total_mib": 49140.0, "gpu_power_w": 93.4, "process_present": true, "process_mem_mib": 47972.0, "process_mem_share_percent": 97.62311762311762, "process_util_available": true, "process_util_backend": "nvml", "process_sm_util_percent": 24.0, "process_mem_util_percent": 3.0}
{"timestamp_unix": 1772434666.9542706, "pid": 59625, "device_index": 0, "gpu_uuid": "GPU-6f954bfd-7081-31b7-f15c-f9a174bf4d7f", "gpu_util_percent": 24.0, "gpu_mem_util_percent": 4.0, "gpu_mem_used_mib": 48454.0, "gpu_mem_total_mib": 49140.0, "gpu_power_w": 93.4, "process_present": true, "process_mem_mib": 47972.0, "process_mem_share_percent": 97.62311762311762, "process_util_available": true, "process_util_backend": "nvml", "process_sm_util_percent": 21.0, "process_mem_util_percent": 2.0}
{"timestamp_unix": 1772434667.2515461, "pid": 59625, "device_index": 0, "gpu_uuid": "GPU-6f954bfd-7081-31b7-f15c-f9a174bf4d7f", "gpu_util_percent": 24.0, "gpu_mem_util_percent": 4.0, "gpu_mem_used_mib": 48454.0, "gpu_mem_total_mib": 49140.0, "gpu_power_w": 92.65, "process_present": true, "process_mem_mib": 47972.0, "process_mem_share_percent": 97.62311762311762, "process_util_available": true, "process_util_backend": "nvml", "process_sm_util_percent": 23.0, "process_mem_util_percent": 4.0}
{"timestamp_unix": 1772434667.548011, "pid": 59625, "device_index": 0, "gpu_uuid": "GPU-6f954bfd-7081-31b7-f15c-f9a174bf4d7f", "gpu_util_percent": 24.0, "gpu_mem_util_percent": 4.0, "gpu_mem_used_mib": 48454.0, "gpu_mem_total_mib": 49140.0, "gpu_power_w": 93.11, "process_present": true, "process_mem_mib": 47972.0, "process_mem_share_percent": 97.62311762311762, "process_util_available": true, "process_util_backend": "nvml", "process_sm_util_percent": 23.0, "process_mem_util_percent": 4.0}
{"timestamp_unix": 1772434667.8424358, "pid": 59625, "device_index": 0, "gpu_uuid": "GPU-6f954bfd-7081-31b7-f15c-f9a174bf4d7f", "gpu_util_percent": 24.0, "gpu_mem_util_percent": 4.0, "gpu_mem_used_mib": 48454.0, "gpu_mem_total_mib": 49140.0, "gpu_power_w": 93.11, "process_present": true, "process_mem_mib": 47972.0, "process_mem_share_percent": 97.62311762311762, "process_util_available": true, "process_util_backend": "nvml", "process_sm_util_percent": 23.0, "process_mem_util_percent": 4.0}
{"timestamp_unix": 1772434668.1385207, "pid": 59625, "device_index": 0, "gpu_uuid": "GPU-6f954bfd-7081-31b7-f15c-f9a174bf4d7f", "gpu_util_percent": 24.0, "gpu_mem_util_percent": 4.0, "gpu_mem_used_mib": 48454.0, "gpu_mem_total_mib": 49140.0, "gpu_power_w": 94.36, "process_present": true, "process_mem_mib": 47972.0, "process_mem_share_percent": 97.62311762311762, "process_util_available": true, "process_util_backend": "nvml", "process_sm_util_percent": 23.0, "process_mem_util_percent": 4.0}
{"timestamp_unix": 1772434668.4528413, "pid": 59625, "device_index": 0, "gpu_uuid": "GPU-6f954bfd-7081-31b7-f15c-f9a174bf4d7f", "gpu_util_percent": 24.0, "gpu_mem_util_percent": 4.0, "gpu_mem_used_mib": 48454.0, "gpu_mem_total_mib": 49140.0, "gpu_power_w": 94.36, "process_present": true, "process_mem_mib": 47972.0, "process_mem_share_percent": 97.62311762311762, "process_util_available": true, "process_util_backend": "nvml", "process_sm_util_percent": 23.0, "process_mem_util_percent": 4.0}
{"timestamp_unix": 1772434668.761399, "pid": 59625, "device_index": 0, "gpu_uuid": "GPU-6f954bfd-7081-31b7-f15c-f9a174bf4d7f", "gpu_util_percent": 24.0, "gpu_mem_util_percent": 5.0, "gpu_mem_used_mib": 48454.0, "gpu_mem_total_mib": 49140.0, "gpu_power_w": 94.53, "process_present": true, "process_mem_mib": 47972.0, "process_mem_share_percent": 97.62311762311762, "process_util_available": true, "process_util_backend": "nvml", "process_sm_util_percent": 23.0, "process_mem_util_percent": 4.0}
{"timestamp_unix": 1772434669.0567708, "pid": 59625, "device_index": 0, "gpu_uuid": "GPU-6f954bfd-7081-31b7-f15c-f9a174bf4d7f", "gpu_util_percent": 24.0, "gpu_mem_util_percent": 5.0, "gpu_mem_used_mib": 48454.0, "gpu_mem_total_mib": 49140.0, "gpu_power_w": 94.6, "process_present": true, "process_mem_mib": 47972.0, "process_mem_share_percent": 97.62311762311762, "process_util_available": true, "process_util_backend": "nvml", "process_sm_util_percent": 23.0, "process_mem_util_percent": 4.0}
{"timestamp_unix": 1772434669.356725, "pid": 59625, "device_index": 0, "gpu_uuid": "GPU-6f954bfd-7081-31b7-f15c-f9a174bf4d7f", "gpu_util_percent": 24.0, "gpu_mem_util_percent": 5.0, "gpu_mem_used_mib": 48454.0, "gpu_mem_total_mib": 49140.0, "gpu_power_w": 94.6, "process_present": true, "process_mem_mib": 47972.0, "process_mem_share_percent": 97.62311762311762, "process_util_available": true, "process_util_backend": "nvml", "process_sm_util_percent": 23.0, "process_mem_util_percent": 4.0}
{"timestamp_unix": 1772434669.6572948, "pid": 59625, "device_index": 0, "gpu_uuid": "GPU-6f954bfd-7081-31b7-f15c-f9a174bf4d7f", "gpu_util_percent": 23.0, "gpu_mem_util_percent": 4.0, "gpu_mem_used_mib": 48454.0, "gpu_mem_total_mib": 49140.0, "gpu_power_w": 94.84, "process_present": true, "process_mem_mib": 47972.0, "process_mem_share_percent": 97.62311762311762, "process_util_available": true, "process_util_backend": "nvml", "process_sm_util_percent": 23.0, "process_mem_util_percent": 4.0}
{"timestamp_unix": 1772434669.9728034, "pid": 59625, "device_index": 0, "gpu_uuid": "GPU-6f954bfd-7081-31b7-f15c-f9a174bf4d7f", "gpu_util_percent": 23.0, "gpu_mem_util_percent": 4.0, "gpu_mem_used_mib": 48454.0, "gpu_mem_total_mib": 49140.0, "gpu_power_w": 94.84, "process_present": true, "process_mem_mib": 47972.0, "process_mem_share_percent": 97.62311762311762, "process_util_available": true, "process_util_backend": "nvml", "process_sm_util_percent": 12.0, "process_mem_util_percent": 2.0}
{"timestamp_unix": 1772434670.2706826, "pid": 59625, "device_index": 0, "gpu_uuid": "GPU-6f954bfd-7081-31b7-f15c-f9a174bf4d7f", "gpu_util_percent": 23.0, "gpu_mem_util_percent": 4.0, "gpu_mem_used_mib": 48450.0, "gpu_mem_total_mib": 49140.0, "gpu_power_w": 94.3, "process_present": true, "process_mem_mib": 47972.0, "process_mem_share_percent": 97.62311762311762, "process_util_available": true, "process_util_backend": "nvml", "process_sm_util_percent": 18.0, "process_mem_util_percent": 2.0}
{"timestamp_unix": 1772434670.569722, "pid": 59625, "device_index": 0, "gpu_uuid": "GPU-6f954bfd-7081-31b7-f15c-f9a174bf4d7f", "gpu_util_percent": 23.0, "gpu_mem_util_percent": 4.0, "gpu_mem_used_mib": 48450.0, "gpu_mem_total_mib": 49140.0, "gpu_power_w": 92.07, "process_present": true, "process_mem_mib": 47972.0, "process_mem_share_percent": 97.62311762311762, "process_util_available": true, "process_util_backend": "nvml", "process_sm_util_percent": 24.0, "process_mem_util_percent": 3.0}
{"timestamp_unix": 1772434670.8780377, "pid": 59625, "device_index": 0, "gpu_uuid": "GPU-6f954bfd-7081-31b7-f15c-f9a174bf4d7f", "gpu_util_percent": 23.0, "gpu_mem_util_percent": 4.0, "gpu_mem_used_mib": 48450.0, "gpu_mem_total_mib": 49140.0, "gpu_power_w": 92.07, "process_present": true, "process_mem_mib": 47972.0, "process_mem_share_percent": 97.62311762311762, "process_util_available": true, "process_util_backend": "nvml", "process_sm_util_percent": 24.0, "process_mem_util_percent": 3.0}
{"timestamp_unix": 1772434671.1946218, "pid": 59625, "device_index": 0, "gpu_uuid": "GPU-6f954bfd-7081-31b7-f15c-f9a174bf4d7f", "gpu_util_percent": 23.0, "gpu_mem_util_percent": 4.0, "gpu_mem_used_mib": 48450.0, "gpu_mem_total_mib": 49140.0, "gpu_power_w": 91.83, "process_present": true, "process_mem_mib": 47972.0, "process_mem_share_percent": 97.62311762311762, "process_util_available": true, "process_util_backend": "nvml", "process_sm_util_percent": 24.0, "process_mem_util_percent": 3.0}
{"timestamp_unix": 1772434671.499537, "pid": 59625, "device_index": 0, "gpu_uuid": "GPU-6f954bfd-7081-31b7-f15c-f9a174bf4d7f", "gpu_util_percent": 24.0, "gpu_mem_util_percent": 4.0, "gpu_mem_used_mib": 48450.0, "gpu_mem_total_mib": 49140.0, "gpu_power_w": 94.32, "process_present": true, "process_mem_mib": 47972.0, "process_mem_share_percent": 97.62311762311762, "process_util_available": true, "process_util_backend": "nvml", "process_sm_util_percent": 24.0, "process_mem_util_percent": 3.0}
{"timestamp_unix": 1772434671.8090415, "pid": 59625, "device_index": 0, "gpu_uuid": "GPU-6f954bfd-7081-31b7-f15c-f9a174bf4d7f", "gpu_util_percent": 24.0, "gpu_mem_util_percent": 4.0, "gpu_mem_used_mib": 48450.0, "gpu_mem_total_mib": 49140.0, "gpu_power_w": 94.32, "process_present": true, "process_mem_mib": 47972.0, "process_mem_share_percent": 97.62311762311762, "process_util_available": true, "process_util_backend": "nvml", "process_sm_util_percent": 24.0, "process_mem_util_percent": 3.0}
{"timestamp_unix": 1772434672.1055238, "pid": 59625, "device_index": 0, "gpu_uuid": "GPU-6f954bfd-7081-31b7-f15c-f9a174bf4d7f", "gpu_util_percent": 24.0, "gpu_mem_util_percent": 4.0, "gpu_mem_used_mib": 48450.0, "gpu_mem_total_mib": 49140.0, "gpu_power_w": 94.4, "process_present": true, "process_mem_mib": 47972.0, "process_mem_share_percent": 97.62311762311762, "process_util_available": true, "process_util_backend": "nvml", "process_sm_util_percent": 24.0, "process_mem_util_percent": 3.0}
{"timestamp_unix": 1772434672.4051113, "pid": 59625, "device_index": 0, "gpu_uuid": "GPU-6f954bfd-7081-31b7-f15c-f9a174bf4d7f", "gpu_util_percent": 24.0, "gpu_mem_util_percent": 4.0, "gpu_mem_used_mib": 48450.0, "gpu_mem_total_mib": 49140.0, "gpu_power_w": 94.4, "process_present": true, "process_mem_mib": 47972.0, "process_mem_share_percent": 97.62311762311762, "process_util_available": true, "process_util_backend": "nvml", "process_sm_util_percent": 24.0, "process_mem_util_percent": 3.0}
{"timestamp_unix": 1772434672.7035837, "pid": 59625, "device_index": 0, "gpu_uuid": "GPU-6f954bfd-7081-31b7-f15c-f9a174bf4d7f", "gpu_util_percent": 24.0, "gpu_mem_util_percent": 4.0, "gpu_mem_used_mib": 48450.0, "gpu_mem_total_mib": 49140.0, "gpu_power_w": 94.4, "process_present": true, "process_mem_mib": 47972.0, "process_mem_share_percent": 97.62311762311762, "process_util_available": true, "process_util_backend": "nvml", "process_sm_util_percent": 24.0, "process_mem_util_percent": 3.0}
{"timestamp_unix": 1772434673.002928, "pid": 59625, "device_index": 0, "gpu_uuid": "GPU-6f954bfd-7081-31b7-f15c-f9a174bf4d7f", "gpu_util_percent": 24.0, "gpu_mem_util_percent": 4.0, "gpu_mem_used_mib": 48450.0, "gpu_mem_total_mib": 49140.0, "gpu_power_w": 94.28, "process_present": true, "process_mem_mib": 47972.0, "process_mem_share_percent": 97.62311762311762, "process_util_available": true, "process_util_backend": "nvml", "process_sm_util_percent": 24.0, "process_mem_util_percent": 3.0}
{"timestamp_unix": 1772434673.3003612, "pid": 59625, "device_index": 0, "gpu_uuid": "GPU-6f954bfd-7081-31b7-f15c-f9a174bf4d7f", "gpu_util_percent": 24.0, "gpu_mem_util_percent": 4.0, "gpu_mem_used_mib": 48450.0, "gpu_mem_total_mib": 49140.0, "gpu_power_w": 94.28, "process_present": true, "process_mem_mib": 47972.0, "process_mem_share_percent": 97.62311762311762, "process_util_available": true, "process_util_backend": "nvml", "process_sm_util_percent": 24.0, "process_mem_util_percent": 3.0}
{"timestamp_unix": 1772434673.593634, "pid": 59625, "device_index": 0, "gpu_uuid": "GPU-6f954bfd-7081-31b7-f15c-f9a174bf4d7f", "gpu_util_percent": 24.0, "gpu_mem_util_percent": 3.0, "gpu_mem_used_mib": 48450.0, "gpu_mem_total_mib": 49140.0, "gpu_power_w": 94.15, "process_present": true, "process_mem_mib": 47972.0, "process_mem_share_percent": 97.62311762311762, "process_util_available": true, "process_util_backend": "nvml", "process_sm_util_percent": 24.0, "process_mem_util_percent": 3.0}
{"timestamp_unix": 1772434673.899109, "pid": 59625, "device_index": 0, "gpu_uuid": "GPU-6f954bfd-7081-31b7-f15c-f9a174bf4d7f", "gpu_util_percent": 24.0, "gpu_mem_util_percent": 3.0, "gpu_mem_used_mib": 48450.0, "gpu_mem_total_mib": 49140.0, "gpu_power_w": 94.15, "process_present": true, "process_mem_mib": 47972.0, "process_mem_share_percent": 97.62311762311762, "process_util_available": true, "process_util_backend": "nvml", "process_sm_util_percent": 24.0, "process_mem_util_percent": 3.0}
{"timestamp_unix": 1772434674.19918, "pid": 59625, "device_index": 0, "gpu_uuid": "GPU-6f954bfd-7081-31b7-f15c-f9a174bf4d7f", "gpu_util_percent": 24.0, "gpu_mem_util_percent": 3.0, "gpu_mem_used_mib": 48450.0, "gpu_mem_total_mib": 49140.0, "gpu_power_w": 94.05, "process_present": true, "process_mem_mib": 47972.0, "process_mem_share_percent": 97.62311762311762, "process_util_available": true, "process_util_backend": "nvml", "process_sm_util_percent": 24.0, "process_mem_util_percent": 3.0}
{"timestamp_unix": 1772434674.4981933, "pid": 59625, "device_index": 0, "gpu_uuid": "GPU-6f954bfd-7081-31b7-f15c-f9a174bf4d7f", "gpu_util_percent": 24.0, "gpu_mem_util_percent": 4.0, "gpu_mem_used_mib": 48450.0, "gpu_mem_total_mib": 49140.0, "gpu_power_w": 94.02, "process_present": true, "process_mem_mib": 47972.0, "process_mem_share_percent": 97.62311762311762, "process_util_available": true, "process_util_backend": "nvml", "process_sm_util_percent": 24.0, "process_mem_util_percent": 3.0}
{"timestamp_unix": 1772434674.7929418, "pid": 59625, "device_index": 0, "gpu_uuid": "GPU-6f954bfd-7081-31b7-f15c-f9a174bf4d7f", "gpu_util_percent": 24.0, "gpu_mem_util_percent": 4.0, "gpu_mem_used_mib": 48450.0, "gpu_mem_total_mib": 49140.0, "gpu_power_w": 94.02, "process_present": true, "process_mem_mib": 47972.0, "process_mem_share_percent": 97.62311762311762, "process_util_available": true, "process_util_backend": "nvml", "process_sm_util_percent": 24.0, "process_mem_util_percent": 3.0}
{"timestamp_unix": 1772434675.1511471, "pid": 59625, "device_index": 0, "gpu_uuid": "GPU-6f954bfd-7081-31b7-f15c-f9a174bf4d7f", "gpu_util_percent": 24.0, "gpu_mem_util_percent": 4.0, "gpu_mem_used_mib": 48450.0, "gpu_mem_total_mib": 49140.0, "gpu_power_w": 93.88, "process_present": true, "process_mem_mib": 47972.0, "process_mem_share_percent": 97.62311762311762, "process_util_available": true, "process_util_backend": "nvml", "process_sm_util_percent": null, "process_mem_util_percent": null}
