{"timestamp_unix": 1772443363.3902287, "pid": 127417, "device_index": 0, "gpu_uuid": "GPU-6f954bfd-7081-31b7-f15c-f9a174bf4d7f", "gpu_util_percent": 33.0, "gpu_mem_util_percent": 16.0, "gpu_mem_used_mib": 1004.0, "gpu_mem_total_mib": 49140.0, "gpu_power_w": 48.77, "process_present": true, "process_mem_mib": 500.0, "process_mem_share_percent": 1.0175010175010175, "process_util_available": true, "process_util_backend": "nvml", "process_sm_util_percent": null, "process_mem_util_percent": null}
{"timestamp_unix": 1772443363.800409, "pid": 127417, "device_index": 0, "gpu_uuid": "GPU-6f954bfd-7081-31b7-f15c-f9a174bf4d7f", "gpu_util_percent": 33.0, "gpu_mem_util_percent": 16.0, "gpu_mem_used_mib": 1004.0, "gpu_mem_total_mib": 49140.0, "gpu_power_w": 48.77, "process_present": true, "process_mem_mib": 500.0, "process_mem_share_percent": 1.0175010175010175, "process_util_available": true, "process_util_backend": "nvml", "process_sm_util_percent": null, "process_mem_util_percent": null}
{"timestamp_unix": 1772443364.1262622, "pid": 127417, "device_index": 0, "gpu_uuid": "GPU-6f954bfd-7081-31b7-f15c-f9a174bf4d7f", "gpu_util_percent": 14.0, "gpu_mem_util_percent": 1.0, "gpu_mem_used_mib": 1004.0, "gpu_mem_total_mib": 49140.0, "gpu_power_w": 66.12, "process_present": true, "process_mem_mib": 500.0, "process_mem_share_percent": 1.0175010175010175, "process_util_available": true, "process_util_backend": "nvml", "process_sm_util_percent": null, "process_mem_util_percent": null}
{"timestamp_unix": 1772443364.4709764, "pid": 127417, "device_index": 0, "gpu_uuid": "GPU-6f954bfd-7081-31b7-f15c-f9a174bf4d7f", "gpu_util_percent": 14.0, "gpu_mem_util_percent": 1.0, "gpu_mem_used_mib": 1004.0, "gpu_mem_total_mib": 49140.0, "gpu_power_w": 81.81, "process_present": true, "process_mem_mib": 500.0, "process_mem_share_percent": 1.0175010175010175, "process_util_available": true, "process_util_backend": "nvml", "process_sm_util_percent": null, "process_mem_util_percent": null}
{"timestamp_unix": 1772443364.781978, "pid": 127417, "device_index": 0, "gpu_uuid": "GPU-6f954bfd-7081-31b7-f15c-f9a174bf4d7f", "gpu_util_percent": 14.0, "gpu_mem_util_percent": 1.0, "gpu_mem_used_mib": 1224.0, "gpu_mem_total_mib": 49140.0, "gpu_power_w": 81.81, "process_present": true, "process_mem_mib": 780.0, "process_mem_share_percent": 1.5873015873015872, "process_util_available": true, "process_util_backend": "nvml", "process_sm_util_percent": null, "process_mem_util_percent": null}
{"timestamp_unix": 1772443365.0822933, "pid": 127417, "device_index": 0, "gpu_uuid": "GPU-6f954bfd-7081-31b7-f15c-f9a174bf4d7f", "gpu_util_percent": 22.0, "gpu_mem_util_percent": 2.0, "gpu_mem_used_mib": 1630.0, "gpu_mem_total_mib": 49140.0, "gpu_power_w": 82.49, "process_present": true, "process_mem_mib": 1126.0, "process_mem_share_percent": 2.2914122914122914, "process_util_available": true, "process_util_backend": "nvml", "process_sm_util_percent": 12.0, "process_mem_util_percent": 0.0}
{"timestamp_unix": 1772443365.371145, "pid": 127417, "device_index": 0, "gpu_uuid": "GPU-6f954bfd-7081-31b7-f15c-f9a174bf4d7f", "gpu_util_percent": 22.0, "gpu_mem_util_percent": 2.0, "gpu_mem_used_mib": 1928.0, "gpu_mem_total_mib": 49140.0, "gpu_power_w": 85.32, "process_present": true, "process_mem_mib": 1482.0, "process_mem_share_percent": 3.015873015873016, "process_util_available": true, "process_util_backend": "nvml", "process_sm_util_percent": null, "process_mem_util_percent": null}
{"timestamp_unix": 1772443365.6633193, "pid": 127417, "device_index": 0, "gpu_uuid": "GPU-6f954bfd-7081-31b7-f15c-f9a174bf4d7f", "gpu_util_percent": 22.0, "gpu_mem_util_percent": 2.0, "gpu_mem_used_mib": 3151.0, "gpu_mem_total_mib": 49140.0, "gpu_power_w": 85.32, "process_present": true, "process_mem_mib": 2904.0, "process_mem_share_percent": 5.909645909645909, "process_util_available": true, "process_util_backend": "nvml", "process_sm_util_percent": 20.0, "process_mem_util_percent": 2.0}
{"timestamp_unix": 1772443365.9578943, "pid": 127417, "device_index": 0, "gpu_uuid": "GPU-6f954bfd-7081-31b7-f15c-f9a174bf4d7f", "gpu_util_percent": 24.0, "gpu_mem_util_percent": 4.0, "gpu_mem_used_mib": 5153.0, "gpu_mem_total_mib": 49140.0, "gpu_power_w": 88.56, "process_present": true, "process_mem_mib": 4826.0, "process_mem_share_percent": 9.820919820919821, "process_util_available": true, "process_util_backend": "nvml", "process_sm_util_percent": 24.0, "process_mem_util_percent": 4.0}
{"timestamp_unix": 1772443366.2499857, "pid": 127417, "device_index": 0, "gpu_uuid": "GPU-6f954bfd-7081-31b7-f15c-f9a174bf4d7f", "gpu_util_percent": 24.0, "gpu_mem_util_percent": 4.0, "gpu_mem_used_mib": 7102.0, "gpu_mem_total_mib": 49140.0, "gpu_power_w": 88.56, "process_present": true, "process_mem_mib": 6854.0, "process_mem_share_percent": 13.947903947903947, "process_util_available": true, "process_util_backend": "nvml", "process_sm_util_percent": 24.0, "process_mem_util_percent": 3.0}
{"timestamp_unix": 1772443366.5376568, "pid": 127417, "device_index": 0, "gpu_uuid": "GPU-6f954bfd-7081-31b7-f15c-f9a174bf4d7f", "gpu_util_percent": 24.0, "gpu_mem_util_percent": 4.0, "gpu_mem_used_mib": 9382.0, "gpu_mem_total_mib": 49140.0, "gpu_power_w": 90.29, "process_present": true, "process_mem_mib": 9174.0, "process_mem_share_percent": 18.66910866910867, "process_util_available": true, "process_util_backend": "nvml", "process_sm_util_percent": 24.0, "process_mem_util_percent": 4.0}
{"timestamp_unix": 1772443366.833604, "pid": 127417, "device_index": 0, "gpu_uuid": "GPU-6f954bfd-7081-31b7-f15c-f9a174bf4d7f", "gpu_util_percent": 24.0, "gpu_mem_util_percent": 5.0, "gpu_mem_used_mib": 11694.0, "gpu_mem_total_mib": 49140.0, "gpu_power_w": 93.56, "process_present": true, "process_mem_mib": 11618.0, "process_mem_share_percent": 23.642653642653645, "process_util_available": true, "process_util_backend": "nvml", "process_sm_util_percent": 24.0, "process_mem_util_percent": 4.0}
{"timestamp_unix": 1772443367.1296263, "pid": 127417, "device_index": 0, "gpu_uuid": "GPU-6f954bfd-7081-31b7-f15c-f9a174bf4d7f", "gpu_util_percent": 24.0, "gpu_mem_util_percent": 5.0, "gpu_mem_used_mib": 14195.0, "gpu_mem_total_mib": 49140.0, "gpu_power_w": 93.56, "process_present": true, "process_mem_mib": 14006.0, "process_mem_share_percent": 28.5022385022385, "process_util_available": true, "process_util_backend": "nvml", "process_sm_util_percent": 26.0, "process_mem_util_percent": 4.0}
{"timestamp_unix": 1772443367.4319048, "pid": 127417, "device_index": 0, "gpu_uuid": "GPU-6f954bfd-7081-31b7-f15c-f9a174bf4d7f", "gpu_util_percent": 24.0, "gpu_mem_util_percent": 5.0, "gpu_mem_used_mib": 16259.0, "gpu_mem_total_mib": 49140.0, "gpu_power_w": 94.14, "process_present": true, "process_mem_mib": 16008.0, "process_mem_share_percent": 32.576312576312574, "process_util_available": true, "process_util_backend": "nvml", "process_sm_util_percent": 23.0, "process_mem_util_percent": 3.0}
{"timestamp_unix": 1772443367.7332256, "pid": 127417, "device_index": 0, "gpu_uuid": "GPU-6f954bfd-7081-31b7-f15c-f9a174bf4d7f", "gpu_util_percent": 24.0, "gpu_mem_util_percent": 5.0, "gpu_mem_used_mib": 17975.0, "gpu_mem_total_mib": 49140.0, "gpu_power_w": 94.14, "process_present": true, "process_mem_mib": 17654.0, "process_mem_share_percent": 35.92592592592593, "process_util_available": true, "process_util_backend": "nvml", "process_sm_util_percent": 24.0, "process_mem_util_percent": 4.0}
{"timestamp_unix": 1772443368.0331833, "pid": 127417, "device_index": 0, "gpu_uuid": "GPU-6f954bfd-7081-31b7-f15c-f9a174bf4d7f", "gpu_util_percent": 22.0, "gpu_mem_util_percent": 3.0, "gpu_mem_used_mib": 19751.0, "gpu_mem_total_mib": 49140.0, "gpu_power_w": 93.57, "process_present": true, "process_mem_mib": 19502.0, "process_mem_share_percent": 39.686609686609685, "process_util_available": true, "process_util_backend": "nvml", "process_sm_util_percent": 24.0, "process_mem_util_percent": 3.0}
{"timestamp_unix": 1772443368.324899, "pid": 127417, "device_index": 0, "gpu_uuid": "GPU-6f954bfd-7081-31b7-f15c-f9a174bf4d7f", "gpu_util_percent": 22.0, "gpu_mem_util_percent": 3.0, "gpu_mem_used_mib": 21505.0, "gpu_mem_total_mib": 49140.0, "gpu_power_w": 93.39, "process_present": true, "process_mem_mib": 21180.0, "process_mem_share_percent": 43.101343101343105, "process_util_available": true, "process_util_backend": "nvml", "process_sm_util_percent": 25.0, "process_mem_util_percent": 4.0}
{"timestamp_unix": 1772443368.6162596, "pid": 127417, "device_index": 0, "gpu_uuid": "GPU-6f954bfd-7081-31b7-f15c-f9a174bf4d7f", "gpu_util_percent": 22.0, "gpu_mem_util_percent": 3.0, "gpu_mem_used_mib": 23309.0, "gpu_mem_total_mib": 49140.0, "gpu_power_w": 93.39, "process_present": true, "process_mem_mib": 23100.0, "process_mem_share_percent": 47.008547008547005, "process_util_available": true, "process_util_backend": "nvml", "process_sm_util_percent": 24.0, "process_mem_util_percent": 4.0}
{"timestamp_unix": 1772443368.9057958, "pid": 127417, "device_index": 0, "gpu_uuid": "GPU-6f954bfd-7081-31b7-f15c-f9a174bf4d7f", "gpu_util_percent": 24.0, "gpu_mem_util_percent": 4.0, "gpu_mem_used_mib": 25419.0, "gpu_mem_total_mib": 49140.0, "gpu_power_w": 93.6, "process_present": true, "process_mem_mib": 25204.0, "process_mem_share_percent": 51.29019129019129, "process_util_available": true, "process_util_backend": "nvml", "process_sm_util_percent": 25.0, "process_mem_util_percent": 4.0}
{"timestamp_unix": 1772443369.1996164, "pid": 127417, "device_index": 0, "gpu_uuid": "GPU-6f954bfd-7081-31b7-f15c-f9a174bf4d7f", "gpu_util_percent": 24.0, "gpu_mem_util_percent": 4.0, "gpu_mem_used_mib": 27331.0, "gpu_mem_total_mib": 49140.0, "gpu_power_w": 93.6, "process_present": true, "process_mem_mib": 27116.0, "process_mem_share_percent": 55.18111518111518, "process_util_available": true, "process_util_backend": "nvml", "process_sm_util_percent": 24.0, "process_mem_util_percent": 4.0}
{"timestamp_unix": 1772443369.4911609, "pid": 127417, "device_index": 0, "gpu_uuid": "GPU-6f954bfd-7081-31b7-f15c-f9a174bf4d7f", "gpu_util_percent": 24.0, "gpu_mem_util_percent": 4.0, "gpu_mem_used_mib": 29353.0, "gpu_mem_total_mib": 49140.0, "gpu_power_w": 94.03, "process_present": true, "process_mem_mib": 29156.0, "process_mem_share_percent": 59.332519332519325, "process_util_available": true, "process_util_backend": "nvml", "process_sm_util_percent": 24.0, "process_mem_util_percent": 4.0}
{"timestamp_unix": 1772443369.7874353, "pid": 127417, "device_index": 0, "gpu_uuid": "GPU-6f954bfd-7081-31b7-f15c-f9a174bf4d7f", "gpu_util_percent": 24.0, "gpu_mem_util_percent": 4.0, "gpu_mem_used_mib": 31125.0, "gpu_mem_total_mib": 49140.0, "gpu_power_w": 94.03, "process_present": true, "process_mem_mib": 30882.0, "process_mem_share_percent": 62.84493284493284, "process_util_available": true, "process_util_backend": "nvml", "process_sm_util_percent": 24.0, "process_mem_util_percent": 4.0}
{"timestamp_unix": 1772443370.0951447, "pid": 127417, "device_index": 0, "gpu_uuid": "GPU-6f954bfd-7081-31b7-f15c-f9a174bf4d7f", "gpu_util_percent": 24.0, "gpu_mem_util_percent": 4.0, "gpu_mem_used_mib": 32790.0, "gpu_mem_total_mib": 49140.0, "gpu_power_w": 94.3, "process_present": true, "process_mem_mib": 32528.0, "process_mem_share_percent": 66.1945461945462, "process_util_available": true, "process_util_backend": "nvml", "process_sm_util_percent": 12.0, "process_mem_util_percent": 1.0}
{"timestamp_unix": 1772443370.401837, "pid": 127417, "device_index": 0, "gpu_uuid": "GPU-6f954bfd-7081-31b7-f15c-f9a174bf4d7f", "gpu_util_percent": 24.0, "gpu_mem_util_percent": 4.0, "gpu_mem_used_mib": 34578.0, "gpu_mem_total_mib": 49140.0, "gpu_power_w": 93.93, "process_present": true, "process_mem_mib": 34328.0, "process_mem_share_percent": 69.85754985754986, "process_util_available": true, "process_util_backend": "nvml", "process_sm_util_percent": 25.0, "process_mem_util_percent": 4.0}
{"timestamp_unix": 1772443370.709349, "pid": 127417, "device_index": 0, "gpu_uuid": "GPU-6f954bfd-7081-31b7-f15c-f9a174bf4d7f", "gpu_util_percent": 24.0, "gpu_mem_util_percent": 4.0, "gpu_mem_used_mib": 36416.0, "gpu_mem_total_mib": 49140.0, "gpu_power_w": 93.93, "process_present": true, "process_mem_mib": 36128.0, "process_mem_share_percent": 73.52055352055352, "process_util_available": true, "process_util_backend": "nvml", "process_sm_util_percent": 25.0, "process_mem_util_percent": 4.0}
{"timestamp_unix": 1772443371.0443683, "pid": 127417, "device_index": 0, "gpu_uuid": "GPU-6f954bfd-7081-31b7-f15c-f9a174bf4d7f", "gpu_util_percent": 22.0, "gpu_mem_util_percent": 4.0, "gpu_mem_used_mib": 38296.0, "gpu_mem_total_mib": 49140.0, "gpu_power_w": 93.92, "process_present": true, "process_mem_mib": 38022.0, "process_mem_share_percent": 77.37484737484738, "process_util_available": true, "process_util_backend": "nvml", "process_sm_util_percent": 12.0, "process_mem_util_percent": 2.0}
{"timestamp_unix": 1772443371.334992, "pid": 127417, "device_index": 0, "gpu_uuid": "GPU-6f954bfd-7081-31b7-f15c-f9a174bf4d7f", "gpu_util_percent": 22.0, "gpu_mem_util_percent": 4.0, "gpu_mem_used_mib": 38752.0, "gpu_mem_total_mib": 49140.0, "gpu_power_w": 92.52, "process_present": true, "process_mem_mib": 38254.0, "process_mem_share_percent": 77.84696784696786, "process_util_available": true, "process_util_backend": "nvml", "process_sm_util_percent": null, "process_mem_util_percent": null}
{"timestamp_unix": 1772443371.6258, "pid": 127417, "device_index": 0, "gpu_uuid": "GPU-6f954bfd-7081-31b7-f15c-f9a174bf4d7f", "gpu_util_percent": 22.0, "gpu_mem_util_percent": 4.0, "gpu_mem_used_mib": 38752.0, "gpu_mem_total_mib": 49140.0, "gpu_power_w": 92.52, "process_present": true, "process_mem_mib": 38254.0, "process_mem_share_percent": 77.84696784696786, "process_util_available": true, "process_util_backend": "nvml", "process_sm_util_percent": 29.0, "process_mem_util_percent": 5.0}
{"timestamp_unix": 1772443371.9193645, "pid": 127417, "device_index": 0, "gpu_uuid": "GPU-6f954bfd-7081-31b7-f15c-f9a174bf4d7f", "gpu_util_percent": 29.0, "gpu_mem_util_percent": 6.0, "gpu_mem_used_mib": 38752.0, "gpu_mem_total_mib": 49140.0, "gpu_power_w": 94.42, "process_present": true, "process_mem_mib": 38254.0, "process_mem_share_percent": 77.84696784696786, "process_util_available": true, "process_util_backend": "nvml", "process_sm_util_percent": 28.0, "process_mem_util_percent": 5.0}
{"timestamp_unix": 1772443372.2081816, "pid": 127417, "device_index": 0, "gpu_uuid": "GPU-6f954bfd-7081-31b7-f15c-f9a174bf4d7f", "gpu_util_percent": 29.0, "gpu_mem_util_percent": 6.0, "gpu_mem_used_mib": 38751.0, "gpu_mem_total_mib": 49140.0, "gpu_power_w": 94.42, "process_present": true, "process_mem_mib": 38254.0, "process_mem_share_percent": 77.84696784696786, "process_util_available": true, "process_util_backend": "nvml", "process_sm_util_percent": 29.0, "process_mem_util_percent": 5.0}
{"timestamp_unix": 1772443372.4999971, "pid": 127417, "device_index": 0, "gpu_uuid": "GPU-6f954bfd-7081-31b7-f15c-f9a174bf4d7f", "gpu_util_percent": 29.0, "gpu_mem_util_percent": 6.0, "gpu_mem_used_mib": 38751.0, "gpu_mem_total_mib": 49140.0, "gpu_power_w": 97.84, "process_present": true, "process_mem_mib": 38254.0, "process_mem_share_percent": 77.84696784696786, "process_util_available": true, "process_util_backend": "nvml", "process_sm_util_percent": 29.0, "process_mem_util_percent": 5.0}
{"timestamp_unix": 1772443372.7890913, "pid": 127417, "device_index": 0, "gpu_uuid": "GPU-6f954bfd-7081-31b7-f15c-f9a174bf4d7f", "gpu_util_percent": 29.0, "gpu_mem_util_percent": 6.0, "gpu_mem_used_mib": 38751.0, "gpu_mem_total_mib": 49140.0, "gpu_power_w": 97.84, "process_present": true, "process_mem_mib": 38254.0, "process_mem_share_percent": 77.84696784696786, "process_util_available": true, "process_util_backend": "nvml", "process_sm_util_percent": 28.0, "process_mem_util_percent": 5.0}
{"timestamp_unix": 1772443373.095851, "pid": 127417, "device_index": 0, "gpu_uuid": "GPU-6f954bfd-7081-31b7-f15c-f9a174bf4d7f", "gpu_util_percent": 28.0, "gpu_mem_util_percent": 5.0, "gpu_mem_used_mib": 38751.0, "gpu_mem_total_mib": 49140.0, "gpu_power_w": 98.72, "process_present": true, "process_mem_mib": 38254.0, "process_mem_share_percent": 77.84696784696786, "process_util_available": true, "process_util_backend": "nvml", "process_sm_util_percent": 29.0, "process_mem_util_percent": 5.0}
{"timestamp_unix": 1772443373.3998322, "pid": 127417, "device_index": 0, "gpu_uuid": "GPU-6f954bfd-7081-31b7-f15c-f9a174bf4d7f", "gpu_util_percent": 28.0, "gpu_mem_util_percent": 5.0, "gpu_mem_used_mib": 38751.0, "gpu_mem_total_mib": 49140.0, "gpu_power_w": 98.22, "process_present": true, "process_mem_mib": 38254.0, "process_mem_share_percent": 77.84696784696786, "process_util_available": true, "process_util_backend": "nvml", "process_sm_util_percent": null, "process_mem_util_percent": null}
{"timestamp_unix": 1772443373.6992438, "pid": 127417, "device_index": 0, "gpu_uuid": "GPU-6f954bfd-7081-31b7-f15c-f9a174bf4d7f", "gpu_util_percent": 28.0, "gpu_mem_util_percent": 5.0, "gpu_mem_used_mib": 38751.0, "gpu_mem_total_mib": 49140.0, "gpu_power_w": 98.22, "process_present": true, "process_mem_mib": 38254.0, "process_mem_share_percent": 77.84696784696786, "process_util_available": true, "process_util_backend": "nvml", "process_sm_util_percent": 28.0, "process_mem_util_percent": 4.0}
{"timestamp_unix": 1772443373.9956653, "pid": 127417, "device_index": 0, "gpu_uuid": "GPU-6f954bfd-7081-31b7-f15c-f9a174bf4d7f", "gpu_util_percent": 27.0, "gpu_mem_util_percent": 5.0, "gpu_mem_used_mib": 38751.0, "gpu_mem_total_mib": 49140.0, "gpu_power_w": 97.85, "process_present": true, "process_mem_mib": 38254.0, "process_mem_share_percent": 77.84696784696786, "process_util_available": true, "process_util_backend": "nvml", "process_sm_util_percent": null, "process_mem_util_percent": null}
{"timestamp_unix": 1772443374.2881992, "pid": 127417, "device_index": 0, "gpu_uuid": "GPU-6f954bfd-7081-31b7-f15c-f9a174bf4d7f", "gpu_util_percent": 27.0, "gpu_mem_util_percent": 5.0, "gpu_mem_used_mib": 38749.0, "gpu_mem_total_mib": 49140.0, "gpu_power_w": 97.85, "process_present": true, "process_mem_mib": 38254.0, "process_mem_share_percent": 77.84696784696786, "process_util_available": true, "process_util_backend": "nvml", "process_sm_util_percent": 14.0, "process_mem_util_percent": 2.0}
{"timestamp_unix": 1772443374.5814307, "pid": 127417, "device_index": 0, "gpu_uuid": "GPU-6f954bfd-7081-31b7-f15c-f9a174bf4d7f", "gpu_util_percent": 27.0, "gpu_mem_util_percent": 5.0, "gpu_mem_used_mib": 38749.0, "gpu_mem_total_mib": 49140.0, "gpu_power_w": 97.82, "process_present": true, "process_mem_mib": 38254.0, "process_mem_share_percent": 77.84696784696786, "process_util_available": true, "process_util_backend": "nvml", "process_sm_util_percent": null, "process_mem_util_percent": null}
{"timestamp_unix": 1772443374.8720071, "pid": 127417, "device_index": 0, "gpu_uuid": "GPU-6f954bfd-7081-31b7-f15c-f9a174bf4d7f", "gpu_util_percent": 27.0, "gpu_mem_util_percent": 4.0, "gpu_mem_used_mib": 38749.0, "gpu_mem_total_mib": 49140.0, "gpu_power_w": 97.46, "process_present": true, "process_mem_mib": 38254.0, "process_mem_share_percent": 77.84696784696786, "process_util_available": true, "process_util_backend": "nvml", "process_sm_util_percent": 14.0, "process_mem_util_percent": 2.0}
{"timestamp_unix": 1772443375.1676795, "pid": 127417, "device_index": 0, "gpu_uuid": "GPU-6f954bfd-7081-31b7-f15c-f9a174bf4d7f", "gpu_util_percent": 27.0, "gpu_mem_util_percent": 4.0, "gpu_mem_used_mib": 38749.0, "gpu_mem_total_mib": 49140.0, "gpu_power_w": 97.46, "process_present": true, "process_mem_mib": 38254.0, "process_mem_share_percent": 77.84696784696786, "process_util_available": true, "process_util_backend": "nvml", "process_sm_util_percent": 27.0, "process_mem_util_percent": 4.0}
{"timestamp_unix": 1772443375.4598331, "pid": 127417, "device_index": 0, "gpu_uuid": "GPU-6f954bfd-7081-31b7-f15c-f9a174bf4d7f", "gpu_util_percent": 27.0, "gpu_mem_util_percent": 4.0, "gpu_mem_used_mib": 38749.0, "gpu_mem_total_mib": 49140.0, "gpu_power_w": 97.01, "process_present": true, "process_mem_mib": 38254.0, "process_mem_share_percent": 77.84696784696786, "process_util_available": true, "process_util_backend": "nvml", "process_sm_util_percent": 28.0, "process_mem_util_percent": 4.0}
{"timestamp_unix": 1772443375.754658, "pid": 127417, "device_index": 0, "gpu_uuid": "GPU-6f954bfd-7081-31b7-f15c-f9a174bf4d7f", "gpu_util_percent": 27.0, "gpu_mem_util_percent": 4.0, "gpu_mem_used_mib": 38749.0, "gpu_mem_total_mib": 49140.0, "gpu_power_w": 97.01, "process_present": true, "process_mem_mib": 38254.0, "process_mem_share_percent": 77.84696784696786, "process_util_available": true, "process_util_backend": "nvml", "process_sm_util_percent": null, "process_mem_util_percent": null}
{"timestamp_unix": 1772443376.0784016, "pid": 127417, "device_index": 0, "gpu_uuid": "GPU-6f954bfd-7081-31b7-f15c-f9a174bf4d7f", "gpu_util_percent": 27.0, "gpu_mem_util_percent": 4.0, "gpu_mem_used_mib": 38749.0, "gpu_mem_total_mib": 49140.0, "gpu_power_w": 96.58, "process_present": true, "process_mem_mib": 38254.0, "process_mem_share_percent": 77.84696784696786, "process_util_available": true, "process_util_backend": "nvml", "process_sm_util_percent": 27.0, "process_mem_util_percent": 3.0}
{"timestamp_unix": 1772443376.3823798, "pid": 127417, "device_index": 0, "gpu_uuid": "GPU-6f954bfd-7081-31b7-f15c-f9a174bf4d7f", "gpu_util_percent": 27.0, "gpu_mem_util_percent": 4.0, "gpu_mem_used_mib": 38752.0, "gpu_mem_total_mib": 49140.0, "gpu_power_w": 96.13, "process_present": true, "process_mem_mib": 38254.0, "process_mem_share_percent": 77.84696784696786, "process_util_available": true, "process_util_backend": "nvml", "process_sm_util_percent": 27.0, "process_mem_util_percent": 3.0}
{"timestamp_unix": 1772443376.6834295, "pid": 127417, "device_index": 0, "gpu_uuid": "GPU-6f954bfd-7081-31b7-f15c-f9a174bf4d7f", "gpu_util_percent": 27.0, "gpu_mem_util_percent": 4.0, "gpu_mem_used_mib": 38752.0, "gpu_mem_total_mib": 49140.0, "gpu_power_w": 96.13, "process_present": true, "process_mem_mib": 38254.0, "process_mem_share_percent": 77.84696784696786, "process_util_available": true, "process_util_backend": "nvml", "process_sm_util_percent": 27.0, "process_mem_util_percent": 3.0}
{"timestamp_unix": 1772443376.9727318, "pid": 127417, "device_index": 0, "gpu_uuid": "GPU-6f954bfd-7081-31b7-f15c-f9a174bf4d7f", "gpu_util_percent": 26.0, "gpu_mem_util_percent": 3.0, "gpu_mem_used_mib": 38752.0, "gpu_mem_total_mib": 49140.0, "gpu_power_w": 95.66, "process_present": true, "process_mem_mib": 38254.0, "process_mem_share_percent": 77.84696784696786, "process_util_available": true, "process_util_backend": "nvml", "process_sm_util_percent": 23.0, "process_mem_util_percent": 2.0}
{"timestamp_unix": 1772443377.2666414, "pid": 127417, "device_index": 0, "gpu_uuid": "GPU-6f954bfd-7081-31b7-f15c-f9a174bf4d7f", "gpu_util_percent": 26.0, "gpu_mem_util_percent": 3.0, "gpu_mem_used_mib": 38752.0, "gpu_mem_total_mib": 49140.0, "gpu_power_w": 95.66, "process_present": true, "process_mem_mib": 38254.0, "process_mem_share_percent": 77.84696784696786, "process_util_available": true, "process_util_backend": "nvml", "process_sm_util_percent": 25.0, "process_mem_util_percent": 5.0}
{"timestamp_unix": 1772443377.559063, "pid": 127417, "device_index": 0, "gpu_uuid": "GPU-6f954bfd-7081-31b7-f15c-f9a174bf4d7f", "gpu_util_percent": 26.0, "gpu_mem_util_percent": 3.0, "gpu_mem_used_mib": 38752.0, "gpu_mem_total_mib": 49140.0, "gpu_power_w": 95.83, "process_present": true, "process_mem_mib": 38254.0, "process_mem_share_percent": 77.84696784696786, "process_util_available": true, "process_util_backend": "nvml", "process_sm_util_percent": 25.0, "process_mem_util_percent": 5.0}
{"timestamp_unix": 1772443377.8517828, "pid": 127417, "device_index": 0, "gpu_uuid": "GPU-6f954bfd-7081-31b7-f15c-f9a174bf4d7f", "gpu_util_percent": 25.0, "gpu_mem_util_percent": 6.0, "gpu_mem_used_mib": 38752.0, "gpu_mem_total_mib": 49140.0, "gpu_power_w": 97.11, "process_present": true, "process_mem_mib": 38254.0, "process_mem_share_percent": 77.84696784696786, "process_util_available": true, "process_util_backend": "nvml", "process_sm_util_percent": 25.0, "process_mem_util_percent": 5.0}
{"timestamp_unix": 1772443378.237817, "pid": 127417, "device_index": 0, "gpu_uuid": "GPU-6f954bfd-7081-31b7-f15c-f9a174bf4d7f", "gpu_util_percent": 25.0, "gpu_mem_util_percent": 6.0, "gpu_mem_used_mib": 38751.0, "gpu_mem_total_mib": 49140.0, "gpu_power_w": 97.11, "process_present": true, "process_mem_mib": 38254.0, "process_mem_share_percent": 77.84696784696786, "process_util_available": true, "process_util_backend": "nvml", "process_sm_util_percent": 8.0, "process_mem_util_percent": 1.0}
{"timestamp_unix": 1772443378.5338645, "pid": 127417, "device_index": 0, "gpu_uuid": "GPU-6f954bfd-7081-31b7-f15c-f9a174bf4d7f", "gpu_util_percent": 25.0, "gpu_mem_util_percent": 6.0, "gpu_mem_used_mib": 38751.0, "gpu_mem_total_mib": 49140.0, "gpu_power_w": 96.07, "process_present": true, "process_mem_mib": 38254.0, "process_mem_share_percent": 77.84696784696786, "process_util_available": true, "process_util_backend": "nvml", "process_sm_util_percent": 24.0, "process_mem_util_percent": 5.0}
{"timestamp_unix": 1772443378.8342733, "pid": 127417, "device_index": 0, "gpu_uuid": "GPU-6f954bfd-7081-31b7-f15c-f9a174bf4d7f", "gpu_util_percent": 25.0, "gpu_mem_util_percent": 6.0, "gpu_mem_used_mib": 38751.0, "gpu_mem_total_mib": 49140.0, "gpu_power_w": 96.2, "process_present": true, "process_mem_mib": 38254.0, "process_mem_share_percent": 77.84696784696786, "process_util_available": true, "process_util_backend": "nvml", "process_sm_util_percent": 24.0, "process_mem_util_percent": 5.0}
{"timestamp_unix": 1772443379.1334977, "pid": 127417, "device_index": 0, "gpu_uuid": "GPU-6f954bfd-7081-31b7-f15c-f9a174bf4d7f", "gpu_util_percent": 24.0, "gpu_mem_util_percent": 6.0, "gpu_mem_used_mib": 38751.0, "gpu_mem_total_mib": 49140.0, "gpu_power_w": 96.2, "process_present": true, "process_mem_mib": 38254.0, "process_mem_share_percent": 77.84696784696786, "process_util_available": true, "process_util_backend": "nvml", "process_sm_util_percent": 24.0, "process_mem_util_percent": 5.0}
{"timestamp_unix": 1772443379.433679, "pid": 127417, "device_index": 0, "gpu_uuid": "GPU-6f954bfd-7081-31b7-f15c-f9a174bf4d7f", "gpu_util_percent": 24.0, "gpu_mem_util_percent": 6.0, "gpu_mem_used_mib": 38751.0, "gpu_mem_total_mib": 49140.0, "gpu_power_w": 98.37, "process_present": true, "process_mem_mib": 38254.0, "process_mem_share_percent": 77.84696784696786, "process_util_available": true, "process_util_backend": "nvml", "process_sm_util_percent": 24.0, "process_mem_util_percent": 5.0}
{"timestamp_unix": 1772443379.7241933, "pid": 127417, "device_index": 0, "gpu_uuid": "GPU-6f954bfd-7081-31b7-f15c-f9a174bf4d7f", "gpu_util_percent": 24.0, "gpu_mem_util_percent": 6.0, "gpu_mem_used_mib": 38751.0, "gpu_mem_total_mib": 49140.0, "gpu_power_w": 98.37, "process_present": true, "process_mem_mib": 38254.0, "process_mem_share_percent": 77.84696784696786, "process_util_available": true, "process_util_backend": "nvml", "process_sm_util_percent": 23.0, "process_mem_util_percent": 5.0}
{"timestamp_unix": 1772443380.0152957, "pid": 127417, "device_index": 0, "gpu_uuid": "GPU-6f954bfd-7081-31b7-f15c-f9a174bf4d7f", "gpu_util_percent": 25.0, "gpu_mem_util_percent": 6.0, "gpu_mem_used_mib": 38751.0, "gpu_mem_total_mib": 49140.0, "gpu_power_w": 98.73, "process_present": true, "process_mem_mib": 38254.0, "process_mem_share_percent": 77.84696784696786, "process_util_available": true, "process_util_backend": "nvml", "process_sm_util_percent": 24.0, "process_mem_util_percent": 5.0}
{"timestamp_unix": 1772443380.3049235, "pid": 127417, "device_index": 0, "gpu_uuid": "GPU-6f954bfd-7081-31b7-f15c-f9a174bf4d7f", "gpu_util_percent": 25.0, "gpu_mem_util_percent": 6.0, "gpu_mem_used_mib": 38751.0, "gpu_mem_total_mib": 49140.0, "gpu_power_w": 98.73, "process_present": true, "process_mem_mib": 38254.0, "process_mem_share_percent": 77.84696784696786, "process_util_available": true, "process_util_backend": "nvml", "process_sm_util_percent": 22.0, "process_mem_util_percent": 5.0}
{"timestamp_unix": 1772443380.5981894, "pid": 127417, "device_index": 0, "gpu_uuid": "GPU-6f954bfd-7081-31b7-f15c-f9a174bf4d7f", "gpu_util_percent": 25.0, "gpu_mem_util_percent": 6.0, "gpu_mem_used_mib": 38751.0, "gpu_mem_total_mib": 49140.0, "gpu_power_w": 98.65, "process_present": true, "process_mem_mib": 38254.0, "process_mem_share_percent": 77.84696784696786, "process_util_available": true, "process_util_backend": "nvml", "process_sm_util_percent": 22.0, "process_mem_util_percent": 5.0}
{"timestamp_unix": 1772443380.8907163, "pid": 127417, "device_index": 0, "gpu_uuid": "GPU-6f954bfd-7081-31b7-f15c-f9a174bf4d7f", "gpu_util_percent": 22.0, "gpu_mem_util_percent": 6.0, "gpu_mem_used_mib": 38751.0, "gpu_mem_total_mib": 49140.0, "gpu_power_w": 98.91, "process_present": true, "process_mem_mib": 38254.0, "process_mem_share_percent": 77.84696784696786, "process_util_available": true, "process_util_backend": "nvml", "process_sm_util_percent": 22.0, "process_mem_util_percent": 5.0}
{"timestamp_unix": 1772443381.1848834, "pid": 127417, "device_index": 0, "gpu_uuid": "GPU-6f954bfd-7081-31b7-f15c-f9a174bf4d7f", "gpu_util_percent": 22.0, "gpu_mem_util_percent": 6.0, "gpu_mem_used_mib": 38745.0, "gpu_mem_total_mib": 49140.0, "gpu_power_w": 98.91, "process_present": true, "process_mem_mib": 38254.0, "process_mem_share_percent": 77.84696784696786, "process_util_available": true, "process_util_backend": "nvml", "process_sm_util_percent": 22.0, "process_mem_util_percent": 6.0}
{"timestamp_unix": 1772443381.494563, "pid": 127417, "device_index": 0, "gpu_uuid": "GPU-6f954bfd-7081-31b7-f15c-f9a174bf4d7f", "gpu_util_percent": 22.0, "gpu_mem_util_percent": 6.0, "gpu_mem_used_mib": 40057.0, "gpu_mem_total_mib": 49140.0, "gpu_power_w": 99.14, "process_present": true, "process_mem_mib": 39814.0, "process_mem_share_percent": 81.02157102157102, "process_util_available": true, "process_util_backend": "nvml", "process_sm_util_percent": 22.0, "process_mem_util_percent": 5.0}
{"timestamp_unix": 1772443381.8016088, "pid": 127417, "device_index": 0, "gpu_uuid": "GPU-6f954bfd-7081-31b7-f15c-f9a174bf4d7f", "gpu_util_percent": 22.0, "gpu_mem_util_percent": 6.0, "gpu_mem_used_mib": 40547.0, "gpu_mem_total_mib": 49140.0, "gpu_power_w": 99.14, "process_present": true, "process_mem_mib": 40098.0, "process_mem_share_percent": 81.5995115995116, "process_util_available": true, "process_util_backend": "nvml", "process_sm_util_percent": null, "process_mem_util_percent": null}
{"timestamp_unix": 1772443382.1103015, "pid": 127417, "device_index": 0, "gpu_uuid": "GPU-6f954bfd-7081-31b7-f15c-f9a174bf4d7f", "gpu_util_percent": 11.0, "gpu_mem_util_percent": 1.0, "gpu_mem_used_mib": 40966.0, "gpu_mem_total_mib": 49140.0, "gpu_power_w": 96.22, "process_present": true, "process_mem_mib": 40476.0, "process_mem_share_percent": 82.36874236874236, "process_util_available": true, "process_util_backend": "nvml", "process_sm_util_percent": 20.0, "process_mem_util_percent": 4.0}
{"timestamp_unix": 1772443382.4035878, "pid": 127417, "device_index": 0, "gpu_uuid": "GPU-6f954bfd-7081-31b7-f15c-f9a174bf4d7f", "gpu_util_percent": 11.0, "gpu_mem_util_percent": 1.0, "gpu_mem_used_mib": 40966.0, "gpu_mem_total_mib": 49140.0, "gpu_power_w": 96.76, "process_present": true, "process_mem_mib": 40476.0, "process_mem_share_percent": 82.36874236874236, "process_util_available": true, "process_util_backend": "nvml", "process_sm_util_percent": 28.0, "process_mem_util_percent": 8.0}
{"timestamp_unix": 1772443382.6940565, "pid": 127417, "device_index": 0, "gpu_uuid": "GPU-6f954bfd-7081-31b7-f15c-f9a174bf4d7f", "gpu_util_percent": 11.0, "gpu_mem_util_percent": 1.0, "gpu_mem_used_mib": 40966.0, "gpu_mem_total_mib": 49140.0, "gpu_power_w": 96.76, "process_present": true, "process_mem_mib": 40476.0, "process_mem_share_percent": 82.36874236874236, "process_util_available": true, "process_util_backend": "nvml", "process_sm_util_percent": 29.0, "process_mem_util_percent": 8.0}
{"timestamp_unix": 1772443382.985676, "pid": 127417, "device_index": 0, "gpu_uuid": "GPU-6f954bfd-7081-31b7-f15c-f9a174bf4d7f", "gpu_util_percent": 28.0, "gpu_mem_util_percent": 8.0, "gpu_mem_used_mib": 40966.0, "gpu_mem_total_mib": 49140.0, "gpu_power_w": 100.44, "process_present": true, "process_mem_mib": 40476.0, "process_mem_share_percent": 82.36874236874236, "process_util_available": true, "process_util_backend": "nvml", "process_sm_util_percent": 28.0, "process_mem_util_percent": 8.0}
{"timestamp_unix": 1772443383.2759225, "pid": 127417, "device_index": 0, "gpu_uuid": "GPU-6f954bfd-7081-31b7-f15c-f9a174bf4d7f", "gpu_util_percent": 28.0, "gpu_mem_util_percent": 8.0, "gpu_mem_used_mib": 40966.0, "gpu_mem_total_mib": 49140.0, "gpu_power_w": 100.44, "process_present": true, "process_mem_mib": 40476.0, "process_mem_share_percent": 82.36874236874236, "process_util_available": true, "process_util_backend": "nvml", "process_sm_util_percent": 28.0, "process_mem_util_percent": 8.0}
{"timestamp_unix": 1772443383.5714772, "pid": 127417, "device_index": 0, "gpu_uuid": "GPU-6f954bfd-7081-31b7-f15c-f9a174bf4d7f", "gpu_util_percent": 28.0, "gpu_mem_util_percent": 8.0, "gpu_mem_used_mib": 40966.0, "gpu_mem_total_mib": 49140.0, "gpu_power_w": 102.81, "process_present": true, "process_mem_mib": 40476.0, "process_mem_share_percent": 82.36874236874236, "process_util_available": true, "process_util_backend": "nvml", "process_sm_util_percent": 29.0, "process_mem_util_percent": 8.0}
{"timestamp_unix": 1772443383.86273, "pid": 127417, "device_index": 0, "gpu_uuid": "GPU-6f954bfd-7081-31b7-f15c-f9a174bf4d7f", "gpu_util_percent": 28.0, "gpu_mem_util_percent": 8.0, "gpu_mem_used_mib": 40966.0, "gpu_mem_total_mib": 49140.0, "gpu_power_w": 102.3, "process_present": true, "process_mem_mib": 40476.0, "process_mem_share_percent": 82.36874236874236, "process_util_available": true, "process_util_backend": "nvml", "process_sm_util_percent": 29.0, "process_mem_util_percent": 7.0}
{"timestamp_unix": 1772443384.1660397, "pid": 127417, "device_index": 0, "gpu_uuid": "GPU-6f954bfd-7081-31b7-f15c-f9a174bf4d7f", "gpu_util_percent": 28.0, "gpu_mem_util_percent": 8.0, "gpu_mem_used_mib": 40966.0, "gpu_mem_total_mib": 49140.0, "gpu_power_w": 102.3, "process_present": true, "process_mem_mib": 40476.0, "process_mem_share_percent": 82.36874236874236, "process_util_available": true, "process_util_backend": "nvml", "process_sm_util_percent": 28.0, "process_mem_util_percent": 7.0}
{"timestamp_unix": 1772443384.4665442, "pid": 127417, "device_index": 0, "gpu_uuid": "GPU-6f954bfd-7081-31b7-f15c-f9a174bf4d7f", "gpu_util_percent": 28.0, "gpu_mem_util_percent": 8.0, "gpu_mem_used_mib": 40966.0, "gpu_mem_total_mib": 49140.0, "gpu_power_w": 102.13, "process_present": true, "process_mem_mib": 40476.0, "process_mem_share_percent": 82.36874236874236, "process_util_available": true, "process_util_backend": "nvml", "process_sm_util_percent": 28.0, "process_mem_util_percent": 7.0}
{"timestamp_unix": 1772443384.7665136, "pid": 127417, "device_index": 0, "gpu_uuid": "GPU-6f954bfd-7081-31b7-f15c-f9a174bf4d7f", "gpu_util_percent": 28.0, "gpu_mem_util_percent": 8.0, "gpu_mem_used_mib": 40966.0, "gpu_mem_total_mib": 49140.0, "gpu_power_w": 102.13, "process_present": true, "process_mem_mib": 40476.0, "process_mem_share_percent": 82.36874236874236, "process_util_available": true, "process_util_backend": "nvml", "process_sm_util_percent": 28.0, "process_mem_util_percent": 7.0}
{"timestamp_unix": 1772443385.0807185, "pid": 127417, "device_index": 0, "gpu_uuid": "GPU-6f954bfd-7081-31b7-f15c-f9a174bf4d7f", "gpu_util_percent": 29.0, "gpu_mem_util_percent": 8.0, "gpu_mem_used_mib": 40966.0, "gpu_mem_total_mib": 49140.0, "gpu_power_w": 101.93, "process_present": true, "process_mem_mib": 40476.0, "process_mem_share_percent": 82.36874236874236, "process_util_available": true, "process_util_backend": "nvml", "process_sm_util_percent": 28.0, "process_mem_util_percent": 6.0}
{"timestamp_unix": 1772443385.3714209, "pid": 127417, "device_index": 0, "gpu_uuid": "GPU-6f954bfd-7081-31b7-f15c-f9a174bf4d7f", "gpu_util_percent": 29.0, "gpu_mem_util_percent": 8.0, "gpu_mem_used_mib": 40966.0, "gpu_mem_total_mib": 49140.0, "gpu_power_w": 101.67, "process_present": true, "process_mem_mib": 40476.0, "process_mem_share_percent": 82.36874236874236, "process_util_available": true, "process_util_backend": "nvml", "process_sm_util_percent": 28.0, "process_mem_util_percent": 7.0}
{"timestamp_unix": 1772443385.6649072, "pid": 127417, "device_index": 0, "gpu_uuid": "GPU-6f954bfd-7081-31b7-f15c-f9a174bf4d7f", "gpu_util_percent": 29.0, "gpu_mem_util_percent": 8.0, "gpu_mem_used_mib": 40966.0, "gpu_mem_total_mib": 49140.0, "gpu_power_w": 101.67, "process_present": true, "process_mem_mib": 40476.0, "process_mem_share_percent": 82.36874236874236, "process_util_available": true, "process_util_backend": "nvml", "process_sm_util_percent": 27.0, "process_mem_util_percent": 6.0}
{"timestamp_unix": 1772443385.9559932, "pid": 127417, "device_index": 0, "gpu_uuid": "GPU-6f954bfd-7081-31b7-f15c-f9a174bf4d7f", "gpu_util_percent": 28.0, "gpu_mem_util_percent": 7.0, "gpu_mem_used_mib": 40966.0, "gpu_mem_total_mib": 49140.0, "gpu_power_w": 101.4, "process_present": true, "process_mem_mib": 40476.0, "process_mem_share_percent": 82.36874236874236, "process_util_available": true, "process_util_backend": "nvml", "process_sm_util_percent": 28.0, "process_mem_util_percent": 6.0}
{"timestamp_unix": 1772443386.2502127, "pid": 127417, "device_index": 0, "gpu_uuid": "GPU-6f954bfd-7081-31b7-f15c-f9a174bf4d7f", "gpu_util_percent": 28.0, "gpu_mem_util_percent": 7.0, "gpu_mem_used_mib": 40962.0, "gpu_mem_total_mib": 49140.0, "gpu_power_w": 101.4, "process_present": true, "process_mem_mib": 40476.0, "process_mem_share_percent": 82.36874236874236, "process_util_available": true, "process_util_backend": "nvml", "process_sm_util_percent": 28.0, "process_mem_util_percent": 6.0}
{"timestamp_unix": 1772443386.5412028, "pid": 127417, "device_index": 0, "gpu_uuid": "GPU-6f954bfd-7081-31b7-f15c-f9a174bf4d7f", "gpu_util_percent": 28.0, "gpu_mem_util_percent": 7.0, "gpu_mem_used_mib": 40962.0, "gpu_mem_total_mib": 49140.0, "gpu_power_w": 101.16, "process_present": true, "process_mem_mib": 40476.0, "process_mem_share_percent": 82.36874236874236, "process_util_available": true, "process_util_backend": "nvml", "process_sm_util_percent": 27.0, "process_mem_util_percent": 6.0}
{"timestamp_unix": 1772443386.8335445, "pid": 127417, "device_index": 0, "gpu_uuid": "GPU-6f954bfd-7081-31b7-f15c-f9a174bf4d7f", "gpu_util_percent": 28.0, "gpu_mem_util_percent": 7.0, "gpu_mem_used_mib": 40962.0, "gpu_mem_total_mib": 49140.0, "gpu_power_w": 100.61, "process_present": true, "process_mem_mib": 40476.0, "process_mem_share_percent": 82.36874236874236, "process_util_available": true, "process_util_backend": "nvml", "process_sm_util_percent": 28.0, "process_mem_util_percent": 6.0}
{"timestamp_unix": 1772443387.134025, "pid": 127417, "device_index": 0, "gpu_uuid": "GPU-6f954bfd-7081-31b7-f15c-f9a174bf4d7f", "gpu_util_percent": 28.0, "gpu_mem_util_percent": 7.0, "gpu_mem_used_mib": 40962.0, "gpu_mem_total_mib": 49140.0, "gpu_power_w": 100.61, "process_present": true, "process_mem_mib": 40476.0, "process_mem_share_percent": 82.36874236874236, "process_util_available": true, "process_util_backend": "nvml", "process_sm_util_percent": 27.0, "process_mem_util_percent": 5.0}
{"timestamp_unix": 1772443387.4319522, "pid": 127417, "device_index": 0, "gpu_uuid": "GPU-6f954bfd-7081-31b7-f15c-f9a174bf4d7f", "gpu_util_percent": 28.0, "gpu_mem_util_percent": 7.0, "gpu_mem_used_mib": 40962.0, "gpu_mem_total_mib": 49140.0, "gpu_power_w": 99.63, "process_present": true, "process_mem_mib": 40476.0, "process_mem_share_percent": 82.36874236874236, "process_util_available": true, "process_util_backend": "nvml", "process_sm_util_percent": 26.0, "process_mem_util_percent": 4.0}
{"timestamp_unix": 1772443387.731965, "pid": 127417, "device_index": 0, "gpu_uuid": "GPU-6f954bfd-7081-31b7-f15c-f9a174bf4d7f", "gpu_util_percent": 28.0, "gpu_mem_util_percent": 7.0, "gpu_mem_used_mib": 40962.0, "gpu_mem_total_mib": 49140.0, "gpu_power_w": 99.63, "process_present": true, "process_mem_mib": 40476.0, "process_mem_share_percent": 82.36874236874236, "process_util_available": true, "process_util_backend": "nvml", "process_sm_util_percent": null, "process_mem_util_percent": null}
{"timestamp_unix": 1772443388.0302477, "pid": 127417, "device_index": 0, "gpu_uuid": "GPU-6f954bfd-7081-31b7-f15c-f9a174bf4d7f", "gpu_util_percent": 21.0, "gpu_mem_util_percent": 4.0, "gpu_mem_used_mib": 40962.0, "gpu_mem_total_mib": 49140.0, "gpu_power_w": 97.7, "process_present": true, "process_mem_mib": 40476.0, "process_mem_share_percent": 82.36874236874236, "process_util_available": true, "process_util_backend": "nvml", "process_sm_util_percent": 24.0, "process_mem_util_percent": 5.0}
{"timestamp_unix": 1772443388.3231964, "pid": 127417, "device_index": 0, "gpu_uuid": "GPU-6f954bfd-7081-31b7-f15c-f9a174bf4d7f", "gpu_util_percent": 21.0, "gpu_mem_util_percent": 4.0, "gpu_mem_used_mib": 40962.0, "gpu_mem_total_mib": 49140.0, "gpu_power_w": 97.7, "process_present": true, "process_mem_mib": 40476.0, "process_mem_share_percent": 82.36874236874236, "process_util_available": true, "process_util_backend": "nvml", "process_sm_util_percent": 26.0, "process_mem_util_percent": 6.0}
{"timestamp_unix": 1772443388.6185703, "pid": 127417, "device_index": 0, "gpu_uuid": "GPU-6f954bfd-7081-31b7-f15c-f9a174bf4d7f", "gpu_util_percent": 21.0, "gpu_mem_util_percent": 4.0, "gpu_mem_used_mib": 40962.0, "gpu_mem_total_mib": 49140.0, "gpu_power_w": 97.67, "process_present": true, "process_mem_mib": 40476.0, "process_mem_share_percent": 82.36874236874236, "process_util_available": true, "process_util_backend": "nvml", "process_sm_util_percent": 26.0, "process_mem_util_percent": 6.0}
{"timestamp_unix": 1772443388.9101815, "pid": 127417, "device_index": 0, "gpu_uuid": "GPU-6f954bfd-7081-31b7-f15c-f9a174bf4d7f", "gpu_util_percent": 27.0, "gpu_mem_util_percent": 7.0, "gpu_mem_used_mib": 40962.0, "gpu_mem_total_mib": 49140.0, "gpu_power_w": 98.98, "process_present": true, "process_mem_mib": 40476.0, "process_mem_share_percent": 82.36874236874236, "process_util_available": true, "process_util_backend": "nvml", "process_sm_util_percent": 26.0, "process_mem_util_percent": 6.0}
{"timestamp_unix": 1772443389.2039385, "pid": 127417, "device_index": 0, "gpu_uuid": "GPU-6f954bfd-7081-31b7-f15c-f9a174bf4d7f", "gpu_util_percent": 27.0, "gpu_mem_util_percent": 7.0, "gpu_mem_used_mib": 40962.0, "gpu_mem_total_mib": 49140.0, "gpu_power_w": 98.98, "process_present": true, "process_mem_mib": 40476.0, "process_mem_share_percent": 82.36874236874236, "process_util_available": true, "process_util_backend": "nvml", "process_sm_util_percent": 26.0, "process_mem_util_percent": 6.0}
{"timestamp_unix": 1772443389.4954026, "pid": 127417, "device_index": 0, "gpu_uuid": "GPU-6f954bfd-7081-31b7-f15c-f9a174bf4d7f", "gpu_util_percent": 27.0, "gpu_mem_util_percent": 7.0, "gpu_mem_used_mib": 40962.0, "gpu_mem_total_mib": 49140.0, "gpu_power_w": 100.31, "process_present": true, "process_mem_mib": 40476.0, "process_mem_share_percent": 82.36874236874236, "process_util_available": true, "process_util_backend": "nvml", "process_sm_util_percent": 27.0, "process_mem_util_percent": 6.0}
{"timestamp_unix": 1772443389.8008127, "pid": 127417, "device_index": 0, "gpu_uuid": "GPU-6f954bfd-7081-31b7-f15c-f9a174bf4d7f", "gpu_util_percent": 27.0, "gpu_mem_util_percent": 7.0, "gpu_mem_used_mib": 40962.0, "gpu_mem_total_mib": 49140.0, "gpu_power_w": 100.31, "process_present": true, "process_mem_mib": 40476.0, "process_mem_share_percent": 82.36874236874236, "process_util_available": true, "process_util_backend": "nvml", "process_sm_util_percent": 27.0, "process_mem_util_percent": 6.0}
{"timestamp_unix": 1772443390.111198, "pid": 127417, "device_index": 0, "gpu_uuid": "GPU-6f954bfd-7081-31b7-f15c-f9a174bf4d7f", "gpu_util_percent": 28.0, "gpu_mem_util_percent": 7.0, "gpu_mem_used_mib": 40962.0, "gpu_mem_total_mib": 49140.0, "gpu_power_w": 100.53, "process_present": true, "process_mem_mib": 40476.0, "process_mem_share_percent": 82.36874236874236, "process_util_available": true, "process_util_backend": "nvml", "process_sm_util_percent": 27.0, "process_mem_util_percent": 6.0}
{"timestamp_unix": 1772443390.4163032, "pid": 127417, "device_index": 0, "gpu_uuid": "GPU-6f954bfd-7081-31b7-f15c-f9a174bf4d7f", "gpu_util_percent": 28.0, "gpu_mem_util_percent": 7.0, "gpu_mem_used_mib": 40962.0, "gpu_mem_total_mib": 49140.0, "gpu_power_w": 100.88, "process_present": true, "process_mem_mib": 40476.0, "process_mem_share_percent": 82.36874236874236, "process_util_available": true, "process_util_backend": "nvml", "process_sm_util_percent": 27.0, "process_mem_util_percent": 6.0}
{"timestamp_unix": 1772443390.7080455, "pid": 127417, "device_index": 0, "gpu_uuid": "GPU-6f954bfd-7081-31b7-f15c-f9a174bf4d7f", "gpu_util_percent": 28.0, "gpu_mem_util_percent": 7.0, "gpu_mem_used_mib": 40962.0, "gpu_mem_total_mib": 49140.0, "gpu_power_w": 100.88, "process_present": true, "process_mem_mib": 40476.0, "process_mem_share_percent": 82.36874236874236, "process_util_available": true, "process_util_backend": "nvml", "process_sm_util_percent": 28.0, "process_mem_util_percent": 6.0}
{"timestamp_unix": 1772443391.0042067, "pid": 127417, "device_index": 0, "gpu_uuid": "GPU-6f954bfd-7081-31b7-f15c-f9a174bf4d7f", "gpu_util_percent": 29.0, "gpu_mem_util_percent": 7.0, "gpu_mem_used_mib": 40964.0, "gpu_mem_total_mib": 49140.0, "gpu_power_w": 101.4, "process_present": true, "process_mem_mib": 40476.0, "process_mem_share_percent": 82.36874236874236, "process_util_available": true, "process_util_backend": "nvml", "process_sm_util_percent": 29.0, "process_mem_util_percent": 6.0}
{"timestamp_unix": 1772443391.2957141, "pid": 127417, "device_index": 0, "gpu_uuid": "GPU-6f954bfd-7081-31b7-f15c-f9a174bf4d7f", "gpu_util_percent": 29.0, "gpu_mem_util_percent": 7.0, "gpu_mem_used_mib": 40975.0, "gpu_mem_total_mib": 49140.0, "gpu_power_w": 101.4, "process_present": true, "process_mem_mib": 40476.0, "process_mem_share_percent": 82.36874236874236, "process_util_available": true, "process_util_backend": "nvml", "process_sm_util_percent": 15.0, "process_mem_util_percent": 3.0}
{"timestamp_unix": 1772443391.5884178, "pid": 127417, "device_index": 0, "gpu_uuid": "GPU-6f954bfd-7081-31b7-f15c-f9a174bf4d7f", "gpu_util_percent": 29.0, "gpu_mem_util_percent": 7.0, "gpu_mem_used_mib": 40975.0, "gpu_mem_total_mib": 49140.0, "gpu_power_w": 101.91, "process_present": true, "process_mem_mib": 40476.0, "process_mem_share_percent": 82.36874236874236, "process_util_available": true, "process_util_backend": "nvml", "process_sm_util_percent": null, "process_mem_util_percent": null}
{"timestamp_unix": 1772443391.8827133, "pid": 127417, "device_index": 0, "gpu_uuid": "GPU-6f954bfd-7081-31b7-f15c-f9a174bf4d7f", "gpu_util_percent": 30.0, "gpu_mem_util_percent": 8.0, "gpu_mem_used_mib": 40995.0, "gpu_mem_total_mib": 49140.0, "gpu_power_w": 102.23, "process_present": true, "process_mem_mib": 40736.0, "process_mem_share_percent": 82.8978428978429, "process_util_available": true, "process_util_backend": "nvml", "process_sm_util_percent": 29.0, "process_mem_util_percent": 7.0}
{"timestamp_unix": 1772443392.1742911, "pid": 127417, "device_index": 0, "gpu_uuid": "GPU-6f954bfd-7081-31b7-f15c-f9a174bf4d7f", "gpu_util_percent": 30.0, "gpu_mem_util_percent": 8.0, "gpu_mem_used_mib": 41635.0, "gpu_mem_total_mib": 49140.0, "gpu_power_w": 102.23, "process_present": true, "process_mem_mib": 41136.0, "process_mem_share_percent": 83.71184371184371, "process_util_available": true, "process_util_backend": "nvml", "process_sm_util_percent": null, "process_mem_util_percent": null}
{"timestamp_unix": 1772443392.4789252, "pid": 127417, "device_index": 0, "gpu_uuid": "GPU-6f954bfd-7081-31b7-f15c-f9a174bf4d7f", "gpu_util_percent": 30.0, "gpu_mem_util_percent": 8.0, "gpu_mem_used_mib": 42277.0, "gpu_mem_total_mib": 49140.0, "gpu_power_w": 97.38, "process_present": true, "process_mem_mib": 41778.0, "process_mem_share_percent": 85.01831501831502, "process_util_available": true, "process_util_backend": "nvml", "process_sm_util_percent": 24.0, "process_mem_util_percent": 5.0}
{"timestamp_unix": 1772443392.7806826, "pid": 127417, "device_index": 0, "gpu_uuid": "GPU-6f954bfd-7081-31b7-f15c-f9a174bf4d7f", "gpu_util_percent": 30.0, "gpu_mem_util_percent": 8.0, "gpu_mem_used_mib": 42277.0, "gpu_mem_total_mib": 49140.0, "gpu_power_w": 97.38, "process_present": true, "process_mem_mib": 41778.0, "process_mem_share_percent": 85.01831501831502, "process_util_available": true, "process_util_backend": "nvml", "process_sm_util_percent": 33.0, "process_mem_util_percent": 12.0}
{"timestamp_unix": 1772443393.0959165, "pid": 127417, "device_index": 0, "gpu_uuid": "GPU-6f954bfd-7081-31b7-f15c-f9a174bf4d7f", "gpu_util_percent": 34.0, "gpu_mem_util_percent": 12.0, "gpu_mem_used_mib": 42277.0, "gpu_mem_total_mib": 49140.0, "gpu_power_w": 99.8, "process_present": true, "process_mem_mib": 41778.0, "process_mem_share_percent": 85.01831501831502, "process_util_available": true, "process_util_backend": "nvml", "process_sm_util_percent": 34.0, "process_mem_util_percent": 11.0}
{"timestamp_unix": 1772443393.3876207, "pid": 127417, "device_index": 0, "gpu_uuid": "GPU-6f954bfd-7081-31b7-f15c-f9a174bf4d7f", "gpu_util_percent": 34.0, "gpu_mem_util_percent": 12.0, "gpu_mem_used_mib": 42277.0, "gpu_mem_total_mib": 49140.0, "gpu_power_w": 106.02, "process_present": true, "process_mem_mib": 41778.0, "process_mem_share_percent": 85.01831501831502, "process_util_available": true, "process_util_backend": "nvml", "process_sm_util_percent": 33.0, "process_mem_util_percent": 12.0}
{"timestamp_unix": 1772443393.6818857, "pid": 127417, "device_index": 0, "gpu_uuid": "GPU-6f954bfd-7081-31b7-f15c-f9a174bf4d7f", "gpu_util_percent": 34.0, "gpu_mem_util_percent": 12.0, "gpu_mem_used_mib": 42278.0, "gpu_mem_total_mib": 49140.0, "gpu_power_w": 106.02, "process_present": true, "process_mem_mib": 41778.0, "process_mem_share_percent": 85.01831501831502, "process_util_available": true, "process_util_backend": "nvml", "process_sm_util_percent": 33.0, "process_mem_util_percent": 11.0}
{"timestamp_unix": 1772443393.973989, "pid": 127417, "device_index": 0, "gpu_uuid": "GPU-6f954bfd-7081-31b7-f15c-f9a174bf4d7f", "gpu_util_percent": 33.0, "gpu_mem_util_percent": 11.0, "gpu_mem_used_mib": 42278.0, "gpu_mem_total_mib": 49140.0, "gpu_power_w": 108.31, "process_present": true, "process_mem_mib": 41778.0, "process_mem_share_percent": 85.01831501831502, "process_util_available": true, "process_util_backend": "nvml", "process_sm_util_percent": 32.0, "process_mem_util_percent": 11.0}
{"timestamp_unix": 1772443394.2684143, "pid": 127417, "device_index": 0, "gpu_uuid": "GPU-6f954bfd-7081-31b7-f15c-f9a174bf4d7f", "gpu_util_percent": 33.0, "gpu_mem_util_percent": 11.0, "gpu_mem_used_mib": 42280.0, "gpu_mem_total_mib": 49140.0, "gpu_power_w": 108.31, "process_present": true, "process_mem_mib": 41778.0, "process_mem_share_percent": 85.01831501831502, "process_util_available": true, "process_util_backend": "nvml", "process_sm_util_percent": 34.0, "process_mem_util_percent": 11.0}
{"timestamp_unix": 1772443394.5588183, "pid": 127417, "device_index": 0, "gpu_uuid": "GPU-6f954bfd-7081-31b7-f15c-f9a174bf4d7f", "gpu_util_percent": 33.0, "gpu_mem_util_percent": 11.0, "gpu_mem_used_mib": 42280.0, "gpu_mem_total_mib": 49140.0, "gpu_power_w": 108.32, "process_present": true, "process_mem_mib": 41778.0, "process_mem_share_percent": 85.01831501831502, "process_util_available": true, "process_util_backend": "nvml", "process_sm_util_percent": 32.0, "process_mem_util_percent": 10.0}
{"timestamp_unix": 1772443394.8509989, "pid": 127417, "device_index": 0, "gpu_uuid": "GPU-6f954bfd-7081-31b7-f15c-f9a174bf4d7f", "gpu_util_percent": 33.0, "gpu_mem_util_percent": 11.0, "gpu_mem_used_mib": 42280.0, "gpu_mem_total_mib": 49140.0, "gpu_power_w": 107.5, "process_present": true, "process_mem_mib": 41778.0, "process_mem_share_percent": 85.01831501831502, "process_util_available": true, "process_util_backend": "nvml", "process_sm_util_percent": 32.0, "process_mem_util_percent": 10.0}
{"timestamp_unix": 1772443395.1525433, "pid": 127417, "device_index": 0, "gpu_uuid": "GPU-6f954bfd-7081-31b7-f15c-f9a174bf4d7f", "gpu_util_percent": 33.0, "gpu_mem_util_percent": 11.0, "gpu_mem_used_mib": 42279.0, "gpu_mem_total_mib": 49140.0, "gpu_power_w": 107.5, "process_present": true, "process_mem_mib": 41778.0, "process_mem_share_percent": 85.01831501831502, "process_util_available": true, "process_util_backend": "nvml", "process_sm_util_percent": 33.0, "process_mem_util_percent": 10.0}
{"timestamp_unix": 1772443395.4607892, "pid": 127417, "device_index": 0, "gpu_uuid": "GPU-6f954bfd-7081-31b7-f15c-f9a174bf4d7f", "gpu_util_percent": 33.0, "gpu_mem_util_percent": 11.0, "gpu_mem_used_mib": 42279.0, "gpu_mem_total_mib": 49140.0, "gpu_power_w": 106.94, "process_present": true, "process_mem_mib": 41778.0, "process_mem_share_percent": 85.01831501831502, "process_util_available": true, "process_util_backend": "nvml", "process_sm_util_percent": 32.0, "process_mem_util_percent": 10.0}
{"timestamp_unix": 1772443395.7676463, "pid": 127417, "device_index": 0, "gpu_uuid": "GPU-6f954bfd-7081-31b7-f15c-f9a174bf4d7f", "gpu_util_percent": 33.0, "gpu_mem_util_percent": 11.0, "gpu_mem_used_mib": 42279.0, "gpu_mem_total_mib": 49140.0, "gpu_power_w": 106.94, "process_present": true, "process_mem_mib": 41778.0, "process_mem_share_percent": 85.01831501831502, "process_util_available": true, "process_util_backend": "nvml", "process_sm_util_percent": 32.0, "process_mem_util_percent": 10.0}
{"timestamp_unix": 1772443396.0621514, "pid": 127417, "device_index": 0, "gpu_uuid": "GPU-6f954bfd-7081-31b7-f15c-f9a174bf4d7f", "gpu_util_percent": 28.0, "gpu_mem_util_percent": 8.0, "gpu_mem_used_mib": 42279.0, "gpu_mem_total_mib": 49140.0, "gpu_power_w": 106.24, "process_present": true, "process_mem_mib": 41778.0, "process_mem_share_percent": 85.01831501831502, "process_util_available": true, "process_util_backend": "nvml", "process_sm_util_percent": 15.0, "process_mem_util_percent": 4.0}
{"timestamp_unix": 1772443396.3554087, "pid": 127417, "device_index": 0, "gpu_uuid": "GPU-6f954bfd-7081-31b7-f15c-f9a174bf4d7f", "gpu_util_percent": 28.0, "gpu_mem_util_percent": 8.0, "gpu_mem_used_mib": 42279.0, "gpu_mem_total_mib": 49140.0, "gpu_power_w": 105.79, "process_present": true, "process_mem_mib": 41778.0, "process_mem_share_percent": 85.01831501831502, "process_util_available": true, "process_util_backend": "nvml", "process_sm_util_percent": 33.0, "process_mem_util_percent": 10.0}
{"timestamp_unix": 1772443396.6500027, "pid": 127417, "device_index": 0, "gpu_uuid": "GPU-6f954bfd-7081-31b7-f15c-f9a174bf4d7f", "gpu_util_percent": 28.0, "gpu_mem_util_percent": 8.0, "gpu_mem_used_mib": 42279.0, "gpu_mem_total_mib": 49140.0, "gpu_power_w": 105.79, "process_present": true, "process_mem_mib": 41778.0, "process_mem_share_percent": 85.01831501831502, "process_util_available": true, "process_util_backend": "nvml", "process_sm_util_percent": 31.0, "process_mem_util_percent": 9.0}
{"timestamp_unix": 1772443396.941172, "pid": 127417, "device_index": 0, "gpu_uuid": "GPU-6f954bfd-7081-31b7-f15c-f9a174bf4d7f", "gpu_util_percent": 32.0, "gpu_mem_util_percent": 10.0, "gpu_mem_used_mib": 42279.0, "gpu_mem_total_mib": 49140.0, "gpu_power_w": 105.33, "process_present": true, "process_mem_mib": 41778.0, "process_mem_share_percent": 85.01831501831502, "process_util_available": true, "process_util_backend": "nvml", "process_sm_util_percent": 30.0, "process_mem_util_percent": 8.0}
{"timestamp_unix": 1772443397.2368858, "pid": 127417, "device_index": 0, "gpu_uuid": "GPU-6f954bfd-7081-31b7-f15c-f9a174bf4d7f", "gpu_util_percent": 32.0, "gpu_mem_util_percent": 10.0, "gpu_mem_used_mib": 42279.0, "gpu_mem_total_mib": 49140.0, "gpu_power_w": 105.33, "process_present": true, "process_mem_mib": 41778.0, "process_mem_share_percent": 85.01831501831502, "process_util_available": true, "process_util_backend": "nvml", "process_sm_util_percent": 29.0, "process_mem_util_percent": 6.0}
{"timestamp_unix": 1772443397.529052, "pid": 127417, "device_index": 0, "gpu_uuid": "GPU-6f954bfd-7081-31b7-f15c-f9a174bf4d7f", "gpu_util_percent": 32.0, "gpu_mem_util_percent": 10.0, "gpu_mem_used_mib": 42279.0, "gpu_mem_total_mib": 49140.0, "gpu_power_w": 103.61, "process_present": true, "process_mem_mib": 41778.0, "process_mem_share_percent": 85.01831501831502, "process_util_available": true, "process_util_backend": "nvml", "process_sm_util_percent": 29.0, "process_mem_util_percent": 6.0}
{"timestamp_unix": 1772443397.8270578, "pid": 127417, "device_index": 0, "gpu_uuid": "GPU-6f954bfd-7081-31b7-f15c-f9a174bf4d7f", "gpu_util_percent": 32.0, "gpu_mem_util_percent": 10.0, "gpu_mem_used_mib": 42279.0, "gpu_mem_total_mib": 49140.0, "gpu_power_w": 103.61, "process_present": true, "process_mem_mib": 41778.0, "process_mem_share_percent": 85.01831501831502, "process_util_available": true, "process_util_backend": "nvml", "process_sm_util_percent": 29.0, "process_mem_util_percent": 6.0}
{"timestamp_unix": 1772443398.1339223, "pid": 127417, "device_index": 0, "gpu_uuid": "GPU-6f954bfd-7081-31b7-f15c-f9a174bf4d7f", "gpu_util_percent": 30.0, "gpu_mem_util_percent": 6.0, "gpu_mem_used_mib": 42279.0, "gpu_mem_total_mib": 49140.0, "gpu_power_w": 101.65, "process_present": true, "process_mem_mib": 41778.0, "process_mem_share_percent": 85.01831501831502, "process_util_available": true, "process_util_backend": "nvml", "process_sm_util_percent": 29.0, "process_mem_util_percent": 6.0}
{"timestamp_unix": 1772443398.4318264, "pid": 127417, "device_index": 0, "gpu_uuid": "GPU-6f954bfd-7081-31b7-f15c-f9a174bf4d7f", "gpu_util_percent": 30.0, "gpu_mem_util_percent": 6.0, "gpu_mem_used_mib": 42279.0, "gpu_mem_total_mib": 49140.0, "gpu_power_w": 101.08, "process_present": true, "process_mem_mib": 41778.0, "process_mem_share_percent": 85.01831501831502, "process_util_available": true, "process_util_backend": "nvml", "process_sm_util_percent": 26.0, "process_mem_util_percent": 5.0}
{"timestamp_unix": 1772443398.7334952, "pid": 127417, "device_index": 0, "gpu_uuid": "GPU-6f954bfd-7081-31b7-f15c-f9a174bf4d7f", "gpu_util_percent": 30.0, "gpu_mem_util_percent": 6.0, "gpu_mem_used_mib": 42278.0, "gpu_mem_total_mib": 49140.0, "gpu_power_w": 101.08, "process_present": true, "process_mem_mib": 41778.0, "process_mem_share_percent": 85.01831501831502, "process_util_available": true, "process_util_backend": "nvml", "process_sm_util_percent": 28.0, "process_mem_util_percent": 6.0}
{"timestamp_unix": 1772443399.0255222, "pid": 127417, "device_index": 0, "gpu_uuid": "GPU-6f954bfd-7081-31b7-f15c-f9a174bf4d7f", "gpu_util_percent": 30.0, "gpu_mem_util_percent": 7.0, "gpu_mem_used_mib": 42278.0, "gpu_mem_total_mib": 49140.0, "gpu_power_w": 100.35, "process_present": true, "process_mem_mib": 41778.0, "process_mem_share_percent": 85.01831501831502, "process_util_available": true, "process_util_backend": "nvml", "process_sm_util_percent": 29.0, "process_mem_util_percent": 7.0}
{"timestamp_unix": 1772443399.3184881, "pid": 127417, "device_index": 0, "gpu_uuid": "GPU-6f954bfd-7081-31b7-f15c-f9a174bf4d7f", "gpu_util_percent": 30.0, "gpu_mem_util_percent": 7.0, "gpu_mem_used_mib": 42277.0, "gpu_mem_total_mib": 49140.0, "gpu_power_w": 100.35, "process_present": true, "process_mem_mib": 41778.0, "process_mem_share_percent": 85.01831501831502, "process_util_available": true, "process_util_backend": "nvml", "process_sm_util_percent": 30.0, "process_mem_util_percent": 7.0}
{"timestamp_unix": 1772443399.6096241, "pid": 127417, "device_index": 0, "gpu_uuid": "GPU-6f954bfd-7081-31b7-f15c-f9a174bf4d7f", "gpu_util_percent": 30.0, "gpu_mem_util_percent": 7.0, "gpu_mem_used_mib": 42277.0, "gpu_mem_total_mib": 49140.0, "gpu_power_w": 101.29, "process_present": true, "process_mem_mib": 41778.0, "process_mem_share_percent": 85.01831501831502, "process_util_available": true, "process_util_backend": "nvml", "process_sm_util_percent": 29.0, "process_mem_util_percent": 7.0}
{"timestamp_unix": 1772443399.900173, "pid": 127417, "device_index": 0, "gpu_uuid": "GPU-6f954bfd-7081-31b7-f15c-f9a174bf4d7f", "gpu_util_percent": 31.0, "gpu_mem_util_percent": 8.0, "gpu_mem_used_mib": 42277.0, "gpu_mem_total_mib": 49140.0, "gpu_power_w": 103.23, "process_present": true, "process_mem_mib": 41778.0, "process_mem_share_percent": 85.01831501831502, "process_util_available": true, "process_util_backend": "nvml", "process_sm_util_percent": 29.0, "process_mem_util_percent": 7.0}
{"timestamp_unix": 1772443400.1904688, "pid": 127417, "device_index": 0, "gpu_uuid": "GPU-6f954bfd-7081-31b7-f15c-f9a174bf4d7f", "gpu_util_percent": 31.0, "gpu_mem_util_percent": 8.0, "gpu_mem_used_mib": 42277.0, "gpu_mem_total_mib": 49140.0, "gpu_power_w": 103.23, "process_present": true, "process_mem_mib": 41778.0, "process_mem_share_percent": 85.01831501831502, "process_util_available": true, "process_util_backend": "nvml", "process_sm_util_percent": 27.0, "process_mem_util_percent": 7.0}
{"timestamp_unix": 1772443400.4872127, "pid": 127417, "device_index": 0, "gpu_uuid": "GPU-6f954bfd-7081-31b7-f15c-f9a174bf4d7f", "gpu_util_percent": 31.0, "gpu_mem_util_percent": 8.0, "gpu_mem_used_mib": 42277.0, "gpu_mem_total_mib": 49140.0, "gpu_power_w": 103.53, "process_present": true, "process_mem_mib": 41778.0, "process_mem_share_percent": 85.01831501831502, "process_util_available": true, "process_util_backend": "nvml", "process_sm_util_percent": 27.0, "process_mem_util_percent": 7.0}
{"timestamp_unix": 1772443400.7934353, "pid": 127417, "device_index": 0, "gpu_uuid": "GPU-6f954bfd-7081-31b7-f15c-f9a174bf4d7f", "gpu_util_percent": 31.0, "gpu_mem_util_percent": 8.0, "gpu_mem_used_mib": 42277.0, "gpu_mem_total_mib": 49140.0, "gpu_power_w": 103.53, "process_present": true, "process_mem_mib": 41778.0, "process_mem_share_percent": 85.01831501831502, "process_util_available": true, "process_util_backend": "nvml", "process_sm_util_percent": 26.0, "process_mem_util_percent": 7.0}
{"timestamp_unix": 1772443401.098081, "pid": 127417, "device_index": 0, "gpu_uuid": "GPU-6f954bfd-7081-31b7-f15c-f9a174bf4d7f", "gpu_util_percent": 28.0, "gpu_mem_util_percent": 8.0, "gpu_mem_used_mib": 42277.0, "gpu_mem_total_mib": 49140.0, "gpu_power_w": 103.45, "process_present": true, "process_mem_mib": 41778.0, "process_mem_share_percent": 85.01831501831502, "process_util_available": true, "process_util_backend": "nvml", "process_sm_util_percent": 26.0, "process_mem_util_percent": 7.0}
{"timestamp_unix": 1772443401.3956485, "pid": 127417, "device_index": 0, "gpu_uuid": "GPU-6f954bfd-7081-31b7-f15c-f9a174bf4d7f", "gpu_util_percent": 28.0, "gpu_mem_util_percent": 8.0, "gpu_mem_used_mib": 42307.0, "gpu_mem_total_mib": 49140.0, "gpu_power_w": 103.69, "process_present": true, "process_mem_mib": 41868.0, "process_mem_share_percent": 85.2014652014652, "process_util_available": true, "process_util_backend": "nvml", "process_sm_util_percent": 26.0, "process_mem_util_percent": 8.0}
{"timestamp_unix": 1772443401.700563, "pid": 127417, "device_index": 0, "gpu_uuid": "GPU-6f954bfd-7081-31b7-f15c-f9a174bf4d7f", "gpu_util_percent": 28.0, "gpu_mem_util_percent": 8.0, "gpu_mem_used_mib": 43393.0, "gpu_mem_total_mib": 49140.0, "gpu_power_w": 103.69, "process_present": true, "process_mem_mib": 42954.0, "process_mem_share_percent": 87.4114774114774, "process_util_available": true, "process_util_backend": "nvml", "process_sm_util_percent": 26.0, "process_mem_util_percent": 7.0}
{"timestamp_unix": 1772443402.0003283, "pid": 127417, "device_index": 0, "gpu_uuid": "GPU-6f954bfd-7081-31b7-f15c-f9a174bf4d7f", "gpu_util_percent": 26.0, "gpu_mem_util_percent": 8.0, "gpu_mem_used_mib": 43663.0, "gpu_mem_total_mib": 49140.0, "gpu_power_w": 104.12, "process_present": true, "process_mem_mib": 43224.0, "process_mem_share_percent": 87.96092796092796, "process_util_available": true, "process_util_backend": "nvml", "process_sm_util_percent": 25.0, "process_mem_util_percent": 7.0}
{"timestamp_unix": 1772443402.2924862, "pid": 127417, "device_index": 0, "gpu_uuid": "GPU-6f954bfd-7081-31b7-f15c-f9a174bf4d7f", "gpu_util_percent": 26.0, "gpu_mem_util_percent": 8.0, "gpu_mem_used_mib": 43932.0, "gpu_mem_total_mib": 49140.0, "gpu_power_w": 104.12, "process_present": true, "process_mem_mib": 43494.0, "process_mem_share_percent": 88.5103785103785, "process_util_available": true, "process_util_backend": "nvml", "process_sm_util_percent": 25.0, "process_mem_util_percent": 7.0}
{"timestamp_unix": 1772443402.5872233, "pid": 127417, "device_index": 0, "gpu_uuid": "GPU-6f954bfd-7081-31b7-f15c-f9a174bf4d7f", "gpu_util_percent": 26.0, "gpu_mem_util_percent": 8.0, "gpu_mem_used_mib": 44172.0, "gpu_mem_total_mib": 49140.0, "gpu_power_w": 104.25, "process_present": true, "process_mem_mib": 43674.0, "process_mem_share_percent": 88.87667887667887, "process_util_available": true, "process_util_backend": "nvml", "process_sm_util_percent": 24.0, "process_mem_util_percent": 8.0}
{"timestamp_unix": 1772443402.8819468, "pid": 127417, "device_index": 0, "gpu_uuid": "GPU-6f954bfd-7081-31b7-f15c-f9a174bf4d7f", "gpu_util_percent": 11.0, "gpu_mem_util_percent": 1.0, "gpu_mem_used_mib": 44854.0, "gpu_mem_total_mib": 49140.0, "gpu_power_w": 100.33, "process_present": true, "process_mem_mib": 44560.0, "process_mem_share_percent": 90.67969067969068, "process_util_available": true, "process_util_backend": "nvml", "process_sm_util_percent": 6.0, "process_mem_util_percent": 1.0}
{"timestamp_unix": 1772443403.1719584, "pid": 127417, "device_index": 0, "gpu_uuid": "GPU-6f954bfd-7081-31b7-f15c-f9a174bf4d7f", "gpu_util_percent": 11.0, "gpu_mem_util_percent": 1.0, "gpu_mem_used_mib": 45057.0, "gpu_mem_total_mib": 49140.0, "gpu_power_w": 100.33, "process_present": true, "process_mem_mib": 44560.0, "process_mem_share_percent": 90.67969067969068, "process_util_available": true, "process_util_backend": "nvml", "process_sm_util_percent": 29.0, "process_mem_util_percent": 13.0}
{"timestamp_unix": 1772443403.4642632, "pid": 127417, "device_index": 0, "gpu_uuid": "GPU-6f954bfd-7081-31b7-f15c-f9a174bf4d7f", "gpu_util_percent": 11.0, "gpu_mem_util_percent": 1.0, "gpu_mem_used_mib": 45057.0, "gpu_mem_total_mib": 49140.0, "gpu_power_w": 102.06, "process_present": true, "process_mem_mib": 44560.0, "process_mem_share_percent": 90.67969067969068, "process_util_available": true, "process_util_backend": "nvml", "process_sm_util_percent": 31.0, "process_mem_util_percent": 14.0}
{"timestamp_unix": 1772443403.7556896, "pid": 127417, "device_index": 0, "gpu_uuid": "GPU-6f954bfd-7081-31b7-f15c-f9a174bf4d7f", "gpu_util_percent": 11.0, "gpu_mem_util_percent": 1.0, "gpu_mem_used_mib": 45057.0, "gpu_mem_total_mib": 49140.0, "gpu_power_w": 102.06, "process_present": true, "process_mem_mib": 44560.0, "process_mem_share_percent": 90.67969067969068, "process_util_available": true, "process_util_backend": "nvml", "process_sm_util_percent": 33.0, "process_mem_util_percent": 15.0}
{"timestamp_unix": 1772443404.061253, "pid": 127417, "device_index": 0, "gpu_uuid": "GPU-6f954bfd-7081-31b7-f15c-f9a174bf4d7f", "gpu_util_percent": 34.0, "gpu_mem_util_percent": 15.0, "gpu_mem_used_mib": 45057.0, "gpu_mem_total_mib": 49140.0, "gpu_power_w": 108.14, "process_present": true, "process_mem_mib": 44560.0, "process_mem_share_percent": 90.67969067969068, "process_util_available": true, "process_util_backend": "nvml", "process_sm_util_percent": 33.0, "process_mem_util_percent": 14.0}
{"timestamp_unix": 1772443404.3671124, "pid": 127417, "device_index": 0, "gpu_uuid": "GPU-6f954bfd-7081-31b7-f15c-f9a174bf4d7f", "gpu_util_percent": 34.0, "gpu_mem_util_percent": 15.0, "gpu_mem_used_mib": 45057.0, "gpu_mem_total_mib": 49140.0, "gpu_power_w": 112.75, "process_present": true, "process_mem_mib": 44560.0, "process_mem_share_percent": 90.67969067969068, "process_util_available": true, "process_util_backend": "nvml", "process_sm_util_percent": 34.0, "process_mem_util_percent": 14.0}
{"timestamp_unix": 1772443404.6673648, "pid": 127417, "device_index": 0, "gpu_uuid": "GPU-6f954bfd-7081-31b7-f15c-f9a174bf4d7f", "gpu_util_percent": 34.0, "gpu_mem_util_percent": 15.0, "gpu_mem_used_mib": 45057.0, "gpu_mem_total_mib": 49140.0, "gpu_power_w": 112.75, "process_present": true, "process_mem_mib": 44560.0, "process_mem_share_percent": 90.67969067969068, "process_util_available": true, "process_util_backend": "nvml", "process_sm_util_percent": 34.0, "process_mem_util_percent": 14.0}
{"timestamp_unix": 1772443404.95829, "pid": 127417, "device_index": 0, "gpu_uuid": "GPU-6f954bfd-7081-31b7-f15c-f9a174bf4d7f", "gpu_util_percent": 34.0, "gpu_mem_util_percent": 14.0, "gpu_mem_used_mib": 45057.0, "gpu_mem_total_mib": 49140.0, "gpu_power_w": 112.49, "process_present": true, "process_mem_mib": 44560.0, "process_mem_share_percent": 90.67969067969068, "process_util_available": true, "process_util_backend": "nvml", "process_sm_util_percent": 33.0, "process_mem_util_percent": 14.0}
{"timestamp_unix": 1772443405.251738, "pid": 127417, "device_index": 0, "gpu_uuid": "GPU-6f954bfd-7081-31b7-f15c-f9a174bf4d7f", "gpu_util_percent": 34.0, "gpu_mem_util_percent": 14.0, "gpu_mem_used_mib": 45057.0, "gpu_mem_total_mib": 49140.0, "gpu_power_w": 112.49, "process_present": true, "process_mem_mib": 44560.0, "process_mem_share_percent": 90.67969067969068, "process_util_available": true, "process_util_backend": "nvml", "process_sm_util_percent": 33.0, "process_mem_util_percent": 14.0}
{"timestamp_unix": 1772443405.5448089, "pid": 127417, "device_index": 0, "gpu_uuid": "GPU-6f954bfd-7081-31b7-f15c-f9a174bf4d7f", "gpu_util_percent": 34.0, "gpu_mem_util_percent": 14.0, "gpu_mem_used_mib": 45057.0, "gpu_mem_total_mib": 49140.0, "gpu_power_w": 112.18, "process_present": true, "process_mem_mib": 44560.0, "process_mem_share_percent": 90.67969067969068, "process_util_available": true, "process_util_backend": "nvml", "process_sm_util_percent": 32.0, "process_mem_util_percent": 13.0}
{"timestamp_unix": 1772443405.8384018, "pid": 127417, "device_index": 0, "gpu_uuid": "GPU-6f954bfd-7081-31b7-f15c-f9a174bf4d7f", "gpu_util_percent": 34.0, "gpu_mem_util_percent": 14.0, "gpu_mem_used_mib": 45057.0, "gpu_mem_total_mib": 49140.0, "gpu_power_w": 111.17, "process_present": true, "process_mem_mib": 44560.0, "process_mem_share_percent": 90.67969067969068, "process_util_available": true, "process_util_backend": "nvml", "process_sm_util_percent": 17.0, "process_mem_util_percent": 6.0}
{"timestamp_unix": 1772443406.1328819, "pid": 127417, "device_index": 0, "gpu_uuid": "GPU-6f954bfd-7081-31b7-f15c-f9a174bf4d7f", "gpu_util_percent": 34.0, "gpu_mem_util_percent": 14.0, "gpu_mem_used_mib": 45051.0, "gpu_mem_total_mib": 49140.0, "gpu_power_w": 111.17, "process_present": true, "process_mem_mib": 44560.0, "process_mem_share_percent": 90.67969067969068, "process_util_available": true, "process_util_backend": "nvml", "process_sm_util_percent": 33.0, "process_mem_util_percent": 14.0}
{"timestamp_unix": 1772443406.424006, "pid": 127417, "device_index": 0, "gpu_uuid": "GPU-6f954bfd-7081-31b7-f15c-f9a174bf4d7f", "gpu_util_percent": 34.0, "gpu_mem_util_percent": 14.0, "gpu_mem_used_mib": 45051.0, "gpu_mem_total_mib": 49140.0, "gpu_power_w": 110.72, "process_present": true, "process_mem_mib": 44560.0, "process_mem_share_percent": 90.67969067969068, "process_util_available": true, "process_util_backend": "nvml", "process_sm_util_percent": 16.0, "process_mem_util_percent": 6.0}
{"timestamp_unix": 1772443406.7281506, "pid": 127417, "device_index": 0, "gpu_uuid": "GPU-6f954bfd-7081-31b7-f15c-f9a174bf4d7f", "gpu_util_percent": 34.0, "gpu_mem_util_percent": 14.0, "gpu_mem_used_mib": 45051.0, "gpu_mem_total_mib": 49140.0, "gpu_power_w": 110.72, "process_present": true, "process_mem_mib": 44560.0, "process_mem_share_percent": 90.67969067969068, "process_util_available": true, "process_util_backend": "nvml", "process_sm_util_percent": null, "process_mem_util_percent": null}
{"timestamp_unix": 1772443407.0360143, "pid": 127417, "device_index": 0, "gpu_uuid": "GPU-6f954bfd-7081-31b7-f15c-f9a174bf4d7f", "gpu_util_percent": 29.0, "gpu_mem_util_percent": 8.0, "gpu_mem_used_mib": 45050.0, "gpu_mem_total_mib": 49140.0, "gpu_power_w": 109.71, "process_present": true, "process_mem_mib": 44560.0, "process_mem_share_percent": 90.67969067969068, "process_util_available": true, "process_util_backend": "nvml", "process_sm_util_percent": 29.0, "process_mem_util_percent": 7.0}
{"timestamp_unix": 1772443407.3448215, "pid": 127417, "device_index": 0, "gpu_uuid": "GPU-6f954bfd-7081-31b7-f15c-f9a174bf4d7f", "gpu_util_percent": 29.0, "gpu_mem_util_percent": 8.0, "gpu_mem_used_mib": 45050.0, "gpu_mem_total_mib": 49140.0, "gpu_power_w": 106.32, "process_present": true, "process_mem_mib": 44560.0, "process_mem_share_percent": 90.67969067969068, "process_util_available": true, "process_util_backend": "nvml", "process_sm_util_percent": 28.0, "process_mem_util_percent": 7.0}
{"timestamp_unix": 1772443407.6502094, "pid": 127417, "device_index": 0, "gpu_uuid": "GPU-6f954bfd-7081-31b7-f15c-f9a174bf4d7f", "gpu_util_percent": 29.0, "gpu_mem_util_percent": 8.0, "gpu_mem_used_mib": 45050.0, "gpu_mem_total_mib": 49140.0, "gpu_power_w": 106.32, "process_present": true, "process_mem_mib": 44560.0, "process_mem_share_percent": 90.67969067969068, "process_util_available": true, "process_util_backend": "nvml", "process_sm_util_percent": 29.0, "process_mem_util_percent": 7.0}
{"timestamp_unix": 1772443407.9422386, "pid": 127417, "device_index": 0, "gpu_uuid": "GPU-6f954bfd-7081-31b7-f15c-f9a174bf4d7f", "gpu_util_percent": 29.0, "gpu_mem_util_percent": 8.0, "gpu_mem_used_mib": 45050.0, "gpu_mem_total_mib": 49140.0, "gpu_power_w": 103.66, "process_present": true, "process_mem_mib": 44560.0, "process_mem_share_percent": 90.67969067969068, "process_util_available": true, "process_util_backend": "nvml", "process_sm_util_percent": 28.0, "process_mem_util_percent": 7.0}
{"timestamp_unix": 1772443408.2348242, "pid": 127417, "device_index": 0, "gpu_uuid": "GPU-6f954bfd-7081-31b7-f15c-f9a174bf4d7f", "gpu_util_percent": 29.0, "gpu_mem_util_percent": 8.0, "gpu_mem_used_mib": 45050.0, "gpu_mem_total_mib": 49140.0, "gpu_power_w": 103.66, "process_present": true, "process_mem_mib": 44560.0, "process_mem_share_percent": 90.67969067969068, "process_util_available": true, "process_util_backend": "nvml", "process_sm_util_percent": 28.0, "process_mem_util_percent": 7.0}
{"timestamp_unix": 1772443408.5259087, "pid": 127417, "device_index": 0, "gpu_uuid": "GPU-6f954bfd-7081-31b7-f15c-f9a174bf4d7f", "gpu_util_percent": 29.0, "gpu_mem_util_percent": 8.0, "gpu_mem_used_mib": 45050.0, "gpu_mem_total_mib": 49140.0, "gpu_power_w": 103.44, "process_present": true, "process_mem_mib": 44560.0, "process_mem_share_percent": 90.67969067969068, "process_util_available": true, "process_util_backend": "nvml", "process_sm_util_percent": 28.0, "process_mem_util_percent": 7.0}
{"timestamp_unix": 1772443408.818881, "pid": 127417, "device_index": 0, "gpu_uuid": "GPU-6f954bfd-7081-31b7-f15c-f9a174bf4d7f", "gpu_util_percent": 29.0, "gpu_mem_util_percent": 8.0, "gpu_mem_used_mib": 45050.0, "gpu_mem_total_mib": 49140.0, "gpu_power_w": 103.44, "process_present": true, "process_mem_mib": 44560.0, "process_mem_share_percent": 90.67969067969068, "process_util_available": true, "process_util_backend": "nvml", "process_sm_util_percent": 14.0, "process_mem_util_percent": 3.0}
{"timestamp_unix": 1772443409.1108584, "pid": 127417, "device_index": 0, "gpu_uuid": "GPU-6f954bfd-7081-31b7-f15c-f9a174bf4d7f", "gpu_util_percent": 29.0, "gpu_mem_util_percent": 7.0, "gpu_mem_used_mib": 45050.0, "gpu_mem_total_mib": 49140.0, "gpu_power_w": 102.94, "process_present": true, "process_mem_mib": 44560.0, "process_mem_share_percent": 90.67969067969068, "process_util_available": true, "process_util_backend": "nvml", "process_sm_util_percent": 21.0, "process_mem_util_percent": 4.0}
{"timestamp_unix": 1772443409.4056506, "pid": 127417, "device_index": 0, "gpu_uuid": "GPU-6f954bfd-7081-31b7-f15c-f9a174bf4d7f", "gpu_util_percent": 29.0, "gpu_mem_util_percent": 7.0, "gpu_mem_used_mib": 45050.0, "gpu_mem_total_mib": 49140.0, "gpu_power_w": 101.4, "process_present": true, "process_mem_mib": 44560.0, "process_mem_share_percent": 90.67969067969068, "process_util_available": true, "process_util_backend": "nvml", "process_sm_util_percent": 28.0, "process_mem_util_percent": 7.0}
{"timestamp_unix": 1772443409.7126377, "pid": 127417, "device_index": 0, "gpu_uuid": "GPU-6f954bfd-7081-31b7-f15c-f9a174bf4d7f", "gpu_util_percent": 29.0, "gpu_mem_util_percent": 7.0, "gpu_mem_used_mib": 45848.0, "gpu_mem_total_mib": 49140.0, "gpu_power_w": 101.4, "process_present": true, "process_mem_mib": 45358.0, "process_mem_share_percent": 92.3036223036223, "process_util_available": true, "process_util_backend": "nvml", "process_sm_util_percent": 28.0, "process_mem_util_percent": 8.0}
{"timestamp_unix": 1772443410.0199916, "pid": 127417, "device_index": 0, "gpu_uuid": "GPU-6f954bfd-7081-31b7-f15c-f9a174bf4d7f", "gpu_util_percent": 28.0, "gpu_mem_util_percent": 8.0, "gpu_mem_used_mib": 45848.0, "gpu_mem_total_mib": 49140.0, "gpu_power_w": 102.22, "process_present": true, "process_mem_mib": 45358.0, "process_mem_share_percent": 92.3036223036223, "process_util_available": true, "process_util_backend": "nvml", "process_sm_util_percent": 30.0, "process_mem_util_percent": 8.0}
{"timestamp_unix": 1772443410.3247588, "pid": 127417, "device_index": 0, "gpu_uuid": "GPU-6f954bfd-7081-31b7-f15c-f9a174bf4d7f", "gpu_util_percent": 28.0, "gpu_mem_util_percent": 8.0, "gpu_mem_used_mib": 45857.0, "gpu_mem_total_mib": 49140.0, "gpu_power_w": 102.22, "process_present": true, "process_mem_mib": 45358.0, "process_mem_share_percent": 92.3036223036223, "process_util_available": true, "process_util_backend": "nvml", "process_sm_util_percent": 28.0, "process_mem_util_percent": 8.0}
{"timestamp_unix": 1772443410.6186926, "pid": 127417, "device_index": 0, "gpu_uuid": "GPU-6f954bfd-7081-31b7-f15c-f9a174bf4d7f", "gpu_util_percent": 28.0, "gpu_mem_util_percent": 8.0, "gpu_mem_used_mib": 45857.0, "gpu_mem_total_mib": 49140.0, "gpu_power_w": 104.85, "process_present": true, "process_mem_mib": 45358.0, "process_mem_share_percent": 92.3036223036223, "process_util_available": true, "process_util_backend": "nvml", "process_sm_util_percent": 28.0, "process_mem_util_percent": 8.0}
{"timestamp_unix": 1772443410.9076464, "pid": 127417, "device_index": 0, "gpu_uuid": "GPU-6f954bfd-7081-31b7-f15c-f9a174bf4d7f", "gpu_util_percent": 29.0, "gpu_mem_util_percent": 9.0, "gpu_mem_used_mib": 45857.0, "gpu_mem_total_mib": 49140.0, "gpu_power_w": 105.24, "process_present": true, "process_mem_mib": 45358.0, "process_mem_share_percent": 92.3036223036223, "process_util_available": true, "process_util_backend": "nvml", "process_sm_util_percent": 29.0, "process_mem_util_percent": 8.0}
{"timestamp_unix": 1772443411.2021465, "pid": 127417, "device_index": 0, "gpu_uuid": "GPU-6f954bfd-7081-31b7-f15c-f9a174bf4d7f", "gpu_util_percent": 29.0, "gpu_mem_util_percent": 9.0, "gpu_mem_used_mib": 46817.0, "gpu_mem_total_mib": 49140.0, "gpu_power_w": 105.24, "process_present": true, "process_mem_mib": 46318.0, "process_mem_share_percent": 94.25722425722427, "process_util_available": true, "process_util_backend": "nvml", "process_sm_util_percent": null, "process_mem_util_percent": null}
{"timestamp_unix": 1772443411.4944327, "pid": 127417, "device_index": 0, "gpu_uuid": "GPU-6f954bfd-7081-31b7-f15c-f9a174bf4d7f", "gpu_util_percent": 29.0, "gpu_mem_util_percent": 9.0, "gpu_mem_used_mib": 46813.0, "gpu_mem_total_mib": 49140.0, "gpu_power_w": 106.08, "process_present": true, "process_mem_mib": 46318.0, "process_mem_share_percent": 94.25722425722427, "process_util_available": true, "process_util_backend": "nvml", "process_sm_util_percent": 29.0, "process_mem_util_percent": 8.0}
{"timestamp_unix": 1772443411.7877376, "pid": 127417, "device_index": 0, "gpu_uuid": "GPU-6f954bfd-7081-31b7-f15c-f9a174bf4d7f", "gpu_util_percent": 29.0, "gpu_mem_util_percent": 9.0, "gpu_mem_used_mib": 46813.0, "gpu_mem_total_mib": 49140.0, "gpu_power_w": 106.08, "process_present": true, "process_mem_mib": 46318.0, "process_mem_share_percent": 94.25722425722427, "process_util_available": true, "process_util_backend": "nvml", "process_sm_util_percent": 29.0, "process_mem_util_percent": 8.0}
{"timestamp_unix": 1772443412.0868776, "pid": 127417, "device_index": 0, "gpu_uuid": "GPU-6f954bfd-7081-31b7-f15c-f9a174bf4d7f", "gpu_util_percent": 30.0, "gpu_mem_util_percent": 9.0, "gpu_mem_used_mib": 46813.0, "gpu_mem_total_mib": 49140.0, "gpu_power_w": 106.38, "process_present": true, "process_mem_mib": 46318.0, "process_mem_share_percent": 94.25722425722427, "process_util_available": true, "process_util_backend": "nvml", "process_sm_util_percent": 29.0, "process_mem_util_percent": 8.0}
{"timestamp_unix": 1772443412.3955266, "pid": 127417, "device_index": 0, "gpu_uuid": "GPU-6f954bfd-7081-31b7-f15c-f9a174bf4d7f", "gpu_util_percent": 30.0, "gpu_mem_util_percent": 9.0, "gpu_mem_used_mib": 46813.0, "gpu_mem_total_mib": 49140.0, "gpu_power_w": 106.37, "process_present": true, "process_mem_mib": 46318.0, "process_mem_share_percent": 94.25722425722427, "process_util_available": true, "process_util_backend": "nvml", "process_sm_util_percent": 30.0, "process_mem_util_percent": 9.0}
{"timestamp_unix": 1772443412.7005627, "pid": 127417, "device_index": 0, "gpu_uuid": "GPU-6f954bfd-7081-31b7-f15c-f9a174bf4d7f", "gpu_util_percent": 30.0, "gpu_mem_util_percent": 9.0, "gpu_mem_used_mib": 47869.0, "gpu_mem_total_mib": 49140.0, "gpu_power_w": 106.37, "process_present": true, "process_mem_mib": 47374.0, "process_mem_share_percent": 96.40618640618641, "process_util_available": true, "process_util_backend": "nvml", "process_sm_util_percent": 29.0, "process_mem_util_percent": 9.0}
{"timestamp_unix": 1772443412.999725, "pid": 127417, "device_index": 0, "gpu_uuid": "GPU-6f954bfd-7081-31b7-f15c-f9a174bf4d7f", "gpu_util_percent": 30.0, "gpu_mem_util_percent": 9.0, "gpu_mem_used_mib": 47869.0, "gpu_mem_total_mib": 49140.0, "gpu_power_w": 107.12, "process_present": true, "process_mem_mib": 47374.0, "process_mem_share_percent": 96.40618640618641, "process_util_available": true, "process_util_backend": "nvml", "process_sm_util_percent": 29.0, "process_mem_util_percent": 8.0}
{"timestamp_unix": 1772443413.290804, "pid": 127417, "device_index": 0, "gpu_uuid": "GPU-6f954bfd-7081-31b7-f15c-f9a174bf4d7f", "gpu_util_percent": 30.0, "gpu_mem_util_percent": 9.0, "gpu_mem_used_mib": 47869.0, "gpu_mem_total_mib": 49140.0, "gpu_power_w": 107.12, "process_present": true, "process_mem_mib": 47374.0, "process_mem_share_percent": 96.40618640618641, "process_util_available": true, "process_util_backend": "nvml", "process_sm_util_percent": 15.0, "process_mem_util_percent": 4.0}
{"timestamp_unix": 1772443413.5908186, "pid": 127417, "device_index": 0, "gpu_uuid": "GPU-6f954bfd-7081-31b7-f15c-f9a174bf4d7f", "gpu_util_percent": 30.0, "gpu_mem_util_percent": 9.0, "gpu_mem_used_mib": 44963.0, "gpu_mem_total_mib": 49140.0, "gpu_power_w": 105.11, "process_present": true, "process_mem_mib": 44254.0, "process_mem_share_percent": 90.05698005698005, "process_util_available": true, "process_util_backend": "nvml", "process_sm_util_percent": 13.0, "process_mem_util_percent": 1.0}
{"timestamp_unix": 1772443413.8836014, "pid": 127417, "device_index": 0, "gpu_uuid": "GPU-6f954bfd-7081-31b7-f15c-f9a174bf4d7f", "gpu_util_percent": 36.0, "gpu_mem_util_percent": 18.0, "gpu_mem_used_mib": 44837.0, "gpu_mem_total_mib": 49140.0, "gpu_power_w": 102.25, "process_present": true, "process_mem_mib": 44342.0, "process_mem_share_percent": 90.23606023606024, "process_util_available": true, "process_util_backend": "nvml", "process_sm_util_percent": 47.0, "process_mem_util_percent": 13.0}
{"timestamp_unix": 1772443414.176555, "pid": 127417, "device_index": 0, "gpu_uuid": "GPU-6f954bfd-7081-31b7-f15c-f9a174bf4d7f", "gpu_util_percent": 36.0, "gpu_mem_util_percent": 18.0, "gpu_mem_used_mib": 44836.0, "gpu_mem_total_mib": 49140.0, "gpu_power_w": 102.25, "process_present": true, "process_mem_mib": 44342.0, "process_mem_share_percent": 90.23606023606024, "process_util_available": true, "process_util_backend": "nvml", "process_sm_util_percent": 35.0, "process_mem_util_percent": 17.0}
{"timestamp_unix": 1772443414.4693854, "pid": 127417, "device_index": 0, "gpu_uuid": "GPU-6f954bfd-7081-31b7-f15c-f9a174bf4d7f", "gpu_util_percent": 36.0, "gpu_mem_util_percent": 18.0, "gpu_mem_used_mib": 44916.0, "gpu_mem_total_mib": 49140.0, "gpu_power_w": 117.22, "process_present": true, "process_mem_mib": 44422.0, "process_mem_share_percent": 90.3988603988604, "process_util_available": true, "process_util_backend": "nvml", "process_sm_util_percent": 36.0, "process_mem_util_percent": 17.0}
{"timestamp_unix": 1772443414.768172, "pid": 127417, "device_index": 0, "gpu_uuid": "GPU-6f954bfd-7081-31b7-f15c-f9a174bf4d7f", "gpu_util_percent": 36.0, "gpu_mem_util_percent": 18.0, "gpu_mem_used_mib": 44916.0, "gpu_mem_total_mib": 49140.0, "gpu_power_w": 117.22, "process_present": true, "process_mem_mib": 44422.0, "process_mem_share_percent": 90.3988603988604, "process_util_available": true, "process_util_backend": "nvml", "process_sm_util_percent": 35.0, "process_mem_util_percent": 18.0}
{"timestamp_unix": 1772443415.0758169, "pid": 127417, "device_index": 0, "gpu_uuid": "GPU-6f954bfd-7081-31b7-f15c-f9a174bf4d7f", "gpu_util_percent": 35.0, "gpu_mem_util_percent": 17.0, "gpu_mem_used_mib": 44915.0, "gpu_mem_total_mib": 49140.0, "gpu_power_w": 138.79, "process_present": true, "process_mem_mib": 44422.0, "process_mem_share_percent": 90.3988603988604, "process_util_available": true, "process_util_backend": "nvml", "process_sm_util_percent": 35.0, "process_mem_util_percent": 16.0}
{"timestamp_unix": 1772443415.3806524, "pid": 127417, "device_index": 0, "gpu_uuid": "GPU-6f954bfd-7081-31b7-f15c-f9a174bf4d7f", "gpu_util_percent": 35.0, "gpu_mem_util_percent": 17.0, "gpu_mem_used_mib": 44917.0, "gpu_mem_total_mib": 49140.0, "gpu_power_w": 138.49, "process_present": true, "process_mem_mib": 44422.0, "process_mem_share_percent": 90.3988603988604, "process_util_available": true, "process_util_backend": "nvml", "process_sm_util_percent": 37.0, "process_mem_util_percent": 18.0}
{"timestamp_unix": 1772443415.6867971, "pid": 127417, "device_index": 0, "gpu_uuid": "GPU-6f954bfd-7081-31b7-f15c-f9a174bf4d7f", "gpu_util_percent": 35.0, "gpu_mem_util_percent": 17.0, "gpu_mem_used_mib": 44917.0, "gpu_mem_total_mib": 49140.0, "gpu_power_w": 138.49, "process_present": true, "process_mem_mib": 44422.0, "process_mem_share_percent": 90.3988603988604, "process_util_available": true, "process_util_backend": "nvml", "process_sm_util_percent": 35.0, "process_mem_util_percent": 17.0}
{"timestamp_unix": 1772443415.9898245, "pid": 127417, "device_index": 0, "gpu_uuid": "GPU-6f954bfd-7081-31b7-f15c-f9a174bf4d7f", "gpu_util_percent": 36.0, "gpu_mem_util_percent": 17.0, "gpu_mem_used_mib": 44917.0, "gpu_mem_total_mib": 49140.0, "gpu_power_w": 132.45, "process_present": true, "process_mem_mib": 44422.0, "process_mem_share_percent": 90.3988603988604, "process_util_available": true, "process_util_backend": "nvml", "process_sm_util_percent": 36.0, "process_mem_util_percent": 18.0}
{"timestamp_unix": 1772443416.2879279, "pid": 127417, "device_index": 0, "gpu_uuid": "GPU-6f954bfd-7081-31b7-f15c-f9a174bf4d7f", "gpu_util_percent": 36.0, "gpu_mem_util_percent": 17.0, "gpu_mem_used_mib": 44917.0, "gpu_mem_total_mib": 49140.0, "gpu_power_w": 132.45, "process_present": true, "process_mem_mib": 44422.0, "process_mem_share_percent": 90.3988603988604, "process_util_available": true, "process_util_backend": "nvml", "process_sm_util_percent": 36.0, "process_mem_util_percent": 16.0}
{"timestamp_unix": 1772443416.5838418, "pid": 127417, "device_index": 0, "gpu_uuid": "GPU-6f954bfd-7081-31b7-f15c-f9a174bf4d7f", "gpu_util_percent": 36.0, "gpu_mem_util_percent": 17.0, "gpu_mem_used_mib": 44921.0, "gpu_mem_total_mib": 49140.0, "gpu_power_w": 123.26, "process_present": true, "process_mem_mib": 44422.0, "process_mem_share_percent": 90.3988603988604, "process_util_available": true, "process_util_backend": "nvml", "process_sm_util_percent": 37.0, "process_mem_util_percent": 17.0}
{"timestamp_unix": 1772443416.8749826, "pid": 127417, "device_index": 0, "gpu_uuid": "GPU-6f954bfd-7081-31b7-f15c-f9a174bf4d7f", "gpu_util_percent": 35.0, "gpu_mem_util_percent": 17.0, "gpu_mem_used_mib": 44921.0, "gpu_mem_total_mib": 49140.0, "gpu_power_w": 117.15, "process_present": true, "process_mem_mib": 44422.0, "process_mem_share_percent": 90.3988603988604, "process_util_available": true, "process_util_backend": "nvml", "process_sm_util_percent": 35.0, "process_mem_util_percent": 16.0}
{"timestamp_unix": 1772443417.1699874, "pid": 127417, "device_index": 0, "gpu_uuid": "GPU-6f954bfd-7081-31b7-f15c-f9a174bf4d7f", "gpu_util_percent": 35.0, "gpu_mem_util_percent": 17.0, "gpu_mem_used_mib": 44921.0, "gpu_mem_total_mib": 49140.0, "gpu_power_w": 117.15, "process_present": true, "process_mem_mib": 44422.0, "process_mem_share_percent": 90.3988603988604, "process_util_available": true, "process_util_backend": "nvml", "process_sm_util_percent": 35.0, "process_mem_util_percent": 16.0}
{"timestamp_unix": 1772443417.460303, "pid": 127417, "device_index": 0, "gpu_uuid": "GPU-6f954bfd-7081-31b7-f15c-f9a174bf4d7f", "gpu_util_percent": 35.0, "gpu_mem_util_percent": 17.0, "gpu_mem_used_mib": 44921.0, "gpu_mem_total_mib": 49140.0, "gpu_power_w": 116.66, "process_present": true, "process_mem_mib": 44422.0, "process_mem_share_percent": 90.3988603988604, "process_util_available": true, "process_util_backend": "nvml", "process_sm_util_percent": 35.0, "process_mem_util_percent": 16.0}
{"timestamp_unix": 1772443417.7565644, "pid": 127417, "device_index": 0, "gpu_uuid": "GPU-6f954bfd-7081-31b7-f15c-f9a174bf4d7f", "gpu_util_percent": 35.0, "gpu_mem_util_percent": 17.0, "gpu_mem_used_mib": 44921.0, "gpu_mem_total_mib": 49140.0, "gpu_power_w": 116.66, "process_present": true, "process_mem_mib": 44422.0, "process_mem_share_percent": 90.3988603988604, "process_util_available": true, "process_util_backend": "nvml", "process_sm_util_percent": 35.0, "process_mem_util_percent": 16.0}
{"timestamp_unix": 1772443418.0673542, "pid": 127417, "device_index": 0, "gpu_uuid": "GPU-6f954bfd-7081-31b7-f15c-f9a174bf4d7f", "gpu_util_percent": 30.0, "gpu_mem_util_percent": 12.0, "gpu_mem_used_mib": 44921.0, "gpu_mem_total_mib": 49140.0, "gpu_power_w": 115.42, "process_present": true, "process_mem_mib": 44422.0, "process_mem_share_percent": 90.3988603988604, "process_util_available": true, "process_util_backend": "nvml", "process_sm_util_percent": 33.0, "process_mem_util_percent": 14.0}
{"timestamp_unix": 1772443418.366954, "pid": 127417, "device_index": 0, "gpu_uuid": "GPU-6f954bfd-7081-31b7-f15c-f9a174bf4d7f", "gpu_util_percent": 30.0, "gpu_mem_util_percent": 12.0, "gpu_mem_used_mib": 44922.0, "gpu_mem_total_mib": 49140.0, "gpu_power_w": 114.74, "process_present": true, "process_mem_mib": 44422.0, "process_mem_share_percent": 90.3988603988604, "process_util_available": true, "process_util_backend": "nvml", "process_sm_util_percent": 35.0, "process_mem_util_percent": 16.0}
{"timestamp_unix": 1772443418.6612132, "pid": 127417, "device_index": 0, "gpu_uuid": "GPU-6f954bfd-7081-31b7-f15c-f9a174bf4d7f", "gpu_util_percent": 30.0, "gpu_mem_util_percent": 12.0, "gpu_mem_used_mib": 44922.0, "gpu_mem_total_mib": 49140.0, "gpu_power_w": 114.74, "process_present": true, "process_mem_mib": 44422.0, "process_mem_share_percent": 90.3988603988604, "process_util_available": true, "process_util_backend": "nvml", "process_sm_util_percent": 34.0, "process_mem_util_percent": 15.0}
{"timestamp_unix": 1772443418.9557211, "pid": 127417, "device_index": 0, "gpu_uuid": "GPU-6f954bfd-7081-31b7-f15c-f9a174bf4d7f", "gpu_util_percent": 34.0, "gpu_mem_util_percent": 15.0, "gpu_mem_used_mib": 44922.0, "gpu_mem_total_mib": 49140.0, "gpu_power_w": 114.19, "process_present": true, "process_mem_mib": 44422.0, "process_mem_share_percent": 90.3988603988604, "process_util_available": true, "process_util_backend": "nvml", "process_sm_util_percent": 34.0, "process_mem_util_percent": 15.0}
{"timestamp_unix": 1772443419.250095, "pid": 127417, "device_index": 0, "gpu_uuid": "GPU-6f954bfd-7081-31b7-f15c-f9a174bf4d7f", "gpu_util_percent": 34.0, "gpu_mem_util_percent": 15.0, "gpu_mem_used_mib": 44922.0, "gpu_mem_total_mib": 49140.0, "gpu_power_w": 114.19, "process_present": true, "process_mem_mib": 44422.0, "process_mem_share_percent": 90.3988603988604, "process_util_available": true, "process_util_backend": "nvml", "process_sm_util_percent": 30.0, "process_mem_util_percent": 8.0}
{"timestamp_unix": 1772443419.543533, "pid": 127417, "device_index": 0, "gpu_uuid": "GPU-6f954bfd-7081-31b7-f15c-f9a174bf4d7f", "gpu_util_percent": 34.0, "gpu_mem_util_percent": 15.0, "gpu_mem_used_mib": 44922.0, "gpu_mem_total_mib": 49140.0, "gpu_power_w": 111.58, "process_present": true, "process_mem_mib": 44422.0, "process_mem_share_percent": 90.3988603988604, "process_util_available": true, "process_util_backend": "nvml", "process_sm_util_percent": 30.0, "process_mem_util_percent": 9.0}
{"timestamp_unix": 1772443419.8378198, "pid": 127417, "device_index": 0, "gpu_uuid": "GPU-6f954bfd-7081-31b7-f15c-f9a174bf4d7f", "gpu_util_percent": 23.0, "gpu_mem_util_percent": 6.0, "gpu_mem_used_mib": 44922.0, "gpu_mem_total_mib": 49140.0, "gpu_power_w": 106.02, "process_present": true, "process_mem_mib": 44422.0, "process_mem_share_percent": 90.3988603988604, "process_util_available": true, "process_util_backend": "nvml", "process_sm_util_percent": 12.0, "process_mem_util_percent": 3.0}
{"timestamp_unix": 1772443420.1321971, "pid": 127417, "device_index": 0, "gpu_uuid": "GPU-6f954bfd-7081-31b7-f15c-f9a174bf4d7f", "gpu_util_percent": 23.0, "gpu_mem_util_percent": 6.0, "gpu_mem_used_mib": 44922.0, "gpu_mem_total_mib": 49140.0, "gpu_power_w": 106.02, "process_present": true, "process_mem_mib": 44422.0, "process_mem_share_percent": 90.3988603988604, "process_util_available": true, "process_util_backend": "nvml", "process_sm_util_percent": 29.0, "process_mem_util_percent": 8.0}
{"timestamp_unix": 1772443420.428203, "pid": 127417, "device_index": 0, "gpu_uuid": "GPU-6f954bfd-7081-31b7-f15c-f9a174bf4d7f", "gpu_util_percent": 23.0, "gpu_mem_util_percent": 6.0, "gpu_mem_used_mib": 44922.0, "gpu_mem_total_mib": 49140.0, "gpu_power_w": 104.26, "process_present": true, "process_mem_mib": 44422.0, "process_mem_share_percent": 90.3988603988604, "process_util_available": true, "process_util_backend": "nvml", "process_sm_util_percent": 30.0, "process_mem_util_percent": 9.0}
{"timestamp_unix": 1772443420.7342212, "pid": 127417, "device_index": 0, "gpu_uuid": "GPU-6f954bfd-7081-31b7-f15c-f9a174bf4d7f", "gpu_util_percent": 23.0, "gpu_mem_util_percent": 6.0, "gpu_mem_used_mib": 44922.0, "gpu_mem_total_mib": 49140.0, "gpu_power_w": 104.26, "process_present": true, "process_mem_mib": 44422.0, "process_mem_share_percent": 90.3988603988604, "process_util_available": true, "process_util_backend": "nvml", "process_sm_util_percent": 29.0, "process_mem_util_percent": 9.0}
{"timestamp_unix": 1772443421.2326393, "pid": 127417, "device_index": 0, "gpu_uuid": "GPU-6f954bfd-7081-31b7-f15c-f9a174bf4d7f", "gpu_util_percent": 29.0, "gpu_mem_util_percent": 9.0, "gpu_mem_used_mib": 45933.0, "gpu_mem_total_mib": 49140.0, "gpu_power_w": 106.21, "process_present": true, "process_mem_mib": 45434.0, "process_mem_share_percent": 92.45828245828245, "process_util_available": true, "process_util_backend": "nvml", "process_sm_util_percent": 16.0, "process_mem_util_percent": 4.0}
{"timestamp_unix": 1772443421.5316253, "pid": 127417, "device_index": 0, "gpu_uuid": "GPU-6f954bfd-7081-31b7-f15c-f9a174bf4d7f", "gpu_util_percent": 29.0, "gpu_mem_util_percent": 9.0, "gpu_mem_used_mib": 45929.0, "gpu_mem_total_mib": 49140.0, "gpu_power_w": 104.28, "process_present": true, "process_mem_mib": 45434.0, "process_mem_share_percent": 92.45828245828245, "process_util_available": true, "process_util_backend": "nvml", "process_sm_util_percent": null, "process_mem_util_percent": null}
{"timestamp_unix": 1772443421.8241808, "pid": 127417, "device_index": 0, "gpu_uuid": "GPU-6f954bfd-7081-31b7-f15c-f9a174bf4d7f", "gpu_util_percent": 29.0, "gpu_mem_util_percent": 9.0, "gpu_mem_used_mib": 45929.0, "gpu_mem_total_mib": 49140.0, "gpu_power_w": 104.28, "process_present": true, "process_mem_mib": 45434.0, "process_mem_share_percent": 92.45828245828245, "process_util_available": true, "process_util_backend": "nvml", "process_sm_util_percent": null, "process_mem_util_percent": null}
{"timestamp_unix": 1772443422.1228306, "pid": 127417, "device_index": 0, "gpu_uuid": "GPU-6f954bfd-7081-31b7-f15c-f9a174bf4d7f", "gpu_util_percent": 29.0, "gpu_mem_util_percent": 10.0, "gpu_mem_used_mib": 45929.0, "gpu_mem_total_mib": 49140.0, "gpu_power_w": 104.35, "process_present": true, "process_mem_mib": 45434.0, "process_mem_share_percent": 92.45828245828245, "process_util_available": true, "process_util_backend": "nvml", "process_sm_util_percent": null, "process_mem_util_percent": null}
{"timestamp_unix": 1772443422.416492, "pid": 127417, "device_index": 0, "gpu_uuid": "GPU-6f954bfd-7081-31b7-f15c-f9a174bf4d7f", "gpu_util_percent": 29.0, "gpu_mem_util_percent": 10.0, "gpu_mem_used_mib": 45929.0, "gpu_mem_total_mib": 49140.0, "gpu_power_w": 107.36, "process_present": true, "process_mem_mib": 45434.0, "process_mem_share_percent": 92.45828245828245, "process_util_available": true, "process_util_backend": "nvml", "process_sm_util_percent": 29.0, "process_mem_util_percent": 9.0}
{"timestamp_unix": 1772443422.7098851, "pid": 127417, "device_index": 0, "gpu_uuid": "GPU-6f954bfd-7081-31b7-f15c-f9a174bf4d7f", "gpu_util_percent": 29.0, "gpu_mem_util_percent": 10.0, "gpu_mem_used_mib": 47129.0, "gpu_mem_total_mib": 49140.0, "gpu_power_w": 107.36, "process_present": true, "process_mem_mib": 46634.0, "process_mem_share_percent": 94.9002849002849, "process_util_available": true, "process_util_backend": "nvml", "process_sm_util_percent": 29.0, "process_mem_util_percent": 10.0}
{"timestamp_unix": 1772443423.004995, "pid": 127417, "device_index": 0, "gpu_uuid": "GPU-6f954bfd-7081-31b7-f15c-f9a174bf4d7f", "gpu_util_percent": 27.0, "gpu_mem_util_percent": 9.0, "gpu_mem_used_mib": 47129.0, "gpu_mem_total_mib": 49140.0, "gpu_power_w": 108.63, "process_present": true, "process_mem_mib": 46634.0, "process_mem_share_percent": 94.9002849002849, "process_util_available": true, "process_util_backend": "nvml", "process_sm_util_percent": 28.0, "process_mem_util_percent": 9.0}
{"timestamp_unix": 1772443423.2970273, "pid": 127417, "device_index": 0, "gpu_uuid": "GPU-6f954bfd-7081-31b7-f15c-f9a174bf4d7f", "gpu_util_percent": 27.0, "gpu_mem_util_percent": 9.0, "gpu_mem_used_mib": 47129.0, "gpu_mem_total_mib": 49140.0, "gpu_power_w": 108.63, "process_present": true, "process_mem_mib": 46634.0, "process_mem_share_percent": 94.9002849002849, "process_util_available": true, "process_util_backend": "nvml", "process_sm_util_percent": 27.0, "process_mem_util_percent": 9.0}
{"timestamp_unix": 1772443423.6113675, "pid": 127417, "device_index": 0, "gpu_uuid": "GPU-6f954bfd-7081-31b7-f15c-f9a174bf4d7f", "gpu_util_percent": 27.0, "gpu_mem_util_percent": 9.0, "gpu_mem_used_mib": 47129.0, "gpu_mem_total_mib": 49140.0, "gpu_power_w": 109.03, "process_present": true, "process_mem_mib": 46634.0, "process_mem_share_percent": 94.9002849002849, "process_util_available": true, "process_util_backend": "nvml", "process_sm_util_percent": 27.0, "process_mem_util_percent": 9.0}
{"timestamp_unix": 1772443423.9169922, "pid": 127417, "device_index": 0, "gpu_uuid": "GPU-6f954bfd-7081-31b7-f15c-f9a174bf4d7f", "gpu_util_percent": 26.0, "gpu_mem_util_percent": 10.0, "gpu_mem_used_mib": 47129.0, "gpu_mem_total_mib": 49140.0, "gpu_power_w": 109.08, "process_present": true, "process_mem_mib": 46634.0, "process_mem_share_percent": 94.9002849002849, "process_util_available": true, "process_util_backend": "nvml", "process_sm_util_percent": 27.0, "process_mem_util_percent": 10.0}
{"timestamp_unix": 1772443424.217486, "pid": 127417, "device_index": 0, "gpu_uuid": "GPU-6f954bfd-7081-31b7-f15c-f9a174bf4d7f", "gpu_util_percent": 26.0, "gpu_mem_util_percent": 10.0, "gpu_mem_used_mib": 47129.0, "gpu_mem_total_mib": 49140.0, "gpu_power_w": 109.08, "process_present": true, "process_mem_mib": 46634.0, "process_mem_share_percent": 94.9002849002849, "process_util_available": true, "process_util_backend": "nvml", "process_sm_util_percent": 13.0, "process_mem_util_percent": 5.0}
{"timestamp_unix": 1772443424.5088186, "pid": 127417, "device_index": 0, "gpu_uuid": "GPU-6f954bfd-7081-31b7-f15c-f9a174bf4d7f", "gpu_util_percent": 26.0, "gpu_mem_util_percent": 10.0, "gpu_mem_used_mib": 48329.0, "gpu_mem_total_mib": 49140.0, "gpu_power_w": 106.62, "process_present": true, "process_mem_mib": 47934.0, "process_mem_share_percent": 97.54578754578755, "process_util_available": true, "process_util_backend": "nvml", "process_sm_util_percent": 10.0, "process_mem_util_percent": 1.0}
{"timestamp_unix": 1772443424.8041596, "pid": 127417, "device_index": 0, "gpu_uuid": "GPU-6f954bfd-7081-31b7-f15c-f9a174bf4d7f", "gpu_util_percent": 26.0, "gpu_mem_util_percent": 10.0, "gpu_mem_used_mib": 48429.0, "gpu_mem_total_mib": 49140.0, "gpu_power_w": 106.62, "process_present": true, "process_mem_mib": 47934.0, "process_mem_share_percent": 97.54578754578755, "process_util_available": true, "process_util_backend": "nvml", "process_sm_util_percent": 31.0, "process_mem_util_percent": 17.0}
{"timestamp_unix": 1772443425.0973, "pid": 127417, "device_index": 0, "gpu_uuid": "GPU-6f954bfd-7081-31b7-f15c-f9a174bf4d7f", "gpu_util_percent": 37.0, "gpu_mem_util_percent": 22.0, "gpu_mem_used_mib": 48428.0, "gpu_mem_total_mib": 49140.0, "gpu_power_w": 105.62, "process_present": true, "process_mem_mib": 47934.0, "process_mem_share_percent": 97.54578754578755, "process_util_available": true, "process_util_backend": "nvml", "process_sm_util_percent": 37.0, "process_mem_util_percent": 21.0}
{"timestamp_unix": 1772443425.387503, "pid": 127417, "device_index": 0, "gpu_uuid": "GPU-6f954bfd-7081-31b7-f15c-f9a174bf4d7f", "gpu_util_percent": 37.0, "gpu_mem_util_percent": 22.0, "gpu_mem_used_mib": 48428.0, "gpu_mem_total_mib": 49140.0, "gpu_power_w": 112.77, "process_present": true, "process_mem_mib": 47934.0, "process_mem_share_percent": 97.54578754578755, "process_util_available": true, "process_util_backend": "nvml", "process_sm_util_percent": 36.0, "process_mem_util_percent": 20.0}
{"timestamp_unix": 1772443425.6837704, "pid": 127417, "device_index": 0, "gpu_uuid": "GPU-6f954bfd-7081-31b7-f15c-f9a174bf4d7f", "gpu_util_percent": 37.0, "gpu_mem_util_percent": 22.0, "gpu_mem_used_mib": 48428.0, "gpu_mem_total_mib": 49140.0, "gpu_power_w": 112.77, "process_present": true, "process_mem_mib": 47934.0, "process_mem_share_percent": 97.54578754578755, "process_util_available": true, "process_util_backend": "nvml", "process_sm_util_percent": 38.0, "process_mem_util_percent": 21.0}
{"timestamp_unix": 1772443425.976565, "pid": 127417, "device_index": 0, "gpu_uuid": "GPU-6f954bfd-7081-31b7-f15c-f9a174bf4d7f", "gpu_util_percent": 36.0, "gpu_mem_util_percent": 21.0, "gpu_mem_used_mib": 48428.0, "gpu_mem_total_mib": 49140.0, "gpu_power_w": 123.3, "process_present": true, "process_mem_mib": 47934.0, "process_mem_share_percent": 97.54578754578755, "process_util_available": true, "process_util_backend": "nvml", "process_sm_util_percent": 37.0, "process_mem_util_percent": 20.0}
{"timestamp_unix": 1772443426.2872176, "pid": 127417, "device_index": 0, "gpu_uuid": "GPU-6f954bfd-7081-31b7-f15c-f9a174bf4d7f", "gpu_util_percent": 36.0, "gpu_mem_util_percent": 21.0, "gpu_mem_used_mib": 48427.0, "gpu_mem_total_mib": 49140.0, "gpu_power_w": 123.3, "process_present": true, "process_mem_mib": 47934.0, "process_mem_share_percent": 97.54578754578755, "process_util_available": true, "process_util_backend": "nvml", "process_sm_util_percent": 38.0, "process_mem_util_percent": 20.0}
{"timestamp_unix": 1772443426.604932, "pid": 127417, "device_index": 0, "gpu_uuid": "GPU-6f954bfd-7081-31b7-f15c-f9a174bf4d7f", "gpu_util_percent": 36.0, "gpu_mem_util_percent": 21.0, "gpu_mem_used_mib": 48427.0, "gpu_mem_total_mib": 49140.0, "gpu_power_w": 122.32, "process_present": true, "process_mem_mib": 47934.0, "process_mem_share_percent": 97.54578754578755, "process_util_available": true, "process_util_backend": "nvml", "process_sm_util_percent": 38.0, "process_mem_util_percent": 20.0}
{"timestamp_unix": 1772443426.9108455, "pid": 127417, "device_index": 0, "gpu_uuid": "GPU-6f954bfd-7081-31b7-f15c-f9a174bf4d7f", "gpu_util_percent": 42.0, "gpu_mem_util_percent": 13.0, "gpu_mem_used_mib": 42227.0, "gpu_mem_total_mib": 49140.0, "gpu_power_w": 120.43, "process_present": true, "process_mem_mib": 40320.0, "process_mem_share_percent": 82.05128205128204, "process_util_available": true, "process_util_backend": "nvml", "process_sm_util_percent": 19.0, "process_mem_util_percent": 10.0}
{"timestamp_unix": 1772443427.201503, "pid": 127417, "device_index": 0, "gpu_uuid": "GPU-6f954bfd-7081-31b7-f15c-f9a174bf4d7f", "gpu_util_percent": 42.0, "gpu_mem_util_percent": 13.0, "gpu_mem_used_mib": 31843.0, "gpu_mem_total_mib": 49140.0, "gpu_power_w": 120.43, "process_present": true, "process_mem_mib": 31328.0, "process_mem_share_percent": 63.75254375254376, "process_util_available": true, "process_util_backend": "nvml", "process_sm_util_percent": null, "process_mem_util_percent": null}
{"timestamp_unix": 1772443427.491858, "pid": 127417, "device_index": 0, "gpu_uuid": "GPU-6f954bfd-7081-31b7-f15c-f9a174bf4d7f", "gpu_util_percent": 42.0, "gpu_mem_util_percent": 13.0, "gpu_mem_used_mib": 31821.0, "gpu_mem_total_mib": 49140.0, "gpu_power_w": 115.4, "process_present": true, "process_mem_mib": 31328.0, "process_mem_share_percent": 63.75254375254376, "process_util_available": true, "process_util_backend": "nvml", "process_sm_util_percent": 47.0, "process_mem_util_percent": 14.0}
{"timestamp_unix": 1772443427.7872086, "pid": 127417, "device_index": 0, "gpu_uuid": "GPU-6f954bfd-7081-31b7-f15c-f9a174bf4d7f", "gpu_util_percent": 42.0, "gpu_mem_util_percent": 13.0, "gpu_mem_used_mib": 31821.0, "gpu_mem_total_mib": 49140.0, "gpu_power_w": 115.4, "process_present": true, "process_mem_mib": 31328.0, "process_mem_share_percent": 63.75254375254376, "process_util_available": true, "process_util_backend": "nvml", "process_sm_util_percent": 37.0, "process_mem_util_percent": 20.0}
{"timestamp_unix": 1772443428.0825372, "pid": 127417, "device_index": 0, "gpu_uuid": "GPU-6f954bfd-7081-31b7-f15c-f9a174bf4d7f", "gpu_util_percent": 36.0, "gpu_mem_util_percent": 20.0, "gpu_mem_used_mib": 31821.0, "gpu_mem_total_mib": 49140.0, "gpu_power_w": 124.69, "process_present": true, "process_mem_mib": 31328.0, "process_mem_share_percent": 63.75254375254376, "process_util_available": true, "process_util_backend": "nvml", "process_sm_util_percent": 36.0, "process_mem_util_percent": 19.0}
{"timestamp_unix": 1772443428.371722, "pid": 127417, "device_index": 0, "gpu_uuid": "GPU-6f954bfd-7081-31b7-f15c-f9a174bf4d7f", "gpu_util_percent": 36.0, "gpu_mem_util_percent": 20.0, "gpu_mem_used_mib": 31821.0, "gpu_mem_total_mib": 49140.0, "gpu_power_w": 140.72, "process_present": true, "process_mem_mib": 31328.0, "process_mem_share_percent": 63.75254375254376, "process_util_available": true, "process_util_backend": "nvml", "process_sm_util_percent": 36.0, "process_mem_util_percent": 20.0}
{"timestamp_unix": 1772443428.6662211, "pid": 127417, "device_index": 0, "gpu_uuid": "GPU-6f954bfd-7081-31b7-f15c-f9a174bf4d7f", "gpu_util_percent": 36.0, "gpu_mem_util_percent": 20.0, "gpu_mem_used_mib": 31821.0, "gpu_mem_total_mib": 49140.0, "gpu_power_w": 140.72, "process_present": true, "process_mem_mib": 31328.0, "process_mem_share_percent": 63.75254375254376, "process_util_available": true, "process_util_backend": "nvml", "process_sm_util_percent": 35.0, "process_mem_util_percent": 19.0}
{"timestamp_unix": 1772443428.966616, "pid": 127417, "device_index": 0, "gpu_uuid": "GPU-6f954bfd-7081-31b7-f15c-f9a174bf4d7f", "gpu_util_percent": 37.0, "gpu_mem_util_percent": 19.0, "gpu_mem_used_mib": 31821.0, "gpu_mem_total_mib": 49140.0, "gpu_power_w": 141.82, "process_present": true, "process_mem_mib": 31328.0, "process_mem_share_percent": 63.75254375254376, "process_util_available": true, "process_util_backend": "nvml", "process_sm_util_percent": 36.0, "process_mem_util_percent": 20.0}
{"timestamp_unix": 1772443429.2665997, "pid": 127417, "device_index": 0, "gpu_uuid": "GPU-6f954bfd-7081-31b7-f15c-f9a174bf4d7f", "gpu_util_percent": 37.0, "gpu_mem_util_percent": 19.0, "gpu_mem_used_mib": 31815.0, "gpu_mem_total_mib": 49140.0, "gpu_power_w": 141.82, "process_present": true, "process_mem_mib": 31328.0, "process_mem_share_percent": 63.75254375254376, "process_util_available": true, "process_util_backend": "nvml", "process_sm_util_percent": 36.0, "process_mem_util_percent": 18.0}
{"timestamp_unix": 1772443429.5702443, "pid": 127417, "device_index": 0, "gpu_uuid": "GPU-6f954bfd-7081-31b7-f15c-f9a174bf4d7f", "gpu_util_percent": 37.0, "gpu_mem_util_percent": 19.0, "gpu_mem_used_mib": 31815.0, "gpu_mem_total_mib": 49140.0, "gpu_power_w": 138.36, "process_present": true, "process_mem_mib": 31328.0, "process_mem_share_percent": 63.75254375254376, "process_util_available": true, "process_util_backend": "nvml", "process_sm_util_percent": 36.0, "process_mem_util_percent": 18.0}
{"timestamp_unix": 1772443429.8583264, "pid": 127417, "device_index": 0, "gpu_uuid": "GPU-6f954bfd-7081-31b7-f15c-f9a174bf4d7f", "gpu_util_percent": 30.0, "gpu_mem_util_percent": 11.0, "gpu_mem_used_mib": 31815.0, "gpu_mem_total_mib": 49140.0, "gpu_power_w": 125.58, "process_present": true, "process_mem_mib": 31328.0, "process_mem_share_percent": 63.75254375254376, "process_util_available": true, "process_util_backend": "nvml", "process_sm_util_percent": 30.0, "process_mem_util_percent": 10.0}
{"timestamp_unix": 1772443430.1494813, "pid": 127417, "device_index": 0, "gpu_uuid": "GPU-6f954bfd-7081-31b7-f15c-f9a174bf4d7f", "gpu_util_percent": 30.0, "gpu_mem_util_percent": 11.0, "gpu_mem_used_mib": 31816.0, "gpu_mem_total_mib": 49140.0, "gpu_power_w": 125.58, "process_present": true, "process_mem_mib": 31328.0, "process_mem_share_percent": 63.75254375254376, "process_util_available": true, "process_util_backend": "nvml", "process_sm_util_percent": 30.0, "process_mem_util_percent": 10.0}
{"timestamp_unix": 1772443430.439151, "pid": 127417, "device_index": 0, "gpu_uuid": "GPU-6f954bfd-7081-31b7-f15c-f9a174bf4d7f", "gpu_util_percent": 30.0, "gpu_mem_util_percent": 11.0, "gpu_mem_used_mib": 31816.0, "gpu_mem_total_mib": 49140.0, "gpu_power_w": 112.1, "process_present": true, "process_mem_mib": 31328.0, "process_mem_share_percent": 63.75254375254376, "process_util_available": true, "process_util_backend": "nvml", "process_sm_util_percent": 30.0, "process_mem_util_percent": 10.0}
{"timestamp_unix": 1772443430.7317984, "pid": 127417, "device_index": 0, "gpu_uuid": "GPU-6f954bfd-7081-31b7-f15c-f9a174bf4d7f", "gpu_util_percent": 30.0, "gpu_mem_util_percent": 11.0, "gpu_mem_used_mib": 31816.0, "gpu_mem_total_mib": 49140.0, "gpu_power_w": 112.1, "process_present": true, "process_mem_mib": 31328.0, "process_mem_share_percent": 63.75254375254376, "process_util_available": true, "process_util_backend": "nvml", "process_sm_util_percent": 29.0, "process_mem_util_percent": 9.0}
{"timestamp_unix": 1772443431.024533, "pid": 127417, "device_index": 0, "gpu_uuid": "GPU-6f954bfd-7081-31b7-f15c-f9a174bf4d7f", "gpu_util_percent": 29.0, "gpu_mem_util_percent": 10.0, "gpu_mem_used_mib": 31817.0, "gpu_mem_total_mib": 49140.0, "gpu_power_w": 108.94, "process_present": true, "process_mem_mib": 31976.0, "process_mem_share_percent": 65.07122507122507, "process_util_available": true, "process_util_backend": "nvml", "process_sm_util_percent": 15.0, "process_mem_util_percent": 5.0}
{"timestamp_unix": 1772443431.315768, "pid": 127417, "device_index": 0, "gpu_uuid": "GPU-6f954bfd-7081-31b7-f15c-f9a174bf4d7f", "gpu_util_percent": 29.0, "gpu_mem_util_percent": 10.0, "gpu_mem_used_mib": 33011.0, "gpu_mem_total_mib": 49140.0, "gpu_power_w": 108.94, "process_present": true, "process_mem_mib": 32516.0, "process_mem_share_percent": 66.17012617012618, "process_util_available": true, "process_util_backend": "nvml", "process_sm_util_percent": 29.0, "process_mem_util_percent": 8.0}
{"timestamp_unix": 1772443431.6160586, "pid": 127417, "device_index": 0, "gpu_uuid": "GPU-6f954bfd-7081-31b7-f15c-f9a174bf4d7f", "gpu_util_percent": 29.0, "gpu_mem_util_percent": 10.0, "gpu_mem_used_mib": 33015.0, "gpu_mem_total_mib": 49140.0, "gpu_power_w": 106.61, "process_present": true, "process_mem_mib": 32516.0, "process_mem_share_percent": 66.17012617012618, "process_util_available": true, "process_util_backend": "nvml", "process_sm_util_percent": 29.0, "process_mem_util_percent": 9.0}
{"timestamp_unix": 1772443431.9166825, "pid": 127417, "device_index": 0, "gpu_uuid": "GPU-6f954bfd-7081-31b7-f15c-f9a174bf4d7f", "gpu_util_percent": 30.0, "gpu_mem_util_percent": 10.0, "gpu_mem_used_mib": 33015.0, "gpu_mem_total_mib": 49140.0, "gpu_power_w": 106.31, "process_present": true, "process_mem_mib": 32516.0, "process_mem_share_percent": 66.17012617012618, "process_util_available": true, "process_util_backend": "nvml", "process_sm_util_percent": 30.0, "process_mem_util_percent": 10.0}
{"timestamp_unix": 1772443432.2068198, "pid": 127417, "device_index": 0, "gpu_uuid": "GPU-6f954bfd-7081-31b7-f15c-f9a174bf4d7f", "gpu_util_percent": 30.0, "gpu_mem_util_percent": 10.0, "gpu_mem_used_mib": 33015.0, "gpu_mem_total_mib": 49140.0, "gpu_power_w": 106.31, "process_present": true, "process_mem_mib": 32516.0, "process_mem_share_percent": 66.17012617012618, "process_util_available": true, "process_util_backend": "nvml", "process_sm_util_percent": 31.0, "process_mem_util_percent": 10.0}
{"timestamp_unix": 1772443432.499763, "pid": 127417, "device_index": 0, "gpu_uuid": "GPU-6f954bfd-7081-31b7-f15c-f9a174bf4d7f", "gpu_util_percent": 30.0, "gpu_mem_util_percent": 10.0, "gpu_mem_used_mib": 33015.0, "gpu_mem_total_mib": 49140.0, "gpu_power_w": 108.79, "process_present": true, "process_mem_mib": 32516.0, "process_mem_share_percent": 66.17012617012618, "process_util_available": true, "process_util_backend": "nvml", "process_sm_util_percent": 30.0, "process_mem_util_percent": 10.0}
{"timestamp_unix": 1772443432.7908232, "pid": 127417, "device_index": 0, "gpu_uuid": "GPU-6f954bfd-7081-31b7-f15c-f9a174bf4d7f", "gpu_util_percent": 30.0, "gpu_mem_util_percent": 10.0, "gpu_mem_used_mib": 34359.0, "gpu_mem_total_mib": 49140.0, "gpu_power_w": 108.79, "process_present": true, "process_mem_mib": 33860.0, "process_mem_share_percent": 68.9051689051689, "process_util_available": true, "process_util_backend": "nvml", "process_sm_util_percent": 30.0, "process_mem_util_percent": 10.0}
{"timestamp_unix": 1772443433.0887375, "pid": 127417, "device_index": 0, "gpu_uuid": "GPU-6f954bfd-7081-31b7-f15c-f9a174bf4d7f", "gpu_util_percent": 31.0, "gpu_mem_util_percent": 13.0, "gpu_mem_used_mib": 34359.0, "gpu_mem_total_mib": 49140.0, "gpu_power_w": 110.38, "process_present": true, "process_mem_mib": 33860.0, "process_mem_share_percent": 68.9051689051689, "process_util_available": true, "process_util_backend": "nvml", "process_sm_util_percent": 30.0, "process_mem_util_percent": 10.0}
{"timestamp_unix": 1772443433.385007, "pid": 127417, "device_index": 0, "gpu_uuid": "GPU-6f954bfd-7081-31b7-f15c-f9a174bf4d7f", "gpu_util_percent": 31.0, "gpu_mem_util_percent": 13.0, "gpu_mem_used_mib": 34359.0, "gpu_mem_total_mib": 49140.0, "gpu_power_w": 110.46, "process_present": true, "process_mem_mib": 33860.0, "process_mem_share_percent": 68.9051689051689, "process_util_available": true, "process_util_backend": "nvml", "process_sm_util_percent": 30.0, "process_mem_util_percent": 10.0}
{"timestamp_unix": 1772443433.675888, "pid": 127417, "device_index": 0, "gpu_uuid": "GPU-6f954bfd-7081-31b7-f15c-f9a174bf4d7f", "gpu_util_percent": 31.0, "gpu_mem_util_percent": 13.0, "gpu_mem_used_mib": 34377.0, "gpu_mem_total_mib": 49140.0, "gpu_power_w": 110.46, "process_present": true, "process_mem_mib": 33914.0, "process_mem_share_percent": 69.01505901505901, "process_util_available": true, "process_util_backend": "nvml", "process_sm_util_percent": 30.0, "process_mem_util_percent": 10.0}
{"timestamp_unix": 1772443433.9761696, "pid": 127417, "device_index": 0, "gpu_uuid": "GPU-6f954bfd-7081-31b7-f15c-f9a174bf4d7f", "gpu_util_percent": 28.0, "gpu_mem_util_percent": 8.0, "gpu_mem_used_mib": 34651.0, "gpu_mem_total_mib": 49140.0, "gpu_power_w": 110.22, "process_present": true, "process_mem_mib": 34188.0, "process_mem_share_percent": 69.57264957264957, "process_util_available": true, "process_util_backend": "nvml", "process_sm_util_percent": 28.0, "process_mem_util_percent": 9.0}
{"timestamp_unix": 1772443434.2812726, "pid": 127417, "device_index": 0, "gpu_uuid": "GPU-6f954bfd-7081-31b7-f15c-f9a174bf4d7f", "gpu_util_percent": 28.0, "gpu_mem_util_percent": 8.0, "gpu_mem_used_mib": 34931.0, "gpu_mem_total_mib": 49140.0, "gpu_power_w": 110.22, "process_present": true, "process_mem_mib": 34474.0, "process_mem_share_percent": 70.15466015466015, "process_util_available": true, "process_util_backend": "nvml", "process_sm_util_percent": 28.0, "process_mem_util_percent": 8.0}
{"timestamp_unix": 1772443434.5930996, "pid": 127417, "device_index": 0, "gpu_uuid": "GPU-6f954bfd-7081-31b7-f15c-f9a174bf4d7f", "gpu_util_percent": 28.0, "gpu_mem_util_percent": 8.0, "gpu_mem_used_mib": 36667.0, "gpu_mem_total_mib": 49140.0, "gpu_power_w": 109.17, "process_present": true, "process_mem_mib": 36216.0, "process_mem_share_percent": 73.69963369963371, "process_util_available": true, "process_util_backend": "nvml", "process_sm_util_percent": 29.0, "process_mem_util_percent": 10.0}
{"timestamp_unix": 1772443434.8996766, "pid": 127417, "device_index": 0, "gpu_uuid": "GPU-6f954bfd-7081-31b7-f15c-f9a174bf4d7f", "gpu_util_percent": 28.0, "gpu_mem_util_percent": 9.0, "gpu_mem_used_mib": 38253.0, "gpu_mem_total_mib": 49140.0, "gpu_power_w": 107.66, "process_present": true, "process_mem_mib": 37930.0, "process_mem_share_percent": 77.18762718762719, "process_util_available": true, "process_util_backend": "nvml", "process_sm_util_percent": 28.0, "process_mem_util_percent": 8.0}
{"timestamp_unix": 1772443435.1920948, "pid": 127417, "device_index": 0, "gpu_uuid": "GPU-6f954bfd-7081-31b7-f15c-f9a174bf4d7f", "gpu_util_percent": 28.0, "gpu_mem_util_percent": 9.0, "gpu_mem_used_mib": 40023.0, "gpu_mem_total_mib": 49140.0, "gpu_power_w": 107.66, "process_present": true, "process_mem_mib": 39710.0, "process_mem_share_percent": 80.8099308099308, "process_util_available": true, "process_util_backend": "nvml", "process_sm_util_percent": 26.0, "process_mem_util_percent": 7.0}
{"timestamp_unix": 1772443435.4837115, "pid": 127417, "device_index": 0, "gpu_uuid": "GPU-6f954bfd-7081-31b7-f15c-f9a174bf4d7f", "gpu_util_percent": 28.0, "gpu_mem_util_percent": 9.0, "gpu_mem_used_mib": 41951.0, "gpu_mem_total_mib": 49140.0, "gpu_power_w": 106.54, "process_present": true, "process_mem_mib": 41678.0, "process_mem_share_percent": 84.81481481481481, "process_util_available": true, "process_util_backend": "nvml", "process_sm_util_percent": 28.0, "process_mem_util_percent": 8.0}
{"timestamp_unix": 1772443435.774197, "pid": 127417, "device_index": 0, "gpu_uuid": "GPU-6f954bfd-7081-31b7-f15c-f9a174bf4d7f", "gpu_util_percent": 28.0, "gpu_mem_util_percent": 9.0, "gpu_mem_used_mib": 43825.0, "gpu_mem_total_mib": 49140.0, "gpu_power_w": 106.54, "process_present": true, "process_mem_mib": 43328.0, "process_mem_share_percent": 88.17256817256818, "process_util_available": true, "process_util_backend": "nvml", "process_sm_util_percent": 27.0, "process_mem_util_percent": 8.0}
{"timestamp_unix": 1772443436.0668435, "pid": 127417, "device_index": 0, "gpu_uuid": "GPU-6f954bfd-7081-31b7-f15c-f9a174bf4d7f", "gpu_util_percent": 25.0, "gpu_mem_util_percent": 7.0, "gpu_mem_used_mib": 43825.0, "gpu_mem_total_mib": 49140.0, "gpu_power_w": 105.86, "process_present": true, "process_mem_mib": 43328.0, "process_mem_share_percent": 88.17256817256818, "process_util_available": true, "process_util_backend": "nvml", "process_sm_util_percent": null, "process_mem_util_percent": null}
{"timestamp_unix": 1772443436.3571408, "pid": 127417, "device_index": 0, "gpu_uuid": "GPU-6f954bfd-7081-31b7-f15c-f9a174bf4d7f", "gpu_util_percent": 25.0, "gpu_mem_util_percent": 7.0, "gpu_mem_used_mib": 45431.0, "gpu_mem_total_mib": 49140.0, "gpu_power_w": 102.01, "process_present": true, "process_mem_mib": 44934.0, "process_mem_share_percent": 91.44078144078144, "process_util_available": true, "process_util_backend": "nvml", "process_sm_util_percent": 30.0, "process_mem_util_percent": 14.0}
{"timestamp_unix": 1772443436.6508753, "pid": 127417, "device_index": 0, "gpu_uuid": "GPU-6f954bfd-7081-31b7-f15c-f9a174bf4d7f", "gpu_util_percent": 25.0, "gpu_mem_util_percent": 7.0, "gpu_mem_used_mib": 45431.0, "gpu_mem_total_mib": 49140.0, "gpu_power_w": 102.01, "process_present": true, "process_mem_mib": 44934.0, "process_mem_share_percent": 91.44078144078144, "process_util_available": true, "process_util_backend": "nvml", "process_sm_util_percent": 40.0, "process_mem_util_percent": 24.0}
{"timestamp_unix": 1772443436.9497302, "pid": 127417, "device_index": 0, "gpu_uuid": "GPU-6f954bfd-7081-31b7-f15c-f9a174bf4d7f", "gpu_util_percent": 40.0, "gpu_mem_util_percent": 24.0, "gpu_mem_used_mib": 45431.0, "gpu_mem_total_mib": 49140.0, "gpu_power_w": 112.5, "process_present": true, "process_mem_mib": 44934.0, "process_mem_share_percent": 91.44078144078144, "process_util_available": true, "process_util_backend": "nvml", "process_sm_util_percent": 40.0, "process_mem_util_percent": 25.0}
{"timestamp_unix": 1772443437.2501347, "pid": 127417, "device_index": 0, "gpu_uuid": "GPU-6f954bfd-7081-31b7-f15c-f9a174bf4d7f", "gpu_util_percent": 40.0, "gpu_mem_util_percent": 24.0, "gpu_mem_used_mib": 45431.0, "gpu_mem_total_mib": 49140.0, "gpu_power_w": 112.5, "process_present": true, "process_mem_mib": 44934.0, "process_mem_share_percent": 91.44078144078144, "process_util_available": true, "process_util_backend": "nvml", "process_sm_util_percent": null, "process_mem_util_percent": null}
{"timestamp_unix": 1772443437.561412, "pid": 127417, "device_index": 0, "gpu_uuid": "GPU-6f954bfd-7081-31b7-f15c-f9a174bf4d7f", "gpu_util_percent": 40.0, "gpu_mem_util_percent": 24.0, "gpu_mem_used_mib": 45431.0, "gpu_mem_total_mib": 49140.0, "gpu_power_w": 135.1, "process_present": true, "process_mem_mib": 44934.0, "process_mem_share_percent": 91.44078144078144, "process_util_available": true, "process_util_backend": "nvml", "process_sm_util_percent": 40.0, "process_mem_util_percent": 24.0}
{"timestamp_unix": 1772443437.8546343, "pid": 127417, "device_index": 0, "gpu_uuid": "GPU-6f954bfd-7081-31b7-f15c-f9a174bf4d7f", "gpu_util_percent": 39.0, "gpu_mem_util_percent": 23.0, "gpu_mem_used_mib": 45543.0, "gpu_mem_total_mib": 49140.0, "gpu_power_w": 145.1, "process_present": true, "process_mem_mib": 45046.0, "process_mem_share_percent": 91.66870166870167, "process_util_available": true, "process_util_backend": "nvml", "process_sm_util_percent": 19.0, "process_mem_util_percent": 11.0}
{"timestamp_unix": 1772443438.1509364, "pid": 127417, "device_index": 0, "gpu_uuid": "GPU-6f954bfd-7081-31b7-f15c-f9a174bf4d7f", "gpu_util_percent": 39.0, "gpu_mem_util_percent": 23.0, "gpu_mem_used_mib": 45543.0, "gpu_mem_total_mib": 49140.0, "gpu_power_w": 145.1, "process_present": true, "process_mem_mib": 45046.0, "process_mem_share_percent": 91.66870166870167, "process_util_available": true, "process_util_backend": "nvml", "process_sm_util_percent": 39.0, "process_mem_util_percent": 23.0}
{"timestamp_unix": 1772443438.4429932, "pid": 127417, "device_index": 0, "gpu_uuid": "GPU-6f954bfd-7081-31b7-f15c-f9a174bf4d7f", "gpu_util_percent": 39.0, "gpu_mem_util_percent": 23.0, "gpu_mem_used_mib": 45543.0, "gpu_mem_total_mib": 49140.0, "gpu_power_w": 148.32, "process_present": true, "process_mem_mib": 45046.0, "process_mem_share_percent": 91.66870166870167, "process_util_available": true, "process_util_backend": "nvml", "process_sm_util_percent": 39.0, "process_mem_util_percent": 22.0}
{"timestamp_unix": 1772443438.7357154, "pid": 127417, "device_index": 0, "gpu_uuid": "GPU-6f954bfd-7081-31b7-f15c-f9a174bf4d7f", "gpu_util_percent": 39.0, "gpu_mem_util_percent": 23.0, "gpu_mem_used_mib": 45543.0, "gpu_mem_total_mib": 49140.0, "gpu_power_w": 148.32, "process_present": true, "process_mem_mib": 45046.0, "process_mem_share_percent": 91.66870166870167, "process_util_available": true, "process_util_backend": "nvml", "process_sm_util_percent": 38.0, "process_mem_util_percent": 22.0}
{"timestamp_unix": 1772443439.0292377, "pid": 127417, "device_index": 0, "gpu_uuid": "GPU-6f954bfd-7081-31b7-f15c-f9a174bf4d7f", "gpu_util_percent": 38.0, "gpu_mem_util_percent": 22.0, "gpu_mem_used_mib": 45538.0, "gpu_mem_total_mib": 49140.0, "gpu_power_w": 147.88, "process_present": true, "process_mem_mib": 45046.0, "process_mem_share_percent": 91.66870166870167, "process_util_available": true, "process_util_backend": "nvml", "process_sm_util_percent": 39.0, "process_mem_util_percent": 23.0}
{"timestamp_unix": 1772443439.3226793, "pid": 127417, "device_index": 0, "gpu_uuid": "GPU-6f954bfd-7081-31b7-f15c-f9a174bf4d7f", "gpu_util_percent": 38.0, "gpu_mem_util_percent": 22.0, "gpu_mem_used_mib": 45538.0, "gpu_mem_total_mib": 49140.0, "gpu_power_w": 147.88, "process_present": true, "process_mem_mib": 45046.0, "process_mem_share_percent": 91.66870166870167, "process_util_available": true, "process_util_backend": "nvml", "process_sm_util_percent": 37.0, "process_mem_util_percent": 22.0}
{"timestamp_unix": 1772443439.6436641, "pid": 127417, "device_index": 0, "gpu_uuid": "GPU-6f954bfd-7081-31b7-f15c-f9a174bf4d7f", "gpu_util_percent": 38.0, "gpu_mem_util_percent": 22.0, "gpu_mem_used_mib": 45538.0, "gpu_mem_total_mib": 49140.0, "gpu_power_w": 148.26, "process_present": true, "process_mem_mib": 45046.0, "process_mem_share_percent": 91.66870166870167, "process_util_available": true, "process_util_backend": "nvml", "process_sm_util_percent": 39.0, "process_mem_util_percent": 23.0}
{"timestamp_unix": 1772443439.9503355, "pid": 127417, "device_index": 0, "gpu_uuid": "GPU-6f954bfd-7081-31b7-f15c-f9a174bf4d7f", "gpu_util_percent": 37.0, "gpu_mem_util_percent": 22.0, "gpu_mem_used_mib": 45538.0, "gpu_mem_total_mib": 49140.0, "gpu_power_w": 148.54, "process_present": true, "process_mem_mib": 45046.0, "process_mem_share_percent": 91.66870166870167, "process_util_available": true, "process_util_backend": "nvml", "process_sm_util_percent": 37.0, "process_mem_util_percent": 22.0}
{"timestamp_unix": 1772443440.259872, "pid": 127417, "device_index": 0, "gpu_uuid": "GPU-6f954bfd-7081-31b7-f15c-f9a174bf4d7f", "gpu_util_percent": 37.0, "gpu_mem_util_percent": 22.0, "gpu_mem_used_mib": 45545.0, "gpu_mem_total_mib": 49140.0, "gpu_power_w": 148.54, "process_present": true, "process_mem_mib": 45046.0, "process_mem_share_percent": 91.66870166870167, "process_util_available": true, "process_util_backend": "nvml", "process_sm_util_percent": 31.0, "process_mem_util_percent": 11.0}
{"timestamp_unix": 1772443440.557703, "pid": 127417, "device_index": 0, "gpu_uuid": "GPU-6f954bfd-7081-31b7-f15c-f9a174bf4d7f", "gpu_util_percent": 37.0, "gpu_mem_util_percent": 22.0, "gpu_mem_used_mib": 45545.0, "gpu_mem_total_mib": 49140.0, "gpu_power_w": 143.01, "process_present": true, "process_mem_mib": 45046.0, "process_mem_share_percent": 91.66870166870167, "process_util_available": true, "process_util_backend": "nvml", "process_sm_util_percent": 27.0, "process_mem_util_percent": 9.0}
{"timestamp_unix": 1772443440.8521123, "pid": 127417, "device_index": 0, "gpu_uuid": "GPU-6f954bfd-7081-31b7-f15c-f9a174bf4d7f", "gpu_util_percent": 30.0, "gpu_mem_util_percent": 12.0, "gpu_mem_used_mib": 45545.0, "gpu_mem_total_mib": 49140.0, "gpu_power_w": 135.54, "process_present": true, "process_mem_mib": 45046.0, "process_mem_share_percent": 91.66870166870167, "process_util_available": true, "process_util_backend": "nvml", "process_sm_util_percent": 30.0, "process_mem_util_percent": 11.0}
{"timestamp_unix": 1772443441.1424398, "pid": 127417, "device_index": 0, "gpu_uuid": "GPU-6f954bfd-7081-31b7-f15c-f9a174bf4d7f", "gpu_util_percent": 30.0, "gpu_mem_util_percent": 12.0, "gpu_mem_used_mib": 45545.0, "gpu_mem_total_mib": 49140.0, "gpu_power_w": 135.54, "process_present": true, "process_mem_mib": 45046.0, "process_mem_share_percent": 91.66870166870167, "process_util_available": true, "process_util_backend": "nvml", "process_sm_util_percent": 29.0, "process_mem_util_percent": 11.0}
{"timestamp_unix": 1772443441.4392636, "pid": 127417, "device_index": 0, "gpu_uuid": "GPU-6f954bfd-7081-31b7-f15c-f9a174bf4d7f", "gpu_util_percent": 30.0, "gpu_mem_util_percent": 12.0, "gpu_mem_used_mib": 45545.0, "gpu_mem_total_mib": 49140.0, "gpu_power_w": 132.35, "process_present": true, "process_mem_mib": 45046.0, "process_mem_share_percent": 91.66870166870167, "process_util_available": true, "process_util_backend": "nvml", "process_sm_util_percent": 30.0, "process_mem_util_percent": 11.0}
{"timestamp_unix": 1772443441.7339864, "pid": 127417, "device_index": 0, "gpu_uuid": "GPU-6f954bfd-7081-31b7-f15c-f9a174bf4d7f", "gpu_util_percent": 30.0, "gpu_mem_util_percent": 12.0, "gpu_mem_used_mib": 45541.0, "gpu_mem_total_mib": 49140.0, "gpu_power_w": 132.35, "process_present": true, "process_mem_mib": 45046.0, "process_mem_share_percent": 91.66870166870167, "process_util_available": true, "process_util_backend": "nvml", "process_sm_util_percent": 30.0, "process_mem_util_percent": 11.0}
{"timestamp_unix": 1772443442.0267632, "pid": 127417, "device_index": 0, "gpu_uuid": "GPU-6f954bfd-7081-31b7-f15c-f9a174bf4d7f", "gpu_util_percent": 30.0, "gpu_mem_util_percent": 11.0, "gpu_mem_used_mib": 45541.0, "gpu_mem_total_mib": 49140.0, "gpu_power_w": 127.58, "process_present": true, "process_mem_mib": 45046.0, "process_mem_share_percent": 91.66870166870167, "process_util_available": true, "process_util_backend": "nvml", "process_sm_util_percent": 30.0, "process_mem_util_percent": 11.0}
{"timestamp_unix": 1772443442.3372333, "pid": 127417, "device_index": 0, "gpu_uuid": "GPU-6f954bfd-7081-31b7-f15c-f9a174bf4d7f", "gpu_util_percent": 30.0, "gpu_mem_util_percent": 11.0, "gpu_mem_used_mib": 45541.0, "gpu_mem_total_mib": 49140.0, "gpu_power_w": 127.58, "process_present": true, "process_mem_mib": 45046.0, "process_mem_share_percent": 91.66870166870167, "process_util_available": true, "process_util_backend": "nvml", "process_sm_util_percent": 21.0, "process_mem_util_percent": 5.0}
{"timestamp_unix": 1772443442.6429598, "pid": 127417, "device_index": 0, "gpu_uuid": "GPU-6f954bfd-7081-31b7-f15c-f9a174bf4d7f", "gpu_util_percent": 30.0, "gpu_mem_util_percent": 11.0, "gpu_mem_used_mib": 45541.0, "gpu_mem_total_mib": 49140.0, "gpu_power_w": 115.51, "process_present": true, "process_mem_mib": 45046.0, "process_mem_share_percent": 91.66870166870167, "process_util_available": true, "process_util_backend": "nvml", "process_sm_util_percent": 31.0, "process_mem_util_percent": 10.0}
{"timestamp_unix": 1772443442.9513042, "pid": 127417, "device_index": 0, "gpu_uuid": "GPU-6f954bfd-7081-31b7-f15c-f9a174bf4d7f", "gpu_util_percent": 33.0, "gpu_mem_util_percent": 12.0, "gpu_mem_used_mib": 47013.0, "gpu_mem_total_mib": 49140.0, "gpu_power_w": 109.11, "process_present": true, "process_mem_mib": 46518.0, "process_mem_share_percent": 94.66422466422466, "process_util_available": true, "process_util_backend": "nvml", "process_sm_util_percent": 32.0, "process_mem_util_percent": 12.0}
{"timestamp_unix": 1772443443.2419415, "pid": 127417, "device_index": 0, "gpu_uuid": "GPU-6f954bfd-7081-31b7-f15c-f9a174bf4d7f", "gpu_util_percent": 33.0, "gpu_mem_util_percent": 12.0, "gpu_mem_used_mib": 47013.0, "gpu_mem_total_mib": 49140.0, "gpu_power_w": 109.11, "process_present": true, "process_mem_mib": 46518.0, "process_mem_share_percent": 94.66422466422466, "process_util_available": true, "process_util_backend": "nvml", "process_sm_util_percent": 32.0, "process_mem_util_percent": 10.0}
{"timestamp_unix": 1772443443.5331187, "pid": 127417, "device_index": 0, "gpu_uuid": "GPU-6f954bfd-7081-31b7-f15c-f9a174bf4d7f", "gpu_util_percent": 33.0, "gpu_mem_util_percent": 12.0, "gpu_mem_used_mib": 47013.0, "gpu_mem_total_mib": 49140.0, "gpu_power_w": 110.93, "process_present": true, "process_mem_mib": 46518.0, "process_mem_share_percent": 94.66422466422466, "process_util_available": true, "process_util_backend": "nvml", "process_sm_util_percent": 30.0, "process_mem_util_percent": 10.0}
{"timestamp_unix": 1772443443.8246484, "pid": 127417, "device_index": 0, "gpu_uuid": "GPU-6f954bfd-7081-31b7-f15c-f9a174bf4d7f", "gpu_util_percent": 33.0, "gpu_mem_util_percent": 12.0, "gpu_mem_used_mib": 47013.0, "gpu_mem_total_mib": 49140.0, "gpu_power_w": 110.93, "process_present": true, "process_mem_mib": 46518.0, "process_mem_share_percent": 94.66422466422466, "process_util_available": true, "process_util_backend": "nvml", "process_sm_util_percent": 30.0, "process_mem_util_percent": 10.0}
{"timestamp_unix": 1772443444.1235304, "pid": 127417, "device_index": 0, "gpu_uuid": "GPU-6f954bfd-7081-31b7-f15c-f9a174bf4d7f", "gpu_util_percent": 31.0, "gpu_mem_util_percent": 11.0, "gpu_mem_used_mib": 47013.0, "gpu_mem_total_mib": 49140.0, "gpu_power_w": 112.53, "process_present": true, "process_mem_mib": 46518.0, "process_mem_share_percent": 94.66422466422466, "process_util_available": true, "process_util_backend": "nvml", "process_sm_util_percent": 30.0, "process_mem_util_percent": 11.0}
{"timestamp_unix": 1772443444.4169362, "pid": 127417, "device_index": 0, "gpu_uuid": "GPU-6f954bfd-7081-31b7-f15c-f9a174bf4d7f", "gpu_util_percent": 31.0, "gpu_mem_util_percent": 11.0, "gpu_mem_used_mib": 44905.0, "gpu_mem_total_mib": 49140.0, "gpu_power_w": 112.71, "process_present": true, "process_mem_mib": 43030.0, "process_mem_share_percent": 87.56613756613757, "process_util_available": true, "process_util_backend": "nvml", "process_sm_util_percent": 16.0, "process_mem_util_percent": 5.0}
{"timestamp_unix": 1772443444.7057545, "pid": 127417, "device_index": 0, "gpu_uuid": "GPU-6f954bfd-7081-31b7-f15c-f9a174bf4d7f", "gpu_util_percent": 31.0, "gpu_mem_util_percent": 11.0, "gpu_mem_used_mib": 32167.0, "gpu_mem_total_mib": 49140.0, "gpu_power_w": 112.71, "process_present": true, "process_mem_mib": 29876.0, "process_mem_share_percent": 60.7977207977208, "process_util_available": true, "process_util_backend": "nvml", "process_sm_util_percent": null, "process_mem_util_percent": null}
{"timestamp_unix": 1772443445.0131948, "pid": 127417, "device_index": 0, "gpu_uuid": "GPU-6f954bfd-7081-31b7-f15c-f9a174bf4d7f", "gpu_util_percent": 82.0, "gpu_mem_util_percent": 7.0, "gpu_mem_used_mib": 27803.0, "gpu_mem_total_mib": 49140.0, "gpu_power_w": 111.75, "process_present": true, "process_mem_mib": 27564.0, "process_mem_share_percent": 56.09279609279609, "process_util_available": true, "process_util_backend": "nvml", "process_sm_util_percent": 14.0, "process_mem_util_percent": 4.0}
{"timestamp_unix": 1772443445.3177469, "pid": 127417, "device_index": 0, "gpu_uuid": "GPU-6f954bfd-7081-31b7-f15c-f9a174bf4d7f", "gpu_util_percent": 82.0, "gpu_mem_util_percent": 7.0, "gpu_mem_used_mib": 29681.0, "gpu_mem_total_mib": 49140.0, "gpu_power_w": 111.75, "process_present": true, "process_mem_mib": 29454.0, "process_mem_share_percent": 59.93894993894994, "process_util_available": true, "process_util_backend": "nvml", "process_sm_util_percent": 25.0, "process_mem_util_percent": 9.0}
{"timestamp_unix": 1772443445.625978, "pid": 127417, "device_index": 0, "gpu_uuid": "GPU-6f954bfd-7081-31b7-f15c-f9a174bf4d7f", "gpu_util_percent": 82.0, "gpu_mem_util_percent": 7.0, "gpu_mem_used_mib": 31541.0, "gpu_mem_total_mib": 49140.0, "gpu_power_w": 116.25, "process_present": true, "process_mem_mib": 31298.0, "process_mem_share_percent": 63.6914936914937, "process_util_available": true, "process_util_backend": "nvml", "process_sm_util_percent": 23.0, "process_mem_util_percent": 8.0}
{"timestamp_unix": 1772443445.9207604, "pid": 127417, "device_index": 0, "gpu_uuid": "GPU-6f954bfd-7081-31b7-f15c-f9a174bf4d7f", "gpu_util_percent": 22.0, "gpu_mem_util_percent": 8.0, "gpu_mem_used_mib": 33347.0, "gpu_mem_total_mib": 49140.0, "gpu_power_w": 123.46, "process_present": true, "process_mem_mib": 33124.0, "process_mem_share_percent": 67.4074074074074, "process_util_available": true, "process_util_backend": "nvml", "process_sm_util_percent": 23.0, "process_mem_util_percent": 8.0}
{"timestamp_unix": 1772443446.2206674, "pid": 127417, "device_index": 0, "gpu_uuid": "GPU-6f954bfd-7081-31b7-f15c-f9a174bf4d7f", "gpu_util_percent": 22.0, "gpu_mem_util_percent": 8.0, "gpu_mem_used_mib": 35437.0, "gpu_mem_total_mib": 49140.0, "gpu_power_w": 123.46, "process_present": true, "process_mem_mib": 35252.0, "process_mem_share_percent": 71.73789173789173, "process_util_available": true, "process_util_backend": "nvml", "process_sm_util_percent": 25.0, "process_mem_util_percent": 8.0}
{"timestamp_unix": 1772443446.5165956, "pid": 127417, "device_index": 0, "gpu_uuid": "GPU-6f954bfd-7081-31b7-f15c-f9a174bf4d7f", "gpu_util_percent": 22.0, "gpu_mem_util_percent": 8.0, "gpu_mem_used_mib": 37556.0, "gpu_mem_total_mib": 49140.0, "gpu_power_w": 126.94, "process_present": true, "process_mem_mib": 37326.0, "process_mem_share_percent": 75.95848595848595, "process_util_available": true, "process_util_backend": "nvml", "process_sm_util_percent": 26.0, "process_mem_util_percent": 9.0}
{"timestamp_unix": 1772443446.807558, "pid": 127417, "device_index": 0, "gpu_uuid": "GPU-6f954bfd-7081-31b7-f15c-f9a174bf4d7f", "gpu_util_percent": 22.0, "gpu_mem_util_percent": 8.0, "gpu_mem_used_mib": 39798.0, "gpu_mem_total_mib": 49140.0, "gpu_power_w": 126.94, "process_present": true, "process_mem_mib": 39612.0, "process_mem_share_percent": 80.61050061050061, "process_util_available": true, "process_util_backend": "nvml", "process_sm_util_percent": 26.0, "process_mem_util_percent": 8.0}
{"timestamp_unix": 1772443447.1081262, "pid": 127417, "device_index": 0, "gpu_uuid": "GPU-6f954bfd-7081-31b7-f15c-f9a174bf4d7f", "gpu_util_percent": 29.0, "gpu_mem_util_percent": 10.0, "gpu_mem_used_mib": 43402.0, "gpu_mem_total_mib": 49140.0, "gpu_power_w": 125.84, "process_present": true, "process_mem_mib": 43158.0, "process_mem_share_percent": 87.82661782661782, "process_util_available": true, "process_util_backend": "nvml", "process_sm_util_percent": 29.0, "process_mem_util_percent": 11.0}
{"timestamp_unix": 1772443447.4017684, "pid": 127417, "device_index": 0, "gpu_uuid": "GPU-6f954bfd-7081-31b7-f15c-f9a174bf4d7f", "gpu_util_percent": 29.0, "gpu_mem_util_percent": 10.0, "gpu_mem_used_mib": 45270.0, "gpu_mem_total_mib": 49140.0, "gpu_power_w": 116.89, "process_present": true, "process_mem_mib": 45030.0, "process_mem_share_percent": 91.63614163614163, "process_util_available": true, "process_util_backend": "nvml", "process_sm_util_percent": 27.0, "process_mem_util_percent": 8.0}
{"timestamp_unix": 1772443447.695509, "pid": 127417, "device_index": 0, "gpu_uuid": "GPU-6f954bfd-7081-31b7-f15c-f9a174bf4d7f", "gpu_util_percent": 29.0, "gpu_mem_util_percent": 10.0, "gpu_mem_used_mib": 46858.0, "gpu_mem_total_mib": 49140.0, "gpu_power_w": 116.89, "process_present": true, "process_mem_mib": 46358.0, "process_mem_share_percent": 94.33862433862434, "process_util_available": true, "process_util_backend": "nvml", "process_sm_util_percent": null, "process_mem_util_percent": null}
{"timestamp_unix": 1772443447.999226, "pid": 127417, "device_index": 0, "gpu_uuid": "GPU-6f954bfd-7081-31b7-f15c-f9a174bf4d7f", "gpu_util_percent": 14.0, "gpu_mem_util_percent": 1.0, "gpu_mem_used_mib": 46858.0, "gpu_mem_total_mib": 49140.0, "gpu_power_w": 106.3, "process_present": true, "process_mem_mib": 47624.0, "process_mem_share_percent": 96.91493691493692, "process_util_available": true, "process_util_backend": "nvml", "process_sm_util_percent": null, "process_mem_util_percent": null}
