{"timestamp_unix": 1772432116.1789355, "pid": 38017, "device_index": 0, "gpu_uuid": "GPU-6f954bfd-7081-31b7-f15c-f9a174bf4d7f", "gpu_util_percent": 18.0, "gpu_mem_util_percent": 6.0, "gpu_mem_used_mib": 994.0, "gpu_mem_total_mib": 49140.0, "gpu_power_w": 46.0, "process_present": true, "process_mem_mib": 500.0, "process_mem_share_percent": 1.0175010175010175, "process_util_available": true, "process_util_backend": "nvml", "process_sm_util_percent": null, "process_mem_util_percent": null}
{"timestamp_unix": 1772432116.5450969, "pid": 38017, "device_index": 0, "gpu_uuid": "GPU-6f954bfd-7081-31b7-f15c-f9a174bf4d7f", "gpu_util_percent": 18.0, "gpu_mem_util_percent": 6.0, "gpu_mem_used_mib": 994.0, "gpu_mem_total_mib": 49140.0, "gpu_power_w": 46.0, "process_present": true, "process_mem_mib": 500.0, "process_mem_share_percent": 1.0175010175010175, "process_util_available": true, "process_util_backend": "nvml", "process_sm_util_percent": null, "process_mem_util_percent": null}
{"timestamp_unix": 1772432116.868632, "pid": 38017, "device_index": 0, "gpu_uuid": "GPU-6f954bfd-7081-31b7-f15c-f9a174bf4d7f", "gpu_util_percent": 18.0, "gpu_mem_util_percent": 6.0, "gpu_mem_used_mib": 993.0, "gpu_mem_total_mib": 49140.0, "gpu_power_w": 61.28, "process_present": true, "process_mem_mib": 500.0, "process_mem_share_percent": 1.0175010175010175, "process_util_available": true, "process_util_backend": "nvml", "process_sm_util_percent": null, "process_mem_util_percent": null}
{"timestamp_unix": 1772432117.2006295, "pid": 38017, "device_index": 0, "gpu_uuid": "GPU-6f954bfd-7081-31b7-f15c-f9a174bf4d7f", "gpu_util_percent": 14.0, "gpu_mem_util_percent": 1.0, "gpu_mem_used_mib": 993.0, "gpu_mem_total_mib": 49140.0, "gpu_power_w": 75.88, "process_present": true, "process_mem_mib": 500.0, "process_mem_share_percent": 1.0175010175010175, "process_util_available": true, "process_util_backend": "nvml", "process_sm_util_percent": null, "process_mem_util_percent": null}
{"timestamp_unix": 1772432117.4936733, "pid": 38017, "device_index": 0, "gpu_uuid": "GPU-6f954bfd-7081-31b7-f15c-f9a174bf4d7f", "gpu_util_percent": 14.0, "gpu_mem_util_percent": 1.0, "gpu_mem_used_mib": 1081.0, "gpu_mem_total_mib": 49140.0, "gpu_power_w": 75.88, "process_present": true, "process_mem_mib": 588.0, "process_mem_share_percent": 1.1965811965811968, "process_util_available": true, "process_util_backend": "nvml", "process_sm_util_percent": null, "process_mem_util_percent": null}
{"timestamp_unix": 1772432117.795878, "pid": 38017, "device_index": 0, "gpu_uuid": "GPU-6f954bfd-7081-31b7-f15c-f9a174bf4d7f", "gpu_util_percent": 14.0, "gpu_mem_util_percent": 1.0, "gpu_mem_used_mib": 1123.0, "gpu_mem_total_mib": 49140.0, "gpu_power_w": 77.23, "process_present": true, "process_mem_mib": 676.0, "process_mem_share_percent": 1.3756613756613756, "process_util_available": true, "process_util_backend": "nvml", "process_sm_util_percent": 17.0, "process_mem_util_percent": 1.0}
{"timestamp_unix": 1772432118.1020017, "pid": 38017, "device_index": 0, "gpu_uuid": "GPU-6f954bfd-7081-31b7-f15c-f9a174bf4d7f", "gpu_util_percent": 14.0, "gpu_mem_util_percent": 1.0, "gpu_mem_used_mib": 1393.0, "gpu_mem_total_mib": 49140.0, "gpu_power_w": 77.23, "process_present": true, "process_mem_mib": 956.0, "process_mem_share_percent": 1.9454619454619455, "process_util_available": true, "process_util_backend": "nvml", "process_sm_util_percent": 20.0, "process_mem_util_percent": 1.0}
{"timestamp_unix": 1772432118.4016466, "pid": 38017, "device_index": 0, "gpu_uuid": "GPU-6f954bfd-7081-31b7-f15c-f9a174bf4d7f", "gpu_util_percent": 24.0, "gpu_mem_util_percent": 2.0, "gpu_mem_used_mib": 1729.0, "gpu_mem_total_mib": 49140.0, "gpu_power_w": 79.03, "process_present": true, "process_mem_mib": 1274.0, "process_mem_share_percent": 2.5925925925925926, "process_util_available": true, "process_util_backend": "nvml", "process_sm_util_percent": 23.0, "process_mem_util_percent": 1.0}
{"timestamp_unix": 1772432118.703059, "pid": 38017, "device_index": 0, "gpu_uuid": "GPU-6f954bfd-7081-31b7-f15c-f9a174bf4d7f", "gpu_util_percent": 24.0, "gpu_mem_util_percent": 2.0, "gpu_mem_used_mib": 2061.0, "gpu_mem_total_mib": 49140.0, "gpu_power_w": 82.9, "process_present": true, "process_mem_mib": 1602.0, "process_mem_share_percent": 3.2600732600732605, "process_util_available": true, "process_util_backend": "nvml", "process_sm_util_percent": 23.0, "process_mem_util_percent": 1.0}
{"timestamp_unix": 1772432118.9913015, "pid": 38017, "device_index": 0, "gpu_uuid": "GPU-6f954bfd-7081-31b7-f15c-f9a174bf4d7f", "gpu_util_percent": 24.0, "gpu_mem_util_percent": 2.0, "gpu_mem_used_mib": 2413.0, "gpu_mem_total_mib": 49140.0, "gpu_power_w": 82.9, "process_present": true, "process_mem_mib": 1962.0, "process_mem_share_percent": 3.9926739926739923, "process_util_available": true, "process_util_backend": "nvml", "process_sm_util_percent": 21.0, "process_mem_util_percent": 1.0}
{"timestamp_unix": 1772432119.286966, "pid": 38017, "device_index": 0, "gpu_uuid": "GPU-6f954bfd-7081-31b7-f15c-f9a174bf4d7f", "gpu_util_percent": 22.0, "gpu_mem_util_percent": 2.0, "gpu_mem_used_mib": 2785.0, "gpu_mem_total_mib": 49140.0, "gpu_power_w": 86.24, "process_present": true, "process_mem_mib": 2334.0, "process_mem_share_percent": 4.74969474969475, "process_util_available": true, "process_util_backend": "nvml", "process_sm_util_percent": 23.0, "process_mem_util_percent": 2.0}
{"timestamp_unix": 1772432119.5747957, "pid": 38017, "device_index": 0, "gpu_uuid": "GPU-6f954bfd-7081-31b7-f15c-f9a174bf4d7f", "gpu_util_percent": 22.0, "gpu_mem_util_percent": 2.0, "gpu_mem_used_mib": 3161.0, "gpu_mem_total_mib": 49140.0, "gpu_power_w": 86.24, "process_present": true, "process_mem_mib": 2728.0, "process_mem_share_percent": 5.551485551485551, "process_util_available": true, "process_util_backend": "nvml", "process_sm_util_percent": 21.0, "process_mem_util_percent": 2.0}
{"timestamp_unix": 1772432119.8631399, "pid": 38017, "device_index": 0, "gpu_uuid": "GPU-6f954bfd-7081-31b7-f15c-f9a174bf4d7f", "gpu_util_percent": 22.0, "gpu_mem_util_percent": 2.0, "gpu_mem_used_mib": 3565.0, "gpu_mem_total_mib": 49140.0, "gpu_power_w": 86.92, "process_present": true, "process_mem_mib": 3116.0, "process_mem_share_percent": 6.341066341066341, "process_util_available": true, "process_util_backend": "nvml", "process_sm_util_percent": 22.0, "process_mem_util_percent": 2.0}
{"timestamp_unix": 1772432120.1525211, "pid": 38017, "device_index": 0, "gpu_uuid": "GPU-6f954bfd-7081-31b7-f15c-f9a174bf4d7f", "gpu_util_percent": 22.0, "gpu_mem_util_percent": 2.0, "gpu_mem_used_mib": 3979.0, "gpu_mem_total_mib": 49140.0, "gpu_power_w": 87.43, "process_present": true, "process_mem_mib": 3542.0, "process_mem_share_percent": 7.2079772079772075, "process_util_available": true, "process_util_backend": "nvml", "process_sm_util_percent": 21.0, "process_mem_util_percent": 2.0}
{"timestamp_unix": 1772432120.4388795, "pid": 38017, "device_index": 0, "gpu_uuid": "GPU-6f954bfd-7081-31b7-f15c-f9a174bf4d7f", "gpu_util_percent": 22.0, "gpu_mem_util_percent": 2.0, "gpu_mem_used_mib": 4395.0, "gpu_mem_total_mib": 49140.0, "gpu_power_w": 87.43, "process_present": true, "process_mem_mib": 3968.0, "process_mem_share_percent": 8.074888074888074, "process_util_available": true, "process_util_backend": "nvml", "process_sm_util_percent": 21.0, "process_mem_util_percent": 2.0}
{"timestamp_unix": 1772432120.7308261, "pid": 38017, "device_index": 0, "gpu_uuid": "GPU-6f954bfd-7081-31b7-f15c-f9a174bf4d7f", "gpu_util_percent": 22.0, "gpu_mem_util_percent": 2.0, "gpu_mem_used_mib": 4817.0, "gpu_mem_total_mib": 49140.0, "gpu_power_w": 87.43, "process_present": true, "process_mem_mib": 4374.0, "process_mem_share_percent": 8.901098901098901, "process_util_available": true, "process_util_backend": "nvml", "process_sm_util_percent": 20.0, "process_mem_util_percent": 2.0}
{"timestamp_unix": 1772432121.036328, "pid": 38017, "device_index": 0, "gpu_uuid": "GPU-6f954bfd-7081-31b7-f15c-f9a174bf4d7f", "gpu_util_percent": 22.0, "gpu_mem_util_percent": 2.0, "gpu_mem_used_mib": 5272.0, "gpu_mem_total_mib": 49140.0, "gpu_power_w": 87.43, "process_present": true, "process_mem_mib": 4838.0, "process_mem_share_percent": 9.845339845339845, "process_util_available": true, "process_util_backend": "nvml", "process_sm_util_percent": 21.0, "process_mem_util_percent": 2.0}
{"timestamp_unix": 1772432121.3362238, "pid": 38017, "device_index": 0, "gpu_uuid": "GPU-6f954bfd-7081-31b7-f15c-f9a174bf4d7f", "gpu_util_percent": 21.0, "gpu_mem_util_percent": 2.0, "gpu_mem_used_mib": 5736.0, "gpu_mem_total_mib": 49140.0, "gpu_power_w": 87.3, "process_present": true, "process_mem_mib": 5304.0, "process_mem_share_percent": 10.793650793650794, "process_util_available": true, "process_util_backend": "nvml", "process_sm_util_percent": null, "process_mem_util_percent": null}
{"timestamp_unix": 1772432121.6497235, "pid": 38017, "device_index": 0, "gpu_uuid": "GPU-6f954bfd-7081-31b7-f15c-f9a174bf4d7f", "gpu_util_percent": 21.0, "gpu_mem_util_percent": 2.0, "gpu_mem_used_mib": 6202.0, "gpu_mem_total_mib": 49140.0, "gpu_power_w": 86.96, "process_present": true, "process_mem_mib": 5782.0, "process_mem_share_percent": 11.766381766381766, "process_util_available": true, "process_util_backend": "nvml", "process_sm_util_percent": 10.0, "process_mem_util_percent": 1.0}
{"timestamp_unix": 1772432121.9413917, "pid": 38017, "device_index": 0, "gpu_uuid": "GPU-6f954bfd-7081-31b7-f15c-f9a174bf4d7f", "gpu_util_percent": 21.0, "gpu_mem_util_percent": 2.0, "gpu_mem_used_mib": 6606.0, "gpu_mem_total_mib": 49140.0, "gpu_power_w": 86.96, "process_present": true, "process_mem_mib": 6114.0, "process_mem_share_percent": 12.442002442002442, "process_util_available": true, "process_util_backend": "nvml", "process_sm_util_percent": null, "process_mem_util_percent": null}
{"timestamp_unix": 1772432122.231484, "pid": 38017, "device_index": 0, "gpu_uuid": "GPU-6f954bfd-7081-31b7-f15c-f9a174bf4d7f", "gpu_util_percent": 14.0, "gpu_mem_util_percent": 1.0, "gpu_mem_used_mib": 6716.0, "gpu_mem_total_mib": 49140.0, "gpu_power_w": 86.15, "process_present": true, "process_mem_mib": 6224.0, "process_mem_share_percent": 12.665852665852666, "process_util_available": true, "process_util_backend": "nvml", "process_sm_util_percent": 11.0, "process_mem_util_percent": 1.0}
{"timestamp_unix": 1772432122.5215557, "pid": 38017, "device_index": 0, "gpu_uuid": "GPU-6f954bfd-7081-31b7-f15c-f9a174bf4d7f", "gpu_util_percent": 14.0, "gpu_mem_util_percent": 1.0, "gpu_mem_used_mib": 6716.0, "gpu_mem_total_mib": 49140.0, "gpu_power_w": 86.15, "process_present": true, "process_mem_mib": 6224.0, "process_mem_share_percent": 12.665852665852666, "process_util_available": true, "process_util_backend": "nvml", "process_sm_util_percent": 24.0, "process_mem_util_percent": 2.0}
{"timestamp_unix": 1772432122.810391, "pid": 38017, "device_index": 0, "gpu_uuid": "GPU-6f954bfd-7081-31b7-f15c-f9a174bf4d7f", "gpu_util_percent": 14.0, "gpu_mem_util_percent": 1.0, "gpu_mem_used_mib": 6715.0, "gpu_mem_total_mib": 49140.0, "gpu_power_w": 86.61, "process_present": true, "process_mem_mib": 6224.0, "process_mem_share_percent": 12.665852665852666, "process_util_available": true, "process_util_backend": "nvml", "process_sm_util_percent": 23.0, "process_mem_util_percent": 2.0}
{"timestamp_unix": 1772432123.1031513, "pid": 38017, "device_index": 0, "gpu_uuid": "GPU-6f954bfd-7081-31b7-f15c-f9a174bf4d7f", "gpu_util_percent": 14.0, "gpu_mem_util_percent": 1.0, "gpu_mem_used_mib": 6715.0, "gpu_mem_total_mib": 49140.0, "gpu_power_w": 86.61, "process_present": true, "process_mem_mib": 6224.0, "process_mem_share_percent": 12.665852665852666, "process_util_available": true, "process_util_backend": "nvml", "process_sm_util_percent": 23.0, "process_mem_util_percent": 2.0}
{"timestamp_unix": 1772432123.3915408, "pid": 38017, "device_index": 0, "gpu_uuid": "GPU-6f954bfd-7081-31b7-f15c-f9a174bf4d7f", "gpu_util_percent": 24.0, "gpu_mem_util_percent": 3.0, "gpu_mem_used_mib": 6715.0, "gpu_mem_total_mib": 49140.0, "gpu_power_w": 87.85, "process_present": true, "process_mem_mib": 6224.0, "process_mem_share_percent": 12.665852665852666, "process_util_available": true, "process_util_backend": "nvml", "process_sm_util_percent": 24.0, "process_mem_util_percent": 2.0}
{"timestamp_unix": 1772432123.6978185, "pid": 38017, "device_index": 0, "gpu_uuid": "GPU-6f954bfd-7081-31b7-f15c-f9a174bf4d7f", "gpu_util_percent": 24.0, "gpu_mem_util_percent": 3.0, "gpu_mem_used_mib": 6715.0, "gpu_mem_total_mib": 49140.0, "gpu_power_w": 89.36, "process_present": true, "process_mem_mib": 6224.0, "process_mem_share_percent": 12.665852665852666, "process_util_available": true, "process_util_backend": "nvml", "process_sm_util_percent": 26.0, "process_mem_util_percent": 2.0}
{"timestamp_unix": 1772432124.0123818, "pid": 38017, "device_index": 0, "gpu_uuid": "GPU-6f954bfd-7081-31b7-f15c-f9a174bf4d7f", "gpu_util_percent": 24.0, "gpu_mem_util_percent": 3.0, "gpu_mem_used_mib": 6719.0, "gpu_mem_total_mib": 49140.0, "gpu_power_w": 89.36, "process_present": true, "process_mem_mib": 6224.0, "process_mem_share_percent": 12.665852665852666, "process_util_available": true, "process_util_backend": "nvml", "process_sm_util_percent": 24.0, "process_mem_util_percent": 2.0}
{"timestamp_unix": 1772432124.31673, "pid": 38017, "device_index": 0, "gpu_uuid": "GPU-6f954bfd-7081-31b7-f15c-f9a174bf4d7f", "gpu_util_percent": 25.0, "gpu_mem_util_percent": 3.0, "gpu_mem_used_mib": 6719.0, "gpu_mem_total_mib": 49140.0, "gpu_power_w": 89.48, "process_present": true, "process_mem_mib": 6224.0, "process_mem_share_percent": 12.665852665852666, "process_util_available": true, "process_util_backend": "nvml", "process_sm_util_percent": 24.0, "process_mem_util_percent": 2.0}
{"timestamp_unix": 1772432124.605699, "pid": 38017, "device_index": 0, "gpu_uuid": "GPU-6f954bfd-7081-31b7-f15c-f9a174bf4d7f", "gpu_util_percent": 25.0, "gpu_mem_util_percent": 3.0, "gpu_mem_used_mib": 6719.0, "gpu_mem_total_mib": 49140.0, "gpu_power_w": 89.48, "process_present": true, "process_mem_mib": 6224.0, "process_mem_share_percent": 12.665852665852666, "process_util_available": true, "process_util_backend": "nvml", "process_sm_util_percent": 23.0, "process_mem_util_percent": 2.0}
{"timestamp_unix": 1772432124.8941686, "pid": 38017, "device_index": 0, "gpu_uuid": "GPU-6f954bfd-7081-31b7-f15c-f9a174bf4d7f", "gpu_util_percent": 25.0, "gpu_mem_util_percent": 3.0, "gpu_mem_used_mib": 6719.0, "gpu_mem_total_mib": 49140.0, "gpu_power_w": 89.49, "process_present": true, "process_mem_mib": 6224.0, "process_mem_share_percent": 12.665852665852666, "process_util_available": true, "process_util_backend": "nvml", "process_sm_util_percent": 23.0, "process_mem_util_percent": 2.0}
{"timestamp_unix": 1772432125.1853154, "pid": 38017, "device_index": 0, "gpu_uuid": "GPU-6f954bfd-7081-31b7-f15c-f9a174bf4d7f", "gpu_util_percent": 24.0, "gpu_mem_util_percent": 3.0, "gpu_mem_used_mib": 6719.0, "gpu_mem_total_mib": 49140.0, "gpu_power_w": 89.47, "process_present": true, "process_mem_mib": 6224.0, "process_mem_share_percent": 12.665852665852666, "process_util_available": true, "process_util_backend": "nvml", "process_sm_util_percent": 23.0, "process_mem_util_percent": 2.0}
{"timestamp_unix": 1772432125.474172, "pid": 38017, "device_index": 0, "gpu_uuid": "GPU-6f954bfd-7081-31b7-f15c-f9a174bf4d7f", "gpu_util_percent": 24.0, "gpu_mem_util_percent": 3.0, "gpu_mem_used_mib": 6719.0, "gpu_mem_total_mib": 49140.0, "gpu_power_w": 89.47, "process_present": true, "process_mem_mib": 6224.0, "process_mem_share_percent": 12.665852665852666, "process_util_available": true, "process_util_backend": "nvml", "process_sm_util_percent": 23.0, "process_mem_util_percent": 2.0}
{"timestamp_unix": 1772432125.761868, "pid": 38017, "device_index": 0, "gpu_uuid": "GPU-6f954bfd-7081-31b7-f15c-f9a174bf4d7f", "gpu_util_percent": 24.0, "gpu_mem_util_percent": 3.0, "gpu_mem_used_mib": 6719.0, "gpu_mem_total_mib": 49140.0, "gpu_power_w": 89.53, "process_present": true, "process_mem_mib": 6224.0, "process_mem_share_percent": 12.665852665852666, "process_util_available": true, "process_util_backend": "nvml", "process_sm_util_percent": 23.0, "process_mem_util_percent": 2.0}
{"timestamp_unix": 1772432126.0525107, "pid": 38017, "device_index": 0, "gpu_uuid": "GPU-6f954bfd-7081-31b7-f15c-f9a174bf4d7f", "gpu_util_percent": 24.0, "gpu_mem_util_percent": 3.0, "gpu_mem_used_mib": 6718.0, "gpu_mem_total_mib": 49140.0, "gpu_power_w": 89.53, "process_present": true, "process_mem_mib": 6224.0, "process_mem_share_percent": 12.665852665852666, "process_util_available": true, "process_util_backend": "nvml", "process_sm_util_percent": 23.0, "process_mem_util_percent": 2.0}
{"timestamp_unix": 1772432126.3519158, "pid": 38017, "device_index": 0, "gpu_uuid": "GPU-6f954bfd-7081-31b7-f15c-f9a174bf4d7f", "gpu_util_percent": 24.0, "gpu_mem_util_percent": 3.0, "gpu_mem_used_mib": 6716.0, "gpu_mem_total_mib": 49140.0, "gpu_power_w": 89.49, "process_present": true, "process_mem_mib": 6224.0, "process_mem_share_percent": 12.665852665852666, "process_util_available": true, "process_util_backend": "nvml", "process_sm_util_percent": 23.0, "process_mem_util_percent": 2.0}
{"timestamp_unix": 1772432126.6660502, "pid": 38017, "device_index": 0, "gpu_uuid": "GPU-6f954bfd-7081-31b7-f15c-f9a174bf4d7f", "gpu_util_percent": 24.0, "gpu_mem_util_percent": 3.0, "gpu_mem_used_mib": 6716.0, "gpu_mem_total_mib": 49140.0, "gpu_power_w": 89.5, "process_present": true, "process_mem_mib": 6224.0, "process_mem_share_percent": 12.665852665852666, "process_util_available": true, "process_util_backend": "nvml", "process_sm_util_percent": 24.0, "process_mem_util_percent": 2.0}
{"timestamp_unix": 1772432126.9672284, "pid": 38017, "device_index": 0, "gpu_uuid": "GPU-6f954bfd-7081-31b7-f15c-f9a174bf4d7f", "gpu_util_percent": 24.0, "gpu_mem_util_percent": 3.0, "gpu_mem_used_mib": 6716.0, "gpu_mem_total_mib": 49140.0, "gpu_power_w": 89.5, "process_present": true, "process_mem_mib": 6224.0, "process_mem_share_percent": 12.665852665852666, "process_util_available": true, "process_util_backend": "nvml", "process_sm_util_percent": 12.0, "process_mem_util_percent": 1.0}
{"timestamp_unix": 1772432127.257795, "pid": 38017, "device_index": 0, "gpu_uuid": "GPU-6f954bfd-7081-31b7-f15c-f9a174bf4d7f", "gpu_util_percent": 21.0, "gpu_mem_util_percent": 2.0, "gpu_mem_used_mib": 6717.0, "gpu_mem_total_mib": 49140.0, "gpu_power_w": 89.11, "process_present": true, "process_mem_mib": 6224.0, "process_mem_share_percent": 12.665852665852666, "process_util_available": true, "process_util_backend": "nvml", "process_sm_util_percent": 21.0, "process_mem_util_percent": 2.0}
{"timestamp_unix": 1772432127.5456064, "pid": 38017, "device_index": 0, "gpu_uuid": "GPU-6f954bfd-7081-31b7-f15c-f9a174bf4d7f", "gpu_util_percent": 21.0, "gpu_mem_util_percent": 2.0, "gpu_mem_used_mib": 6737.0, "gpu_mem_total_mib": 49140.0, "gpu_power_w": 89.11, "process_present": true, "process_mem_mib": 6284.0, "process_mem_share_percent": 12.787952787952788, "process_util_available": true, "process_util_backend": "nvml", "process_sm_util_percent": 22.0, "process_mem_util_percent": 2.0}
{"timestamp_unix": 1772432127.836584, "pid": 38017, "device_index": 0, "gpu_uuid": "GPU-6f954bfd-7081-31b7-f15c-f9a174bf4d7f", "gpu_util_percent": 21.0, "gpu_mem_util_percent": 2.0, "gpu_mem_used_mib": 7117.0, "gpu_mem_total_mib": 49140.0, "gpu_power_w": 88.67, "process_present": true, "process_mem_mib": 6684.0, "process_mem_share_percent": 13.601953601953602, "process_util_available": true, "process_util_backend": "nvml", "process_sm_util_percent": 22.0, "process_mem_util_percent": 2.0}
{"timestamp_unix": 1772432128.1278083, "pid": 38017, "device_index": 0, "gpu_uuid": "GPU-6f954bfd-7081-31b7-f15c-f9a174bf4d7f", "gpu_util_percent": 22.0, "gpu_mem_util_percent": 2.0, "gpu_mem_used_mib": 7516.0, "gpu_mem_total_mib": 49140.0, "gpu_power_w": 88.51, "process_present": true, "process_mem_mib": 7084.0, "process_mem_share_percent": 14.415954415954415, "process_util_available": true, "process_util_backend": "nvml", "process_sm_util_percent": 21.0, "process_mem_util_percent": 2.0}
{"timestamp_unix": 1772432128.4192746, "pid": 38017, "device_index": 0, "gpu_uuid": "GPU-6f954bfd-7081-31b7-f15c-f9a174bf4d7f", "gpu_util_percent": 22.0, "gpu_mem_util_percent": 2.0, "gpu_mem_used_mib": 7936.0, "gpu_mem_total_mib": 49140.0, "gpu_power_w": 88.51, "process_present": true, "process_mem_mib": 7504.0, "process_mem_share_percent": 15.27065527065527, "process_util_available": true, "process_util_backend": "nvml", "process_sm_util_percent": 21.0, "process_mem_util_percent": 2.0}
{"timestamp_unix": 1772432128.7080295, "pid": 38017, "device_index": 0, "gpu_uuid": "GPU-6f954bfd-7081-31b7-f15c-f9a174bf4d7f", "gpu_util_percent": 22.0, "gpu_mem_util_percent": 2.0, "gpu_mem_used_mib": 8356.0, "gpu_mem_total_mib": 49140.0, "gpu_power_w": 88.66, "process_present": true, "process_mem_mib": 7944.0, "process_mem_share_percent": 16.166056166056165, "process_util_available": true, "process_util_backend": "nvml", "process_sm_util_percent": 22.0, "process_mem_util_percent": 2.0}
{"timestamp_unix": 1772432129.0137205, "pid": 38017, "device_index": 0, "gpu_uuid": "GPU-6f954bfd-7081-31b7-f15c-f9a174bf4d7f", "gpu_util_percent": 22.0, "gpu_mem_util_percent": 2.0, "gpu_mem_used_mib": 8792.0, "gpu_mem_total_mib": 49140.0, "gpu_power_w": 88.66, "process_present": true, "process_mem_mib": 8384.0, "process_mem_share_percent": 17.061457061457062, "process_util_available": true, "process_util_backend": "nvml", "process_sm_util_percent": 21.0, "process_mem_util_percent": 2.0}
{"timestamp_unix": 1772432129.3159142, "pid": 38017, "device_index": 0, "gpu_uuid": "GPU-6f954bfd-7081-31b7-f15c-f9a174bf4d7f", "gpu_util_percent": 20.0, "gpu_mem_util_percent": 2.0, "gpu_mem_used_mib": 9272.0, "gpu_mem_total_mib": 49140.0, "gpu_power_w": 88.44, "process_present": true, "process_mem_mib": 8884.0, "process_mem_share_percent": 18.07895807895808, "process_util_available": true, "process_util_backend": "nvml", "process_sm_util_percent": 20.0, "process_mem_util_percent": 2.0}
{"timestamp_unix": 1772432129.615521, "pid": 38017, "device_index": 0, "gpu_uuid": "GPU-6f954bfd-7081-31b7-f15c-f9a174bf4d7f", "gpu_util_percent": 20.0, "gpu_mem_util_percent": 2.0, "gpu_mem_used_mib": 9812.0, "gpu_mem_total_mib": 49140.0, "gpu_power_w": 88.44, "process_present": true, "process_mem_mib": 9404.0, "process_mem_share_percent": 19.137159137159138, "process_util_available": true, "process_util_backend": "nvml", "process_sm_util_percent": 19.0, "process_mem_util_percent": 2.0}
{"timestamp_unix": 1772432129.9186528, "pid": 38017, "device_index": 0, "gpu_uuid": "GPU-6f954bfd-7081-31b7-f15c-f9a174bf4d7f", "gpu_util_percent": 20.0, "gpu_mem_util_percent": 2.0, "gpu_mem_used_mib": 10332.0, "gpu_mem_total_mib": 49140.0, "gpu_power_w": 88.45, "process_present": true, "process_mem_mib": 9944.0, "process_mem_share_percent": 20.236060236060236, "process_util_available": true, "process_util_backend": "nvml", "process_sm_util_percent": 21.0, "process_mem_util_percent": 2.0}
{"timestamp_unix": 1772432130.2185538, "pid": 38017, "device_index": 0, "gpu_uuid": "GPU-6f954bfd-7081-31b7-f15c-f9a174bf4d7f", "gpu_util_percent": 19.0, "gpu_mem_util_percent": 3.0, "gpu_mem_used_mib": 10874.0, "gpu_mem_total_mib": 49140.0, "gpu_power_w": 88.6, "process_present": true, "process_mem_mib": 10484.0, "process_mem_share_percent": 21.334961334961335, "process_util_available": true, "process_util_backend": "nvml", "process_sm_util_percent": 21.0, "process_mem_util_percent": 2.0}
{"timestamp_unix": 1772432130.505967, "pid": 38017, "device_index": 0, "gpu_uuid": "GPU-6f954bfd-7081-31b7-f15c-f9a174bf4d7f", "gpu_util_percent": 19.0, "gpu_mem_util_percent": 3.0, "gpu_mem_used_mib": 11454.0, "gpu_mem_total_mib": 49140.0, "gpu_power_w": 88.6, "process_present": true, "process_mem_mib": 11044.0, "process_mem_share_percent": 22.47456247456247, "process_util_available": true, "process_util_backend": "nvml", "process_sm_util_percent": 17.0, "process_mem_util_percent": 2.0}
{"timestamp_unix": 1772432130.795526, "pid": 38017, "device_index": 0, "gpu_uuid": "GPU-6f954bfd-7081-31b7-f15c-f9a174bf4d7f", "gpu_util_percent": 19.0, "gpu_mem_util_percent": 3.0, "gpu_mem_used_mib": 11574.0, "gpu_mem_total_mib": 49140.0, "gpu_power_w": 88.62, "process_present": true, "process_mem_mib": 11124.0, "process_mem_share_percent": 22.63736263736264, "process_util_available": true, "process_util_backend": "nvml", "process_sm_util_percent": 6.0, "process_mem_util_percent": 0.0}
{"timestamp_unix": 1772432131.089959, "pid": 38017, "device_index": 0, "gpu_uuid": "GPU-6f954bfd-7081-31b7-f15c-f9a174bf4d7f", "gpu_util_percent": 19.0, "gpu_mem_util_percent": 3.0, "gpu_mem_used_mib": 11614.0, "gpu_mem_total_mib": 49140.0, "gpu_power_w": 88.62, "process_present": true, "process_mem_mib": 11124.0, "process_mem_share_percent": 22.63736263736264, "process_util_available": true, "process_util_backend": "nvml", "process_sm_util_percent": 20.0, "process_mem_util_percent": 2.0}
{"timestamp_unix": 1772432131.3770037, "pid": 38017, "device_index": 0, "gpu_uuid": "GPU-6f954bfd-7081-31b7-f15c-f9a174bf4d7f", "gpu_util_percent": 20.0, "gpu_mem_util_percent": 3.0, "gpu_mem_used_mib": 11614.0, "gpu_mem_total_mib": 49140.0, "gpu_power_w": 87.67, "process_present": true, "process_mem_mib": 11124.0, "process_mem_share_percent": 22.63736263736264, "process_util_available": true, "process_util_backend": "nvml", "process_sm_util_percent": 22.0, "process_mem_util_percent": 2.0}
{"timestamp_unix": 1772432131.667486, "pid": 38017, "device_index": 0, "gpu_uuid": "GPU-6f954bfd-7081-31b7-f15c-f9a174bf4d7f", "gpu_util_percent": 20.0, "gpu_mem_util_percent": 3.0, "gpu_mem_used_mib": 11614.0, "gpu_mem_total_mib": 49140.0, "gpu_power_w": 88.24, "process_present": true, "process_mem_mib": 11124.0, "process_mem_share_percent": 22.63736263736264, "process_util_available": true, "process_util_backend": "nvml", "process_sm_util_percent": 22.0, "process_mem_util_percent": 2.0}
{"timestamp_unix": 1772432131.9566624, "pid": 38017, "device_index": 0, "gpu_uuid": "GPU-6f954bfd-7081-31b7-f15c-f9a174bf4d7f", "gpu_util_percent": 20.0, "gpu_mem_util_percent": 3.0, "gpu_mem_used_mib": 11614.0, "gpu_mem_total_mib": 49140.0, "gpu_power_w": 88.24, "process_present": true, "process_mem_mib": 11124.0, "process_mem_share_percent": 22.63736263736264, "process_util_available": true, "process_util_backend": "nvml", "process_sm_util_percent": 23.0, "process_mem_util_percent": 2.0}
{"timestamp_unix": 1772432132.2573123, "pid": 38017, "device_index": 0, "gpu_uuid": "GPU-6f954bfd-7081-31b7-f15c-f9a174bf4d7f", "gpu_util_percent": 23.0, "gpu_mem_util_percent": 3.0, "gpu_mem_used_mib": 11614.0, "gpu_mem_total_mib": 49140.0, "gpu_power_w": 90.05, "process_present": true, "process_mem_mib": 11124.0, "process_mem_share_percent": 22.63736263736264, "process_util_available": true, "process_util_backend": "nvml", "process_sm_util_percent": 24.0, "process_mem_util_percent": 2.0}
{"timestamp_unix": 1772432132.562867, "pid": 38017, "device_index": 0, "gpu_uuid": "GPU-6f954bfd-7081-31b7-f15c-f9a174bf4d7f", "gpu_util_percent": 23.0, "gpu_mem_util_percent": 3.0, "gpu_mem_used_mib": 11614.0, "gpu_mem_total_mib": 49140.0, "gpu_power_w": 90.05, "process_present": true, "process_mem_mib": 11124.0, "process_mem_share_percent": 22.63736263736264, "process_util_available": true, "process_util_backend": "nvml", "process_sm_util_percent": 24.0, "process_mem_util_percent": 2.0}
{"timestamp_unix": 1772432132.8682656, "pid": 38017, "device_index": 0, "gpu_uuid": "GPU-6f954bfd-7081-31b7-f15c-f9a174bf4d7f", "gpu_util_percent": 23.0, "gpu_mem_util_percent": 3.0, "gpu_mem_used_mib": 11614.0, "gpu_mem_total_mib": 49140.0, "gpu_power_w": 89.97, "process_present": true, "process_mem_mib": 11124.0, "process_mem_share_percent": 22.63736263736264, "process_util_available": true, "process_util_backend": "nvml", "process_sm_util_percent": 23.0, "process_mem_util_percent": 2.0}
{"timestamp_unix": 1772432133.1573515, "pid": 38017, "device_index": 0, "gpu_uuid": "GPU-6f954bfd-7081-31b7-f15c-f9a174bf4d7f", "gpu_util_percent": 25.0, "gpu_mem_util_percent": 3.0, "gpu_mem_used_mib": 11614.0, "gpu_mem_total_mib": 49140.0, "gpu_power_w": 90.0, "process_present": true, "process_mem_mib": 11124.0, "process_mem_share_percent": 22.63736263736264, "process_util_available": true, "process_util_backend": "nvml", "process_sm_util_percent": 24.0, "process_mem_util_percent": 2.0}
{"timestamp_unix": 1772432133.4455364, "pid": 38017, "device_index": 0, "gpu_uuid": "GPU-6f954bfd-7081-31b7-f15c-f9a174bf4d7f", "gpu_util_percent": 25.0, "gpu_mem_util_percent": 3.0, "gpu_mem_used_mib": 11614.0, "gpu_mem_total_mib": 49140.0, "gpu_power_w": 90.0, "process_present": true, "process_mem_mib": 11124.0, "process_mem_share_percent": 22.63736263736264, "process_util_available": true, "process_util_backend": "nvml", "process_sm_util_percent": 23.0, "process_mem_util_percent": 2.0}
{"timestamp_unix": 1772432133.736031, "pid": 38017, "device_index": 0, "gpu_uuid": "GPU-6f954bfd-7081-31b7-f15c-f9a174bf4d7f", "gpu_util_percent": 25.0, "gpu_mem_util_percent": 3.0, "gpu_mem_used_mib": 11614.0, "gpu_mem_total_mib": 49140.0, "gpu_power_w": 89.92, "process_present": true, "process_mem_mib": 11124.0, "process_mem_share_percent": 22.63736263736264, "process_util_available": true, "process_util_backend": "nvml", "process_sm_util_percent": 23.0, "process_mem_util_percent": 2.0}
{"timestamp_unix": 1772432134.0252264, "pid": 38017, "device_index": 0, "gpu_uuid": "GPU-6f954bfd-7081-31b7-f15c-f9a174bf4d7f", "gpu_util_percent": 25.0, "gpu_mem_util_percent": 3.0, "gpu_mem_used_mib": 11618.0, "gpu_mem_total_mib": 49140.0, "gpu_power_w": 89.92, "process_present": true, "process_mem_mib": 11124.0, "process_mem_share_percent": 22.63736263736264, "process_util_available": true, "process_util_backend": "nvml", "process_sm_util_percent": 24.0, "process_mem_util_percent": 2.0}
{"timestamp_unix": 1772432134.314545, "pid": 38017, "device_index": 0, "gpu_uuid": "GPU-6f954bfd-7081-31b7-f15c-f9a174bf4d7f", "gpu_util_percent": 26.0, "gpu_mem_util_percent": 3.0, "gpu_mem_used_mib": 11618.0, "gpu_mem_total_mib": 49140.0, "gpu_power_w": 89.86, "process_present": true, "process_mem_mib": 11124.0, "process_mem_share_percent": 22.63736263736264, "process_util_available": true, "process_util_backend": "nvml", "process_sm_util_percent": 25.0, "process_mem_util_percent": 2.0}
{"timestamp_unix": 1772432134.606042, "pid": 38017, "device_index": 0, "gpu_uuid": "GPU-6f954bfd-7081-31b7-f15c-f9a174bf4d7f", "gpu_util_percent": 26.0, "gpu_mem_util_percent": 3.0, "gpu_mem_used_mib": 11618.0, "gpu_mem_total_mib": 49140.0, "gpu_power_w": 89.86, "process_present": true, "process_mem_mib": 11124.0, "process_mem_share_percent": 22.63736263736264, "process_util_available": true, "process_util_backend": "nvml", "process_sm_util_percent": 23.0, "process_mem_util_percent": 2.0}
{"timestamp_unix": 1772432134.8988833, "pid": 38017, "device_index": 0, "gpu_uuid": "GPU-6f954bfd-7081-31b7-f15c-f9a174bf4d7f", "gpu_util_percent": 26.0, "gpu_mem_util_percent": 3.0, "gpu_mem_used_mib": 11618.0, "gpu_mem_total_mib": 49140.0, "gpu_power_w": 89.72, "process_present": true, "process_mem_mib": 11124.0, "process_mem_share_percent": 22.63736263736264, "process_util_available": true, "process_util_backend": "nvml", "process_sm_util_percent": 23.0, "process_mem_util_percent": 2.0}
{"timestamp_unix": 1772432135.2019415, "pid": 38017, "device_index": 0, "gpu_uuid": "GPU-6f954bfd-7081-31b7-f15c-f9a174bf4d7f", "gpu_util_percent": 27.0, "gpu_mem_util_percent": 3.0, "gpu_mem_used_mib": 11618.0, "gpu_mem_total_mib": 49140.0, "gpu_power_w": 89.84, "process_present": true, "process_mem_mib": 11124.0, "process_mem_share_percent": 22.63736263736264, "process_util_available": true, "process_util_backend": "nvml", "process_sm_util_percent": 25.0, "process_mem_util_percent": 2.0}
{"timestamp_unix": 1772432135.5020988, "pid": 38017, "device_index": 0, "gpu_uuid": "GPU-6f954bfd-7081-31b7-f15c-f9a174bf4d7f", "gpu_util_percent": 27.0, "gpu_mem_util_percent": 3.0, "gpu_mem_used_mib": 11618.0, "gpu_mem_total_mib": 49140.0, "gpu_power_w": 89.84, "process_present": true, "process_mem_mib": 11124.0, "process_mem_share_percent": 22.63736263736264, "process_util_available": true, "process_util_backend": "nvml", "process_sm_util_percent": 23.0, "process_mem_util_percent": 2.0}
{"timestamp_unix": 1772432135.7906814, "pid": 38017, "device_index": 0, "gpu_uuid": "GPU-6f954bfd-7081-31b7-f15c-f9a174bf4d7f", "gpu_util_percent": 27.0, "gpu_mem_util_percent": 3.0, "gpu_mem_used_mib": 11618.0, "gpu_mem_total_mib": 49140.0, "gpu_power_w": 89.73, "process_present": true, "process_mem_mib": 11124.0, "process_mem_share_percent": 22.63736263736264, "process_util_available": true, "process_util_backend": "nvml", "process_sm_util_percent": 12.0, "process_mem_util_percent": 1.0}
{"timestamp_unix": 1772432136.0800407, "pid": 38017, "device_index": 0, "gpu_uuid": "GPU-6f954bfd-7081-31b7-f15c-f9a174bf4d7f", "gpu_util_percent": 27.0, "gpu_mem_util_percent": 3.0, "gpu_mem_used_mib": 11618.0, "gpu_mem_total_mib": 49140.0, "gpu_power_w": 89.73, "process_present": true, "process_mem_mib": 11124.0, "process_mem_share_percent": 22.63736263736264, "process_util_available": true, "process_util_backend": "nvml", "process_sm_util_percent": 18.0, "process_mem_util_percent": 2.0}
{"timestamp_unix": 1772432136.369991, "pid": 38017, "device_index": 0, "gpu_uuid": "GPU-6f954bfd-7081-31b7-f15c-f9a174bf4d7f", "gpu_util_percent": 25.0, "gpu_mem_util_percent": 3.0, "gpu_mem_used_mib": 11618.0, "gpu_mem_total_mib": 49140.0, "gpu_power_w": 88.84, "process_present": true, "process_mem_mib": 11124.0, "process_mem_share_percent": 22.63736263736264, "process_util_available": true, "process_util_backend": "nvml", "process_sm_util_percent": 23.0, "process_mem_util_percent": 2.0}
{"timestamp_unix": 1772432136.657345, "pid": 38017, "device_index": 0, "gpu_uuid": "GPU-6f954bfd-7081-31b7-f15c-f9a174bf4d7f", "gpu_util_percent": 25.0, "gpu_mem_util_percent": 3.0, "gpu_mem_used_mib": 11618.0, "gpu_mem_total_mib": 49140.0, "gpu_power_w": 88.61, "process_present": true, "process_mem_mib": 11124.0, "process_mem_share_percent": 22.63736263736264, "process_util_available": true, "process_util_backend": "nvml", "process_sm_util_percent": 22.0, "process_mem_util_percent": 2.0}
{"timestamp_unix": 1772432136.944742, "pid": 38017, "device_index": 0, "gpu_uuid": "GPU-6f954bfd-7081-31b7-f15c-f9a174bf4d7f", "gpu_util_percent": 25.0, "gpu_mem_util_percent": 3.0, "gpu_mem_used_mib": 11618.0, "gpu_mem_total_mib": 49140.0, "gpu_power_w": 88.61, "process_present": true, "process_mem_mib": 11124.0, "process_mem_share_percent": 22.63736263736264, "process_util_available": true, "process_util_backend": "nvml", "process_sm_util_percent": null, "process_mem_util_percent": null}
{"timestamp_unix": 1772432137.242598, "pid": 38017, "device_index": 0, "gpu_uuid": "GPU-6f954bfd-7081-31b7-f15c-f9a174bf4d7f", "gpu_util_percent": 24.0, "gpu_mem_util_percent": 3.0, "gpu_mem_used_mib": 11618.0, "gpu_mem_total_mib": 49140.0, "gpu_power_w": 89.51, "process_present": true, "process_mem_mib": 11124.0, "process_mem_share_percent": 22.63736263736264, "process_util_available": true, "process_util_backend": "nvml", "process_sm_util_percent": 11.0, "process_mem_util_percent": 1.0}
{"timestamp_unix": 1772432137.755439, "pid": 38017, "device_index": 0, "gpu_uuid": "GPU-6f954bfd-7081-31b7-f15c-f9a174bf4d7f", "gpu_util_percent": 24.0, "gpu_mem_util_percent": 3.0, "gpu_mem_used_mib": 11620.0, "gpu_mem_total_mib": 49140.0, "gpu_power_w": 89.51, "process_present": true, "process_mem_mib": 11124.0, "process_mem_share_percent": 22.63736263736264, "process_util_available": true, "process_util_backend": "nvml", "process_sm_util_percent": 8.0, "process_mem_util_percent": 0.0}
{"timestamp_unix": 1772432138.0542958, "pid": 38017, "device_index": 0, "gpu_uuid": "GPU-6f954bfd-7081-31b7-f15c-f9a174bf4d7f", "gpu_util_percent": 24.0, "gpu_mem_util_percent": 3.0, "gpu_mem_used_mib": 11620.0, "gpu_mem_total_mib": 49140.0, "gpu_power_w": 89.52, "process_present": true, "process_mem_mib": 11124.0, "process_mem_share_percent": 22.63736263736264, "process_util_available": true, "process_util_backend": "nvml", "process_sm_util_percent": 21.0, "process_mem_util_percent": 2.0}
{"timestamp_unix": 1772432138.3493075, "pid": 38017, "device_index": 0, "gpu_uuid": "GPU-6f954bfd-7081-31b7-f15c-f9a174bf4d7f", "gpu_util_percent": 25.0, "gpu_mem_util_percent": 3.0, "gpu_mem_used_mib": 11620.0, "gpu_mem_total_mib": 49140.0, "gpu_power_w": 87.57, "process_present": true, "process_mem_mib": 11224.0, "process_mem_share_percent": 22.84086284086284, "process_util_available": true, "process_util_backend": "nvml", "process_sm_util_percent": 23.0, "process_mem_util_percent": 3.0}
{"timestamp_unix": 1772432138.644246, "pid": 38017, "device_index": 0, "gpu_uuid": "GPU-6f954bfd-7081-31b7-f15c-f9a174bf4d7f", "gpu_util_percent": 25.0, "gpu_mem_util_percent": 3.0, "gpu_mem_used_mib": 12400.0, "gpu_mem_total_mib": 49140.0, "gpu_power_w": 87.56, "process_present": true, "process_mem_mib": 12024.0, "process_mem_share_percent": 24.468864468864467, "process_util_available": true, "process_util_backend": "nvml", "process_sm_util_percent": 22.0, "process_mem_util_percent": 2.0}
{"timestamp_unix": 1772432138.936072, "pid": 38017, "device_index": 0, "gpu_uuid": "GPU-6f954bfd-7081-31b7-f15c-f9a174bf4d7f", "gpu_util_percent": 25.0, "gpu_mem_util_percent": 3.0, "gpu_mem_used_mib": 13199.0, "gpu_mem_total_mib": 49140.0, "gpu_power_w": 87.56, "process_present": true, "process_mem_mib": 12824.0, "process_mem_share_percent": 26.096866096866094, "process_util_available": true, "process_util_backend": "nvml", "process_sm_util_percent": 22.0, "process_mem_util_percent": 2.0}
{"timestamp_unix": 1772432139.2276406, "pid": 38017, "device_index": 0, "gpu_uuid": "GPU-6f954bfd-7081-31b7-f15c-f9a174bf4d7f", "gpu_util_percent": 23.0, "gpu_mem_util_percent": 3.0, "gpu_mem_used_mib": 14039.0, "gpu_mem_total_mib": 49140.0, "gpu_power_w": 89.52, "process_present": true, "process_mem_mib": 13684.0, "process_mem_share_percent": 27.846967846967846, "process_util_available": true, "process_util_backend": "nvml", "process_sm_util_percent": 23.0, "process_mem_util_percent": 2.0}
{"timestamp_unix": 1772432139.5207324, "pid": 38017, "device_index": 0, "gpu_uuid": "GPU-6f954bfd-7081-31b7-f15c-f9a174bf4d7f", "gpu_util_percent": 23.0, "gpu_mem_util_percent": 3.0, "gpu_mem_used_mib": 14759.0, "gpu_mem_total_mib": 49140.0, "gpu_power_w": 89.52, "process_present": true, "process_mem_mib": 14264.0, "process_mem_share_percent": 29.027269027269025, "process_util_available": true, "process_util_backend": "nvml", "process_sm_util_percent": 22.0, "process_mem_util_percent": 3.0}
{"timestamp_unix": 1772432139.809051, "pid": 38017, "device_index": 0, "gpu_uuid": "GPU-6f954bfd-7081-31b7-f15c-f9a174bf4d7f", "gpu_util_percent": 23.0, "gpu_mem_util_percent": 3.0, "gpu_mem_used_mib": 14819.0, "gpu_mem_total_mib": 49140.0, "gpu_power_w": 88.28, "process_present": true, "process_mem_mib": 14324.0, "process_mem_share_percent": 29.149369149369146, "process_util_available": true, "process_util_backend": "nvml", "process_sm_util_percent": 9.0, "process_mem_util_percent": 0.0}
{"timestamp_unix": 1772432140.1011415, "pid": 38017, "device_index": 0, "gpu_uuid": "GPU-6f954bfd-7081-31b7-f15c-f9a174bf4d7f", "gpu_util_percent": 23.0, "gpu_mem_util_percent": 3.0, "gpu_mem_used_mib": 14819.0, "gpu_mem_total_mib": 49140.0, "gpu_power_w": 88.28, "process_present": true, "process_mem_mib": 14324.0, "process_mem_share_percent": 29.149369149369146, "process_util_available": true, "process_util_backend": "nvml", "process_sm_util_percent": 23.0, "process_mem_util_percent": 2.0}
{"timestamp_unix": 1772432140.402501, "pid": 38017, "device_index": 0, "gpu_uuid": "GPU-6f954bfd-7081-31b7-f15c-f9a174bf4d7f", "gpu_util_percent": 25.0, "gpu_mem_util_percent": 3.0, "gpu_mem_used_mib": 14819.0, "gpu_mem_total_mib": 49140.0, "gpu_power_w": 87.7, "process_present": true, "process_mem_mib": 14324.0, "process_mem_share_percent": 29.149369149369146, "process_util_available": true, "process_util_backend": "nvml", "process_sm_util_percent": 24.0, "process_mem_util_percent": 2.0}
{"timestamp_unix": 1772432140.7030525, "pid": 38017, "device_index": 0, "gpu_uuid": "GPU-6f954bfd-7081-31b7-f15c-f9a174bf4d7f", "gpu_util_percent": 25.0, "gpu_mem_util_percent": 3.0, "gpu_mem_used_mib": 14819.0, "gpu_mem_total_mib": 49140.0, "gpu_power_w": 88.27, "process_present": true, "process_mem_mib": 14324.0, "process_mem_share_percent": 29.149369149369146, "process_util_available": true, "process_util_backend": "nvml", "process_sm_util_percent": 23.0, "process_mem_util_percent": 2.0}
{"timestamp_unix": 1772432140.9922657, "pid": 38017, "device_index": 0, "gpu_uuid": "GPU-6f954bfd-7081-31b7-f15c-f9a174bf4d7f", "gpu_util_percent": 25.0, "gpu_mem_util_percent": 3.0, "gpu_mem_used_mib": 14819.0, "gpu_mem_total_mib": 49140.0, "gpu_power_w": 88.27, "process_present": true, "process_mem_mib": 14324.0, "process_mem_share_percent": 29.149369149369146, "process_util_available": true, "process_util_backend": "nvml", "process_sm_util_percent": 23.0, "process_mem_util_percent": 2.0}
{"timestamp_unix": 1772432141.286022, "pid": 38017, "device_index": 0, "gpu_uuid": "GPU-6f954bfd-7081-31b7-f15c-f9a174bf4d7f", "gpu_util_percent": 24.0, "gpu_mem_util_percent": 3.0, "gpu_mem_used_mib": 14819.0, "gpu_mem_total_mib": 49140.0, "gpu_power_w": 90.25, "process_present": true, "process_mem_mib": 14324.0, "process_mem_share_percent": 29.149369149369146, "process_util_available": true, "process_util_backend": "nvml", "process_sm_util_percent": 24.0, "process_mem_util_percent": 2.0}
{"timestamp_unix": 1772432141.576017, "pid": 38017, "device_index": 0, "gpu_uuid": "GPU-6f954bfd-7081-31b7-f15c-f9a174bf4d7f", "gpu_util_percent": 24.0, "gpu_mem_util_percent": 3.0, "gpu_mem_used_mib": 14819.0, "gpu_mem_total_mib": 49140.0, "gpu_power_w": 90.25, "process_present": true, "process_mem_mib": 14324.0, "process_mem_share_percent": 29.149369149369146, "process_util_available": true, "process_util_backend": "nvml", "process_sm_util_percent": 23.0, "process_mem_util_percent": 2.0}
{"timestamp_unix": 1772432141.869423, "pid": 38017, "device_index": 0, "gpu_uuid": "GPU-6f954bfd-7081-31b7-f15c-f9a174bf4d7f", "gpu_util_percent": 24.0, "gpu_mem_util_percent": 3.0, "gpu_mem_used_mib": 14819.0, "gpu_mem_total_mib": 49140.0, "gpu_power_w": 90.28, "process_present": true, "process_mem_mib": 14324.0, "process_mem_share_percent": 29.149369149369146, "process_util_available": true, "process_util_backend": "nvml", "process_sm_util_percent": 23.0, "process_mem_util_percent": 2.0}
{"timestamp_unix": 1772432142.1591604, "pid": 38017, "device_index": 0, "gpu_uuid": "GPU-6f954bfd-7081-31b7-f15c-f9a174bf4d7f", "gpu_util_percent": 24.0, "gpu_mem_util_percent": 3.0, "gpu_mem_used_mib": 14819.0, "gpu_mem_total_mib": 49140.0, "gpu_power_w": 90.31, "process_present": true, "process_mem_mib": 14324.0, "process_mem_share_percent": 29.149369149369146, "process_util_available": true, "process_util_backend": "nvml", "process_sm_util_percent": 23.0, "process_mem_util_percent": 2.0}
{"timestamp_unix": 1772432142.4532027, "pid": 38017, "device_index": 0, "gpu_uuid": "GPU-6f954bfd-7081-31b7-f15c-f9a174bf4d7f", "gpu_util_percent": 24.0, "gpu_mem_util_percent": 3.0, "gpu_mem_used_mib": 14818.0, "gpu_mem_total_mib": 49140.0, "gpu_power_w": 90.31, "process_present": true, "process_mem_mib": 14324.0, "process_mem_share_percent": 29.149369149369146, "process_util_available": true, "process_util_backend": "nvml", "process_sm_util_percent": 23.0, "process_mem_util_percent": 2.0}
{"timestamp_unix": 1772432142.7508285, "pid": 38017, "device_index": 0, "gpu_uuid": "GPU-6f954bfd-7081-31b7-f15c-f9a174bf4d7f", "gpu_util_percent": 24.0, "gpu_mem_util_percent": 3.0, "gpu_mem_used_mib": 14818.0, "gpu_mem_total_mib": 49140.0, "gpu_power_w": 89.92, "process_present": true, "process_mem_mib": 14324.0, "process_mem_share_percent": 29.149369149369146, "process_util_available": true, "process_util_backend": "nvml", "process_sm_util_percent": 22.0, "process_mem_util_percent": 2.0}
{"timestamp_unix": 1772432143.051276, "pid": 38017, "device_index": 0, "gpu_uuid": "GPU-6f954bfd-7081-31b7-f15c-f9a174bf4d7f", "gpu_util_percent": 24.0, "gpu_mem_util_percent": 3.0, "gpu_mem_used_mib": 14818.0, "gpu_mem_total_mib": 49140.0, "gpu_power_w": 89.92, "process_present": true, "process_mem_mib": 14324.0, "process_mem_share_percent": 29.149369149369146, "process_util_available": true, "process_util_backend": "nvml", "process_sm_util_percent": 23.0, "process_mem_util_percent": 2.0}
{"timestamp_unix": 1772432143.3531892, "pid": 38017, "device_index": 0, "gpu_uuid": "GPU-6f954bfd-7081-31b7-f15c-f9a174bf4d7f", "gpu_util_percent": 24.0, "gpu_mem_util_percent": 3.0, "gpu_mem_used_mib": 14817.0, "gpu_mem_total_mib": 49140.0, "gpu_power_w": 89.77, "process_present": true, "process_mem_mib": 14324.0, "process_mem_share_percent": 29.149369149369146, "process_util_available": true, "process_util_backend": "nvml", "process_sm_util_percent": 23.0, "process_mem_util_percent": 2.0}
{"timestamp_unix": 1772432143.6624, "pid": 38017, "device_index": 0, "gpu_uuid": "GPU-6f954bfd-7081-31b7-f15c-f9a174bf4d7f", "gpu_util_percent": 24.0, "gpu_mem_util_percent": 3.0, "gpu_mem_used_mib": 14817.0, "gpu_mem_total_mib": 49140.0, "gpu_power_w": 89.77, "process_present": true, "process_mem_mib": 14324.0, "process_mem_share_percent": 29.149369149369146, "process_util_available": true, "process_util_backend": "nvml", "process_sm_util_percent": 23.0, "process_mem_util_percent": 2.0}
{"timestamp_unix": 1772432143.952541, "pid": 38017, "device_index": 0, "gpu_uuid": "GPU-6f954bfd-7081-31b7-f15c-f9a174bf4d7f", "gpu_util_percent": 24.0, "gpu_mem_util_percent": 3.0, "gpu_mem_used_mib": 14813.0, "gpu_mem_total_mib": 49140.0, "gpu_power_w": 89.77, "process_present": true, "process_mem_mib": 14324.0, "process_mem_share_percent": 29.149369149369146, "process_util_available": true, "process_util_backend": "nvml", "process_sm_util_percent": 23.0, "process_mem_util_percent": 2.0}
{"timestamp_unix": 1772432144.2411776, "pid": 38017, "device_index": 0, "gpu_uuid": "GPU-6f954bfd-7081-31b7-f15c-f9a174bf4d7f", "gpu_util_percent": 24.0, "gpu_mem_util_percent": 3.0, "gpu_mem_used_mib": 14812.0, "gpu_mem_total_mib": 49140.0, "gpu_power_w": 89.95, "process_present": true, "process_mem_mib": 14324.0, "process_mem_share_percent": 29.149369149369146, "process_util_available": true, "process_util_backend": "nvml", "process_sm_util_percent": 23.0, "process_mem_util_percent": 2.0}
{"timestamp_unix": 1772432144.5313551, "pid": 38017, "device_index": 0, "gpu_uuid": "GPU-6f954bfd-7081-31b7-f15c-f9a174bf4d7f", "gpu_util_percent": 24.0, "gpu_mem_util_percent": 3.0, "gpu_mem_used_mib": 14812.0, "gpu_mem_total_mib": 49140.0, "gpu_power_w": 89.95, "process_present": true, "process_mem_mib": 14324.0, "process_mem_share_percent": 29.149369149369146, "process_util_available": true, "process_util_backend": "nvml", "process_sm_util_percent": 23.0, "process_mem_util_percent": 2.0}
{"timestamp_unix": 1772432144.8248, "pid": 38017, "device_index": 0, "gpu_uuid": "GPU-6f954bfd-7081-31b7-f15c-f9a174bf4d7f", "gpu_util_percent": 24.0, "gpu_mem_util_percent": 3.0, "gpu_mem_used_mib": 14812.0, "gpu_mem_total_mib": 49140.0, "gpu_power_w": 89.81, "process_present": true, "process_mem_mib": 14324.0, "process_mem_share_percent": 29.149369149369146, "process_util_available": true, "process_util_backend": "nvml", "process_sm_util_percent": 23.0, "process_mem_util_percent": 2.0}
{"timestamp_unix": 1772432145.1123302, "pid": 38017, "device_index": 0, "gpu_uuid": "GPU-6f954bfd-7081-31b7-f15c-f9a174bf4d7f", "gpu_util_percent": 23.0, "gpu_mem_util_percent": 3.0, "gpu_mem_used_mib": 14812.0, "gpu_mem_total_mib": 49140.0, "gpu_power_w": 89.2, "process_present": true, "process_mem_mib": 14324.0, "process_mem_share_percent": 29.149369149369146, "process_util_available": true, "process_util_backend": "nvml", "process_sm_util_percent": 19.0, "process_mem_util_percent": 2.0}
{"timestamp_unix": 1772432145.4031153, "pid": 38017, "device_index": 0, "gpu_uuid": "GPU-6f954bfd-7081-31b7-f15c-f9a174bf4d7f", "gpu_util_percent": 23.0, "gpu_mem_util_percent": 3.0, "gpu_mem_used_mib": 14812.0, "gpu_mem_total_mib": 49140.0, "gpu_power_w": 89.2, "process_present": true, "process_mem_mib": 14324.0, "process_mem_share_percent": 29.149369149369146, "process_util_available": true, "process_util_backend": "nvml", "process_sm_util_percent": 22.0, "process_mem_util_percent": 2.0}
{"timestamp_unix": 1772432145.703302, "pid": 38017, "device_index": 0, "gpu_uuid": "GPU-6f954bfd-7081-31b7-f15c-f9a174bf4d7f", "gpu_util_percent": 23.0, "gpu_mem_util_percent": 3.0, "gpu_mem_used_mib": 14812.0, "gpu_mem_total_mib": 49140.0, "gpu_power_w": 89.29, "process_present": true, "process_mem_mib": 14324.0, "process_mem_share_percent": 29.149369149369146, "process_util_available": true, "process_util_backend": "nvml", "process_sm_util_percent": 21.0, "process_mem_util_percent": 2.0}
{"timestamp_unix": 1772432146.0029685, "pid": 38017, "device_index": 0, "gpu_uuid": "GPU-6f954bfd-7081-31b7-f15c-f9a174bf4d7f", "gpu_util_percent": 23.0, "gpu_mem_util_percent": 3.0, "gpu_mem_used_mib": 14813.0, "gpu_mem_total_mib": 49140.0, "gpu_power_w": 89.29, "process_present": true, "process_mem_mib": 14324.0, "process_mem_share_percent": 29.149369149369146, "process_util_available": true, "process_util_backend": "nvml", "process_sm_util_percent": 22.0, "process_mem_util_percent": 2.0}
{"timestamp_unix": 1772432146.302857, "pid": 38017, "device_index": 0, "gpu_uuid": "GPU-6f954bfd-7081-31b7-f15c-f9a174bf4d7f", "gpu_util_percent": 23.0, "gpu_mem_util_percent": 3.0, "gpu_mem_used_mib": 14813.0, "gpu_mem_total_mib": 49140.0, "gpu_power_w": 89.96, "process_present": true, "process_mem_mib": 14324.0, "process_mem_share_percent": 29.149369149369146, "process_util_available": true, "process_util_backend": "nvml", "process_sm_util_percent": 22.0, "process_mem_util_percent": 3.0}
{"timestamp_unix": 1772432146.5962002, "pid": 38017, "device_index": 0, "gpu_uuid": "GPU-6f954bfd-7081-31b7-f15c-f9a174bf4d7f", "gpu_util_percent": 23.0, "gpu_mem_util_percent": 3.0, "gpu_mem_used_mib": 14813.0, "gpu_mem_total_mib": 49140.0, "gpu_power_w": 89.96, "process_present": true, "process_mem_mib": 14324.0, "process_mem_share_percent": 29.149369149369146, "process_util_available": true, "process_util_backend": "nvml", "process_sm_util_percent": 22.0, "process_mem_util_percent": 2.0}
{"timestamp_unix": 1772432146.8868268, "pid": 38017, "device_index": 0, "gpu_uuid": "GPU-6f954bfd-7081-31b7-f15c-f9a174bf4d7f", "gpu_util_percent": 23.0, "gpu_mem_util_percent": 3.0, "gpu_mem_used_mib": 14813.0, "gpu_mem_total_mib": 49140.0, "gpu_power_w": 90.14, "process_present": true, "process_mem_mib": 14324.0, "process_mem_share_percent": 29.149369149369146, "process_util_available": true, "process_util_backend": "nvml", "process_sm_util_percent": 22.0, "process_mem_util_percent": 3.0}
{"timestamp_unix": 1772432147.175884, "pid": 38017, "device_index": 0, "gpu_uuid": "GPU-6f954bfd-7081-31b7-f15c-f9a174bf4d7f", "gpu_util_percent": 30.0, "gpu_mem_util_percent": 3.0, "gpu_mem_used_mib": 14814.0, "gpu_mem_total_mib": 49140.0, "gpu_power_w": 90.43, "process_present": true, "process_mem_mib": 14324.0, "process_mem_share_percent": 29.149369149369146, "process_util_available": true, "process_util_backend": "nvml", "process_sm_util_percent": 24.0, "process_mem_util_percent": 3.0}
{"timestamp_unix": 1772432147.468256, "pid": 38017, "device_index": 0, "gpu_uuid": "GPU-6f954bfd-7081-31b7-f15c-f9a174bf4d7f", "gpu_util_percent": 30.0, "gpu_mem_util_percent": 3.0, "gpu_mem_used_mib": 15154.0, "gpu_mem_total_mib": 49140.0, "gpu_power_w": 90.43, "process_present": true, "process_mem_mib": 14804.0, "process_mem_share_percent": 30.126170126170127, "process_util_available": true, "process_util_backend": "nvml", "process_sm_util_percent": 22.0, "process_mem_util_percent": 3.0}
{"timestamp_unix": 1772432147.7578864, "pid": 38017, "device_index": 0, "gpu_uuid": "GPU-6f954bfd-7081-31b7-f15c-f9a174bf4d7f", "gpu_util_percent": 30.0, "gpu_mem_util_percent": 3.0, "gpu_mem_used_mib": 16174.0, "gpu_mem_total_mib": 49140.0, "gpu_power_w": 90.53, "process_present": true, "process_mem_mib": 15824.0, "process_mem_share_percent": 32.2018722018722, "process_util_available": true, "process_util_backend": "nvml", "process_sm_util_percent": 21.0, "process_mem_util_percent": 3.0}
{"timestamp_unix": 1772432148.048506, "pid": 38017, "device_index": 0, "gpu_uuid": "GPU-6f954bfd-7081-31b7-f15c-f9a174bf4d7f", "gpu_util_percent": 30.0, "gpu_mem_util_percent": 3.0, "gpu_mem_used_mib": 17194.0, "gpu_mem_total_mib": 49140.0, "gpu_power_w": 90.53, "process_present": true, "process_mem_mib": 16864.0, "process_mem_share_percent": 34.31827431827432, "process_util_available": true, "process_util_backend": "nvml", "process_sm_util_percent": 22.0, "process_mem_util_percent": 3.0}
{"timestamp_unix": 1772432148.352675, "pid": 38017, "device_index": 0, "gpu_uuid": "GPU-6f954bfd-7081-31b7-f15c-f9a174bf4d7f", "gpu_util_percent": 26.0, "gpu_mem_util_percent": 3.0, "gpu_mem_used_mib": 17974.0, "gpu_mem_total_mib": 49140.0, "gpu_power_w": 90.38, "process_present": true, "process_mem_mib": 17484.0, "process_mem_share_percent": 35.57997557997558, "process_util_available": true, "process_util_backend": "nvml", "process_sm_util_percent": 12.0, "process_mem_util_percent": 1.0}
{"timestamp_unix": 1772432148.669303, "pid": 38017, "device_index": 0, "gpu_uuid": "GPU-6f954bfd-7081-31b7-f15c-f9a174bf4d7f", "gpu_util_percent": 26.0, "gpu_mem_util_percent": 3.0, "gpu_mem_used_mib": 18034.0, "gpu_mem_total_mib": 49140.0, "gpu_power_w": 87.79, "process_present": true, "process_mem_mib": 17544.0, "process_mem_share_percent": 35.7020757020757, "process_util_available": true, "process_util_backend": "nvml", "process_sm_util_percent": 16.0, "process_mem_util_percent": 1.0}
{"timestamp_unix": 1772432148.9576826, "pid": 38017, "device_index": 0, "gpu_uuid": "GPU-6f954bfd-7081-31b7-f15c-f9a174bf4d7f", "gpu_util_percent": 26.0, "gpu_mem_util_percent": 3.0, "gpu_mem_used_mib": 18034.0, "gpu_mem_total_mib": 49140.0, "gpu_power_w": 87.79, "process_present": true, "process_mem_mib": 17544.0, "process_mem_share_percent": 35.7020757020757, "process_util_available": true, "process_util_backend": "nvml", "process_sm_util_percent": 23.0, "process_mem_util_percent": 2.0}
{"timestamp_unix": 1772432149.2470036, "pid": 38017, "device_index": 0, "gpu_uuid": "GPU-6f954bfd-7081-31b7-f15c-f9a174bf4d7f", "gpu_util_percent": 25.0, "gpu_mem_util_percent": 3.0, "gpu_mem_used_mib": 18034.0, "gpu_mem_total_mib": 49140.0, "gpu_power_w": 88.25, "process_present": true, "process_mem_mib": 17544.0, "process_mem_share_percent": 35.7020757020757, "process_util_available": true, "process_util_backend": "nvml", "process_sm_util_percent": 24.0, "process_mem_util_percent": 2.0}
{"timestamp_unix": 1772432149.54043, "pid": 38017, "device_index": 0, "gpu_uuid": "GPU-6f954bfd-7081-31b7-f15c-f9a174bf4d7f", "gpu_util_percent": 25.0, "gpu_mem_util_percent": 3.0, "gpu_mem_used_mib": 18034.0, "gpu_mem_total_mib": 49140.0, "gpu_power_w": 88.25, "process_present": true, "process_mem_mib": 17544.0, "process_mem_share_percent": 35.7020757020757, "process_util_available": true, "process_util_backend": "nvml", "process_sm_util_percent": 23.0, "process_mem_util_percent": 2.0}
{"timestamp_unix": 1772432149.8292754, "pid": 38017, "device_index": 0, "gpu_uuid": "GPU-6f954bfd-7081-31b7-f15c-f9a174bf4d7f", "gpu_util_percent": 25.0, "gpu_mem_util_percent": 3.0, "gpu_mem_used_mib": 18034.0, "gpu_mem_total_mib": 49140.0, "gpu_power_w": 90.85, "process_present": true, "process_mem_mib": 17544.0, "process_mem_share_percent": 35.7020757020757, "process_util_available": true, "process_util_backend": "nvml", "process_sm_util_percent": 23.0, "process_mem_util_percent": 2.0}
{"timestamp_unix": 1772432150.1196775, "pid": 38017, "device_index": 0, "gpu_uuid": "GPU-6f954bfd-7081-31b7-f15c-f9a174bf4d7f", "gpu_util_percent": 26.0, "gpu_mem_util_percent": 3.0, "gpu_mem_used_mib": 18034.0, "gpu_mem_total_mib": 49140.0, "gpu_power_w": 91.29, "process_present": true, "process_mem_mib": 17544.0, "process_mem_share_percent": 35.7020757020757, "process_util_available": true, "process_util_backend": "nvml", "process_sm_util_percent": 23.0, "process_mem_util_percent": 2.0}
{"timestamp_unix": 1772432150.4082868, "pid": 38017, "device_index": 0, "gpu_uuid": "GPU-6f954bfd-7081-31b7-f15c-f9a174bf4d7f", "gpu_util_percent": 26.0, "gpu_mem_util_percent": 3.0, "gpu_mem_used_mib": 18034.0, "gpu_mem_total_mib": 49140.0, "gpu_power_w": 91.29, "process_present": true, "process_mem_mib": 17544.0, "process_mem_share_percent": 35.7020757020757, "process_util_available": true, "process_util_backend": "nvml", "process_sm_util_percent": 24.0, "process_mem_util_percent": 2.0}
{"timestamp_unix": 1772432150.7132576, "pid": 38017, "device_index": 0, "gpu_uuid": "GPU-6f954bfd-7081-31b7-f15c-f9a174bf4d7f", "gpu_util_percent": 26.0, "gpu_mem_util_percent": 3.0, "gpu_mem_used_mib": 18034.0, "gpu_mem_total_mib": 49140.0, "gpu_power_w": 91.24, "process_present": true, "process_mem_mib": 17544.0, "process_mem_share_percent": 35.7020757020757, "process_util_available": true, "process_util_backend": "nvml", "process_sm_util_percent": 22.0, "process_mem_util_percent": 2.0}
{"timestamp_unix": 1772432151.0188284, "pid": 38017, "device_index": 0, "gpu_uuid": "GPU-6f954bfd-7081-31b7-f15c-f9a174bf4d7f", "gpu_util_percent": 26.0, "gpu_mem_util_percent": 3.0, "gpu_mem_used_mib": 18034.0, "gpu_mem_total_mib": 49140.0, "gpu_power_w": 91.24, "process_present": true, "process_mem_mib": 17544.0, "process_mem_share_percent": 35.7020757020757, "process_util_available": true, "process_util_backend": "nvml", "process_sm_util_percent": 22.0, "process_mem_util_percent": 2.0}
{"timestamp_unix": 1772432151.3182523, "pid": 38017, "device_index": 0, "gpu_uuid": "GPU-6f954bfd-7081-31b7-f15c-f9a174bf4d7f", "gpu_util_percent": 24.0, "gpu_mem_util_percent": 3.0, "gpu_mem_used_mib": 18034.0, "gpu_mem_total_mib": 49140.0, "gpu_power_w": 91.15, "process_present": true, "process_mem_mib": 17544.0, "process_mem_share_percent": 35.7020757020757, "process_util_available": true, "process_util_backend": "nvml", "process_sm_util_percent": 21.0, "process_mem_util_percent": 2.0}
{"timestamp_unix": 1772432151.61996, "pid": 38017, "device_index": 0, "gpu_uuid": "GPU-6f954bfd-7081-31b7-f15c-f9a174bf4d7f", "gpu_util_percent": 24.0, "gpu_mem_util_percent": 3.0, "gpu_mem_used_mib": 18034.0, "gpu_mem_total_mib": 49140.0, "gpu_power_w": 91.15, "process_present": true, "process_mem_mib": 17544.0, "process_mem_share_percent": 35.7020757020757, "process_util_available": true, "process_util_backend": "nvml", "process_sm_util_percent": 21.0, "process_mem_util_percent": 2.0}
{"timestamp_unix": 1772432151.9091396, "pid": 38017, "device_index": 0, "gpu_uuid": "GPU-6f954bfd-7081-31b7-f15c-f9a174bf4d7f", "gpu_util_percent": 24.0, "gpu_mem_util_percent": 3.0, "gpu_mem_used_mib": 18036.0, "gpu_mem_total_mib": 49140.0, "gpu_power_w": 90.84, "process_present": true, "process_mem_mib": 17544.0, "process_mem_share_percent": 35.7020757020757, "process_util_available": true, "process_util_backend": "nvml", "process_sm_util_percent": 21.0, "process_mem_util_percent": 2.0}
{"timestamp_unix": 1772432152.2008204, "pid": 38017, "device_index": 0, "gpu_uuid": "GPU-6f954bfd-7081-31b7-f15c-f9a174bf4d7f", "gpu_util_percent": 22.0, "gpu_mem_util_percent": 3.0, "gpu_mem_used_mib": 18036.0, "gpu_mem_total_mib": 49140.0, "gpu_power_w": 90.87, "process_present": true, "process_mem_mib": 17544.0, "process_mem_share_percent": 35.7020757020757, "process_util_available": true, "process_util_backend": "nvml", "process_sm_util_percent": null, "process_mem_util_percent": null}
{"timestamp_unix": 1772432152.4905684, "pid": 38017, "device_index": 0, "gpu_uuid": "GPU-6f954bfd-7081-31b7-f15c-f9a174bf4d7f", "gpu_util_percent": 22.0, "gpu_mem_util_percent": 3.0, "gpu_mem_used_mib": 18036.0, "gpu_mem_total_mib": 49140.0, "gpu_power_w": 90.87, "process_present": true, "process_mem_mib": 17544.0, "process_mem_share_percent": 35.7020757020757, "process_util_available": true, "process_util_backend": "nvml", "process_sm_util_percent": null, "process_mem_util_percent": null}
{"timestamp_unix": 1772432152.7780652, "pid": 38017, "device_index": 0, "gpu_uuid": "GPU-6f954bfd-7081-31b7-f15c-f9a174bf4d7f", "gpu_util_percent": 22.0, "gpu_mem_util_percent": 3.0, "gpu_mem_used_mib": 18036.0, "gpu_mem_total_mib": 49140.0, "gpu_power_w": 90.79, "process_present": true, "process_mem_mib": 17544.0, "process_mem_share_percent": 35.7020757020757, "process_util_available": true, "process_util_backend": "nvml", "process_sm_util_percent": 10.0, "process_mem_util_percent": 1.0}
{"timestamp_unix": 1772432153.0748954, "pid": 38017, "device_index": 0, "gpu_uuid": "GPU-6f954bfd-7081-31b7-f15c-f9a174bf4d7f", "gpu_util_percent": 22.0, "gpu_mem_util_percent": 3.0, "gpu_mem_used_mib": 18036.0, "gpu_mem_total_mib": 49140.0, "gpu_power_w": 90.79, "process_present": true, "process_mem_mib": 17544.0, "process_mem_share_percent": 35.7020757020757, "process_util_available": true, "process_util_backend": "nvml", "process_sm_util_percent": 21.0, "process_mem_util_percent": 2.0}
{"timestamp_unix": 1772432153.36793, "pid": 38017, "device_index": 0, "gpu_uuid": "GPU-6f954bfd-7081-31b7-f15c-f9a174bf4d7f", "gpu_util_percent": 22.0, "gpu_mem_util_percent": 3.0, "gpu_mem_used_mib": 18036.0, "gpu_mem_total_mib": 49140.0, "gpu_power_w": 90.71, "process_present": true, "process_mem_mib": 17544.0, "process_mem_share_percent": 35.7020757020757, "process_util_available": true, "process_util_backend": "nvml", "process_sm_util_percent": 22.0, "process_mem_util_percent": 2.0}
{"timestamp_unix": 1772432153.6626208, "pid": 38017, "device_index": 0, "gpu_uuid": "GPU-6f954bfd-7081-31b7-f15c-f9a174bf4d7f", "gpu_util_percent": 22.0, "gpu_mem_util_percent": 3.0, "gpu_mem_used_mib": 18036.0, "gpu_mem_total_mib": 49140.0, "gpu_power_w": 90.33, "process_present": true, "process_mem_mib": 17544.0, "process_mem_share_percent": 35.7020757020757, "process_util_available": true, "process_util_backend": "nvml", "process_sm_util_percent": null, "process_mem_util_percent": null}
{"timestamp_unix": 1772432153.9698741, "pid": 38017, "device_index": 0, "gpu_uuid": "GPU-6f954bfd-7081-31b7-f15c-f9a174bf4d7f", "gpu_util_percent": 22.0, "gpu_mem_util_percent": 3.0, "gpu_mem_used_mib": 18035.0, "gpu_mem_total_mib": 49140.0, "gpu_power_w": 90.33, "process_present": true, "process_mem_mib": 17544.0, "process_mem_share_percent": 35.7020757020757, "process_util_available": true, "process_util_backend": "nvml", "process_sm_util_percent": 20.0, "process_mem_util_percent": 2.0}
{"timestamp_unix": 1772432154.2682784, "pid": 38017, "device_index": 0, "gpu_uuid": "GPU-6f954bfd-7081-31b7-f15c-f9a174bf4d7f", "gpu_util_percent": 22.0, "gpu_mem_util_percent": 3.0, "gpu_mem_used_mib": 18035.0, "gpu_mem_total_mib": 49140.0, "gpu_power_w": 89.65, "process_present": true, "process_mem_mib": 17544.0, "process_mem_share_percent": 35.7020757020757, "process_util_available": true, "process_util_backend": "nvml", "process_sm_util_percent": 22.0, "process_mem_util_percent": 3.0}
{"timestamp_unix": 1772432154.5671983, "pid": 38017, "device_index": 0, "gpu_uuid": "GPU-6f954bfd-7081-31b7-f15c-f9a174bf4d7f", "gpu_util_percent": 22.0, "gpu_mem_util_percent": 3.0, "gpu_mem_used_mib": 18035.0, "gpu_mem_total_mib": 49140.0, "gpu_power_w": 89.65, "process_present": true, "process_mem_mib": 17544.0, "process_mem_share_percent": 35.7020757020757, "process_util_available": true, "process_util_backend": "nvml", "process_sm_util_percent": 22.0, "process_mem_util_percent": 3.0}
{"timestamp_unix": 1772432154.8577378, "pid": 38017, "device_index": 0, "gpu_uuid": "GPU-6f954bfd-7081-31b7-f15c-f9a174bf4d7f", "gpu_util_percent": 22.0, "gpu_mem_util_percent": 3.0, "gpu_mem_used_mib": 18035.0, "gpu_mem_total_mib": 49140.0, "gpu_power_w": 89.56, "process_present": true, "process_mem_mib": 17544.0, "process_mem_share_percent": 35.7020757020757, "process_util_available": true, "process_util_backend": "nvml", "process_sm_util_percent": 22.0, "process_mem_util_percent": 3.0}
{"timestamp_unix": 1772432155.1461604, "pid": 38017, "device_index": 0, "gpu_uuid": "GPU-6f954bfd-7081-31b7-f15c-f9a174bf4d7f", "gpu_util_percent": 21.0, "gpu_mem_util_percent": 3.0, "gpu_mem_used_mib": 18035.0, "gpu_mem_total_mib": 49140.0, "gpu_power_w": 90.56, "process_present": true, "process_mem_mib": 17544.0, "process_mem_share_percent": 35.7020757020757, "process_util_available": true, "process_util_backend": "nvml", "process_sm_util_percent": 22.0, "process_mem_util_percent": 3.0}
{"timestamp_unix": 1772432155.436862, "pid": 38017, "device_index": 0, "gpu_uuid": "GPU-6f954bfd-7081-31b7-f15c-f9a174bf4d7f", "gpu_util_percent": 21.0, "gpu_mem_util_percent": 3.0, "gpu_mem_used_mib": 18035.0, "gpu_mem_total_mib": 49140.0, "gpu_power_w": 90.56, "process_present": true, "process_mem_mib": 17544.0, "process_mem_share_percent": 35.7020757020757, "process_util_available": true, "process_util_backend": "nvml", "process_sm_util_percent": 22.0, "process_mem_util_percent": 3.0}
{"timestamp_unix": 1772432155.7277663, "pid": 38017, "device_index": 0, "gpu_uuid": "GPU-6f954bfd-7081-31b7-f15c-f9a174bf4d7f", "gpu_util_percent": 21.0, "gpu_mem_util_percent": 3.0, "gpu_mem_used_mib": 18035.0, "gpu_mem_total_mib": 49140.0, "gpu_power_w": 90.49, "process_present": true, "process_mem_mib": 17544.0, "process_mem_share_percent": 35.7020757020757, "process_util_available": true, "process_util_backend": "nvml", "process_sm_util_percent": 22.0, "process_mem_util_percent": 3.0}
{"timestamp_unix": 1772432156.0252566, "pid": 38017, "device_index": 0, "gpu_uuid": "GPU-6f954bfd-7081-31b7-f15c-f9a174bf4d7f", "gpu_util_percent": 21.0, "gpu_mem_util_percent": 3.0, "gpu_mem_used_mib": 18033.0, "gpu_mem_total_mib": 49140.0, "gpu_power_w": 90.49, "process_present": true, "process_mem_mib": 17544.0, "process_mem_share_percent": 35.7020757020757, "process_util_available": true, "process_util_backend": "nvml", "process_sm_util_percent": 22.0, "process_mem_util_percent": 3.0}
{"timestamp_unix": 1772432156.3199534, "pid": 38017, "device_index": 0, "gpu_uuid": "GPU-6f954bfd-7081-31b7-f15c-f9a174bf4d7f", "gpu_util_percent": 24.0, "gpu_mem_util_percent": 3.0, "gpu_mem_used_mib": 18035.0, "gpu_mem_total_mib": 49140.0, "gpu_power_w": 90.38, "process_present": true, "process_mem_mib": 17544.0, "process_mem_share_percent": 35.7020757020757, "process_util_available": true, "process_util_backend": "nvml", "process_sm_util_percent": 24.0, "process_mem_util_percent": 3.0}
{"timestamp_unix": 1772432156.6235785, "pid": 38017, "device_index": 0, "gpu_uuid": "GPU-6f954bfd-7081-31b7-f15c-f9a174bf4d7f", "gpu_util_percent": 24.0, "gpu_mem_util_percent": 3.0, "gpu_mem_used_mib": 19075.0, "gpu_mem_total_mib": 49140.0, "gpu_power_w": 90.38, "process_present": true, "process_mem_mib": 18784.0, "process_mem_share_percent": 38.22547822547823, "process_util_available": true, "process_util_backend": "nvml", "process_sm_util_percent": 22.0, "process_mem_util_percent": 3.0}
{"timestamp_unix": 1772432156.9298549, "pid": 38017, "device_index": 0, "gpu_uuid": "GPU-6f954bfd-7081-31b7-f15c-f9a174bf4d7f", "gpu_util_percent": 24.0, "gpu_mem_util_percent": 3.0, "gpu_mem_used_mib": 20333.0, "gpu_mem_total_mib": 49140.0, "gpu_power_w": 90.4, "process_present": true, "process_mem_mib": 20024.0, "process_mem_share_percent": 40.74888074888075, "process_util_available": true, "process_util_backend": "nvml", "process_sm_util_percent": 21.0, "process_mem_util_percent": 3.0}
{"timestamp_unix": 1772432157.2372422, "pid": 38017, "device_index": 0, "gpu_uuid": "GPU-6f954bfd-7081-31b7-f15c-f9a174bf4d7f", "gpu_util_percent": 23.0, "gpu_mem_util_percent": 3.0, "gpu_mem_used_mib": 21473.0, "gpu_mem_total_mib": 49140.0, "gpu_power_w": 90.17, "process_present": true, "process_mem_mib": 20984.0, "process_mem_share_percent": 42.702482702482705, "process_util_available": true, "process_util_backend": "nvml", "process_sm_util_percent": 22.0, "process_mem_util_percent": 3.0}
{"timestamp_unix": 1772432157.5272133, "pid": 38017, "device_index": 0, "gpu_uuid": "GPU-6f954bfd-7081-31b7-f15c-f9a174bf4d7f", "gpu_util_percent": 23.0, "gpu_mem_util_percent": 3.0, "gpu_mem_used_mib": 21493.0, "gpu_mem_total_mib": 49140.0, "gpu_power_w": 90.17, "process_present": true, "process_mem_mib": 21004.0, "process_mem_share_percent": 42.74318274318274, "process_util_available": true, "process_util_backend": "nvml", "process_sm_util_percent": null, "process_mem_util_percent": null}
{"timestamp_unix": 1772432157.8202329, "pid": 38017, "device_index": 0, "gpu_uuid": "GPU-6f954bfd-7081-31b7-f15c-f9a174bf4d7f", "gpu_util_percent": 23.0, "gpu_mem_util_percent": 3.0, "gpu_mem_used_mib": 21493.0, "gpu_mem_total_mib": 49140.0, "gpu_power_w": 87.51, "process_present": true, "process_mem_mib": 21004.0, "process_mem_share_percent": 42.74318274318274, "process_util_available": true, "process_util_backend": "nvml", "process_sm_util_percent": 21.0, "process_mem_util_percent": 2.0}
{"timestamp_unix": 1772432158.1107059, "pid": 38017, "device_index": 0, "gpu_uuid": "GPU-6f954bfd-7081-31b7-f15c-f9a174bf4d7f", "gpu_util_percent": 23.0, "gpu_mem_util_percent": 3.0, "gpu_mem_used_mib": 21493.0, "gpu_mem_total_mib": 49140.0, "gpu_power_w": 87.51, "process_present": true, "process_mem_mib": 21004.0, "process_mem_share_percent": 42.74318274318274, "process_util_available": true, "process_util_backend": "nvml", "process_sm_util_percent": 23.0, "process_mem_util_percent": 3.0}
{"timestamp_unix": 1772432158.403917, "pid": 38017, "device_index": 0, "gpu_uuid": "GPU-6f954bfd-7081-31b7-f15c-f9a174bf4d7f", "gpu_util_percent": 22.0, "gpu_mem_util_percent": 3.0, "gpu_mem_used_mib": 21493.0, "gpu_mem_total_mib": 49140.0, "gpu_power_w": 88.32, "process_present": true, "process_mem_mib": 21004.0, "process_mem_share_percent": 42.74318274318274, "process_util_available": true, "process_util_backend": "nvml", "process_sm_util_percent": 24.0, "process_mem_util_percent": 3.0}
{"timestamp_unix": 1772432158.693466, "pid": 38017, "device_index": 0, "gpu_uuid": "GPU-6f954bfd-7081-31b7-f15c-f9a174bf4d7f", "gpu_util_percent": 22.0, "gpu_mem_util_percent": 3.0, "gpu_mem_used_mib": 21493.0, "gpu_mem_total_mib": 49140.0, "gpu_power_w": 91.29, "process_present": true, "process_mem_mib": 21004.0, "process_mem_share_percent": 42.74318274318274, "process_util_available": true, "process_util_backend": "nvml", "process_sm_util_percent": 23.0, "process_mem_util_percent": 3.0}
{"timestamp_unix": 1772432158.9919398, "pid": 38017, "device_index": 0, "gpu_uuid": "GPU-6f954bfd-7081-31b7-f15c-f9a174bf4d7f", "gpu_util_percent": 22.0, "gpu_mem_util_percent": 3.0, "gpu_mem_used_mib": 21493.0, "gpu_mem_total_mib": 49140.0, "gpu_power_w": 91.29, "process_present": true, "process_mem_mib": 21004.0, "process_mem_share_percent": 42.74318274318274, "process_util_available": true, "process_util_backend": "nvml", "process_sm_util_percent": 24.0, "process_mem_util_percent": 3.0}
{"timestamp_unix": 1772432159.2966158, "pid": 38017, "device_index": 0, "gpu_uuid": "GPU-6f954bfd-7081-31b7-f15c-f9a174bf4d7f", "gpu_util_percent": 24.0, "gpu_mem_util_percent": 3.0, "gpu_mem_used_mib": 21495.0, "gpu_mem_total_mib": 49140.0, "gpu_power_w": 91.48, "process_present": true, "process_mem_mib": 21004.0, "process_mem_share_percent": 42.74318274318274, "process_util_available": true, "process_util_backend": "nvml", "process_sm_util_percent": 24.0, "process_mem_util_percent": 3.0}
{"timestamp_unix": 1772432159.615533, "pid": 38017, "device_index": 0, "gpu_uuid": "GPU-6f954bfd-7081-31b7-f15c-f9a174bf4d7f", "gpu_util_percent": 24.0, "gpu_mem_util_percent": 3.0, "gpu_mem_used_mib": 21495.0, "gpu_mem_total_mib": 49140.0, "gpu_power_w": 91.48, "process_present": true, "process_mem_mib": 21004.0, "process_mem_share_percent": 42.74318274318274, "process_util_available": true, "process_util_backend": "nvml", "process_sm_util_percent": 23.0, "process_mem_util_percent": 3.0}
{"timestamp_unix": 1772432159.9196846, "pid": 38017, "device_index": 0, "gpu_uuid": "GPU-6f954bfd-7081-31b7-f15c-f9a174bf4d7f", "gpu_util_percent": 24.0, "gpu_mem_util_percent": 3.0, "gpu_mem_used_mib": 21495.0, "gpu_mem_total_mib": 49140.0, "gpu_power_w": 91.52, "process_present": true, "process_mem_mib": 21004.0, "process_mem_share_percent": 42.74318274318274, "process_util_available": true, "process_util_backend": "nvml", "process_sm_util_percent": 23.0, "process_mem_util_percent": 3.0}
{"timestamp_unix": 1772432160.2104886, "pid": 38017, "device_index": 0, "gpu_uuid": "GPU-6f954bfd-7081-31b7-f15c-f9a174bf4d7f", "gpu_util_percent": 23.0, "gpu_mem_util_percent": 3.0, "gpu_mem_used_mib": 21496.0, "gpu_mem_total_mib": 49140.0, "gpu_power_w": 91.53, "process_present": true, "process_mem_mib": 21004.0, "process_mem_share_percent": 42.74318274318274, "process_util_available": true, "process_util_backend": "nvml", "process_sm_util_percent": 24.0, "process_mem_util_percent": 3.0}
{"timestamp_unix": 1772432160.502711, "pid": 38017, "device_index": 0, "gpu_uuid": "GPU-6f954bfd-7081-31b7-f15c-f9a174bf4d7f", "gpu_util_percent": 23.0, "gpu_mem_util_percent": 3.0, "gpu_mem_used_mib": 21496.0, "gpu_mem_total_mib": 49140.0, "gpu_power_w": 91.53, "process_present": true, "process_mem_mib": 21004.0, "process_mem_share_percent": 42.74318274318274, "process_util_available": true, "process_util_backend": "nvml", "process_sm_util_percent": 23.0, "process_mem_util_percent": 3.0}
{"timestamp_unix": 1772432160.7906542, "pid": 38017, "device_index": 0, "gpu_uuid": "GPU-6f954bfd-7081-31b7-f15c-f9a174bf4d7f", "gpu_util_percent": 23.0, "gpu_mem_util_percent": 3.0, "gpu_mem_used_mib": 21496.0, "gpu_mem_total_mib": 49140.0, "gpu_power_w": 91.48, "process_present": true, "process_mem_mib": 21004.0, "process_mem_share_percent": 42.74318274318274, "process_util_available": true, "process_util_backend": "nvml", "process_sm_util_percent": 23.0, "process_mem_util_percent": 3.0}
{"timestamp_unix": 1772432161.0819263, "pid": 38017, "device_index": 0, "gpu_uuid": "GPU-6f954bfd-7081-31b7-f15c-f9a174bf4d7f", "gpu_util_percent": 23.0, "gpu_mem_util_percent": 3.0, "gpu_mem_used_mib": 21495.0, "gpu_mem_total_mib": 49140.0, "gpu_power_w": 91.48, "process_present": true, "process_mem_mib": 21004.0, "process_mem_share_percent": 42.74318274318274, "process_util_available": true, "process_util_backend": "nvml", "process_sm_util_percent": 23.0, "process_mem_util_percent": 3.0}
{"timestamp_unix": 1772432161.3742974, "pid": 38017, "device_index": 0, "gpu_uuid": "GPU-6f954bfd-7081-31b7-f15c-f9a174bf4d7f", "gpu_util_percent": 23.0, "gpu_mem_util_percent": 3.0, "gpu_mem_used_mib": 21495.0, "gpu_mem_total_mib": 49140.0, "gpu_power_w": 91.47, "process_present": true, "process_mem_mib": 21004.0, "process_mem_share_percent": 42.74318274318274, "process_util_available": true, "process_util_backend": "nvml", "process_sm_util_percent": 24.0, "process_mem_util_percent": 3.0}
{"timestamp_unix": 1772432161.6636858, "pid": 38017, "device_index": 0, "gpu_uuid": "GPU-6f954bfd-7081-31b7-f15c-f9a174bf4d7f", "gpu_util_percent": 23.0, "gpu_mem_util_percent": 3.0, "gpu_mem_used_mib": 21495.0, "gpu_mem_total_mib": 49140.0, "gpu_power_w": 91.48, "process_present": true, "process_mem_mib": 21004.0, "process_mem_share_percent": 42.74318274318274, "process_util_available": true, "process_util_backend": "nvml", "process_sm_util_percent": 23.0, "process_mem_util_percent": 3.0}
{"timestamp_unix": 1772432161.971526, "pid": 38017, "device_index": 0, "gpu_uuid": "GPU-6f954bfd-7081-31b7-f15c-f9a174bf4d7f", "gpu_util_percent": 23.0, "gpu_mem_util_percent": 3.0, "gpu_mem_used_mib": 21495.0, "gpu_mem_total_mib": 49140.0, "gpu_power_w": 91.48, "process_present": true, "process_mem_mib": 21004.0, "process_mem_share_percent": 42.74318274318274, "process_util_available": true, "process_util_backend": "nvml", "process_sm_util_percent": 24.0, "process_mem_util_percent": 3.0}
{"timestamp_unix": 1772432162.270713, "pid": 38017, "device_index": 0, "gpu_uuid": "GPU-6f954bfd-7081-31b7-f15c-f9a174bf4d7f", "gpu_util_percent": 23.0, "gpu_mem_util_percent": 3.0, "gpu_mem_used_mib": 21496.0, "gpu_mem_total_mib": 49140.0, "gpu_power_w": 91.47, "process_present": true, "process_mem_mib": 21004.0, "process_mem_share_percent": 42.74318274318274, "process_util_available": true, "process_util_backend": "nvml", "process_sm_util_percent": 23.0, "process_mem_util_percent": 3.0}
{"timestamp_unix": 1772432162.5800548, "pid": 38017, "device_index": 0, "gpu_uuid": "GPU-6f954bfd-7081-31b7-f15c-f9a174bf4d7f", "gpu_util_percent": 23.0, "gpu_mem_util_percent": 3.0, "gpu_mem_used_mib": 21496.0, "gpu_mem_total_mib": 49140.0, "gpu_power_w": 91.47, "process_present": true, "process_mem_mib": 21004.0, "process_mem_share_percent": 42.74318274318274, "process_util_available": true, "process_util_backend": "nvml", "process_sm_util_percent": 21.0, "process_mem_util_percent": 2.0}
{"timestamp_unix": 1772432162.8706055, "pid": 38017, "device_index": 0, "gpu_uuid": "GPU-6f954bfd-7081-31b7-f15c-f9a174bf4d7f", "gpu_util_percent": 23.0, "gpu_mem_util_percent": 3.0, "gpu_mem_used_mib": 21496.0, "gpu_mem_total_mib": 49140.0, "gpu_power_w": 90.52, "process_present": true, "process_mem_mib": 21004.0, "process_mem_share_percent": 42.74318274318274, "process_util_available": true, "process_util_backend": "nvml", "process_sm_util_percent": 22.0, "process_mem_util_percent": 3.0}
{"timestamp_unix": 1772432163.161027, "pid": 38017, "device_index": 0, "gpu_uuid": "GPU-6f954bfd-7081-31b7-f15c-f9a174bf4d7f", "gpu_util_percent": 28.0, "gpu_mem_util_percent": 3.0, "gpu_mem_used_mib": 21497.0, "gpu_mem_total_mib": 49140.0, "gpu_power_w": 90.35, "process_present": true, "process_mem_mib": 21004.0, "process_mem_share_percent": 42.74318274318274, "process_util_available": true, "process_util_backend": "nvml", "process_sm_util_percent": 24.0, "process_mem_util_percent": 3.0}
{"timestamp_unix": 1772432163.450576, "pid": 38017, "device_index": 0, "gpu_uuid": "GPU-6f954bfd-7081-31b7-f15c-f9a174bf4d7f", "gpu_util_percent": 28.0, "gpu_mem_util_percent": 3.0, "gpu_mem_used_mib": 21497.0, "gpu_mem_total_mib": 49140.0, "gpu_power_w": 90.35, "process_present": true, "process_mem_mib": 21004.0, "process_mem_share_percent": 42.74318274318274, "process_util_available": true, "process_util_backend": "nvml", "process_sm_util_percent": 22.0, "process_mem_util_percent": 3.0}
{"timestamp_unix": 1772432163.7411208, "pid": 38017, "device_index": 0, "gpu_uuid": "GPU-6f954bfd-7081-31b7-f15c-f9a174bf4d7f", "gpu_util_percent": 28.0, "gpu_mem_util_percent": 3.0, "gpu_mem_used_mib": 21497.0, "gpu_mem_total_mib": 49140.0, "gpu_power_w": 90.57, "process_present": true, "process_mem_mib": 21004.0, "process_mem_share_percent": 42.74318274318274, "process_util_available": true, "process_util_backend": "nvml", "process_sm_util_percent": 22.0, "process_mem_util_percent": 3.0}
{"timestamp_unix": 1772432164.0309782, "pid": 38017, "device_index": 0, "gpu_uuid": "GPU-6f954bfd-7081-31b7-f15c-f9a174bf4d7f", "gpu_util_percent": 28.0, "gpu_mem_util_percent": 3.0, "gpu_mem_used_mib": 21497.0, "gpu_mem_total_mib": 49140.0, "gpu_power_w": 90.57, "process_present": true, "process_mem_mib": 21004.0, "process_mem_share_percent": 42.74318274318274, "process_util_available": true, "process_util_backend": "nvml", "process_sm_util_percent": 22.0, "process_mem_util_percent": 3.0}
{"timestamp_unix": 1772432164.3242211, "pid": 38017, "device_index": 0, "gpu_uuid": "GPU-6f954bfd-7081-31b7-f15c-f9a174bf4d7f", "gpu_util_percent": 25.0, "gpu_mem_util_percent": 4.0, "gpu_mem_used_mib": 21497.0, "gpu_mem_total_mib": 49140.0, "gpu_power_w": 91.41, "process_present": true, "process_mem_mib": 21004.0, "process_mem_share_percent": 42.74318274318274, "process_util_available": true, "process_util_backend": "nvml", "process_sm_util_percent": 24.0, "process_mem_util_percent": 3.0}
{"timestamp_unix": 1772432164.6307528, "pid": 38017, "device_index": 0, "gpu_uuid": "GPU-6f954bfd-7081-31b7-f15c-f9a174bf4d7f", "gpu_util_percent": 25.0, "gpu_mem_util_percent": 4.0, "gpu_mem_used_mib": 21497.0, "gpu_mem_total_mib": 49140.0, "gpu_power_w": 91.47, "process_present": true, "process_mem_mib": 21004.0, "process_mem_share_percent": 42.74318274318274, "process_util_available": true, "process_util_backend": "nvml", "process_sm_util_percent": 22.0, "process_mem_util_percent": 3.0}
{"timestamp_unix": 1772432164.9368796, "pid": 38017, "device_index": 0, "gpu_uuid": "GPU-6f954bfd-7081-31b7-f15c-f9a174bf4d7f", "gpu_util_percent": 25.0, "gpu_mem_util_percent": 4.0, "gpu_mem_used_mib": 21497.0, "gpu_mem_total_mib": 49140.0, "gpu_power_w": 91.47, "process_present": true, "process_mem_mib": 21004.0, "process_mem_share_percent": 42.74318274318274, "process_util_available": true, "process_util_backend": "nvml", "process_sm_util_percent": 22.0, "process_mem_util_percent": 3.0}
{"timestamp_unix": 1772432165.2368536, "pid": 38017, "device_index": 0, "gpu_uuid": "GPU-6f954bfd-7081-31b7-f15c-f9a174bf4d7f", "gpu_util_percent": 24.0, "gpu_mem_util_percent": 4.0, "gpu_mem_used_mib": 22077.0, "gpu_mem_total_mib": 49140.0, "gpu_power_w": 91.61, "process_present": true, "process_mem_mib": 21784.0, "process_mem_share_percent": 44.33048433048433, "process_util_available": true, "process_util_backend": "nvml", "process_sm_util_percent": 23.0, "process_mem_util_percent": 3.0}
{"timestamp_unix": 1772432165.5353782, "pid": 38017, "device_index": 0, "gpu_uuid": "GPU-6f954bfd-7081-31b7-f15c-f9a174bf4d7f", "gpu_util_percent": 24.0, "gpu_mem_util_percent": 4.0, "gpu_mem_used_mib": 23720.0, "gpu_mem_total_mib": 49140.0, "gpu_power_w": 91.61, "process_present": true, "process_mem_mib": 23424.0, "process_mem_share_percent": 47.66788766788767, "process_util_available": true, "process_util_backend": "nvml", "process_sm_util_percent": 21.0, "process_mem_util_percent": 3.0}
{"timestamp_unix": 1772432165.8263254, "pid": 38017, "device_index": 0, "gpu_uuid": "GPU-6f954bfd-7081-31b7-f15c-f9a174bf4d7f", "gpu_util_percent": 24.0, "gpu_mem_util_percent": 4.0, "gpu_mem_used_mib": 25320.0, "gpu_mem_total_mib": 49140.0, "gpu_power_w": 91.2, "process_present": true, "process_mem_mib": 25024.0, "process_mem_share_percent": 50.92389092389092, "process_util_available": true, "process_util_backend": "nvml", "process_sm_util_percent": 22.0, "process_mem_util_percent": 3.0}
{"timestamp_unix": 1772432166.120615, "pid": 38017, "device_index": 0, "gpu_uuid": "GPU-6f954bfd-7081-31b7-f15c-f9a174bf4d7f", "gpu_util_percent": 22.0, "gpu_mem_util_percent": 3.0, "gpu_mem_used_mib": 26600.0, "gpu_mem_total_mib": 49140.0, "gpu_power_w": 90.62, "process_present": true, "process_mem_mib": 26104.0, "process_mem_share_percent": 53.12169312169313, "process_util_available": true, "process_util_backend": "nvml", "process_sm_util_percent": 22.0, "process_mem_util_percent": 3.0}
{"timestamp_unix": 1772432166.4105363, "pid": 38017, "device_index": 0, "gpu_uuid": "GPU-6f954bfd-7081-31b7-f15c-f9a174bf4d7f", "gpu_util_percent": 22.0, "gpu_mem_util_percent": 3.0, "gpu_mem_used_mib": 26620.0, "gpu_mem_total_mib": 49140.0, "gpu_power_w": 90.62, "process_present": true, "process_mem_mib": 26124.0, "process_mem_share_percent": 53.162393162393165, "process_util_available": true, "process_util_backend": "nvml", "process_sm_util_percent": 8.0, "process_mem_util_percent": 0.0}
{"timestamp_unix": 1772432166.7026494, "pid": 38017, "device_index": 0, "gpu_uuid": "GPU-6f954bfd-7081-31b7-f15c-f9a174bf4d7f", "gpu_util_percent": 22.0, "gpu_mem_util_percent": 3.0, "gpu_mem_used_mib": 26619.0, "gpu_mem_total_mib": 49140.0, "gpu_power_w": 88.26, "process_present": true, "process_mem_mib": 26124.0, "process_mem_share_percent": 53.162393162393165, "process_util_available": true, "process_util_backend": "nvml", "process_sm_util_percent": 24.0, "process_mem_util_percent": 3.0}
{"timestamp_unix": 1772432166.9920142, "pid": 38017, "device_index": 0, "gpu_uuid": "GPU-6f954bfd-7081-31b7-f15c-f9a174bf4d7f", "gpu_util_percent": 22.0, "gpu_mem_util_percent": 3.0, "gpu_mem_used_mib": 26619.0, "gpu_mem_total_mib": 49140.0, "gpu_power_w": 88.26, "process_present": true, "process_mem_mib": 26124.0, "process_mem_share_percent": 53.162393162393165, "process_util_available": true, "process_util_backend": "nvml", "process_sm_util_percent": 24.0, "process_mem_util_percent": 3.0}
{"timestamp_unix": 1772432167.2850182, "pid": 38017, "device_index": 0, "gpu_uuid": "GPU-6f954bfd-7081-31b7-f15c-f9a174bf4d7f", "gpu_util_percent": 25.0, "gpu_mem_util_percent": 4.0, "gpu_mem_used_mib": 26619.0, "gpu_mem_total_mib": 49140.0, "gpu_power_w": 88.97, "process_present": true, "process_mem_mib": 26124.0, "process_mem_share_percent": 53.162393162393165, "process_util_available": true, "process_util_backend": "nvml", "process_sm_util_percent": null, "process_mem_util_percent": null}
{"timestamp_unix": 1772432167.58603, "pid": 38017, "device_index": 0, "gpu_uuid": "GPU-6f954bfd-7081-31b7-f15c-f9a174bf4d7f", "gpu_util_percent": 25.0, "gpu_mem_util_percent": 4.0, "gpu_mem_used_mib": 26619.0, "gpu_mem_total_mib": 49140.0, "gpu_power_w": 88.97, "process_present": true, "process_mem_mib": 26124.0, "process_mem_share_percent": 53.162393162393165, "process_util_available": true, "process_util_backend": "nvml", "process_sm_util_percent": null, "process_mem_util_percent": null}
{"timestamp_unix": 1772432167.883585, "pid": 38017, "device_index": 0, "gpu_uuid": "GPU-6f954bfd-7081-31b7-f15c-f9a174bf4d7f", "gpu_util_percent": 25.0, "gpu_mem_util_percent": 4.0, "gpu_mem_used_mib": 26619.0, "gpu_mem_total_mib": 49140.0, "gpu_power_w": 92.0, "process_present": true, "process_mem_mib": 26124.0, "process_mem_share_percent": 53.162393162393165, "process_util_available": true, "process_util_backend": "nvml", "process_sm_util_percent": null, "process_mem_util_percent": null}
{"timestamp_unix": 1772432168.186204, "pid": 38017, "device_index": 0, "gpu_uuid": "GPU-6f954bfd-7081-31b7-f15c-f9a174bf4d7f", "gpu_util_percent": 23.0, "gpu_mem_util_percent": 3.0, "gpu_mem_used_mib": 26618.0, "gpu_mem_total_mib": 49140.0, "gpu_power_w": 91.9, "process_present": true, "process_mem_mib": 26124.0, "process_mem_share_percent": 53.162393162393165, "process_util_available": true, "process_util_backend": "nvml", "process_sm_util_percent": 12.0, "process_mem_util_percent": 1.0}
{"timestamp_unix": 1772432168.4850204, "pid": 38017, "device_index": 0, "gpu_uuid": "GPU-6f954bfd-7081-31b7-f15c-f9a174bf4d7f", "gpu_util_percent": 23.0, "gpu_mem_util_percent": 3.0, "gpu_mem_used_mib": 26618.0, "gpu_mem_total_mib": 49140.0, "gpu_power_w": 91.9, "process_present": true, "process_mem_mib": 26124.0, "process_mem_share_percent": 53.162393162393165, "process_util_available": true, "process_util_backend": "nvml", "process_sm_util_percent": 23.0, "process_mem_util_percent": 3.0}
{"timestamp_unix": 1772432168.7744932, "pid": 38017, "device_index": 0, "gpu_uuid": "GPU-6f954bfd-7081-31b7-f15c-f9a174bf4d7f", "gpu_util_percent": 23.0, "gpu_mem_util_percent": 3.0, "gpu_mem_used_mib": 26618.0, "gpu_mem_total_mib": 49140.0, "gpu_power_w": 91.79, "process_present": true, "process_mem_mib": 26124.0, "process_mem_share_percent": 53.162393162393165, "process_util_available": true, "process_util_backend": "nvml", "process_sm_util_percent": 24.0, "process_mem_util_percent": 3.0}
{"timestamp_unix": 1772432169.0688138, "pid": 38017, "device_index": 0, "gpu_uuid": "GPU-6f954bfd-7081-31b7-f15c-f9a174bf4d7f", "gpu_util_percent": 23.0, "gpu_mem_util_percent": 3.0, "gpu_mem_used_mib": 26614.0, "gpu_mem_total_mib": 49140.0, "gpu_power_w": 91.79, "process_present": true, "process_mem_mib": 26124.0, "process_mem_share_percent": 53.162393162393165, "process_util_available": true, "process_util_backend": "nvml", "process_sm_util_percent": 23.0, "process_mem_util_percent": 3.0}
{"timestamp_unix": 1772432169.3576138, "pid": 38017, "device_index": 0, "gpu_uuid": "GPU-6f954bfd-7081-31b7-f15c-f9a174bf4d7f", "gpu_util_percent": 24.0, "gpu_mem_util_percent": 3.0, "gpu_mem_used_mib": 26613.0, "gpu_mem_total_mib": 49140.0, "gpu_power_w": 91.76, "process_present": true, "process_mem_mib": 26124.0, "process_mem_share_percent": 53.162393162393165, "process_util_available": true, "process_util_backend": "nvml", "process_sm_util_percent": 24.0, "process_mem_util_percent": 3.0}
{"timestamp_unix": 1772432169.6473246, "pid": 38017, "device_index": 0, "gpu_uuid": "GPU-6f954bfd-7081-31b7-f15c-f9a174bf4d7f", "gpu_util_percent": 24.0, "gpu_mem_util_percent": 3.0, "gpu_mem_used_mib": 26613.0, "gpu_mem_total_mib": 49140.0, "gpu_power_w": 91.64, "process_present": true, "process_mem_mib": 26124.0, "process_mem_share_percent": 53.162393162393165, "process_util_available": true, "process_util_backend": "nvml", "process_sm_util_percent": 24.0, "process_mem_util_percent": 3.0}
{"timestamp_unix": 1772432169.940998, "pid": 38017, "device_index": 0, "gpu_uuid": "GPU-6f954bfd-7081-31b7-f15c-f9a174bf4d7f", "gpu_util_percent": 24.0, "gpu_mem_util_percent": 3.0, "gpu_mem_used_mib": 26613.0, "gpu_mem_total_mib": 49140.0, "gpu_power_w": 91.64, "process_present": true, "process_mem_mib": 26124.0, "process_mem_share_percent": 53.162393162393165, "process_util_available": true, "process_util_backend": "nvml", "process_sm_util_percent": 24.0, "process_mem_util_percent": 3.0}
{"timestamp_unix": 1772432170.2302139, "pid": 38017, "device_index": 0, "gpu_uuid": "GPU-6f954bfd-7081-31b7-f15c-f9a174bf4d7f", "gpu_util_percent": 24.0, "gpu_mem_util_percent": 3.0, "gpu_mem_used_mib": 26612.0, "gpu_mem_total_mib": 49140.0, "gpu_power_w": 91.58, "process_present": true, "process_mem_mib": 26124.0, "process_mem_share_percent": 53.162393162393165, "process_util_available": true, "process_util_backend": "nvml", "process_sm_util_percent": 25.0, "process_mem_util_percent": 3.0}
{"timestamp_unix": 1772432170.5366497, "pid": 38017, "device_index": 0, "gpu_uuid": "GPU-6f954bfd-7081-31b7-f15c-f9a174bf4d7f", "gpu_util_percent": 24.0, "gpu_mem_util_percent": 3.0, "gpu_mem_used_mib": 26611.0, "gpu_mem_total_mib": 49140.0, "gpu_power_w": 91.58, "process_present": true, "process_mem_mib": 26124.0, "process_mem_share_percent": 53.162393162393165, "process_util_available": true, "process_util_backend": "nvml", "process_sm_util_percent": 26.0, "process_mem_util_percent": 3.0}
{"timestamp_unix": 1772432170.8368695, "pid": 38017, "device_index": 0, "gpu_uuid": "GPU-6f954bfd-7081-31b7-f15c-f9a174bf4d7f", "gpu_util_percent": 24.0, "gpu_mem_util_percent": 3.0, "gpu_mem_used_mib": 26611.0, "gpu_mem_total_mib": 49140.0, "gpu_power_w": 91.57, "process_present": true, "process_mem_mib": 26124.0, "process_mem_share_percent": 53.162393162393165, "process_util_available": true, "process_util_backend": "nvml", "process_sm_util_percent": 25.0, "process_mem_util_percent": 3.0}
{"timestamp_unix": 1772432171.145409, "pid": 38017, "device_index": 0, "gpu_uuid": "GPU-6f954bfd-7081-31b7-f15c-f9a174bf4d7f", "gpu_util_percent": 25.0, "gpu_mem_util_percent": 3.0, "gpu_mem_used_mib": 26611.0, "gpu_mem_total_mib": 49140.0, "gpu_power_w": 91.48, "process_present": true, "process_mem_mib": 26124.0, "process_mem_share_percent": 53.162393162393165, "process_util_available": true, "process_util_backend": "nvml", "process_sm_util_percent": 13.0, "process_mem_util_percent": 1.0}
{"timestamp_unix": 1772432171.4405677, "pid": 38017, "device_index": 0, "gpu_uuid": "GPU-6f954bfd-7081-31b7-f15c-f9a174bf4d7f", "gpu_util_percent": 25.0, "gpu_mem_util_percent": 3.0, "gpu_mem_used_mib": 26611.0, "gpu_mem_total_mib": 49140.0, "gpu_power_w": 91.48, "process_present": true, "process_mem_mib": 26124.0, "process_mem_share_percent": 53.162393162393165, "process_util_available": true, "process_util_backend": "nvml", "process_sm_util_percent": null, "process_mem_util_percent": null}
{"timestamp_unix": 1772432171.7279615, "pid": 38017, "device_index": 0, "gpu_uuid": "GPU-6f954bfd-7081-31b7-f15c-f9a174bf4d7f", "gpu_util_percent": 25.0, "gpu_mem_util_percent": 3.0, "gpu_mem_used_mib": 26611.0, "gpu_mem_total_mib": 49140.0, "gpu_power_w": 89.8, "process_present": true, "process_mem_mib": 26124.0, "process_mem_share_percent": 53.162393162393165, "process_util_available": true, "process_util_backend": "nvml", "process_sm_util_percent": null, "process_mem_util_percent": null}
{"timestamp_unix": 1772432172.0201442, "pid": 38017, "device_index": 0, "gpu_uuid": "GPU-6f954bfd-7081-31b7-f15c-f9a174bf4d7f", "gpu_util_percent": 25.0, "gpu_mem_util_percent": 3.0, "gpu_mem_used_mib": 26611.0, "gpu_mem_total_mib": 49140.0, "gpu_power_w": 89.8, "process_present": true, "process_mem_mib": 26124.0, "process_mem_share_percent": 53.162393162393165, "process_util_available": true, "process_util_backend": "nvml", "process_sm_util_percent": 12.0, "process_mem_util_percent": 1.0}
{"timestamp_unix": 1772432172.3130176, "pid": 38017, "device_index": 0, "gpu_uuid": "GPU-6f954bfd-7081-31b7-f15c-f9a174bf4d7f", "gpu_util_percent": 25.0, "gpu_mem_util_percent": 4.0, "gpu_mem_used_mib": 26611.0, "gpu_mem_total_mib": 49140.0, "gpu_power_w": 89.61, "process_present": true, "process_mem_mib": 26124.0, "process_mem_share_percent": 53.162393162393165, "process_util_available": true, "process_util_backend": "nvml", "process_sm_util_percent": null, "process_mem_util_percent": null}
{"timestamp_unix": 1772432172.6072056, "pid": 38017, "device_index": 0, "gpu_uuid": "GPU-6f954bfd-7081-31b7-f15c-f9a174bf4d7f", "gpu_util_percent": 25.0, "gpu_mem_util_percent": 4.0, "gpu_mem_used_mib": 26611.0, "gpu_mem_total_mib": 49140.0, "gpu_power_w": 89.61, "process_present": true, "process_mem_mib": 26124.0, "process_mem_share_percent": 53.162393162393165, "process_util_available": true, "process_util_backend": "nvml", "process_sm_util_percent": 24.0, "process_mem_util_percent": 3.0}
{"timestamp_unix": 1772432172.8964915, "pid": 38017, "device_index": 0, "gpu_uuid": "GPU-6f954bfd-7081-31b7-f15c-f9a174bf4d7f", "gpu_util_percent": 25.0, "gpu_mem_util_percent": 4.0, "gpu_mem_used_mib": 26611.0, "gpu_mem_total_mib": 49140.0, "gpu_power_w": 91.08, "process_present": true, "process_mem_mib": 26124.0, "process_mem_share_percent": 53.162393162393165, "process_util_available": true, "process_util_backend": "nvml", "process_sm_util_percent": null, "process_mem_util_percent": null}
{"timestamp_unix": 1772432173.2027335, "pid": 38017, "device_index": 0, "gpu_uuid": "GPU-6f954bfd-7081-31b7-f15c-f9a174bf4d7f", "gpu_util_percent": 22.0, "gpu_mem_util_percent": 4.0, "gpu_mem_used_mib": 26610.0, "gpu_mem_total_mib": 49140.0, "gpu_power_w": 91.65, "process_present": true, "process_mem_mib": 26124.0, "process_mem_share_percent": 53.162393162393165, "process_util_available": true, "process_util_backend": "nvml", "process_sm_util_percent": 12.0, "process_mem_util_percent": 1.0}
{"timestamp_unix": 1772432173.501546, "pid": 38017, "device_index": 0, "gpu_uuid": "GPU-6f954bfd-7081-31b7-f15c-f9a174bf4d7f", "gpu_util_percent": 22.0, "gpu_mem_util_percent": 4.0, "gpu_mem_used_mib": 26610.0, "gpu_mem_total_mib": 49140.0, "gpu_power_w": 91.65, "process_present": true, "process_mem_mib": 26124.0, "process_mem_share_percent": 53.162393162393165, "process_util_available": true, "process_util_backend": "nvml", "process_sm_util_percent": 22.0, "process_mem_util_percent": 3.0}
{"timestamp_unix": 1772432173.8014996, "pid": 38017, "device_index": 0, "gpu_uuid": "GPU-6f954bfd-7081-31b7-f15c-f9a174bf4d7f", "gpu_util_percent": 22.0, "gpu_mem_util_percent": 4.0, "gpu_mem_used_mib": 26610.0, "gpu_mem_total_mib": 49140.0, "gpu_power_w": 91.82, "process_present": true, "process_mem_mib": 26124.0, "process_mem_share_percent": 53.162393162393165, "process_util_available": true, "process_util_backend": "nvml", "process_sm_util_percent": 21.0, "process_mem_util_percent": 4.0}
{"timestamp_unix": 1772432174.097915, "pid": 38017, "device_index": 0, "gpu_uuid": "GPU-6f954bfd-7081-31b7-f15c-f9a174bf4d7f", "gpu_util_percent": 22.0, "gpu_mem_util_percent": 4.0, "gpu_mem_used_mib": 26610.0, "gpu_mem_total_mib": 49140.0, "gpu_power_w": 91.82, "process_present": true, "process_mem_mib": 26124.0, "process_mem_share_percent": 53.162393162393165, "process_util_available": true, "process_util_backend": "nvml", "process_sm_util_percent": 21.0, "process_mem_util_percent": 4.0}
{"timestamp_unix": 1772432174.390377, "pid": 38017, "device_index": 0, "gpu_uuid": "GPU-6f954bfd-7081-31b7-f15c-f9a174bf4d7f", "gpu_util_percent": 22.0, "gpu_mem_util_percent": 4.0, "gpu_mem_used_mib": 26610.0, "gpu_mem_total_mib": 49140.0, "gpu_power_w": 92.12, "process_present": true, "process_mem_mib": 26164.0, "process_mem_share_percent": 53.24379324379325, "process_util_available": true, "process_util_backend": "nvml", "process_sm_util_percent": 23.0, "process_mem_util_percent": 4.0}
{"timestamp_unix": 1772432174.681479, "pid": 38017, "device_index": 0, "gpu_uuid": "GPU-6f954bfd-7081-31b7-f15c-f9a174bf4d7f", "gpu_util_percent": 22.0, "gpu_mem_util_percent": 4.0, "gpu_mem_used_mib": 28570.0, "gpu_mem_total_mib": 49140.0, "gpu_power_w": 91.91, "process_present": true, "process_mem_mib": 28404.0, "process_mem_share_percent": 57.802197802197796, "process_util_available": true, "process_util_backend": "nvml", "process_sm_util_percent": 21.0, "process_mem_util_percent": 3.0}
{"timestamp_unix": 1772432174.9748597, "pid": 38017, "device_index": 0, "gpu_uuid": "GPU-6f954bfd-7081-31b7-f15c-f9a174bf4d7f", "gpu_util_percent": 22.0, "gpu_mem_util_percent": 4.0, "gpu_mem_used_mib": 30250.0, "gpu_mem_total_mib": 49140.0, "gpu_power_w": 91.91, "process_present": true, "process_mem_mib": 29764.0, "process_mem_share_percent": 60.56980056980057, "process_util_available": true, "process_util_backend": "nvml", "process_sm_util_percent": 11.0, "process_mem_util_percent": 1.0}
{"timestamp_unix": 1772432175.2698438, "pid": 38017, "device_index": 0, "gpu_uuid": "GPU-6f954bfd-7081-31b7-f15c-f9a174bf4d7f", "gpu_util_percent": 13.0, "gpu_mem_util_percent": 1.0, "gpu_mem_used_mib": 30269.0, "gpu_mem_total_mib": 49140.0, "gpu_power_w": 89.19, "process_present": true, "process_mem_mib": 29784.0, "process_mem_share_percent": 60.61050061050061, "process_util_available": true, "process_util_backend": "nvml", "process_sm_util_percent": 13.0, "process_mem_util_percent": 1.0}
{"timestamp_unix": 1772432175.561184, "pid": 38017, "device_index": 0, "gpu_uuid": "GPU-6f954bfd-7081-31b7-f15c-f9a174bf4d7f", "gpu_util_percent": 13.0, "gpu_mem_util_percent": 1.0, "gpu_mem_used_mib": 30269.0, "gpu_mem_total_mib": 49140.0, "gpu_power_w": 89.19, "process_present": true, "process_mem_mib": 29784.0, "process_mem_share_percent": 60.61050061050061, "process_util_available": true, "process_util_backend": "nvml", "process_sm_util_percent": 25.0, "process_mem_util_percent": 3.0}
{"timestamp_unix": 1772432175.8661094, "pid": 38017, "device_index": 0, "gpu_uuid": "GPU-6f954bfd-7081-31b7-f15c-f9a174bf4d7f", "gpu_util_percent": 13.0, "gpu_mem_util_percent": 1.0, "gpu_mem_used_mib": 30269.0, "gpu_mem_total_mib": 49140.0, "gpu_power_w": 88.01, "process_present": true, "process_mem_mib": 29784.0, "process_mem_share_percent": 60.61050061050061, "process_util_available": true, "process_util_backend": "nvml", "process_sm_util_percent": 26.0, "process_mem_util_percent": 3.0}
{"timestamp_unix": 1772432176.1692379, "pid": 38017, "device_index": 0, "gpu_uuid": "GPU-6f954bfd-7081-31b7-f15c-f9a174bf4d7f", "gpu_util_percent": 26.0, "gpu_mem_util_percent": 4.0, "gpu_mem_used_mib": 30269.0, "gpu_mem_total_mib": 49140.0, "gpu_power_w": 89.73, "process_present": true, "process_mem_mib": 29784.0, "process_mem_share_percent": 60.61050061050061, "process_util_available": true, "process_util_backend": "nvml", "process_sm_util_percent": 26.0, "process_mem_util_percent": 3.0}
{"timestamp_unix": 1772432176.469132, "pid": 38017, "device_index": 0, "gpu_uuid": "GPU-6f954bfd-7081-31b7-f15c-f9a174bf4d7f", "gpu_util_percent": 26.0, "gpu_mem_util_percent": 4.0, "gpu_mem_used_mib": 30269.0, "gpu_mem_total_mib": 49140.0, "gpu_power_w": 89.73, "process_present": true, "process_mem_mib": 29784.0, "process_mem_share_percent": 60.61050061050061, "process_util_available": true, "process_util_backend": "nvml", "process_sm_util_percent": 26.0, "process_mem_util_percent": 3.0}
{"timestamp_unix": 1772432176.7602391, "pid": 38017, "device_index": 0, "gpu_uuid": "GPU-6f954bfd-7081-31b7-f15c-f9a174bf4d7f", "gpu_util_percent": 26.0, "gpu_mem_util_percent": 4.0, "gpu_mem_used_mib": 30269.0, "gpu_mem_total_mib": 49140.0, "gpu_power_w": 92.24, "process_present": true, "process_mem_mib": 29784.0, "process_mem_share_percent": 60.61050061050061, "process_util_available": true, "process_util_backend": "nvml", "process_sm_util_percent": 26.0, "process_mem_util_percent": 3.0}
{"timestamp_unix": 1772432177.053307, "pid": 38017, "device_index": 0, "gpu_uuid": "GPU-6f954bfd-7081-31b7-f15c-f9a174bf4d7f", "gpu_util_percent": 26.0, "gpu_mem_util_percent": 4.0, "gpu_mem_used_mib": 30269.0, "gpu_mem_total_mib": 49140.0, "gpu_power_w": 92.24, "process_present": true, "process_mem_mib": 29784.0, "process_mem_share_percent": 60.61050061050061, "process_util_available": true, "process_util_backend": "nvml", "process_sm_util_percent": 26.0, "process_mem_util_percent": 3.0}
{"timestamp_unix": 1772432177.344316, "pid": 38017, "device_index": 0, "gpu_uuid": "GPU-6f954bfd-7081-31b7-f15c-f9a174bf4d7f", "gpu_util_percent": 28.0, "gpu_mem_util_percent": 4.0, "gpu_mem_used_mib": 30271.0, "gpu_mem_total_mib": 49140.0, "gpu_power_w": 92.21, "process_present": true, "process_mem_mib": 29784.0, "process_mem_share_percent": 60.61050061050061, "process_util_available": true, "process_util_backend": "nvml", "process_sm_util_percent": 27.0, "process_mem_util_percent": 3.0}
{"timestamp_unix": 1772432177.642167, "pid": 38017, "device_index": 0, "gpu_uuid": "GPU-6f954bfd-7081-31b7-f15c-f9a174bf4d7f", "gpu_util_percent": 28.0, "gpu_mem_util_percent": 4.0, "gpu_mem_used_mib": 30271.0, "gpu_mem_total_mib": 49140.0, "gpu_power_w": 92.36, "process_present": true, "process_mem_mib": 29784.0, "process_mem_share_percent": 60.61050061050061, "process_util_available": true, "process_util_backend": "nvml", "process_sm_util_percent": 26.0, "process_mem_util_percent": 3.0}
{"timestamp_unix": 1772432177.9332702, "pid": 38017, "device_index": 0, "gpu_uuid": "GPU-6f954bfd-7081-31b7-f15c-f9a174bf4d7f", "gpu_util_percent": 28.0, "gpu_mem_util_percent": 4.0, "gpu_mem_used_mib": 30271.0, "gpu_mem_total_mib": 49140.0, "gpu_power_w": 92.36, "process_present": true, "process_mem_mib": 29784.0, "process_mem_share_percent": 60.61050061050061, "process_util_available": true, "process_util_backend": "nvml", "process_sm_util_percent": 26.0, "process_mem_util_percent": 3.0}
{"timestamp_unix": 1772432178.224513, "pid": 38017, "device_index": 0, "gpu_uuid": "GPU-6f954bfd-7081-31b7-f15c-f9a174bf4d7f", "gpu_util_percent": 29.0, "gpu_mem_util_percent": 4.0, "gpu_mem_used_mib": 30271.0, "gpu_mem_total_mib": 49140.0, "gpu_power_w": 92.49, "process_present": true, "process_mem_mib": 29784.0, "process_mem_share_percent": 60.61050061050061, "process_util_available": true, "process_util_backend": "nvml", "process_sm_util_percent": 27.0, "process_mem_util_percent": 3.0}
{"timestamp_unix": 1772432178.531715, "pid": 38017, "device_index": 0, "gpu_uuid": "GPU-6f954bfd-7081-31b7-f15c-f9a174bf4d7f", "gpu_util_percent": 29.0, "gpu_mem_util_percent": 4.0, "gpu_mem_used_mib": 30271.0, "gpu_mem_total_mib": 49140.0, "gpu_power_w": 92.49, "process_present": true, "process_mem_mib": 29784.0, "process_mem_share_percent": 60.61050061050061, "process_util_available": true, "process_util_backend": "nvml", "process_sm_util_percent": 26.0, "process_mem_util_percent": 3.0}
{"timestamp_unix": 1772432178.8364604, "pid": 38017, "device_index": 0, "gpu_uuid": "GPU-6f954bfd-7081-31b7-f15c-f9a174bf4d7f", "gpu_util_percent": 29.0, "gpu_mem_util_percent": 4.0, "gpu_mem_used_mib": 30271.0, "gpu_mem_total_mib": 49140.0, "gpu_power_w": 92.58, "process_present": true, "process_mem_mib": 29784.0, "process_mem_share_percent": 60.61050061050061, "process_util_available": true, "process_util_backend": "nvml", "process_sm_util_percent": 26.0, "process_mem_util_percent": 3.0}
{"timestamp_unix": 1772432179.1348112, "pid": 38017, "device_index": 0, "gpu_uuid": "GPU-6f954bfd-7081-31b7-f15c-f9a174bf4d7f", "gpu_util_percent": 29.0, "gpu_mem_util_percent": 4.0, "gpu_mem_used_mib": 30271.0, "gpu_mem_total_mib": 49140.0, "gpu_power_w": 92.65, "process_present": true, "process_mem_mib": 29784.0, "process_mem_share_percent": 60.61050061050061, "process_util_available": true, "process_util_backend": "nvml", "process_sm_util_percent": 25.0, "process_mem_util_percent": 3.0}
{"timestamp_unix": 1772432179.4250414, "pid": 38017, "device_index": 0, "gpu_uuid": "GPU-6f954bfd-7081-31b7-f15c-f9a174bf4d7f", "gpu_util_percent": 29.0, "gpu_mem_util_percent": 4.0, "gpu_mem_used_mib": 30271.0, "gpu_mem_total_mib": 49140.0, "gpu_power_w": 92.65, "process_present": true, "process_mem_mib": 29784.0, "process_mem_share_percent": 60.61050061050061, "process_util_available": true, "process_util_backend": "nvml", "process_sm_util_percent": 27.0, "process_mem_util_percent": 3.0}
{"timestamp_unix": 1772432179.717292, "pid": 38017, "device_index": 0, "gpu_uuid": "GPU-6f954bfd-7081-31b7-f15c-f9a174bf4d7f", "gpu_util_percent": 29.0, "gpu_mem_util_percent": 4.0, "gpu_mem_used_mib": 30271.0, "gpu_mem_total_mib": 49140.0, "gpu_power_w": 92.54, "process_present": true, "process_mem_mib": 29784.0, "process_mem_share_percent": 60.61050061050061, "process_util_available": true, "process_util_backend": "nvml", "process_sm_util_percent": 25.0, "process_mem_util_percent": 3.0}
{"timestamp_unix": 1772432180.007603, "pid": 38017, "device_index": 0, "gpu_uuid": "GPU-6f954bfd-7081-31b7-f15c-f9a174bf4d7f", "gpu_util_percent": 29.0, "gpu_mem_util_percent": 4.0, "gpu_mem_used_mib": 30271.0, "gpu_mem_total_mib": 49140.0, "gpu_power_w": 92.54, "process_present": true, "process_mem_mib": 29784.0, "process_mem_share_percent": 60.61050061050061, "process_util_available": true, "process_util_backend": "nvml", "process_sm_util_percent": 26.0, "process_mem_util_percent": 3.0}
{"timestamp_unix": 1772432180.301746, "pid": 38017, "device_index": 0, "gpu_uuid": "GPU-6f954bfd-7081-31b7-f15c-f9a174bf4d7f", "gpu_util_percent": 30.0, "gpu_mem_util_percent": 4.0, "gpu_mem_used_mib": 30266.0, "gpu_mem_total_mib": 49140.0, "gpu_power_w": 92.41, "process_present": true, "process_mem_mib": 29784.0, "process_mem_share_percent": 60.61050061050061, "process_util_available": true, "process_util_backend": "nvml", "process_sm_util_percent": 27.0, "process_mem_util_percent": 3.0}
{"timestamp_unix": 1772432180.5924277, "pid": 38017, "device_index": 0, "gpu_uuid": "GPU-6f954bfd-7081-31b7-f15c-f9a174bf4d7f", "gpu_util_percent": 30.0, "gpu_mem_util_percent": 4.0, "gpu_mem_used_mib": 30266.0, "gpu_mem_total_mib": 49140.0, "gpu_power_w": 92.41, "process_present": true, "process_mem_mib": 29784.0, "process_mem_share_percent": 60.61050061050061, "process_util_available": true, "process_util_backend": "nvml", "process_sm_util_percent": 11.0, "process_mem_util_percent": 1.0}
{"timestamp_unix": 1772432180.8861082, "pid": 38017, "device_index": 0, "gpu_uuid": "GPU-6f954bfd-7081-31b7-f15c-f9a174bf4d7f", "gpu_util_percent": 30.0, "gpu_mem_util_percent": 4.0, "gpu_mem_used_mib": 30266.0, "gpu_mem_total_mib": 49140.0, "gpu_power_w": 90.94, "process_present": true, "process_mem_mib": 29784.0, "process_mem_share_percent": 60.61050061050061, "process_util_available": true, "process_util_backend": "nvml", "process_sm_util_percent": 24.0, "process_mem_util_percent": 3.0}
{"timestamp_unix": 1772432181.1863205, "pid": 38017, "device_index": 0, "gpu_uuid": "GPU-6f954bfd-7081-31b7-f15c-f9a174bf4d7f", "gpu_util_percent": 27.0, "gpu_mem_util_percent": 4.0, "gpu_mem_used_mib": 30266.0, "gpu_mem_total_mib": 49140.0, "gpu_power_w": 90.93, "process_present": true, "process_mem_mib": 29784.0, "process_mem_share_percent": 60.61050061050061, "process_util_available": true, "process_util_backend": "nvml", "process_sm_util_percent": 25.0, "process_mem_util_percent": 3.0}
{"timestamp_unix": 1772432181.4853506, "pid": 38017, "device_index": 0, "gpu_uuid": "GPU-6f954bfd-7081-31b7-f15c-f9a174bf4d7f", "gpu_util_percent": 27.0, "gpu_mem_util_percent": 4.0, "gpu_mem_used_mib": 30266.0, "gpu_mem_total_mib": 49140.0, "gpu_power_w": 90.93, "process_present": true, "process_mem_mib": 29784.0, "process_mem_share_percent": 60.61050061050061, "process_util_available": true, "process_util_backend": "nvml", "process_sm_util_percent": 25.0, "process_mem_util_percent": 4.0}
{"timestamp_unix": 1772432181.783745, "pid": 38017, "device_index": 0, "gpu_uuid": "GPU-6f954bfd-7081-31b7-f15c-f9a174bf4d7f", "gpu_util_percent": 27.0, "gpu_mem_util_percent": 4.0, "gpu_mem_used_mib": 30266.0, "gpu_mem_total_mib": 49140.0, "gpu_power_w": 92.3, "process_present": true, "process_mem_mib": 29784.0, "process_mem_share_percent": 60.61050061050061, "process_util_available": true, "process_util_backend": "nvml", "process_sm_util_percent": 24.0, "process_mem_util_percent": 4.0}
{"timestamp_unix": 1772432182.075333, "pid": 38017, "device_index": 0, "gpu_uuid": "GPU-6f954bfd-7081-31b7-f15c-f9a174bf4d7f", "gpu_util_percent": 27.0, "gpu_mem_util_percent": 4.0, "gpu_mem_used_mib": 30266.0, "gpu_mem_total_mib": 49140.0, "gpu_power_w": 92.3, "process_present": true, "process_mem_mib": 29784.0, "process_mem_share_percent": 60.61050061050061, "process_util_available": true, "process_util_backend": "nvml", "process_sm_util_percent": 24.0, "process_mem_util_percent": 4.0}
{"timestamp_unix": 1772432182.3701231, "pid": 38017, "device_index": 0, "gpu_uuid": "GPU-6f954bfd-7081-31b7-f15c-f9a174bf4d7f", "gpu_util_percent": 27.0, "gpu_mem_util_percent": 4.0, "gpu_mem_used_mib": 30266.0, "gpu_mem_total_mib": 49140.0, "gpu_power_w": 92.8, "process_present": true, "process_mem_mib": 29784.0, "process_mem_share_percent": 60.61050061050061, "process_util_available": true, "process_util_backend": "nvml", "process_sm_util_percent": 25.0, "process_mem_util_percent": 4.0}
{"timestamp_unix": 1772432182.66216, "pid": 38017, "device_index": 0, "gpu_uuid": "GPU-6f954bfd-7081-31b7-f15c-f9a174bf4d7f", "gpu_util_percent": 27.0, "gpu_mem_util_percent": 4.0, "gpu_mem_used_mib": 30266.0, "gpu_mem_total_mib": 49140.0, "gpu_power_w": 92.91, "process_present": true, "process_mem_mib": 29784.0, "process_mem_share_percent": 60.61050061050061, "process_util_available": true, "process_util_backend": "nvml", "process_sm_util_percent": 24.0, "process_mem_util_percent": 4.0}
{"timestamp_unix": 1772432182.9555392, "pid": 38017, "device_index": 0, "gpu_uuid": "GPU-6f954bfd-7081-31b7-f15c-f9a174bf4d7f", "gpu_util_percent": 27.0, "gpu_mem_util_percent": 4.0, "gpu_mem_used_mib": 30266.0, "gpu_mem_total_mib": 49140.0, "gpu_power_w": 92.91, "process_present": true, "process_mem_mib": 29784.0, "process_mem_share_percent": 60.61050061050061, "process_util_available": true, "process_util_backend": "nvml", "process_sm_util_percent": 12.0, "process_mem_util_percent": 2.0}
{"timestamp_unix": 1772432183.2470806, "pid": 38017, "device_index": 0, "gpu_uuid": "GPU-6f954bfd-7081-31b7-f15c-f9a174bf4d7f", "gpu_util_percent": 28.0, "gpu_mem_util_percent": 5.0, "gpu_mem_used_mib": 31408.0, "gpu_mem_total_mib": 49140.0, "gpu_power_w": 93.04, "process_present": true, "process_mem_mib": 31244.0, "process_mem_share_percent": 63.58160358160359, "process_util_available": true, "process_util_backend": "nvml", "process_sm_util_percent": null, "process_mem_util_percent": null}
{"timestamp_unix": 1772432183.541824, "pid": 38017, "device_index": 0, "gpu_uuid": "GPU-6f954bfd-7081-31b7-f15c-f9a174bf4d7f", "gpu_util_percent": 28.0, "gpu_mem_util_percent": 5.0, "gpu_mem_used_mib": 33508.0, "gpu_mem_total_mib": 49140.0, "gpu_power_w": 93.04, "process_present": true, "process_mem_mib": 33364.0, "process_mem_share_percent": 67.89580789580789, "process_util_available": true, "process_util_backend": "nvml", "process_sm_util_percent": null, "process_mem_util_percent": null}
{"timestamp_unix": 1772432183.8480468, "pid": 38017, "device_index": 0, "gpu_uuid": "GPU-6f954bfd-7081-31b7-f15c-f9a174bf4d7f", "gpu_util_percent": 28.0, "gpu_mem_util_percent": 5.0, "gpu_mem_used_mib": 35748.0, "gpu_mem_total_mib": 49140.0, "gpu_power_w": 92.13, "process_present": true, "process_mem_mib": 35604.0, "process_mem_share_percent": 72.45421245421245, "process_util_available": true, "process_util_backend": "nvml", "process_sm_util_percent": 24.0, "process_mem_util_percent": 3.0}
{"timestamp_unix": 1772432184.162539, "pid": 38017, "device_index": 0, "gpu_uuid": "GPU-6f954bfd-7081-31b7-f15c-f9a174bf4d7f", "gpu_util_percent": 16.0, "gpu_mem_util_percent": 1.0, "gpu_mem_used_mib": 36828.0, "gpu_mem_total_mib": 49140.0, "gpu_power_w": 90.55, "process_present": true, "process_mem_mib": 36344.0, "process_mem_share_percent": 73.96011396011396, "process_util_available": true, "process_util_backend": "nvml", "process_sm_util_percent": 12.0, "process_mem_util_percent": 1.0}
{"timestamp_unix": 1772432184.4694765, "pid": 38017, "device_index": 0, "gpu_uuid": "GPU-6f954bfd-7081-31b7-f15c-f9a174bf4d7f", "gpu_util_percent": 16.0, "gpu_mem_util_percent": 1.0, "gpu_mem_used_mib": 36852.0, "gpu_mem_total_mib": 49140.0, "gpu_power_w": 90.55, "process_present": true, "process_mem_mib": 36364.0, "process_mem_share_percent": 74.000814000814, "process_util_available": true, "process_util_backend": "nvml", "process_sm_util_percent": 19.0, "process_mem_util_percent": 2.0}
{"timestamp_unix": 1772432184.7678118, "pid": 38017, "device_index": 0, "gpu_uuid": "GPU-6f954bfd-7081-31b7-f15c-f9a174bf4d7f", "gpu_util_percent": 16.0, "gpu_mem_util_percent": 1.0, "gpu_mem_used_mib": 36852.0, "gpu_mem_total_mib": 49140.0, "gpu_power_w": 88.68, "process_present": true, "process_mem_mib": 36364.0, "process_mem_share_percent": 74.000814000814, "process_util_available": true, "process_util_backend": "nvml", "process_sm_util_percent": 26.0, "process_mem_util_percent": 3.0}
{"timestamp_unix": 1772432185.064346, "pid": 38017, "device_index": 0, "gpu_uuid": "GPU-6f954bfd-7081-31b7-f15c-f9a174bf4d7f", "gpu_util_percent": 16.0, "gpu_mem_util_percent": 1.0, "gpu_mem_used_mib": 36852.0, "gpu_mem_total_mib": 49140.0, "gpu_power_w": 88.68, "process_present": true, "process_mem_mib": 36364.0, "process_mem_share_percent": 74.000814000814, "process_util_available": true, "process_util_backend": "nvml", "process_sm_util_percent": 26.0, "process_mem_util_percent": 3.0}
{"timestamp_unix": 1772432185.357933, "pid": 38017, "device_index": 0, "gpu_uuid": "GPU-6f954bfd-7081-31b7-f15c-f9a174bf4d7f", "gpu_util_percent": 28.0, "gpu_mem_util_percent": 4.0, "gpu_mem_used_mib": 36852.0, "gpu_mem_total_mib": 49140.0, "gpu_power_w": 89.66, "process_present": true, "process_mem_mib": 36364.0, "process_mem_share_percent": 74.000814000814, "process_util_available": true, "process_util_backend": "nvml", "process_sm_util_percent": 27.0, "process_mem_util_percent": 3.0}
{"timestamp_unix": 1772432185.6570563, "pid": 38017, "device_index": 0, "gpu_uuid": "GPU-6f954bfd-7081-31b7-f15c-f9a174bf4d7f", "gpu_util_percent": 28.0, "gpu_mem_util_percent": 4.0, "gpu_mem_used_mib": 36852.0, "gpu_mem_total_mib": 49140.0, "gpu_power_w": 93.03, "process_present": true, "process_mem_mib": 36364.0, "process_mem_share_percent": 74.000814000814, "process_util_available": true, "process_util_backend": "nvml", "process_sm_util_percent": 26.0, "process_mem_util_percent": 3.0}
{"timestamp_unix": 1772432185.9571857, "pid": 38017, "device_index": 0, "gpu_uuid": "GPU-6f954bfd-7081-31b7-f15c-f9a174bf4d7f", "gpu_util_percent": 28.0, "gpu_mem_util_percent": 4.0, "gpu_mem_used_mib": 36851.0, "gpu_mem_total_mib": 49140.0, "gpu_power_w": 93.03, "process_present": true, "process_mem_mib": 36364.0, "process_mem_share_percent": 74.000814000814, "process_util_available": true, "process_util_backend": "nvml", "process_sm_util_percent": 26.0, "process_mem_util_percent": 3.0}
{"timestamp_unix": 1772432186.2493355, "pid": 38017, "device_index": 0, "gpu_uuid": "GPU-6f954bfd-7081-31b7-f15c-f9a174bf4d7f", "gpu_util_percent": 26.0, "gpu_mem_util_percent": 3.0, "gpu_mem_used_mib": 36851.0, "gpu_mem_total_mib": 49140.0, "gpu_power_w": 93.11, "process_present": true, "process_mem_mib": 36364.0, "process_mem_share_percent": 74.000814000814, "process_util_available": true, "process_util_backend": "nvml", "process_sm_util_percent": 26.0, "process_mem_util_percent": 3.0}
{"timestamp_unix": 1772432186.5404987, "pid": 38017, "device_index": 0, "gpu_uuid": "GPU-6f954bfd-7081-31b7-f15c-f9a174bf4d7f", "gpu_util_percent": 26.0, "gpu_mem_util_percent": 3.0, "gpu_mem_used_mib": 36851.0, "gpu_mem_total_mib": 49140.0, "gpu_power_w": 93.11, "process_present": true, "process_mem_mib": 36364.0, "process_mem_share_percent": 74.000814000814, "process_util_available": true, "process_util_backend": "nvml", "process_sm_util_percent": 26.0, "process_mem_util_percent": 3.0}
{"timestamp_unix": 1772432186.8468437, "pid": 38017, "device_index": 0, "gpu_uuid": "GPU-6f954bfd-7081-31b7-f15c-f9a174bf4d7f", "gpu_util_percent": 26.0, "gpu_mem_util_percent": 3.0, "gpu_mem_used_mib": 36851.0, "gpu_mem_total_mib": 49140.0, "gpu_power_w": 93.39, "process_present": true, "process_mem_mib": 36364.0, "process_mem_share_percent": 74.000814000814, "process_util_available": true, "process_util_backend": "nvml", "process_sm_util_percent": 26.0, "process_mem_util_percent": 3.0}
{"timestamp_unix": 1772432187.1649337, "pid": 38017, "device_index": 0, "gpu_uuid": "GPU-6f954bfd-7081-31b7-f15c-f9a174bf4d7f", "gpu_util_percent": 27.0, "gpu_mem_util_percent": 4.0, "gpu_mem_used_mib": 36851.0, "gpu_mem_total_mib": 49140.0, "gpu_power_w": 93.83, "process_present": true, "process_mem_mib": 36364.0, "process_mem_share_percent": 74.000814000814, "process_util_available": true, "process_util_backend": "nvml", "process_sm_util_percent": 26.0, "process_mem_util_percent": 3.0}
{"timestamp_unix": 1772432187.4670608, "pid": 38017, "device_index": 0, "gpu_uuid": "GPU-6f954bfd-7081-31b7-f15c-f9a174bf4d7f", "gpu_util_percent": 27.0, "gpu_mem_util_percent": 4.0, "gpu_mem_used_mib": 36851.0, "gpu_mem_total_mib": 49140.0, "gpu_power_w": 93.83, "process_present": true, "process_mem_mib": 36364.0, "process_mem_share_percent": 74.000814000814, "process_util_available": true, "process_util_backend": "nvml", "process_sm_util_percent": 26.0, "process_mem_util_percent": 3.0}
{"timestamp_unix": 1772432187.758033, "pid": 38017, "device_index": 0, "gpu_uuid": "GPU-6f954bfd-7081-31b7-f15c-f9a174bf4d7f", "gpu_util_percent": 27.0, "gpu_mem_util_percent": 4.0, "gpu_mem_used_mib": 36851.0, "gpu_mem_total_mib": 49140.0, "gpu_power_w": 93.81, "process_present": true, "process_mem_mib": 36364.0, "process_mem_share_percent": 74.000814000814, "process_util_available": true, "process_util_backend": "nvml", "process_sm_util_percent": 25.0, "process_mem_util_percent": 3.0}
{"timestamp_unix": 1772432188.051361, "pid": 38017, "device_index": 0, "gpu_uuid": "GPU-6f954bfd-7081-31b7-f15c-f9a174bf4d7f", "gpu_util_percent": 27.0, "gpu_mem_util_percent": 4.0, "gpu_mem_used_mib": 36851.0, "gpu_mem_total_mib": 49140.0, "gpu_power_w": 93.81, "process_present": true, "process_mem_mib": 36364.0, "process_mem_share_percent": 74.000814000814, "process_util_available": true, "process_util_backend": "nvml", "process_sm_util_percent": 25.0, "process_mem_util_percent": 3.0}
{"timestamp_unix": 1772432188.342579, "pid": 38017, "device_index": 0, "gpu_uuid": "GPU-6f954bfd-7081-31b7-f15c-f9a174bf4d7f", "gpu_util_percent": 25.0, "gpu_mem_util_percent": 3.0, "gpu_mem_used_mib": 36849.0, "gpu_mem_total_mib": 49140.0, "gpu_power_w": 93.74, "process_present": true, "process_mem_mib": 36364.0, "process_mem_share_percent": 74.000814000814, "process_util_available": true, "process_util_backend": "nvml", "process_sm_util_percent": 25.0, "process_mem_util_percent": 3.0}
{"timestamp_unix": 1772432188.640622, "pid": 38017, "device_index": 0, "gpu_uuid": "GPU-6f954bfd-7081-31b7-f15c-f9a174bf4d7f", "gpu_util_percent": 25.0, "gpu_mem_util_percent": 3.0, "gpu_mem_used_mib": 36849.0, "gpu_mem_total_mib": 49140.0, "gpu_power_w": 93.51, "process_present": true, "process_mem_mib": 36364.0, "process_mem_share_percent": 74.000814000814, "process_util_available": true, "process_util_backend": "nvml", "process_sm_util_percent": 25.0, "process_mem_util_percent": 3.0}
{"timestamp_unix": 1772432188.9305673, "pid": 38017, "device_index": 0, "gpu_uuid": "GPU-6f954bfd-7081-31b7-f15c-f9a174bf4d7f", "gpu_util_percent": 25.0, "gpu_mem_util_percent": 3.0, "gpu_mem_used_mib": 36849.0, "gpu_mem_total_mib": 49140.0, "gpu_power_w": 93.51, "process_present": true, "process_mem_mib": 36364.0, "process_mem_share_percent": 74.000814000814, "process_util_available": true, "process_util_backend": "nvml", "process_sm_util_percent": 25.0, "process_mem_util_percent": 3.0}
{"timestamp_unix": 1772432189.22488, "pid": 38017, "device_index": 0, "gpu_uuid": "GPU-6f954bfd-7081-31b7-f15c-f9a174bf4d7f", "gpu_util_percent": 27.0, "gpu_mem_util_percent": 4.0, "gpu_mem_used_mib": 36846.0, "gpu_mem_total_mib": 49140.0, "gpu_power_w": 93.47, "process_present": true, "process_mem_mib": 36364.0, "process_mem_share_percent": 74.000814000814, "process_util_available": true, "process_util_backend": "nvml", "process_sm_util_percent": 25.0, "process_mem_util_percent": 3.0}
{"timestamp_unix": 1772432189.5292418, "pid": 38017, "device_index": 0, "gpu_uuid": "GPU-6f954bfd-7081-31b7-f15c-f9a174bf4d7f", "gpu_util_percent": 27.0, "gpu_mem_util_percent": 4.0, "gpu_mem_used_mib": 36846.0, "gpu_mem_total_mib": 49140.0, "gpu_power_w": 93.47, "process_present": true, "process_mem_mib": 36364.0, "process_mem_share_percent": 74.000814000814, "process_util_available": true, "process_util_backend": "nvml", "process_sm_util_percent": 24.0, "process_mem_util_percent": 3.0}
{"timestamp_unix": 1772432189.8336418, "pid": 38017, "device_index": 0, "gpu_uuid": "GPU-6f954bfd-7081-31b7-f15c-f9a174bf4d7f", "gpu_util_percent": 27.0, "gpu_mem_util_percent": 4.0, "gpu_mem_used_mib": 36846.0, "gpu_mem_total_mib": 49140.0, "gpu_power_w": 92.33, "process_present": true, "process_mem_mib": 36364.0, "process_mem_share_percent": 74.000814000814, "process_util_available": true, "process_util_backend": "nvml", "process_sm_util_percent": null, "process_mem_util_percent": null}
