{"timestamp_unix": 1772435704.3268065, "pid": 69812, "device_index": 0, "gpu_uuid": "GPU-6f954bfd-7081-31b7-f15c-f9a174bf4d7f", "gpu_util_percent": 54.0, "gpu_mem_util_percent": 16.0, "gpu_mem_used_mib": 1009.0, "gpu_mem_total_mib": 49140.0, "gpu_power_w": 43.35, "process_present": true, "process_mem_mib": 500.0, "process_mem_share_percent": 1.0175010175010175, "process_util_available": true, "process_util_backend": "nvml", "process_sm_util_percent": 1.0, "process_mem_util_percent": 0.0}
{"timestamp_unix": 1772435704.7076101, "pid": 69812, "device_index": 0, "gpu_uuid": "GPU-6f954bfd-7081-31b7-f15c-f9a174bf4d7f", "gpu_util_percent": 15.0, "gpu_mem_util_percent": 1.0, "gpu_mem_used_mib": 1009.0, "gpu_mem_total_mib": 49140.0, "gpu_power_w": 61.0, "process_present": true, "process_mem_mib": 500.0, "process_mem_share_percent": 1.0175010175010175, "process_util_available": true, "process_util_backend": "nvml", "process_sm_util_percent": null, "process_mem_util_percent": null}
{"timestamp_unix": 1772435705.0391932, "pid": 69812, "device_index": 0, "gpu_uuid": "GPU-6f954bfd-7081-31b7-f15c-f9a174bf4d7f", "gpu_util_percent": 15.0, "gpu_mem_util_percent": 1.0, "gpu_mem_used_mib": 1009.0, "gpu_mem_total_mib": 49140.0, "gpu_power_w": 61.0, "process_present": true, "process_mem_mib": 500.0, "process_mem_share_percent": 1.0175010175010175, "process_util_available": true, "process_util_backend": "nvml", "process_sm_util_percent": null, "process_mem_util_percent": null}
{"timestamp_unix": 1772435705.3639836, "pid": 69812, "device_index": 0, "gpu_uuid": "GPU-6f954bfd-7081-31b7-f15c-f9a174bf4d7f", "gpu_util_percent": 15.0, "gpu_mem_util_percent": 1.0, "gpu_mem_used_mib": 1009.0, "gpu_mem_total_mib": 49140.0, "gpu_power_w": 79.02, "process_present": true, "process_mem_mib": 500.0, "process_mem_share_percent": 1.0175010175010175, "process_util_available": true, "process_util_backend": "nvml", "process_sm_util_percent": null, "process_mem_util_percent": null}
{"timestamp_unix": 1772435705.6548462, "pid": 69812, "device_index": 0, "gpu_uuid": "GPU-6f954bfd-7081-31b7-f15c-f9a174bf4d7f", "gpu_util_percent": 18.0, "gpu_mem_util_percent": 1.0, "gpu_mem_used_mib": 1113.0, "gpu_mem_total_mib": 49140.0, "gpu_power_w": 83.23, "process_present": true, "process_mem_mib": 604.0, "process_mem_share_percent": 1.2291412291412291, "process_util_available": true, "process_util_backend": "nvml", "process_sm_util_percent": null, "process_mem_util_percent": null}
{"timestamp_unix": 1772435705.945462, "pid": 69812, "device_index": 0, "gpu_uuid": "GPU-6f954bfd-7081-31b7-f15c-f9a174bf4d7f", "gpu_util_percent": 18.0, "gpu_mem_util_percent": 1.0, "gpu_mem_used_mib": 1145.0, "gpu_mem_total_mib": 49140.0, "gpu_power_w": 83.23, "process_present": true, "process_mem_mib": 666.0, "process_mem_share_percent": 1.3553113553113554, "process_util_available": true, "process_util_backend": "nvml", "process_sm_util_percent": null, "process_mem_util_percent": null}
{"timestamp_unix": 1772435706.2314239, "pid": 69812, "device_index": 0, "gpu_uuid": "GPU-6f954bfd-7081-31b7-f15c-f9a174bf4d7f", "gpu_util_percent": 18.0, "gpu_mem_util_percent": 1.0, "gpu_mem_used_mib": 1404.0, "gpu_mem_total_mib": 49140.0, "gpu_power_w": 84.03, "process_present": true, "process_mem_mib": 944.0, "process_mem_share_percent": 1.921041921041921, "process_util_available": true, "process_util_backend": "nvml", "process_sm_util_percent": 20.0, "process_mem_util_percent": 1.0}
{"timestamp_unix": 1772435706.5258002, "pid": 69812, "device_index": 0, "gpu_uuid": "GPU-6f954bfd-7081-31b7-f15c-f9a174bf4d7f", "gpu_util_percent": 18.0, "gpu_mem_util_percent": 1.0, "gpu_mem_used_mib": 1776.0, "gpu_mem_total_mib": 49140.0, "gpu_power_w": 84.03, "process_present": true, "process_mem_mib": 1324.0, "process_mem_share_percent": 2.6943426943426942, "process_util_available": true, "process_util_backend": "nvml", "process_sm_util_percent": 24.0, "process_mem_util_percent": 2.0}
{"timestamp_unix": 1772435706.814525, "pid": 69812, "device_index": 0, "gpu_uuid": "GPU-6f954bfd-7081-31b7-f15c-f9a174bf4d7f", "gpu_util_percent": 24.0, "gpu_mem_util_percent": 2.0, "gpu_mem_used_mib": 2172.0, "gpu_mem_total_mib": 49140.0, "gpu_power_w": 87.1, "process_present": true, "process_mem_mib": 1700.0, "process_mem_share_percent": 3.4595034595034595, "process_util_available": true, "process_util_backend": "nvml", "process_sm_util_percent": 24.0, "process_mem_util_percent": 2.0}
{"timestamp_unix": 1772435707.1028101, "pid": 69812, "device_index": 0, "gpu_uuid": "GPU-6f954bfd-7081-31b7-f15c-f9a174bf4d7f", "gpu_util_percent": 24.0, "gpu_mem_util_percent": 2.0, "gpu_mem_used_mib": 2558.0, "gpu_mem_total_mib": 49140.0, "gpu_power_w": 87.1, "process_present": true, "process_mem_mib": 2110.0, "process_mem_share_percent": 4.293854293854294, "process_util_available": true, "process_util_backend": "nvml", "process_sm_util_percent": 23.0, "process_mem_util_percent": 2.0}
{"timestamp_unix": 1772435707.4112618, "pid": 69812, "device_index": 0, "gpu_uuid": "GPU-6f954bfd-7081-31b7-f15c-f9a174bf4d7f", "gpu_util_percent": 24.0, "gpu_mem_util_percent": 2.0, "gpu_mem_used_mib": 2970.0, "gpu_mem_total_mib": 49140.0, "gpu_power_w": 89.77, "process_present": true, "process_mem_mib": 2526.0, "process_mem_share_percent": 5.14041514041514, "process_util_available": true, "process_util_backend": "nvml", "process_sm_util_percent": 21.0, "process_mem_util_percent": 2.0}
{"timestamp_unix": 1772435707.7125149, "pid": 69812, "device_index": 0, "gpu_uuid": "GPU-6f954bfd-7081-31b7-f15c-f9a174bf4d7f", "gpu_util_percent": 24.0, "gpu_mem_util_percent": 2.0, "gpu_mem_used_mib": 3420.0, "gpu_mem_total_mib": 49140.0, "gpu_power_w": 89.85, "process_present": true, "process_mem_mib": 2976.0, "process_mem_share_percent": 6.056166056166056, "process_util_available": true, "process_util_backend": "nvml", "process_sm_util_percent": 22.0, "process_mem_util_percent": 2.0}
{"timestamp_unix": 1772435708.0116637, "pid": 69812, "device_index": 0, "gpu_uuid": "GPU-6f954bfd-7081-31b7-f15c-f9a174bf4d7f", "gpu_util_percent": 24.0, "gpu_mem_util_percent": 2.0, "gpu_mem_used_mib": 3866.0, "gpu_mem_total_mib": 49140.0, "gpu_power_w": 89.85, "process_present": true, "process_mem_mib": 3428.0, "process_mem_share_percent": 6.975986975986976, "process_util_available": true, "process_util_backend": "nvml", "process_sm_util_percent": 21.0, "process_mem_util_percent": 2.0}
{"timestamp_unix": 1772435708.2996325, "pid": 69812, "device_index": 0, "gpu_uuid": "GPU-6f954bfd-7081-31b7-f15c-f9a174bf4d7f", "gpu_util_percent": 24.0, "gpu_mem_util_percent": 2.0, "gpu_mem_used_mib": 4343.0, "gpu_mem_total_mib": 49140.0, "gpu_power_w": 89.76, "process_present": true, "process_mem_mib": 3902.0, "process_mem_share_percent": 7.94057794057794, "process_util_available": true, "process_util_backend": "nvml", "process_sm_util_percent": 22.0, "process_mem_util_percent": 2.0}
{"timestamp_unix": 1772435708.5887127, "pid": 69812, "device_index": 0, "gpu_uuid": "GPU-6f954bfd-7081-31b7-f15c-f9a174bf4d7f", "gpu_util_percent": 24.0, "gpu_mem_util_percent": 2.0, "gpu_mem_used_mib": 4807.0, "gpu_mem_total_mib": 49140.0, "gpu_power_w": 89.76, "process_present": true, "process_mem_mib": 4372.0, "process_mem_share_percent": 8.897028897028896, "process_util_available": true, "process_util_backend": "nvml", "process_sm_util_percent": 22.0, "process_mem_util_percent": 2.0}
{"timestamp_unix": 1772435708.8883998, "pid": 69812, "device_index": 0, "gpu_uuid": "GPU-6f954bfd-7081-31b7-f15c-f9a174bf4d7f", "gpu_util_percent": 24.0, "gpu_mem_util_percent": 2.0, "gpu_mem_used_mib": 5307.0, "gpu_mem_total_mib": 49140.0, "gpu_power_w": 89.97, "process_present": true, "process_mem_mib": 4856.0, "process_mem_share_percent": 9.881969881969882, "process_util_available": true, "process_util_backend": "nvml", "process_sm_util_percent": 22.0, "process_mem_util_percent": 2.0}
{"timestamp_unix": 1772435709.179616, "pid": 69812, "device_index": 0, "gpu_uuid": "GPU-6f954bfd-7081-31b7-f15c-f9a174bf4d7f", "gpu_util_percent": 24.0, "gpu_mem_util_percent": 2.0, "gpu_mem_used_mib": 5833.0, "gpu_mem_total_mib": 49140.0, "gpu_power_w": 89.99, "process_present": true, "process_mem_mib": 5400.0, "process_mem_share_percent": 10.989010989010989, "process_util_available": true, "process_util_backend": "nvml", "process_sm_util_percent": 21.0, "process_mem_util_percent": 2.0}
{"timestamp_unix": 1772435709.4683867, "pid": 69812, "device_index": 0, "gpu_uuid": "GPU-6f954bfd-7081-31b7-f15c-f9a174bf4d7f", "gpu_util_percent": 24.0, "gpu_mem_util_percent": 2.0, "gpu_mem_used_mib": 6357.0, "gpu_mem_total_mib": 49140.0, "gpu_power_w": 89.99, "process_present": true, "process_mem_mib": 5906.0, "process_mem_share_percent": 12.018722018722018, "process_util_available": true, "process_util_backend": "nvml", "process_sm_util_percent": 11.0, "process_mem_util_percent": 1.0}
{"timestamp_unix": 1772435709.7553682, "pid": 69812, "device_index": 0, "gpu_uuid": "GPU-6f954bfd-7081-31b7-f15c-f9a174bf4d7f", "gpu_util_percent": 22.0, "gpu_mem_util_percent": 2.0, "gpu_mem_used_mib": 6875.0, "gpu_mem_total_mib": 49140.0, "gpu_power_w": 90.01, "process_present": true, "process_mem_mib": 6444.0, "process_mem_share_percent": 13.113553113553115, "process_util_available": true, "process_util_backend": "nvml", "process_sm_util_percent": 22.0, "process_mem_util_percent": 2.0}
{"timestamp_unix": 1772435710.059765, "pid": 69812, "device_index": 0, "gpu_uuid": "GPU-6f954bfd-7081-31b7-f15c-f9a174bf4d7f", "gpu_util_percent": 22.0, "gpu_mem_util_percent": 2.0, "gpu_mem_used_mib": 7123.0, "gpu_mem_total_mib": 49140.0, "gpu_power_w": 90.01, "process_present": true, "process_mem_mib": 6694.0, "process_mem_share_percent": 13.622303622303622, "process_util_available": true, "process_util_backend": "nvml", "process_sm_util_percent": 19.0, "process_mem_util_percent": 1.0}
{"timestamp_unix": 1772435710.3617418, "pid": 69812, "device_index": 0, "gpu_uuid": "GPU-6f954bfd-7081-31b7-f15c-f9a174bf4d7f", "gpu_util_percent": 22.0, "gpu_mem_util_percent": 2.0, "gpu_mem_used_mib": 7197.0, "gpu_mem_total_mib": 49140.0, "gpu_power_w": 89.2, "process_present": true, "process_mem_mib": 6694.0, "process_mem_share_percent": 13.622303622303622, "process_util_available": true, "process_util_backend": "nvml", "process_sm_util_percent": 24.0, "process_mem_util_percent": 2.0}
{"timestamp_unix": 1772435710.6497614, "pid": 69812, "device_index": 0, "gpu_uuid": "GPU-6f954bfd-7081-31b7-f15c-f9a174bf4d7f", "gpu_util_percent": 25.0, "gpu_mem_util_percent": 3.0, "gpu_mem_used_mib": 7197.0, "gpu_mem_total_mib": 49140.0, "gpu_power_w": 90.21, "process_present": true, "process_mem_mib": 6694.0, "process_mem_share_percent": 13.622303622303622, "process_util_available": true, "process_util_backend": "nvml", "process_sm_util_percent": 25.0, "process_mem_util_percent": 2.0}
{"timestamp_unix": 1772435710.9397824, "pid": 69812, "device_index": 0, "gpu_uuid": "GPU-6f954bfd-7081-31b7-f15c-f9a174bf4d7f", "gpu_util_percent": 25.0, "gpu_mem_util_percent": 3.0, "gpu_mem_used_mib": 7197.0, "gpu_mem_total_mib": 49140.0, "gpu_power_w": 90.21, "process_present": true, "process_mem_mib": 6694.0, "process_mem_share_percent": 13.622303622303622, "process_util_available": true, "process_util_backend": "nvml", "process_sm_util_percent": 26.0, "process_mem_util_percent": 2.0}
{"timestamp_unix": 1772435711.2307289, "pid": 69812, "device_index": 0, "gpu_uuid": "GPU-6f954bfd-7081-31b7-f15c-f9a174bf4d7f", "gpu_util_percent": 25.0, "gpu_mem_util_percent": 3.0, "gpu_mem_used_mib": 7191.0, "gpu_mem_total_mib": 49140.0, "gpu_power_w": 91.74, "process_present": true, "process_mem_mib": 6694.0, "process_mem_share_percent": 13.622303622303622, "process_util_available": true, "process_util_backend": "nvml", "process_sm_util_percent": 26.0, "process_mem_util_percent": 2.0}
{"timestamp_unix": 1772435711.518468, "pid": 69812, "device_index": 0, "gpu_uuid": "GPU-6f954bfd-7081-31b7-f15c-f9a174bf4d7f", "gpu_util_percent": 25.0, "gpu_mem_util_percent": 3.0, "gpu_mem_used_mib": 7191.0, "gpu_mem_total_mib": 49140.0, "gpu_power_w": 91.74, "process_present": true, "process_mem_mib": 6694.0, "process_mem_share_percent": 13.622303622303622, "process_util_available": true, "process_util_backend": "nvml", "process_sm_util_percent": 24.0, "process_mem_util_percent": 2.0}
{"timestamp_unix": 1772435711.8084784, "pid": 69812, "device_index": 0, "gpu_uuid": "GPU-6f954bfd-7081-31b7-f15c-f9a174bf4d7f", "gpu_util_percent": 25.0, "gpu_mem_util_percent": 3.0, "gpu_mem_used_mib": 7191.0, "gpu_mem_total_mib": 49140.0, "gpu_power_w": 92.53, "process_present": true, "process_mem_mib": 6694.0, "process_mem_share_percent": 13.622303622303622, "process_util_available": true, "process_util_backend": "nvml", "process_sm_util_percent": 26.0, "process_mem_util_percent": 2.0}
{"timestamp_unix": 1772435712.0999317, "pid": 69812, "device_index": 0, "gpu_uuid": "GPU-6f954bfd-7081-31b7-f15c-f9a174bf4d7f", "gpu_util_percent": 25.0, "gpu_mem_util_percent": 3.0, "gpu_mem_used_mib": 7190.0, "gpu_mem_total_mib": 49140.0, "gpu_power_w": 92.53, "process_present": true, "process_mem_mib": 6694.0, "process_mem_share_percent": 13.622303622303622, "process_util_available": true, "process_util_backend": "nvml", "process_sm_util_percent": 25.0, "process_mem_util_percent": 2.0}
{"timestamp_unix": 1772435712.4061089, "pid": 69812, "device_index": 0, "gpu_uuid": "GPU-6f954bfd-7081-31b7-f15c-f9a174bf4d7f", "gpu_util_percent": 25.0, "gpu_mem_util_percent": 3.0, "gpu_mem_used_mib": 7190.0, "gpu_mem_total_mib": 49140.0, "gpu_power_w": 92.5, "process_present": true, "process_mem_mib": 6694.0, "process_mem_share_percent": 13.622303622303622, "process_util_available": true, "process_util_backend": "nvml", "process_sm_util_percent": 25.0, "process_mem_util_percent": 2.0}
{"timestamp_unix": 1772435712.7145054, "pid": 69812, "device_index": 0, "gpu_uuid": "GPU-6f954bfd-7081-31b7-f15c-f9a174bf4d7f", "gpu_util_percent": 25.0, "gpu_mem_util_percent": 3.0, "gpu_mem_used_mib": 7190.0, "gpu_mem_total_mib": 49140.0, "gpu_power_w": 92.33, "process_present": true, "process_mem_mib": 6694.0, "process_mem_share_percent": 13.622303622303622, "process_util_available": true, "process_util_backend": "nvml", "process_sm_util_percent": 13.0, "process_mem_util_percent": 1.0}
{"timestamp_unix": 1772435713.011798, "pid": 69812, "device_index": 0, "gpu_uuid": "GPU-6f954bfd-7081-31b7-f15c-f9a174bf4d7f", "gpu_util_percent": 25.0, "gpu_mem_util_percent": 3.0, "gpu_mem_used_mib": 7190.0, "gpu_mem_total_mib": 49140.0, "gpu_power_w": 92.33, "process_present": true, "process_mem_mib": 6694.0, "process_mem_share_percent": 13.622303622303622, "process_util_available": true, "process_util_backend": "nvml", "process_sm_util_percent": 25.0, "process_mem_util_percent": 2.0}
{"timestamp_unix": 1772435713.3167768, "pid": 69812, "device_index": 0, "gpu_uuid": "GPU-6f954bfd-7081-31b7-f15c-f9a174bf4d7f", "gpu_util_percent": 25.0, "gpu_mem_util_percent": 3.0, "gpu_mem_used_mib": 7190.0, "gpu_mem_total_mib": 49140.0, "gpu_power_w": 92.15, "process_present": true, "process_mem_mib": 6694.0, "process_mem_share_percent": 13.622303622303622, "process_util_available": true, "process_util_backend": "nvml", "process_sm_util_percent": 26.0, "process_mem_util_percent": 2.0}
{"timestamp_unix": 1772435713.6047506, "pid": 69812, "device_index": 0, "gpu_uuid": "GPU-6f954bfd-7081-31b7-f15c-f9a174bf4d7f", "gpu_util_percent": 25.0, "gpu_mem_util_percent": 3.0, "gpu_mem_used_mib": 7190.0, "gpu_mem_total_mib": 49140.0, "gpu_power_w": 92.15, "process_present": true, "process_mem_mib": 6694.0, "process_mem_share_percent": 13.622303622303622, "process_util_available": true, "process_util_backend": "nvml", "process_sm_util_percent": null, "process_mem_util_percent": null}
{"timestamp_unix": 1772435713.8952458, "pid": 69812, "device_index": 0, "gpu_uuid": "GPU-6f954bfd-7081-31b7-f15c-f9a174bf4d7f", "gpu_util_percent": 26.0, "gpu_mem_util_percent": 3.0, "gpu_mem_used_mib": 7190.0, "gpu_mem_total_mib": 49140.0, "gpu_power_w": 92.04, "process_present": true, "process_mem_mib": 6694.0, "process_mem_share_percent": 13.622303622303622, "process_util_available": true, "process_util_backend": "nvml", "process_sm_util_percent": null, "process_mem_util_percent": null}
{"timestamp_unix": 1772435714.1854215, "pid": 69812, "device_index": 0, "gpu_uuid": "GPU-6f954bfd-7081-31b7-f15c-f9a174bf4d7f", "gpu_util_percent": 26.0, "gpu_mem_util_percent": 3.0, "gpu_mem_used_mib": 7193.0, "gpu_mem_total_mib": 49140.0, "gpu_power_w": 91.97, "process_present": true, "process_mem_mib": 6694.0, "process_mem_share_percent": 13.622303622303622, "process_util_available": true, "process_util_backend": "nvml", "process_sm_util_percent": 26.0, "process_mem_util_percent": 2.0}
{"timestamp_unix": 1772435714.4732869, "pid": 69812, "device_index": 0, "gpu_uuid": "GPU-6f954bfd-7081-31b7-f15c-f9a174bf4d7f", "gpu_util_percent": 26.0, "gpu_mem_util_percent": 3.0, "gpu_mem_used_mib": 7193.0, "gpu_mem_total_mib": 49140.0, "gpu_power_w": 91.97, "process_present": true, "process_mem_mib": 6694.0, "process_mem_share_percent": 13.622303622303622, "process_util_available": true, "process_util_backend": "nvml", "process_sm_util_percent": 25.0, "process_mem_util_percent": 2.0}
{"timestamp_unix": 1772435714.764176, "pid": 69812, "device_index": 0, "gpu_uuid": "GPU-6f954bfd-7081-31b7-f15c-f9a174bf4d7f", "gpu_util_percent": 17.0, "gpu_mem_util_percent": 2.0, "gpu_mem_used_mib": 7193.0, "gpu_mem_total_mib": 49140.0, "gpu_power_w": 91.44, "process_present": true, "process_mem_mib": 6694.0, "process_mem_share_percent": 13.622303622303622, "process_util_available": true, "process_util_backend": "nvml", "process_sm_util_percent": 21.0, "process_mem_util_percent": 1.0}
{"timestamp_unix": 1772435715.052302, "pid": 69812, "device_index": 0, "gpu_uuid": "GPU-6f954bfd-7081-31b7-f15c-f9a174bf4d7f", "gpu_util_percent": 17.0, "gpu_mem_util_percent": 2.0, "gpu_mem_used_mib": 7193.0, "gpu_mem_total_mib": 49140.0, "gpu_power_w": 91.44, "process_present": true, "process_mem_mib": 6694.0, "process_mem_share_percent": 13.622303622303622, "process_util_available": true, "process_util_backend": "nvml", "process_sm_util_percent": 22.0, "process_mem_util_percent": 2.0}
{"timestamp_unix": 1772435715.357877, "pid": 69812, "device_index": 0, "gpu_uuid": "GPU-6f954bfd-7081-31b7-f15c-f9a174bf4d7f", "gpu_util_percent": 17.0, "gpu_mem_util_percent": 2.0, "gpu_mem_used_mib": 7193.0, "gpu_mem_total_mib": 49140.0, "gpu_power_w": 91.01, "process_present": true, "process_mem_mib": 6694.0, "process_mem_share_percent": 13.622303622303622, "process_util_available": true, "process_util_backend": "nvml", "process_sm_util_percent": 22.0, "process_mem_util_percent": 2.0}
{"timestamp_unix": 1772435715.6638107, "pid": 69812, "device_index": 0, "gpu_uuid": "GPU-6f954bfd-7081-31b7-f15c-f9a174bf4d7f", "gpu_util_percent": 21.0, "gpu_mem_util_percent": 2.0, "gpu_mem_used_mib": 7193.0, "gpu_mem_total_mib": 49140.0, "gpu_power_w": 90.52, "process_present": true, "process_mem_mib": 6694.0, "process_mem_share_percent": 13.622303622303622, "process_util_available": true, "process_util_backend": "nvml", "process_sm_util_percent": 22.0, "process_mem_util_percent": 2.0}
{"timestamp_unix": 1772435715.977343, "pid": 69812, "device_index": 0, "gpu_uuid": "GPU-6f954bfd-7081-31b7-f15c-f9a174bf4d7f", "gpu_util_percent": 21.0, "gpu_mem_util_percent": 2.0, "gpu_mem_used_mib": 7193.0, "gpu_mem_total_mib": 49140.0, "gpu_power_w": 90.52, "process_present": true, "process_mem_mib": 6694.0, "process_mem_share_percent": 13.622303622303622, "process_util_available": true, "process_util_backend": "nvml", "process_sm_util_percent": 22.0, "process_mem_util_percent": 2.0}
{"timestamp_unix": 1772435716.2693677, "pid": 69812, "device_index": 0, "gpu_uuid": "GPU-6f954bfd-7081-31b7-f15c-f9a174bf4d7f", "gpu_util_percent": 21.0, "gpu_mem_util_percent": 2.0, "gpu_mem_used_mib": 7191.0, "gpu_mem_total_mib": 49140.0, "gpu_power_w": 90.9, "process_present": true, "process_mem_mib": 6694.0, "process_mem_share_percent": 13.622303622303622, "process_util_available": true, "process_util_backend": "nvml", "process_sm_util_percent": 23.0, "process_mem_util_percent": 2.0}
{"timestamp_unix": 1772435716.5722182, "pid": 69812, "device_index": 0, "gpu_uuid": "GPU-6f954bfd-7081-31b7-f15c-f9a174bf4d7f", "gpu_util_percent": 21.0, "gpu_mem_util_percent": 2.0, "gpu_mem_used_mib": 7191.0, "gpu_mem_total_mib": 49140.0, "gpu_power_w": 90.9, "process_present": true, "process_mem_mib": 6694.0, "process_mem_share_percent": 13.622303622303622, "process_util_available": true, "process_util_backend": "nvml", "process_sm_util_percent": 24.0, "process_mem_util_percent": 2.0}
{"timestamp_unix": 1772435716.8634849, "pid": 69812, "device_index": 0, "gpu_uuid": "GPU-6f954bfd-7081-31b7-f15c-f9a174bf4d7f", "gpu_util_percent": 23.0, "gpu_mem_util_percent": 2.0, "gpu_mem_used_mib": 7191.0, "gpu_mem_total_mib": 49140.0, "gpu_power_w": 90.86, "process_present": true, "process_mem_mib": 6694.0, "process_mem_share_percent": 13.622303622303622, "process_util_available": true, "process_util_backend": "nvml", "process_sm_util_percent": 24.0, "process_mem_util_percent": 2.0}
{"timestamp_unix": 1772435717.1518385, "pid": 69812, "device_index": 0, "gpu_uuid": "GPU-6f954bfd-7081-31b7-f15c-f9a174bf4d7f", "gpu_util_percent": 23.0, "gpu_mem_util_percent": 2.0, "gpu_mem_used_mib": 7191.0, "gpu_mem_total_mib": 49140.0, "gpu_power_w": 91.01, "process_present": true, "process_mem_mib": 6694.0, "process_mem_share_percent": 13.622303622303622, "process_util_available": true, "process_util_backend": "nvml", "process_sm_util_percent": 24.0, "process_mem_util_percent": 2.0}
{"timestamp_unix": 1772435717.447305, "pid": 69812, "device_index": 0, "gpu_uuid": "GPU-6f954bfd-7081-31b7-f15c-f9a174bf4d7f", "gpu_util_percent": 23.0, "gpu_mem_util_percent": 2.0, "gpu_mem_used_mib": 7191.0, "gpu_mem_total_mib": 49140.0, "gpu_power_w": 91.01, "process_present": true, "process_mem_mib": 6694.0, "process_mem_share_percent": 13.622303622303622, "process_util_available": true, "process_util_backend": "nvml", "process_sm_util_percent": 25.0, "process_mem_util_percent": 2.0}
{"timestamp_unix": 1772435717.7384632, "pid": 69812, "device_index": 0, "gpu_uuid": "GPU-6f954bfd-7081-31b7-f15c-f9a174bf4d7f", "gpu_util_percent": 24.0, "gpu_mem_util_percent": 2.0, "gpu_mem_used_mib": 7191.0, "gpu_mem_total_mib": 49140.0, "gpu_power_w": 91.06, "process_present": true, "process_mem_mib": 6694.0, "process_mem_share_percent": 13.622303622303622, "process_util_available": true, "process_util_backend": "nvml", "process_sm_util_percent": 24.0, "process_mem_util_percent": 2.0}
{"timestamp_unix": 1772435718.043535, "pid": 69812, "device_index": 0, "gpu_uuid": "GPU-6f954bfd-7081-31b7-f15c-f9a174bf4d7f", "gpu_util_percent": 24.0, "gpu_mem_util_percent": 2.0, "gpu_mem_used_mib": 7191.0, "gpu_mem_total_mib": 49140.0, "gpu_power_w": 91.06, "process_present": true, "process_mem_mib": 6694.0, "process_mem_share_percent": 13.622303622303622, "process_util_available": true, "process_util_backend": "nvml", "process_sm_util_percent": 25.0, "process_mem_util_percent": 2.0}
{"timestamp_unix": 1772435718.3468435, "pid": 69812, "device_index": 0, "gpu_uuid": "GPU-6f954bfd-7081-31b7-f15c-f9a174bf4d7f", "gpu_util_percent": 24.0, "gpu_mem_util_percent": 2.0, "gpu_mem_used_mib": 7191.0, "gpu_mem_total_mib": 49140.0, "gpu_power_w": 91.14, "process_present": true, "process_mem_mib": 6694.0, "process_mem_share_percent": 13.622303622303622, "process_util_available": true, "process_util_backend": "nvml", "process_sm_util_percent": 25.0, "process_mem_util_percent": 2.0}
{"timestamp_unix": 1772435718.6479282, "pid": 69812, "device_index": 0, "gpu_uuid": "GPU-6f954bfd-7081-31b7-f15c-f9a174bf4d7f", "gpu_util_percent": 24.0, "gpu_mem_util_percent": 2.0, "gpu_mem_used_mib": 7191.0, "gpu_mem_total_mib": 49140.0, "gpu_power_w": 91.29, "process_present": true, "process_mem_mib": 6694.0, "process_mem_share_percent": 13.622303622303622, "process_util_available": true, "process_util_backend": "nvml", "process_sm_util_percent": 25.0, "process_mem_util_percent": 2.0}
{"timestamp_unix": 1772435718.958876, "pid": 69812, "device_index": 0, "gpu_uuid": "GPU-6f954bfd-7081-31b7-f15c-f9a174bf4d7f", "gpu_util_percent": 24.0, "gpu_mem_util_percent": 2.0, "gpu_mem_used_mib": 7261.0, "gpu_mem_total_mib": 49140.0, "gpu_power_w": 91.29, "process_present": true, "process_mem_mib": 6764.0, "process_mem_share_percent": 13.764753764753765, "process_util_available": true, "process_util_backend": "nvml", "process_sm_util_percent": 25.0, "process_mem_util_percent": 2.0}
{"timestamp_unix": 1772435719.2462249, "pid": 69812, "device_index": 0, "gpu_uuid": "GPU-6f954bfd-7081-31b7-f15c-f9a174bf4d7f", "gpu_util_percent": 24.0, "gpu_mem_util_percent": 2.0, "gpu_mem_used_mib": 7342.0, "gpu_mem_total_mib": 49140.0, "gpu_power_w": 90.29, "process_present": true, "process_mem_mib": 6846.0, "process_mem_share_percent": 13.931623931623932, "process_util_available": true, "process_util_backend": "nvml", "process_sm_util_percent": 10.0, "process_mem_util_percent": 0.0}
{"timestamp_unix": 1772435719.5355372, "pid": 69812, "device_index": 0, "gpu_uuid": "GPU-6f954bfd-7081-31b7-f15c-f9a174bf4d7f", "gpu_util_percent": 24.0, "gpu_mem_util_percent": 2.0, "gpu_mem_used_mib": 7342.0, "gpu_mem_total_mib": 49140.0, "gpu_power_w": 90.29, "process_present": true, "process_mem_mib": 6846.0, "process_mem_share_percent": 13.931623931623932, "process_util_available": true, "process_util_backend": "nvml", "process_sm_util_percent": 25.0, "process_mem_util_percent": 2.0}
{"timestamp_unix": 1772435719.824171, "pid": 69812, "device_index": 0, "gpu_uuid": "GPU-6f954bfd-7081-31b7-f15c-f9a174bf4d7f", "gpu_util_percent": 25.0, "gpu_mem_util_percent": 2.0, "gpu_mem_used_mib": 7342.0, "gpu_mem_total_mib": 49140.0, "gpu_power_w": 89.85, "process_present": true, "process_mem_mib": 6846.0, "process_mem_share_percent": 13.931623931623932, "process_util_available": true, "process_util_backend": "nvml", "process_sm_util_percent": 27.0, "process_mem_util_percent": 2.0}
{"timestamp_unix": 1772435720.1137812, "pid": 69812, "device_index": 0, "gpu_uuid": "GPU-6f954bfd-7081-31b7-f15c-f9a174bf4d7f", "gpu_util_percent": 25.0, "gpu_mem_util_percent": 2.0, "gpu_mem_used_mib": 7342.0, "gpu_mem_total_mib": 49140.0, "gpu_power_w": 89.85, "process_present": true, "process_mem_mib": 6846.0, "process_mem_share_percent": 13.931623931623932, "process_util_available": true, "process_util_backend": "nvml", "process_sm_util_percent": 26.0, "process_mem_util_percent": 2.0}
{"timestamp_unix": 1772435720.4022887, "pid": 69812, "device_index": 0, "gpu_uuid": "GPU-6f954bfd-7081-31b7-f15c-f9a174bf4d7f", "gpu_util_percent": 25.0, "gpu_mem_util_percent": 2.0, "gpu_mem_used_mib": 7342.0, "gpu_mem_total_mib": 49140.0, "gpu_power_w": 90.68, "process_present": true, "process_mem_mib": 6846.0, "process_mem_share_percent": 13.931623931623932, "process_util_available": true, "process_util_backend": "nvml", "process_sm_util_percent": 26.0, "process_mem_util_percent": 2.0}
{"timestamp_unix": 1772435720.6915796, "pid": 69812, "device_index": 0, "gpu_uuid": "GPU-6f954bfd-7081-31b7-f15c-f9a174bf4d7f", "gpu_util_percent": 26.0, "gpu_mem_util_percent": 3.0, "gpu_mem_used_mib": 7342.0, "gpu_mem_total_mib": 49140.0, "gpu_power_w": 92.18, "process_present": true, "process_mem_mib": 6846.0, "process_mem_share_percent": 13.931623931623932, "process_util_available": true, "process_util_backend": "nvml", "process_sm_util_percent": 27.0, "process_mem_util_percent": 2.0}
{"timestamp_unix": 1772435720.9988575, "pid": 69812, "device_index": 0, "gpu_uuid": "GPU-6f954bfd-7081-31b7-f15c-f9a174bf4d7f", "gpu_util_percent": 26.0, "gpu_mem_util_percent": 3.0, "gpu_mem_used_mib": 7342.0, "gpu_mem_total_mib": 49140.0, "gpu_power_w": 92.18, "process_present": true, "process_mem_mib": 6846.0, "process_mem_share_percent": 13.931623931623932, "process_util_available": true, "process_util_backend": "nvml", "process_sm_util_percent": 27.0, "process_mem_util_percent": 2.0}
{"timestamp_unix": 1772435721.2976034, "pid": 69812, "device_index": 0, "gpu_uuid": "GPU-6f954bfd-7081-31b7-f15c-f9a174bf4d7f", "gpu_util_percent": 26.0, "gpu_mem_util_percent": 3.0, "gpu_mem_used_mib": 7342.0, "gpu_mem_total_mib": 49140.0, "gpu_power_w": 92.17, "process_present": true, "process_mem_mib": 6846.0, "process_mem_share_percent": 13.931623931623932, "process_util_available": true, "process_util_backend": "nvml", "process_sm_util_percent": 27.0, "process_mem_util_percent": 2.0}
{"timestamp_unix": 1772435721.6142461, "pid": 69812, "device_index": 0, "gpu_uuid": "GPU-6f954bfd-7081-31b7-f15c-f9a174bf4d7f", "gpu_util_percent": 26.0, "gpu_mem_util_percent": 3.0, "gpu_mem_used_mib": 7342.0, "gpu_mem_total_mib": 49140.0, "gpu_power_w": 92.17, "process_present": true, "process_mem_mib": 6846.0, "process_mem_share_percent": 13.931623931623932, "process_util_available": true, "process_util_backend": "nvml", "process_sm_util_percent": 27.0, "process_mem_util_percent": 2.0}
{"timestamp_unix": 1772435721.9044406, "pid": 69812, "device_index": 0, "gpu_uuid": "GPU-6f954bfd-7081-31b7-f15c-f9a174bf4d7f", "gpu_util_percent": 27.0, "gpu_mem_util_percent": 2.0, "gpu_mem_used_mib": 7342.0, "gpu_mem_total_mib": 49140.0, "gpu_power_w": 92.13, "process_present": true, "process_mem_mib": 6846.0, "process_mem_share_percent": 13.931623931623932, "process_util_available": true, "process_util_backend": "nvml", "process_sm_util_percent": 27.0, "process_mem_util_percent": 2.0}
{"timestamp_unix": 1772435722.1972742, "pid": 69812, "device_index": 0, "gpu_uuid": "GPU-6f954bfd-7081-31b7-f15c-f9a174bf4d7f", "gpu_util_percent": 27.0, "gpu_mem_util_percent": 2.0, "gpu_mem_used_mib": 7342.0, "gpu_mem_total_mib": 49140.0, "gpu_power_w": 92.09, "process_present": true, "process_mem_mib": 6846.0, "process_mem_share_percent": 13.931623931623932, "process_util_available": true, "process_util_backend": "nvml", "process_sm_util_percent": 27.0, "process_mem_util_percent": 2.0}
{"timestamp_unix": 1772435722.4880927, "pid": 69812, "device_index": 0, "gpu_uuid": "GPU-6f954bfd-7081-31b7-f15c-f9a174bf4d7f", "gpu_util_percent": 27.0, "gpu_mem_util_percent": 2.0, "gpu_mem_used_mib": 7342.0, "gpu_mem_total_mib": 49140.0, "gpu_power_w": 92.09, "process_present": true, "process_mem_mib": 6846.0, "process_mem_share_percent": 13.931623931623932, "process_util_available": true, "process_util_backend": "nvml", "process_sm_util_percent": 27.0, "process_mem_util_percent": 2.0}
{"timestamp_unix": 1772435722.7800179, "pid": 69812, "device_index": 0, "gpu_uuid": "GPU-6f954bfd-7081-31b7-f15c-f9a174bf4d7f", "gpu_util_percent": 27.0, "gpu_mem_util_percent": 2.0, "gpu_mem_used_mib": 7342.0, "gpu_mem_total_mib": 49140.0, "gpu_power_w": 92.05, "process_present": true, "process_mem_mib": 6846.0, "process_mem_share_percent": 13.931623931623932, "process_util_available": true, "process_util_backend": "nvml", "process_sm_util_percent": 26.0, "process_mem_util_percent": 2.0}
{"timestamp_unix": 1772435723.0688229, "pid": 69812, "device_index": 0, "gpu_uuid": "GPU-6f954bfd-7081-31b7-f15c-f9a174bf4d7f", "gpu_util_percent": 27.0, "gpu_mem_util_percent": 2.0, "gpu_mem_used_mib": 7342.0, "gpu_mem_total_mib": 49140.0, "gpu_power_w": 92.05, "process_present": true, "process_mem_mib": 6846.0, "process_mem_share_percent": 13.931623931623932, "process_util_available": true, "process_util_backend": "nvml", "process_sm_util_percent": 27.0, "process_mem_util_percent": 2.0}
{"timestamp_unix": 1772435723.3574054, "pid": 69812, "device_index": 0, "gpu_uuid": "GPU-6f954bfd-7081-31b7-f15c-f9a174bf4d7f", "gpu_util_percent": 27.0, "gpu_mem_util_percent": 2.0, "gpu_mem_used_mib": 7342.0, "gpu_mem_total_mib": 49140.0, "gpu_power_w": 92.01, "process_present": true, "process_mem_mib": 6846.0, "process_mem_share_percent": 13.931623931623932, "process_util_available": true, "process_util_backend": "nvml", "process_sm_util_percent": 26.0, "process_mem_util_percent": 2.0}
{"timestamp_unix": 1772435723.6621566, "pid": 69812, "device_index": 0, "gpu_uuid": "GPU-6f954bfd-7081-31b7-f15c-f9a174bf4d7f", "gpu_util_percent": 30.0, "gpu_mem_util_percent": 3.0, "gpu_mem_used_mib": 7343.0, "gpu_mem_total_mib": 49140.0, "gpu_power_w": 92.05, "process_present": true, "process_mem_mib": 6846.0, "process_mem_share_percent": 13.931623931623932, "process_util_available": true, "process_util_backend": "nvml", "process_sm_util_percent": 27.0, "process_mem_util_percent": 2.0}
{"timestamp_unix": 1772435723.9636972, "pid": 69812, "device_index": 0, "gpu_uuid": "GPU-6f954bfd-7081-31b7-f15c-f9a174bf4d7f", "gpu_util_percent": 30.0, "gpu_mem_util_percent": 3.0, "gpu_mem_used_mib": 7343.0, "gpu_mem_total_mib": 49140.0, "gpu_power_w": 92.05, "process_present": true, "process_mem_mib": 6846.0, "process_mem_share_percent": 13.931623931623932, "process_util_available": true, "process_util_backend": "nvml", "process_sm_util_percent": 27.0, "process_mem_util_percent": 2.0}
{"timestamp_unix": 1772435724.264038, "pid": 69812, "device_index": 0, "gpu_uuid": "GPU-6f954bfd-7081-31b7-f15c-f9a174bf4d7f", "gpu_util_percent": 30.0, "gpu_mem_util_percent": 3.0, "gpu_mem_used_mib": 7343.0, "gpu_mem_total_mib": 49140.0, "gpu_power_w": 92.07, "process_present": true, "process_mem_mib": 6846.0, "process_mem_share_percent": 13.931623931623932, "process_util_available": true, "process_util_backend": "nvml", "process_sm_util_percent": 27.0, "process_mem_util_percent": 2.0}
{"timestamp_unix": 1772435724.5628543, "pid": 69812, "device_index": 0, "gpu_uuid": "GPU-6f954bfd-7081-31b7-f15c-f9a174bf4d7f", "gpu_util_percent": 30.0, "gpu_mem_util_percent": 3.0, "gpu_mem_used_mib": 7343.0, "gpu_mem_total_mib": 49140.0, "gpu_power_w": 92.07, "process_present": true, "process_mem_mib": 6846.0, "process_mem_share_percent": 13.931623931623932, "process_util_available": true, "process_util_backend": "nvml", "process_sm_util_percent": 27.0, "process_mem_util_percent": 2.0}
{"timestamp_unix": 1772435724.851396, "pid": 69812, "device_index": 0, "gpu_uuid": "GPU-6f954bfd-7081-31b7-f15c-f9a174bf4d7f", "gpu_util_percent": 28.0, "gpu_mem_util_percent": 2.0, "gpu_mem_used_mib": 7343.0, "gpu_mem_total_mib": 49140.0, "gpu_power_w": 92.15, "process_present": true, "process_mem_mib": 6846.0, "process_mem_share_percent": 13.931623931623932, "process_util_available": true, "process_util_backend": "nvml", "process_sm_util_percent": 27.0, "process_mem_util_percent": 2.0}
{"timestamp_unix": 1772435725.1377394, "pid": 69812, "device_index": 0, "gpu_uuid": "GPU-6f954bfd-7081-31b7-f15c-f9a174bf4d7f", "gpu_util_percent": 28.0, "gpu_mem_util_percent": 2.0, "gpu_mem_used_mib": 7343.0, "gpu_mem_total_mib": 49140.0, "gpu_power_w": 92.04, "process_present": true, "process_mem_mib": 6846.0, "process_mem_share_percent": 13.931623931623932, "process_util_available": true, "process_util_backend": "nvml", "process_sm_util_percent": 27.0, "process_mem_util_percent": 2.0}
{"timestamp_unix": 1772435725.4298828, "pid": 69812, "device_index": 0, "gpu_uuid": "GPU-6f954bfd-7081-31b7-f15c-f9a174bf4d7f", "gpu_util_percent": 28.0, "gpu_mem_util_percent": 2.0, "gpu_mem_used_mib": 7343.0, "gpu_mem_total_mib": 49140.0, "gpu_power_w": 92.04, "process_present": true, "process_mem_mib": 6846.0, "process_mem_share_percent": 13.931623931623932, "process_util_available": true, "process_util_backend": "nvml", "process_sm_util_percent": 27.0, "process_mem_util_percent": 2.0}
{"timestamp_unix": 1772435725.7164748, "pid": 69812, "device_index": 0, "gpu_uuid": "GPU-6f954bfd-7081-31b7-f15c-f9a174bf4d7f", "gpu_util_percent": 28.0, "gpu_mem_util_percent": 2.0, "gpu_mem_used_mib": 7342.0, "gpu_mem_total_mib": 49140.0, "gpu_power_w": 91.99, "process_present": true, "process_mem_mib": 6846.0, "process_mem_share_percent": 13.931623931623932, "process_util_available": true, "process_util_backend": "nvml", "process_sm_util_percent": 27.0, "process_mem_util_percent": 2.0}
{"timestamp_unix": 1772435726.0061996, "pid": 69812, "device_index": 0, "gpu_uuid": "GPU-6f954bfd-7081-31b7-f15c-f9a174bf4d7f", "gpu_util_percent": 28.0, "gpu_mem_util_percent": 2.0, "gpu_mem_used_mib": 7342.0, "gpu_mem_total_mib": 49140.0, "gpu_power_w": 91.99, "process_present": true, "process_mem_mib": 6846.0, "process_mem_share_percent": 13.931623931623932, "process_util_available": true, "process_util_backend": "nvml", "process_sm_util_percent": 26.0, "process_mem_util_percent": 2.0}
{"timestamp_unix": 1772435726.2974336, "pid": 69812, "device_index": 0, "gpu_uuid": "GPU-6f954bfd-7081-31b7-f15c-f9a174bf4d7f", "gpu_util_percent": 28.0, "gpu_mem_util_percent": 2.0, "gpu_mem_used_mib": 7342.0, "gpu_mem_total_mib": 49140.0, "gpu_power_w": 91.57, "process_present": true, "process_mem_mib": 6846.0, "process_mem_share_percent": 13.931623931623932, "process_util_available": true, "process_util_backend": "nvml", "process_sm_util_percent": 11.0, "process_mem_util_percent": 1.0}
{"timestamp_unix": 1772435726.5832617, "pid": 69812, "device_index": 0, "gpu_uuid": "GPU-6f954bfd-7081-31b7-f15c-f9a174bf4d7f", "gpu_util_percent": 28.0, "gpu_mem_util_percent": 2.0, "gpu_mem_used_mib": 7342.0, "gpu_mem_total_mib": 49140.0, "gpu_power_w": 91.57, "process_present": true, "process_mem_mib": 6846.0, "process_mem_share_percent": 13.931623931623932, "process_util_available": true, "process_util_backend": "nvml", "process_sm_util_percent": 24.0, "process_mem_util_percent": 2.0}
{"timestamp_unix": 1772435726.88126, "pid": 69812, "device_index": 0, "gpu_uuid": "GPU-6f954bfd-7081-31b7-f15c-f9a174bf4d7f", "gpu_util_percent": 24.0, "gpu_mem_util_percent": 2.0, "gpu_mem_used_mib": 7342.0, "gpu_mem_total_mib": 49140.0, "gpu_power_w": 90.98, "process_present": true, "process_mem_mib": 6846.0, "process_mem_share_percent": 13.931623931623932, "process_util_available": true, "process_util_backend": "nvml", "process_sm_util_percent": 13.0, "process_mem_util_percent": 1.0}
{"timestamp_unix": 1772435727.1792707, "pid": 69812, "device_index": 0, "gpu_uuid": "GPU-6f954bfd-7081-31b7-f15c-f9a174bf4d7f", "gpu_util_percent": 24.0, "gpu_mem_util_percent": 2.0, "gpu_mem_used_mib": 7342.0, "gpu_mem_total_mib": 49140.0, "gpu_power_w": 90.64, "process_present": true, "process_mem_mib": 6846.0, "process_mem_share_percent": 13.931623931623932, "process_util_available": true, "process_util_backend": "nvml", "process_sm_util_percent": null, "process_mem_util_percent": null}
{"timestamp_unix": 1772435727.479887, "pid": 69812, "device_index": 0, "gpu_uuid": "GPU-6f954bfd-7081-31b7-f15c-f9a174bf4d7f", "gpu_util_percent": 24.0, "gpu_mem_util_percent": 2.0, "gpu_mem_used_mib": 7342.0, "gpu_mem_total_mib": 49140.0, "gpu_power_w": 90.64, "process_present": true, "process_mem_mib": 6846.0, "process_mem_share_percent": 13.931623931623932, "process_util_available": true, "process_util_backend": "nvml", "process_sm_util_percent": 25.0, "process_mem_util_percent": 2.0}
{"timestamp_unix": 1772435727.928054, "pid": 69812, "device_index": 0, "gpu_uuid": "GPU-6f954bfd-7081-31b7-f15c-f9a174bf4d7f", "gpu_util_percent": 25.0, "gpu_mem_util_percent": 2.0, "gpu_mem_used_mib": 7342.0, "gpu_mem_total_mib": 49140.0, "gpu_power_w": 91.23, "process_present": true, "process_mem_mib": 6846.0, "process_mem_share_percent": 13.931623931623932, "process_util_available": true, "process_util_backend": "nvml", "process_sm_util_percent": 13.0, "process_mem_util_percent": 1.0}
{"timestamp_unix": 1772435728.2162335, "pid": 69812, "device_index": 0, "gpu_uuid": "GPU-6f954bfd-7081-31b7-f15c-f9a174bf4d7f", "gpu_util_percent": 25.0, "gpu_mem_util_percent": 2.0, "gpu_mem_used_mib": 7351.0, "gpu_mem_total_mib": 49140.0, "gpu_power_w": 89.95, "process_present": true, "process_mem_mib": 6846.0, "process_mem_share_percent": 13.931623931623932, "process_util_available": true, "process_util_backend": "nvml", "process_sm_util_percent": 23.0, "process_mem_util_percent": 2.0}
{"timestamp_unix": 1772435728.5046284, "pid": 69812, "device_index": 0, "gpu_uuid": "GPU-6f954bfd-7081-31b7-f15c-f9a174bf4d7f", "gpu_util_percent": 25.0, "gpu_mem_util_percent": 2.0, "gpu_mem_used_mib": 7351.0, "gpu_mem_total_mib": 49140.0, "gpu_power_w": 89.95, "process_present": true, "process_mem_mib": 6846.0, "process_mem_share_percent": 13.931623931623932, "process_util_available": true, "process_util_backend": "nvml", "process_sm_util_percent": null, "process_mem_util_percent": null}
{"timestamp_unix": 1772435728.7952976, "pid": 69812, "device_index": 0, "gpu_uuid": "GPU-6f954bfd-7081-31b7-f15c-f9a174bf4d7f", "gpu_util_percent": 24.0, "gpu_mem_util_percent": 2.0, "gpu_mem_used_mib": 7351.0, "gpu_mem_total_mib": 49140.0, "gpu_power_w": 90.08, "process_present": true, "process_mem_mib": 6846.0, "process_mem_share_percent": 13.931623931623932, "process_util_available": true, "process_util_backend": "nvml", "process_sm_util_percent": 25.0, "process_mem_util_percent": 2.0}
{"timestamp_unix": 1772435729.084886, "pid": 69812, "device_index": 0, "gpu_uuid": "GPU-6f954bfd-7081-31b7-f15c-f9a174bf4d7f", "gpu_util_percent": 24.0, "gpu_mem_util_percent": 2.0, "gpu_mem_used_mib": 7351.0, "gpu_mem_total_mib": 49140.0, "gpu_power_w": 90.08, "process_present": true, "process_mem_mib": 6846.0, "process_mem_share_percent": 13.931623931623932, "process_util_available": true, "process_util_backend": "nvml", "process_sm_util_percent": null, "process_mem_util_percent": null}
{"timestamp_unix": 1772435729.3717299, "pid": 69812, "device_index": 0, "gpu_uuid": "GPU-6f954bfd-7081-31b7-f15c-f9a174bf4d7f", "gpu_util_percent": 24.0, "gpu_mem_util_percent": 2.0, "gpu_mem_used_mib": 7351.0, "gpu_mem_total_mib": 49140.0, "gpu_power_w": 91.46, "process_present": true, "process_mem_mib": 6846.0, "process_mem_share_percent": 13.931623931623932, "process_util_available": true, "process_util_backend": "nvml", "process_sm_util_percent": null, "process_mem_util_percent": null}
{"timestamp_unix": 1772435729.676797, "pid": 69812, "device_index": 0, "gpu_uuid": "GPU-6f954bfd-7081-31b7-f15c-f9a174bf4d7f", "gpu_util_percent": 24.0, "gpu_mem_util_percent": 2.0, "gpu_mem_used_mib": 7351.0, "gpu_mem_total_mib": 49140.0, "gpu_power_w": 91.36, "process_present": true, "process_mem_mib": 6846.0, "process_mem_share_percent": 13.931623931623932, "process_util_available": true, "process_util_backend": "nvml", "process_sm_util_percent": 25.0, "process_mem_util_percent": 2.0}
{"timestamp_unix": 1772435729.9810026, "pid": 69812, "device_index": 0, "gpu_uuid": "GPU-6f954bfd-7081-31b7-f15c-f9a174bf4d7f", "gpu_util_percent": 24.0, "gpu_mem_util_percent": 2.0, "gpu_mem_used_mib": 7351.0, "gpu_mem_total_mib": 49140.0, "gpu_power_w": 91.36, "process_present": true, "process_mem_mib": 6846.0, "process_mem_share_percent": 13.931623931623932, "process_util_available": true, "process_util_backend": "nvml", "process_sm_util_percent": 25.0, "process_mem_util_percent": 2.0}
{"timestamp_unix": 1772435730.290453, "pid": 69812, "device_index": 0, "gpu_uuid": "GPU-6f954bfd-7081-31b7-f15c-f9a174bf4d7f", "gpu_util_percent": 24.0, "gpu_mem_util_percent": 2.0, "gpu_mem_used_mib": 7351.0, "gpu_mem_total_mib": 49140.0, "gpu_power_w": 91.5, "process_present": true, "process_mem_mib": 6846.0, "process_mem_share_percent": 13.931623931623932, "process_util_available": true, "process_util_backend": "nvml", "process_sm_util_percent": 25.0, "process_mem_util_percent": 2.0}
{"timestamp_unix": 1772435730.5806646, "pid": 69812, "device_index": 0, "gpu_uuid": "GPU-6f954bfd-7081-31b7-f15c-f9a174bf4d7f", "gpu_util_percent": 24.0, "gpu_mem_util_percent": 2.0, "gpu_mem_used_mib": 7351.0, "gpu_mem_total_mib": 49140.0, "gpu_power_w": 91.5, "process_present": true, "process_mem_mib": 6846.0, "process_mem_share_percent": 13.931623931623932, "process_util_available": true, "process_util_backend": "nvml", "process_sm_util_percent": 23.0, "process_mem_util_percent": 2.0}
{"timestamp_unix": 1772435730.8661003, "pid": 69812, "device_index": 0, "gpu_uuid": "GPU-6f954bfd-7081-31b7-f15c-f9a174bf4d7f", "gpu_util_percent": 18.0, "gpu_mem_util_percent": 2.0, "gpu_mem_used_mib": 7351.0, "gpu_mem_total_mib": 49140.0, "gpu_power_w": 91.14, "process_present": true, "process_mem_mib": 6892.0, "process_mem_share_percent": 14.025234025234026, "process_util_available": true, "process_util_backend": "nvml", "process_sm_util_percent": 7.0, "process_mem_util_percent": 0.0}
{"timestamp_unix": 1772435731.151485, "pid": 69812, "device_index": 0, "gpu_uuid": "GPU-6f954bfd-7081-31b7-f15c-f9a174bf4d7f", "gpu_util_percent": 18.0, "gpu_mem_util_percent": 2.0, "gpu_mem_used_mib": 7433.0, "gpu_mem_total_mib": 49140.0, "gpu_power_w": 89.14, "process_present": true, "process_mem_mib": 6928.0, "process_mem_share_percent": 14.098494098494099, "process_util_available": true, "process_util_backend": "nvml", "process_sm_util_percent": 24.0, "process_mem_util_percent": 2.0}
{"timestamp_unix": 1772435731.4459832, "pid": 69812, "device_index": 0, "gpu_uuid": "GPU-6f954bfd-7081-31b7-f15c-f9a174bf4d7f", "gpu_util_percent": 18.0, "gpu_mem_util_percent": 2.0, "gpu_mem_used_mib": 7433.0, "gpu_mem_total_mib": 49140.0, "gpu_power_w": 89.14, "process_present": true, "process_mem_mib": 6928.0, "process_mem_share_percent": 14.098494098494099, "process_util_available": true, "process_util_backend": "nvml", "process_sm_util_percent": 25.0, "process_mem_util_percent": 2.0}
{"timestamp_unix": 1772435731.7350984, "pid": 69812, "device_index": 0, "gpu_uuid": "GPU-6f954bfd-7081-31b7-f15c-f9a174bf4d7f", "gpu_util_percent": 24.0, "gpu_mem_util_percent": 2.0, "gpu_mem_used_mib": 7433.0, "gpu_mem_total_mib": 49140.0, "gpu_power_w": 89.45, "process_present": true, "process_mem_mib": 6928.0, "process_mem_share_percent": 14.098494098494099, "process_util_available": true, "process_util_backend": "nvml", "process_sm_util_percent": 25.0, "process_mem_util_percent": 2.0}
{"timestamp_unix": 1772435732.0215032, "pid": 69812, "device_index": 0, "gpu_uuid": "GPU-6f954bfd-7081-31b7-f15c-f9a174bf4d7f", "gpu_util_percent": 24.0, "gpu_mem_util_percent": 2.0, "gpu_mem_used_mib": 7437.0, "gpu_mem_total_mib": 49140.0, "gpu_power_w": 89.45, "process_present": true, "process_mem_mib": 6928.0, "process_mem_share_percent": 14.098494098494099, "process_util_available": true, "process_util_backend": "nvml", "process_sm_util_percent": 25.0, "process_mem_util_percent": 2.0}
{"timestamp_unix": 1772435732.3298917, "pid": 69812, "device_index": 0, "gpu_uuid": "GPU-6f954bfd-7081-31b7-f15c-f9a174bf4d7f", "gpu_util_percent": 24.0, "gpu_mem_util_percent": 2.0, "gpu_mem_used_mib": 7437.0, "gpu_mem_total_mib": 49140.0, "gpu_power_w": 91.99, "process_present": true, "process_mem_mib": 6928.0, "process_mem_share_percent": 14.098494098494099, "process_util_available": true, "process_util_backend": "nvml", "process_sm_util_percent": 25.0, "process_mem_util_percent": 2.0}
{"timestamp_unix": 1772435732.6311393, "pid": 69812, "device_index": 0, "gpu_uuid": "GPU-6f954bfd-7081-31b7-f15c-f9a174bf4d7f", "gpu_util_percent": 24.0, "gpu_mem_util_percent": 2.0, "gpu_mem_used_mib": 7437.0, "gpu_mem_total_mib": 49140.0, "gpu_power_w": 91.99, "process_present": true, "process_mem_mib": 6928.0, "process_mem_share_percent": 14.098494098494099, "process_util_available": true, "process_util_backend": "nvml", "process_sm_util_percent": 24.0, "process_mem_util_percent": 2.0}
{"timestamp_unix": 1772435732.929605, "pid": 69812, "device_index": 0, "gpu_uuid": "GPU-6f954bfd-7081-31b7-f15c-f9a174bf4d7f", "gpu_util_percent": 23.0, "gpu_mem_util_percent": 2.0, "gpu_mem_used_mib": 7437.0, "gpu_mem_total_mib": 49140.0, "gpu_power_w": 91.89, "process_present": true, "process_mem_mib": 6928.0, "process_mem_share_percent": 14.098494098494099, "process_util_available": true, "process_util_backend": "nvml", "process_sm_util_percent": 24.0, "process_mem_util_percent": 2.0}
{"timestamp_unix": 1772435733.2164447, "pid": 69812, "device_index": 0, "gpu_uuid": "GPU-6f954bfd-7081-31b7-f15c-f9a174bf4d7f", "gpu_util_percent": 23.0, "gpu_mem_util_percent": 2.0, "gpu_mem_used_mib": 7437.0, "gpu_mem_total_mib": 49140.0, "gpu_power_w": 91.89, "process_present": true, "process_mem_mib": 6928.0, "process_mem_share_percent": 14.098494098494099, "process_util_available": true, "process_util_backend": "nvml", "process_sm_util_percent": 23.0, "process_mem_util_percent": 2.0}
{"timestamp_unix": 1772435733.5050952, "pid": 69812, "device_index": 0, "gpu_uuid": "GPU-6f954bfd-7081-31b7-f15c-f9a174bf4d7f", "gpu_util_percent": 23.0, "gpu_mem_util_percent": 2.0, "gpu_mem_used_mib": 7437.0, "gpu_mem_total_mib": 49140.0, "gpu_power_w": 91.89, "process_present": true, "process_mem_mib": 6928.0, "process_mem_share_percent": 14.098494098494099, "process_util_available": true, "process_util_backend": "nvml", "process_sm_util_percent": 24.0, "process_mem_util_percent": 2.0}
{"timestamp_unix": 1772435733.7945762, "pid": 69812, "device_index": 0, "gpu_uuid": "GPU-6f954bfd-7081-31b7-f15c-f9a174bf4d7f", "gpu_util_percent": 24.0, "gpu_mem_util_percent": 2.0, "gpu_mem_used_mib": 7437.0, "gpu_mem_total_mib": 49140.0, "gpu_power_w": 91.88, "process_present": true, "process_mem_mib": 6928.0, "process_mem_share_percent": 14.098494098494099, "process_util_available": true, "process_util_backend": "nvml", "process_sm_util_percent": 23.0, "process_mem_util_percent": 2.0}
{"timestamp_unix": 1772435734.0829983, "pid": 69812, "device_index": 0, "gpu_uuid": "GPU-6f954bfd-7081-31b7-f15c-f9a174bf4d7f", "gpu_util_percent": 24.0, "gpu_mem_util_percent": 2.0, "gpu_mem_used_mib": 7437.0, "gpu_mem_total_mib": 49140.0, "gpu_power_w": 91.88, "process_present": true, "process_mem_mib": 6928.0, "process_mem_share_percent": 14.098494098494099, "process_util_available": true, "process_util_backend": "nvml", "process_sm_util_percent": 23.0, "process_mem_util_percent": 2.0}
{"timestamp_unix": 1772435734.3712234, "pid": 69812, "device_index": 0, "gpu_uuid": "GPU-6f954bfd-7081-31b7-f15c-f9a174bf4d7f", "gpu_util_percent": 24.0, "gpu_mem_util_percent": 2.0, "gpu_mem_used_mib": 7437.0, "gpu_mem_total_mib": 49140.0, "gpu_power_w": 91.89, "process_present": true, "process_mem_mib": 6928.0, "process_mem_share_percent": 14.098494098494099, "process_util_available": true, "process_util_backend": "nvml", "process_sm_util_percent": 22.0, "process_mem_util_percent": 2.0}
{"timestamp_unix": 1772435734.664505, "pid": 69812, "device_index": 0, "gpu_uuid": "GPU-6f954bfd-7081-31b7-f15c-f9a174bf4d7f", "gpu_util_percent": 23.0, "gpu_mem_util_percent": 2.0, "gpu_mem_used_mib": 7438.0, "gpu_mem_total_mib": 49140.0, "gpu_power_w": 91.79, "process_present": true, "process_mem_mib": 6928.0, "process_mem_share_percent": 14.098494098494099, "process_util_available": true, "process_util_backend": "nvml", "process_sm_util_percent": 23.0, "process_mem_util_percent": 2.0}
{"timestamp_unix": 1772435734.9741564, "pid": 69812, "device_index": 0, "gpu_uuid": "GPU-6f954bfd-7081-31b7-f15c-f9a174bf4d7f", "gpu_util_percent": 23.0, "gpu_mem_util_percent": 2.0, "gpu_mem_used_mib": 7438.0, "gpu_mem_total_mib": 49140.0, "gpu_power_w": 91.79, "process_present": true, "process_mem_mib": 6928.0, "process_mem_share_percent": 14.098494098494099, "process_util_available": true, "process_util_backend": "nvml", "process_sm_util_percent": 22.0, "process_mem_util_percent": 2.0}
{"timestamp_unix": 1772435735.2787876, "pid": 69812, "device_index": 0, "gpu_uuid": "GPU-6f954bfd-7081-31b7-f15c-f9a174bf4d7f", "gpu_util_percent": 23.0, "gpu_mem_util_percent": 2.0, "gpu_mem_used_mib": 7439.0, "gpu_mem_total_mib": 49140.0, "gpu_power_w": 91.78, "process_present": true, "process_mem_mib": 6928.0, "process_mem_share_percent": 14.098494098494099, "process_util_available": true, "process_util_backend": "nvml", "process_sm_util_percent": 12.0, "process_mem_util_percent": 1.0}
{"timestamp_unix": 1772435735.5768213, "pid": 69812, "device_index": 0, "gpu_uuid": "GPU-6f954bfd-7081-31b7-f15c-f9a174bf4d7f", "gpu_util_percent": 23.0, "gpu_mem_util_percent": 2.0, "gpu_mem_used_mib": 7439.0, "gpu_mem_total_mib": 49140.0, "gpu_power_w": 91.78, "process_present": true, "process_mem_mib": 6928.0, "process_mem_share_percent": 14.098494098494099, "process_util_available": true, "process_util_backend": "nvml", "process_sm_util_percent": 22.0, "process_mem_util_percent": 2.0}
{"timestamp_unix": 1772435735.8789752, "pid": 69812, "device_index": 0, "gpu_uuid": "GPU-6f954bfd-7081-31b7-f15c-f9a174bf4d7f", "gpu_util_percent": 22.0, "gpu_mem_util_percent": 2.0, "gpu_mem_used_mib": 7439.0, "gpu_mem_total_mib": 49140.0, "gpu_power_w": 91.77, "process_present": true, "process_mem_mib": 6928.0, "process_mem_share_percent": 14.098494098494099, "process_util_available": true, "process_util_backend": "nvml", "process_sm_util_percent": 20.0, "process_mem_util_percent": 2.0}
{"timestamp_unix": 1772435736.1904218, "pid": 69812, "device_index": 0, "gpu_uuid": "GPU-6f954bfd-7081-31b7-f15c-f9a174bf4d7f", "gpu_util_percent": 22.0, "gpu_mem_util_percent": 2.0, "gpu_mem_used_mib": 7439.0, "gpu_mem_total_mib": 49140.0, "gpu_power_w": 91.74, "process_present": true, "process_mem_mib": 6928.0, "process_mem_share_percent": 14.098494098494099, "process_util_available": true, "process_util_backend": "nvml", "process_sm_util_percent": 22.0, "process_mem_util_percent": 2.0}
{"timestamp_unix": 1772435736.4956222, "pid": 69812, "device_index": 0, "gpu_uuid": "GPU-6f954bfd-7081-31b7-f15c-f9a174bf4d7f", "gpu_util_percent": 22.0, "gpu_mem_util_percent": 2.0, "gpu_mem_used_mib": 7438.0, "gpu_mem_total_mib": 49140.0, "gpu_power_w": 91.74, "process_present": true, "process_mem_mib": 6928.0, "process_mem_share_percent": 14.098494098494099, "process_util_available": true, "process_util_backend": "nvml", "process_sm_util_percent": 22.0, "process_mem_util_percent": 2.0}
{"timestamp_unix": 1772435736.7853773, "pid": 69812, "device_index": 0, "gpu_uuid": "GPU-6f954bfd-7081-31b7-f15c-f9a174bf4d7f", "gpu_util_percent": 22.0, "gpu_mem_util_percent": 3.0, "gpu_mem_used_mib": 7434.0, "gpu_mem_total_mib": 49140.0, "gpu_power_w": 91.74, "process_present": true, "process_mem_mib": 6928.0, "process_mem_share_percent": 14.098494098494099, "process_util_available": true, "process_util_backend": "nvml", "process_sm_util_percent": 21.0, "process_mem_util_percent": 2.0}
{"timestamp_unix": 1772435737.0719583, "pid": 69812, "device_index": 0, "gpu_uuid": "GPU-6f954bfd-7081-31b7-f15c-f9a174bf4d7f", "gpu_util_percent": 22.0, "gpu_mem_util_percent": 3.0, "gpu_mem_used_mib": 7438.0, "gpu_mem_total_mib": 49140.0, "gpu_power_w": 91.74, "process_present": true, "process_mem_mib": 6928.0, "process_mem_share_percent": 14.098494098494099, "process_util_available": true, "process_util_backend": "nvml", "process_sm_util_percent": 22.0, "process_mem_util_percent": 2.0}
{"timestamp_unix": 1772435737.364275, "pid": 69812, "device_index": 0, "gpu_uuid": "GPU-6f954bfd-7081-31b7-f15c-f9a174bf4d7f", "gpu_util_percent": 22.0, "gpu_mem_util_percent": 3.0, "gpu_mem_used_mib": 7438.0, "gpu_mem_total_mib": 49140.0, "gpu_power_w": 91.88, "process_present": true, "process_mem_mib": 6928.0, "process_mem_share_percent": 14.098494098494099, "process_util_available": true, "process_util_backend": "nvml", "process_sm_util_percent": 22.0, "process_mem_util_percent": 2.0}
{"timestamp_unix": 1772435737.6519685, "pid": 69812, "device_index": 0, "gpu_uuid": "GPU-6f954bfd-7081-31b7-f15c-f9a174bf4d7f", "gpu_util_percent": 23.0, "gpu_mem_util_percent": 2.0, "gpu_mem_used_mib": 7438.0, "gpu_mem_total_mib": 49140.0, "gpu_power_w": 91.72, "process_present": true, "process_mem_mib": 6928.0, "process_mem_share_percent": 14.098494098494099, "process_util_available": true, "process_util_backend": "nvml", "process_sm_util_percent": 22.0, "process_mem_util_percent": 2.0}
{"timestamp_unix": 1772435737.9456904, "pid": 69812, "device_index": 0, "gpu_uuid": "GPU-6f954bfd-7081-31b7-f15c-f9a174bf4d7f", "gpu_util_percent": 23.0, "gpu_mem_util_percent": 2.0, "gpu_mem_used_mib": 7438.0, "gpu_mem_total_mib": 49140.0, "gpu_power_w": 91.72, "process_present": true, "process_mem_mib": 6928.0, "process_mem_share_percent": 14.098494098494099, "process_util_available": true, "process_util_backend": "nvml", "process_sm_util_percent": 23.0, "process_mem_util_percent": 2.0}
{"timestamp_unix": 1772435738.235398, "pid": 69812, "device_index": 0, "gpu_uuid": "GPU-6f954bfd-7081-31b7-f15c-f9a174bf4d7f", "gpu_util_percent": 23.0, "gpu_mem_util_percent": 2.0, "gpu_mem_used_mib": 7438.0, "gpu_mem_total_mib": 49140.0, "gpu_power_w": 91.71, "process_present": true, "process_mem_mib": 6928.0, "process_mem_share_percent": 14.098494098494099, "process_util_available": true, "process_util_backend": "nvml", "process_sm_util_percent": 10.0, "process_mem_util_percent": 1.0}
{"timestamp_unix": 1772435738.527704, "pid": 69812, "device_index": 0, "gpu_uuid": "GPU-6f954bfd-7081-31b7-f15c-f9a174bf4d7f", "gpu_util_percent": 23.0, "gpu_mem_util_percent": 2.0, "gpu_mem_used_mib": 7438.0, "gpu_mem_total_mib": 49140.0, "gpu_power_w": 91.71, "process_present": true, "process_mem_mib": 6928.0, "process_mem_share_percent": 14.098494098494099, "process_util_available": true, "process_util_backend": "nvml", "process_sm_util_percent": 23.0, "process_mem_util_percent": 2.0}
{"timestamp_unix": 1772435738.8293638, "pid": 69812, "device_index": 0, "gpu_uuid": "GPU-6f954bfd-7081-31b7-f15c-f9a174bf4d7f", "gpu_util_percent": 24.0, "gpu_mem_util_percent": 2.0, "gpu_mem_used_mib": 7438.0, "gpu_mem_total_mib": 49140.0, "gpu_power_w": 91.01, "process_present": true, "process_mem_mib": 6928.0, "process_mem_share_percent": 14.098494098494099, "process_util_available": true, "process_util_backend": "nvml", "process_sm_util_percent": 23.0, "process_mem_util_percent": 2.0}
{"timestamp_unix": 1772435739.1297693, "pid": 69812, "device_index": 0, "gpu_uuid": "GPU-6f954bfd-7081-31b7-f15c-f9a174bf4d7f", "gpu_util_percent": 24.0, "gpu_mem_util_percent": 2.0, "gpu_mem_used_mib": 7438.0, "gpu_mem_total_mib": 49140.0, "gpu_power_w": 91.01, "process_present": true, "process_mem_mib": 6928.0, "process_mem_share_percent": 14.098494098494099, "process_util_available": true, "process_util_backend": "nvml", "process_sm_util_percent": null, "process_mem_util_percent": null}
{"timestamp_unix": 1772435739.4292176, "pid": 69812, "device_index": 0, "gpu_uuid": "GPU-6f954bfd-7081-31b7-f15c-f9a174bf4d7f", "gpu_util_percent": 24.0, "gpu_mem_util_percent": 2.0, "gpu_mem_used_mib": 7438.0, "gpu_mem_total_mib": 49140.0, "gpu_power_w": 90.95, "process_present": true, "process_mem_mib": 6928.0, "process_mem_share_percent": 14.098494098494099, "process_util_available": true, "process_util_backend": "nvml", "process_sm_util_percent": 24.0, "process_mem_util_percent": 2.0}
{"timestamp_unix": 1772435739.7191007, "pid": 69812, "device_index": 0, "gpu_uuid": "GPU-6f954bfd-7081-31b7-f15c-f9a174bf4d7f", "gpu_util_percent": 24.0, "gpu_mem_util_percent": 2.0, "gpu_mem_used_mib": 7438.0, "gpu_mem_total_mib": 49140.0, "gpu_power_w": 91.49, "process_present": true, "process_mem_mib": 6928.0, "process_mem_share_percent": 14.098494098494099, "process_util_available": true, "process_util_backend": "nvml", "process_sm_util_percent": 23.0, "process_mem_util_percent": 2.0}
{"timestamp_unix": 1772435740.0088987, "pid": 69812, "device_index": 0, "gpu_uuid": "GPU-6f954bfd-7081-31b7-f15c-f9a174bf4d7f", "gpu_util_percent": 24.0, "gpu_mem_util_percent": 2.0, "gpu_mem_used_mib": 7437.0, "gpu_mem_total_mib": 49140.0, "gpu_power_w": 91.49, "process_present": true, "process_mem_mib": 6928.0, "process_mem_share_percent": 14.098494098494099, "process_util_available": true, "process_util_backend": "nvml", "process_sm_util_percent": 23.0, "process_mem_util_percent": 2.0}
{"timestamp_unix": 1772435740.2997863, "pid": 69812, "device_index": 0, "gpu_uuid": "GPU-6f954bfd-7081-31b7-f15c-f9a174bf4d7f", "gpu_util_percent": 24.0, "gpu_mem_util_percent": 2.0, "gpu_mem_used_mib": 7437.0, "gpu_mem_total_mib": 49140.0, "gpu_power_w": 91.62, "process_present": true, "process_mem_mib": 6928.0, "process_mem_share_percent": 14.098494098494099, "process_util_available": true, "process_util_backend": "nvml", "process_sm_util_percent": 24.0, "process_mem_util_percent": 2.0}
{"timestamp_unix": 1772435740.5881302, "pid": 69812, "device_index": 0, "gpu_uuid": "GPU-6f954bfd-7081-31b7-f15c-f9a174bf4d7f", "gpu_util_percent": 24.0, "gpu_mem_util_percent": 2.0, "gpu_mem_used_mib": 7437.0, "gpu_mem_total_mib": 49140.0, "gpu_power_w": 91.62, "process_present": true, "process_mem_mib": 6928.0, "process_mem_share_percent": 14.098494098494099, "process_util_available": true, "process_util_backend": "nvml", "process_sm_util_percent": 24.0, "process_mem_util_percent": 2.0}
{"timestamp_unix": 1772435740.8803248, "pid": 69812, "device_index": 0, "gpu_uuid": "GPU-6f954bfd-7081-31b7-f15c-f9a174bf4d7f", "gpu_util_percent": 25.0, "gpu_mem_util_percent": 3.0, "gpu_mem_used_mib": 7437.0, "gpu_mem_total_mib": 49140.0, "gpu_power_w": 91.71, "process_present": true, "process_mem_mib": 6928.0, "process_mem_share_percent": 14.098494098494099, "process_util_available": true, "process_util_backend": "nvml", "process_sm_util_percent": 24.0, "process_mem_util_percent": 2.0}
{"timestamp_unix": 1772435741.1686668, "pid": 69812, "device_index": 0, "gpu_uuid": "GPU-6f954bfd-7081-31b7-f15c-f9a174bf4d7f", "gpu_util_percent": 25.0, "gpu_mem_util_percent": 3.0, "gpu_mem_used_mib": 7437.0, "gpu_mem_total_mib": 49140.0, "gpu_power_w": 91.7, "process_present": true, "process_mem_mib": 6928.0, "process_mem_share_percent": 14.098494098494099, "process_util_available": true, "process_util_backend": "nvml", "process_sm_util_percent": 23.0, "process_mem_util_percent": 2.0}
{"timestamp_unix": 1772435741.4809089, "pid": 69812, "device_index": 0, "gpu_uuid": "GPU-6f954bfd-7081-31b7-f15c-f9a174bf4d7f", "gpu_util_percent": 25.0, "gpu_mem_util_percent": 3.0, "gpu_mem_used_mib": 7437.0, "gpu_mem_total_mib": 49140.0, "gpu_power_w": 91.7, "process_present": true, "process_mem_mib": 6928.0, "process_mem_share_percent": 14.098494098494099, "process_util_available": true, "process_util_backend": "nvml", "process_sm_util_percent": 25.0, "process_mem_util_percent": 2.0}
{"timestamp_unix": 1772435741.8101356, "pid": 69812, "device_index": 0, "gpu_uuid": "GPU-6f954bfd-7081-31b7-f15c-f9a174bf4d7f", "gpu_util_percent": 25.0, "gpu_mem_util_percent": 3.0, "gpu_mem_used_mib": 7433.0, "gpu_mem_total_mib": 49140.0, "gpu_power_w": 91.76, "process_present": true, "process_mem_mib": 6928.0, "process_mem_share_percent": 14.098494098494099, "process_util_available": true, "process_util_backend": "nvml", "process_sm_util_percent": 24.0, "process_mem_util_percent": 2.0}
{"timestamp_unix": 1772435742.1124988, "pid": 69812, "device_index": 0, "gpu_uuid": "GPU-6f954bfd-7081-31b7-f15c-f9a174bf4d7f", "gpu_util_percent": 25.0, "gpu_mem_util_percent": 3.0, "gpu_mem_used_mib": 7433.0, "gpu_mem_total_mib": 49140.0, "gpu_power_w": 91.76, "process_present": true, "process_mem_mib": 6928.0, "process_mem_share_percent": 14.098494098494099, "process_util_available": true, "process_util_backend": "nvml", "process_sm_util_percent": 24.0, "process_mem_util_percent": 2.0}
{"timestamp_unix": 1772435742.408992, "pid": 69812, "device_index": 0, "gpu_uuid": "GPU-6f954bfd-7081-31b7-f15c-f9a174bf4d7f", "gpu_util_percent": 25.0, "gpu_mem_util_percent": 3.0, "gpu_mem_used_mib": 7433.0, "gpu_mem_total_mib": 49140.0, "gpu_power_w": 91.88, "process_present": true, "process_mem_mib": 6928.0, "process_mem_share_percent": 14.098494098494099, "process_util_available": true, "process_util_backend": "nvml", "process_sm_util_percent": null, "process_mem_util_percent": null}
{"timestamp_unix": 1772435742.6972995, "pid": 69812, "device_index": 0, "gpu_uuid": "GPU-6f954bfd-7081-31b7-f15c-f9a174bf4d7f", "gpu_util_percent": 15.0, "gpu_mem_util_percent": 1.0, "gpu_mem_used_mib": 7495.0, "gpu_mem_total_mib": 49140.0, "gpu_power_w": 89.67, "process_present": true, "process_mem_mib": 6990.0, "process_mem_share_percent": 14.224664224664224, "process_util_available": true, "process_util_backend": "nvml", "process_sm_util_percent": 9.0, "process_mem_util_percent": 0.0}
{"timestamp_unix": 1772435742.9832795, "pid": 69812, "device_index": 0, "gpu_uuid": "GPU-6f954bfd-7081-31b7-f15c-f9a174bf4d7f", "gpu_util_percent": 15.0, "gpu_mem_util_percent": 1.0, "gpu_mem_used_mib": 7495.0, "gpu_mem_total_mib": 49140.0, "gpu_power_w": 89.67, "process_present": true, "process_mem_mib": 6990.0, "process_mem_share_percent": 14.224664224664224, "process_util_available": true, "process_util_backend": "nvml", "process_sm_util_percent": 24.0, "process_mem_util_percent": 2.0}
{"timestamp_unix": 1772435743.2721736, "pid": 69812, "device_index": 0, "gpu_uuid": "GPU-6f954bfd-7081-31b7-f15c-f9a174bf4d7f", "gpu_util_percent": 15.0, "gpu_mem_util_percent": 1.0, "gpu_mem_used_mib": 7495.0, "gpu_mem_total_mib": 49140.0, "gpu_power_w": 89.46, "process_present": true, "process_mem_mib": 6990.0, "process_mem_share_percent": 14.224664224664224, "process_util_available": true, "process_util_backend": "nvml", "process_sm_util_percent": 12.0, "process_mem_util_percent": 1.0}
{"timestamp_unix": 1772435743.5639856, "pid": 69812, "device_index": 0, "gpu_uuid": "GPU-6f954bfd-7081-31b7-f15c-f9a174bf4d7f", "gpu_util_percent": 15.0, "gpu_mem_util_percent": 1.0, "gpu_mem_used_mib": 7495.0, "gpu_mem_total_mib": 49140.0, "gpu_power_w": 89.46, "process_present": true, "process_mem_mib": 6990.0, "process_mem_share_percent": 14.224664224664224, "process_util_available": true, "process_util_backend": "nvml", "process_sm_util_percent": 25.0, "process_mem_util_percent": 2.0}
{"timestamp_unix": 1772435743.8529937, "pid": 69812, "device_index": 0, "gpu_uuid": "GPU-6f954bfd-7081-31b7-f15c-f9a174bf4d7f", "gpu_util_percent": 25.0, "gpu_mem_util_percent": 3.0, "gpu_mem_used_mib": 7495.0, "gpu_mem_total_mib": 49140.0, "gpu_power_w": 91.19, "process_present": true, "process_mem_mib": 6990.0, "process_mem_share_percent": 14.224664224664224, "process_util_available": true, "process_util_backend": "nvml", "process_sm_util_percent": 25.0, "process_mem_util_percent": 2.0}
{"timestamp_unix": 1772435744.1581323, "pid": 69812, "device_index": 0, "gpu_uuid": "GPU-6f954bfd-7081-31b7-f15c-f9a174bf4d7f", "gpu_util_percent": 25.0, "gpu_mem_util_percent": 3.0, "gpu_mem_used_mib": 7495.0, "gpu_mem_total_mib": 49140.0, "gpu_power_w": 92.18, "process_present": true, "process_mem_mib": 6990.0, "process_mem_share_percent": 14.224664224664224, "process_util_available": true, "process_util_backend": "nvml", "process_sm_util_percent": null, "process_mem_util_percent": null}
{"timestamp_unix": 1772435744.475934, "pid": 69812, "device_index": 0, "gpu_uuid": "GPU-6f954bfd-7081-31b7-f15c-f9a174bf4d7f", "gpu_util_percent": 25.0, "gpu_mem_util_percent": 3.0, "gpu_mem_used_mib": 7495.0, "gpu_mem_total_mib": 49140.0, "gpu_power_w": 92.18, "process_present": true, "process_mem_mib": 6990.0, "process_mem_share_percent": 14.224664224664224, "process_util_available": true, "process_util_backend": "nvml", "process_sm_util_percent": null, "process_mem_util_percent": null}
{"timestamp_unix": 1772435744.7806988, "pid": 69812, "device_index": 0, "gpu_uuid": "GPU-6f954bfd-7081-31b7-f15c-f9a174bf4d7f", "gpu_util_percent": 26.0, "gpu_mem_util_percent": 2.0, "gpu_mem_used_mib": 7495.0, "gpu_mem_total_mib": 49140.0, "gpu_power_w": 92.22, "process_present": true, "process_mem_mib": 6990.0, "process_mem_share_percent": 14.224664224664224, "process_util_available": true, "process_util_backend": "nvml", "process_sm_util_percent": null, "process_mem_util_percent": null}
{"timestamp_unix": 1772435745.0702145, "pid": 69812, "device_index": 0, "gpu_uuid": "GPU-6f954bfd-7081-31b7-f15c-f9a174bf4d7f", "gpu_util_percent": 26.0, "gpu_mem_util_percent": 2.0, "gpu_mem_used_mib": 7495.0, "gpu_mem_total_mib": 49140.0, "gpu_power_w": 92.22, "process_present": true, "process_mem_mib": 6990.0, "process_mem_share_percent": 14.224664224664224, "process_util_available": true, "process_util_backend": "nvml", "process_sm_util_percent": 25.0, "process_mem_util_percent": 2.0}
{"timestamp_unix": 1772435745.3607442, "pid": 69812, "device_index": 0, "gpu_uuid": "GPU-6f954bfd-7081-31b7-f15c-f9a174bf4d7f", "gpu_util_percent": 26.0, "gpu_mem_util_percent": 2.0, "gpu_mem_used_mib": 7495.0, "gpu_mem_total_mib": 49140.0, "gpu_power_w": 92.28, "process_present": true, "process_mem_mib": 6990.0, "process_mem_share_percent": 14.224664224664224, "process_util_available": true, "process_util_backend": "nvml", "process_sm_util_percent": 25.0, "process_mem_util_percent": 2.0}
{"timestamp_unix": 1772435745.6500163, "pid": 69812, "device_index": 0, "gpu_uuid": "GPU-6f954bfd-7081-31b7-f15c-f9a174bf4d7f", "gpu_util_percent": 25.0, "gpu_mem_util_percent": 2.0, "gpu_mem_used_mib": 7495.0, "gpu_mem_total_mib": 49140.0, "gpu_power_w": 92.22, "process_present": true, "process_mem_mib": 6990.0, "process_mem_share_percent": 14.224664224664224, "process_util_available": true, "process_util_backend": "nvml", "process_sm_util_percent": 25.0, "process_mem_util_percent": 2.0}
{"timestamp_unix": 1772435745.9416611, "pid": 69812, "device_index": 0, "gpu_uuid": "GPU-6f954bfd-7081-31b7-f15c-f9a174bf4d7f", "gpu_util_percent": 25.0, "gpu_mem_util_percent": 2.0, "gpu_mem_used_mib": 7495.0, "gpu_mem_total_mib": 49140.0, "gpu_power_w": 92.22, "process_present": true, "process_mem_mib": 6990.0, "process_mem_share_percent": 14.224664224664224, "process_util_available": true, "process_util_backend": "nvml", "process_sm_util_percent": 25.0, "process_mem_util_percent": 2.0}
{"timestamp_unix": 1772435746.2328117, "pid": 69812, "device_index": 0, "gpu_uuid": "GPU-6f954bfd-7081-31b7-f15c-f9a174bf4d7f", "gpu_util_percent": 25.0, "gpu_mem_util_percent": 2.0, "gpu_mem_used_mib": 7493.0, "gpu_mem_total_mib": 49140.0, "gpu_power_w": 92.17, "process_present": true, "process_mem_mib": 6990.0, "process_mem_share_percent": 14.224664224664224, "process_util_available": true, "process_util_backend": "nvml", "process_sm_util_percent": 25.0, "process_mem_util_percent": 2.0}
{"timestamp_unix": 1772435746.524124, "pid": 69812, "device_index": 0, "gpu_uuid": "GPU-6f954bfd-7081-31b7-f15c-f9a174bf4d7f", "gpu_util_percent": 25.0, "gpu_mem_util_percent": 2.0, "gpu_mem_used_mib": 7493.0, "gpu_mem_total_mib": 49140.0, "gpu_power_w": 92.17, "process_present": true, "process_mem_mib": 6990.0, "process_mem_share_percent": 14.224664224664224, "process_util_available": true, "process_util_backend": "nvml", "process_sm_util_percent": 25.0, "process_mem_util_percent": 2.0}
{"timestamp_unix": 1772435746.8302293, "pid": 69812, "device_index": 0, "gpu_uuid": "GPU-6f954bfd-7081-31b7-f15c-f9a174bf4d7f", "gpu_util_percent": 24.0, "gpu_mem_util_percent": 2.0, "gpu_mem_used_mib": 7493.0, "gpu_mem_total_mib": 49140.0, "gpu_power_w": 92.0, "process_present": true, "process_mem_mib": 6990.0, "process_mem_share_percent": 14.224664224664224, "process_util_available": true, "process_util_backend": "nvml", "process_sm_util_percent": 24.0, "process_mem_util_percent": 2.0}
{"timestamp_unix": 1772435747.1293428, "pid": 69812, "device_index": 0, "gpu_uuid": "GPU-6f954bfd-7081-31b7-f15c-f9a174bf4d7f", "gpu_util_percent": 24.0, "gpu_mem_util_percent": 2.0, "gpu_mem_used_mib": 7495.0, "gpu_mem_total_mib": 49140.0, "gpu_power_w": 92.0, "process_present": true, "process_mem_mib": 6990.0, "process_mem_share_percent": 14.224664224664224, "process_util_available": true, "process_util_backend": "nvml", "process_sm_util_percent": 25.0, "process_mem_util_percent": 2.0}
{"timestamp_unix": 1772435747.4401476, "pid": 69812, "device_index": 0, "gpu_uuid": "GPU-6f954bfd-7081-31b7-f15c-f9a174bf4d7f", "gpu_util_percent": 24.0, "gpu_mem_util_percent": 2.0, "gpu_mem_used_mib": 7495.0, "gpu_mem_total_mib": 49140.0, "gpu_power_w": 91.86, "process_present": true, "process_mem_mib": 6990.0, "process_mem_share_percent": 14.224664224664224, "process_util_available": true, "process_util_backend": "nvml", "process_sm_util_percent": 26.0, "process_mem_util_percent": 2.0}
{"timestamp_unix": 1772435747.7435381, "pid": 69812, "device_index": 0, "gpu_uuid": "GPU-6f954bfd-7081-31b7-f15c-f9a174bf4d7f", "gpu_util_percent": 25.0, "gpu_mem_util_percent": 2.0, "gpu_mem_used_mib": 7495.0, "gpu_mem_total_mib": 49140.0, "gpu_power_w": 91.9, "process_present": true, "process_mem_mib": 6990.0, "process_mem_share_percent": 14.224664224664224, "process_util_available": true, "process_util_backend": "nvml", "process_sm_util_percent": 25.0, "process_mem_util_percent": 2.0}
{"timestamp_unix": 1772435748.033833, "pid": 69812, "device_index": 0, "gpu_uuid": "GPU-6f954bfd-7081-31b7-f15c-f9a174bf4d7f", "gpu_util_percent": 25.0, "gpu_mem_util_percent": 2.0, "gpu_mem_used_mib": 7495.0, "gpu_mem_total_mib": 49140.0, "gpu_power_w": 91.9, "process_present": true, "process_mem_mib": 6990.0, "process_mem_share_percent": 14.224664224664224, "process_util_available": true, "process_util_backend": "nvml", "process_sm_util_percent": 25.0, "process_mem_util_percent": 2.0}
{"timestamp_unix": 1772435748.322915, "pid": 69812, "device_index": 0, "gpu_uuid": "GPU-6f954bfd-7081-31b7-f15c-f9a174bf4d7f", "gpu_util_percent": 25.0, "gpu_mem_util_percent": 2.0, "gpu_mem_used_mib": 7495.0, "gpu_mem_total_mib": 49140.0, "gpu_power_w": 91.96, "process_present": true, "process_mem_mib": 6990.0, "process_mem_share_percent": 14.224664224664224, "process_util_available": true, "process_util_backend": "nvml", "process_sm_util_percent": 25.0, "process_mem_util_percent": 2.0}
{"timestamp_unix": 1772435748.6139774, "pid": 69812, "device_index": 0, "gpu_uuid": "GPU-6f954bfd-7081-31b7-f15c-f9a174bf4d7f", "gpu_util_percent": 25.0, "gpu_mem_util_percent": 2.0, "gpu_mem_used_mib": 7495.0, "gpu_mem_total_mib": 49140.0, "gpu_power_w": 91.96, "process_present": true, "process_mem_mib": 6990.0, "process_mem_share_percent": 14.224664224664224, "process_util_available": true, "process_util_backend": "nvml", "process_sm_util_percent": 25.0, "process_mem_util_percent": 2.0}
{"timestamp_unix": 1772435748.9039347, "pid": 69812, "device_index": 0, "gpu_uuid": "GPU-6f954bfd-7081-31b7-f15c-f9a174bf4d7f", "gpu_util_percent": 26.0, "gpu_mem_util_percent": 3.0, "gpu_mem_used_mib": 7495.0, "gpu_mem_total_mib": 49140.0, "gpu_power_w": 91.89, "process_present": true, "process_mem_mib": 6990.0, "process_mem_share_percent": 14.224664224664224, "process_util_available": true, "process_util_backend": "nvml", "process_sm_util_percent": 25.0, "process_mem_util_percent": 2.0}
{"timestamp_unix": 1772435749.1950107, "pid": 69812, "device_index": 0, "gpu_uuid": "GPU-6f954bfd-7081-31b7-f15c-f9a174bf4d7f", "gpu_util_percent": 26.0, "gpu_mem_util_percent": 3.0, "gpu_mem_used_mib": 7495.0, "gpu_mem_total_mib": 49140.0, "gpu_power_w": 91.76, "process_present": true, "process_mem_mib": 6990.0, "process_mem_share_percent": 14.224664224664224, "process_util_available": true, "process_util_backend": "nvml", "process_sm_util_percent": 24.0, "process_mem_util_percent": 2.0}
{"timestamp_unix": 1772435749.4850252, "pid": 69812, "device_index": 0, "gpu_uuid": "GPU-6f954bfd-7081-31b7-f15c-f9a174bf4d7f", "gpu_util_percent": 26.0, "gpu_mem_util_percent": 3.0, "gpu_mem_used_mib": 7495.0, "gpu_mem_total_mib": 49140.0, "gpu_power_w": 91.76, "process_present": true, "process_mem_mib": 6990.0, "process_mem_share_percent": 14.224664224664224, "process_util_available": true, "process_util_backend": "nvml", "process_sm_util_percent": 25.0, "process_mem_util_percent": 2.0}
{"timestamp_unix": 1772435749.7902348, "pid": 69812, "device_index": 0, "gpu_uuid": "GPU-6f954bfd-7081-31b7-f15c-f9a174bf4d7f", "gpu_util_percent": 26.0, "gpu_mem_util_percent": 2.0, "gpu_mem_used_mib": 7495.0, "gpu_mem_total_mib": 49140.0, "gpu_power_w": 91.6, "process_present": true, "process_mem_mib": 6990.0, "process_mem_share_percent": 14.224664224664224, "process_util_available": true, "process_util_backend": "nvml", "process_sm_util_percent": 24.0, "process_mem_util_percent": 2.0}
{"timestamp_unix": 1772435750.0963151, "pid": 69812, "device_index": 0, "gpu_uuid": "GPU-6f954bfd-7081-31b7-f15c-f9a174bf4d7f", "gpu_util_percent": 26.0, "gpu_mem_util_percent": 2.0, "gpu_mem_used_mib": 7494.0, "gpu_mem_total_mib": 49140.0, "gpu_power_w": 91.6, "process_present": true, "process_mem_mib": 6990.0, "process_mem_share_percent": 14.224664224664224, "process_util_available": true, "process_util_backend": "nvml", "process_sm_util_percent": 21.0, "process_mem_util_percent": 2.0}
{"timestamp_unix": 1772435750.3969123, "pid": 69812, "device_index": 0, "gpu_uuid": "GPU-6f954bfd-7081-31b7-f15c-f9a174bf4d7f", "gpu_util_percent": 26.0, "gpu_mem_util_percent": 2.0, "gpu_mem_used_mib": 7494.0, "gpu_mem_total_mib": 49140.0, "gpu_power_w": 91.04, "process_present": true, "process_mem_mib": 6990.0, "process_mem_share_percent": 14.224664224664224, "process_util_available": true, "process_util_backend": "nvml", "process_sm_util_percent": 23.0, "process_mem_util_percent": 2.0}
{"timestamp_unix": 1772435750.6851072, "pid": 69812, "device_index": 0, "gpu_uuid": "GPU-6f954bfd-7081-31b7-f15c-f9a174bf4d7f", "gpu_util_percent": 24.0, "gpu_mem_util_percent": 3.0, "gpu_mem_used_mib": 7494.0, "gpu_mem_total_mib": 49140.0, "gpu_power_w": 91.1, "process_present": true, "process_mem_mib": 6990.0, "process_mem_share_percent": 14.224664224664224, "process_util_available": true, "process_util_backend": "nvml", "process_sm_util_percent": 23.0, "process_mem_util_percent": 2.0}
{"timestamp_unix": 1772435750.9755926, "pid": 69812, "device_index": 0, "gpu_uuid": "GPU-6f954bfd-7081-31b7-f15c-f9a174bf4d7f", "gpu_util_percent": 24.0, "gpu_mem_util_percent": 3.0, "gpu_mem_used_mib": 7494.0, "gpu_mem_total_mib": 49140.0, "gpu_power_w": 91.1, "process_present": true, "process_mem_mib": 6990.0, "process_mem_share_percent": 14.224664224664224, "process_util_available": true, "process_util_backend": "nvml", "process_sm_util_percent": 23.0, "process_mem_util_percent": 2.0}
{"timestamp_unix": 1772435751.2664964, "pid": 69812, "device_index": 0, "gpu_uuid": "GPU-6f954bfd-7081-31b7-f15c-f9a174bf4d7f", "gpu_util_percent": 24.0, "gpu_mem_util_percent": 3.0, "gpu_mem_used_mib": 7493.0, "gpu_mem_total_mib": 49140.0, "gpu_power_w": 91.58, "process_present": true, "process_mem_mib": 6990.0, "process_mem_share_percent": 14.224664224664224, "process_util_available": true, "process_util_backend": "nvml", "process_sm_util_percent": 23.0, "process_mem_util_percent": 2.0}
{"timestamp_unix": 1772435751.5561619, "pid": 69812, "device_index": 0, "gpu_uuid": "GPU-6f954bfd-7081-31b7-f15c-f9a174bf4d7f", "gpu_util_percent": 24.0, "gpu_mem_util_percent": 3.0, "gpu_mem_used_mib": 7493.0, "gpu_mem_total_mib": 49140.0, "gpu_power_w": 91.58, "process_present": true, "process_mem_mib": 6990.0, "process_mem_share_percent": 14.224664224664224, "process_util_available": true, "process_util_backend": "nvml", "process_sm_util_percent": 23.0, "process_mem_util_percent": 2.0}
{"timestamp_unix": 1772435751.857168, "pid": 69812, "device_index": 0, "gpu_uuid": "GPU-6f954bfd-7081-31b7-f15c-f9a174bf4d7f", "gpu_util_percent": 25.0, "gpu_mem_util_percent": 3.0, "gpu_mem_used_mib": 7493.0, "gpu_mem_total_mib": 49140.0, "gpu_power_w": 91.68, "process_present": true, "process_mem_mib": 6990.0, "process_mem_share_percent": 14.224664224664224, "process_util_available": true, "process_util_backend": "nvml", "process_sm_util_percent": 23.0, "process_mem_util_percent": 2.0}
{"timestamp_unix": 1772435752.1475985, "pid": 69812, "device_index": 0, "gpu_uuid": "GPU-6f954bfd-7081-31b7-f15c-f9a174bf4d7f", "gpu_util_percent": 25.0, "gpu_mem_util_percent": 3.0, "gpu_mem_used_mib": 7493.0, "gpu_mem_total_mib": 49140.0, "gpu_power_w": 91.71, "process_present": true, "process_mem_mib": 6990.0, "process_mem_share_percent": 14.224664224664224, "process_util_available": true, "process_util_backend": "nvml", "process_sm_util_percent": 23.0, "process_mem_util_percent": 2.0}
{"timestamp_unix": 1772435752.457467, "pid": 69812, "device_index": 0, "gpu_uuid": "GPU-6f954bfd-7081-31b7-f15c-f9a174bf4d7f", "gpu_util_percent": 25.0, "gpu_mem_util_percent": 3.0, "gpu_mem_used_mib": 7493.0, "gpu_mem_total_mib": 49140.0, "gpu_power_w": 91.71, "process_present": true, "process_mem_mib": 6990.0, "process_mem_share_percent": 14.224664224664224, "process_util_available": true, "process_util_backend": "nvml", "process_sm_util_percent": 23.0, "process_mem_util_percent": 2.0}
{"timestamp_unix": 1772435752.7618642, "pid": 69812, "device_index": 0, "gpu_uuid": "GPU-6f954bfd-7081-31b7-f15c-f9a174bf4d7f", "gpu_util_percent": 24.0, "gpu_mem_util_percent": 3.0, "gpu_mem_used_mib": 7493.0, "gpu_mem_total_mib": 49140.0, "gpu_power_w": 91.71, "process_present": true, "process_mem_mib": 6990.0, "process_mem_share_percent": 14.224664224664224, "process_util_available": true, "process_util_backend": "nvml", "process_sm_util_percent": 23.0, "process_mem_util_percent": 2.0}
{"timestamp_unix": 1772435753.0655894, "pid": 69812, "device_index": 0, "gpu_uuid": "GPU-6f954bfd-7081-31b7-f15c-f9a174bf4d7f", "gpu_util_percent": 24.0, "gpu_mem_util_percent": 3.0, "gpu_mem_used_mib": 7493.0, "gpu_mem_total_mib": 49140.0, "gpu_power_w": 91.71, "process_present": true, "process_mem_mib": 6990.0, "process_mem_share_percent": 14.224664224664224, "process_util_available": true, "process_util_backend": "nvml", "process_sm_util_percent": 23.0, "process_mem_util_percent": 2.0}
{"timestamp_unix": 1772435753.356037, "pid": 69812, "device_index": 0, "gpu_uuid": "GPU-6f954bfd-7081-31b7-f15c-f9a174bf4d7f", "gpu_util_percent": 24.0, "gpu_mem_util_percent": 3.0, "gpu_mem_used_mib": 7486.0, "gpu_mem_total_mib": 49140.0, "gpu_power_w": 91.81, "process_present": true, "process_mem_mib": 6990.0, "process_mem_share_percent": 14.224664224664224, "process_util_available": true, "process_util_backend": "nvml", "process_sm_util_percent": 23.0, "process_mem_util_percent": 2.0}
{"timestamp_unix": 1772435753.648014, "pid": 69812, "device_index": 0, "gpu_uuid": "GPU-6f954bfd-7081-31b7-f15c-f9a174bf4d7f", "gpu_util_percent": 24.0, "gpu_mem_util_percent": 3.0, "gpu_mem_used_mib": 7486.0, "gpu_mem_total_mib": 49140.0, "gpu_power_w": 91.91, "process_present": true, "process_mem_mib": 6990.0, "process_mem_share_percent": 14.224664224664224, "process_util_available": true, "process_util_backend": "nvml", "process_sm_util_percent": 22.0, "process_mem_util_percent": 2.0}
{"timestamp_unix": 1772435753.9388664, "pid": 69812, "device_index": 0, "gpu_uuid": "GPU-6f954bfd-7081-31b7-f15c-f9a174bf4d7f", "gpu_util_percent": 24.0, "gpu_mem_util_percent": 3.0, "gpu_mem_used_mib": 7486.0, "gpu_mem_total_mib": 49140.0, "gpu_power_w": 91.91, "process_present": true, "process_mem_mib": 6990.0, "process_mem_share_percent": 14.224664224664224, "process_util_available": true, "process_util_backend": "nvml", "process_sm_util_percent": 22.0, "process_mem_util_percent": 2.0}
{"timestamp_unix": 1772435754.2317343, "pid": 69812, "device_index": 0, "gpu_uuid": "GPU-6f954bfd-7081-31b7-f15c-f9a174bf4d7f", "gpu_util_percent": 24.0, "gpu_mem_util_percent": 3.0, "gpu_mem_used_mib": 7504.0, "gpu_mem_total_mib": 49140.0, "gpu_power_w": 91.96, "process_present": true, "process_mem_mib": 7008.0, "process_mem_share_percent": 14.26129426129426, "process_util_available": true, "process_util_backend": "nvml", "process_sm_util_percent": 11.0, "process_mem_util_percent": 1.0}
{"timestamp_unix": 1772435754.5215802, "pid": 69812, "device_index": 0, "gpu_uuid": "GPU-6f954bfd-7081-31b7-f15c-f9a174bf4d7f", "gpu_util_percent": 24.0, "gpu_mem_util_percent": 3.0, "gpu_mem_used_mib": 7504.0, "gpu_mem_total_mib": 49140.0, "gpu_power_w": 91.96, "process_present": true, "process_mem_mib": 7008.0, "process_mem_share_percent": 14.26129426129426, "process_util_available": true, "process_util_backend": "nvml", "process_sm_util_percent": null, "process_mem_util_percent": null}
{"timestamp_unix": 1772435754.8164415, "pid": 69812, "device_index": 0, "gpu_uuid": "GPU-6f954bfd-7081-31b7-f15c-f9a174bf4d7f", "gpu_util_percent": 16.0, "gpu_mem_util_percent": 1.0, "gpu_mem_used_mib": 7584.0, "gpu_mem_total_mib": 49140.0, "gpu_power_w": 89.38, "process_present": true, "process_mem_mib": 7088.0, "process_mem_share_percent": 14.424094424094424, "process_util_available": true, "process_util_backend": "nvml", "process_sm_util_percent": 21.0, "process_mem_util_percent": 1.0}
{"timestamp_unix": 1772435755.1233795, "pid": 69812, "device_index": 0, "gpu_uuid": "GPU-6f954bfd-7081-31b7-f15c-f9a174bf4d7f", "gpu_util_percent": 16.0, "gpu_mem_util_percent": 1.0, "gpu_mem_used_mib": 7593.0, "gpu_mem_total_mib": 49140.0, "gpu_power_w": 89.38, "process_present": true, "process_mem_mib": 7088.0, "process_mem_share_percent": 14.424094424094424, "process_util_available": true, "process_util_backend": "nvml", "process_sm_util_percent": 26.0, "process_mem_util_percent": 2.0}
{"timestamp_unix": 1772435755.4300108, "pid": 69812, "device_index": 0, "gpu_uuid": "GPU-6f954bfd-7081-31b7-f15c-f9a174bf4d7f", "gpu_util_percent": 16.0, "gpu_mem_util_percent": 1.0, "gpu_mem_used_mib": 7593.0, "gpu_mem_total_mib": 49140.0, "gpu_power_w": 89.49, "process_present": true, "process_mem_mib": 7088.0, "process_mem_share_percent": 14.424094424094424, "process_util_available": true, "process_util_backend": "nvml", "process_sm_util_percent": 25.0, "process_mem_util_percent": 2.0}
{"timestamp_unix": 1772435755.7290552, "pid": 69812, "device_index": 0, "gpu_uuid": "GPU-6f954bfd-7081-31b7-f15c-f9a174bf4d7f", "gpu_util_percent": 26.0, "gpu_mem_util_percent": 3.0, "gpu_mem_used_mib": 7593.0, "gpu_mem_total_mib": 49140.0, "gpu_power_w": 91.72, "process_present": true, "process_mem_mib": 7088.0, "process_mem_share_percent": 14.424094424094424, "process_util_available": true, "process_util_backend": "nvml", "process_sm_util_percent": 24.0, "process_mem_util_percent": 2.0}
{"timestamp_unix": 1772435756.028393, "pid": 69812, "device_index": 0, "gpu_uuid": "GPU-6f954bfd-7081-31b7-f15c-f9a174bf4d7f", "gpu_util_percent": 26.0, "gpu_mem_util_percent": 3.0, "gpu_mem_used_mib": 7593.0, "gpu_mem_total_mib": 49140.0, "gpu_power_w": 91.72, "process_present": true, "process_mem_mib": 7088.0, "process_mem_share_percent": 14.424094424094424, "process_util_available": true, "process_util_backend": "nvml", "process_sm_util_percent": 24.0, "process_mem_util_percent": 2.0}
{"timestamp_unix": 1772435756.319124, "pid": 69812, "device_index": 0, "gpu_uuid": "GPU-6f954bfd-7081-31b7-f15c-f9a174bf4d7f", "gpu_util_percent": 26.0, "gpu_mem_util_percent": 3.0, "gpu_mem_used_mib": 7593.0, "gpu_mem_total_mib": 49140.0, "gpu_power_w": 92.43, "process_present": true, "process_mem_mib": 7088.0, "process_mem_share_percent": 14.424094424094424, "process_util_available": true, "process_util_backend": "nvml", "process_sm_util_percent": 24.0, "process_mem_util_percent": 2.0}
{"timestamp_unix": 1772435756.6068819, "pid": 69812, "device_index": 0, "gpu_uuid": "GPU-6f954bfd-7081-31b7-f15c-f9a174bf4d7f", "gpu_util_percent": 26.0, "gpu_mem_util_percent": 3.0, "gpu_mem_used_mib": 7593.0, "gpu_mem_total_mib": 49140.0, "gpu_power_w": 92.43, "process_present": true, "process_mem_mib": 7088.0, "process_mem_share_percent": 14.424094424094424, "process_util_available": true, "process_util_backend": "nvml", "process_sm_util_percent": 23.0, "process_mem_util_percent": 2.0}
{"timestamp_unix": 1772435756.9004383, "pid": 69812, "device_index": 0, "gpu_uuid": "GPU-6f954bfd-7081-31b7-f15c-f9a174bf4d7f", "gpu_util_percent": 24.0, "gpu_mem_util_percent": 3.0, "gpu_mem_used_mib": 7593.0, "gpu_mem_total_mib": 49140.0, "gpu_power_w": 92.2, "process_present": true, "process_mem_mib": 7088.0, "process_mem_share_percent": 14.424094424094424, "process_util_available": true, "process_util_backend": "nvml", "process_sm_util_percent": 23.0, "process_mem_util_percent": 2.0}
{"timestamp_unix": 1772435757.1890054, "pid": 69812, "device_index": 0, "gpu_uuid": "GPU-6f954bfd-7081-31b7-f15c-f9a174bf4d7f", "gpu_util_percent": 24.0, "gpu_mem_util_percent": 3.0, "gpu_mem_used_mib": 7593.0, "gpu_mem_total_mib": 49140.0, "gpu_power_w": 92.12, "process_present": true, "process_mem_mib": 7088.0, "process_mem_share_percent": 14.424094424094424, "process_util_available": true, "process_util_backend": "nvml", "process_sm_util_percent": 22.0, "process_mem_util_percent": 2.0}
{"timestamp_unix": 1772435757.481388, "pid": 69812, "device_index": 0, "gpu_uuid": "GPU-6f954bfd-7081-31b7-f15c-f9a174bf4d7f", "gpu_util_percent": 24.0, "gpu_mem_util_percent": 3.0, "gpu_mem_used_mib": 7593.0, "gpu_mem_total_mib": 49140.0, "gpu_power_w": 92.12, "process_present": true, "process_mem_mib": 7088.0, "process_mem_share_percent": 14.424094424094424, "process_util_available": true, "process_util_backend": "nvml", "process_sm_util_percent": 21.0, "process_mem_util_percent": 2.0}
{"timestamp_unix": 1772435757.7718775, "pid": 69812, "device_index": 0, "gpu_uuid": "GPU-6f954bfd-7081-31b7-f15c-f9a174bf4d7f", "gpu_util_percent": 23.0, "gpu_mem_util_percent": 3.0, "gpu_mem_used_mib": 7593.0, "gpu_mem_total_mib": 49140.0, "gpu_power_w": 92.11, "process_present": true, "process_mem_mib": 7088.0, "process_mem_share_percent": 14.424094424094424, "process_util_available": true, "process_util_backend": "nvml", "process_sm_util_percent": 22.0, "process_mem_util_percent": 2.0}
{"timestamp_unix": 1772435758.0771513, "pid": 69812, "device_index": 0, "gpu_uuid": "GPU-6f954bfd-7081-31b7-f15c-f9a174bf4d7f", "gpu_util_percent": 23.0, "gpu_mem_util_percent": 3.0, "gpu_mem_used_mib": 7593.0, "gpu_mem_total_mib": 49140.0, "gpu_power_w": 92.11, "process_present": true, "process_mem_mib": 7088.0, "process_mem_share_percent": 14.424094424094424, "process_util_available": true, "process_util_backend": "nvml", "process_sm_util_percent": 20.0, "process_mem_util_percent": 2.0}
{"timestamp_unix": 1772435758.3791115, "pid": 69812, "device_index": 0, "gpu_uuid": "GPU-6f954bfd-7081-31b7-f15c-f9a174bf4d7f", "gpu_util_percent": 23.0, "gpu_mem_util_percent": 3.0, "gpu_mem_used_mib": 7593.0, "gpu_mem_total_mib": 49140.0, "gpu_power_w": 92.17, "process_present": true, "process_mem_mib": 7088.0, "process_mem_share_percent": 14.424094424094424, "process_util_available": true, "process_util_backend": "nvml", "process_sm_util_percent": 21.0, "process_mem_util_percent": 2.0}
{"timestamp_unix": 1772435758.680661, "pid": 69812, "device_index": 0, "gpu_uuid": "GPU-6f954bfd-7081-31b7-f15c-f9a174bf4d7f", "gpu_util_percent": 22.0, "gpu_mem_util_percent": 3.0, "gpu_mem_used_mib": 7593.0, "gpu_mem_total_mib": 49140.0, "gpu_power_w": 92.35, "process_present": true, "process_mem_mib": 7088.0, "process_mem_share_percent": 14.424094424094424, "process_util_available": true, "process_util_backend": "nvml", "process_sm_util_percent": 21.0, "process_mem_util_percent": 2.0}
{"timestamp_unix": 1772435758.9718778, "pid": 69812, "device_index": 0, "gpu_uuid": "GPU-6f954bfd-7081-31b7-f15c-f9a174bf4d7f", "gpu_util_percent": 22.0, "gpu_mem_util_percent": 3.0, "gpu_mem_used_mib": 7593.0, "gpu_mem_total_mib": 49140.0, "gpu_power_w": 92.35, "process_present": true, "process_mem_mib": 7088.0, "process_mem_share_percent": 14.424094424094424, "process_util_available": true, "process_util_backend": "nvml", "process_sm_util_percent": 21.0, "process_mem_util_percent": 2.0}
{"timestamp_unix": 1772435759.2638044, "pid": 69812, "device_index": 0, "gpu_uuid": "GPU-6f954bfd-7081-31b7-f15c-f9a174bf4d7f", "gpu_util_percent": 22.0, "gpu_mem_util_percent": 3.0, "gpu_mem_used_mib": 7592.0, "gpu_mem_total_mib": 49140.0, "gpu_power_w": 92.36, "process_present": true, "process_mem_mib": 7088.0, "process_mem_share_percent": 14.424094424094424, "process_util_available": true, "process_util_backend": "nvml", "process_sm_util_percent": 11.0, "process_mem_util_percent": 1.0}
{"timestamp_unix": 1772435759.5517783, "pid": 69812, "device_index": 0, "gpu_uuid": "GPU-6f954bfd-7081-31b7-f15c-f9a174bf4d7f", "gpu_util_percent": 22.0, "gpu_mem_util_percent": 3.0, "gpu_mem_used_mib": 7592.0, "gpu_mem_total_mib": 49140.0, "gpu_power_w": 92.36, "process_present": true, "process_mem_mib": 7088.0, "process_mem_share_percent": 14.424094424094424, "process_util_available": true, "process_util_backend": "nvml", "process_sm_util_percent": 23.0, "process_mem_util_percent": 2.0}
{"timestamp_unix": 1772435759.8412542, "pid": 69812, "device_index": 0, "gpu_uuid": "GPU-6f954bfd-7081-31b7-f15c-f9a174bf4d7f", "gpu_util_percent": 24.0, "gpu_mem_util_percent": 2.0, "gpu_mem_used_mib": 7592.0, "gpu_mem_total_mib": 49140.0, "gpu_power_w": 92.24, "process_present": true, "process_mem_mib": 7088.0, "process_mem_share_percent": 14.424094424094424, "process_util_available": true, "process_util_backend": "nvml", "process_sm_util_percent": null, "process_mem_util_percent": null}
{"timestamp_unix": 1772435760.1320996, "pid": 69812, "device_index": 0, "gpu_uuid": "GPU-6f954bfd-7081-31b7-f15c-f9a174bf4d7f", "gpu_util_percent": 24.0, "gpu_mem_util_percent": 2.0, "gpu_mem_used_mib": 7591.0, "gpu_mem_total_mib": 49140.0, "gpu_power_w": 92.24, "process_present": true, "process_mem_mib": 7088.0, "process_mem_share_percent": 14.424094424094424, "process_util_available": true, "process_util_backend": "nvml", "process_sm_util_percent": null, "process_mem_util_percent": null}
{"timestamp_unix": 1772435760.424803, "pid": 69812, "device_index": 0, "gpu_uuid": "GPU-6f954bfd-7081-31b7-f15c-f9a174bf4d7f", "gpu_util_percent": 24.0, "gpu_mem_util_percent": 2.0, "gpu_mem_used_mib": 7591.0, "gpu_mem_total_mib": 49140.0, "gpu_power_w": 92.22, "process_present": true, "process_mem_mib": 7088.0, "process_mem_share_percent": 14.424094424094424, "process_util_available": true, "process_util_backend": "nvml", "process_sm_util_percent": 12.0, "process_mem_util_percent": 1.0}
{"timestamp_unix": 1772435760.7224545, "pid": 69812, "device_index": 0, "gpu_uuid": "GPU-6f954bfd-7081-31b7-f15c-f9a174bf4d7f", "gpu_util_percent": 24.0, "gpu_mem_util_percent": 2.0, "gpu_mem_used_mib": 7591.0, "gpu_mem_total_mib": 49140.0, "gpu_power_w": 92.21, "process_present": true, "process_mem_mib": 7088.0, "process_mem_share_percent": 14.424094424094424, "process_util_available": true, "process_util_backend": "nvml", "process_sm_util_percent": 24.0, "process_mem_util_percent": 2.0}
{"timestamp_unix": 1772435761.0272875, "pid": 69812, "device_index": 0, "gpu_uuid": "GPU-6f954bfd-7081-31b7-f15c-f9a174bf4d7f", "gpu_util_percent": 24.0, "gpu_mem_util_percent": 2.0, "gpu_mem_used_mib": 7591.0, "gpu_mem_total_mib": 49140.0, "gpu_power_w": 92.21, "process_present": true, "process_mem_mib": 7088.0, "process_mem_share_percent": 14.424094424094424, "process_util_available": true, "process_util_backend": "nvml", "process_sm_util_percent": 24.0, "process_mem_util_percent": 2.0}
{"timestamp_unix": 1772435761.3311331, "pid": 69812, "device_index": 0, "gpu_uuid": "GPU-6f954bfd-7081-31b7-f15c-f9a174bf4d7f", "gpu_util_percent": 24.0, "gpu_mem_util_percent": 2.0, "gpu_mem_used_mib": 7591.0, "gpu_mem_total_mib": 49140.0, "gpu_power_w": 92.18, "process_present": true, "process_mem_mib": 7088.0, "process_mem_share_percent": 14.424094424094424, "process_util_available": true, "process_util_backend": "nvml", "process_sm_util_percent": 24.0, "process_mem_util_percent": 2.0}
{"timestamp_unix": 1772435761.6307907, "pid": 69812, "device_index": 0, "gpu_uuid": "GPU-6f954bfd-7081-31b7-f15c-f9a174bf4d7f", "gpu_util_percent": 24.0, "gpu_mem_util_percent": 2.0, "gpu_mem_used_mib": 7591.0, "gpu_mem_total_mib": 49140.0, "gpu_power_w": 92.18, "process_present": true, "process_mem_mib": 7088.0, "process_mem_share_percent": 14.424094424094424, "process_util_available": true, "process_util_backend": "nvml", "process_sm_util_percent": 12.0, "process_mem_util_percent": 1.0}
{"timestamp_unix": 1772435761.9255474, "pid": 69812, "device_index": 0, "gpu_uuid": "GPU-6f954bfd-7081-31b7-f15c-f9a174bf4d7f", "gpu_util_percent": 23.0, "gpu_mem_util_percent": 3.0, "gpu_mem_used_mib": 7591.0, "gpu_mem_total_mib": 49140.0, "gpu_power_w": 92.15, "process_present": true, "process_mem_mib": 7088.0, "process_mem_share_percent": 14.424094424094424, "process_util_available": true, "process_util_backend": "nvml", "process_sm_util_percent": 20.0, "process_mem_util_percent": 2.0}
{"timestamp_unix": 1772435762.2142541, "pid": 69812, "device_index": 0, "gpu_uuid": "GPU-6f954bfd-7081-31b7-f15c-f9a174bf4d7f", "gpu_util_percent": 23.0, "gpu_mem_util_percent": 3.0, "gpu_mem_used_mib": 7595.0, "gpu_mem_total_mib": 49140.0, "gpu_power_w": 91.21, "process_present": true, "process_mem_mib": 7088.0, "process_mem_share_percent": 14.424094424094424, "process_util_available": true, "process_util_backend": "nvml", "process_sm_util_percent": 22.0, "process_mem_util_percent": 2.0}
{"timestamp_unix": 1772435762.502427, "pid": 69812, "device_index": 0, "gpu_uuid": "GPU-6f954bfd-7081-31b7-f15c-f9a174bf4d7f", "gpu_util_percent": 23.0, "gpu_mem_util_percent": 3.0, "gpu_mem_used_mib": 7595.0, "gpu_mem_total_mib": 49140.0, "gpu_power_w": 91.21, "process_present": true, "process_mem_mib": 7088.0, "process_mem_share_percent": 14.424094424094424, "process_util_available": true, "process_util_backend": "nvml", "process_sm_util_percent": 22.0, "process_mem_util_percent": 2.0}
{"timestamp_unix": 1772435762.7897394, "pid": 69812, "device_index": 0, "gpu_uuid": "GPU-6f954bfd-7081-31b7-f15c-f9a174bf4d7f", "gpu_util_percent": 21.0, "gpu_mem_util_percent": 2.0, "gpu_mem_used_mib": 7595.0, "gpu_mem_total_mib": 49140.0, "gpu_power_w": 91.1, "process_present": true, "process_mem_mib": 7088.0, "process_mem_share_percent": 14.424094424094424, "process_util_available": true, "process_util_backend": "nvml", "process_sm_util_percent": 22.0, "process_mem_util_percent": 2.0}
{"timestamp_unix": 1772435763.0808077, "pid": 69812, "device_index": 0, "gpu_uuid": "GPU-6f954bfd-7081-31b7-f15c-f9a174bf4d7f", "gpu_util_percent": 21.0, "gpu_mem_util_percent": 2.0, "gpu_mem_used_mib": 7589.0, "gpu_mem_total_mib": 49140.0, "gpu_power_w": 91.1, "process_present": true, "process_mem_mib": 7088.0, "process_mem_share_percent": 14.424094424094424, "process_util_available": true, "process_util_backend": "nvml", "process_sm_util_percent": 22.0, "process_mem_util_percent": 2.0}
{"timestamp_unix": 1772435763.3721058, "pid": 69812, "device_index": 0, "gpu_uuid": "GPU-6f954bfd-7081-31b7-f15c-f9a174bf4d7f", "gpu_util_percent": 21.0, "gpu_mem_util_percent": 2.0, "gpu_mem_used_mib": 7589.0, "gpu_mem_total_mib": 49140.0, "gpu_power_w": 91.92, "process_present": true, "process_mem_mib": 7088.0, "process_mem_share_percent": 14.424094424094424, "process_util_available": true, "process_util_backend": "nvml", "process_sm_util_percent": 22.0, "process_mem_util_percent": 2.0}
{"timestamp_unix": 1772435763.6757193, "pid": 69812, "device_index": 0, "gpu_uuid": "GPU-6f954bfd-7081-31b7-f15c-f9a174bf4d7f", "gpu_util_percent": 22.0, "gpu_mem_util_percent": 3.0, "gpu_mem_used_mib": 7589.0, "gpu_mem_total_mib": 49140.0, "gpu_power_w": 91.96, "process_present": true, "process_mem_mib": 7088.0, "process_mem_share_percent": 14.424094424094424, "process_util_available": true, "process_util_backend": "nvml", "process_sm_util_percent": 22.0, "process_mem_util_percent": 2.0}
{"timestamp_unix": 1772435763.9805377, "pid": 69812, "device_index": 0, "gpu_uuid": "GPU-6f954bfd-7081-31b7-f15c-f9a174bf4d7f", "gpu_util_percent": 22.0, "gpu_mem_util_percent": 3.0, "gpu_mem_used_mib": 7589.0, "gpu_mem_total_mib": 49140.0, "gpu_power_w": 91.96, "process_present": true, "process_mem_mib": 7088.0, "process_mem_share_percent": 14.424094424094424, "process_util_available": true, "process_util_backend": "nvml", "process_sm_util_percent": 23.0, "process_mem_util_percent": 2.0}
{"timestamp_unix": 1772435764.2804902, "pid": 69812, "device_index": 0, "gpu_uuid": "GPU-6f954bfd-7081-31b7-f15c-f9a174bf4d7f", "gpu_util_percent": 22.0, "gpu_mem_util_percent": 3.0, "gpu_mem_used_mib": 7588.0, "gpu_mem_total_mib": 49140.0, "gpu_power_w": 92.1, "process_present": true, "process_mem_mib": 7088.0, "process_mem_share_percent": 14.424094424094424, "process_util_available": true, "process_util_backend": "nvml", "process_sm_util_percent": 22.0, "process_mem_util_percent": 2.0}
{"timestamp_unix": 1772435764.579102, "pid": 69812, "device_index": 0, "gpu_uuid": "GPU-6f954bfd-7081-31b7-f15c-f9a174bf4d7f", "gpu_util_percent": 22.0, "gpu_mem_util_percent": 3.0, "gpu_mem_used_mib": 7588.0, "gpu_mem_total_mib": 49140.0, "gpu_power_w": 92.1, "process_present": true, "process_mem_mib": 7088.0, "process_mem_share_percent": 14.424094424094424, "process_util_available": true, "process_util_backend": "nvml", "process_sm_util_percent": 22.0, "process_mem_util_percent": 2.0}
{"timestamp_unix": 1772435764.8673337, "pid": 69812, "device_index": 0, "gpu_uuid": "GPU-6f954bfd-7081-31b7-f15c-f9a174bf4d7f", "gpu_util_percent": 22.0, "gpu_mem_util_percent": 3.0, "gpu_mem_used_mib": 7588.0, "gpu_mem_total_mib": 49140.0, "gpu_power_w": 92.19, "process_present": true, "process_mem_mib": 7088.0, "process_mem_share_percent": 14.424094424094424, "process_util_available": true, "process_util_backend": "nvml", "process_sm_util_percent": 22.0, "process_mem_util_percent": 2.0}
{"timestamp_unix": 1772435765.1566985, "pid": 69812, "device_index": 0, "gpu_uuid": "GPU-6f954bfd-7081-31b7-f15c-f9a174bf4d7f", "gpu_util_percent": 22.0, "gpu_mem_util_percent": 3.0, "gpu_mem_used_mib": 7588.0, "gpu_mem_total_mib": 49140.0, "gpu_power_w": 92.14, "process_present": true, "process_mem_mib": 7088.0, "process_mem_share_percent": 14.424094424094424, "process_util_available": true, "process_util_backend": "nvml", "process_sm_util_percent": 22.0, "process_mem_util_percent": 2.0}
{"timestamp_unix": 1772435765.45038, "pid": 69812, "device_index": 0, "gpu_uuid": "GPU-6f954bfd-7081-31b7-f15c-f9a174bf4d7f", "gpu_util_percent": 22.0, "gpu_mem_util_percent": 3.0, "gpu_mem_used_mib": 7588.0, "gpu_mem_total_mib": 49140.0, "gpu_power_w": 92.14, "process_present": true, "process_mem_mib": 7088.0, "process_mem_share_percent": 14.424094424094424, "process_util_available": true, "process_util_backend": "nvml", "process_sm_util_percent": 22.0, "process_mem_util_percent": 2.0}
{"timestamp_unix": 1772435765.7403464, "pid": 69812, "device_index": 0, "gpu_uuid": "GPU-6f954bfd-7081-31b7-f15c-f9a174bf4d7f", "gpu_util_percent": 22.0, "gpu_mem_util_percent": 3.0, "gpu_mem_used_mib": 7588.0, "gpu_mem_total_mib": 49140.0, "gpu_power_w": 92.15, "process_present": true, "process_mem_mib": 7088.0, "process_mem_share_percent": 14.424094424094424, "process_util_available": true, "process_util_backend": "nvml", "process_sm_util_percent": 22.0, "process_mem_util_percent": 2.0}
{"timestamp_unix": 1772435766.033568, "pid": 69812, "device_index": 0, "gpu_uuid": "GPU-6f954bfd-7081-31b7-f15c-f9a174bf4d7f", "gpu_util_percent": 22.0, "gpu_mem_util_percent": 3.0, "gpu_mem_used_mib": 7608.0, "gpu_mem_total_mib": 49140.0, "gpu_power_w": 92.15, "process_present": true, "process_mem_mib": 7108.0, "process_mem_share_percent": 14.464794464794464, "process_util_available": true, "process_util_backend": "nvml", "process_sm_util_percent": 11.0, "process_mem_util_percent": 1.0}
{"timestamp_unix": 1772435766.3237178, "pid": 69812, "device_index": 0, "gpu_uuid": "GPU-6f954bfd-7081-31b7-f15c-f9a174bf4d7f", "gpu_util_percent": 22.0, "gpu_mem_util_percent": 3.0, "gpu_mem_used_mib": 7608.0, "gpu_mem_total_mib": 49140.0, "gpu_power_w": 91.6, "process_present": true, "process_mem_mib": 7108.0, "process_mem_share_percent": 14.464794464794464, "process_util_available": true, "process_util_backend": "nvml", "process_sm_util_percent": null, "process_mem_util_percent": null}
{"timestamp_unix": 1772435766.6272604, "pid": 69812, "device_index": 0, "gpu_uuid": "GPU-6f954bfd-7081-31b7-f15c-f9a174bf4d7f", "gpu_util_percent": 22.0, "gpu_mem_util_percent": 3.0, "gpu_mem_used_mib": 7668.0, "gpu_mem_total_mib": 49140.0, "gpu_power_w": 91.6, "process_present": true, "process_mem_mib": 7168.0, "process_mem_share_percent": 14.586894586894585, "process_util_available": true, "process_util_backend": "nvml", "process_sm_util_percent": 12.0, "process_mem_util_percent": 1.0}
{"timestamp_unix": 1772435766.9521928, "pid": 69812, "device_index": 0, "gpu_uuid": "GPU-6f954bfd-7081-31b7-f15c-f9a174bf4d7f", "gpu_util_percent": 23.0, "gpu_mem_util_percent": 3.0, "gpu_mem_used_mib": 7668.0, "gpu_mem_total_mib": 49140.0, "gpu_power_w": 89.76, "process_present": true, "process_mem_mib": 7168.0, "process_mem_share_percent": 14.586894586894585, "process_util_available": true, "process_util_backend": "nvml", "process_sm_util_percent": 24.0, "process_mem_util_percent": 2.0}
{"timestamp_unix": 1772435767.257275, "pid": 69812, "device_index": 0, "gpu_uuid": "GPU-6f954bfd-7081-31b7-f15c-f9a174bf4d7f", "gpu_util_percent": 23.0, "gpu_mem_util_percent": 3.0, "gpu_mem_used_mib": 7664.0, "gpu_mem_total_mib": 49140.0, "gpu_power_w": 89.95, "process_present": true, "process_mem_mib": 7168.0, "process_mem_share_percent": 14.586894586894585, "process_util_available": true, "process_util_backend": "nvml", "process_sm_util_percent": 25.0, "process_mem_util_percent": 2.0}
{"timestamp_unix": 1772435767.5474231, "pid": 69812, "device_index": 0, "gpu_uuid": "GPU-6f954bfd-7081-31b7-f15c-f9a174bf4d7f", "gpu_util_percent": 23.0, "gpu_mem_util_percent": 3.0, "gpu_mem_used_mib": 7664.0, "gpu_mem_total_mib": 49140.0, "gpu_power_w": 89.95, "process_present": true, "process_mem_mib": 7168.0, "process_mem_share_percent": 14.586894586894585, "process_util_available": true, "process_util_backend": "nvml", "process_sm_util_percent": 24.0, "process_mem_util_percent": 2.0}
{"timestamp_unix": 1772435767.8362389, "pid": 69812, "device_index": 0, "gpu_uuid": "GPU-6f954bfd-7081-31b7-f15c-f9a174bf4d7f", "gpu_util_percent": 23.0, "gpu_mem_util_percent": 3.0, "gpu_mem_used_mib": 7664.0, "gpu_mem_total_mib": 49140.0, "gpu_power_w": 92.4, "process_present": true, "process_mem_mib": 7168.0, "process_mem_share_percent": 14.586894586894585, "process_util_available": true, "process_util_backend": "nvml", "process_sm_util_percent": 24.0, "process_mem_util_percent": 2.0}
{"timestamp_unix": 1772435768.1286347, "pid": 69812, "device_index": 0, "gpu_uuid": "GPU-6f954bfd-7081-31b7-f15c-f9a174bf4d7f", "gpu_util_percent": 23.0, "gpu_mem_util_percent": 3.0, "gpu_mem_used_mib": 7664.0, "gpu_mem_total_mib": 49140.0, "gpu_power_w": 92.4, "process_present": true, "process_mem_mib": 7168.0, "process_mem_share_percent": 14.586894586894585, "process_util_available": true, "process_util_backend": "nvml", "process_sm_util_percent": 24.0, "process_mem_util_percent": 2.0}
{"timestamp_unix": 1772435768.422114, "pid": 69812, "device_index": 0, "gpu_uuid": "GPU-6f954bfd-7081-31b7-f15c-f9a174bf4d7f", "gpu_util_percent": 23.0, "gpu_mem_util_percent": 3.0, "gpu_mem_used_mib": 7664.0, "gpu_mem_total_mib": 49140.0, "gpu_power_w": 92.35, "process_present": true, "process_mem_mib": 7168.0, "process_mem_share_percent": 14.586894586894585, "process_util_available": true, "process_util_backend": "nvml", "process_sm_util_percent": 24.0, "process_mem_util_percent": 2.0}
{"timestamp_unix": 1772435768.7134416, "pid": 69812, "device_index": 0, "gpu_uuid": "GPU-6f954bfd-7081-31b7-f15c-f9a174bf4d7f", "gpu_util_percent": 23.0, "gpu_mem_util_percent": 3.0, "gpu_mem_used_mib": 7664.0, "gpu_mem_total_mib": 49140.0, "gpu_power_w": 92.26, "process_present": true, "process_mem_mib": 7168.0, "process_mem_share_percent": 14.586894586894585, "process_util_available": true, "process_util_backend": "nvml", "process_sm_util_percent": 24.0, "process_mem_util_percent": 2.0}
{"timestamp_unix": 1772435769.0021412, "pid": 69812, "device_index": 0, "gpu_uuid": "GPU-6f954bfd-7081-31b7-f15c-f9a174bf4d7f", "gpu_util_percent": 23.0, "gpu_mem_util_percent": 3.0, "gpu_mem_used_mib": 7664.0, "gpu_mem_total_mib": 49140.0, "gpu_power_w": 92.26, "process_present": true, "process_mem_mib": 7168.0, "process_mem_share_percent": 14.586894586894585, "process_util_available": true, "process_util_backend": "nvml", "process_sm_util_percent": 24.0, "process_mem_util_percent": 2.0}
{"timestamp_unix": 1772435769.3080008, "pid": 69812, "device_index": 0, "gpu_uuid": "GPU-6f954bfd-7081-31b7-f15c-f9a174bf4d7f", "gpu_util_percent": 23.0, "gpu_mem_util_percent": 3.0, "gpu_mem_used_mib": 7664.0, "gpu_mem_total_mib": 49140.0, "gpu_power_w": 92.24, "process_present": true, "process_mem_mib": 7168.0, "process_mem_share_percent": 14.586894586894585, "process_util_available": true, "process_util_backend": "nvml", "process_sm_util_percent": 23.0, "process_mem_util_percent": 2.0}
{"timestamp_unix": 1772435769.6122317, "pid": 69812, "device_index": 0, "gpu_uuid": "GPU-6f954bfd-7081-31b7-f15c-f9a174bf4d7f", "gpu_util_percent": 23.0, "gpu_mem_util_percent": 3.0, "gpu_mem_used_mib": 7664.0, "gpu_mem_total_mib": 49140.0, "gpu_power_w": 92.24, "process_present": true, "process_mem_mib": 7168.0, "process_mem_share_percent": 14.586894586894585, "process_util_available": true, "process_util_backend": "nvml", "process_sm_util_percent": 24.0, "process_mem_util_percent": 2.0}
{"timestamp_unix": 1772435769.9241378, "pid": 69812, "device_index": 0, "gpu_uuid": "GPU-6f954bfd-7081-31b7-f15c-f9a174bf4d7f", "gpu_util_percent": 23.0, "gpu_mem_util_percent": 2.0, "gpu_mem_used_mib": 7664.0, "gpu_mem_total_mib": 49140.0, "gpu_power_w": 92.28, "process_present": true, "process_mem_mib": 7168.0, "process_mem_share_percent": 14.586894586894585, "process_util_available": true, "process_util_backend": "nvml", "process_sm_util_percent": 24.0, "process_mem_util_percent": 2.0}
{"timestamp_unix": 1772435770.2144554, "pid": 69812, "device_index": 0, "gpu_uuid": "GPU-6f954bfd-7081-31b7-f15c-f9a174bf4d7f", "gpu_util_percent": 23.0, "gpu_mem_util_percent": 2.0, "gpu_mem_used_mib": 7664.0, "gpu_mem_total_mib": 49140.0, "gpu_power_w": 92.32, "process_present": true, "process_mem_mib": 7168.0, "process_mem_share_percent": 14.586894586894585, "process_util_available": true, "process_util_backend": "nvml", "process_sm_util_percent": 24.0, "process_mem_util_percent": 2.0}
{"timestamp_unix": 1772435770.5027044, "pid": 69812, "device_index": 0, "gpu_uuid": "GPU-6f954bfd-7081-31b7-f15c-f9a174bf4d7f", "gpu_util_percent": 23.0, "gpu_mem_util_percent": 2.0, "gpu_mem_used_mib": 7664.0, "gpu_mem_total_mib": 49140.0, "gpu_power_w": 92.32, "process_present": true, "process_mem_mib": 7168.0, "process_mem_share_percent": 14.586894586894585, "process_util_available": true, "process_util_backend": "nvml", "process_sm_util_percent": 24.0, "process_mem_util_percent": 2.0}
{"timestamp_unix": 1772435770.7920332, "pid": 69812, "device_index": 0, "gpu_uuid": "GPU-6f954bfd-7081-31b7-f15c-f9a174bf4d7f", "gpu_util_percent": 24.0, "gpu_mem_util_percent": 3.0, "gpu_mem_used_mib": 7664.0, "gpu_mem_total_mib": 49140.0, "gpu_power_w": 92.34, "process_present": true, "process_mem_mib": 7168.0, "process_mem_share_percent": 14.586894586894585, "process_util_available": true, "process_util_backend": "nvml", "process_sm_util_percent": 25.0, "process_mem_util_percent": 2.0}
{"timestamp_unix": 1772435771.08575, "pid": 69812, "device_index": 0, "gpu_uuid": "GPU-6f954bfd-7081-31b7-f15c-f9a174bf4d7f", "gpu_util_percent": 24.0, "gpu_mem_util_percent": 3.0, "gpu_mem_used_mib": 7664.0, "gpu_mem_total_mib": 49140.0, "gpu_power_w": 92.34, "process_present": true, "process_mem_mib": 7168.0, "process_mem_share_percent": 14.586894586894585, "process_util_available": true, "process_util_backend": "nvml", "process_sm_util_percent": 26.0, "process_mem_util_percent": 2.0}
{"timestamp_unix": 1772435771.3753026, "pid": 69812, "device_index": 0, "gpu_uuid": "GPU-6f954bfd-7081-31b7-f15c-f9a174bf4d7f", "gpu_util_percent": 24.0, "gpu_mem_util_percent": 3.0, "gpu_mem_used_mib": 7664.0, "gpu_mem_total_mib": 49140.0, "gpu_power_w": 92.4, "process_present": true, "process_mem_mib": 7168.0, "process_mem_share_percent": 14.586894586894585, "process_util_available": true, "process_util_backend": "nvml", "process_sm_util_percent": 25.0, "process_mem_util_percent": 2.0}
{"timestamp_unix": 1772435771.666689, "pid": 69812, "device_index": 0, "gpu_uuid": "GPU-6f954bfd-7081-31b7-f15c-f9a174bf4d7f", "gpu_util_percent": 26.0, "gpu_mem_util_percent": 3.0, "gpu_mem_used_mib": 7664.0, "gpu_mem_total_mib": 49140.0, "gpu_power_w": 92.58, "process_present": true, "process_mem_mib": 7168.0, "process_mem_share_percent": 14.586894586894585, "process_util_available": true, "process_util_backend": "nvml", "process_sm_util_percent": 26.0, "process_mem_util_percent": 2.0}
{"timestamp_unix": 1772435771.987671, "pid": 69812, "device_index": 0, "gpu_uuid": "GPU-6f954bfd-7081-31b7-f15c-f9a174bf4d7f", "gpu_util_percent": 26.0, "gpu_mem_util_percent": 3.0, "gpu_mem_used_mib": 7664.0, "gpu_mem_total_mib": 49140.0, "gpu_power_w": 92.58, "process_present": true, "process_mem_mib": 7168.0, "process_mem_share_percent": 14.586894586894585, "process_util_available": true, "process_util_backend": "nvml", "process_sm_util_percent": 26.0, "process_mem_util_percent": 2.0}
{"timestamp_unix": 1772435772.293187, "pid": 69812, "device_index": 0, "gpu_uuid": "GPU-6f954bfd-7081-31b7-f15c-f9a174bf4d7f", "gpu_util_percent": 26.0, "gpu_mem_util_percent": 3.0, "gpu_mem_used_mib": 7664.0, "gpu_mem_total_mib": 49140.0, "gpu_power_w": 92.43, "process_present": true, "process_mem_mib": 7168.0, "process_mem_share_percent": 14.586894586894585, "process_util_available": true, "process_util_backend": "nvml", "process_sm_util_percent": 25.0, "process_mem_util_percent": 2.0}
{"timestamp_unix": 1772435772.5962696, "pid": 69812, "device_index": 0, "gpu_uuid": "GPU-6f954bfd-7081-31b7-f15c-f9a174bf4d7f", "gpu_util_percent": 26.0, "gpu_mem_util_percent": 3.0, "gpu_mem_used_mib": 7664.0, "gpu_mem_total_mib": 49140.0, "gpu_power_w": 92.43, "process_present": true, "process_mem_mib": 7168.0, "process_mem_share_percent": 14.586894586894585, "process_util_available": true, "process_util_backend": "nvml", "process_sm_util_percent": 26.0, "process_mem_util_percent": 2.0}
{"timestamp_unix": 1772435772.8857882, "pid": 69812, "device_index": 0, "gpu_uuid": "GPU-6f954bfd-7081-31b7-f15c-f9a174bf4d7f", "gpu_util_percent": 25.0, "gpu_mem_util_percent": 3.0, "gpu_mem_used_mib": 7664.0, "gpu_mem_total_mib": 49140.0, "gpu_power_w": 92.35, "process_present": true, "process_mem_mib": 7168.0, "process_mem_share_percent": 14.586894586894585, "process_util_available": true, "process_util_backend": "nvml", "process_sm_util_percent": 26.0, "process_mem_util_percent": 2.0}
{"timestamp_unix": 1772435773.1734998, "pid": 69812, "device_index": 0, "gpu_uuid": "GPU-6f954bfd-7081-31b7-f15c-f9a174bf4d7f", "gpu_util_percent": 25.0, "gpu_mem_util_percent": 3.0, "gpu_mem_used_mib": 7664.0, "gpu_mem_total_mib": 49140.0, "gpu_power_w": 92.33, "process_present": true, "process_mem_mib": 7168.0, "process_mem_share_percent": 14.586894586894585, "process_util_available": true, "process_util_backend": "nvml", "process_sm_util_percent": 25.0, "process_mem_util_percent": 2.0}
{"timestamp_unix": 1772435773.4722226, "pid": 69812, "device_index": 0, "gpu_uuid": "GPU-6f954bfd-7081-31b7-f15c-f9a174bf4d7f", "gpu_util_percent": 25.0, "gpu_mem_util_percent": 3.0, "gpu_mem_used_mib": 7664.0, "gpu_mem_total_mib": 49140.0, "gpu_power_w": 92.33, "process_present": true, "process_mem_mib": 7168.0, "process_mem_share_percent": 14.586894586894585, "process_util_available": true, "process_util_backend": "nvml", "process_sm_util_percent": 24.0, "process_mem_util_percent": 2.0}
{"timestamp_unix": 1772435773.7648702, "pid": 69812, "device_index": 0, "gpu_uuid": "GPU-6f954bfd-7081-31b7-f15c-f9a174bf4d7f", "gpu_util_percent": 16.0, "gpu_mem_util_percent": 2.0, "gpu_mem_used_mib": 7664.0, "gpu_mem_total_mib": 49140.0, "gpu_power_w": 92.03, "process_present": true, "process_mem_mib": 7168.0, "process_mem_share_percent": 14.586894586894585, "process_util_available": true, "process_util_backend": "nvml", "process_sm_util_percent": 19.0, "process_mem_util_percent": 2.0}
{"timestamp_unix": 1772435774.053432, "pid": 69812, "device_index": 0, "gpu_uuid": "GPU-6f954bfd-7081-31b7-f15c-f9a174bf4d7f", "gpu_util_percent": 16.0, "gpu_mem_util_percent": 2.0, "gpu_mem_used_mib": 7664.0, "gpu_mem_total_mib": 49140.0, "gpu_power_w": 92.03, "process_present": true, "process_mem_mib": 7168.0, "process_mem_share_percent": 14.586894586894585, "process_util_available": true, "process_util_backend": "nvml", "process_sm_util_percent": 23.0, "process_mem_util_percent": 2.0}
{"timestamp_unix": 1772435774.3457174, "pid": 69812, "device_index": 0, "gpu_uuid": "GPU-6f954bfd-7081-31b7-f15c-f9a174bf4d7f", "gpu_util_percent": 16.0, "gpu_mem_util_percent": 2.0, "gpu_mem_used_mib": 7664.0, "gpu_mem_total_mib": 49140.0, "gpu_power_w": 91.79, "process_present": true, "process_mem_mib": 7168.0, "process_mem_share_percent": 14.586894586894585, "process_util_available": true, "process_util_backend": "nvml", "process_sm_util_percent": 23.0, "process_mem_util_percent": 2.0}
{"timestamp_unix": 1772435774.64598, "pid": 69812, "device_index": 0, "gpu_uuid": "GPU-6f954bfd-7081-31b7-f15c-f9a174bf4d7f", "gpu_util_percent": 16.0, "gpu_mem_util_percent": 2.0, "gpu_mem_used_mib": 7664.0, "gpu_mem_total_mib": 49140.0, "gpu_power_w": 91.79, "process_present": true, "process_mem_mib": 7168.0, "process_mem_share_percent": 14.586894586894585, "process_util_available": true, "process_util_backend": "nvml", "process_sm_util_percent": null, "process_mem_util_percent": null}
{"timestamp_unix": 1772435774.9461534, "pid": 69812, "device_index": 0, "gpu_uuid": "GPU-6f954bfd-7081-31b7-f15c-f9a174bf4d7f", "gpu_util_percent": 23.0, "gpu_mem_util_percent": 3.0, "gpu_mem_used_mib": 7664.0, "gpu_mem_total_mib": 49140.0, "gpu_power_w": 91.87, "process_present": true, "process_mem_mib": 7168.0, "process_mem_share_percent": 14.586894586894585, "process_util_available": true, "process_util_backend": "nvml", "process_sm_util_percent": 24.0, "process_mem_util_percent": 2.0}
{"timestamp_unix": 1772435775.248221, "pid": 69812, "device_index": 0, "gpu_uuid": "GPU-6f954bfd-7081-31b7-f15c-f9a174bf4d7f", "gpu_util_percent": 23.0, "gpu_mem_util_percent": 3.0, "gpu_mem_used_mib": 7664.0, "gpu_mem_total_mib": 49140.0, "gpu_power_w": 92.53, "process_present": true, "process_mem_mib": 7168.0, "process_mem_share_percent": 14.586894586894585, "process_util_available": true, "process_util_backend": "nvml", "process_sm_util_percent": null, "process_mem_util_percent": null}
{"timestamp_unix": 1772435775.5358856, "pid": 69812, "device_index": 0, "gpu_uuid": "GPU-6f954bfd-7081-31b7-f15c-f9a174bf4d7f", "gpu_util_percent": 23.0, "gpu_mem_util_percent": 3.0, "gpu_mem_used_mib": 7664.0, "gpu_mem_total_mib": 49140.0, "gpu_power_w": 92.53, "process_present": true, "process_mem_mib": 7168.0, "process_mem_share_percent": 14.586894586894585, "process_util_available": true, "process_util_backend": "nvml", "process_sm_util_percent": null, "process_mem_util_percent": null}
{"timestamp_unix": 1772435775.8251414, "pid": 69812, "device_index": 0, "gpu_uuid": "GPU-6f954bfd-7081-31b7-f15c-f9a174bf4d7f", "gpu_util_percent": 22.0, "gpu_mem_util_percent": 3.0, "gpu_mem_used_mib": 7664.0, "gpu_mem_total_mib": 49140.0, "gpu_power_w": 92.64, "process_present": true, "process_mem_mib": 7168.0, "process_mem_share_percent": 14.586894586894585, "process_util_available": true, "process_util_backend": "nvml", "process_sm_util_percent": 12.0, "process_mem_util_percent": 1.0}
{"timestamp_unix": 1772435776.117132, "pid": 69812, "device_index": 0, "gpu_uuid": "GPU-6f954bfd-7081-31b7-f15c-f9a174bf4d7f", "gpu_util_percent": 22.0, "gpu_mem_util_percent": 3.0, "gpu_mem_used_mib": 7664.0, "gpu_mem_total_mib": 49140.0, "gpu_power_w": 92.64, "process_present": true, "process_mem_mib": 7168.0, "process_mem_share_percent": 14.586894586894585, "process_util_available": true, "process_util_backend": "nvml", "process_sm_util_percent": 23.0, "process_mem_util_percent": 2.0}
{"timestamp_unix": 1772435776.4060504, "pid": 69812, "device_index": 0, "gpu_uuid": "GPU-6f954bfd-7081-31b7-f15c-f9a174bf4d7f", "gpu_util_percent": 22.0, "gpu_mem_util_percent": 3.0, "gpu_mem_used_mib": 7664.0, "gpu_mem_total_mib": 49140.0, "gpu_power_w": 92.73, "process_present": true, "process_mem_mib": 7168.0, "process_mem_share_percent": 14.586894586894585, "process_util_available": true, "process_util_backend": "nvml", "process_sm_util_percent": 24.0, "process_mem_util_percent": 2.0}
{"timestamp_unix": 1772435776.6979215, "pid": 69812, "device_index": 0, "gpu_uuid": "GPU-6f954bfd-7081-31b7-f15c-f9a174bf4d7f", "gpu_util_percent": 23.0, "gpu_mem_util_percent": 3.0, "gpu_mem_used_mib": 7664.0, "gpu_mem_total_mib": 49140.0, "gpu_power_w": 92.76, "process_present": true, "process_mem_mib": 7168.0, "process_mem_share_percent": 14.586894586894585, "process_util_available": true, "process_util_backend": "nvml", "process_sm_util_percent": 24.0, "process_mem_util_percent": 2.0}
{"timestamp_unix": 1772435776.9887843, "pid": 69812, "device_index": 0, "gpu_uuid": "GPU-6f954bfd-7081-31b7-f15c-f9a174bf4d7f", "gpu_util_percent": 23.0, "gpu_mem_util_percent": 3.0, "gpu_mem_used_mib": 7664.0, "gpu_mem_total_mib": 49140.0, "gpu_power_w": 92.76, "process_present": true, "process_mem_mib": 7168.0, "process_mem_share_percent": 14.586894586894585, "process_util_available": true, "process_util_backend": "nvml", "process_sm_util_percent": 23.0, "process_mem_util_percent": 2.0}
{"timestamp_unix": 1772435777.2892413, "pid": 69812, "device_index": 0, "gpu_uuid": "GPU-6f954bfd-7081-31b7-f15c-f9a174bf4d7f", "gpu_util_percent": 23.0, "gpu_mem_util_percent": 3.0, "gpu_mem_used_mib": 7664.0, "gpu_mem_total_mib": 49140.0, "gpu_power_w": 92.76, "process_present": true, "process_mem_mib": 7168.0, "process_mem_share_percent": 14.586894586894585, "process_util_available": true, "process_util_backend": "nvml", "process_sm_util_percent": 24.0, "process_mem_util_percent": 2.0}
{"timestamp_unix": 1772435777.5943136, "pid": 69812, "device_index": 0, "gpu_uuid": "GPU-6f954bfd-7081-31b7-f15c-f9a174bf4d7f", "gpu_util_percent": 23.0, "gpu_mem_util_percent": 3.0, "gpu_mem_used_mib": 7664.0, "gpu_mem_total_mib": 49140.0, "gpu_power_w": 92.76, "process_present": true, "process_mem_mib": 7168.0, "process_mem_share_percent": 14.586894586894585, "process_util_available": true, "process_util_backend": "nvml", "process_sm_util_percent": 23.0, "process_mem_util_percent": 2.0}
{"timestamp_unix": 1772435777.907291, "pid": 69812, "device_index": 0, "gpu_uuid": "GPU-6f954bfd-7081-31b7-f15c-f9a174bf4d7f", "gpu_util_percent": 22.0, "gpu_mem_util_percent": 3.0, "gpu_mem_used_mib": 7684.0, "gpu_mem_total_mib": 49140.0, "gpu_power_w": 92.91, "process_present": true, "process_mem_mib": 7188.0, "process_mem_share_percent": 14.627594627594629, "process_util_available": true, "process_util_backend": "nvml", "process_sm_util_percent": 19.0, "process_mem_util_percent": 1.0}
{"timestamp_unix": 1772435778.197684, "pid": 69812, "device_index": 0, "gpu_uuid": "GPU-6f954bfd-7081-31b7-f15c-f9a174bf4d7f", "gpu_util_percent": 22.0, "gpu_mem_util_percent": 3.0, "gpu_mem_used_mib": 7744.0, "gpu_mem_total_mib": 49140.0, "gpu_power_w": 90.38, "process_present": true, "process_mem_mib": 7248.0, "process_mem_share_percent": 14.74969474969475, "process_util_available": true, "process_util_backend": "nvml", "process_sm_util_percent": null, "process_mem_util_percent": null}
{"timestamp_unix": 1772435778.4908764, "pid": 69812, "device_index": 0, "gpu_uuid": "GPU-6f954bfd-7081-31b7-f15c-f9a174bf4d7f", "gpu_util_percent": 22.0, "gpu_mem_util_percent": 3.0, "gpu_mem_used_mib": 7744.0, "gpu_mem_total_mib": 49140.0, "gpu_power_w": 90.38, "process_present": true, "process_mem_mib": 7248.0, "process_mem_share_percent": 14.74969474969475, "process_util_available": true, "process_util_backend": "nvml", "process_sm_util_percent": 23.0, "process_mem_util_percent": 2.0}
{"timestamp_unix": 1772435778.776681, "pid": 69812, "device_index": 0, "gpu_uuid": "GPU-6f954bfd-7081-31b7-f15c-f9a174bf4d7f", "gpu_util_percent": 22.0, "gpu_mem_util_percent": 2.0, "gpu_mem_used_mib": 7744.0, "gpu_mem_total_mib": 49140.0, "gpu_power_w": 90.07, "process_present": true, "process_mem_mib": 7248.0, "process_mem_share_percent": 14.74969474969475, "process_util_available": true, "process_util_backend": "nvml", "process_sm_util_percent": 23.0, "process_mem_util_percent": 2.0}
{"timestamp_unix": 1772435779.0654395, "pid": 69812, "device_index": 0, "gpu_uuid": "GPU-6f954bfd-7081-31b7-f15c-f9a174bf4d7f", "gpu_util_percent": 22.0, "gpu_mem_util_percent": 2.0, "gpu_mem_used_mib": 7744.0, "gpu_mem_total_mib": 49140.0, "gpu_power_w": 90.07, "process_present": true, "process_mem_mib": 7248.0, "process_mem_share_percent": 14.74969474969475, "process_util_available": true, "process_util_backend": "nvml", "process_sm_util_percent": 24.0, "process_mem_util_percent": 2.0}
{"timestamp_unix": 1772435779.3532546, "pid": 69812, "device_index": 0, "gpu_uuid": "GPU-6f954bfd-7081-31b7-f15c-f9a174bf4d7f", "gpu_util_percent": 22.0, "gpu_mem_util_percent": 2.0, "gpu_mem_used_mib": 7744.0, "gpu_mem_total_mib": 49140.0, "gpu_power_w": 91.95, "process_present": true, "process_mem_mib": 7248.0, "process_mem_share_percent": 14.74969474969475, "process_util_available": true, "process_util_backend": "nvml", "process_sm_util_percent": 24.0, "process_mem_util_percent": 2.0}
{"timestamp_unix": 1772435779.6418731, "pid": 69812, "device_index": 0, "gpu_uuid": "GPU-6f954bfd-7081-31b7-f15c-f9a174bf4d7f", "gpu_util_percent": 22.0, "gpu_mem_util_percent": 3.0, "gpu_mem_used_mib": 7744.0, "gpu_mem_total_mib": 49140.0, "gpu_power_w": 92.86, "process_present": true, "process_mem_mib": 7248.0, "process_mem_share_percent": 14.74969474969475, "process_util_available": true, "process_util_backend": "nvml", "process_sm_util_percent": 23.0, "process_mem_util_percent": 2.0}
{"timestamp_unix": 1772435779.9430943, "pid": 69812, "device_index": 0, "gpu_uuid": "GPU-6f954bfd-7081-31b7-f15c-f9a174bf4d7f", "gpu_util_percent": 22.0, "gpu_mem_util_percent": 3.0, "gpu_mem_used_mib": 7744.0, "gpu_mem_total_mib": 49140.0, "gpu_power_w": 92.86, "process_present": true, "process_mem_mib": 7248.0, "process_mem_share_percent": 14.74969474969475, "process_util_available": true, "process_util_backend": "nvml", "process_sm_util_percent": 22.0, "process_mem_util_percent": 2.0}
{"timestamp_unix": 1772435780.2463262, "pid": 69812, "device_index": 0, "gpu_uuid": "GPU-6f954bfd-7081-31b7-f15c-f9a174bf4d7f", "gpu_util_percent": 22.0, "gpu_mem_util_percent": 3.0, "gpu_mem_used_mib": 7744.0, "gpu_mem_total_mib": 49140.0, "gpu_power_w": 92.92, "process_present": true, "process_mem_mib": 7248.0, "process_mem_share_percent": 14.74969474969475, "process_util_available": true, "process_util_backend": "nvml", "process_sm_util_percent": 23.0, "process_mem_util_percent": 2.0}
{"timestamp_unix": 1772435780.5581393, "pid": 69812, "device_index": 0, "gpu_uuid": "GPU-6f954bfd-7081-31b7-f15c-f9a174bf4d7f", "gpu_util_percent": 22.0, "gpu_mem_util_percent": 3.0, "gpu_mem_used_mib": 7734.0, "gpu_mem_total_mib": 49140.0, "gpu_power_w": 92.92, "process_present": true, "process_mem_mib": 7248.0, "process_mem_share_percent": 14.74969474969475, "process_util_available": true, "process_util_backend": "nvml", "process_sm_util_percent": 22.0, "process_mem_util_percent": 2.0}
{"timestamp_unix": 1772435780.8638055, "pid": 69812, "device_index": 0, "gpu_uuid": "GPU-6f954bfd-7081-31b7-f15c-f9a174bf4d7f", "gpu_util_percent": 22.0, "gpu_mem_util_percent": 2.0, "gpu_mem_used_mib": 7734.0, "gpu_mem_total_mib": 49140.0, "gpu_power_w": 92.85, "process_present": true, "process_mem_mib": 7248.0, "process_mem_share_percent": 14.74969474969475, "process_util_available": true, "process_util_backend": "nvml", "process_sm_util_percent": 24.0, "process_mem_util_percent": 2.0}
{"timestamp_unix": 1772435781.1525474, "pid": 69812, "device_index": 0, "gpu_uuid": "GPU-6f954bfd-7081-31b7-f15c-f9a174bf4d7f", "gpu_util_percent": 22.0, "gpu_mem_util_percent": 2.0, "gpu_mem_used_mib": 7734.0, "gpu_mem_total_mib": 49140.0, "gpu_power_w": 92.73, "process_present": true, "process_mem_mib": 7248.0, "process_mem_share_percent": 14.74969474969475, "process_util_available": true, "process_util_backend": "nvml", "process_sm_util_percent": 24.0, "process_mem_util_percent": 2.0}
{"timestamp_unix": 1772435781.4396293, "pid": 69812, "device_index": 0, "gpu_uuid": "GPU-6f954bfd-7081-31b7-f15c-f9a174bf4d7f", "gpu_util_percent": 22.0, "gpu_mem_util_percent": 2.0, "gpu_mem_used_mib": 7734.0, "gpu_mem_total_mib": 49140.0, "gpu_power_w": 92.73, "process_present": true, "process_mem_mib": 7248.0, "process_mem_share_percent": 14.74969474969475, "process_util_available": true, "process_util_backend": "nvml", "process_sm_util_percent": 25.0, "process_mem_util_percent": 2.0}
{"timestamp_unix": 1772435781.7301302, "pid": 69812, "device_index": 0, "gpu_uuid": "GPU-6f954bfd-7081-31b7-f15c-f9a174bf4d7f", "gpu_util_percent": 24.0, "gpu_mem_util_percent": 2.0, "gpu_mem_used_mib": 7734.0, "gpu_mem_total_mib": 49140.0, "gpu_power_w": 92.7, "process_present": true, "process_mem_mib": 7248.0, "process_mem_share_percent": 14.74969474969475, "process_util_available": true, "process_util_backend": "nvml", "process_sm_util_percent": 25.0, "process_mem_util_percent": 2.0}
{"timestamp_unix": 1772435782.0179427, "pid": 69812, "device_index": 0, "gpu_uuid": "GPU-6f954bfd-7081-31b7-f15c-f9a174bf4d7f", "gpu_util_percent": 24.0, "gpu_mem_util_percent": 2.0, "gpu_mem_used_mib": 7734.0, "gpu_mem_total_mib": 49140.0, "gpu_power_w": 92.7, "process_present": true, "process_mem_mib": 7248.0, "process_mem_share_percent": 14.74969474969475, "process_util_available": true, "process_util_backend": "nvml", "process_sm_util_percent": 25.0, "process_mem_util_percent": 2.0}
{"timestamp_unix": 1772435782.3069382, "pid": 69812, "device_index": 0, "gpu_uuid": "GPU-6f954bfd-7081-31b7-f15c-f9a174bf4d7f", "gpu_util_percent": 24.0, "gpu_mem_util_percent": 2.0, "gpu_mem_used_mib": 7734.0, "gpu_mem_total_mib": 49140.0, "gpu_power_w": 92.66, "process_present": true, "process_mem_mib": 7248.0, "process_mem_share_percent": 14.74969474969475, "process_util_available": true, "process_util_backend": "nvml", "process_sm_util_percent": 25.0, "process_mem_util_percent": 2.0}
{"timestamp_unix": 1772435782.5977154, "pid": 69812, "device_index": 0, "gpu_uuid": "GPU-6f954bfd-7081-31b7-f15c-f9a174bf4d7f", "gpu_util_percent": 24.0, "gpu_mem_util_percent": 2.0, "gpu_mem_used_mib": 7734.0, "gpu_mem_total_mib": 49140.0, "gpu_power_w": 92.66, "process_present": true, "process_mem_mib": 7248.0, "process_mem_share_percent": 14.74969474969475, "process_util_available": true, "process_util_backend": "nvml", "process_sm_util_percent": 24.0, "process_mem_util_percent": 2.0}
{"timestamp_unix": 1772435782.8979642, "pid": 69812, "device_index": 0, "gpu_uuid": "GPU-6f954bfd-7081-31b7-f15c-f9a174bf4d7f", "gpu_util_percent": 26.0, "gpu_mem_util_percent": 3.0, "gpu_mem_used_mib": 7734.0, "gpu_mem_total_mib": 49140.0, "gpu_power_w": 92.6, "process_present": true, "process_mem_mib": 7248.0, "process_mem_share_percent": 14.74969474969475, "process_util_available": true, "process_util_backend": "nvml", "process_sm_util_percent": 24.0, "process_mem_util_percent": 2.0}
{"timestamp_unix": 1772435783.1972036, "pid": 69812, "device_index": 0, "gpu_uuid": "GPU-6f954bfd-7081-31b7-f15c-f9a174bf4d7f", "gpu_util_percent": 26.0, "gpu_mem_util_percent": 3.0, "gpu_mem_used_mib": 7736.0, "gpu_mem_total_mib": 49140.0, "gpu_power_w": 92.62, "process_present": true, "process_mem_mib": 7248.0, "process_mem_share_percent": 14.74969474969475, "process_util_available": true, "process_util_backend": "nvml", "process_sm_util_percent": 26.0, "process_mem_util_percent": 2.0}
{"timestamp_unix": 1772435783.4983013, "pid": 69812, "device_index": 0, "gpu_uuid": "GPU-6f954bfd-7081-31b7-f15c-f9a174bf4d7f", "gpu_util_percent": 26.0, "gpu_mem_util_percent": 3.0, "gpu_mem_used_mib": 7736.0, "gpu_mem_total_mib": 49140.0, "gpu_power_w": 92.62, "process_present": true, "process_mem_mib": 7248.0, "process_mem_share_percent": 14.74969474969475, "process_util_available": true, "process_util_backend": "nvml", "process_sm_util_percent": 24.0, "process_mem_util_percent": 2.0}
{"timestamp_unix": 1772435783.7959876, "pid": 69812, "device_index": 0, "gpu_uuid": "GPU-6f954bfd-7081-31b7-f15c-f9a174bf4d7f", "gpu_util_percent": 25.0, "gpu_mem_util_percent": 3.0, "gpu_mem_used_mib": 7736.0, "gpu_mem_total_mib": 49140.0, "gpu_power_w": 92.61, "process_present": true, "process_mem_mib": 7248.0, "process_mem_share_percent": 14.74969474969475, "process_util_available": true, "process_util_backend": "nvml", "process_sm_util_percent": 25.0, "process_mem_util_percent": 2.0}
{"timestamp_unix": 1772435784.0863967, "pid": 69812, "device_index": 0, "gpu_uuid": "GPU-6f954bfd-7081-31b7-f15c-f9a174bf4d7f", "gpu_util_percent": 25.0, "gpu_mem_util_percent": 3.0, "gpu_mem_used_mib": 7736.0, "gpu_mem_total_mib": 49140.0, "gpu_power_w": 92.61, "process_present": true, "process_mem_mib": 7248.0, "process_mem_share_percent": 14.74969474969475, "process_util_available": true, "process_util_backend": "nvml", "process_sm_util_percent": 24.0, "process_mem_util_percent": 2.0}
{"timestamp_unix": 1772435784.3765647, "pid": 69812, "device_index": 0, "gpu_uuid": "GPU-6f954bfd-7081-31b7-f15c-f9a174bf4d7f", "gpu_util_percent": 25.0, "gpu_mem_util_percent": 3.0, "gpu_mem_used_mib": 7736.0, "gpu_mem_total_mib": 49140.0, "gpu_power_w": 92.7, "process_present": true, "process_mem_mib": 7248.0, "process_mem_share_percent": 14.74969474969475, "process_util_available": true, "process_util_backend": "nvml", "process_sm_util_percent": 23.0, "process_mem_util_percent": 2.0}
{"timestamp_unix": 1772435784.669676, "pid": 69812, "device_index": 0, "gpu_uuid": "GPU-6f954bfd-7081-31b7-f15c-f9a174bf4d7f", "gpu_util_percent": 24.0, "gpu_mem_util_percent": 2.0, "gpu_mem_used_mib": 7736.0, "gpu_mem_total_mib": 49140.0, "gpu_power_w": 92.44, "process_present": true, "process_mem_mib": 7248.0, "process_mem_share_percent": 14.74969474969475, "process_util_available": true, "process_util_backend": "nvml", "process_sm_util_percent": 24.0, "process_mem_util_percent": 2.0}
{"timestamp_unix": 1772435784.964943, "pid": 69812, "device_index": 0, "gpu_uuid": "GPU-6f954bfd-7081-31b7-f15c-f9a174bf4d7f", "gpu_util_percent": 24.0, "gpu_mem_util_percent": 2.0, "gpu_mem_used_mib": 7736.0, "gpu_mem_total_mib": 49140.0, "gpu_power_w": 92.44, "process_present": true, "process_mem_mib": 7248.0, "process_mem_share_percent": 14.74969474969475, "process_util_available": true, "process_util_backend": "nvml", "process_sm_util_percent": null, "process_mem_util_percent": null}
{"timestamp_unix": 1772435785.2537386, "pid": 69812, "device_index": 0, "gpu_uuid": "GPU-6f954bfd-7081-31b7-f15c-f9a174bf4d7f", "gpu_util_percent": 24.0, "gpu_mem_util_percent": 2.0, "gpu_mem_used_mib": 7736.0, "gpu_mem_total_mib": 49140.0, "gpu_power_w": 92.01, "process_present": true, "process_mem_mib": 7248.0, "process_mem_share_percent": 14.74969474969475, "process_util_available": true, "process_util_backend": "nvml", "process_sm_util_percent": 11.0, "process_mem_util_percent": 1.0}
{"timestamp_unix": 1772435785.547968, "pid": 69812, "device_index": 0, "gpu_uuid": "GPU-6f954bfd-7081-31b7-f15c-f9a174bf4d7f", "gpu_util_percent": 24.0, "gpu_mem_util_percent": 2.0, "gpu_mem_used_mib": 7736.0, "gpu_mem_total_mib": 49140.0, "gpu_power_w": 92.01, "process_present": true, "process_mem_mib": 7248.0, "process_mem_share_percent": 14.74969474969475, "process_util_available": true, "process_util_backend": "nvml", "process_sm_util_percent": 20.0, "process_mem_util_percent": 2.0}
{"timestamp_unix": 1772435785.8470833, "pid": 69812, "device_index": 0, "gpu_uuid": "GPU-6f954bfd-7081-31b7-f15c-f9a174bf4d7f", "gpu_util_percent": 21.0, "gpu_mem_util_percent": 2.0, "gpu_mem_used_mib": 7736.0, "gpu_mem_total_mib": 49140.0, "gpu_power_w": 91.6, "process_present": true, "process_mem_mib": 7248.0, "process_mem_share_percent": 14.74969474969475, "process_util_available": true, "process_util_backend": "nvml", "process_sm_util_percent": 22.0, "process_mem_util_percent": 2.0}
{"timestamp_unix": 1772435786.148147, "pid": 69812, "device_index": 0, "gpu_uuid": "GPU-6f954bfd-7081-31b7-f15c-f9a174bf4d7f", "gpu_util_percent": 21.0, "gpu_mem_util_percent": 2.0, "gpu_mem_used_mib": 7735.0, "gpu_mem_total_mib": 49140.0, "gpu_power_w": 91.91, "process_present": true, "process_mem_mib": 7248.0, "process_mem_share_percent": 14.74969474969475, "process_util_available": true, "process_util_backend": "nvml", "process_sm_util_percent": 22.0, "process_mem_util_percent": 2.0}
{"timestamp_unix": 1772435786.4479504, "pid": 69812, "device_index": 0, "gpu_uuid": "GPU-6f954bfd-7081-31b7-f15c-f9a174bf4d7f", "gpu_util_percent": 21.0, "gpu_mem_util_percent": 2.0, "gpu_mem_used_mib": 7735.0, "gpu_mem_total_mib": 49140.0, "gpu_power_w": 91.91, "process_present": true, "process_mem_mib": 7248.0, "process_mem_share_percent": 14.74969474969475, "process_util_available": true, "process_util_backend": "nvml", "process_sm_util_percent": 22.0, "process_mem_util_percent": 2.0}
{"timestamp_unix": 1772435786.7371624, "pid": 69812, "device_index": 0, "gpu_uuid": "GPU-6f954bfd-7081-31b7-f15c-f9a174bf4d7f", "gpu_util_percent": 23.0, "gpu_mem_util_percent": 3.0, "gpu_mem_used_mib": 7735.0, "gpu_mem_total_mib": 49140.0, "gpu_power_w": 92.32, "process_present": true, "process_mem_mib": 7248.0, "process_mem_share_percent": 14.74969474969475, "process_util_available": true, "process_util_backend": "nvml", "process_sm_util_percent": 22.0, "process_mem_util_percent": 2.0}
{"timestamp_unix": 1772435787.0265064, "pid": 69812, "device_index": 0, "gpu_uuid": "GPU-6f954bfd-7081-31b7-f15c-f9a174bf4d7f", "gpu_util_percent": 23.0, "gpu_mem_util_percent": 3.0, "gpu_mem_used_mib": 7735.0, "gpu_mem_total_mib": 49140.0, "gpu_power_w": 92.32, "process_present": true, "process_mem_mib": 7248.0, "process_mem_share_percent": 14.74969474969475, "process_util_available": true, "process_util_backend": "nvml", "process_sm_util_percent": 22.0, "process_mem_util_percent": 2.0}
{"timestamp_unix": 1772435787.317508, "pid": 69812, "device_index": 0, "gpu_uuid": "GPU-6f954bfd-7081-31b7-f15c-f9a174bf4d7f", "gpu_util_percent": 23.0, "gpu_mem_util_percent": 3.0, "gpu_mem_used_mib": 7738.0, "gpu_mem_total_mib": 49140.0, "gpu_power_w": 92.09, "process_present": true, "process_mem_mib": 7248.0, "process_mem_share_percent": 14.74969474969475, "process_util_available": true, "process_util_backend": "nvml", "process_sm_util_percent": 24.0, "process_mem_util_percent": 2.0}
{"timestamp_unix": 1772435787.6084354, "pid": 69812, "device_index": 0, "gpu_uuid": "GPU-6f954bfd-7081-31b7-f15c-f9a174bf4d7f", "gpu_util_percent": 23.0, "gpu_mem_util_percent": 3.0, "gpu_mem_used_mib": 7746.0, "gpu_mem_total_mib": 49140.0, "gpu_power_w": 92.09, "process_present": true, "process_mem_mib": 7248.0, "process_mem_share_percent": 14.74969474969475, "process_util_available": true, "process_util_backend": "nvml", "process_sm_util_percent": 23.0, "process_mem_util_percent": 2.0}
{"timestamp_unix": 1772435787.9009585, "pid": 69812, "device_index": 0, "gpu_uuid": "GPU-6f954bfd-7081-31b7-f15c-f9a174bf4d7f", "gpu_util_percent": 24.0, "gpu_mem_util_percent": 3.0, "gpu_mem_used_mib": 7746.0, "gpu_mem_total_mib": 49140.0, "gpu_power_w": 91.91, "process_present": true, "process_mem_mib": 7248.0, "process_mem_share_percent": 14.74969474969475, "process_util_available": true, "process_util_backend": "nvml", "process_sm_util_percent": 22.0, "process_mem_util_percent": 2.0}
{"timestamp_unix": 1772435788.189138, "pid": 69812, "device_index": 0, "gpu_uuid": "GPU-6f954bfd-7081-31b7-f15c-f9a174bf4d7f", "gpu_util_percent": 24.0, "gpu_mem_util_percent": 3.0, "gpu_mem_used_mib": 7748.0, "gpu_mem_total_mib": 49140.0, "gpu_power_w": 91.97, "process_present": true, "process_mem_mib": 7248.0, "process_mem_share_percent": 14.74969474969475, "process_util_available": true, "process_util_backend": "nvml", "process_sm_util_percent": 23.0, "process_mem_util_percent": 2.0}
{"timestamp_unix": 1772435788.499581, "pid": 69812, "device_index": 0, "gpu_uuid": "GPU-6f954bfd-7081-31b7-f15c-f9a174bf4d7f", "gpu_util_percent": 24.0, "gpu_mem_util_percent": 3.0, "gpu_mem_used_mib": 7752.0, "gpu_mem_total_mib": 49140.0, "gpu_power_w": 91.97, "process_present": true, "process_mem_mib": 7248.0, "process_mem_share_percent": 14.74969474969475, "process_util_available": true, "process_util_backend": "nvml", "process_sm_util_percent": 25.0, "process_mem_util_percent": 2.0}
{"timestamp_unix": 1772435788.7979083, "pid": 69812, "device_index": 0, "gpu_uuid": "GPU-6f954bfd-7081-31b7-f15c-f9a174bf4d7f", "gpu_util_percent": 25.0, "gpu_mem_util_percent": 3.0, "gpu_mem_used_mib": 7752.0, "gpu_mem_total_mib": 49140.0, "gpu_power_w": 92.11, "process_present": true, "process_mem_mib": 7248.0, "process_mem_share_percent": 14.74969474969475, "process_util_available": true, "process_util_backend": "nvml", "process_sm_util_percent": 24.0, "process_mem_util_percent": 2.0}
{"timestamp_unix": 1772435789.0972228, "pid": 69812, "device_index": 0, "gpu_uuid": "GPU-6f954bfd-7081-31b7-f15c-f9a174bf4d7f", "gpu_util_percent": 25.0, "gpu_mem_util_percent": 3.0, "gpu_mem_used_mib": 7753.0, "gpu_mem_total_mib": 49140.0, "gpu_power_w": 92.11, "process_present": true, "process_mem_mib": 7248.0, "process_mem_share_percent": 14.74969474969475, "process_util_available": true, "process_util_backend": "nvml", "process_sm_util_percent": 25.0, "process_mem_util_percent": 2.0}
{"timestamp_unix": 1772435789.3864992, "pid": 69812, "device_index": 0, "gpu_uuid": "GPU-6f954bfd-7081-31b7-f15c-f9a174bf4d7f", "gpu_util_percent": 25.0, "gpu_mem_util_percent": 3.0, "gpu_mem_used_mib": 7753.0, "gpu_mem_total_mib": 49140.0, "gpu_power_w": 92.32, "process_present": true, "process_mem_mib": 7248.0, "process_mem_share_percent": 14.74969474969475, "process_util_available": true, "process_util_backend": "nvml", "process_sm_util_percent": 24.0, "process_mem_util_percent": 2.0}
{"timestamp_unix": 1772435789.6737974, "pid": 69812, "device_index": 0, "gpu_uuid": "GPU-6f954bfd-7081-31b7-f15c-f9a174bf4d7f", "gpu_util_percent": 22.0, "gpu_mem_util_percent": 3.0, "gpu_mem_used_mib": 7773.0, "gpu_mem_total_mib": 49140.0, "gpu_power_w": 92.32, "process_present": true, "process_mem_mib": 7268.0, "process_mem_share_percent": 14.790394790394789, "process_util_available": true, "process_util_backend": "nvml", "process_sm_util_percent": 12.0, "process_mem_util_percent": 1.0}
{"timestamp_unix": 1772435789.9691274, "pid": 69812, "device_index": 0, "gpu_uuid": "GPU-6f954bfd-7081-31b7-f15c-f9a174bf4d7f", "gpu_util_percent": 22.0, "gpu_mem_util_percent": 3.0, "gpu_mem_used_mib": 7777.0, "gpu_mem_total_mib": 49140.0, "gpu_power_w": 92.32, "process_present": true, "process_mem_mib": 7292.0, "process_mem_share_percent": 14.839234839234837, "process_util_available": true, "process_util_backend": "nvml", "process_sm_util_percent": null, "process_mem_util_percent": null}
{"timestamp_unix": 1772435790.2579646, "pid": 69812, "device_index": 0, "gpu_uuid": "GPU-6f954bfd-7081-31b7-f15c-f9a174bf4d7f", "gpu_util_percent": 22.0, "gpu_mem_util_percent": 3.0, "gpu_mem_used_mib": 7847.0, "gpu_mem_total_mib": 49140.0, "gpu_power_w": 89.17, "process_present": true, "process_mem_mib": 7328.0, "process_mem_share_percent": 14.91249491249491, "process_util_available": true, "process_util_backend": "nvml", "process_sm_util_percent": 12.0, "process_mem_util_percent": 1.0}
{"timestamp_unix": 1772435790.5465324, "pid": 69812, "device_index": 0, "gpu_uuid": "GPU-6f954bfd-7081-31b7-f15c-f9a174bf4d7f", "gpu_util_percent": 22.0, "gpu_mem_util_percent": 3.0, "gpu_mem_used_mib": 7856.0, "gpu_mem_total_mib": 49140.0, "gpu_power_w": 89.17, "process_present": true, "process_mem_mib": 7328.0, "process_mem_share_percent": 14.91249491249491, "process_util_available": true, "process_util_backend": "nvml", "process_sm_util_percent": 23.0, "process_mem_util_percent": 2.0}
{"timestamp_unix": 1772435790.8333287, "pid": 69812, "device_index": 0, "gpu_uuid": "GPU-6f954bfd-7081-31b7-f15c-f9a174bf4d7f", "gpu_util_percent": 24.0, "gpu_mem_util_percent": 2.0, "gpu_mem_used_mib": 7863.0, "gpu_mem_total_mib": 49140.0, "gpu_power_w": 88.88, "process_present": true, "process_mem_mib": 7328.0, "process_mem_share_percent": 14.91249491249491, "process_util_available": true, "process_util_backend": "nvml", "process_sm_util_percent": null, "process_mem_util_percent": null}
{"timestamp_unix": 1772435791.1311398, "pid": 69812, "device_index": 0, "gpu_uuid": "GPU-6f954bfd-7081-31b7-f15c-f9a174bf4d7f", "gpu_util_percent": 24.0, "gpu_mem_util_percent": 2.0, "gpu_mem_used_mib": 7865.0, "gpu_mem_total_mib": 49140.0, "gpu_power_w": 88.88, "process_present": true, "process_mem_mib": 7328.0, "process_mem_share_percent": 14.91249491249491, "process_util_available": true, "process_util_backend": "nvml", "process_sm_util_percent": 26.0, "process_mem_util_percent": 2.0}
{"timestamp_unix": 1772435791.4364743, "pid": 69812, "device_index": 0, "gpu_uuid": "GPU-6f954bfd-7081-31b7-f15c-f9a174bf4d7f", "gpu_util_percent": 24.0, "gpu_mem_util_percent": 2.0, "gpu_mem_used_mib": 7865.0, "gpu_mem_total_mib": 49140.0, "gpu_power_w": 91.98, "process_present": true, "process_mem_mib": 7328.0, "process_mem_share_percent": 14.91249491249491, "process_util_available": true, "process_util_backend": "nvml", "process_sm_util_percent": 24.0, "process_mem_util_percent": 2.0}
{"timestamp_unix": 1772435791.7408934, "pid": 69812, "device_index": 0, "gpu_uuid": "GPU-6f954bfd-7081-31b7-f15c-f9a174bf4d7f", "gpu_util_percent": 26.0, "gpu_mem_util_percent": 2.0, "gpu_mem_used_mib": 7865.0, "gpu_mem_total_mib": 49140.0, "gpu_power_w": 92.18, "process_present": true, "process_mem_mib": 7328.0, "process_mem_share_percent": 14.91249491249491, "process_util_available": true, "process_util_backend": "nvml", "process_sm_util_percent": 25.0, "process_mem_util_percent": 2.0}
{"timestamp_unix": 1772435792.031647, "pid": 69812, "device_index": 0, "gpu_uuid": "GPU-6f954bfd-7081-31b7-f15c-f9a174bf4d7f", "gpu_util_percent": 26.0, "gpu_mem_util_percent": 2.0, "gpu_mem_used_mib": 7865.0, "gpu_mem_total_mib": 49140.0, "gpu_power_w": 92.18, "process_present": true, "process_mem_mib": 7328.0, "process_mem_share_percent": 14.91249491249491, "process_util_available": true, "process_util_backend": "nvml", "process_sm_util_percent": 24.0, "process_mem_util_percent": 2.0}
{"timestamp_unix": 1772435792.3203182, "pid": 69812, "device_index": 0, "gpu_uuid": "GPU-6f954bfd-7081-31b7-f15c-f9a174bf4d7f", "gpu_util_percent": 26.0, "gpu_mem_util_percent": 2.0, "gpu_mem_used_mib": 7865.0, "gpu_mem_total_mib": 49140.0, "gpu_power_w": 92.05, "process_present": true, "process_mem_mib": 7328.0, "process_mem_share_percent": 14.91249491249491, "process_util_available": true, "process_util_backend": "nvml", "process_sm_util_percent": 25.0, "process_mem_util_percent": 2.0}
{"timestamp_unix": 1772435792.6130033, "pid": 69812, "device_index": 0, "gpu_uuid": "GPU-6f954bfd-7081-31b7-f15c-f9a174bf4d7f", "gpu_util_percent": 26.0, "gpu_mem_util_percent": 2.0, "gpu_mem_used_mib": 7864.0, "gpu_mem_total_mib": 49140.0, "gpu_power_w": 92.05, "process_present": true, "process_mem_mib": 7328.0, "process_mem_share_percent": 14.91249491249491, "process_util_available": true, "process_util_backend": "nvml", "process_sm_util_percent": 24.0, "process_mem_util_percent": 2.0}
{"timestamp_unix": 1772435792.9021301, "pid": 69812, "device_index": 0, "gpu_uuid": "GPU-6f954bfd-7081-31b7-f15c-f9a174bf4d7f", "gpu_util_percent": 24.0, "gpu_mem_util_percent": 3.0, "gpu_mem_used_mib": 7864.0, "gpu_mem_total_mib": 49140.0, "gpu_power_w": 92.07, "process_present": true, "process_mem_mib": 7328.0, "process_mem_share_percent": 14.91249491249491, "process_util_available": true, "process_util_backend": "nvml", "process_sm_util_percent": 24.0, "process_mem_util_percent": 2.0}
{"timestamp_unix": 1772435793.193473, "pid": 69812, "device_index": 0, "gpu_uuid": "GPU-6f954bfd-7081-31b7-f15c-f9a174bf4d7f", "gpu_util_percent": 24.0, "gpu_mem_util_percent": 3.0, "gpu_mem_used_mib": 7863.0, "gpu_mem_total_mib": 49140.0, "gpu_power_w": 92.11, "process_present": true, "process_mem_mib": 7328.0, "process_mem_share_percent": 14.91249491249491, "process_util_available": true, "process_util_backend": "nvml", "process_sm_util_percent": 23.0, "process_mem_util_percent": 2.0}
{"timestamp_unix": 1772435793.486062, "pid": 69812, "device_index": 0, "gpu_uuid": "GPU-6f954bfd-7081-31b7-f15c-f9a174bf4d7f", "gpu_util_percent": 24.0, "gpu_mem_util_percent": 3.0, "gpu_mem_used_mib": 7862.0, "gpu_mem_total_mib": 49140.0, "gpu_power_w": 92.11, "process_present": true, "process_mem_mib": 7328.0, "process_mem_share_percent": 14.91249491249491, "process_util_available": true, "process_util_backend": "nvml", "process_sm_util_percent": 24.0, "process_mem_util_percent": 2.0}
{"timestamp_unix": 1772435793.7912128, "pid": 69812, "device_index": 0, "gpu_uuid": "GPU-6f954bfd-7081-31b7-f15c-f9a174bf4d7f", "gpu_util_percent": 24.0, "gpu_mem_util_percent": 2.0, "gpu_mem_used_mib": 7862.0, "gpu_mem_total_mib": 49140.0, "gpu_power_w": 92.06, "process_present": true, "process_mem_mib": 7328.0, "process_mem_share_percent": 14.91249491249491, "process_util_available": true, "process_util_backend": "nvml", "process_sm_util_percent": 24.0, "process_mem_util_percent": 2.0}
{"timestamp_unix": 1772435794.0976577, "pid": 69812, "device_index": 0, "gpu_uuid": "GPU-6f954bfd-7081-31b7-f15c-f9a174bf4d7f", "gpu_util_percent": 24.0, "gpu_mem_util_percent": 2.0, "gpu_mem_used_mib": 7861.0, "gpu_mem_total_mib": 49140.0, "gpu_power_w": 92.06, "process_present": true, "process_mem_mib": 7328.0, "process_mem_share_percent": 14.91249491249491, "process_util_available": true, "process_util_backend": "nvml", "process_sm_util_percent": 24.0, "process_mem_util_percent": 2.0}
{"timestamp_unix": 1772435794.3975925, "pid": 69812, "device_index": 0, "gpu_uuid": "GPU-6f954bfd-7081-31b7-f15c-f9a174bf4d7f", "gpu_util_percent": 24.0, "gpu_mem_util_percent": 2.0, "gpu_mem_used_mib": 7861.0, "gpu_mem_total_mib": 49140.0, "gpu_power_w": 92.21, "process_present": true, "process_mem_mib": 7328.0, "process_mem_share_percent": 14.91249491249491, "process_util_available": true, "process_util_backend": "nvml", "process_sm_util_percent": 23.0, "process_mem_util_percent": 2.0}
{"timestamp_unix": 1772435794.686783, "pid": 69812, "device_index": 0, "gpu_uuid": "GPU-6f954bfd-7081-31b7-f15c-f9a174bf4d7f", "gpu_util_percent": 24.0, "gpu_mem_util_percent": 3.0, "gpu_mem_used_mib": 7861.0, "gpu_mem_total_mib": 49140.0, "gpu_power_w": 92.2, "process_present": true, "process_mem_mib": 7328.0, "process_mem_share_percent": 14.91249491249491, "process_util_available": true, "process_util_backend": "nvml", "process_sm_util_percent": 24.0, "process_mem_util_percent": 2.0}
{"timestamp_unix": 1772435794.9789608, "pid": 69812, "device_index": 0, "gpu_uuid": "GPU-6f954bfd-7081-31b7-f15c-f9a174bf4d7f", "gpu_util_percent": 24.0, "gpu_mem_util_percent": 3.0, "gpu_mem_used_mib": 7860.0, "gpu_mem_total_mib": 49140.0, "gpu_power_w": 92.2, "process_present": true, "process_mem_mib": 7328.0, "process_mem_share_percent": 14.91249491249491, "process_util_available": true, "process_util_backend": "nvml", "process_sm_util_percent": 23.0, "process_mem_util_percent": 2.0}
{"timestamp_unix": 1772435795.2674296, "pid": 69812, "device_index": 0, "gpu_uuid": "GPU-6f954bfd-7081-31b7-f15c-f9a174bf4d7f", "gpu_util_percent": 24.0, "gpu_mem_util_percent": 3.0, "gpu_mem_used_mib": 7859.0, "gpu_mem_total_mib": 49140.0, "gpu_power_w": 91.88, "process_present": true, "process_mem_mib": 7328.0, "process_mem_share_percent": 14.91249491249491, "process_util_available": true, "process_util_backend": "nvml", "process_sm_util_percent": 23.0, "process_mem_util_percent": 2.0}
{"timestamp_unix": 1772435795.5554872, "pid": 69812, "device_index": 0, "gpu_uuid": "GPU-6f954bfd-7081-31b7-f15c-f9a174bf4d7f", "gpu_util_percent": 24.0, "gpu_mem_util_percent": 3.0, "gpu_mem_used_mib": 7859.0, "gpu_mem_total_mib": 49140.0, "gpu_power_w": 91.88, "process_present": true, "process_mem_mib": 7328.0, "process_mem_share_percent": 14.91249491249491, "process_util_available": true, "process_util_backend": "nvml", "process_sm_util_percent": 23.0, "process_mem_util_percent": 2.0}
{"timestamp_unix": 1772435795.8480287, "pid": 69812, "device_index": 0, "gpu_uuid": "GPU-6f954bfd-7081-31b7-f15c-f9a174bf4d7f", "gpu_util_percent": 24.0, "gpu_mem_util_percent": 2.0, "gpu_mem_used_mib": 7844.0, "gpu_mem_total_mib": 49140.0, "gpu_power_w": 91.74, "process_present": true, "process_mem_mib": 7328.0, "process_mem_share_percent": 14.91249491249491, "process_util_available": true, "process_util_backend": "nvml", "process_sm_util_percent": 24.0, "process_mem_util_percent": 2.0}
{"timestamp_unix": 1772435796.1366425, "pid": 69812, "device_index": 0, "gpu_uuid": "GPU-6f954bfd-7081-31b7-f15c-f9a174bf4d7f", "gpu_util_percent": 24.0, "gpu_mem_util_percent": 2.0, "gpu_mem_used_mib": 7848.0, "gpu_mem_total_mib": 49140.0, "gpu_power_w": 91.74, "process_present": true, "process_mem_mib": 7328.0, "process_mem_share_percent": 14.91249491249491, "process_util_available": true, "process_util_backend": "nvml", "process_sm_util_percent": 26.0, "process_mem_util_percent": 2.0}
{"timestamp_unix": 1772435796.4457066, "pid": 69812, "device_index": 0, "gpu_uuid": "GPU-6f954bfd-7081-31b7-f15c-f9a174bf4d7f", "gpu_util_percent": 24.0, "gpu_mem_util_percent": 2.0, "gpu_mem_used_mib": 7848.0, "gpu_mem_total_mib": 49140.0, "gpu_power_w": 91.74, "process_present": true, "process_mem_mib": 7328.0, "process_mem_share_percent": 14.91249491249491, "process_util_available": true, "process_util_backend": "nvml", "process_sm_util_percent": 24.0, "process_mem_util_percent": 2.0}
{"timestamp_unix": 1772435796.7469182, "pid": 69812, "device_index": 0, "gpu_uuid": "GPU-6f954bfd-7081-31b7-f15c-f9a174bf4d7f", "gpu_util_percent": 24.0, "gpu_mem_util_percent": 2.0, "gpu_mem_used_mib": 7845.0, "gpu_mem_total_mib": 49140.0, "gpu_power_w": 91.98, "process_present": true, "process_mem_mib": 7328.0, "process_mem_share_percent": 14.91249491249491, "process_util_available": true, "process_util_backend": "nvml", "process_sm_util_percent": 23.0, "process_mem_util_percent": 2.0}
{"timestamp_unix": 1772435797.046604, "pid": 69812, "device_index": 0, "gpu_uuid": "GPU-6f954bfd-7081-31b7-f15c-f9a174bf4d7f", "gpu_util_percent": 24.0, "gpu_mem_util_percent": 2.0, "gpu_mem_used_mib": 7844.0, "gpu_mem_total_mib": 49140.0, "gpu_power_w": 91.98, "process_present": true, "process_mem_mib": 7328.0, "process_mem_share_percent": 14.91249491249491, "process_util_available": true, "process_util_backend": "nvml", "process_sm_util_percent": 24.0, "process_mem_util_percent": 2.0}
{"timestamp_unix": 1772435797.3359542, "pid": 69812, "device_index": 0, "gpu_uuid": "GPU-6f954bfd-7081-31b7-f15c-f9a174bf4d7f", "gpu_util_percent": 24.0, "gpu_mem_util_percent": 2.0, "gpu_mem_used_mib": 7852.0, "gpu_mem_total_mib": 49140.0, "gpu_power_w": 91.98, "process_present": true, "process_mem_mib": 7328.0, "process_mem_share_percent": 14.91249491249491, "process_util_available": true, "process_util_backend": "nvml", "process_sm_util_percent": 25.0, "process_mem_util_percent": 2.0}
{"timestamp_unix": 1772435797.6232038, "pid": 69812, "device_index": 0, "gpu_uuid": "GPU-6f954bfd-7081-31b7-f15c-f9a174bf4d7f", "gpu_util_percent": 24.0, "gpu_mem_util_percent": 2.0, "gpu_mem_used_mib": 7855.0, "gpu_mem_total_mib": 49140.0, "gpu_power_w": 91.98, "process_present": true, "process_mem_mib": 7328.0, "process_mem_share_percent": 14.91249491249491, "process_util_available": true, "process_util_backend": "nvml", "process_sm_util_percent": 7.0, "process_mem_util_percent": 0.0}
