{"timestamp_unix": 1772442786.471008, "pid": 118465, "device_index": 0, "gpu_uuid": "GPU-6f954bfd-7081-31b7-f15c-f9a174bf4d7f", "gpu_util_percent": 42.0, "gpu_mem_util_percent": 17.0, "gpu_mem_used_mib": 1006.0, "gpu_mem_total_mib": 49140.0, "gpu_power_w": 47.9, "process_present": true, "process_mem_mib": 500.0, "process_mem_share_percent": 1.0175010175010175, "process_util_available": true, "process_util_backend": "nvml", "process_sm_util_percent": null, "process_mem_util_percent": null}
{"timestamp_unix": 1772442786.860339, "pid": 118465, "device_index": 0, "gpu_uuid": "GPU-6f954bfd-7081-31b7-f15c-f9a174bf4d7f", "gpu_util_percent": 14.0, "gpu_mem_util_percent": 1.0, "gpu_mem_used_mib": 1006.0, "gpu_mem_total_mib": 49140.0, "gpu_power_w": 65.17, "process_present": true, "process_mem_mib": 500.0, "process_mem_share_percent": 1.0175010175010175, "process_util_available": true, "process_util_backend": "nvml", "process_sm_util_percent": null, "process_mem_util_percent": null}
{"timestamp_unix": 1772442787.1780887, "pid": 118465, "device_index": 0, "gpu_uuid": "GPU-6f954bfd-7081-31b7-f15c-f9a174bf4d7f", "gpu_util_percent": 14.0, "gpu_mem_util_percent": 1.0, "gpu_mem_used_mib": 1005.0, "gpu_mem_total_mib": 49140.0, "gpu_power_w": 65.17, "process_present": true, "process_mem_mib": 500.0, "process_mem_share_percent": 1.0175010175010175, "process_util_available": true, "process_util_backend": "nvml", "process_sm_util_percent": null, "process_mem_util_percent": null}
{"timestamp_unix": 1772442787.4998753, "pid": 118465, "device_index": 0, "gpu_uuid": "GPU-6f954bfd-7081-31b7-f15c-f9a174bf4d7f", "gpu_util_percent": 14.0, "gpu_mem_util_percent": 1.0, "gpu_mem_used_mib": 1001.0, "gpu_mem_total_mib": 49140.0, "gpu_power_w": 81.75, "process_present": true, "process_mem_mib": 500.0, "process_mem_share_percent": 1.0175010175010175, "process_util_available": true, "process_util_backend": "nvml", "process_sm_util_percent": null, "process_mem_util_percent": null}
{"timestamp_unix": 1772442787.7885056, "pid": 118465, "device_index": 0, "gpu_uuid": "GPU-6f954bfd-7081-31b7-f15c-f9a174bf4d7f", "gpu_util_percent": 16.0, "gpu_mem_util_percent": 1.0, "gpu_mem_used_mib": 1131.0, "gpu_mem_total_mib": 49140.0, "gpu_power_w": 83.4, "process_present": true, "process_mem_mib": 654.0, "process_mem_share_percent": 1.3308913308913308, "process_util_available": true, "process_util_backend": "nvml", "process_sm_util_percent": null, "process_mem_util_percent": null}
{"timestamp_unix": 1772442788.077128, "pid": 118465, "device_index": 0, "gpu_uuid": "GPU-6f954bfd-7081-31b7-f15c-f9a174bf4d7f", "gpu_util_percent": 16.0, "gpu_mem_util_percent": 1.0, "gpu_mem_used_mib": 1435.0, "gpu_mem_total_mib": 49140.0, "gpu_power_w": 83.4, "process_present": true, "process_mem_mib": 1034.0, "process_mem_share_percent": 2.104192104192104, "process_util_available": true, "process_util_backend": "nvml", "process_sm_util_percent": 21.0, "process_mem_util_percent": 1.0}
{"timestamp_unix": 1772442788.368734, "pid": 118465, "device_index": 0, "gpu_uuid": "GPU-6f954bfd-7081-31b7-f15c-f9a174bf4d7f", "gpu_util_percent": 16.0, "gpu_mem_util_percent": 1.0, "gpu_mem_used_mib": 1867.0, "gpu_mem_total_mib": 49140.0, "gpu_power_w": 86.49, "process_present": true, "process_mem_mib": 1378.0, "process_mem_share_percent": 2.804232804232804, "process_util_available": true, "process_util_backend": "nvml", "process_sm_util_percent": null, "process_mem_util_percent": null}
{"timestamp_unix": 1772442788.6565998, "pid": 118465, "device_index": 0, "gpu_uuid": "GPU-6f954bfd-7081-31b7-f15c-f9a174bf4d7f", "gpu_util_percent": 16.0, "gpu_mem_util_percent": 1.0, "gpu_mem_used_mib": 3007.0, "gpu_mem_total_mib": 49140.0, "gpu_power_w": 86.49, "process_present": true, "process_mem_mib": 2754.0, "process_mem_share_percent": 5.604395604395605, "process_util_available": true, "process_util_backend": "nvml", "process_sm_util_percent": 8.0, "process_mem_util_percent": 0.0}
{"timestamp_unix": 1772442788.94991, "pid": 118465, "device_index": 0, "gpu_uuid": "GPU-6f954bfd-7081-31b7-f15c-f9a174bf4d7f", "gpu_util_percent": 24.0, "gpu_mem_util_percent": 4.0, "gpu_mem_used_mib": 5025.0, "gpu_mem_total_mib": 49140.0, "gpu_power_w": 89.41, "process_present": true, "process_mem_mib": 4788.0, "process_mem_share_percent": 9.743589743589745, "process_util_available": true, "process_util_backend": "nvml", "process_sm_util_percent": 23.0, "process_mem_util_percent": 3.0}
{"timestamp_unix": 1772442789.250209, "pid": 118465, "device_index": 0, "gpu_uuid": "GPU-6f954bfd-7081-31b7-f15c-f9a174bf4d7f", "gpu_util_percent": 24.0, "gpu_mem_util_percent": 4.0, "gpu_mem_used_mib": 6959.0, "gpu_mem_total_mib": 49140.0, "gpu_power_w": 89.41, "process_present": true, "process_mem_mib": 6732.0, "process_mem_share_percent": 13.6996336996337, "process_util_available": true, "process_util_backend": "nvml", "process_sm_util_percent": 24.0, "process_mem_util_percent": 4.0}
{"timestamp_unix": 1772442789.5508702, "pid": 118465, "device_index": 0, "gpu_uuid": "GPU-6f954bfd-7081-31b7-f15c-f9a174bf4d7f", "gpu_util_percent": 24.0, "gpu_mem_util_percent": 4.0, "gpu_mem_used_mib": 9182.0, "gpu_mem_total_mib": 49140.0, "gpu_power_w": 91.85, "process_present": true, "process_mem_mib": 8966.0, "process_mem_share_percent": 18.245828245828246, "process_util_available": true, "process_util_backend": "nvml", "process_sm_util_percent": 24.0, "process_mem_util_percent": 4.0}
{"timestamp_unix": 1772442789.854308, "pid": 118465, "device_index": 0, "gpu_uuid": "GPU-6f954bfd-7081-31b7-f15c-f9a174bf4d7f", "gpu_util_percent": 25.0, "gpu_mem_util_percent": 5.0, "gpu_mem_used_mib": 11546.0, "gpu_mem_total_mib": 49140.0, "gpu_power_w": 94.63, "process_present": true, "process_mem_mib": 11346.0, "process_mem_share_percent": 23.08913308913309, "process_util_available": true, "process_util_backend": "nvml", "process_sm_util_percent": 12.0, "process_mem_util_percent": 1.0}
{"timestamp_unix": 1772442790.1430194, "pid": 118465, "device_index": 0, "gpu_uuid": "GPU-6f954bfd-7081-31b7-f15c-f9a174bf4d7f", "gpu_util_percent": 25.0, "gpu_mem_util_percent": 5.0, "gpu_mem_used_mib": 13982.0, "gpu_mem_total_mib": 49140.0, "gpu_power_w": 94.63, "process_present": true, "process_mem_mib": 13804.0, "process_mem_share_percent": 28.09116809116809, "process_util_available": true, "process_util_backend": "nvml", "process_sm_util_percent": null, "process_mem_util_percent": null}
{"timestamp_unix": 1772442790.4336326, "pid": 118465, "device_index": 0, "gpu_uuid": "GPU-6f954bfd-7081-31b7-f15c-f9a174bf4d7f", "gpu_util_percent": 25.0, "gpu_mem_util_percent": 5.0, "gpu_mem_used_mib": 15776.0, "gpu_mem_total_mib": 49140.0, "gpu_power_w": 94.83, "process_present": true, "process_mem_mib": 15498.0, "process_mem_share_percent": 31.538461538461537, "process_util_available": true, "process_util_backend": "nvml", "process_sm_util_percent": 24.0, "process_mem_util_percent": 3.0}
{"timestamp_unix": 1772442790.722149, "pid": 118465, "device_index": 0, "gpu_uuid": "GPU-6f954bfd-7081-31b7-f15c-f9a174bf4d7f", "gpu_util_percent": 25.0, "gpu_mem_util_percent": 5.0, "gpu_mem_used_mib": 17518.0, "gpu_mem_total_mib": 49140.0, "gpu_power_w": 94.83, "process_present": true, "process_mem_mib": 17266.0, "process_mem_share_percent": 35.136345136345135, "process_util_available": true, "process_util_backend": "nvml", "process_sm_util_percent": 23.0, "process_mem_util_percent": 4.0}
{"timestamp_unix": 1772442791.011498, "pid": 118465, "device_index": 0, "gpu_uuid": "GPU-6f954bfd-7081-31b7-f15c-f9a174bf4d7f", "gpu_util_percent": 23.0, "gpu_mem_util_percent": 4.0, "gpu_mem_used_mib": 19252.0, "gpu_mem_total_mib": 49140.0, "gpu_power_w": 94.86, "process_present": true, "process_mem_mib": 18994.0, "process_mem_share_percent": 38.65282865282865, "process_util_available": true, "process_util_backend": "nvml", "process_sm_util_percent": 24.0, "process_mem_util_percent": 3.0}
{"timestamp_unix": 1772442791.3014562, "pid": 118465, "device_index": 0, "gpu_uuid": "GPU-6f954bfd-7081-31b7-f15c-f9a174bf4d7f", "gpu_util_percent": 23.0, "gpu_mem_util_percent": 4.0, "gpu_mem_used_mib": 20933.0, "gpu_mem_total_mib": 49140.0, "gpu_power_w": 95.32, "process_present": true, "process_mem_mib": 20674.0, "process_mem_share_percent": 42.07163207163207, "process_util_available": true, "process_util_backend": "nvml", "process_sm_util_percent": 25.0, "process_mem_util_percent": 4.0}
{"timestamp_unix": 1772442791.5923173, "pid": 118465, "device_index": 0, "gpu_uuid": "GPU-6f954bfd-7081-31b7-f15c-f9a174bf4d7f", "gpu_util_percent": 23.0, "gpu_mem_util_percent": 4.0, "gpu_mem_used_mib": 22877.0, "gpu_mem_total_mib": 49140.0, "gpu_power_w": 95.32, "process_present": true, "process_mem_mib": 22654.0, "process_mem_share_percent": 46.1009361009361, "process_util_available": true, "process_util_backend": "nvml", "process_sm_util_percent": 24.0, "process_mem_util_percent": 4.0}
{"timestamp_unix": 1772442791.9108036, "pid": 118465, "device_index": 0, "gpu_uuid": "GPU-6f954bfd-7081-31b7-f15c-f9a174bf4d7f", "gpu_util_percent": 25.0, "gpu_mem_util_percent": 5.0, "gpu_mem_used_mib": 24955.0, "gpu_mem_total_mib": 49140.0, "gpu_power_w": 96.07, "process_present": true, "process_mem_mib": 24712.0, "process_mem_share_percent": 50.28897028897029, "process_util_available": true, "process_util_backend": "nvml", "process_sm_util_percent": 24.0, "process_mem_util_percent": 4.0}
{"timestamp_unix": 1772442792.2175453, "pid": 118465, "device_index": 0, "gpu_uuid": "GPU-6f954bfd-7081-31b7-f15c-f9a174bf4d7f", "gpu_util_percent": 25.0, "gpu_mem_util_percent": 5.0, "gpu_mem_used_mib": 27033.0, "gpu_mem_total_mib": 49140.0, "gpu_power_w": 96.07, "process_present": true, "process_mem_mib": 26800.0, "process_mem_share_percent": 54.53805453805454, "process_util_available": true, "process_util_backend": "nvml", "process_sm_util_percent": 24.0, "process_mem_util_percent": 3.0}
{"timestamp_unix": 1772442792.518782, "pid": 118465, "device_index": 0, "gpu_uuid": "GPU-6f954bfd-7081-31b7-f15c-f9a174bf4d7f", "gpu_util_percent": 25.0, "gpu_mem_util_percent": 5.0, "gpu_mem_used_mib": 29021.0, "gpu_mem_total_mib": 49140.0, "gpu_power_w": 96.25, "process_present": true, "process_mem_mib": 28762.0, "process_mem_share_percent": 58.530728530728524, "process_util_available": true, "process_util_backend": "nvml", "process_sm_util_percent": 24.0, "process_mem_util_percent": 4.0}
{"timestamp_unix": 1772442792.811056, "pid": 118465, "device_index": 0, "gpu_uuid": "GPU-6f954bfd-7081-31b7-f15c-f9a174bf4d7f", "gpu_util_percent": 25.0, "gpu_mem_util_percent": 4.0, "gpu_mem_used_mib": 30713.0, "gpu_mem_total_mib": 49140.0, "gpu_power_w": 96.01, "process_present": true, "process_mem_mib": 30388.0, "process_mem_share_percent": 61.839641839641835, "process_util_available": true, "process_util_backend": "nvml", "process_sm_util_percent": 24.0, "process_mem_util_percent": 3.0}
{"timestamp_unix": 1772442793.1041849, "pid": 118465, "device_index": 0, "gpu_uuid": "GPU-6f954bfd-7081-31b7-f15c-f9a174bf4d7f", "gpu_util_percent": 25.0, "gpu_mem_util_percent": 4.0, "gpu_mem_used_mib": 32359.0, "gpu_mem_total_mib": 49140.0, "gpu_power_w": 96.01, "process_present": true, "process_mem_mib": 32074.0, "process_mem_share_percent": 65.27065527065528, "process_util_available": true, "process_util_backend": "nvml", "process_sm_util_percent": 25.0, "process_mem_util_percent": 4.0}
{"timestamp_unix": 1772442793.4018798, "pid": 118465, "device_index": 0, "gpu_uuid": "GPU-6f954bfd-7081-31b7-f15c-f9a174bf4d7f", "gpu_util_percent": 25.0, "gpu_mem_util_percent": 4.0, "gpu_mem_used_mib": 34017.0, "gpu_mem_total_mib": 49140.0, "gpu_power_w": 95.84, "process_present": true, "process_mem_mib": 33756.0, "process_mem_share_percent": 68.69352869352869, "process_util_available": true, "process_util_backend": "nvml", "process_sm_util_percent": 23.0, "process_mem_util_percent": 4.0}
{"timestamp_unix": 1772442793.6953526, "pid": 118465, "device_index": 0, "gpu_uuid": "GPU-6f954bfd-7081-31b7-f15c-f9a174bf4d7f", "gpu_util_percent": 25.0, "gpu_mem_util_percent": 4.0, "gpu_mem_used_mib": 35951.0, "gpu_mem_total_mib": 49140.0, "gpu_power_w": 95.84, "process_present": true, "process_mem_mib": 35730.0, "process_mem_share_percent": 72.7106227106227, "process_util_available": true, "process_util_backend": "nvml", "process_sm_util_percent": 23.0, "process_mem_util_percent": 4.0}
{"timestamp_unix": 1772442793.9908555, "pid": 118465, "device_index": 0, "gpu_uuid": "GPU-6f954bfd-7081-31b7-f15c-f9a174bf4d7f", "gpu_util_percent": 21.0, "gpu_mem_util_percent": 4.0, "gpu_mem_used_mib": 36485.0, "gpu_mem_total_mib": 49140.0, "gpu_power_w": 95.82, "process_present": true, "process_mem_mib": 36212.0, "process_mem_share_percent": 73.69149369149369, "process_util_available": true, "process_util_backend": "nvml", "process_sm_util_percent": null, "process_mem_util_percent": null}
{"timestamp_unix": 1772442794.2857645, "pid": 118465, "device_index": 0, "gpu_uuid": "GPU-6f954bfd-7081-31b7-f15c-f9a174bf4d7f", "gpu_util_percent": 21.0, "gpu_mem_util_percent": 4.0, "gpu_mem_used_mib": 36711.0, "gpu_mem_total_mib": 49140.0, "gpu_power_w": 95.04, "process_present": true, "process_mem_mib": 36212.0, "process_mem_share_percent": 73.69149369149369, "process_util_available": true, "process_util_backend": "nvml", "process_sm_util_percent": 22.0, "process_mem_util_percent": 4.0}
{"timestamp_unix": 1772442794.584798, "pid": 118465, "device_index": 0, "gpu_uuid": "GPU-6f954bfd-7081-31b7-f15c-f9a174bf4d7f", "gpu_util_percent": 21.0, "gpu_mem_util_percent": 4.0, "gpu_mem_used_mib": 36711.0, "gpu_mem_total_mib": 49140.0, "gpu_power_w": 95.04, "process_present": true, "process_mem_mib": 36212.0, "process_mem_share_percent": 73.69149369149369, "process_util_available": true, "process_util_backend": "nvml", "process_sm_util_percent": 26.0, "process_mem_util_percent": 5.0}
{"timestamp_unix": 1772442794.8845174, "pid": 118465, "device_index": 0, "gpu_uuid": "GPU-6f954bfd-7081-31b7-f15c-f9a174bf4d7f", "gpu_util_percent": 26.0, "gpu_mem_util_percent": 6.0, "gpu_mem_used_mib": 36711.0, "gpu_mem_total_mib": 49140.0, "gpu_power_w": 96.96, "process_present": true, "process_mem_mib": 36212.0, "process_mem_share_percent": 73.69149369149369, "process_util_available": true, "process_util_backend": "nvml", "process_sm_util_percent": 26.0, "process_mem_util_percent": 5.0}
{"timestamp_unix": 1772442795.1855698, "pid": 118465, "device_index": 0, "gpu_uuid": "GPU-6f954bfd-7081-31b7-f15c-f9a174bf4d7f", "gpu_util_percent": 26.0, "gpu_mem_util_percent": 6.0, "gpu_mem_used_mib": 36712.0, "gpu_mem_total_mib": 49140.0, "gpu_power_w": 96.96, "process_present": true, "process_mem_mib": 36212.0, "process_mem_share_percent": 73.69149369149369, "process_util_available": true, "process_util_backend": "nvml", "process_sm_util_percent": 26.0, "process_mem_util_percent": 5.0}
{"timestamp_unix": 1772442795.4852989, "pid": 118465, "device_index": 0, "gpu_uuid": "GPU-6f954bfd-7081-31b7-f15c-f9a174bf4d7f", "gpu_util_percent": 26.0, "gpu_mem_util_percent": 6.0, "gpu_mem_used_mib": 36712.0, "gpu_mem_total_mib": 49140.0, "gpu_power_w": 100.03, "process_present": true, "process_mem_mib": 36212.0, "process_mem_share_percent": 73.69149369149369, "process_util_available": true, "process_util_backend": "nvml", "process_sm_util_percent": 26.0, "process_mem_util_percent": 5.0}
{"timestamp_unix": 1772442795.7758133, "pid": 118465, "device_index": 0, "gpu_uuid": "GPU-6f954bfd-7081-31b7-f15c-f9a174bf4d7f", "gpu_util_percent": 26.0, "gpu_mem_util_percent": 6.0, "gpu_mem_used_mib": 36712.0, "gpu_mem_total_mib": 49140.0, "gpu_power_w": 100.03, "process_present": true, "process_mem_mib": 36212.0, "process_mem_share_percent": 73.69149369149369, "process_util_available": true, "process_util_backend": "nvml", "process_sm_util_percent": 25.0, "process_mem_util_percent": 4.0}
{"timestamp_unix": 1772442796.068225, "pid": 118465, "device_index": 0, "gpu_uuid": "GPU-6f954bfd-7081-31b7-f15c-f9a174bf4d7f", "gpu_util_percent": 26.0, "gpu_mem_util_percent": 5.0, "gpu_mem_used_mib": 36712.0, "gpu_mem_total_mib": 49140.0, "gpu_power_w": 99.32, "process_present": true, "process_mem_mib": 36212.0, "process_mem_share_percent": 73.69149369149369, "process_util_available": true, "process_util_backend": "nvml", "process_sm_util_percent": 26.0, "process_mem_util_percent": 4.0}
{"timestamp_unix": 1772442796.3591843, "pid": 118465, "device_index": 0, "gpu_uuid": "GPU-6f954bfd-7081-31b7-f15c-f9a174bf4d7f", "gpu_util_percent": 26.0, "gpu_mem_util_percent": 5.0, "gpu_mem_used_mib": 36712.0, "gpu_mem_total_mib": 49140.0, "gpu_power_w": 98.54, "process_present": true, "process_mem_mib": 36212.0, "process_mem_share_percent": 73.69149369149369, "process_util_available": true, "process_util_backend": "nvml", "process_sm_util_percent": 26.0, "process_mem_util_percent": 4.0}
{"timestamp_unix": 1772442796.653903, "pid": 118465, "device_index": 0, "gpu_uuid": "GPU-6f954bfd-7081-31b7-f15c-f9a174bf4d7f", "gpu_util_percent": 26.0, "gpu_mem_util_percent": 5.0, "gpu_mem_used_mib": 36712.0, "gpu_mem_total_mib": 49140.0, "gpu_power_w": 98.54, "process_present": true, "process_mem_mib": 36212.0, "process_mem_share_percent": 73.69149369149369, "process_util_available": true, "process_util_backend": "nvml", "process_sm_util_percent": 26.0, "process_mem_util_percent": 4.0}
{"timestamp_unix": 1772442796.9434235, "pid": 118465, "device_index": 0, "gpu_uuid": "GPU-6f954bfd-7081-31b7-f15c-f9a174bf4d7f", "gpu_util_percent": 27.0, "gpu_mem_util_percent": 4.0, "gpu_mem_used_mib": 36712.0, "gpu_mem_total_mib": 49140.0, "gpu_power_w": 97.96, "process_present": true, "process_mem_mib": 36212.0, "process_mem_share_percent": 73.69149369149369, "process_util_available": true, "process_util_backend": "nvml", "process_sm_util_percent": 26.0, "process_mem_util_percent": 4.0}
{"timestamp_unix": 1772442797.2350962, "pid": 118465, "device_index": 0, "gpu_uuid": "GPU-6f954bfd-7081-31b7-f15c-f9a174bf4d7f", "gpu_util_percent": 27.0, "gpu_mem_util_percent": 4.0, "gpu_mem_used_mib": 36712.0, "gpu_mem_total_mib": 49140.0, "gpu_power_w": 97.96, "process_present": true, "process_mem_mib": 36212.0, "process_mem_share_percent": 73.69149369149369, "process_util_available": true, "process_util_backend": "nvml", "process_sm_util_percent": 26.0, "process_mem_util_percent": 4.0}
{"timestamp_unix": 1772442797.5310023, "pid": 118465, "device_index": 0, "gpu_uuid": "GPU-6f954bfd-7081-31b7-f15c-f9a174bf4d7f", "gpu_util_percent": 27.0, "gpu_mem_util_percent": 4.0, "gpu_mem_used_mib": 36708.0, "gpu_mem_total_mib": 49140.0, "gpu_power_w": 97.59, "process_present": true, "process_mem_mib": 36212.0, "process_mem_share_percent": 73.69149369149369, "process_util_available": true, "process_util_backend": "nvml", "process_sm_util_percent": 24.0, "process_mem_util_percent": 4.0}
{"timestamp_unix": 1772442797.8361337, "pid": 118465, "device_index": 0, "gpu_uuid": "GPU-6f954bfd-7081-31b7-f15c-f9a174bf4d7f", "gpu_util_percent": 25.0, "gpu_mem_util_percent": 4.0, "gpu_mem_used_mib": 36708.0, "gpu_mem_total_mib": 49140.0, "gpu_power_w": 97.15, "process_present": true, "process_mem_mib": 36212.0, "process_mem_share_percent": 73.69149369149369, "process_util_available": true, "process_util_backend": "nvml", "process_sm_util_percent": 24.0, "process_mem_util_percent": 4.0}
{"timestamp_unix": 1772442798.135967, "pid": 118465, "device_index": 0, "gpu_uuid": "GPU-6f954bfd-7081-31b7-f15c-f9a174bf4d7f", "gpu_util_percent": 25.0, "gpu_mem_util_percent": 4.0, "gpu_mem_used_mib": 36708.0, "gpu_mem_total_mib": 49140.0, "gpu_power_w": 97.15, "process_present": true, "process_mem_mib": 36212.0, "process_mem_share_percent": 73.69149369149369, "process_util_available": true, "process_util_backend": "nvml", "process_sm_util_percent": 24.0, "process_mem_util_percent": 4.0}
{"timestamp_unix": 1772442798.434248, "pid": 118465, "device_index": 0, "gpu_uuid": "GPU-6f954bfd-7081-31b7-f15c-f9a174bf4d7f", "gpu_util_percent": 25.0, "gpu_mem_util_percent": 4.0, "gpu_mem_used_mib": 36708.0, "gpu_mem_total_mib": 49140.0, "gpu_power_w": 96.82, "process_present": true, "process_mem_mib": 36212.0, "process_mem_share_percent": 73.69149369149369, "process_util_available": true, "process_util_backend": "nvml", "process_sm_util_percent": 23.0, "process_mem_util_percent": 3.0}
{"timestamp_unix": 1772442798.7355564, "pid": 118465, "device_index": 0, "gpu_uuid": "GPU-6f954bfd-7081-31b7-f15c-f9a174bf4d7f", "gpu_util_percent": 25.0, "gpu_mem_util_percent": 4.0, "gpu_mem_used_mib": 36708.0, "gpu_mem_total_mib": 49140.0, "gpu_power_w": 96.82, "process_present": true, "process_mem_mib": 36212.0, "process_mem_share_percent": 73.69149369149369, "process_util_available": true, "process_util_backend": "nvml", "process_sm_util_percent": 22.0, "process_mem_util_percent": 3.0}
{"timestamp_unix": 1772442799.0410223, "pid": 118465, "device_index": 0, "gpu_uuid": "GPU-6f954bfd-7081-31b7-f15c-f9a174bf4d7f", "gpu_util_percent": 23.0, "gpu_mem_util_percent": 4.0, "gpu_mem_used_mib": 36708.0, "gpu_mem_total_mib": 49140.0, "gpu_power_w": 96.4, "process_present": true, "process_mem_mib": 36212.0, "process_mem_share_percent": 73.69149369149369, "process_util_available": true, "process_util_backend": "nvml", "process_sm_util_percent": 11.0, "process_mem_util_percent": 1.0}
{"timestamp_unix": 1772442799.3349705, "pid": 118465, "device_index": 0, "gpu_uuid": "GPU-6f954bfd-7081-31b7-f15c-f9a174bf4d7f", "gpu_util_percent": 23.0, "gpu_mem_util_percent": 4.0, "gpu_mem_used_mib": 36708.0, "gpu_mem_total_mib": 49140.0, "gpu_power_w": 95.96, "process_present": true, "process_mem_mib": 36212.0, "process_mem_share_percent": 73.69149369149369, "process_util_available": true, "process_util_backend": "nvml", "process_sm_util_percent": 23.0, "process_mem_util_percent": 3.0}
{"timestamp_unix": 1772442799.625419, "pid": 118465, "device_index": 0, "gpu_uuid": "GPU-6f954bfd-7081-31b7-f15c-f9a174bf4d7f", "gpu_util_percent": 23.0, "gpu_mem_util_percent": 4.0, "gpu_mem_used_mib": 36708.0, "gpu_mem_total_mib": 49140.0, "gpu_power_w": 95.96, "process_present": true, "process_mem_mib": 36212.0, "process_mem_share_percent": 73.69149369149369, "process_util_available": true, "process_util_backend": "nvml", "process_sm_util_percent": 21.0, "process_mem_util_percent": 3.0}
{"timestamp_unix": 1772442799.9217696, "pid": 118465, "device_index": 0, "gpu_uuid": "GPU-6f954bfd-7081-31b7-f15c-f9a174bf4d7f", "gpu_util_percent": 25.0, "gpu_mem_util_percent": 6.0, "gpu_mem_used_mib": 36708.0, "gpu_mem_total_mib": 49140.0, "gpu_power_w": 95.93, "process_present": true, "process_mem_mib": 36212.0, "process_mem_share_percent": 73.69149369149369, "process_util_available": true, "process_util_backend": "nvml", "process_sm_util_percent": 24.0, "process_mem_util_percent": 5.0}
{"timestamp_unix": 1772442800.2134428, "pid": 118465, "device_index": 0, "gpu_uuid": "GPU-6f954bfd-7081-31b7-f15c-f9a174bf4d7f", "gpu_util_percent": 25.0, "gpu_mem_util_percent": 6.0, "gpu_mem_used_mib": 36707.0, "gpu_mem_total_mib": 49140.0, "gpu_power_w": 95.93, "process_present": true, "process_mem_mib": 36212.0, "process_mem_share_percent": 73.69149369149369, "process_util_available": true, "process_util_backend": "nvml", "process_sm_util_percent": 25.0, "process_mem_util_percent": 5.0}
{"timestamp_unix": 1772442800.5067298, "pid": 118465, "device_index": 0, "gpu_uuid": "GPU-6f954bfd-7081-31b7-f15c-f9a174bf4d7f", "gpu_util_percent": 25.0, "gpu_mem_util_percent": 6.0, "gpu_mem_used_mib": 36707.0, "gpu_mem_total_mib": 49140.0, "gpu_power_w": 97.18, "process_present": true, "process_mem_mib": 36212.0, "process_mem_share_percent": 73.69149369149369, "process_util_available": true, "process_util_backend": "nvml", "process_sm_util_percent": 25.0, "process_mem_util_percent": 5.0}
{"timestamp_unix": 1772442800.802413, "pid": 118465, "device_index": 0, "gpu_uuid": "GPU-6f954bfd-7081-31b7-f15c-f9a174bf4d7f", "gpu_util_percent": 26.0, "gpu_mem_util_percent": 6.0, "gpu_mem_used_mib": 36708.0, "gpu_mem_total_mib": 49140.0, "gpu_power_w": 98.91, "process_present": true, "process_mem_mib": 36212.0, "process_mem_share_percent": 73.69149369149369, "process_util_available": true, "process_util_backend": "nvml", "process_sm_util_percent": 25.0, "process_mem_util_percent": 5.0}
{"timestamp_unix": 1772442801.1018574, "pid": 118465, "device_index": 0, "gpu_uuid": "GPU-6f954bfd-7081-31b7-f15c-f9a174bf4d7f", "gpu_util_percent": 26.0, "gpu_mem_util_percent": 6.0, "gpu_mem_used_mib": 36708.0, "gpu_mem_total_mib": 49140.0, "gpu_power_w": 98.91, "process_present": true, "process_mem_mib": 36212.0, "process_mem_share_percent": 73.69149369149369, "process_util_available": true, "process_util_backend": "nvml", "process_sm_util_percent": 25.0, "process_mem_util_percent": 5.0}
{"timestamp_unix": 1772442801.4124858, "pid": 118465, "device_index": 0, "gpu_uuid": "GPU-6f954bfd-7081-31b7-f15c-f9a174bf4d7f", "gpu_util_percent": 26.0, "gpu_mem_util_percent": 6.0, "gpu_mem_used_mib": 36708.0, "gpu_mem_total_mib": 49140.0, "gpu_power_w": 99.42, "process_present": true, "process_mem_mib": 36212.0, "process_mem_share_percent": 73.69149369149369, "process_util_available": true, "process_util_backend": "nvml", "process_sm_util_percent": 26.0, "process_mem_util_percent": 5.0}
{"timestamp_unix": 1772442801.913971, "pid": 118465, "device_index": 0, "gpu_uuid": "GPU-6f954bfd-7081-31b7-f15c-f9a174bf4d7f", "gpu_util_percent": 15.0, "gpu_mem_util_percent": 1.0, "gpu_mem_used_mib": 36708.0, "gpu_mem_total_mib": 49140.0, "gpu_power_w": 98.29, "process_present": true, "process_mem_mib": 36212.0, "process_mem_share_percent": 73.69149369149369, "process_util_available": true, "process_util_backend": "nvml", "process_sm_util_percent": 7.0, "process_mem_util_percent": 0.0}
{"timestamp_unix": 1772442802.206094, "pid": 118465, "device_index": 0, "gpu_uuid": "GPU-6f954bfd-7081-31b7-f15c-f9a174bf4d7f", "gpu_util_percent": 15.0, "gpu_mem_util_percent": 1.0, "gpu_mem_used_mib": 36708.0, "gpu_mem_total_mib": 49140.0, "gpu_power_w": 98.29, "process_present": true, "process_mem_mib": 36212.0, "process_mem_share_percent": 73.69149369149369, "process_util_available": true, "process_util_backend": "nvml", "process_sm_util_percent": 26.0, "process_mem_util_percent": 5.0}
{"timestamp_unix": 1772442802.4979453, "pid": 118465, "device_index": 0, "gpu_uuid": "GPU-6f954bfd-7081-31b7-f15c-f9a174bf4d7f", "gpu_util_percent": 15.0, "gpu_mem_util_percent": 1.0, "gpu_mem_used_mib": 36708.0, "gpu_mem_total_mib": 49140.0, "gpu_power_w": 97.13, "process_present": true, "process_mem_mib": 36212.0, "process_mem_share_percent": 73.69149369149369, "process_util_available": true, "process_util_backend": "nvml", "process_sm_util_percent": 26.0, "process_mem_util_percent": 5.0}
{"timestamp_unix": 1772442802.7901776, "pid": 118465, "device_index": 0, "gpu_uuid": "GPU-6f954bfd-7081-31b7-f15c-f9a174bf4d7f", "gpu_util_percent": 27.0, "gpu_mem_util_percent": 6.0, "gpu_mem_used_mib": 36708.0, "gpu_mem_total_mib": 49140.0, "gpu_power_w": 97.28, "process_present": true, "process_mem_mib": 36212.0, "process_mem_share_percent": 73.69149369149369, "process_util_available": true, "process_util_backend": "nvml", "process_sm_util_percent": 26.0, "process_mem_util_percent": 5.0}
{"timestamp_unix": 1772442803.083453, "pid": 118465, "device_index": 0, "gpu_uuid": "GPU-6f954bfd-7081-31b7-f15c-f9a174bf4d7f", "gpu_util_percent": 27.0, "gpu_mem_util_percent": 6.0, "gpu_mem_used_mib": 36708.0, "gpu_mem_total_mib": 49140.0, "gpu_power_w": 97.28, "process_present": true, "process_mem_mib": 36212.0, "process_mem_share_percent": 73.69149369149369, "process_util_available": true, "process_util_backend": "nvml", "process_sm_util_percent": 26.0, "process_mem_util_percent": 5.0}
{"timestamp_unix": 1772442803.3743196, "pid": 118465, "device_index": 0, "gpu_uuid": "GPU-6f954bfd-7081-31b7-f15c-f9a174bf4d7f", "gpu_util_percent": 27.0, "gpu_mem_util_percent": 6.0, "gpu_mem_used_mib": 36708.0, "gpu_mem_total_mib": 49140.0, "gpu_power_w": 100.02, "process_present": true, "process_mem_mib": 36212.0, "process_mem_share_percent": 73.69149369149369, "process_util_available": true, "process_util_backend": "nvml", "process_sm_util_percent": 27.0, "process_mem_util_percent": 6.0}
{"timestamp_unix": 1772442803.6683323, "pid": 118465, "device_index": 0, "gpu_uuid": "GPU-6f954bfd-7081-31b7-f15c-f9a174bf4d7f", "gpu_util_percent": 27.0, "gpu_mem_util_percent": 6.0, "gpu_mem_used_mib": 36904.0, "gpu_mem_total_mib": 49140.0, "gpu_power_w": 100.02, "process_present": true, "process_mem_mib": 36594.0, "process_mem_share_percent": 74.46886446886447, "process_util_available": true, "process_util_backend": "nvml", "process_sm_util_percent": 26.0, "process_mem_util_percent": 5.0}
{"timestamp_unix": 1772442803.9678824, "pid": 118465, "device_index": 0, "gpu_uuid": "GPU-6f954bfd-7081-31b7-f15c-f9a174bf4d7f", "gpu_util_percent": 26.0, "gpu_mem_util_percent": 5.0, "gpu_mem_used_mib": 38290.0, "gpu_mem_total_mib": 49140.0, "gpu_power_w": 100.18, "process_present": true, "process_mem_mib": 37794.0, "process_mem_share_percent": 76.91086691086691, "process_util_available": true, "process_util_backend": "nvml", "process_sm_util_percent": 25.0, "process_mem_util_percent": 5.0}
{"timestamp_unix": 1772442804.2665968, "pid": 118465, "device_index": 0, "gpu_uuid": "GPU-6f954bfd-7081-31b7-f15c-f9a174bf4d7f", "gpu_util_percent": 26.0, "gpu_mem_util_percent": 5.0, "gpu_mem_used_mib": 38712.0, "gpu_mem_total_mib": 49140.0, "gpu_power_w": 100.18, "process_present": true, "process_mem_mib": 38216.0, "process_mem_share_percent": 77.76963776963777, "process_util_available": true, "process_util_backend": "nvml", "process_sm_util_percent": 10.0, "process_mem_util_percent": 1.0}
{"timestamp_unix": 1772442804.5683115, "pid": 118465, "device_index": 0, "gpu_uuid": "GPU-6f954bfd-7081-31b7-f15c-f9a174bf4d7f", "gpu_util_percent": 26.0, "gpu_mem_util_percent": 5.0, "gpu_mem_used_mib": 38712.0, "gpu_mem_total_mib": 49140.0, "gpu_power_w": 97.35, "process_present": true, "process_mem_mib": 38216.0, "process_mem_share_percent": 77.76963776963777, "process_util_available": true, "process_util_backend": "nvml", "process_sm_util_percent": 28.0, "process_mem_util_percent": 8.0}
{"timestamp_unix": 1772442804.877632, "pid": 118465, "device_index": 0, "gpu_uuid": "GPU-6f954bfd-7081-31b7-f15c-f9a174bf4d7f", "gpu_util_percent": 30.0, "gpu_mem_util_percent": 9.0, "gpu_mem_used_mib": 38712.0, "gpu_mem_total_mib": 49140.0, "gpu_power_w": 99.29, "process_present": true, "process_mem_mib": 38216.0, "process_mem_share_percent": 77.76963776963777, "process_util_available": true, "process_util_backend": "nvml", "process_sm_util_percent": 29.0, "process_mem_util_percent": 8.0}
{"timestamp_unix": 1772442805.1723924, "pid": 118465, "device_index": 0, "gpu_uuid": "GPU-6f954bfd-7081-31b7-f15c-f9a174bf4d7f", "gpu_util_percent": 30.0, "gpu_mem_util_percent": 9.0, "gpu_mem_used_mib": 38712.0, "gpu_mem_total_mib": 49140.0, "gpu_power_w": 99.29, "process_present": true, "process_mem_mib": 38216.0, "process_mem_share_percent": 77.76963776963777, "process_util_available": true, "process_util_backend": "nvml", "process_sm_util_percent": null, "process_mem_util_percent": null}
{"timestamp_unix": 1772442805.4651344, "pid": 118465, "device_index": 0, "gpu_uuid": "GPU-6f954bfd-7081-31b7-f15c-f9a174bf4d7f", "gpu_util_percent": 30.0, "gpu_mem_util_percent": 9.0, "gpu_mem_used_mib": 38712.0, "gpu_mem_total_mib": 49140.0, "gpu_power_w": 103.84, "process_present": true, "process_mem_mib": 38216.0, "process_mem_share_percent": 77.76963776963777, "process_util_available": true, "process_util_backend": "nvml", "process_sm_util_percent": null, "process_mem_util_percent": null}
{"timestamp_unix": 1772442805.7567594, "pid": 118465, "device_index": 0, "gpu_uuid": "GPU-6f954bfd-7081-31b7-f15c-f9a174bf4d7f", "gpu_util_percent": 30.0, "gpu_mem_util_percent": 9.0, "gpu_mem_used_mib": 38711.0, "gpu_mem_total_mib": 49140.0, "gpu_power_w": 103.84, "process_present": true, "process_mem_mib": 38216.0, "process_mem_share_percent": 77.76963776963777, "process_util_available": true, "process_util_backend": "nvml", "process_sm_util_percent": 28.0, "process_mem_util_percent": 8.0}
{"timestamp_unix": 1772442806.048902, "pid": 118465, "device_index": 0, "gpu_uuid": "GPU-6f954bfd-7081-31b7-f15c-f9a174bf4d7f", "gpu_util_percent": 28.0, "gpu_mem_util_percent": 8.0, "gpu_mem_used_mib": 38711.0, "gpu_mem_total_mib": 49140.0, "gpu_power_w": 103.99, "process_present": true, "process_mem_mib": 38216.0, "process_mem_share_percent": 77.76963776963777, "process_util_available": true, "process_util_backend": "nvml", "process_sm_util_percent": 28.0, "process_mem_util_percent": 7.0}
{"timestamp_unix": 1772442806.3408818, "pid": 118465, "device_index": 0, "gpu_uuid": "GPU-6f954bfd-7081-31b7-f15c-f9a174bf4d7f", "gpu_util_percent": 28.0, "gpu_mem_util_percent": 8.0, "gpu_mem_used_mib": 38711.0, "gpu_mem_total_mib": 49140.0, "gpu_power_w": 103.37, "process_present": true, "process_mem_mib": 38216.0, "process_mem_share_percent": 77.76963776963777, "process_util_available": true, "process_util_backend": "nvml", "process_sm_util_percent": 28.0, "process_mem_util_percent": 7.0}
{"timestamp_unix": 1772442806.635798, "pid": 118465, "device_index": 0, "gpu_uuid": "GPU-6f954bfd-7081-31b7-f15c-f9a174bf4d7f", "gpu_util_percent": 28.0, "gpu_mem_util_percent": 8.0, "gpu_mem_used_mib": 38711.0, "gpu_mem_total_mib": 49140.0, "gpu_power_w": 103.37, "process_present": true, "process_mem_mib": 38216.0, "process_mem_share_percent": 77.76963776963777, "process_util_available": true, "process_util_backend": "nvml", "process_sm_util_percent": 28.0, "process_mem_util_percent": 7.0}
{"timestamp_unix": 1772442806.9456823, "pid": 118465, "device_index": 0, "gpu_uuid": "GPU-6f954bfd-7081-31b7-f15c-f9a174bf4d7f", "gpu_util_percent": 28.0, "gpu_mem_util_percent": 8.0, "gpu_mem_used_mib": 38711.0, "gpu_mem_total_mib": 49140.0, "gpu_power_w": 102.87, "process_present": true, "process_mem_mib": 38216.0, "process_mem_share_percent": 77.76963776963777, "process_util_available": true, "process_util_backend": "nvml", "process_sm_util_percent": 28.0, "process_mem_util_percent": 7.0}
{"timestamp_unix": 1772442807.2521307, "pid": 118465, "device_index": 0, "gpu_uuid": "GPU-6f954bfd-7081-31b7-f15c-f9a174bf4d7f", "gpu_util_percent": 28.0, "gpu_mem_util_percent": 8.0, "gpu_mem_used_mib": 38710.0, "gpu_mem_total_mib": 49140.0, "gpu_power_w": 102.87, "process_present": true, "process_mem_mib": 38216.0, "process_mem_share_percent": 77.76963776963777, "process_util_available": true, "process_util_backend": "nvml", "process_sm_util_percent": 27.0, "process_mem_util_percent": 7.0}
{"timestamp_unix": 1772442807.5515933, "pid": 118465, "device_index": 0, "gpu_uuid": "GPU-6f954bfd-7081-31b7-f15c-f9a174bf4d7f", "gpu_util_percent": 28.0, "gpu_mem_util_percent": 8.0, "gpu_mem_used_mib": 38710.0, "gpu_mem_total_mib": 49140.0, "gpu_power_w": 102.48, "process_present": true, "process_mem_mib": 38216.0, "process_mem_share_percent": 77.76963776963777, "process_util_available": true, "process_util_backend": "nvml", "process_sm_util_percent": 27.0, "process_mem_util_percent": 6.0}
{"timestamp_unix": 1772442807.8421462, "pid": 118465, "device_index": 0, "gpu_uuid": "GPU-6f954bfd-7081-31b7-f15c-f9a174bf4d7f", "gpu_util_percent": 27.0, "gpu_mem_util_percent": 6.0, "gpu_mem_used_mib": 38710.0, "gpu_mem_total_mib": 49140.0, "gpu_power_w": 102.17, "process_present": true, "process_mem_mib": 38216.0, "process_mem_share_percent": 77.76963776963777, "process_util_available": true, "process_util_backend": "nvml", "process_sm_util_percent": 27.0, "process_mem_util_percent": 6.0}
{"timestamp_unix": 1772442808.134498, "pid": 118465, "device_index": 0, "gpu_uuid": "GPU-6f954bfd-7081-31b7-f15c-f9a174bf4d7f", "gpu_util_percent": 27.0, "gpu_mem_util_percent": 6.0, "gpu_mem_used_mib": 38709.0, "gpu_mem_total_mib": 49140.0, "gpu_power_w": 102.17, "process_present": true, "process_mem_mib": 38216.0, "process_mem_share_percent": 77.76963776963777, "process_util_available": true, "process_util_backend": "nvml", "process_sm_util_percent": 27.0, "process_mem_util_percent": 6.0}
{"timestamp_unix": 1772442808.4235485, "pid": 118465, "device_index": 0, "gpu_uuid": "GPU-6f954bfd-7081-31b7-f15c-f9a174bf4d7f", "gpu_util_percent": 27.0, "gpu_mem_util_percent": 6.0, "gpu_mem_used_mib": 38709.0, "gpu_mem_total_mib": 49140.0, "gpu_power_w": 101.86, "process_present": true, "process_mem_mib": 38216.0, "process_mem_share_percent": 77.76963776963777, "process_util_available": true, "process_util_backend": "nvml", "process_sm_util_percent": 27.0, "process_mem_util_percent": 6.0}
{"timestamp_unix": 1772442808.7166185, "pid": 118465, "device_index": 0, "gpu_uuid": "GPU-6f954bfd-7081-31b7-f15c-f9a174bf4d7f", "gpu_util_percent": 27.0, "gpu_mem_util_percent": 6.0, "gpu_mem_used_mib": 38709.0, "gpu_mem_total_mib": 49140.0, "gpu_power_w": 101.86, "process_present": true, "process_mem_mib": 38216.0, "process_mem_share_percent": 77.76963776963777, "process_util_available": true, "process_util_backend": "nvml", "process_sm_util_percent": 27.0, "process_mem_util_percent": 6.0}
{"timestamp_unix": 1772442809.0058477, "pid": 118465, "device_index": 0, "gpu_uuid": "GPU-6f954bfd-7081-31b7-f15c-f9a174bf4d7f", "gpu_util_percent": 27.0, "gpu_mem_util_percent": 7.0, "gpu_mem_used_mib": 38709.0, "gpu_mem_total_mib": 49140.0, "gpu_power_w": 101.8, "process_present": true, "process_mem_mib": 38216.0, "process_mem_share_percent": 77.76963776963777, "process_util_available": true, "process_util_backend": "nvml", "process_sm_util_percent": 27.0, "process_mem_util_percent": 6.0}
{"timestamp_unix": 1772442809.2972255, "pid": 118465, "device_index": 0, "gpu_uuid": "GPU-6f954bfd-7081-31b7-f15c-f9a174bf4d7f", "gpu_util_percent": 27.0, "gpu_mem_util_percent": 7.0, "gpu_mem_used_mib": 38709.0, "gpu_mem_total_mib": 49140.0, "gpu_power_w": 101.36, "process_present": true, "process_mem_mib": 38216.0, "process_mem_share_percent": 77.76963776963777, "process_util_available": true, "process_util_backend": "nvml", "process_sm_util_percent": 26.0, "process_mem_util_percent": 5.0}
{"timestamp_unix": 1772442809.6024578, "pid": 118465, "device_index": 0, "gpu_uuid": "GPU-6f954bfd-7081-31b7-f15c-f9a174bf4d7f", "gpu_util_percent": 27.0, "gpu_mem_util_percent": 7.0, "gpu_mem_used_mib": 38709.0, "gpu_mem_total_mib": 49140.0, "gpu_power_w": 101.36, "process_present": true, "process_mem_mib": 38216.0, "process_mem_share_percent": 77.76963776963777, "process_util_available": true, "process_util_backend": "nvml", "process_sm_util_percent": 26.0, "process_mem_util_percent": 4.0}
{"timestamp_unix": 1772442809.913236, "pid": 118465, "device_index": 0, "gpu_uuid": "GPU-6f954bfd-7081-31b7-f15c-f9a174bf4d7f", "gpu_util_percent": 27.0, "gpu_mem_util_percent": 5.0, "gpu_mem_used_mib": 38709.0, "gpu_mem_total_mib": 49140.0, "gpu_power_w": 100.21, "process_present": true, "process_mem_mib": 38216.0, "process_mem_share_percent": 77.76963776963777, "process_util_available": true, "process_util_backend": "nvml", "process_sm_util_percent": null, "process_mem_util_percent": null}
{"timestamp_unix": 1772442810.2070384, "pid": 118465, "device_index": 0, "gpu_uuid": "GPU-6f954bfd-7081-31b7-f15c-f9a174bf4d7f", "gpu_util_percent": 27.0, "gpu_mem_util_percent": 5.0, "gpu_mem_used_mib": 38711.0, "gpu_mem_total_mib": 49140.0, "gpu_power_w": 100.21, "process_present": true, "process_mem_mib": 38216.0, "process_mem_share_percent": 77.76963776963777, "process_util_available": true, "process_util_backend": "nvml", "process_sm_util_percent": 13.0, "process_mem_util_percent": 3.0}
{"timestamp_unix": 1772442810.501436, "pid": 118465, "device_index": 0, "gpu_uuid": "GPU-6f954bfd-7081-31b7-f15c-f9a174bf4d7f", "gpu_util_percent": 27.0, "gpu_mem_util_percent": 5.0, "gpu_mem_used_mib": 38711.0, "gpu_mem_total_mib": 49140.0, "gpu_power_w": 99.12, "process_present": true, "process_mem_mib": 38216.0, "process_mem_share_percent": 77.76963776963777, "process_util_available": true, "process_util_backend": "nvml", "process_sm_util_percent": 25.0, "process_mem_util_percent": 6.0}
{"timestamp_unix": 1772442810.7938159, "pid": 118465, "device_index": 0, "gpu_uuid": "GPU-6f954bfd-7081-31b7-f15c-f9a174bf4d7f", "gpu_util_percent": 27.0, "gpu_mem_util_percent": 7.0, "gpu_mem_used_mib": 38711.0, "gpu_mem_total_mib": 49140.0, "gpu_power_w": 100.27, "process_present": true, "process_mem_mib": 38216.0, "process_mem_share_percent": 77.76963776963777, "process_util_available": true, "process_util_backend": "nvml", "process_sm_util_percent": 25.0, "process_mem_util_percent": 6.0}
{"timestamp_unix": 1772442811.08786, "pid": 118465, "device_index": 0, "gpu_uuid": "GPU-6f954bfd-7081-31b7-f15c-f9a174bf4d7f", "gpu_util_percent": 27.0, "gpu_mem_util_percent": 7.0, "gpu_mem_used_mib": 38711.0, "gpu_mem_total_mib": 49140.0, "gpu_power_w": 100.27, "process_present": true, "process_mem_mib": 38216.0, "process_mem_share_percent": 77.76963776963777, "process_util_available": true, "process_util_backend": "nvml", "process_sm_util_percent": 26.0, "process_mem_util_percent": 6.0}
{"timestamp_unix": 1772442811.3793046, "pid": 118465, "device_index": 0, "gpu_uuid": "GPU-6f954bfd-7081-31b7-f15c-f9a174bf4d7f", "gpu_util_percent": 27.0, "gpu_mem_util_percent": 7.0, "gpu_mem_used_mib": 38711.0, "gpu_mem_total_mib": 49140.0, "gpu_power_w": 101.87, "process_present": true, "process_mem_mib": 38216.0, "process_mem_share_percent": 77.76963776963777, "process_util_available": true, "process_util_backend": "nvml", "process_sm_util_percent": 27.0, "process_mem_util_percent": 6.0}
{"timestamp_unix": 1772442811.6744456, "pid": 118465, "device_index": 0, "gpu_uuid": "GPU-6f954bfd-7081-31b7-f15c-f9a174bf4d7f", "gpu_util_percent": 27.0, "gpu_mem_util_percent": 7.0, "gpu_mem_used_mib": 38711.0, "gpu_mem_total_mib": 49140.0, "gpu_power_w": 101.87, "process_present": true, "process_mem_mib": 38216.0, "process_mem_share_percent": 77.76963776963777, "process_util_available": true, "process_util_backend": "nvml", "process_sm_util_percent": 26.0, "process_mem_util_percent": 6.0}
{"timestamp_unix": 1772442811.9954321, "pid": 118465, "device_index": 0, "gpu_uuid": "GPU-6f954bfd-7081-31b7-f15c-f9a174bf4d7f", "gpu_util_percent": 27.0, "gpu_mem_util_percent": 7.0, "gpu_mem_used_mib": 38711.0, "gpu_mem_total_mib": 49140.0, "gpu_power_w": 101.89, "process_present": true, "process_mem_mib": 38216.0, "process_mem_share_percent": 77.76963776963777, "process_util_available": true, "process_util_backend": "nvml", "process_sm_util_percent": 26.0, "process_mem_util_percent": 6.0}
{"timestamp_unix": 1772442812.3029165, "pid": 118465, "device_index": 0, "gpu_uuid": "GPU-6f954bfd-7081-31b7-f15c-f9a174bf4d7f", "gpu_util_percent": 27.0, "gpu_mem_util_percent": 7.0, "gpu_mem_used_mib": 38711.0, "gpu_mem_total_mib": 49140.0, "gpu_power_w": 102.06, "process_present": true, "process_mem_mib": 38216.0, "process_mem_share_percent": 77.76963776963777, "process_util_available": true, "process_util_backend": "nvml", "process_sm_util_percent": 27.0, "process_mem_util_percent": 6.0}
{"timestamp_unix": 1772442812.6011574, "pid": 118465, "device_index": 0, "gpu_uuid": "GPU-6f954bfd-7081-31b7-f15c-f9a174bf4d7f", "gpu_util_percent": 27.0, "gpu_mem_util_percent": 7.0, "gpu_mem_used_mib": 38711.0, "gpu_mem_total_mib": 49140.0, "gpu_power_w": 102.06, "process_present": true, "process_mem_mib": 38216.0, "process_mem_share_percent": 77.76963776963777, "process_util_available": true, "process_util_backend": "nvml", "process_sm_util_percent": 27.0, "process_mem_util_percent": 7.0}
{"timestamp_unix": 1772442812.8968108, "pid": 118465, "device_index": 0, "gpu_uuid": "GPU-6f954bfd-7081-31b7-f15c-f9a174bf4d7f", "gpu_util_percent": 27.0, "gpu_mem_util_percent": 7.0, "gpu_mem_used_mib": 38711.0, "gpu_mem_total_mib": 49140.0, "gpu_power_w": 102.57, "process_present": true, "process_mem_mib": 38216.0, "process_mem_share_percent": 77.76963776963777, "process_util_available": true, "process_util_backend": "nvml", "process_sm_util_percent": 27.0, "process_mem_util_percent": 7.0}
{"timestamp_unix": 1772442813.1892705, "pid": 118465, "device_index": 0, "gpu_uuid": "GPU-6f954bfd-7081-31b7-f15c-f9a174bf4d7f", "gpu_util_percent": 27.0, "gpu_mem_util_percent": 7.0, "gpu_mem_used_mib": 38711.0, "gpu_mem_total_mib": 49140.0, "gpu_power_w": 102.57, "process_present": true, "process_mem_mib": 38216.0, "process_mem_share_percent": 77.76963776963777, "process_util_available": true, "process_util_backend": "nvml", "process_sm_util_percent": 27.0, "process_mem_util_percent": 6.0}
{"timestamp_unix": 1772442813.4818132, "pid": 118465, "device_index": 0, "gpu_uuid": "GPU-6f954bfd-7081-31b7-f15c-f9a174bf4d7f", "gpu_util_percent": 27.0, "gpu_mem_util_percent": 7.0, "gpu_mem_used_mib": 38711.0, "gpu_mem_total_mib": 49140.0, "gpu_power_w": 102.91, "process_present": true, "process_mem_mib": 38216.0, "process_mem_share_percent": 77.76963776963777, "process_util_available": true, "process_util_backend": "nvml", "process_sm_util_percent": 27.0, "process_mem_util_percent": 7.0}
{"timestamp_unix": 1772442813.7759473, "pid": 118465, "device_index": 0, "gpu_uuid": "GPU-6f954bfd-7081-31b7-f15c-f9a174bf4d7f", "gpu_util_percent": 27.0, "gpu_mem_util_percent": 7.0, "gpu_mem_used_mib": 38711.0, "gpu_mem_total_mib": 49140.0, "gpu_power_w": 102.91, "process_present": true, "process_mem_mib": 38216.0, "process_mem_share_percent": 77.76963776963777, "process_util_available": true, "process_util_backend": "nvml", "process_sm_util_percent": 26.0, "process_mem_util_percent": 7.0}
{"timestamp_unix": 1772442814.0709226, "pid": 118465, "device_index": 0, "gpu_uuid": "GPU-6f954bfd-7081-31b7-f15c-f9a174bf4d7f", "gpu_util_percent": 28.0, "gpu_mem_util_percent": 8.0, "gpu_mem_used_mib": 39476.0, "gpu_mem_total_mib": 49140.0, "gpu_power_w": 103.18, "process_present": true, "process_mem_mib": 38982.0, "process_mem_share_percent": 79.32844932844932, "process_util_available": true, "process_util_backend": "nvml", "process_sm_util_percent": 14.0, "process_mem_util_percent": 3.0}
{"timestamp_unix": 1772442814.3848295, "pid": 118465, "device_index": 0, "gpu_uuid": "GPU-6f954bfd-7081-31b7-f15c-f9a174bf4d7f", "gpu_util_percent": 28.0, "gpu_mem_util_percent": 8.0, "gpu_mem_used_mib": 40082.0, "gpu_mem_total_mib": 49140.0, "gpu_power_w": 99.94, "process_present": true, "process_mem_mib": 39588.0, "process_mem_share_percent": 80.56166056166056, "process_util_available": true, "process_util_backend": "nvml", "process_sm_util_percent": 14.0, "process_mem_util_percent": 1.0}
{"timestamp_unix": 1772442814.683987, "pid": 118465, "device_index": 0, "gpu_uuid": "GPU-6f954bfd-7081-31b7-f15c-f9a174bf4d7f", "gpu_util_percent": 28.0, "gpu_mem_util_percent": 8.0, "gpu_mem_used_mib": 40082.0, "gpu_mem_total_mib": 49140.0, "gpu_power_w": 99.94, "process_present": true, "process_mem_mib": 39588.0, "process_mem_share_percent": 80.56166056166056, "process_util_available": true, "process_util_backend": "nvml", "process_sm_util_percent": 31.0, "process_mem_util_percent": 11.0}
{"timestamp_unix": 1772442814.989541, "pid": 118465, "device_index": 0, "gpu_uuid": "GPU-6f954bfd-7081-31b7-f15c-f9a174bf4d7f", "gpu_util_percent": 33.0, "gpu_mem_util_percent": 13.0, "gpu_mem_used_mib": 40082.0, "gpu_mem_total_mib": 49140.0, "gpu_power_w": 102.71, "process_present": true, "process_mem_mib": 39588.0, "process_mem_share_percent": 80.56166056166056, "process_util_available": true, "process_util_backend": "nvml", "process_sm_util_percent": 31.0, "process_mem_util_percent": 12.0}
{"timestamp_unix": 1772442815.2856324, "pid": 118465, "device_index": 0, "gpu_uuid": "GPU-6f954bfd-7081-31b7-f15c-f9a174bf4d7f", "gpu_util_percent": 33.0, "gpu_mem_util_percent": 13.0, "gpu_mem_used_mib": 40081.0, "gpu_mem_total_mib": 49140.0, "gpu_power_w": 107.84, "process_present": true, "process_mem_mib": 39588.0, "process_mem_share_percent": 80.56166056166056, "process_util_available": true, "process_util_backend": "nvml", "process_sm_util_percent": 32.0, "process_mem_util_percent": 12.0}
{"timestamp_unix": 1772442815.579572, "pid": 118465, "device_index": 0, "gpu_uuid": "GPU-6f954bfd-7081-31b7-f15c-f9a174bf4d7f", "gpu_util_percent": 33.0, "gpu_mem_util_percent": 13.0, "gpu_mem_used_mib": 40081.0, "gpu_mem_total_mib": 49140.0, "gpu_power_w": 107.84, "process_present": true, "process_mem_mib": 39588.0, "process_mem_share_percent": 80.56166056166056, "process_util_available": true, "process_util_backend": "nvml", "process_sm_util_percent": 32.0, "process_mem_util_percent": 12.0}
{"timestamp_unix": 1772442815.8731275, "pid": 118465, "device_index": 0, "gpu_uuid": "GPU-6f954bfd-7081-31b7-f15c-f9a174bf4d7f", "gpu_util_percent": 32.0, "gpu_mem_util_percent": 13.0, "gpu_mem_used_mib": 40081.0, "gpu_mem_total_mib": 49140.0, "gpu_power_w": 109.79, "process_present": true, "process_mem_mib": 39588.0, "process_mem_share_percent": 80.56166056166056, "process_util_available": true, "process_util_backend": "nvml", "process_sm_util_percent": 31.0, "process_mem_util_percent": 11.0}
{"timestamp_unix": 1772442816.1610024, "pid": 118465, "device_index": 0, "gpu_uuid": "GPU-6f954bfd-7081-31b7-f15c-f9a174bf4d7f", "gpu_util_percent": 32.0, "gpu_mem_util_percent": 13.0, "gpu_mem_used_mib": 40082.0, "gpu_mem_total_mib": 49140.0, "gpu_power_w": 109.79, "process_present": true, "process_mem_mib": 39588.0, "process_mem_share_percent": 80.56166056166056, "process_util_available": true, "process_util_backend": "nvml", "process_sm_util_percent": 32.0, "process_mem_util_percent": 12.0}
{"timestamp_unix": 1772442816.4571106, "pid": 118465, "device_index": 0, "gpu_uuid": "GPU-6f954bfd-7081-31b7-f15c-f9a174bf4d7f", "gpu_util_percent": 32.0, "gpu_mem_util_percent": 13.0, "gpu_mem_used_mib": 40082.0, "gpu_mem_total_mib": 49140.0, "gpu_power_w": 109.44, "process_present": true, "process_mem_mib": 39588.0, "process_mem_share_percent": 80.56166056166056, "process_util_available": true, "process_util_backend": "nvml", "process_sm_util_percent": 31.0, "process_mem_util_percent": 11.0}
{"timestamp_unix": 1772442816.7514896, "pid": 118465, "device_index": 0, "gpu_uuid": "GPU-6f954bfd-7081-31b7-f15c-f9a174bf4d7f", "gpu_util_percent": 32.0, "gpu_mem_util_percent": 13.0, "gpu_mem_used_mib": 40082.0, "gpu_mem_total_mib": 49140.0, "gpu_power_w": 109.44, "process_present": true, "process_mem_mib": 39588.0, "process_mem_share_percent": 80.56166056166056, "process_util_available": true, "process_util_backend": "nvml", "process_sm_util_percent": 31.0, "process_mem_util_percent": 11.0}
{"timestamp_unix": 1772442817.0520973, "pid": 118465, "device_index": 0, "gpu_uuid": "GPU-6f954bfd-7081-31b7-f15c-f9a174bf4d7f", "gpu_util_percent": 31.0, "gpu_mem_util_percent": 11.0, "gpu_mem_used_mib": 40082.0, "gpu_mem_total_mib": 49140.0, "gpu_power_w": 109.23, "process_present": true, "process_mem_mib": 39588.0, "process_mem_share_percent": 80.56166056166056, "process_util_available": true, "process_util_backend": "nvml", "process_sm_util_percent": 31.0, "process_mem_util_percent": 10.0}
{"timestamp_unix": 1772442817.3521512, "pid": 118465, "device_index": 0, "gpu_uuid": "GPU-6f954bfd-7081-31b7-f15c-f9a174bf4d7f", "gpu_util_percent": 31.0, "gpu_mem_util_percent": 11.0, "gpu_mem_used_mib": 40083.0, "gpu_mem_total_mib": 49140.0, "gpu_power_w": 108.74, "process_present": true, "process_mem_mib": 39588.0, "process_mem_share_percent": 80.56166056166056, "process_util_available": true, "process_util_backend": "nvml", "process_sm_util_percent": 33.0, "process_mem_util_percent": 11.0}
{"timestamp_unix": 1772442817.6511612, "pid": 118465, "device_index": 0, "gpu_uuid": "GPU-6f954bfd-7081-31b7-f15c-f9a174bf4d7f", "gpu_util_percent": 31.0, "gpu_mem_util_percent": 11.0, "gpu_mem_used_mib": 40083.0, "gpu_mem_total_mib": 49140.0, "gpu_power_w": 108.74, "process_present": true, "process_mem_mib": 39588.0, "process_mem_share_percent": 80.56166056166056, "process_util_available": true, "process_util_backend": "nvml", "process_sm_util_percent": 15.0, "process_mem_util_percent": 5.0}
{"timestamp_unix": 1772442817.9412122, "pid": 118465, "device_index": 0, "gpu_uuid": "GPU-6f954bfd-7081-31b7-f15c-f9a174bf4d7f", "gpu_util_percent": 32.0, "gpu_mem_util_percent": 11.0, "gpu_mem_used_mib": 40083.0, "gpu_mem_total_mib": 49140.0, "gpu_power_w": 107.91, "process_present": true, "process_mem_mib": 39588.0, "process_mem_share_percent": 80.56166056166056, "process_util_available": true, "process_util_backend": "nvml", "process_sm_util_percent": 30.0, "process_mem_util_percent": 10.0}
{"timestamp_unix": 1772442818.2350001, "pid": 118465, "device_index": 0, "gpu_uuid": "GPU-6f954bfd-7081-31b7-f15c-f9a174bf4d7f", "gpu_util_percent": 32.0, "gpu_mem_util_percent": 11.0, "gpu_mem_used_mib": 40083.0, "gpu_mem_total_mib": 49140.0, "gpu_power_w": 107.91, "process_present": true, "process_mem_mib": 39588.0, "process_mem_share_percent": 80.56166056166056, "process_util_available": true, "process_util_backend": "nvml", "process_sm_util_percent": 31.0, "process_mem_util_percent": 10.0}
{"timestamp_unix": 1772442818.5258553, "pid": 118465, "device_index": 0, "gpu_uuid": "GPU-6f954bfd-7081-31b7-f15c-f9a174bf4d7f", "gpu_util_percent": 32.0, "gpu_mem_util_percent": 11.0, "gpu_mem_used_mib": 40083.0, "gpu_mem_total_mib": 49140.0, "gpu_power_w": 107.8, "process_present": true, "process_mem_mib": 39588.0, "process_mem_share_percent": 80.56166056166056, "process_util_available": true, "process_util_backend": "nvml", "process_sm_util_percent": 29.0, "process_mem_util_percent": 9.0}
{"timestamp_unix": 1772442818.8204784, "pid": 118465, "device_index": 0, "gpu_uuid": "GPU-6f954bfd-7081-31b7-f15c-f9a174bf4d7f", "gpu_util_percent": 27.0, "gpu_mem_util_percent": 7.0, "gpu_mem_used_mib": 40083.0, "gpu_mem_total_mib": 49140.0, "gpu_power_w": 106.11, "process_present": true, "process_mem_mib": 39588.0, "process_mem_share_percent": 80.56166056166056, "process_util_available": true, "process_util_backend": "nvml", "process_sm_util_percent": 27.0, "process_mem_util_percent": 6.0}
{"timestamp_unix": 1772442819.1100178, "pid": 118465, "device_index": 0, "gpu_uuid": "GPU-6f954bfd-7081-31b7-f15c-f9a174bf4d7f", "gpu_util_percent": 27.0, "gpu_mem_util_percent": 7.0, "gpu_mem_used_mib": 40083.0, "gpu_mem_total_mib": 49140.0, "gpu_power_w": 106.11, "process_present": true, "process_mem_mib": 39588.0, "process_mem_share_percent": 80.56166056166056, "process_util_available": true, "process_util_backend": "nvml", "process_sm_util_percent": 25.0, "process_mem_util_percent": 6.0}
{"timestamp_unix": 1772442819.4084811, "pid": 118465, "device_index": 0, "gpu_uuid": "GPU-6f954bfd-7081-31b7-f15c-f9a174bf4d7f", "gpu_util_percent": 27.0, "gpu_mem_util_percent": 7.0, "gpu_mem_used_mib": 40083.0, "gpu_mem_total_mib": 49140.0, "gpu_power_w": 103.61, "process_present": true, "process_mem_mib": 39588.0, "process_mem_share_percent": 80.56166056166056, "process_util_available": true, "process_util_backend": "nvml", "process_sm_util_percent": 26.0, "process_mem_util_percent": 6.0}
{"timestamp_unix": 1772442819.7139695, "pid": 118465, "device_index": 0, "gpu_uuid": "GPU-6f954bfd-7081-31b7-f15c-f9a174bf4d7f", "gpu_util_percent": 27.0, "gpu_mem_util_percent": 7.0, "gpu_mem_used_mib": 40083.0, "gpu_mem_total_mib": 49140.0, "gpu_power_w": 103.61, "process_present": true, "process_mem_mib": 39588.0, "process_mem_share_percent": 80.56166056166056, "process_util_available": true, "process_util_backend": "nvml", "process_sm_util_percent": null, "process_mem_util_percent": null}
{"timestamp_unix": 1772442820.0187504, "pid": 118465, "device_index": 0, "gpu_uuid": "GPU-6f954bfd-7081-31b7-f15c-f9a174bf4d7f", "gpu_util_percent": 24.0, "gpu_mem_util_percent": 7.0, "gpu_mem_used_mib": 40083.0, "gpu_mem_total_mib": 49140.0, "gpu_power_w": 102.14, "process_present": true, "process_mem_mib": 39588.0, "process_mem_share_percent": 80.56166056166056, "process_util_available": true, "process_util_backend": "nvml", "process_sm_util_percent": 21.0, "process_mem_util_percent": 5.0}
{"timestamp_unix": 1772442820.3190422, "pid": 118465, "device_index": 0, "gpu_uuid": "GPU-6f954bfd-7081-31b7-f15c-f9a174bf4d7f", "gpu_util_percent": 24.0, "gpu_mem_util_percent": 7.0, "gpu_mem_used_mib": 40083.0, "gpu_mem_total_mib": 49140.0, "gpu_power_w": 101.62, "process_present": true, "process_mem_mib": 39588.0, "process_mem_share_percent": 80.56166056166056, "process_util_available": true, "process_util_backend": "nvml", "process_sm_util_percent": null, "process_mem_util_percent": null}
{"timestamp_unix": 1772442820.6218994, "pid": 118465, "device_index": 0, "gpu_uuid": "GPU-6f954bfd-7081-31b7-f15c-f9a174bf4d7f", "gpu_util_percent": 24.0, "gpu_mem_util_percent": 7.0, "gpu_mem_used_mib": 40083.0, "gpu_mem_total_mib": 49140.0, "gpu_power_w": 101.62, "process_present": true, "process_mem_mib": 39588.0, "process_mem_share_percent": 80.56166056166056, "process_util_available": true, "process_util_backend": "nvml", "process_sm_util_percent": null, "process_mem_util_percent": null}
{"timestamp_unix": 1772442820.9127269, "pid": 118465, "device_index": 0, "gpu_uuid": "GPU-6f954bfd-7081-31b7-f15c-f9a174bf4d7f", "gpu_util_percent": 24.0, "gpu_mem_util_percent": 7.0, "gpu_mem_used_mib": 40083.0, "gpu_mem_total_mib": 49140.0, "gpu_power_w": 102.26, "process_present": true, "process_mem_mib": 39588.0, "process_mem_share_percent": 80.56166056166056, "process_util_available": true, "process_util_backend": "nvml", "process_sm_util_percent": null, "process_mem_util_percent": null}
{"timestamp_unix": 1772442821.206556, "pid": 118465, "device_index": 0, "gpu_uuid": "GPU-6f954bfd-7081-31b7-f15c-f9a174bf4d7f", "gpu_util_percent": 24.0, "gpu_mem_util_percent": 7.0, "gpu_mem_used_mib": 40081.0, "gpu_mem_total_mib": 49140.0, "gpu_power_w": 102.26, "process_present": true, "process_mem_mib": 39588.0, "process_mem_share_percent": 80.56166056166056, "process_util_available": true, "process_util_backend": "nvml", "process_sm_util_percent": 26.0, "process_mem_util_percent": 7.0}
{"timestamp_unix": 1772442821.5014164, "pid": 118465, "device_index": 0, "gpu_uuid": "GPU-6f954bfd-7081-31b7-f15c-f9a174bf4d7f", "gpu_util_percent": 24.0, "gpu_mem_util_percent": 7.0, "gpu_mem_used_mib": 40081.0, "gpu_mem_total_mib": 49140.0, "gpu_power_w": 103.77, "process_present": true, "process_mem_mib": 39588.0, "process_mem_share_percent": 80.56166056166056, "process_util_available": true, "process_util_backend": "nvml", "process_sm_util_percent": 27.0, "process_mem_util_percent": 8.0}
{"timestamp_unix": 1772442821.793386, "pid": 118465, "device_index": 0, "gpu_uuid": "GPU-6f954bfd-7081-31b7-f15c-f9a174bf4d7f", "gpu_util_percent": 26.0, "gpu_mem_util_percent": 8.0, "gpu_mem_used_mib": 40081.0, "gpu_mem_total_mib": 49140.0, "gpu_power_w": 104.56, "process_present": true, "process_mem_mib": 39588.0, "process_mem_share_percent": 80.56166056166056, "process_util_available": true, "process_util_backend": "nvml", "process_sm_util_percent": 26.0, "process_mem_util_percent": 7.0}
{"timestamp_unix": 1772442822.0899658, "pid": 118465, "device_index": 0, "gpu_uuid": "GPU-6f954bfd-7081-31b7-f15c-f9a174bf4d7f", "gpu_util_percent": 26.0, "gpu_mem_util_percent": 8.0, "gpu_mem_used_mib": 40082.0, "gpu_mem_total_mib": 49140.0, "gpu_power_w": 104.56, "process_present": true, "process_mem_mib": 39588.0, "process_mem_share_percent": 80.56166056166056, "process_util_available": true, "process_util_backend": "nvml", "process_sm_util_percent": 27.0, "process_mem_util_percent": 7.0}
{"timestamp_unix": 1772442822.3866012, "pid": 118465, "device_index": 0, "gpu_uuid": "GPU-6f954bfd-7081-31b7-f15c-f9a174bf4d7f", "gpu_util_percent": 26.0, "gpu_mem_util_percent": 8.0, "gpu_mem_used_mib": 40083.0, "gpu_mem_total_mib": 49140.0, "gpu_power_w": 104.87, "process_present": true, "process_mem_mib": 39588.0, "process_mem_share_percent": 80.56166056166056, "process_util_available": true, "process_util_backend": "nvml", "process_sm_util_percent": 29.0, "process_mem_util_percent": 7.0}
{"timestamp_unix": 1772442822.6959167, "pid": 118465, "device_index": 0, "gpu_uuid": "GPU-6f954bfd-7081-31b7-f15c-f9a174bf4d7f", "gpu_util_percent": 26.0, "gpu_mem_util_percent": 8.0, "gpu_mem_used_mib": 40083.0, "gpu_mem_total_mib": 49140.0, "gpu_power_w": 104.87, "process_present": true, "process_mem_mib": 39588.0, "process_mem_share_percent": 80.56166056166056, "process_util_available": true, "process_util_backend": "nvml", "process_sm_util_percent": 28.0, "process_mem_util_percent": 7.0}
{"timestamp_unix": 1772442823.0022745, "pid": 118465, "device_index": 0, "gpu_uuid": "GPU-6f954bfd-7081-31b7-f15c-f9a174bf4d7f", "gpu_util_percent": 26.0, "gpu_mem_util_percent": 8.0, "gpu_mem_used_mib": 41069.0, "gpu_mem_total_mib": 49140.0, "gpu_power_w": 104.99, "process_present": true, "process_mem_mib": 40642.0, "process_mem_share_percent": 82.7065527065527, "process_util_available": true, "process_util_backend": "nvml", "process_sm_util_percent": 28.0, "process_mem_util_percent": 7.0}
{"timestamp_unix": 1772442823.3021529, "pid": 118465, "device_index": 0, "gpu_uuid": "GPU-6f954bfd-7081-31b7-f15c-f9a174bf4d7f", "gpu_util_percent": 26.0, "gpu_mem_util_percent": 8.0, "gpu_mem_used_mib": 41409.0, "gpu_mem_total_mib": 49140.0, "gpu_power_w": 105.31, "process_present": true, "process_mem_mib": 40982.0, "process_mem_share_percent": 83.3984533984534, "process_util_available": true, "process_util_backend": "nvml", "process_sm_util_percent": 29.0, "process_mem_util_percent": 8.0}
{"timestamp_unix": 1772442823.5966203, "pid": 118465, "device_index": 0, "gpu_uuid": "GPU-6f954bfd-7081-31b7-f15c-f9a174bf4d7f", "gpu_util_percent": 26.0, "gpu_mem_util_percent": 8.0, "gpu_mem_used_mib": 41750.0, "gpu_mem_total_mib": 49140.0, "gpu_power_w": 105.31, "process_present": true, "process_mem_mib": 41322.0, "process_mem_share_percent": 84.0903540903541, "process_util_available": true, "process_util_backend": "nvml", "process_sm_util_percent": 28.0, "process_mem_util_percent": 8.0}
{"timestamp_unix": 1772442823.8896, "pid": 118465, "device_index": 0, "gpu_uuid": "GPU-6f954bfd-7081-31b7-f15c-f9a174bf4d7f", "gpu_util_percent": 27.0, "gpu_mem_util_percent": 8.0, "gpu_mem_used_mib": 42056.0, "gpu_mem_total_mib": 49140.0, "gpu_power_w": 105.25, "process_present": true, "process_mem_mib": 41560.0, "process_mem_share_percent": 84.57468457468458, "process_util_available": true, "process_util_backend": "nvml", "process_sm_util_percent": 29.0, "process_mem_util_percent": 8.0}
{"timestamp_unix": 1772442824.1834345, "pid": 118465, "device_index": 0, "gpu_uuid": "GPU-6f954bfd-7081-31b7-f15c-f9a174bf4d7f", "gpu_util_percent": 27.0, "gpu_mem_util_percent": 8.0, "gpu_mem_used_mib": 42464.0, "gpu_mem_total_mib": 49140.0, "gpu_power_w": 105.25, "process_present": true, "process_mem_mib": 42410.0, "process_mem_share_percent": 86.30443630443631, "process_util_available": true, "process_util_backend": "nvml", "process_sm_util_percent": null, "process_mem_util_percent": null}
{"timestamp_unix": 1772442824.4739692, "pid": 118465, "device_index": 0, "gpu_uuid": "GPU-6f954bfd-7081-31b7-f15c-f9a174bf4d7f", "gpu_util_percent": 27.0, "gpu_mem_util_percent": 8.0, "gpu_mem_used_mib": 42906.0, "gpu_mem_total_mib": 49140.0, "gpu_power_w": 100.96, "process_present": true, "process_mem_mib": 42410.0, "process_mem_share_percent": 86.30443630443631, "process_util_available": true, "process_util_backend": "nvml", "process_sm_util_percent": 10.0, "process_mem_util_percent": 2.0}
{"timestamp_unix": 1772442824.7680178, "pid": 118465, "device_index": 0, "gpu_uuid": "GPU-6f954bfd-7081-31b7-f15c-f9a174bf4d7f", "gpu_util_percent": 27.0, "gpu_mem_util_percent": 8.0, "gpu_mem_used_mib": 42906.0, "gpu_mem_total_mib": 49140.0, "gpu_power_w": 100.96, "process_present": true, "process_mem_mib": 42410.0, "process_mem_share_percent": 86.30443630443631, "process_util_available": true, "process_util_backend": "nvml", "process_sm_util_percent": 34.0, "process_mem_util_percent": 16.0}
{"timestamp_unix": 1772442825.060825, "pid": 118465, "device_index": 0, "gpu_uuid": "GPU-6f954bfd-7081-31b7-f15c-f9a174bf4d7f", "gpu_util_percent": 34.0, "gpu_mem_util_percent": 17.0, "gpu_mem_used_mib": 42906.0, "gpu_mem_total_mib": 49140.0, "gpu_power_w": 105.22, "process_present": true, "process_mem_mib": 42410.0, "process_mem_share_percent": 86.30443630443631, "process_util_available": true, "process_util_backend": "nvml", "process_sm_util_percent": 33.0, "process_mem_util_percent": 15.0}
{"timestamp_unix": 1772442825.3811011, "pid": 118465, "device_index": 0, "gpu_uuid": "GPU-6f954bfd-7081-31b7-f15c-f9a174bf4d7f", "gpu_util_percent": 34.0, "gpu_mem_util_percent": 17.0, "gpu_mem_used_mib": 42906.0, "gpu_mem_total_mib": 49140.0, "gpu_power_w": 113.4, "process_present": true, "process_mem_mib": 42410.0, "process_mem_share_percent": 86.30443630443631, "process_util_available": true, "process_util_backend": "nvml", "process_sm_util_percent": 34.0, "process_mem_util_percent": 15.0}
{"timestamp_unix": 1772442825.687823, "pid": 118465, "device_index": 0, "gpu_uuid": "GPU-6f954bfd-7081-31b7-f15c-f9a174bf4d7f", "gpu_util_percent": 34.0, "gpu_mem_util_percent": 17.0, "gpu_mem_used_mib": 42906.0, "gpu_mem_total_mib": 49140.0, "gpu_power_w": 113.4, "process_present": true, "process_mem_mib": 42410.0, "process_mem_share_percent": 86.30443630443631, "process_util_available": true, "process_util_backend": "nvml", "process_sm_util_percent": 34.0, "process_mem_util_percent": 15.0}
{"timestamp_unix": 1772442825.9885204, "pid": 118465, "device_index": 0, "gpu_uuid": "GPU-6f954bfd-7081-31b7-f15c-f9a174bf4d7f", "gpu_util_percent": 32.0, "gpu_mem_util_percent": 15.0, "gpu_mem_used_mib": 42906.0, "gpu_mem_total_mib": 49140.0, "gpu_power_w": 114.14, "process_present": true, "process_mem_mib": 42410.0, "process_mem_share_percent": 86.30443630443631, "process_util_available": true, "process_util_backend": "nvml", "process_sm_util_percent": 33.0, "process_mem_util_percent": 14.0}
{"timestamp_unix": 1772442826.2804184, "pid": 118465, "device_index": 0, "gpu_uuid": "GPU-6f954bfd-7081-31b7-f15c-f9a174bf4d7f", "gpu_util_percent": 32.0, "gpu_mem_util_percent": 15.0, "gpu_mem_used_mib": 42906.0, "gpu_mem_total_mib": 49140.0, "gpu_power_w": 113.88, "process_present": true, "process_mem_mib": 42410.0, "process_mem_share_percent": 86.30443630443631, "process_util_available": true, "process_util_backend": "nvml", "process_sm_util_percent": 33.0, "process_mem_util_percent": 14.0}
{"timestamp_unix": 1772442826.5738, "pid": 118465, "device_index": 0, "gpu_uuid": "GPU-6f954bfd-7081-31b7-f15c-f9a174bf4d7f", "gpu_util_percent": 32.0, "gpu_mem_util_percent": 15.0, "gpu_mem_used_mib": 42906.0, "gpu_mem_total_mib": 49140.0, "gpu_power_w": 113.88, "process_present": true, "process_mem_mib": 42410.0, "process_mem_share_percent": 86.30443630443631, "process_util_available": true, "process_util_backend": "nvml", "process_sm_util_percent": 33.0, "process_mem_util_percent": 14.0}
{"timestamp_unix": 1772442826.867369, "pid": 118465, "device_index": 0, "gpu_uuid": "GPU-6f954bfd-7081-31b7-f15c-f9a174bf4d7f", "gpu_util_percent": 33.0, "gpu_mem_util_percent": 15.0, "gpu_mem_used_mib": 42906.0, "gpu_mem_total_mib": 49140.0, "gpu_power_w": 112.8, "process_present": true, "process_mem_mib": 42410.0, "process_mem_share_percent": 86.30443630443631, "process_util_available": true, "process_util_backend": "nvml", "process_sm_util_percent": 33.0, "process_mem_util_percent": 14.0}
{"timestamp_unix": 1772442827.1591122, "pid": 118465, "device_index": 0, "gpu_uuid": "GPU-6f954bfd-7081-31b7-f15c-f9a174bf4d7f", "gpu_util_percent": 33.0, "gpu_mem_util_percent": 15.0, "gpu_mem_used_mib": 42905.0, "gpu_mem_total_mib": 49140.0, "gpu_power_w": 112.8, "process_present": true, "process_mem_mib": 42410.0, "process_mem_share_percent": 86.30443630443631, "process_util_available": true, "process_util_backend": "nvml", "process_sm_util_percent": 31.0, "process_mem_util_percent": 13.0}
{"timestamp_unix": 1772442827.4538846, "pid": 118465, "device_index": 0, "gpu_uuid": "GPU-6f954bfd-7081-31b7-f15c-f9a174bf4d7f", "gpu_util_percent": 33.0, "gpu_mem_util_percent": 15.0, "gpu_mem_used_mib": 42905.0, "gpu_mem_total_mib": 49140.0, "gpu_power_w": 112.38, "process_present": true, "process_mem_mib": 42410.0, "process_mem_share_percent": 86.30443630443631, "process_util_available": true, "process_util_backend": "nvml", "process_sm_util_percent": 33.0, "process_mem_util_percent": 14.0}
{"timestamp_unix": 1772442827.7440248, "pid": 118465, "device_index": 0, "gpu_uuid": "GPU-6f954bfd-7081-31b7-f15c-f9a174bf4d7f", "gpu_util_percent": 33.0, "gpu_mem_util_percent": 15.0, "gpu_mem_used_mib": 42909.0, "gpu_mem_total_mib": 49140.0, "gpu_power_w": 112.38, "process_present": true, "process_mem_mib": 42410.0, "process_mem_share_percent": 86.30443630443631, "process_util_available": true, "process_util_backend": "nvml", "process_sm_util_percent": 33.0, "process_mem_util_percent": 14.0}
{"timestamp_unix": 1772442828.0524466, "pid": 118465, "device_index": 0, "gpu_uuid": "GPU-6f954bfd-7081-31b7-f15c-f9a174bf4d7f", "gpu_util_percent": 29.0, "gpu_mem_util_percent": 11.0, "gpu_mem_used_mib": 42909.0, "gpu_mem_total_mib": 49140.0, "gpu_power_w": 112.17, "process_present": true, "process_mem_mib": 42410.0, "process_mem_share_percent": 86.30443630443631, "process_util_available": true, "process_util_backend": "nvml", "process_sm_util_percent": 29.0, "process_mem_util_percent": 8.0}
{"timestamp_unix": 1772442828.3523886, "pid": 118465, "device_index": 0, "gpu_uuid": "GPU-6f954bfd-7081-31b7-f15c-f9a174bf4d7f", "gpu_util_percent": 29.0, "gpu_mem_util_percent": 11.0, "gpu_mem_used_mib": 42910.0, "gpu_mem_total_mib": 49140.0, "gpu_power_w": 108.82, "process_present": true, "process_mem_mib": 42410.0, "process_mem_share_percent": 86.30443630443631, "process_util_available": true, "process_util_backend": "nvml", "process_sm_util_percent": 29.0, "process_mem_util_percent": 8.0}
{"timestamp_unix": 1772442828.6511405, "pid": 118465, "device_index": 0, "gpu_uuid": "GPU-6f954bfd-7081-31b7-f15c-f9a174bf4d7f", "gpu_util_percent": 29.0, "gpu_mem_util_percent": 11.0, "gpu_mem_used_mib": 42909.0, "gpu_mem_total_mib": 49140.0, "gpu_power_w": 108.82, "process_present": true, "process_mem_mib": 42410.0, "process_mem_share_percent": 86.30443630443631, "process_util_available": true, "process_util_backend": "nvml", "process_sm_util_percent": 28.0, "process_mem_util_percent": 8.0}
{"timestamp_unix": 1772442828.9515445, "pid": 118465, "device_index": 0, "gpu_uuid": "GPU-6f954bfd-7081-31b7-f15c-f9a174bf4d7f", "gpu_util_percent": 28.0, "gpu_mem_util_percent": 8.0, "gpu_mem_used_mib": 42909.0, "gpu_mem_total_mib": 49140.0, "gpu_power_w": 105.39, "process_present": true, "process_mem_mib": 42410.0, "process_mem_share_percent": 86.30443630443631, "process_util_available": true, "process_util_backend": "nvml", "process_sm_util_percent": 28.0, "process_mem_util_percent": 7.0}
{"timestamp_unix": 1772442829.2403185, "pid": 118465, "device_index": 0, "gpu_uuid": "GPU-6f954bfd-7081-31b7-f15c-f9a174bf4d7f", "gpu_util_percent": 28.0, "gpu_mem_util_percent": 8.0, "gpu_mem_used_mib": 42909.0, "gpu_mem_total_mib": 49140.0, "gpu_power_w": 105.39, "process_present": true, "process_mem_mib": 42410.0, "process_mem_share_percent": 86.30443630443631, "process_util_available": true, "process_util_backend": "nvml", "process_sm_util_percent": 29.0, "process_mem_util_percent": 7.0}
{"timestamp_unix": 1772442829.5344899, "pid": 118465, "device_index": 0, "gpu_uuid": "GPU-6f954bfd-7081-31b7-f15c-f9a174bf4d7f", "gpu_util_percent": 28.0, "gpu_mem_util_percent": 8.0, "gpu_mem_used_mib": 42909.0, "gpu_mem_total_mib": 49140.0, "gpu_power_w": 104.9, "process_present": true, "process_mem_mib": 42410.0, "process_mem_share_percent": 86.30443630443631, "process_util_available": true, "process_util_backend": "nvml", "process_sm_util_percent": 28.0, "process_mem_util_percent": 7.0}
{"timestamp_unix": 1772442829.8229961, "pid": 118465, "device_index": 0, "gpu_uuid": "GPU-6f954bfd-7081-31b7-f15c-f9a174bf4d7f", "gpu_util_percent": 28.0, "gpu_mem_util_percent": 8.0, "gpu_mem_used_mib": 42909.0, "gpu_mem_total_mib": 49140.0, "gpu_power_w": 104.69, "process_present": true, "process_mem_mib": 42410.0, "process_mem_share_percent": 86.30443630443631, "process_util_available": true, "process_util_backend": "nvml", "process_sm_util_percent": 14.0, "process_mem_util_percent": 3.0}
{"timestamp_unix": 1772442830.113855, "pid": 118465, "device_index": 0, "gpu_uuid": "GPU-6f954bfd-7081-31b7-f15c-f9a174bf4d7f", "gpu_util_percent": 28.0, "gpu_mem_util_percent": 8.0, "gpu_mem_used_mib": 42909.0, "gpu_mem_total_mib": 49140.0, "gpu_power_w": 104.69, "process_present": true, "process_mem_mib": 42410.0, "process_mem_share_percent": 86.30443630443631, "process_util_available": true, "process_util_backend": "nvml", "process_sm_util_percent": 22.0, "process_mem_util_percent": 5.0}
{"timestamp_unix": 1772442830.4101326, "pid": 118465, "device_index": 0, "gpu_uuid": "GPU-6f954bfd-7081-31b7-f15c-f9a174bf4d7f", "gpu_util_percent": 28.0, "gpu_mem_util_percent": 8.0, "gpu_mem_used_mib": 42909.0, "gpu_mem_total_mib": 49140.0, "gpu_power_w": 103.03, "process_present": true, "process_mem_mib": 43094.0, "process_mem_share_percent": 87.6963776963777, "process_util_available": true, "process_util_backend": "nvml", "process_sm_util_percent": 28.0, "process_mem_util_percent": 8.0}
{"timestamp_unix": 1772442830.7044227, "pid": 118465, "device_index": 0, "gpu_uuid": "GPU-6f954bfd-7081-31b7-f15c-f9a174bf4d7f", "gpu_util_percent": 28.0, "gpu_mem_util_percent": 8.0, "gpu_mem_used_mib": 43745.0, "gpu_mem_total_mib": 49140.0, "gpu_power_w": 103.03, "process_present": true, "process_mem_mib": 43246.0, "process_mem_share_percent": 88.00569800569801, "process_util_available": true, "process_util_backend": "nvml", "process_sm_util_percent": 27.0, "process_mem_util_percent": 8.0}
{"timestamp_unix": 1772442831.0123324, "pid": 118465, "device_index": 0, "gpu_uuid": "GPU-6f954bfd-7081-31b7-f15c-f9a174bf4d7f", "gpu_util_percent": 27.0, "gpu_mem_util_percent": 8.0, "gpu_mem_used_mib": 43745.0, "gpu_mem_total_mib": 49140.0, "gpu_power_w": 103.98, "process_present": true, "process_mem_mib": 43246.0, "process_mem_share_percent": 88.00569800569801, "process_util_available": true, "process_util_backend": "nvml", "process_sm_util_percent": 27.0, "process_mem_util_percent": 8.0}
{"timestamp_unix": 1772442831.3185894, "pid": 118465, "device_index": 0, "gpu_uuid": "GPU-6f954bfd-7081-31b7-f15c-f9a174bf4d7f", "gpu_util_percent": 27.0, "gpu_mem_util_percent": 8.0, "gpu_mem_used_mib": 43744.0, "gpu_mem_total_mib": 49140.0, "gpu_power_w": 106.49, "process_present": true, "process_mem_mib": 43246.0, "process_mem_share_percent": 88.00569800569801, "process_util_available": true, "process_util_backend": "nvml", "process_sm_util_percent": 28.0, "process_mem_util_percent": 8.0}
{"timestamp_unix": 1772442831.6111488, "pid": 118465, "device_index": 0, "gpu_uuid": "GPU-6f954bfd-7081-31b7-f15c-f9a174bf4d7f", "gpu_util_percent": 27.0, "gpu_mem_util_percent": 8.0, "gpu_mem_used_mib": 43744.0, "gpu_mem_total_mib": 49140.0, "gpu_power_w": 106.49, "process_present": true, "process_mem_mib": 43246.0, "process_mem_share_percent": 88.00569800569801, "process_util_available": true, "process_util_backend": "nvml", "process_sm_util_percent": 28.0, "process_mem_util_percent": 8.0}
{"timestamp_unix": 1772442831.9116929, "pid": 118465, "device_index": 0, "gpu_uuid": "GPU-6f954bfd-7081-31b7-f15c-f9a174bf4d7f", "gpu_util_percent": 27.0, "gpu_mem_util_percent": 9.0, "gpu_mem_used_mib": 43744.0, "gpu_mem_total_mib": 49140.0, "gpu_power_w": 106.71, "process_present": true, "process_mem_mib": 44206.0, "process_mem_share_percent": 89.95929995929995, "process_util_available": true, "process_util_backend": "nvml", "process_sm_util_percent": 28.0, "process_mem_util_percent": 8.0}
{"timestamp_unix": 1772442832.2069132, "pid": 118465, "device_index": 0, "gpu_uuid": "GPU-6f954bfd-7081-31b7-f15c-f9a174bf4d7f", "gpu_util_percent": 27.0, "gpu_mem_util_percent": 9.0, "gpu_mem_used_mib": 44704.0, "gpu_mem_total_mib": 49140.0, "gpu_power_w": 106.71, "process_present": true, "process_mem_mib": 44206.0, "process_mem_share_percent": 89.95929995929995, "process_util_available": true, "process_util_backend": "nvml", "process_sm_util_percent": 28.0, "process_mem_util_percent": 8.0}
{"timestamp_unix": 1772442832.509459, "pid": 118465, "device_index": 0, "gpu_uuid": "GPU-6f954bfd-7081-31b7-f15c-f9a174bf4d7f", "gpu_util_percent": 27.0, "gpu_mem_util_percent": 9.0, "gpu_mem_used_mib": 44704.0, "gpu_mem_total_mib": 49140.0, "gpu_power_w": 107.01, "process_present": true, "process_mem_mib": 44206.0, "process_mem_share_percent": 89.95929995929995, "process_util_available": true, "process_util_backend": "nvml", "process_sm_util_percent": 25.0, "process_mem_util_percent": 7.0}
{"timestamp_unix": 1772442832.804446, "pid": 118465, "device_index": 0, "gpu_uuid": "GPU-6f954bfd-7081-31b7-f15c-f9a174bf4d7f", "gpu_util_percent": 28.0, "gpu_mem_util_percent": 9.0, "gpu_mem_used_mib": 44708.0, "gpu_mem_total_mib": 49140.0, "gpu_power_w": 105.88, "process_present": true, "process_mem_mib": 44206.0, "process_mem_share_percent": 89.95929995929995, "process_util_available": true, "process_util_backend": "nvml", "process_sm_util_percent": 28.0, "process_mem_util_percent": 7.0}
{"timestamp_unix": 1772442833.09705, "pid": 118465, "device_index": 0, "gpu_uuid": "GPU-6f954bfd-7081-31b7-f15c-f9a174bf4d7f", "gpu_util_percent": 28.0, "gpu_mem_util_percent": 9.0, "gpu_mem_used_mib": 44707.0, "gpu_mem_total_mib": 49140.0, "gpu_power_w": 105.88, "process_present": true, "process_mem_mib": 44206.0, "process_mem_share_percent": 89.95929995929995, "process_util_available": true, "process_util_backend": "nvml", "process_sm_util_percent": 28.0, "process_mem_util_percent": 9.0}
{"timestamp_unix": 1772442833.412444, "pid": 118465, "device_index": 0, "gpu_uuid": "GPU-6f954bfd-7081-31b7-f15c-f9a174bf4d7f", "gpu_util_percent": 28.0, "gpu_mem_util_percent": 9.0, "gpu_mem_used_mib": 44707.0, "gpu_mem_total_mib": 49140.0, "gpu_power_w": 105.88, "process_present": true, "process_mem_mib": 44206.0, "process_mem_share_percent": 89.95929995929995, "process_util_available": true, "process_util_backend": "nvml", "process_sm_util_percent": 28.0, "process_mem_util_percent": 8.0}
{"timestamp_unix": 1772442833.719388, "pid": 118465, "device_index": 0, "gpu_uuid": "GPU-6f954bfd-7081-31b7-f15c-f9a174bf4d7f", "gpu_util_percent": 28.0, "gpu_mem_util_percent": 9.0, "gpu_mem_used_mib": 45763.0, "gpu_mem_total_mib": 49140.0, "gpu_power_w": 105.88, "process_present": true, "process_mem_mib": 45262.0, "process_mem_share_percent": 92.10826210826211, "process_util_available": true, "process_util_backend": "nvml", "process_sm_util_percent": 29.0, "process_mem_util_percent": 9.0}
{"timestamp_unix": 1772442834.0214043, "pid": 118465, "device_index": 0, "gpu_uuid": "GPU-6f954bfd-7081-31b7-f15c-f9a174bf4d7f", "gpu_util_percent": 28.0, "gpu_mem_util_percent": 9.0, "gpu_mem_used_mib": 45763.0, "gpu_mem_total_mib": 49140.0, "gpu_power_w": 107.31, "process_present": true, "process_mem_mib": 45262.0, "process_mem_share_percent": 92.10826210826211, "process_util_available": true, "process_util_backend": "nvml", "process_sm_util_percent": 14.0, "process_mem_util_percent": 4.0}
{"timestamp_unix": 1772442834.3182826, "pid": 118465, "device_index": 0, "gpu_uuid": "GPU-6f954bfd-7081-31b7-f15c-f9a174bf4d7f", "gpu_util_percent": 28.0, "gpu_mem_util_percent": 9.0, "gpu_mem_used_mib": 46027.0, "gpu_mem_total_mib": 49140.0, "gpu_power_w": 103.17, "process_present": true, "process_mem_mib": 46318.0, "process_mem_share_percent": 94.25722425722427, "process_util_available": true, "process_util_backend": "nvml", "process_sm_util_percent": null, "process_mem_util_percent": null}
{"timestamp_unix": 1772442834.6096601, "pid": 118465, "device_index": 0, "gpu_uuid": "GPU-6f954bfd-7081-31b7-f15c-f9a174bf4d7f", "gpu_util_percent": 28.0, "gpu_mem_util_percent": 9.0, "gpu_mem_used_mib": 46907.0, "gpu_mem_total_mib": 49140.0, "gpu_power_w": 103.17, "process_present": true, "process_mem_mib": 46406.0, "process_mem_share_percent": 94.43630443630444, "process_util_available": true, "process_util_backend": "nvml", "process_sm_util_percent": 31.0, "process_mem_util_percent": 14.0}
{"timestamp_unix": 1772442834.9057646, "pid": 118465, "device_index": 0, "gpu_uuid": "GPU-6f954bfd-7081-31b7-f15c-f9a174bf4d7f", "gpu_util_percent": 37.0, "gpu_mem_util_percent": 19.0, "gpu_mem_used_mib": 46907.0, "gpu_mem_total_mib": 49140.0, "gpu_power_w": 105.32, "process_present": true, "process_mem_mib": 46406.0, "process_mem_share_percent": 94.43630443630444, "process_util_available": true, "process_util_backend": "nvml", "process_sm_util_percent": 37.0, "process_mem_util_percent": 19.0}
{"timestamp_unix": 1772442835.2005773, "pid": 118465, "device_index": 0, "gpu_uuid": "GPU-6f954bfd-7081-31b7-f15c-f9a174bf4d7f", "gpu_util_percent": 37.0, "gpu_mem_util_percent": 19.0, "gpu_mem_used_mib": 46987.0, "gpu_mem_total_mib": 49140.0, "gpu_power_w": 105.32, "process_present": true, "process_mem_mib": 46486.0, "process_mem_share_percent": 94.5991045991046, "process_util_available": true, "process_util_backend": "nvml", "process_sm_util_percent": 36.0, "process_mem_util_percent": 18.0}
{"timestamp_unix": 1772442835.4926326, "pid": 118465, "device_index": 0, "gpu_uuid": "GPU-6f954bfd-7081-31b7-f15c-f9a174bf4d7f", "gpu_util_percent": 37.0, "gpu_mem_util_percent": 19.0, "gpu_mem_used_mib": 46987.0, "gpu_mem_total_mib": 49140.0, "gpu_power_w": 113.74, "process_present": true, "process_mem_mib": 46486.0, "process_mem_share_percent": 94.5991045991046, "process_util_available": true, "process_util_backend": "nvml", "process_sm_util_percent": 35.0, "process_mem_util_percent": 17.0}
{"timestamp_unix": 1772442835.786702, "pid": 118465, "device_index": 0, "gpu_uuid": "GPU-6f954bfd-7081-31b7-f15c-f9a174bf4d7f", "gpu_util_percent": 36.0, "gpu_mem_util_percent": 18.0, "gpu_mem_used_mib": 46987.0, "gpu_mem_total_mib": 49140.0, "gpu_power_w": 119.2, "process_present": true, "process_mem_mib": 46486.0, "process_mem_share_percent": 94.5991045991046, "process_util_available": true, "process_util_backend": "nvml", "process_sm_util_percent": 36.0, "process_mem_util_percent": 18.0}
{"timestamp_unix": 1772442836.077504, "pid": 118465, "device_index": 0, "gpu_uuid": "GPU-6f954bfd-7081-31b7-f15c-f9a174bf4d7f", "gpu_util_percent": 36.0, "gpu_mem_util_percent": 18.0, "gpu_mem_used_mib": 46982.0, "gpu_mem_total_mib": 49140.0, "gpu_power_w": 119.2, "process_present": true, "process_mem_mib": 46486.0, "process_mem_share_percent": 94.5991045991046, "process_util_available": true, "process_util_backend": "nvml", "process_sm_util_percent": 19.0, "process_mem_util_percent": 9.0}
{"timestamp_unix": 1772442836.397467, "pid": 118465, "device_index": 0, "gpu_uuid": "GPU-6f954bfd-7081-31b7-f15c-f9a174bf4d7f", "gpu_util_percent": 36.0, "gpu_mem_util_percent": 18.0, "gpu_mem_used_mib": 46982.0, "gpu_mem_total_mib": 49140.0, "gpu_power_w": 118.37, "process_present": true, "process_mem_mib": 46486.0, "process_mem_share_percent": 94.5991045991046, "process_util_available": true, "process_util_backend": "nvml", "process_sm_util_percent": 18.0, "process_mem_util_percent": 8.0}
{"timestamp_unix": 1772442836.7126784, "pid": 118465, "device_index": 0, "gpu_uuid": "GPU-6f954bfd-7081-31b7-f15c-f9a174bf4d7f", "gpu_util_percent": 36.0, "gpu_mem_util_percent": 18.0, "gpu_mem_used_mib": 46982.0, "gpu_mem_total_mib": 49140.0, "gpu_power_w": 118.37, "process_present": true, "process_mem_mib": 46486.0, "process_mem_share_percent": 94.5991045991046, "process_util_available": true, "process_util_backend": "nvml", "process_sm_util_percent": 36.0, "process_mem_util_percent": 18.0}
{"timestamp_unix": 1772442837.0196824, "pid": 118465, "device_index": 0, "gpu_uuid": "GPU-6f954bfd-7081-31b7-f15c-f9a174bf4d7f", "gpu_util_percent": 35.0, "gpu_mem_util_percent": 17.0, "gpu_mem_used_mib": 46980.0, "gpu_mem_total_mib": 49140.0, "gpu_power_w": 117.83, "process_present": true, "process_mem_mib": 46486.0, "process_mem_share_percent": 94.5991045991046, "process_util_available": true, "process_util_backend": "nvml", "process_sm_util_percent": 36.0, "process_mem_util_percent": 17.0}
{"timestamp_unix": 1772442837.3121226, "pid": 118465, "device_index": 0, "gpu_uuid": "GPU-6f954bfd-7081-31b7-f15c-f9a174bf4d7f", "gpu_util_percent": 35.0, "gpu_mem_util_percent": 17.0, "gpu_mem_used_mib": 46980.0, "gpu_mem_total_mib": 49140.0, "gpu_power_w": 117.77, "process_present": true, "process_mem_mib": 46486.0, "process_mem_share_percent": 94.5991045991046, "process_util_available": true, "process_util_backend": "nvml", "process_sm_util_percent": 36.0, "process_mem_util_percent": 18.0}
{"timestamp_unix": 1772442837.6247833, "pid": 118465, "device_index": 0, "gpu_uuid": "GPU-6f954bfd-7081-31b7-f15c-f9a174bf4d7f", "gpu_util_percent": 35.0, "gpu_mem_util_percent": 17.0, "gpu_mem_used_mib": 46980.0, "gpu_mem_total_mib": 49140.0, "gpu_power_w": 117.77, "process_present": true, "process_mem_mib": 46486.0, "process_mem_share_percent": 94.5991045991046, "process_util_available": true, "process_util_backend": "nvml", "process_sm_util_percent": 35.0, "process_mem_util_percent": 17.0}
{"timestamp_unix": 1772442837.9230037, "pid": 118465, "device_index": 0, "gpu_uuid": "GPU-6f954bfd-7081-31b7-f15c-f9a174bf4d7f", "gpu_util_percent": 33.0, "gpu_mem_util_percent": 16.0, "gpu_mem_used_mib": 46980.0, "gpu_mem_total_mib": 49140.0, "gpu_power_w": 117.68, "process_present": true, "process_mem_mib": 46486.0, "process_mem_share_percent": 94.5991045991046, "process_util_available": true, "process_util_backend": "nvml", "process_sm_util_percent": 35.0, "process_mem_util_percent": 16.0}
{"timestamp_unix": 1772442838.2184458, "pid": 118465, "device_index": 0, "gpu_uuid": "GPU-6f954bfd-7081-31b7-f15c-f9a174bf4d7f", "gpu_util_percent": 33.0, "gpu_mem_util_percent": 16.0, "gpu_mem_used_mib": 46980.0, "gpu_mem_total_mib": 49140.0, "gpu_power_w": 117.68, "process_present": true, "process_mem_mib": 46486.0, "process_mem_share_percent": 94.5991045991046, "process_util_available": true, "process_util_backend": "nvml", "process_sm_util_percent": 35.0, "process_mem_util_percent": 17.0}
{"timestamp_unix": 1772442838.510707, "pid": 118465, "device_index": 0, "gpu_uuid": "GPU-6f954bfd-7081-31b7-f15c-f9a174bf4d7f", "gpu_util_percent": 33.0, "gpu_mem_util_percent": 16.0, "gpu_mem_used_mib": 46980.0, "gpu_mem_total_mib": 49140.0, "gpu_power_w": 117.61, "process_present": true, "process_mem_mib": 46486.0, "process_mem_share_percent": 94.5991045991046, "process_util_available": true, "process_util_backend": "nvml", "process_sm_util_percent": 34.0, "process_mem_util_percent": 16.0}
{"timestamp_unix": 1772442838.8135328, "pid": 118465, "device_index": 0, "gpu_uuid": "GPU-6f954bfd-7081-31b7-f15c-f9a174bf4d7f", "gpu_util_percent": 34.0, "gpu_mem_util_percent": 16.0, "gpu_mem_used_mib": 46980.0, "gpu_mem_total_mib": 49140.0, "gpu_power_w": 117.14, "process_present": true, "process_mem_mib": 46486.0, "process_mem_share_percent": 94.5991045991046, "process_util_available": true, "process_util_backend": "nvml", "process_sm_util_percent": 35.0, "process_mem_util_percent": 16.0}
{"timestamp_unix": 1772442839.1188047, "pid": 118465, "device_index": 0, "gpu_uuid": "GPU-6f954bfd-7081-31b7-f15c-f9a174bf4d7f", "gpu_util_percent": 34.0, "gpu_mem_util_percent": 16.0, "gpu_mem_used_mib": 46980.0, "gpu_mem_total_mib": 49140.0, "gpu_power_w": 117.14, "process_present": true, "process_mem_mib": 46486.0, "process_mem_share_percent": 94.5991045991046, "process_util_available": true, "process_util_backend": "nvml", "process_sm_util_percent": 35.0, "process_mem_util_percent": 17.0}
{"timestamp_unix": 1772442839.428673, "pid": 118465, "device_index": 0, "gpu_uuid": "GPU-6f954bfd-7081-31b7-f15c-f9a174bf4d7f", "gpu_util_percent": 34.0, "gpu_mem_util_percent": 16.0, "gpu_mem_used_mib": 46980.0, "gpu_mem_total_mib": 49140.0, "gpu_power_w": 116.97, "process_present": true, "process_mem_mib": 46486.0, "process_mem_share_percent": 94.5991045991046, "process_util_available": true, "process_util_backend": "nvml", "process_sm_util_percent": 31.0, "process_mem_util_percent": 13.0}
{"timestamp_unix": 1772442839.7358668, "pid": 118465, "device_index": 0, "gpu_uuid": "GPU-6f954bfd-7081-31b7-f15c-f9a174bf4d7f", "gpu_util_percent": 34.0, "gpu_mem_util_percent": 16.0, "gpu_mem_used_mib": 46980.0, "gpu_mem_total_mib": 49140.0, "gpu_power_w": 116.97, "process_present": true, "process_mem_mib": 46486.0, "process_mem_share_percent": 94.5991045991046, "process_util_available": true, "process_util_backend": "nvml", "process_sm_util_percent": 29.0, "process_mem_util_percent": 9.0}
{"timestamp_unix": 1772442840.0264072, "pid": 118465, "device_index": 0, "gpu_uuid": "GPU-6f954bfd-7081-31b7-f15c-f9a174bf4d7f", "gpu_util_percent": 28.0, "gpu_mem_util_percent": 9.0, "gpu_mem_used_mib": 46980.0, "gpu_mem_total_mib": 49140.0, "gpu_power_w": 113.1, "process_present": true, "process_mem_mib": 46486.0, "process_mem_share_percent": 94.5991045991046, "process_util_available": true, "process_util_backend": "nvml", "process_sm_util_percent": 14.0, "process_mem_util_percent": 4.0}
{"timestamp_unix": 1772442840.322053, "pid": 118465, "device_index": 0, "gpu_uuid": "GPU-6f954bfd-7081-31b7-f15c-f9a174bf4d7f", "gpu_util_percent": 28.0, "gpu_mem_util_percent": 9.0, "gpu_mem_used_mib": 46980.0, "gpu_mem_total_mib": 49140.0, "gpu_power_w": 106.8, "process_present": true, "process_mem_mib": 46486.0, "process_mem_share_percent": 94.5991045991046, "process_util_available": true, "process_util_backend": "nvml", "process_sm_util_percent": 25.0, "process_mem_util_percent": 7.0}
{"timestamp_unix": 1772442840.61343, "pid": 118465, "device_index": 0, "gpu_uuid": "GPU-6f954bfd-7081-31b7-f15c-f9a174bf4d7f", "gpu_util_percent": 28.0, "gpu_mem_util_percent": 9.0, "gpu_mem_used_mib": 46980.0, "gpu_mem_total_mib": 49140.0, "gpu_power_w": 106.8, "process_present": true, "process_mem_mib": 46486.0, "process_mem_share_percent": 94.5991045991046, "process_util_available": true, "process_util_backend": "nvml", "process_sm_util_percent": 27.0, "process_mem_util_percent": 9.0}
{"timestamp_unix": 1772442840.907538, "pid": 118465, "device_index": 0, "gpu_uuid": "GPU-6f954bfd-7081-31b7-f15c-f9a174bf4d7f", "gpu_util_percent": 28.0, "gpu_mem_util_percent": 9.0, "gpu_mem_used_mib": 46980.0, "gpu_mem_total_mib": 49140.0, "gpu_power_w": 105.94, "process_present": true, "process_mem_mib": 46486.0, "process_mem_share_percent": 94.5991045991046, "process_util_available": true, "process_util_backend": "nvml", "process_sm_util_percent": 27.0, "process_mem_util_percent": 9.0}
{"timestamp_unix": 1772442841.2024133, "pid": 118465, "device_index": 0, "gpu_uuid": "GPU-6f954bfd-7081-31b7-f15c-f9a174bf4d7f", "gpu_util_percent": 28.0, "gpu_mem_util_percent": 9.0, "gpu_mem_used_mib": 47992.0, "gpu_mem_total_mib": 49140.0, "gpu_power_w": 105.94, "process_present": true, "process_mem_mib": 47498.0, "process_mem_share_percent": 96.65852665852665, "process_util_available": true, "process_util_backend": "nvml", "process_sm_util_percent": 27.0, "process_mem_util_percent": 9.0}
{"timestamp_unix": 1772442841.4941041, "pid": 118465, "device_index": 0, "gpu_uuid": "GPU-6f954bfd-7081-31b7-f15c-f9a174bf4d7f", "gpu_util_percent": 28.0, "gpu_mem_util_percent": 9.0, "gpu_mem_used_mib": 47992.0, "gpu_mem_total_mib": 49140.0, "gpu_power_w": 108.78, "process_present": true, "process_mem_mib": 47498.0, "process_mem_share_percent": 96.65852665852665, "process_util_available": true, "process_util_backend": "nvml", "process_sm_util_percent": 26.0, "process_mem_util_percent": 9.0}
{"timestamp_unix": 1772442841.8030875, "pid": 118465, "device_index": 0, "gpu_uuid": "GPU-6f954bfd-7081-31b7-f15c-f9a174bf4d7f", "gpu_util_percent": 26.0, "gpu_mem_util_percent": 10.0, "gpu_mem_used_mib": 47992.0, "gpu_mem_total_mib": 49140.0, "gpu_power_w": 109.29, "process_present": true, "process_mem_mib": 47498.0, "process_mem_share_percent": 96.65852665852665, "process_util_available": true, "process_util_backend": "nvml", "process_sm_util_percent": 26.0, "process_mem_util_percent": 9.0}
{"timestamp_unix": 1772442842.202165, "pid": 118465, "device_index": 0, "gpu_uuid": "GPU-6f954bfd-7081-31b7-f15c-f9a174bf4d7f", "gpu_util_percent": 26.0, "gpu_mem_util_percent": 10.0, "gpu_mem_used_mib": 47992.0, "gpu_mem_total_mib": 49140.0, "gpu_power_w": 109.29, "process_present": true, "process_mem_mib": 47498.0, "process_mem_share_percent": 96.65852665852665, "process_util_available": true, "process_util_backend": "nvml", "process_sm_util_percent": 9.0, "process_mem_util_percent": 2.0}
{"timestamp_unix": 1772442842.4941187, "pid": 118465, "device_index": 0, "gpu_uuid": "GPU-6f954bfd-7081-31b7-f15c-f9a174bf4d7f", "gpu_util_percent": 26.0, "gpu_mem_util_percent": 10.0, "gpu_mem_used_mib": 47992.0, "gpu_mem_total_mib": 49140.0, "gpu_power_w": 105.23, "process_present": true, "process_mem_mib": 47498.0, "process_mem_share_percent": 96.65852665852665, "process_util_available": true, "process_util_backend": "nvml", "process_sm_util_percent": 28.0, "process_mem_util_percent": 9.0}
{"timestamp_unix": 1772442842.7905805, "pid": 118465, "device_index": 0, "gpu_uuid": "GPU-6f954bfd-7081-31b7-f15c-f9a174bf4d7f", "gpu_util_percent": 30.0, "gpu_mem_util_percent": 10.0, "gpu_mem_used_mib": 47862.0, "gpu_mem_total_mib": 49140.0, "gpu_power_w": 105.91, "process_present": true, "process_mem_mib": 45988.0, "process_mem_share_percent": 93.58567358567359, "process_util_available": true, "process_util_backend": "nvml", "process_sm_util_percent": 14.0, "process_mem_util_percent": 4.0}
{"timestamp_unix": 1772442843.0863166, "pid": 118465, "device_index": 0, "gpu_uuid": "GPU-6f954bfd-7081-31b7-f15c-f9a174bf4d7f", "gpu_util_percent": 30.0, "gpu_mem_util_percent": 10.0, "gpu_mem_used_mib": 36114.0, "gpu_mem_total_mib": 49140.0, "gpu_power_w": 105.91, "process_present": true, "process_mem_mib": 34022.0, "process_mem_share_percent": 69.23483923483923, "process_util_available": true, "process_util_backend": "nvml", "process_sm_util_percent": null, "process_mem_util_percent": null}
{"timestamp_unix": 1772442843.3761885, "pid": 118465, "device_index": 0, "gpu_uuid": "GPU-6f954bfd-7081-31b7-f15c-f9a174bf4d7f", "gpu_util_percent": 30.0, "gpu_mem_util_percent": 10.0, "gpu_mem_used_mib": 29344.0, "gpu_mem_total_mib": 49140.0, "gpu_power_w": 108.11, "process_present": true, "process_mem_mib": 29058.0, "process_mem_share_percent": 59.133089133089136, "process_util_available": true, "process_util_backend": "nvml", "process_sm_util_percent": null, "process_mem_util_percent": null}
{"timestamp_unix": 1772442843.6695905, "pid": 118465, "device_index": 0, "gpu_uuid": "GPU-6f954bfd-7081-31b7-f15c-f9a174bf4d7f", "gpu_util_percent": 30.0, "gpu_mem_util_percent": 10.0, "gpu_mem_used_mib": 31214.0, "gpu_mem_total_mib": 49140.0, "gpu_power_w": 108.11, "process_present": true, "process_mem_mib": 30960.0, "process_mem_share_percent": 63.003663003663, "process_util_available": true, "process_util_backend": "nvml", "process_sm_util_percent": 31.0, "process_mem_util_percent": 7.0}
{"timestamp_unix": 1772442843.9610648, "pid": 118465, "device_index": 0, "gpu_uuid": "GPU-6f954bfd-7081-31b7-f15c-f9a174bf4d7f", "gpu_util_percent": 25.0, "gpu_mem_util_percent": 7.0, "gpu_mem_used_mib": 33012.0, "gpu_mem_total_mib": 49140.0, "gpu_power_w": 113.72, "process_present": true, "process_mem_mib": 32758.0, "process_mem_share_percent": 66.66259666259666, "process_util_available": true, "process_util_backend": "nvml", "process_sm_util_percent": 25.0, "process_mem_util_percent": 7.0}
{"timestamp_unix": 1772442844.2601955, "pid": 118465, "device_index": 0, "gpu_uuid": "GPU-6f954bfd-7081-31b7-f15c-f9a174bf4d7f", "gpu_util_percent": 25.0, "gpu_mem_util_percent": 7.0, "gpu_mem_used_mib": 34776.0, "gpu_mem_total_mib": 49140.0, "gpu_power_w": 113.72, "process_present": true, "process_mem_mib": 34486.0, "process_mem_share_percent": 70.17908017908017, "process_util_available": true, "process_util_backend": "nvml", "process_sm_util_percent": 28.0, "process_mem_util_percent": 7.0}
{"timestamp_unix": 1772442844.5681975, "pid": 118465, "device_index": 0, "gpu_uuid": "GPU-6f954bfd-7081-31b7-f15c-f9a174bf4d7f", "gpu_util_percent": 25.0, "gpu_mem_util_percent": 7.0, "gpu_mem_used_mib": 36880.0, "gpu_mem_total_mib": 49140.0, "gpu_power_w": 122.61, "process_present": true, "process_mem_mib": 36668.0, "process_mem_share_percent": 74.61945461945461, "process_util_available": true, "process_util_backend": "nvml", "process_sm_util_percent": 25.0, "process_mem_util_percent": 7.0}
{"timestamp_unix": 1772442844.8734572, "pid": 118465, "device_index": 0, "gpu_uuid": "GPU-6f954bfd-7081-31b7-f15c-f9a174bf4d7f", "gpu_util_percent": 28.0, "gpu_mem_util_percent": 9.0, "gpu_mem_used_mib": 39064.0, "gpu_mem_total_mib": 49140.0, "gpu_power_w": 124.01, "process_present": true, "process_mem_mib": 38854.0, "process_mem_share_percent": 79.06796906796907, "process_util_available": true, "process_util_backend": "nvml", "process_sm_util_percent": 26.0, "process_mem_util_percent": 7.0}
{"timestamp_unix": 1772442845.1803858, "pid": 118465, "device_index": 0, "gpu_uuid": "GPU-6f954bfd-7081-31b7-f15c-f9a174bf4d7f", "gpu_util_percent": 28.0, "gpu_mem_util_percent": 9.0, "gpu_mem_used_mib": 41301.0, "gpu_mem_total_mib": 49140.0, "gpu_power_w": 124.01, "process_present": true, "process_mem_mib": 41094.0, "process_mem_share_percent": 83.62637362637363, "process_util_available": true, "process_util_backend": "nvml", "process_sm_util_percent": 25.0, "process_mem_util_percent": 7.0}
{"timestamp_unix": 1772442845.4741025, "pid": 118465, "device_index": 0, "gpu_uuid": "GPU-6f954bfd-7081-31b7-f15c-f9a174bf4d7f", "gpu_util_percent": 28.0, "gpu_mem_util_percent": 9.0, "gpu_mem_used_mib": 42125.0, "gpu_mem_total_mib": 49140.0, "gpu_power_w": 120.52, "process_present": true, "process_mem_mib": 41622.0, "process_mem_share_percent": 84.7008547008547, "process_util_available": true, "process_util_backend": "nvml", "process_sm_util_percent": 14.0, "process_mem_util_percent": 3.0}
{"timestamp_unix": 1772442845.7722397, "pid": 118465, "device_index": 0, "gpu_uuid": "GPU-6f954bfd-7081-31b7-f15c-f9a174bf4d7f", "gpu_util_percent": 28.0, "gpu_mem_util_percent": 9.0, "gpu_mem_used_mib": 43505.0, "gpu_mem_total_mib": 49140.0, "gpu_power_w": 120.52, "process_present": true, "process_mem_mib": 43002.0, "process_mem_share_percent": 87.5091575091575, "process_util_available": true, "process_util_backend": "nvml", "process_sm_util_percent": 14.0, "process_mem_util_percent": 1.0}
{"timestamp_unix": 1772442846.0662954, "pid": 118465, "device_index": 0, "gpu_uuid": "GPU-6f954bfd-7081-31b7-f15c-f9a174bf4d7f", "gpu_util_percent": 35.0, "gpu_mem_util_percent": 17.0, "gpu_mem_used_mib": 43505.0, "gpu_mem_total_mib": 49140.0, "gpu_power_w": 107.92, "process_present": true, "process_mem_mib": 43002.0, "process_mem_share_percent": 87.5091575091575, "process_util_available": true, "process_util_backend": "nvml", "process_sm_util_percent": 38.0, "process_mem_util_percent": 20.0}
{"timestamp_unix": 1772442846.3598208, "pid": 118465, "device_index": 0, "gpu_uuid": "GPU-6f954bfd-7081-31b7-f15c-f9a174bf4d7f", "gpu_util_percent": 35.0, "gpu_mem_util_percent": 17.0, "gpu_mem_used_mib": 43505.0, "gpu_mem_total_mib": 49140.0, "gpu_power_w": 109.47, "process_present": true, "process_mem_mib": 43002.0, "process_mem_share_percent": 87.5091575091575, "process_util_available": true, "process_util_backend": "nvml", "process_sm_util_percent": 41.0, "process_mem_util_percent": 22.0}
{"timestamp_unix": 1772442846.653617, "pid": 118465, "device_index": 0, "gpu_uuid": "GPU-6f954bfd-7081-31b7-f15c-f9a174bf4d7f", "gpu_util_percent": 35.0, "gpu_mem_util_percent": 17.0, "gpu_mem_used_mib": 43505.0, "gpu_mem_total_mib": 49140.0, "gpu_power_w": 109.47, "process_present": true, "process_mem_mib": 43002.0, "process_mem_share_percent": 87.5091575091575, "process_util_available": true, "process_util_backend": "nvml", "process_sm_util_percent": 36.0, "process_mem_util_percent": 20.0}
{"timestamp_unix": 1772442846.9455576, "pid": 118465, "device_index": 0, "gpu_uuid": "GPU-6f954bfd-7081-31b7-f15c-f9a174bf4d7f", "gpu_util_percent": 36.0, "gpu_mem_util_percent": 20.0, "gpu_mem_used_mib": 43505.0, "gpu_mem_total_mib": 49140.0, "gpu_power_w": 125.3, "process_present": true, "process_mem_mib": 43002.0, "process_mem_share_percent": 87.5091575091575, "process_util_available": true, "process_util_backend": "nvml", "process_sm_util_percent": 35.0, "process_mem_util_percent": 19.0}
{"timestamp_unix": 1772442847.25178, "pid": 118465, "device_index": 0, "gpu_uuid": "GPU-6f954bfd-7081-31b7-f15c-f9a174bf4d7f", "gpu_util_percent": 36.0, "gpu_mem_util_percent": 20.0, "gpu_mem_used_mib": 43505.0, "gpu_mem_total_mib": 49140.0, "gpu_power_w": 125.3, "process_present": true, "process_mem_mib": 43002.0, "process_mem_share_percent": 87.5091575091575, "process_util_available": true, "process_util_backend": "nvml", "process_sm_util_percent": 40.0, "process_mem_util_percent": 22.0}
{"timestamp_unix": 1772442847.5504963, "pid": 118465, "device_index": 0, "gpu_uuid": "GPU-6f954bfd-7081-31b7-f15c-f9a174bf4d7f", "gpu_util_percent": 36.0, "gpu_mem_util_percent": 20.0, "gpu_mem_used_mib": 43505.0, "gpu_mem_total_mib": 49140.0, "gpu_power_w": 129.34, "process_present": true, "process_mem_mib": 43002.0, "process_mem_share_percent": 87.5091575091575, "process_util_available": true, "process_util_backend": "nvml", "process_sm_util_percent": 39.0, "process_mem_util_percent": 22.0}
{"timestamp_unix": 1772442847.854801, "pid": 118465, "device_index": 0, "gpu_uuid": "GPU-6f954bfd-7081-31b7-f15c-f9a174bf4d7f", "gpu_util_percent": 42.0, "gpu_mem_util_percent": 23.0, "gpu_mem_used_mib": 43593.0, "gpu_mem_total_mib": 49140.0, "gpu_power_w": 134.05, "process_present": true, "process_mem_mib": 43094.0, "process_mem_share_percent": 87.6963776963777, "process_util_available": true, "process_util_backend": "nvml", "process_sm_util_percent": 38.0, "process_mem_util_percent": 21.0}
{"timestamp_unix": 1772442848.1472917, "pid": 118465, "device_index": 0, "gpu_uuid": "GPU-6f954bfd-7081-31b7-f15c-f9a174bf4d7f", "gpu_util_percent": 42.0, "gpu_mem_util_percent": 23.0, "gpu_mem_used_mib": 43593.0, "gpu_mem_total_mib": 49140.0, "gpu_power_w": 134.05, "process_present": true, "process_mem_mib": 43094.0, "process_mem_share_percent": 87.6963776963777, "process_util_available": true, "process_util_backend": "nvml", "process_sm_util_percent": 35.0, "process_mem_util_percent": 18.0}
{"timestamp_unix": 1772442848.4430547, "pid": 118465, "device_index": 0, "gpu_uuid": "GPU-6f954bfd-7081-31b7-f15c-f9a174bf4d7f", "gpu_util_percent": 42.0, "gpu_mem_util_percent": 23.0, "gpu_mem_used_mib": 43593.0, "gpu_mem_total_mib": 49140.0, "gpu_power_w": 136.18, "process_present": true, "process_mem_mib": 43094.0, "process_mem_share_percent": 87.6963776963777, "process_util_available": true, "process_util_backend": "nvml", "process_sm_util_percent": 37.0, "process_mem_util_percent": 20.0}
{"timestamp_unix": 1772442848.7371757, "pid": 118465, "device_index": 0, "gpu_uuid": "GPU-6f954bfd-7081-31b7-f15c-f9a174bf4d7f", "gpu_util_percent": 42.0, "gpu_mem_util_percent": 23.0, "gpu_mem_used_mib": 43593.0, "gpu_mem_total_mib": 49140.0, "gpu_power_w": 136.18, "process_present": true, "process_mem_mib": 43094.0, "process_mem_share_percent": 87.6963776963777, "process_util_available": true, "process_util_backend": "nvml", "process_sm_util_percent": 36.0, "process_mem_util_percent": 19.0}
{"timestamp_unix": 1772442849.0282576, "pid": 118465, "device_index": 0, "gpu_uuid": "GPU-6f954bfd-7081-31b7-f15c-f9a174bf4d7f", "gpu_util_percent": 39.0, "gpu_mem_util_percent": 22.0, "gpu_mem_used_mib": 43593.0, "gpu_mem_total_mib": 49140.0, "gpu_power_w": 136.21, "process_present": true, "process_mem_mib": 43094.0, "process_mem_share_percent": 87.6963776963777, "process_util_available": true, "process_util_backend": "nvml", "process_sm_util_percent": 37.0, "process_mem_util_percent": 20.0}
{"timestamp_unix": 1772442849.3217778, "pid": 118465, "device_index": 0, "gpu_uuid": "GPU-6f954bfd-7081-31b7-f15c-f9a174bf4d7f", "gpu_util_percent": 39.0, "gpu_mem_util_percent": 22.0, "gpu_mem_used_mib": 43594.0, "gpu_mem_total_mib": 49140.0, "gpu_power_w": 134.06, "process_present": true, "process_mem_mib": 43094.0, "process_mem_share_percent": 87.6963776963777, "process_util_available": true, "process_util_backend": "nvml", "process_sm_util_percent": 39.0, "process_mem_util_percent": 19.0}
{"timestamp_unix": 1772442849.616735, "pid": 118465, "device_index": 0, "gpu_uuid": "GPU-6f954bfd-7081-31b7-f15c-f9a174bf4d7f", "gpu_util_percent": 39.0, "gpu_mem_util_percent": 22.0, "gpu_mem_used_mib": 43594.0, "gpu_mem_total_mib": 49140.0, "gpu_power_w": 134.06, "process_present": true, "process_mem_mib": 43094.0, "process_mem_share_percent": 87.6963776963777, "process_util_available": true, "process_util_backend": "nvml", "process_sm_util_percent": 39.0, "process_mem_util_percent": 20.0}
{"timestamp_unix": 1772442849.9183311, "pid": 118465, "device_index": 0, "gpu_uuid": "GPU-6f954bfd-7081-31b7-f15c-f9a174bf4d7f", "gpu_util_percent": 39.0, "gpu_mem_util_percent": 21.0, "gpu_mem_used_mib": 43594.0, "gpu_mem_total_mib": 49140.0, "gpu_power_w": 128.85, "process_present": true, "process_mem_mib": 43094.0, "process_mem_share_percent": 87.6963776963777, "process_util_available": true, "process_util_backend": "nvml", "process_sm_util_percent": null, "process_mem_util_percent": null}
{"timestamp_unix": 1772442850.2181435, "pid": 118465, "device_index": 0, "gpu_uuid": "GPU-6f954bfd-7081-31b7-f15c-f9a174bf4d7f", "gpu_util_percent": 39.0, "gpu_mem_util_percent": 21.0, "gpu_mem_used_mib": 43594.0, "gpu_mem_total_mib": 49140.0, "gpu_power_w": 128.85, "process_present": true, "process_mem_mib": 43094.0, "process_mem_share_percent": 87.6963776963777, "process_util_available": true, "process_util_backend": "nvml", "process_sm_util_percent": 16.0, "process_mem_util_percent": 5.0}
{"timestamp_unix": 1772442850.52196, "pid": 118465, "device_index": 0, "gpu_uuid": "GPU-6f954bfd-7081-31b7-f15c-f9a174bf4d7f", "gpu_util_percent": 39.0, "gpu_mem_util_percent": 21.0, "gpu_mem_used_mib": 43594.0, "gpu_mem_total_mib": 49140.0, "gpu_power_w": 121.27, "process_present": true, "process_mem_mib": 43094.0, "process_mem_share_percent": 87.6963776963777, "process_util_available": true, "process_util_backend": "nvml", "process_sm_util_percent": 31.0, "process_mem_util_percent": 11.0}
{"timestamp_unix": 1772442850.8291173, "pid": 118465, "device_index": 0, "gpu_uuid": "GPU-6f954bfd-7081-31b7-f15c-f9a174bf4d7f", "gpu_util_percent": 34.0, "gpu_mem_util_percent": 12.0, "gpu_mem_used_mib": 43594.0, "gpu_mem_total_mib": 49140.0, "gpu_power_w": 115.17, "process_present": true, "process_mem_mib": 43094.0, "process_mem_share_percent": 87.6963776963777, "process_util_available": true, "process_util_backend": "nvml", "process_sm_util_percent": 32.0, "process_mem_util_percent": 10.0}
{"timestamp_unix": 1772442851.1226425, "pid": 118465, "device_index": 0, "gpu_uuid": "GPU-6f954bfd-7081-31b7-f15c-f9a174bf4d7f", "gpu_util_percent": 34.0, "gpu_mem_util_percent": 12.0, "gpu_mem_used_mib": 43594.0, "gpu_mem_total_mib": 49140.0, "gpu_power_w": 115.17, "process_present": true, "process_mem_mib": 43094.0, "process_mem_share_percent": 87.6963776963777, "process_util_available": true, "process_util_backend": "nvml", "process_sm_util_percent": 33.0, "process_mem_util_percent": 11.0}
{"timestamp_unix": 1772442851.4200487, "pid": 118465, "device_index": 0, "gpu_uuid": "GPU-6f954bfd-7081-31b7-f15c-f9a174bf4d7f", "gpu_util_percent": 34.0, "gpu_mem_util_percent": 12.0, "gpu_mem_used_mib": 43594.0, "gpu_mem_total_mib": 49140.0, "gpu_power_w": 111.01, "process_present": true, "process_mem_mib": 43094.0, "process_mem_share_percent": 87.6963776963777, "process_util_available": true, "process_util_backend": "nvml", "process_sm_util_percent": 17.0, "process_mem_util_percent": 5.0}
{"timestamp_unix": 1772442851.7117424, "pid": 118465, "device_index": 0, "gpu_uuid": "GPU-6f954bfd-7081-31b7-f15c-f9a174bf4d7f", "gpu_util_percent": 34.0, "gpu_mem_util_percent": 12.0, "gpu_mem_used_mib": 44782.0, "gpu_mem_total_mib": 49140.0, "gpu_power_w": 111.01, "process_present": true, "process_mem_mib": 44282.0, "process_mem_share_percent": 90.11396011396012, "process_util_available": true, "process_util_backend": "nvml", "process_sm_util_percent": 30.0, "process_mem_util_percent": 9.0}
{"timestamp_unix": 1772442852.0055587, "pid": 118465, "device_index": 0, "gpu_uuid": "GPU-6f954bfd-7081-31b7-f15c-f9a174bf4d7f", "gpu_util_percent": 33.0, "gpu_mem_util_percent": 10.0, "gpu_mem_used_mib": 44782.0, "gpu_mem_total_mib": 49140.0, "gpu_power_w": 107.86, "process_present": true, "process_mem_mib": 44282.0, "process_mem_share_percent": 90.11396011396012, "process_util_available": true, "process_util_backend": "nvml", "process_sm_util_percent": 17.0, "process_mem_util_percent": 5.0}
{"timestamp_unix": 1772442852.3018084, "pid": 118465, "device_index": 0, "gpu_uuid": "GPU-6f954bfd-7081-31b7-f15c-f9a174bf4d7f", "gpu_util_percent": 33.0, "gpu_mem_util_percent": 10.0, "gpu_mem_used_mib": 44782.0, "gpu_mem_total_mib": 49140.0, "gpu_power_w": 107.83, "process_present": true, "process_mem_mib": 44282.0, "process_mem_share_percent": 90.11396011396012, "process_util_available": true, "process_util_backend": "nvml", "process_sm_util_percent": 33.0, "process_mem_util_percent": 10.0}
{"timestamp_unix": 1772442852.5921705, "pid": 118465, "device_index": 0, "gpu_uuid": "GPU-6f954bfd-7081-31b7-f15c-f9a174bf4d7f", "gpu_util_percent": 33.0, "gpu_mem_util_percent": 10.0, "gpu_mem_used_mib": 44782.0, "gpu_mem_total_mib": 49140.0, "gpu_power_w": 107.83, "process_present": true, "process_mem_mib": 44282.0, "process_mem_share_percent": 90.11396011396012, "process_util_available": true, "process_util_backend": "nvml", "process_sm_util_percent": 33.0, "process_mem_util_percent": 10.0}
{"timestamp_unix": 1772442852.9014041, "pid": 118465, "device_index": 0, "gpu_uuid": "GPU-6f954bfd-7081-31b7-f15c-f9a174bf4d7f", "gpu_util_percent": 35.0, "gpu_mem_util_percent": 11.0, "gpu_mem_used_mib": 44782.0, "gpu_mem_total_mib": 49140.0, "gpu_power_w": 111.07, "process_present": true, "process_mem_mib": 44282.0, "process_mem_share_percent": 90.11396011396012, "process_util_available": true, "process_util_backend": "nvml", "process_sm_util_percent": 34.0, "process_mem_util_percent": 10.0}
{"timestamp_unix": 1772442853.2003736, "pid": 118465, "device_index": 0, "gpu_uuid": "GPU-6f954bfd-7081-31b7-f15c-f9a174bf4d7f", "gpu_util_percent": 35.0, "gpu_mem_util_percent": 11.0, "gpu_mem_used_mib": 46126.0, "gpu_mem_total_mib": 49140.0, "gpu_power_w": 111.07, "process_present": true, "process_mem_mib": 45626.0, "process_mem_share_percent": 92.84900284900284, "process_util_available": true, "process_util_backend": "nvml", "process_sm_util_percent": 33.0, "process_mem_util_percent": 10.0}
{"timestamp_unix": 1772442853.5023026, "pid": 118465, "device_index": 0, "gpu_uuid": "GPU-6f954bfd-7081-31b7-f15c-f9a174bf4d7f", "gpu_util_percent": 35.0, "gpu_mem_util_percent": 11.0, "gpu_mem_used_mib": 46126.0, "gpu_mem_total_mib": 49140.0, "gpu_power_w": 111.88, "process_present": true, "process_mem_mib": 45626.0, "process_mem_share_percent": 92.84900284900284, "process_util_available": true, "process_util_backend": "nvml", "process_sm_util_percent": 32.0, "process_mem_util_percent": 10.0}
{"timestamp_unix": 1772442853.7940185, "pid": 118465, "device_index": 0, "gpu_uuid": "GPU-6f954bfd-7081-31b7-f15c-f9a174bf4d7f", "gpu_util_percent": 33.0, "gpu_mem_util_percent": 11.0, "gpu_mem_used_mib": 46126.0, "gpu_mem_total_mib": 49140.0, "gpu_power_w": 112.08, "process_present": true, "process_mem_mib": 45626.0, "process_mem_share_percent": 92.84900284900284, "process_util_available": true, "process_util_backend": "nvml", "process_sm_util_percent": 32.0, "process_mem_util_percent": 10.0}
{"timestamp_unix": 1772442854.0872896, "pid": 118465, "device_index": 0, "gpu_uuid": "GPU-6f954bfd-7081-31b7-f15c-f9a174bf4d7f", "gpu_util_percent": 33.0, "gpu_mem_util_percent": 11.0, "gpu_mem_used_mib": 46126.0, "gpu_mem_total_mib": 49140.0, "gpu_power_w": 112.08, "process_present": true, "process_mem_mib": 45626.0, "process_mem_share_percent": 92.84900284900284, "process_util_available": true, "process_util_backend": "nvml", "process_sm_util_percent": 32.0, "process_mem_util_percent": 11.0}
{"timestamp_unix": 1772442854.378289, "pid": 118465, "device_index": 0, "gpu_uuid": "GPU-6f954bfd-7081-31b7-f15c-f9a174bf4d7f", "gpu_util_percent": 33.0, "gpu_mem_util_percent": 11.0, "gpu_mem_used_mib": 46125.0, "gpu_mem_total_mib": 49140.0, "gpu_power_w": 112.27, "process_present": true, "process_mem_mib": 45626.0, "process_mem_share_percent": 92.84900284900284, "process_util_available": true, "process_util_backend": "nvml", "process_sm_util_percent": 32.0, "process_mem_util_percent": 10.0}
{"timestamp_unix": 1772442854.6722343, "pid": 118465, "device_index": 0, "gpu_uuid": "GPU-6f954bfd-7081-31b7-f15c-f9a174bf4d7f", "gpu_util_percent": 33.0, "gpu_mem_util_percent": 11.0, "gpu_mem_used_mib": 47565.0, "gpu_mem_total_mib": 49140.0, "gpu_power_w": 112.27, "process_present": true, "process_mem_mib": 47066.0, "process_mem_share_percent": 95.77940577940578, "process_util_available": true, "process_util_backend": "nvml", "process_sm_util_percent": 33.0, "process_mem_util_percent": 11.0}
{"timestamp_unix": 1772442854.9684732, "pid": 118465, "device_index": 0, "gpu_uuid": "GPU-6f954bfd-7081-31b7-f15c-f9a174bf4d7f", "gpu_util_percent": 33.0, "gpu_mem_util_percent": 11.0, "gpu_mem_used_mib": 47565.0, "gpu_mem_total_mib": 49140.0, "gpu_power_w": 113.11, "process_present": true, "process_mem_mib": 47066.0, "process_mem_share_percent": 95.77940577940578, "process_util_available": true, "process_util_backend": "nvml", "process_sm_util_percent": 33.0, "process_mem_util_percent": 11.0}
{"timestamp_unix": 1772442855.2606225, "pid": 118465, "device_index": 0, "gpu_uuid": "GPU-6f954bfd-7081-31b7-f15c-f9a174bf4d7f", "gpu_util_percent": 33.0, "gpu_mem_util_percent": 11.0, "gpu_mem_used_mib": 47564.0, "gpu_mem_total_mib": 49140.0, "gpu_power_w": 113.11, "process_present": true, "process_mem_mib": 47094.0, "process_mem_share_percent": 95.83638583638584, "process_util_available": true, "process_util_backend": "nvml", "process_sm_util_percent": 33.0, "process_mem_util_percent": 10.0}
{"timestamp_unix": 1772442855.5678935, "pid": 118465, "device_index": 0, "gpu_uuid": "GPU-6f954bfd-7081-31b7-f15c-f9a174bf4d7f", "gpu_util_percent": 33.0, "gpu_mem_util_percent": 11.0, "gpu_mem_used_mib": 47728.0, "gpu_mem_total_mib": 49140.0, "gpu_power_w": 113.26, "process_present": true, "process_mem_mib": 47230.0, "process_mem_share_percent": 96.11314611314612, "process_util_available": true, "process_util_backend": "nvml", "process_sm_util_percent": 32.0, "process_mem_util_percent": 10.0}
{"timestamp_unix": 1772442855.8754184, "pid": 118465, "device_index": 0, "gpu_uuid": "GPU-6f954bfd-7081-31b7-f15c-f9a174bf4d7f", "gpu_util_percent": 14.0, "gpu_mem_util_percent": 1.0, "gpu_mem_used_mib": 45744.0, "gpu_mem_total_mib": 49140.0, "gpu_power_w": 105.22, "process_present": true, "process_mem_mib": 43582.0, "process_mem_share_percent": 88.68945868945869, "process_util_available": true, "process_util_backend": "nvml", "process_sm_util_percent": null, "process_mem_util_percent": null}
{"timestamp_unix": 1772442856.1809301, "pid": 118465, "device_index": 0, "gpu_uuid": "GPU-6f954bfd-7081-31b7-f15c-f9a174bf4d7f", "gpu_util_percent": 14.0, "gpu_mem_util_percent": 1.0, "gpu_mem_used_mib": 43689.0, "gpu_mem_total_mib": 49140.0, "gpu_power_w": 105.22, "process_present": true, "process_mem_mib": 43192.0, "process_mem_share_percent": 87.89580789580789, "process_util_available": true, "process_util_backend": "nvml", "process_sm_util_percent": 53.0, "process_mem_util_percent": 10.0}
{"timestamp_unix": 1772442856.4733677, "pid": 118465, "device_index": 0, "gpu_uuid": "GPU-6f954bfd-7081-31b7-f15c-f9a174bf4d7f", "gpu_util_percent": 14.0, "gpu_mem_util_percent": 1.0, "gpu_mem_used_mib": 43689.0, "gpu_mem_total_mib": 49140.0, "gpu_power_w": 108.29, "process_present": true, "process_mem_mib": 43192.0, "process_mem_share_percent": 87.89580789580789, "process_util_available": true, "process_util_backend": "nvml", "process_sm_util_percent": 42.0, "process_mem_util_percent": 25.0}
{"timestamp_unix": 1772442856.769739, "pid": 118465, "device_index": 0, "gpu_uuid": "GPU-6f954bfd-7081-31b7-f15c-f9a174bf4d7f", "gpu_util_percent": 14.0, "gpu_mem_util_percent": 1.0, "gpu_mem_used_mib": 43689.0, "gpu_mem_total_mib": 49140.0, "gpu_power_w": 108.29, "process_present": true, "process_mem_mib": 43192.0, "process_mem_share_percent": 87.89580789580789, "process_util_available": true, "process_util_backend": "nvml", "process_sm_util_percent": 43.0, "process_mem_util_percent": 27.0}
{"timestamp_unix": 1772442857.0611975, "pid": 118465, "device_index": 0, "gpu_uuid": "GPU-6f954bfd-7081-31b7-f15c-f9a174bf4d7f", "gpu_util_percent": 41.0, "gpu_mem_util_percent": 25.0, "gpu_mem_used_mib": 43689.0, "gpu_mem_total_mib": 49140.0, "gpu_power_w": 132.2, "process_present": true, "process_mem_mib": 43192.0, "process_mem_share_percent": 87.89580789580789, "process_util_available": true, "process_util_backend": "nvml", "process_sm_util_percent": 42.0, "process_mem_util_percent": 25.0}
{"timestamp_unix": 1772442857.3548403, "pid": 118465, "device_index": 0, "gpu_uuid": "GPU-6f954bfd-7081-31b7-f15c-f9a174bf4d7f", "gpu_util_percent": 41.0, "gpu_mem_util_percent": 25.0, "gpu_mem_used_mib": 43745.0, "gpu_mem_total_mib": 49140.0, "gpu_power_w": 153.98, "process_present": true, "process_mem_mib": 43304.0, "process_mem_share_percent": 88.12372812372813, "process_util_available": true, "process_util_backend": "nvml", "process_sm_util_percent": 42.0, "process_mem_util_percent": 26.0}
{"timestamp_unix": 1772442857.6487584, "pid": 118465, "device_index": 0, "gpu_uuid": "GPU-6f954bfd-7081-31b7-f15c-f9a174bf4d7f", "gpu_util_percent": 41.0, "gpu_mem_util_percent": 25.0, "gpu_mem_used_mib": 43801.0, "gpu_mem_total_mib": 49140.0, "gpu_power_w": 153.98, "process_present": true, "process_mem_mib": 43304.0, "process_mem_share_percent": 88.12372812372813, "process_util_available": true, "process_util_backend": "nvml", "process_sm_util_percent": 41.0, "process_mem_util_percent": 24.0}
{"timestamp_unix": 1772442857.9418027, "pid": 118465, "device_index": 0, "gpu_uuid": "GPU-6f954bfd-7081-31b7-f15c-f9a174bf4d7f", "gpu_util_percent": 42.0, "gpu_mem_util_percent": 25.0, "gpu_mem_used_mib": 43805.0, "gpu_mem_total_mib": 49140.0, "gpu_power_w": 153.07, "process_present": true, "process_mem_mib": 43304.0, "process_mem_share_percent": 88.12372812372813, "process_util_available": true, "process_util_backend": "nvml", "process_sm_util_percent": 42.0, "process_mem_util_percent": 24.0}
{"timestamp_unix": 1772442858.251819, "pid": 118465, "device_index": 0, "gpu_uuid": "GPU-6f954bfd-7081-31b7-f15c-f9a174bf4d7f", "gpu_util_percent": 42.0, "gpu_mem_util_percent": 25.0, "gpu_mem_used_mib": 43805.0, "gpu_mem_total_mib": 49140.0, "gpu_power_w": 153.07, "process_present": true, "process_mem_mib": 43304.0, "process_mem_share_percent": 88.12372812372813, "process_util_available": true, "process_util_backend": "nvml", "process_sm_util_percent": 42.0, "process_mem_util_percent": 25.0}
{"timestamp_unix": 1772442858.5511644, "pid": 118465, "device_index": 0, "gpu_uuid": "GPU-6f954bfd-7081-31b7-f15c-f9a174bf4d7f", "gpu_util_percent": 42.0, "gpu_mem_util_percent": 25.0, "gpu_mem_used_mib": 43805.0, "gpu_mem_total_mib": 49140.0, "gpu_power_w": 152.83, "process_present": true, "process_mem_mib": 43304.0, "process_mem_share_percent": 88.12372812372813, "process_util_available": true, "process_util_backend": "nvml", "process_sm_util_percent": 41.0, "process_mem_util_percent": 24.0}
{"timestamp_unix": 1772442858.8522596, "pid": 118465, "device_index": 0, "gpu_uuid": "GPU-6f954bfd-7081-31b7-f15c-f9a174bf4d7f", "gpu_util_percent": 42.0, "gpu_mem_util_percent": 24.0, "gpu_mem_used_mib": 43805.0, "gpu_mem_total_mib": 49140.0, "gpu_power_w": 152.82, "process_present": true, "process_mem_mib": 43304.0, "process_mem_share_percent": 88.12372812372813, "process_util_available": true, "process_util_backend": "nvml", "process_sm_util_percent": 41.0, "process_mem_util_percent": 24.0}
{"timestamp_unix": 1772442859.1453123, "pid": 118465, "device_index": 0, "gpu_uuid": "GPU-6f954bfd-7081-31b7-f15c-f9a174bf4d7f", "gpu_util_percent": 42.0, "gpu_mem_util_percent": 24.0, "gpu_mem_used_mib": 43800.0, "gpu_mem_total_mib": 49140.0, "gpu_power_w": 152.82, "process_present": true, "process_mem_mib": 43304.0, "process_mem_share_percent": 88.12372812372813, "process_util_available": true, "process_util_backend": "nvml", "process_sm_util_percent": 42.0, "process_mem_util_percent": 25.0}
{"timestamp_unix": 1772442859.4394293, "pid": 118465, "device_index": 0, "gpu_uuid": "GPU-6f954bfd-7081-31b7-f15c-f9a174bf4d7f", "gpu_util_percent": 42.0, "gpu_mem_util_percent": 24.0, "gpu_mem_used_mib": 43800.0, "gpu_mem_total_mib": 49140.0, "gpu_power_w": 152.5, "process_present": true, "process_mem_mib": 43304.0, "process_mem_share_percent": 88.12372812372813, "process_util_available": true, "process_util_backend": "nvml", "process_sm_util_percent": 41.0, "process_mem_util_percent": 24.0}
{"timestamp_unix": 1772442859.7324066, "pid": 118465, "device_index": 0, "gpu_uuid": "GPU-6f954bfd-7081-31b7-f15c-f9a174bf4d7f", "gpu_util_percent": 42.0, "gpu_mem_util_percent": 24.0, "gpu_mem_used_mib": 43800.0, "gpu_mem_total_mib": 49140.0, "gpu_power_w": 152.5, "process_present": true, "process_mem_mib": 43304.0, "process_mem_share_percent": 88.12372812372813, "process_util_available": true, "process_util_backend": "nvml", "process_sm_util_percent": 32.0, "process_mem_util_percent": 13.0}
{"timestamp_unix": 1772442860.0239043, "pid": 118465, "device_index": 0, "gpu_uuid": "GPU-6f954bfd-7081-31b7-f15c-f9a174bf4d7f", "gpu_util_percent": 34.0, "gpu_mem_util_percent": 13.0, "gpu_mem_used_mib": 43798.0, "gpu_mem_total_mib": 49140.0, "gpu_power_w": 147.67, "process_present": true, "process_mem_mib": 43304.0, "process_mem_share_percent": 88.12372812372813, "process_util_available": true, "process_util_backend": "nvml", "process_sm_util_percent": 32.0, "process_mem_util_percent": 12.0}
{"timestamp_unix": 1772442860.3192601, "pid": 118465, "device_index": 0, "gpu_uuid": "GPU-6f954bfd-7081-31b7-f15c-f9a174bf4d7f", "gpu_util_percent": 34.0, "gpu_mem_util_percent": 13.0, "gpu_mem_used_mib": 43798.0, "gpu_mem_total_mib": 49140.0, "gpu_power_w": 140.62, "process_present": true, "process_mem_mib": 43304.0, "process_mem_share_percent": 88.12372812372813, "process_util_available": true, "process_util_backend": "nvml", "process_sm_util_percent": 32.0, "process_mem_util_percent": 12.0}
{"timestamp_unix": 1772442860.6101856, "pid": 118465, "device_index": 0, "gpu_uuid": "GPU-6f954bfd-7081-31b7-f15c-f9a174bf4d7f", "gpu_util_percent": 34.0, "gpu_mem_util_percent": 13.0, "gpu_mem_used_mib": 43798.0, "gpu_mem_total_mib": 49140.0, "gpu_power_w": 140.62, "process_present": true, "process_mem_mib": 43304.0, "process_mem_share_percent": 88.12372812372813, "process_util_available": true, "process_util_backend": "nvml", "process_sm_util_percent": 33.0, "process_mem_util_percent": 12.0}
{"timestamp_unix": 1772442860.927761, "pid": 118465, "device_index": 0, "gpu_uuid": "GPU-6f954bfd-7081-31b7-f15c-f9a174bf4d7f", "gpu_util_percent": 33.0, "gpu_mem_util_percent": 13.0, "gpu_mem_used_mib": 43798.0, "gpu_mem_total_mib": 49140.0, "gpu_power_w": 135.95, "process_present": true, "process_mem_mib": 43304.0, "process_mem_share_percent": 88.12372812372813, "process_util_available": true, "process_util_backend": "nvml", "process_sm_util_percent": 31.0, "process_mem_util_percent": 11.0}
{"timestamp_unix": 1772442861.234387, "pid": 118465, "device_index": 0, "gpu_uuid": "GPU-6f954bfd-7081-31b7-f15c-f9a174bf4d7f", "gpu_util_percent": 33.0, "gpu_mem_util_percent": 13.0, "gpu_mem_used_mib": 43798.0, "gpu_mem_total_mib": 49140.0, "gpu_power_w": 135.95, "process_present": true, "process_mem_mib": 43304.0, "process_mem_share_percent": 88.12372812372813, "process_util_available": true, "process_util_backend": "nvml", "process_sm_util_percent": 32.0, "process_mem_util_percent": 11.0}
{"timestamp_unix": 1772442861.5359044, "pid": 118465, "device_index": 0, "gpu_uuid": "GPU-6f954bfd-7081-31b7-f15c-f9a174bf4d7f", "gpu_util_percent": 33.0, "gpu_mem_util_percent": 13.0, "gpu_mem_used_mib": 43798.0, "gpu_mem_total_mib": 49140.0, "gpu_power_w": 135.44, "process_present": true, "process_mem_mib": 43304.0, "process_mem_share_percent": 88.12372812372813, "process_util_available": true, "process_util_backend": "nvml", "process_sm_util_percent": 33.0, "process_mem_util_percent": 11.0}
{"timestamp_unix": 1772442861.8329103, "pid": 118465, "device_index": 0, "gpu_uuid": "GPU-6f954bfd-7081-31b7-f15c-f9a174bf4d7f", "gpu_util_percent": 31.0, "gpu_mem_util_percent": 10.0, "gpu_mem_used_mib": 43798.0, "gpu_mem_total_mib": 49140.0, "gpu_power_w": 122.13, "process_present": true, "process_mem_mib": 43304.0, "process_mem_share_percent": 88.12372812372813, "process_util_available": true, "process_util_backend": "nvml", "process_sm_util_percent": 26.0, "process_mem_util_percent": 7.0}
{"timestamp_unix": 1772442862.1267195, "pid": 118465, "device_index": 0, "gpu_uuid": "GPU-6f954bfd-7081-31b7-f15c-f9a174bf4d7f", "gpu_util_percent": 31.0, "gpu_mem_util_percent": 10.0, "gpu_mem_used_mib": 44502.0, "gpu_mem_total_mib": 49140.0, "gpu_power_w": 122.13, "process_present": true, "process_mem_mib": 44776.0, "process_mem_share_percent": 91.11925111925112, "process_util_available": true, "process_util_backend": "nvml", "process_sm_util_percent": 32.0, "process_mem_util_percent": 11.0}
{"timestamp_unix": 1772442862.4228542, "pid": 118465, "device_index": 0, "gpu_uuid": "GPU-6f954bfd-7081-31b7-f15c-f9a174bf4d7f", "gpu_util_percent": 31.0, "gpu_mem_util_percent": 10.0, "gpu_mem_used_mib": 45270.0, "gpu_mem_total_mib": 49140.0, "gpu_power_w": 112.22, "process_present": true, "process_mem_mib": 44776.0, "process_mem_share_percent": 91.11925111925112, "process_util_available": true, "process_util_backend": "nvml", "process_sm_util_percent": 30.0, "process_mem_util_percent": 11.0}
{"timestamp_unix": 1772442862.7310016, "pid": 118465, "device_index": 0, "gpu_uuid": "GPU-6f954bfd-7081-31b7-f15c-f9a174bf4d7f", "gpu_util_percent": 31.0, "gpu_mem_util_percent": 10.0, "gpu_mem_used_mib": 45270.0, "gpu_mem_total_mib": 49140.0, "gpu_power_w": 112.22, "process_present": true, "process_mem_mib": 44776.0, "process_mem_share_percent": 91.11925111925112, "process_util_available": true, "process_util_backend": "nvml", "process_sm_util_percent": 31.0, "process_mem_util_percent": 11.0}
{"timestamp_unix": 1772442863.025223, "pid": 118465, "device_index": 0, "gpu_uuid": "GPU-6f954bfd-7081-31b7-f15c-f9a174bf4d7f", "gpu_util_percent": 32.0, "gpu_mem_util_percent": 11.0, "gpu_mem_used_mib": 45270.0, "gpu_mem_total_mib": 49140.0, "gpu_power_w": 112.76, "process_present": true, "process_mem_mib": 44776.0, "process_mem_share_percent": 91.11925111925112, "process_util_available": true, "process_util_backend": "nvml", "process_sm_util_percent": 16.0, "process_mem_util_percent": 5.0}
{"timestamp_unix": 1772442863.3222256, "pid": 118465, "device_index": 0, "gpu_uuid": "GPU-6f954bfd-7081-31b7-f15c-f9a174bf4d7f", "gpu_util_percent": 32.0, "gpu_mem_util_percent": 11.0, "gpu_mem_used_mib": 45270.0, "gpu_mem_total_mib": 49140.0, "gpu_power_w": 113.64, "process_present": true, "process_mem_mib": 44776.0, "process_mem_share_percent": 91.11925111925112, "process_util_available": true, "process_util_backend": "nvml", "process_sm_util_percent": 30.0, "process_mem_util_percent": 11.0}
{"timestamp_unix": 1772442863.617258, "pid": 118465, "device_index": 0, "gpu_uuid": "GPU-6f954bfd-7081-31b7-f15c-f9a174bf4d7f", "gpu_util_percent": 32.0, "gpu_mem_util_percent": 11.0, "gpu_mem_used_mib": 45271.0, "gpu_mem_total_mib": 49140.0, "gpu_power_w": 113.64, "process_present": true, "process_mem_mib": 46360.0, "process_mem_share_percent": 94.34269434269434, "process_util_available": true, "process_util_backend": "nvml", "process_sm_util_percent": 31.0, "process_mem_util_percent": 11.0}
{"timestamp_unix": 1772442863.929254, "pid": 118465, "device_index": 0, "gpu_uuid": "GPU-6f954bfd-7081-31b7-f15c-f9a174bf4d7f", "gpu_util_percent": 32.0, "gpu_mem_util_percent": 13.0, "gpu_mem_used_mib": 46855.0, "gpu_mem_total_mib": 49140.0, "gpu_power_w": 113.7, "process_present": true, "process_mem_mib": 46360.0, "process_mem_share_percent": 94.34269434269434, "process_util_available": true, "process_util_backend": "nvml", "process_sm_util_percent": 31.0, "process_mem_util_percent": 12.0}
{"timestamp_unix": 1772442864.234737, "pid": 118465, "device_index": 0, "gpu_uuid": "GPU-6f954bfd-7081-31b7-f15c-f9a174bf4d7f", "gpu_util_percent": 32.0, "gpu_mem_util_percent": 13.0, "gpu_mem_used_mib": 46855.0, "gpu_mem_total_mib": 49140.0, "gpu_power_w": 113.7, "process_present": true, "process_mem_mib": 46360.0, "process_mem_share_percent": 94.34269434269434, "process_util_available": true, "process_util_backend": "nvml", "process_sm_util_percent": 32.0, "process_mem_util_percent": 11.0}
{"timestamp_unix": 1772442864.537038, "pid": 118465, "device_index": 0, "gpu_uuid": "GPU-6f954bfd-7081-31b7-f15c-f9a174bf4d7f", "gpu_util_percent": 32.0, "gpu_mem_util_percent": 13.0, "gpu_mem_used_mib": 46855.0, "gpu_mem_total_mib": 49140.0, "gpu_power_w": 114.11, "process_present": true, "process_mem_mib": 46360.0, "process_mem_share_percent": 94.34269434269434, "process_util_available": true, "process_util_backend": "nvml", "process_sm_util_percent": 32.0, "process_mem_util_percent": 11.0}
{"timestamp_unix": 1772442864.838558, "pid": 118465, "device_index": 0, "gpu_uuid": "GPU-6f954bfd-7081-31b7-f15c-f9a174bf4d7f", "gpu_util_percent": 36.0, "gpu_mem_util_percent": 12.0, "gpu_mem_used_mib": 46855.0, "gpu_mem_total_mib": 49140.0, "gpu_power_w": 114.7, "process_present": true, "process_mem_mib": 46360.0, "process_mem_share_percent": 94.34269434269434, "process_util_available": true, "process_util_backend": "nvml", "process_sm_util_percent": 34.0, "process_mem_util_percent": 11.0}
{"timestamp_unix": 1772442865.1365576, "pid": 118465, "device_index": 0, "gpu_uuid": "GPU-6f954bfd-7081-31b7-f15c-f9a174bf4d7f", "gpu_util_percent": 36.0, "gpu_mem_util_percent": 12.0, "gpu_mem_used_mib": 48245.0, "gpu_mem_total_mib": 49140.0, "gpu_power_w": 114.7, "process_present": true, "process_mem_mib": 46348.0, "process_mem_share_percent": 94.31827431827432, "process_util_available": true, "process_util_backend": "nvml", "process_sm_util_percent": 34.0, "process_mem_util_percent": 11.0}
{"timestamp_unix": 1772442865.4351044, "pid": 118465, "device_index": 0, "gpu_uuid": "GPU-6f954bfd-7081-31b7-f15c-f9a174bf4d7f", "gpu_util_percent": 36.0, "gpu_mem_util_percent": 12.0, "gpu_mem_used_mib": 41729.0, "gpu_mem_total_mib": 49140.0, "gpu_power_w": 113.15, "process_present": true, "process_mem_mib": 41476.0, "process_mem_share_percent": 84.40374440374441, "process_util_available": true, "process_util_backend": "nvml", "process_sm_util_percent": null, "process_mem_util_percent": null}
{"timestamp_unix": 1772442865.7267473, "pid": 118465, "device_index": 0, "gpu_uuid": "GPU-6f954bfd-7081-31b7-f15c-f9a174bf4d7f", "gpu_util_percent": 36.0, "gpu_mem_util_percent": 12.0, "gpu_mem_used_mib": 43513.0, "gpu_mem_total_mib": 49140.0, "gpu_power_w": 113.15, "process_present": true, "process_mem_mib": 43266.0, "process_mem_share_percent": 88.04639804639804, "process_util_available": true, "process_util_backend": "nvml", "process_sm_util_percent": 29.0, "process_mem_util_percent": 9.0}
{"timestamp_unix": 1772442866.0197642, "pid": 118465, "device_index": 0, "gpu_uuid": "GPU-6f954bfd-7081-31b7-f15c-f9a174bf4d7f", "gpu_util_percent": 29.0, "gpu_mem_util_percent": 9.0, "gpu_mem_used_mib": 45003.0, "gpu_mem_total_mib": 49140.0, "gpu_power_w": 118.19, "process_present": true, "process_mem_mib": 44508.0, "process_mem_share_percent": 90.57387057387058, "process_util_available": true, "process_util_backend": "nvml", "process_sm_util_percent": 14.0, "process_mem_util_percent": 4.0}
{"timestamp_unix": 1772442866.3109272, "pid": 118465, "device_index": 0, "gpu_uuid": "GPU-6f954bfd-7081-31b7-f15c-f9a174bf4d7f", "gpu_util_percent": 29.0, "gpu_mem_util_percent": 9.0, "gpu_mem_used_mib": 45991.0, "gpu_mem_total_mib": 49140.0, "gpu_power_w": 117.75, "process_present": true, "process_mem_mib": 46338.0, "process_mem_share_percent": 94.2979242979243, "process_util_available": true, "process_util_backend": "nvml", "process_sm_util_percent": null, "process_mem_util_percent": null}
{"timestamp_unix": 1772442866.6059003, "pid": 118465, "device_index": 0, "gpu_uuid": "GPU-6f954bfd-7081-31b7-f15c-f9a174bf4d7f", "gpu_util_percent": 29.0, "gpu_mem_util_percent": 9.0, "gpu_mem_used_mib": 46833.0, "gpu_mem_total_mib": 49140.0, "gpu_power_w": 117.75, "process_present": true, "process_mem_mib": 46338.0, "process_mem_share_percent": 94.2979242979243, "process_util_available": true, "process_util_backend": "nvml", "process_sm_util_percent": 20.0, "process_mem_util_percent": 12.0}
{"timestamp_unix": 1772442866.9139879, "pid": 118465, "device_index": 0, "gpu_uuid": "GPU-6f954bfd-7081-31b7-f15c-f9a174bf4d7f", "gpu_util_percent": 44.0, "gpu_mem_util_percent": 28.0, "gpu_mem_used_mib": 46833.0, "gpu_mem_total_mib": 49140.0, "gpu_power_w": 130.16, "process_present": true, "process_mem_mib": 46338.0, "process_mem_share_percent": 94.2979242979243, "process_util_available": true, "process_util_backend": "nvml", "process_sm_util_percent": 44.0, "process_mem_util_percent": 28.0}
{"timestamp_unix": 1772442867.2179422, "pid": 118465, "device_index": 0, "gpu_uuid": "GPU-6f954bfd-7081-31b7-f15c-f9a174bf4d7f", "gpu_util_percent": 44.0, "gpu_mem_util_percent": 28.0, "gpu_mem_used_mib": 46965.0, "gpu_mem_total_mib": 49140.0, "gpu_power_w": 130.16, "process_present": true, "process_mem_mib": 46470.0, "process_mem_share_percent": 94.56654456654456, "process_util_available": true, "process_util_backend": "nvml", "process_sm_util_percent": null, "process_mem_util_percent": null}
{"timestamp_unix": 1772442867.5222075, "pid": 118465, "device_index": 0, "gpu_uuid": "GPU-6f954bfd-7081-31b7-f15c-f9a174bf4d7f", "gpu_util_percent": 44.0, "gpu_mem_util_percent": 28.0, "gpu_mem_used_mib": 46965.0, "gpu_mem_total_mib": 49140.0, "gpu_power_w": 148.41, "process_present": true, "process_mem_mib": 46470.0, "process_mem_share_percent": 94.56654456654456, "process_util_available": true, "process_util_backend": "nvml", "process_sm_util_percent": 44.0, "process_mem_util_percent": 27.0}
{"timestamp_unix": 1772442867.8349004, "pid": 118465, "device_index": 0, "gpu_uuid": "GPU-6f954bfd-7081-31b7-f15c-f9a174bf4d7f", "gpu_util_percent": 44.0, "gpu_mem_util_percent": 27.0, "gpu_mem_used_mib": 46965.0, "gpu_mem_total_mib": 49140.0, "gpu_power_w": 159.35, "process_present": true, "process_mem_mib": 46470.0, "process_mem_share_percent": 94.56654456654456, "process_util_available": true, "process_util_backend": "nvml", "process_sm_util_percent": 46.0, "process_mem_util_percent": 28.0}
{"timestamp_unix": 1772442868.129188, "pid": 118465, "device_index": 0, "gpu_uuid": "GPU-6f954bfd-7081-31b7-f15c-f9a174bf4d7f", "gpu_util_percent": 44.0, "gpu_mem_util_percent": 27.0, "gpu_mem_used_mib": 46961.0, "gpu_mem_total_mib": 49140.0, "gpu_power_w": 159.35, "process_present": true, "process_mem_mib": 46470.0, "process_mem_share_percent": 94.56654456654456, "process_util_available": true, "process_util_backend": "nvml", "process_sm_util_percent": 44.0, "process_mem_util_percent": 29.0}
{"timestamp_unix": 1772442868.427535, "pid": 118465, "device_index": 0, "gpu_uuid": "GPU-6f954bfd-7081-31b7-f15c-f9a174bf4d7f", "gpu_util_percent": 44.0, "gpu_mem_util_percent": 27.0, "gpu_mem_used_mib": 46961.0, "gpu_mem_total_mib": 49140.0, "gpu_power_w": 158.93, "process_present": true, "process_mem_mib": 46470.0, "process_mem_share_percent": 94.56654456654456, "process_util_available": true, "process_util_backend": "nvml", "process_sm_util_percent": 43.0, "process_mem_util_percent": 27.0}
{"timestamp_unix": 1772442868.723146, "pid": 118465, "device_index": 0, "gpu_uuid": "GPU-6f954bfd-7081-31b7-f15c-f9a174bf4d7f", "gpu_util_percent": 44.0, "gpu_mem_util_percent": 27.0, "gpu_mem_used_mib": 46961.0, "gpu_mem_total_mib": 49140.0, "gpu_power_w": 158.93, "process_present": true, "process_mem_mib": 46470.0, "process_mem_share_percent": 94.56654456654456, "process_util_available": true, "process_util_backend": "nvml", "process_sm_util_percent": 43.0, "process_mem_util_percent": 28.0}
{"timestamp_unix": 1772442869.0163856, "pid": 118465, "device_index": 0, "gpu_uuid": "GPU-6f954bfd-7081-31b7-f15c-f9a174bf4d7f", "gpu_util_percent": 43.0, "gpu_mem_util_percent": 28.0, "gpu_mem_used_mib": 46961.0, "gpu_mem_total_mib": 49140.0, "gpu_power_w": 158.24, "process_present": true, "process_mem_mib": 46470.0, "process_mem_share_percent": 94.56654456654456, "process_util_available": true, "process_util_backend": "nvml", "process_sm_util_percent": 43.0, "process_mem_util_percent": 27.0}
{"timestamp_unix": 1772442869.3087242, "pid": 118465, "device_index": 0, "gpu_uuid": "GPU-6f954bfd-7081-31b7-f15c-f9a174bf4d7f", "gpu_util_percent": 43.0, "gpu_mem_util_percent": 28.0, "gpu_mem_used_mib": 46961.0, "gpu_mem_total_mib": 49140.0, "gpu_power_w": 157.81, "process_present": true, "process_mem_mib": 46470.0, "process_mem_share_percent": 94.56654456654456, "process_util_available": true, "process_util_backend": "nvml", "process_sm_util_percent": 43.0, "process_mem_util_percent": 26.0}
{"timestamp_unix": 1772442869.6032772, "pid": 118465, "device_index": 0, "gpu_uuid": "GPU-6f954bfd-7081-31b7-f15c-f9a174bf4d7f", "gpu_util_percent": 43.0, "gpu_mem_util_percent": 28.0, "gpu_mem_used_mib": 46961.0, "gpu_mem_total_mib": 49140.0, "gpu_power_w": 157.81, "process_present": true, "process_mem_mib": 46470.0, "process_mem_share_percent": 94.56654456654456, "process_util_available": true, "process_util_backend": "nvml", "process_sm_util_percent": 43.0, "process_mem_util_percent": 27.0}
{"timestamp_unix": 1772442869.9127932, "pid": 118465, "device_index": 0, "gpu_uuid": "GPU-6f954bfd-7081-31b7-f15c-f9a174bf4d7f", "gpu_util_percent": 45.0, "gpu_mem_util_percent": 28.0, "gpu_mem_used_mib": 46961.0, "gpu_mem_total_mib": 49140.0, "gpu_power_w": 157.32, "process_present": true, "process_mem_mib": 46470.0, "process_mem_share_percent": 94.56654456654456, "process_util_available": true, "process_util_backend": "nvml", "process_sm_util_percent": 44.0, "process_mem_util_percent": 28.0}
{"timestamp_unix": 1772442870.2195804, "pid": 118465, "device_index": 0, "gpu_uuid": "GPU-6f954bfd-7081-31b7-f15c-f9a174bf4d7f", "gpu_util_percent": 45.0, "gpu_mem_util_percent": 28.0, "gpu_mem_used_mib": 46970.0, "gpu_mem_total_mib": 49140.0, "gpu_power_w": 157.32, "process_present": true, "process_mem_mib": 46470.0, "process_mem_share_percent": 94.56654456654456, "process_util_available": true, "process_util_backend": "nvml", "process_sm_util_percent": 45.0, "process_mem_util_percent": 26.0}
{"timestamp_unix": 1772442870.5285056, "pid": 118465, "device_index": 0, "gpu_uuid": "GPU-6f954bfd-7081-31b7-f15c-f9a174bf4d7f", "gpu_util_percent": 45.0, "gpu_mem_util_percent": 28.0, "gpu_mem_used_mib": 46970.0, "gpu_mem_total_mib": 49140.0, "gpu_power_w": 157.46, "process_present": true, "process_mem_mib": 46470.0, "process_mem_share_percent": 94.56654456654456, "process_util_available": true, "process_util_backend": "nvml", "process_sm_util_percent": 42.0, "process_mem_util_percent": 27.0}
{"timestamp_unix": 1772442870.8224902, "pid": 118465, "device_index": 0, "gpu_uuid": "GPU-6f954bfd-7081-31b7-f15c-f9a174bf4d7f", "gpu_util_percent": 43.0, "gpu_mem_util_percent": 27.0, "gpu_mem_used_mib": 46970.0, "gpu_mem_total_mib": 49140.0, "gpu_power_w": 156.99, "process_present": true, "process_mem_mib": 46470.0, "process_mem_share_percent": 94.56654456654456, "process_util_available": true, "process_util_backend": "nvml", "process_sm_util_percent": 42.0, "process_mem_util_percent": 26.0}
{"timestamp_unix": 1772442871.1151505, "pid": 118465, "device_index": 0, "gpu_uuid": "GPU-6f954bfd-7081-31b7-f15c-f9a174bf4d7f", "gpu_util_percent": 43.0, "gpu_mem_util_percent": 27.0, "gpu_mem_used_mib": 46970.0, "gpu_mem_total_mib": 49140.0, "gpu_power_w": 156.99, "process_present": true, "process_mem_mib": 46470.0, "process_mem_share_percent": 94.56654456654456, "process_util_available": true, "process_util_backend": "nvml", "process_sm_util_percent": 42.0, "process_mem_util_percent": 25.0}
{"timestamp_unix": 1772442871.4070284, "pid": 118465, "device_index": 0, "gpu_uuid": "GPU-6f954bfd-7081-31b7-f15c-f9a174bf4d7f", "gpu_util_percent": 43.0, "gpu_mem_util_percent": 27.0, "gpu_mem_used_mib": 46970.0, "gpu_mem_total_mib": 49140.0, "gpu_power_w": 156.35, "process_present": true, "process_mem_mib": 46470.0, "process_mem_share_percent": 94.56654456654456, "process_util_available": true, "process_util_backend": "nvml", "process_sm_util_percent": 38.0, "process_mem_util_percent": 20.0}
{"timestamp_unix": 1772442871.7020288, "pid": 118465, "device_index": 0, "gpu_uuid": "GPU-6f954bfd-7081-31b7-f15c-f9a174bf4d7f", "gpu_util_percent": 43.0, "gpu_mem_util_percent": 27.0, "gpu_mem_used_mib": 46970.0, "gpu_mem_total_mib": 49140.0, "gpu_power_w": 156.35, "process_present": true, "process_mem_mib": 46470.0, "process_mem_share_percent": 94.56654456654456, "process_util_available": true, "process_util_backend": "nvml", "process_sm_util_percent": 31.0, "process_mem_util_percent": 13.0}
{"timestamp_unix": 1772442871.9921994, "pid": 118465, "device_index": 0, "gpu_uuid": "GPU-6f954bfd-7081-31b7-f15c-f9a174bf4d7f", "gpu_util_percent": 33.0, "gpu_mem_util_percent": 14.0, "gpu_mem_used_mib": 46970.0, "gpu_mem_total_mib": 49140.0, "gpu_power_w": 148.63, "process_present": true, "process_mem_mib": 46470.0, "process_mem_share_percent": 94.56654456654456, "process_util_available": true, "process_util_backend": "nvml", "process_sm_util_percent": 16.0, "process_mem_util_percent": 6.0}
{"timestamp_unix": 1772442872.2839675, "pid": 118465, "device_index": 0, "gpu_uuid": "GPU-6f954bfd-7081-31b7-f15c-f9a174bf4d7f", "gpu_util_percent": 33.0, "gpu_mem_util_percent": 14.0, "gpu_mem_used_mib": 46969.0, "gpu_mem_total_mib": 49140.0, "gpu_power_w": 131.65, "process_present": true, "process_mem_mib": 46470.0, "process_mem_share_percent": 94.56654456654456, "process_util_available": true, "process_util_backend": "nvml", "process_sm_util_percent": null, "process_mem_util_percent": null}
