{"timestamp_unix": 1772442266.1262565, "pid": 109733, "device_index": 0, "gpu_uuid": "GPU-6f954bfd-7081-31b7-f15c-f9a174bf4d7f", "gpu_util_percent": 37.0, "gpu_mem_util_percent": 15.0, "gpu_mem_used_mib": 1008.0, "gpu_mem_total_mib": 49140.0, "gpu_power_w": 44.0, "process_present": true, "process_mem_mib": 500.0, "process_mem_share_percent": 1.0175010175010175, "process_util_available": true, "process_util_backend": "nvml", "process_sm_util_percent": null, "process_mem_util_percent": null}
{"timestamp_unix": 1772442266.4962685, "pid": 109733, "device_index": 0, "gpu_uuid": "GPU-6f954bfd-7081-31b7-f15c-f9a174bf4d7f", "gpu_util_percent": 37.0, "gpu_mem_util_percent": 15.0, "gpu_mem_used_mib": 1008.0, "gpu_mem_total_mib": 49140.0, "gpu_power_w": 55.0, "process_present": true, "process_mem_mib": 500.0, "process_mem_share_percent": 1.0175010175010175, "process_util_available": true, "process_util_backend": "nvml", "process_sm_util_percent": null, "process_mem_util_percent": null}
{"timestamp_unix": 1772442266.81882, "pid": 109733, "device_index": 0, "gpu_uuid": "GPU-6f954bfd-7081-31b7-f15c-f9a174bf4d7f", "gpu_util_percent": 14.0, "gpu_mem_util_percent": 1.0, "gpu_mem_used_mib": 1008.0, "gpu_mem_total_mib": 49140.0, "gpu_power_w": 70.52, "process_present": true, "process_mem_mib": 500.0, "process_mem_share_percent": 1.0175010175010175, "process_util_available": true, "process_util_backend": "nvml", "process_sm_util_percent": null, "process_mem_util_percent": null}
{"timestamp_unix": 1772442267.153559, "pid": 109733, "device_index": 0, "gpu_uuid": "GPU-6f954bfd-7081-31b7-f15c-f9a174bf4d7f", "gpu_util_percent": 14.0, "gpu_mem_util_percent": 1.0, "gpu_mem_used_mib": 1008.0, "gpu_mem_total_mib": 49140.0, "gpu_power_w": 70.52, "process_present": true, "process_mem_mib": 500.0, "process_mem_share_percent": 1.0175010175010175, "process_util_available": true, "process_util_backend": "nvml", "process_sm_util_percent": null, "process_mem_util_percent": null}
{"timestamp_unix": 1772442267.445703, "pid": 109733, "device_index": 0, "gpu_uuid": "GPU-6f954bfd-7081-31b7-f15c-f9a174bf4d7f", "gpu_util_percent": 14.0, "gpu_mem_util_percent": 1.0, "gpu_mem_used_mib": 1192.0, "gpu_mem_total_mib": 49140.0, "gpu_power_w": 78.45, "process_present": true, "process_mem_mib": 780.0, "process_mem_share_percent": 1.5873015873015872, "process_util_available": true, "process_util_backend": "nvml", "process_sm_util_percent": 17.0, "process_mem_util_percent": 1.0}
{"timestamp_unix": 1772442267.7429795, "pid": 109733, "device_index": 0, "gpu_uuid": "GPU-6f954bfd-7081-31b7-f15c-f9a174bf4d7f", "gpu_util_percent": 14.0, "gpu_mem_util_percent": 1.0, "gpu_mem_used_mib": 1446.0, "gpu_mem_total_mib": 49140.0, "gpu_power_w": 78.45, "process_present": true, "process_mem_mib": 1050.0, "process_mem_share_percent": 2.1367521367521367, "process_util_available": true, "process_util_backend": "nvml", "process_sm_util_percent": 23.0, "process_mem_util_percent": 1.0}
{"timestamp_unix": 1772442268.034731, "pid": 109733, "device_index": 0, "gpu_uuid": "GPU-6f954bfd-7081-31b7-f15c-f9a174bf4d7f", "gpu_util_percent": 24.0, "gpu_mem_util_percent": 1.0, "gpu_mem_used_mib": 1812.0, "gpu_mem_total_mib": 49140.0, "gpu_power_w": 82.04, "process_present": true, "process_mem_mib": 1360.0, "process_mem_share_percent": 2.7676027676027677, "process_util_available": true, "process_util_backend": "nvml", "process_sm_util_percent": null, "process_mem_util_percent": null}
{"timestamp_unix": 1772442268.3236167, "pid": 109733, "device_index": 0, "gpu_uuid": "GPU-6f954bfd-7081-31b7-f15c-f9a174bf4d7f", "gpu_util_percent": 24.0, "gpu_mem_util_percent": 1.0, "gpu_mem_used_mib": 3159.0, "gpu_mem_total_mib": 49140.0, "gpu_power_w": 84.63, "process_present": true, "process_mem_mib": 2892.0, "process_mem_share_percent": 5.885225885225885, "process_util_available": true, "process_util_backend": "nvml", "process_sm_util_percent": 21.0, "process_mem_util_percent": 2.0}
{"timestamp_unix": 1772442268.6110113, "pid": 109733, "device_index": 0, "gpu_uuid": "GPU-6f954bfd-7081-31b7-f15c-f9a174bf4d7f", "gpu_util_percent": 24.0, "gpu_mem_util_percent": 1.0, "gpu_mem_used_mib": 5127.0, "gpu_mem_total_mib": 49140.0, "gpu_power_w": 84.63, "process_present": true, "process_mem_mib": 4858.0, "process_mem_share_percent": 9.886039886039887, "process_util_available": true, "process_util_backend": "nvml", "process_sm_util_percent": 24.0, "process_mem_util_percent": 3.0}
{"timestamp_unix": 1772442268.9012034, "pid": 109733, "device_index": 0, "gpu_uuid": "GPU-6f954bfd-7081-31b7-f15c-f9a174bf4d7f", "gpu_util_percent": 25.0, "gpu_mem_util_percent": 4.0, "gpu_mem_used_mib": 7129.0, "gpu_mem_total_mib": 49140.0, "gpu_power_w": 87.94, "process_present": true, "process_mem_mib": 6896.0, "process_mem_share_percent": 14.033374033374033, "process_util_available": true, "process_util_backend": "nvml", "process_sm_util_percent": 24.0, "process_mem_util_percent": 4.0}
{"timestamp_unix": 1772442269.211191, "pid": 109733, "device_index": 0, "gpu_uuid": "GPU-6f954bfd-7081-31b7-f15c-f9a174bf4d7f", "gpu_util_percent": 25.0, "gpu_mem_util_percent": 4.0, "gpu_mem_used_mib": 9031.0, "gpu_mem_total_mib": 49140.0, "gpu_power_w": 87.94, "process_present": true, "process_mem_mib": 8776.0, "process_mem_share_percent": 17.859177859177862, "process_util_available": true, "process_util_backend": "nvml", "process_sm_util_percent": 23.0, "process_mem_util_percent": 3.0}
{"timestamp_unix": 1772442269.5167294, "pid": 109733, "device_index": 0, "gpu_uuid": "GPU-6f954bfd-7081-31b7-f15c-f9a174bf4d7f", "gpu_util_percent": 25.0, "gpu_mem_util_percent": 4.0, "gpu_mem_used_mib": 11211.0, "gpu_mem_total_mib": 49140.0, "gpu_power_w": 91.24, "process_present": true, "process_mem_mib": 11032.0, "process_mem_share_percent": 22.450142450142447, "process_util_available": true, "process_util_backend": "nvml", "process_sm_util_percent": 23.0, "process_mem_util_percent": 4.0}
{"timestamp_unix": 1772442269.8169568, "pid": 109733, "device_index": 0, "gpu_uuid": "GPU-6f954bfd-7081-31b7-f15c-f9a174bf4d7f", "gpu_util_percent": 26.0, "gpu_mem_util_percent": 5.0, "gpu_mem_used_mib": 13465.0, "gpu_mem_total_mib": 49140.0, "gpu_power_w": 91.54, "process_present": true, "process_mem_mib": 13234.0, "process_mem_share_percent": 26.931216931216934, "process_util_available": true, "process_util_backend": "nvml", "process_sm_util_percent": 12.0, "process_mem_util_percent": 2.0}
{"timestamp_unix": 1772442270.1062667, "pid": 109733, "device_index": 0, "gpu_uuid": "GPU-6f954bfd-7081-31b7-f15c-f9a174bf4d7f", "gpu_util_percent": 26.0, "gpu_mem_util_percent": 5.0, "gpu_mem_used_mib": 15873.0, "gpu_mem_total_mib": 49140.0, "gpu_power_w": 91.54, "process_present": true, "process_mem_mib": 15672.0, "process_mem_share_percent": 31.89255189255189, "process_util_available": true, "process_util_backend": "nvml", "process_sm_util_percent": 24.0, "process_mem_util_percent": 4.0}
{"timestamp_unix": 1772442270.3956292, "pid": 109733, "device_index": 0, "gpu_uuid": "GPU-6f954bfd-7081-31b7-f15c-f9a174bf4d7f", "gpu_util_percent": 26.0, "gpu_mem_util_percent": 5.0, "gpu_mem_used_mib": 18367.0, "gpu_mem_total_mib": 49140.0, "gpu_power_w": 91.77, "process_present": true, "process_mem_mib": 18164.0, "process_mem_share_percent": 36.963776963776965, "process_util_available": true, "process_util_backend": "nvml", "process_sm_util_percent": 25.0, "process_mem_util_percent": 4.0}
{"timestamp_unix": 1772442270.692652, "pid": 109733, "device_index": 0, "gpu_uuid": "GPU-6f954bfd-7081-31b7-f15c-f9a174bf4d7f", "gpu_util_percent": 26.0, "gpu_mem_util_percent": 5.0, "gpu_mem_used_mib": 20903.0, "gpu_mem_total_mib": 49140.0, "gpu_power_w": 91.77, "process_present": true, "process_mem_mib": 20748.0, "process_mem_share_percent": 42.22222222222222, "process_util_available": true, "process_util_backend": "nvml", "process_sm_util_percent": 25.0, "process_mem_util_percent": 4.0}
{"timestamp_unix": 1772442270.9892788, "pid": 109733, "device_index": 0, "gpu_uuid": "GPU-6f954bfd-7081-31b7-f15c-f9a174bf4d7f", "gpu_util_percent": 25.0, "gpu_mem_util_percent": 4.0, "gpu_mem_used_mib": 23589.0, "gpu_mem_total_mib": 49140.0, "gpu_power_w": 92.73, "process_present": true, "process_mem_mib": 23414.0, "process_mem_share_percent": 47.647537647537646, "process_util_available": true, "process_util_backend": "nvml", "process_sm_util_percent": 24.0, "process_mem_util_percent": 4.0}
{"timestamp_unix": 1772442271.2808046, "pid": 109733, "device_index": 0, "gpu_uuid": "GPU-6f954bfd-7081-31b7-f15c-f9a174bf4d7f", "gpu_util_percent": 25.0, "gpu_mem_util_percent": 4.0, "gpu_mem_used_mib": 26287.0, "gpu_mem_total_mib": 49140.0, "gpu_power_w": 93.1, "process_present": true, "process_mem_mib": 26128.0, "process_mem_share_percent": 53.170533170533176, "process_util_available": true, "process_util_backend": "nvml", "process_sm_util_percent": 25.0, "process_mem_util_percent": 4.0}
{"timestamp_unix": 1772442271.5734966, "pid": 109733, "device_index": 0, "gpu_uuid": "GPU-6f954bfd-7081-31b7-f15c-f9a174bf4d7f", "gpu_util_percent": 25.0, "gpu_mem_util_percent": 4.0, "gpu_mem_used_mib": 29088.0, "gpu_mem_total_mib": 49140.0, "gpu_power_w": 93.1, "process_present": true, "process_mem_mib": 28968.0, "process_mem_share_percent": 58.949938949938954, "process_util_available": true, "process_util_backend": "nvml", "process_sm_util_percent": 25.0, "process_mem_util_percent": 4.0}
{"timestamp_unix": 1772442271.8800519, "pid": 109733, "device_index": 0, "gpu_uuid": "GPU-6f954bfd-7081-31b7-f15c-f9a174bf4d7f", "gpu_util_percent": 25.0, "gpu_mem_util_percent": 5.0, "gpu_mem_used_mib": 31988.0, "gpu_mem_total_mib": 49140.0, "gpu_power_w": 92.97, "process_present": true, "process_mem_mib": 31874.0, "process_mem_share_percent": 64.86365486365486, "process_util_available": true, "process_util_backend": "nvml", "process_sm_util_percent": 24.0, "process_mem_util_percent": 4.0}
{"timestamp_unix": 1772442272.1891947, "pid": 109733, "device_index": 0, "gpu_uuid": "GPU-6f954bfd-7081-31b7-f15c-f9a174bf4d7f", "gpu_util_percent": 25.0, "gpu_mem_util_percent": 5.0, "gpu_mem_used_mib": 34950.0, "gpu_mem_total_mib": 49140.0, "gpu_power_w": 92.97, "process_present": true, "process_mem_mib": 34816.0, "process_mem_share_percent": 70.85063085063085, "process_util_available": true, "process_util_backend": "nvml", "process_sm_util_percent": 12.0, "process_mem_util_percent": 2.0}
{"timestamp_unix": 1772442272.4964128, "pid": 109733, "device_index": 0, "gpu_uuid": "GPU-6f954bfd-7081-31b7-f15c-f9a174bf4d7f", "gpu_util_percent": 25.0, "gpu_mem_util_percent": 5.0, "gpu_mem_used_mib": 38190.0, "gpu_mem_total_mib": 49140.0, "gpu_power_w": 93.19, "process_present": true, "process_mem_mib": 38102.0, "process_mem_share_percent": 77.53764753764753, "process_util_available": true, "process_util_backend": "nvml", "process_sm_util_percent": 24.0, "process_mem_util_percent": 4.0}
{"timestamp_unix": 1772442272.7908514, "pid": 109733, "device_index": 0, "gpu_uuid": "GPU-6f954bfd-7081-31b7-f15c-f9a174bf4d7f", "gpu_util_percent": 26.0, "gpu_mem_util_percent": 5.0, "gpu_mem_used_mib": 41476.0, "gpu_mem_total_mib": 49140.0, "gpu_power_w": 93.15, "process_present": true, "process_mem_mib": 41388.0, "process_mem_share_percent": 84.22466422466422, "process_util_available": true, "process_util_backend": "nvml", "process_sm_util_percent": 24.0, "process_mem_util_percent": 4.0}
{"timestamp_unix": 1772442273.0859146, "pid": 109733, "device_index": 0, "gpu_uuid": "GPU-6f954bfd-7081-31b7-f15c-f9a174bf4d7f", "gpu_util_percent": 26.0, "gpu_mem_util_percent": 5.0, "gpu_mem_used_mib": 44764.0, "gpu_mem_total_mib": 49140.0, "gpu_power_w": 93.15, "process_present": true, "process_mem_mib": 44652.0, "process_mem_share_percent": 90.86691086691087, "process_util_available": true, "process_util_backend": "nvml", "process_sm_util_percent": 24.0, "process_mem_util_percent": 5.0}
{"timestamp_unix": 1772442273.377305, "pid": 109733, "device_index": 0, "gpu_uuid": "GPU-6f954bfd-7081-31b7-f15c-f9a174bf4d7f", "gpu_util_percent": 26.0, "gpu_mem_util_percent": 5.0, "gpu_mem_used_mib": 45422.0, "gpu_mem_total_mib": 49140.0, "gpu_power_w": 92.39, "process_present": true, "process_mem_mib": 45102.0, "process_mem_share_percent": 91.78266178266178, "process_util_available": true, "process_util_backend": "nvml", "process_sm_util_percent": 9.0, "process_mem_util_percent": 0.0}
{"timestamp_unix": 1772442273.6693013, "pid": 109733, "device_index": 0, "gpu_uuid": "GPU-6f954bfd-7081-31b7-f15c-f9a174bf4d7f", "gpu_util_percent": 26.0, "gpu_mem_util_percent": 5.0, "gpu_mem_used_mib": 45604.0, "gpu_mem_total_mib": 49140.0, "gpu_power_w": 92.39, "process_present": true, "process_mem_mib": 45102.0, "process_mem_share_percent": 91.78266178266178, "process_util_available": true, "process_util_backend": "nvml", "process_sm_util_percent": 26.0, "process_mem_util_percent": 5.0}
{"timestamp_unix": 1772442273.9608283, "pid": 109733, "device_index": 0, "gpu_uuid": "GPU-6f954bfd-7081-31b7-f15c-f9a174bf4d7f", "gpu_util_percent": 27.0, "gpu_mem_util_percent": 5.0, "gpu_mem_used_mib": 45604.0, "gpu_mem_total_mib": 49140.0, "gpu_power_w": 91.83, "process_present": true, "process_mem_mib": 45102.0, "process_mem_share_percent": 91.78266178266178, "process_util_available": true, "process_util_backend": "nvml", "process_sm_util_percent": 27.0, "process_mem_util_percent": 5.0}
{"timestamp_unix": 1772442274.2556102, "pid": 109733, "device_index": 0, "gpu_uuid": "GPU-6f954bfd-7081-31b7-f15c-f9a174bf4d7f", "gpu_util_percent": 27.0, "gpu_mem_util_percent": 5.0, "gpu_mem_used_mib": 45608.0, "gpu_mem_total_mib": 49140.0, "gpu_power_w": 93.52, "process_present": true, "process_mem_mib": 45102.0, "process_mem_share_percent": 91.78266178266178, "process_util_available": true, "process_util_backend": "nvml", "process_sm_util_percent": 28.0, "process_mem_util_percent": 5.0}
{"timestamp_unix": 1772442274.5488274, "pid": 109733, "device_index": 0, "gpu_uuid": "GPU-6f954bfd-7081-31b7-f15c-f9a174bf4d7f", "gpu_util_percent": 27.0, "gpu_mem_util_percent": 5.0, "gpu_mem_used_mib": 45608.0, "gpu_mem_total_mib": 49140.0, "gpu_power_w": 93.52, "process_present": true, "process_mem_mib": 45102.0, "process_mem_share_percent": 91.78266178266178, "process_util_available": true, "process_util_backend": "nvml", "process_sm_util_percent": null, "process_mem_util_percent": null}
{"timestamp_unix": 1772442274.8525705, "pid": 109733, "device_index": 0, "gpu_uuid": "GPU-6f954bfd-7081-31b7-f15c-f9a174bf4d7f", "gpu_util_percent": 28.0, "gpu_mem_util_percent": 5.0, "gpu_mem_used_mib": 45608.0, "gpu_mem_total_mib": 49140.0, "gpu_power_w": 97.02, "process_present": true, "process_mem_mib": 45102.0, "process_mem_share_percent": 91.78266178266178, "process_util_available": true, "process_util_backend": "nvml", "process_sm_util_percent": 27.0, "process_mem_util_percent": 5.0}
{"timestamp_unix": 1772442275.151928, "pid": 109733, "device_index": 0, "gpu_uuid": "GPU-6f954bfd-7081-31b7-f15c-f9a174bf4d7f", "gpu_util_percent": 28.0, "gpu_mem_util_percent": 5.0, "gpu_mem_used_mib": 45608.0, "gpu_mem_total_mib": 49140.0, "gpu_power_w": 97.02, "process_present": true, "process_mem_mib": 45102.0, "process_mem_share_percent": 91.78266178266178, "process_util_available": true, "process_util_backend": "nvml", "process_sm_util_percent": 27.0, "process_mem_util_percent": 4.0}
{"timestamp_unix": 1772442275.4510574, "pid": 109733, "device_index": 0, "gpu_uuid": "GPU-6f954bfd-7081-31b7-f15c-f9a174bf4d7f", "gpu_util_percent": 28.0, "gpu_mem_util_percent": 5.0, "gpu_mem_used_mib": 45608.0, "gpu_mem_total_mib": 49140.0, "gpu_power_w": 96.85, "process_present": true, "process_mem_mib": 45102.0, "process_mem_share_percent": 91.78266178266178, "process_util_available": true, "process_util_backend": "nvml", "process_sm_util_percent": 28.0, "process_mem_util_percent": 4.0}
{"timestamp_unix": 1772442275.7611868, "pid": 109733, "device_index": 0, "gpu_uuid": "GPU-6f954bfd-7081-31b7-f15c-f9a174bf4d7f", "gpu_util_percent": 28.0, "gpu_mem_util_percent": 5.0, "gpu_mem_used_mib": 45608.0, "gpu_mem_total_mib": 49140.0, "gpu_power_w": 96.57, "process_present": true, "process_mem_mib": 45102.0, "process_mem_share_percent": 91.78266178266178, "process_util_available": true, "process_util_backend": "nvml", "process_sm_util_percent": 27.0, "process_mem_util_percent": 4.0}
{"timestamp_unix": 1772442276.0524228, "pid": 109733, "device_index": 0, "gpu_uuid": "GPU-6f954bfd-7081-31b7-f15c-f9a174bf4d7f", "gpu_util_percent": 28.0, "gpu_mem_util_percent": 5.0, "gpu_mem_used_mib": 45608.0, "gpu_mem_total_mib": 49140.0, "gpu_power_w": 96.57, "process_present": true, "process_mem_mib": 45102.0, "process_mem_share_percent": 91.78266178266178, "process_util_available": true, "process_util_backend": "nvml", "process_sm_util_percent": 27.0, "process_mem_util_percent": 4.0}
{"timestamp_unix": 1772442276.3439422, "pid": 109733, "device_index": 0, "gpu_uuid": "GPU-6f954bfd-7081-31b7-f15c-f9a174bf4d7f", "gpu_util_percent": 28.0, "gpu_mem_util_percent": 5.0, "gpu_mem_used_mib": 45608.0, "gpu_mem_total_mib": 49140.0, "gpu_power_w": 96.2, "process_present": true, "process_mem_mib": 45102.0, "process_mem_share_percent": 91.78266178266178, "process_util_available": true, "process_util_backend": "nvml", "process_sm_util_percent": null, "process_mem_util_percent": null}
{"timestamp_unix": 1772442276.6356, "pid": 109733, "device_index": 0, "gpu_uuid": "GPU-6f954bfd-7081-31b7-f15c-f9a174bf4d7f", "gpu_util_percent": 28.0, "gpu_mem_util_percent": 5.0, "gpu_mem_used_mib": 45608.0, "gpu_mem_total_mib": 49140.0, "gpu_power_w": 96.2, "process_present": true, "process_mem_mib": 45102.0, "process_mem_share_percent": 91.78266178266178, "process_util_available": true, "process_util_backend": "nvml", "process_sm_util_percent": null, "process_mem_util_percent": null}
{"timestamp_unix": 1772442276.925723, "pid": 109733, "device_index": 0, "gpu_uuid": "GPU-6f954bfd-7081-31b7-f15c-f9a174bf4d7f", "gpu_util_percent": 27.0, "gpu_mem_util_percent": 4.0, "gpu_mem_used_mib": 45608.0, "gpu_mem_total_mib": 49140.0, "gpu_power_w": 95.7, "process_present": true, "process_mem_mib": 45102.0, "process_mem_share_percent": 91.78266178266178, "process_util_available": true, "process_util_backend": "nvml", "process_sm_util_percent": null, "process_mem_util_percent": null}
{"timestamp_unix": 1772442277.2189791, "pid": 109733, "device_index": 0, "gpu_uuid": "GPU-6f954bfd-7081-31b7-f15c-f9a174bf4d7f", "gpu_util_percent": 27.0, "gpu_mem_util_percent": 4.0, "gpu_mem_used_mib": 45606.0, "gpu_mem_total_mib": 49140.0, "gpu_power_w": 95.7, "process_present": true, "process_mem_mib": 45102.0, "process_mem_share_percent": 91.78266178266178, "process_util_available": true, "process_util_backend": "nvml", "process_sm_util_percent": 25.0, "process_mem_util_percent": 3.0}
{"timestamp_unix": 1772442277.50959, "pid": 109733, "device_index": 0, "gpu_uuid": "GPU-6f954bfd-7081-31b7-f15c-f9a174bf4d7f", "gpu_util_percent": 27.0, "gpu_mem_util_percent": 4.0, "gpu_mem_used_mib": 45606.0, "gpu_mem_total_mib": 49140.0, "gpu_power_w": 95.22, "process_present": true, "process_mem_mib": 45102.0, "process_mem_share_percent": 91.78266178266178, "process_util_available": true, "process_util_backend": "nvml", "process_sm_util_percent": null, "process_mem_util_percent": null}
{"timestamp_unix": 1772442277.828132, "pid": 109733, "device_index": 0, "gpu_uuid": "GPU-6f954bfd-7081-31b7-f15c-f9a174bf4d7f", "gpu_util_percent": 26.0, "gpu_mem_util_percent": 4.0, "gpu_mem_used_mib": 45606.0, "gpu_mem_total_mib": 49140.0, "gpu_power_w": 94.86, "process_present": true, "process_mem_mib": 45102.0, "process_mem_share_percent": 91.78266178266178, "process_util_available": true, "process_util_backend": "nvml", "process_sm_util_percent": 13.0, "process_mem_util_percent": 1.0}
{"timestamp_unix": 1772442278.1516576, "pid": 109733, "device_index": 0, "gpu_uuid": "GPU-6f954bfd-7081-31b7-f15c-f9a174bf4d7f", "gpu_util_percent": 26.0, "gpu_mem_util_percent": 4.0, "gpu_mem_used_mib": 45607.0, "gpu_mem_total_mib": 49140.0, "gpu_power_w": 94.86, "process_present": true, "process_mem_mib": 45102.0, "process_mem_share_percent": 91.78266178266178, "process_util_available": true, "process_util_backend": "nvml", "process_sm_util_percent": null, "process_mem_util_percent": null}
{"timestamp_unix": 1772442278.442545, "pid": 109733, "device_index": 0, "gpu_uuid": "GPU-6f954bfd-7081-31b7-f15c-f9a174bf4d7f", "gpu_util_percent": 26.0, "gpu_mem_util_percent": 4.0, "gpu_mem_used_mib": 45608.0, "gpu_mem_total_mib": 49140.0, "gpu_power_w": 94.52, "process_present": true, "process_mem_mib": 45102.0, "process_mem_share_percent": 91.78266178266178, "process_util_available": true, "process_util_backend": "nvml", "process_sm_util_percent": 13.0, "process_mem_util_percent": 1.0}
{"timestamp_unix": 1772442278.739982, "pid": 109733, "device_index": 0, "gpu_uuid": "GPU-6f954bfd-7081-31b7-f15c-f9a174bf4d7f", "gpu_util_percent": 26.0, "gpu_mem_util_percent": 4.0, "gpu_mem_used_mib": 45608.0, "gpu_mem_total_mib": 49140.0, "gpu_power_w": 94.52, "process_present": true, "process_mem_mib": 45102.0, "process_mem_share_percent": 91.78266178266178, "process_util_available": true, "process_util_backend": "nvml", "process_sm_util_percent": 25.0, "process_mem_util_percent": 3.0}
{"timestamp_unix": 1772442279.0402696, "pid": 109733, "device_index": 0, "gpu_uuid": "GPU-6f954bfd-7081-31b7-f15c-f9a174bf4d7f", "gpu_util_percent": 26.0, "gpu_mem_util_percent": 3.0, "gpu_mem_used_mib": 45608.0, "gpu_mem_total_mib": 49140.0, "gpu_power_w": 94.05, "process_present": true, "process_mem_mib": 45102.0, "process_mem_share_percent": 91.78266178266178, "process_util_available": true, "process_util_backend": "nvml", "process_sm_util_percent": 11.0, "process_mem_util_percent": 1.0}
{"timestamp_unix": 1772442279.3350067, "pid": 109733, "device_index": 0, "gpu_uuid": "GPU-6f954bfd-7081-31b7-f15c-f9a174bf4d7f", "gpu_util_percent": 26.0, "gpu_mem_util_percent": 3.0, "gpu_mem_used_mib": 45605.0, "gpu_mem_total_mib": 49140.0, "gpu_power_w": 93.52, "process_present": true, "process_mem_mib": 45102.0, "process_mem_share_percent": 91.78266178266178, "process_util_available": true, "process_util_backend": "nvml", "process_sm_util_percent": 27.0, "process_mem_util_percent": 5.0}
{"timestamp_unix": 1772442279.6298368, "pid": 109733, "device_index": 0, "gpu_uuid": "GPU-6f954bfd-7081-31b7-f15c-f9a174bf4d7f", "gpu_util_percent": 26.0, "gpu_mem_util_percent": 3.0, "gpu_mem_used_mib": 45605.0, "gpu_mem_total_mib": 49140.0, "gpu_power_w": 93.52, "process_present": true, "process_mem_mib": 45102.0, "process_mem_share_percent": 91.78266178266178, "process_util_available": true, "process_util_backend": "nvml", "process_sm_util_percent": 25.0, "process_mem_util_percent": 5.0}
{"timestamp_unix": 1772442279.9233725, "pid": 109733, "device_index": 0, "gpu_uuid": "GPU-6f954bfd-7081-31b7-f15c-f9a174bf4d7f", "gpu_util_percent": 26.0, "gpu_mem_util_percent": 5.0, "gpu_mem_used_mib": 45605.0, "gpu_mem_total_mib": 49140.0, "gpu_power_w": 94.51, "process_present": true, "process_mem_mib": 45102.0, "process_mem_share_percent": 91.78266178266178, "process_util_available": true, "process_util_backend": "nvml", "process_sm_util_percent": 26.0, "process_mem_util_percent": 5.0}
{"timestamp_unix": 1772442280.229025, "pid": 109733, "device_index": 0, "gpu_uuid": "GPU-6f954bfd-7081-31b7-f15c-f9a174bf4d7f", "gpu_util_percent": 26.0, "gpu_mem_util_percent": 5.0, "gpu_mem_used_mib": 45605.0, "gpu_mem_total_mib": 49140.0, "gpu_power_w": 94.51, "process_present": true, "process_mem_mib": 45102.0, "process_mem_share_percent": 91.78266178266178, "process_util_available": true, "process_util_backend": "nvml", "process_sm_util_percent": 25.0, "process_mem_util_percent": 5.0}
{"timestamp_unix": 1772442280.5351157, "pid": 109733, "device_index": 0, "gpu_uuid": "GPU-6f954bfd-7081-31b7-f15c-f9a174bf4d7f", "gpu_util_percent": 26.0, "gpu_mem_util_percent": 5.0, "gpu_mem_used_mib": 45605.0, "gpu_mem_total_mib": 49140.0, "gpu_power_w": 96.32, "process_present": true, "process_mem_mib": 45102.0, "process_mem_share_percent": 91.78266178266178, "process_util_available": true, "process_util_backend": "nvml", "process_sm_util_percent": 25.0, "process_mem_util_percent": 5.0}
{"timestamp_unix": 1772442280.8386228, "pid": 109733, "device_index": 0, "gpu_uuid": "GPU-6f954bfd-7081-31b7-f15c-f9a174bf4d7f", "gpu_util_percent": 25.0, "gpu_mem_util_percent": 6.0, "gpu_mem_used_mib": 45605.0, "gpu_mem_total_mib": 49140.0, "gpu_power_w": 96.76, "process_present": true, "process_mem_mib": 45102.0, "process_mem_share_percent": 91.78266178266178, "process_util_available": true, "process_util_backend": "nvml", "process_sm_util_percent": 25.0, "process_mem_util_percent": 5.0}
{"timestamp_unix": 1772442281.1965473, "pid": 109733, "device_index": 0, "gpu_uuid": "GPU-6f954bfd-7081-31b7-f15c-f9a174bf4d7f", "gpu_util_percent": 25.0, "gpu_mem_util_percent": 6.0, "gpu_mem_used_mib": 45605.0, "gpu_mem_total_mib": 49140.0, "gpu_power_w": 96.76, "process_present": true, "process_mem_mib": 45102.0, "process_mem_share_percent": 91.78266178266178, "process_util_available": true, "process_util_backend": "nvml", "process_sm_util_percent": null, "process_mem_util_percent": null}
{"timestamp_unix": 1772442281.4929621, "pid": 109733, "device_index": 0, "gpu_uuid": "GPU-6f954bfd-7081-31b7-f15c-f9a174bf4d7f", "gpu_util_percent": 25.0, "gpu_mem_util_percent": 6.0, "gpu_mem_used_mib": 45605.0, "gpu_mem_total_mib": 49140.0, "gpu_power_w": 94.69, "process_present": true, "process_mem_mib": 45102.0, "process_mem_share_percent": 91.78266178266178, "process_util_available": true, "process_util_backend": "nvml", "process_sm_util_percent": null, "process_mem_util_percent": null}
{"timestamp_unix": 1772442281.7873719, "pid": 109733, "device_index": 0, "gpu_uuid": "GPU-6f954bfd-7081-31b7-f15c-f9a174bf4d7f", "gpu_util_percent": 24.0, "gpu_mem_util_percent": 6.0, "gpu_mem_used_mib": 45605.0, "gpu_mem_total_mib": 49140.0, "gpu_power_w": 95.02, "process_present": true, "process_mem_mib": 45102.0, "process_mem_share_percent": 91.78266178266178, "process_util_available": true, "process_util_backend": "nvml", "process_sm_util_percent": 25.0, "process_mem_util_percent": 5.0}
{"timestamp_unix": 1772442282.0783384, "pid": 109733, "device_index": 0, "gpu_uuid": "GPU-6f954bfd-7081-31b7-f15c-f9a174bf4d7f", "gpu_util_percent": 24.0, "gpu_mem_util_percent": 6.0, "gpu_mem_used_mib": 45605.0, "gpu_mem_total_mib": 49140.0, "gpu_power_w": 95.02, "process_present": true, "process_mem_mib": 45102.0, "process_mem_share_percent": 91.78266178266178, "process_util_available": true, "process_util_backend": "nvml", "process_sm_util_percent": 26.0, "process_mem_util_percent": 6.0}
{"timestamp_unix": 1772442282.3739057, "pid": 109733, "device_index": 0, "gpu_uuid": "GPU-6f954bfd-7081-31b7-f15c-f9a174bf4d7f", "gpu_util_percent": 24.0, "gpu_mem_util_percent": 6.0, "gpu_mem_used_mib": 45605.0, "gpu_mem_total_mib": 49140.0, "gpu_power_w": 97.37, "process_present": true, "process_mem_mib": 45102.0, "process_mem_share_percent": 91.78266178266178, "process_util_available": true, "process_util_backend": "nvml", "process_sm_util_percent": 27.0, "process_mem_util_percent": 6.0}
{"timestamp_unix": 1772442282.6678166, "pid": 109733, "device_index": 0, "gpu_uuid": "GPU-6f954bfd-7081-31b7-f15c-f9a174bf4d7f", "gpu_util_percent": 24.0, "gpu_mem_util_percent": 6.0, "gpu_mem_used_mib": 45605.0, "gpu_mem_total_mib": 49140.0, "gpu_power_w": 97.37, "process_present": true, "process_mem_mib": 45102.0, "process_mem_share_percent": 91.78266178266178, "process_util_available": true, "process_util_backend": "nvml", "process_sm_util_percent": 27.0, "process_mem_util_percent": 6.0}
{"timestamp_unix": 1772442282.9687269, "pid": 109733, "device_index": 0, "gpu_uuid": "GPU-6f954bfd-7081-31b7-f15c-f9a174bf4d7f", "gpu_util_percent": 26.0, "gpu_mem_util_percent": 6.0, "gpu_mem_used_mib": 45605.0, "gpu_mem_total_mib": 49140.0, "gpu_power_w": 98.33, "process_present": true, "process_mem_mib": 45120.0, "process_mem_share_percent": 91.81929181929182, "process_util_available": true, "process_util_backend": "nvml", "process_sm_util_percent": 27.0, "process_mem_util_percent": 6.0}
{"timestamp_unix": 1772442283.2795227, "pid": 109733, "device_index": 0, "gpu_uuid": "GPU-6f954bfd-7081-31b7-f15c-f9a174bf4d7f", "gpu_util_percent": 26.0, "gpu_mem_util_percent": 6.0, "gpu_mem_used_mib": 46421.0, "gpu_mem_total_mib": 49140.0, "gpu_power_w": 98.32, "process_present": true, "process_mem_mib": 45918.0, "process_mem_share_percent": 93.44322344322345, "process_util_available": true, "process_util_backend": "nvml", "process_sm_util_percent": 26.0, "process_mem_util_percent": 6.0}
{"timestamp_unix": 1772442283.584265, "pid": 109733, "device_index": 0, "gpu_uuid": "GPU-6f954bfd-7081-31b7-f15c-f9a174bf4d7f", "gpu_util_percent": 26.0, "gpu_mem_util_percent": 6.0, "gpu_mem_used_mib": 46602.0, "gpu_mem_total_mib": 49140.0, "gpu_power_w": 98.32, "process_present": true, "process_mem_mib": 46100.0, "process_mem_share_percent": 93.81359381359381, "process_util_available": true, "process_util_backend": "nvml", "process_sm_util_percent": 12.0, "process_mem_util_percent": 2.0}
{"timestamp_unix": 1772442283.8760583, "pid": 109733, "device_index": 0, "gpu_uuid": "GPU-6f954bfd-7081-31b7-f15c-f9a174bf4d7f", "gpu_util_percent": 27.0, "gpu_mem_util_percent": 6.0, "gpu_mem_used_mib": 46603.0, "gpu_mem_total_mib": 49140.0, "gpu_power_w": 94.87, "process_present": true, "process_mem_mib": 46100.0, "process_mem_share_percent": 93.81359381359381, "process_util_available": true, "process_util_backend": "nvml", "process_sm_util_percent": 29.0, "process_mem_util_percent": 6.0}
{"timestamp_unix": 1772442284.1704571, "pid": 109733, "device_index": 0, "gpu_uuid": "GPU-6f954bfd-7081-31b7-f15c-f9a174bf4d7f", "gpu_util_percent": 27.0, "gpu_mem_util_percent": 6.0, "gpu_mem_used_mib": 46607.0, "gpu_mem_total_mib": 49140.0, "gpu_power_w": 94.87, "process_present": true, "process_mem_mib": 46100.0, "process_mem_share_percent": 93.81359381359381, "process_util_available": true, "process_util_backend": "nvml", "process_sm_util_percent": 14.0, "process_mem_util_percent": 3.0}
{"timestamp_unix": 1772442284.4615104, "pid": 109733, "device_index": 0, "gpu_uuid": "GPU-6f954bfd-7081-31b7-f15c-f9a174bf4d7f", "gpu_util_percent": 27.0, "gpu_mem_util_percent": 6.0, "gpu_mem_used_mib": 46607.0, "gpu_mem_total_mib": 49140.0, "gpu_power_w": 95.01, "process_present": true, "process_mem_mib": 46100.0, "process_mem_share_percent": 93.81359381359381, "process_util_available": true, "process_util_backend": "nvml", "process_sm_util_percent": 27.0, "process_mem_util_percent": 5.0}
{"timestamp_unix": 1772442284.7570338, "pid": 109733, "device_index": 0, "gpu_uuid": "GPU-6f954bfd-7081-31b7-f15c-f9a174bf4d7f", "gpu_util_percent": 25.0, "gpu_mem_util_percent": 6.0, "gpu_mem_used_mib": 46607.0, "gpu_mem_total_mib": 49140.0, "gpu_power_w": 98.53, "process_present": true, "process_mem_mib": 46100.0, "process_mem_share_percent": 93.81359381359381, "process_util_available": true, "process_util_backend": "nvml", "process_sm_util_percent": 26.0, "process_mem_util_percent": 5.0}
{"timestamp_unix": 1772442285.0521715, "pid": 109733, "device_index": 0, "gpu_uuid": "GPU-6f954bfd-7081-31b7-f15c-f9a174bf4d7f", "gpu_util_percent": 25.0, "gpu_mem_util_percent": 6.0, "gpu_mem_used_mib": 46607.0, "gpu_mem_total_mib": 49140.0, "gpu_power_w": 98.53, "process_present": true, "process_mem_mib": 46100.0, "process_mem_share_percent": 93.81359381359381, "process_util_available": true, "process_util_backend": "nvml", "process_sm_util_percent": 26.0, "process_mem_util_percent": 5.0}
{"timestamp_unix": 1772442285.3460226, "pid": 109733, "device_index": 0, "gpu_uuid": "GPU-6f954bfd-7081-31b7-f15c-f9a174bf4d7f", "gpu_util_percent": 25.0, "gpu_mem_util_percent": 6.0, "gpu_mem_used_mib": 46607.0, "gpu_mem_total_mib": 49140.0, "gpu_power_w": 98.2, "process_present": true, "process_mem_mib": 46100.0, "process_mem_share_percent": 93.81359381359381, "process_util_available": true, "process_util_backend": "nvml", "process_sm_util_percent": 27.0, "process_mem_util_percent": 5.0}
{"timestamp_unix": 1772442285.6525464, "pid": 109733, "device_index": 0, "gpu_uuid": "GPU-6f954bfd-7081-31b7-f15c-f9a174bf4d7f", "gpu_util_percent": 25.0, "gpu_mem_util_percent": 6.0, "gpu_mem_used_mib": 46607.0, "gpu_mem_total_mib": 49140.0, "gpu_power_w": 98.2, "process_present": true, "process_mem_mib": 46100.0, "process_mem_share_percent": 93.81359381359381, "process_util_available": true, "process_util_backend": "nvml", "process_sm_util_percent": 26.0, "process_mem_util_percent": 5.0}
{"timestamp_unix": 1772442285.951021, "pid": 109733, "device_index": 0, "gpu_uuid": "GPU-6f954bfd-7081-31b7-f15c-f9a174bf4d7f", "gpu_util_percent": 26.0, "gpu_mem_util_percent": 6.0, "gpu_mem_used_mib": 46607.0, "gpu_mem_total_mib": 49140.0, "gpu_power_w": 97.87, "process_present": true, "process_mem_mib": 46100.0, "process_mem_share_percent": 93.81359381359381, "process_util_available": true, "process_util_backend": "nvml", "process_sm_util_percent": 26.0, "process_mem_util_percent": 5.0}
{"timestamp_unix": 1772442286.2630231, "pid": 109733, "device_index": 0, "gpu_uuid": "GPU-6f954bfd-7081-31b7-f15c-f9a174bf4d7f", "gpu_util_percent": 26.0, "gpu_mem_util_percent": 6.0, "gpu_mem_used_mib": 46607.0, "gpu_mem_total_mib": 49140.0, "gpu_power_w": 97.66, "process_present": true, "process_mem_mib": 46100.0, "process_mem_share_percent": 93.81359381359381, "process_util_available": true, "process_util_backend": "nvml", "process_sm_util_percent": 27.0, "process_mem_util_percent": 5.0}
{"timestamp_unix": 1772442286.5570025, "pid": 109733, "device_index": 0, "gpu_uuid": "GPU-6f954bfd-7081-31b7-f15c-f9a174bf4d7f", "gpu_util_percent": 26.0, "gpu_mem_util_percent": 6.0, "gpu_mem_used_mib": 46607.0, "gpu_mem_total_mib": 49140.0, "gpu_power_w": 97.66, "process_present": true, "process_mem_mib": 46100.0, "process_mem_share_percent": 93.81359381359381, "process_util_available": true, "process_util_backend": "nvml", "process_sm_util_percent": 27.0, "process_mem_util_percent": 5.0}
{"timestamp_unix": 1772442286.8478885, "pid": 109733, "device_index": 0, "gpu_uuid": "GPU-6f954bfd-7081-31b7-f15c-f9a174bf4d7f", "gpu_util_percent": 26.0, "gpu_mem_util_percent": 5.0, "gpu_mem_used_mib": 46607.0, "gpu_mem_total_mib": 49140.0, "gpu_power_w": 97.74, "process_present": true, "process_mem_mib": 46100.0, "process_mem_share_percent": 93.81359381359381, "process_util_available": true, "process_util_backend": "nvml", "process_sm_util_percent": 27.0, "process_mem_util_percent": 5.0}
{"timestamp_unix": 1772442287.1396408, "pid": 109733, "device_index": 0, "gpu_uuid": "GPU-6f954bfd-7081-31b7-f15c-f9a174bf4d7f", "gpu_util_percent": 26.0, "gpu_mem_util_percent": 5.0, "gpu_mem_used_mib": 46606.0, "gpu_mem_total_mib": 49140.0, "gpu_power_w": 97.74, "process_present": true, "process_mem_mib": 46100.0, "process_mem_share_percent": 93.81359381359381, "process_util_available": true, "process_util_backend": "nvml", "process_sm_util_percent": 26.0, "process_mem_util_percent": 5.0}
{"timestamp_unix": 1772442287.4333363, "pid": 109733, "device_index": 0, "gpu_uuid": "GPU-6f954bfd-7081-31b7-f15c-f9a174bf4d7f", "gpu_util_percent": 26.0, "gpu_mem_util_percent": 5.0, "gpu_mem_used_mib": 46606.0, "gpu_mem_total_mib": 49140.0, "gpu_power_w": 97.55, "process_present": true, "process_mem_mib": 46100.0, "process_mem_share_percent": 93.81359381359381, "process_util_available": true, "process_util_backend": "nvml", "process_sm_util_percent": 26.0, "process_mem_util_percent": 5.0}
{"timestamp_unix": 1772442287.7244015, "pid": 109733, "device_index": 0, "gpu_uuid": "GPU-6f954bfd-7081-31b7-f15c-f9a174bf4d7f", "gpu_util_percent": 26.0, "gpu_mem_util_percent": 5.0, "gpu_mem_used_mib": 46606.0, "gpu_mem_total_mib": 49140.0, "gpu_power_w": 97.55, "process_present": true, "process_mem_mib": 46100.0, "process_mem_share_percent": 93.81359381359381, "process_util_available": true, "process_util_backend": "nvml", "process_sm_util_percent": 26.0, "process_mem_util_percent": 5.0}
{"timestamp_unix": 1772442288.020399, "pid": 109733, "device_index": 0, "gpu_uuid": "GPU-6f954bfd-7081-31b7-f15c-f9a174bf4d7f", "gpu_util_percent": 25.0, "gpu_mem_util_percent": 5.0, "gpu_mem_used_mib": 46606.0, "gpu_mem_total_mib": 49140.0, "gpu_power_w": 97.04, "process_present": true, "process_mem_mib": 46100.0, "process_mem_share_percent": 93.81359381359381, "process_util_available": true, "process_util_backend": "nvml", "process_sm_util_percent": 26.0, "process_mem_util_percent": 4.0}
{"timestamp_unix": 1772442288.323512, "pid": 109733, "device_index": 0, "gpu_uuid": "GPU-6f954bfd-7081-31b7-f15c-f9a174bf4d7f", "gpu_util_percent": 25.0, "gpu_mem_util_percent": 5.0, "gpu_mem_used_mib": 46605.0, "gpu_mem_total_mib": 49140.0, "gpu_power_w": 96.63, "process_present": true, "process_mem_mib": 46100.0, "process_mem_share_percent": 93.81359381359381, "process_util_available": true, "process_util_backend": "nvml", "process_sm_util_percent": 25.0, "process_mem_util_percent": 4.0}
{"timestamp_unix": 1772442288.6292717, "pid": 109733, "device_index": 0, "gpu_uuid": "GPU-6f954bfd-7081-31b7-f15c-f9a174bf4d7f", "gpu_util_percent": 25.0, "gpu_mem_util_percent": 5.0, "gpu_mem_used_mib": 46605.0, "gpu_mem_total_mib": 49140.0, "gpu_power_w": 96.63, "process_present": true, "process_mem_mib": 46100.0, "process_mem_share_percent": 93.81359381359381, "process_util_available": true, "process_util_backend": "nvml", "process_sm_util_percent": 26.0, "process_mem_util_percent": 4.0}
{"timestamp_unix": 1772442288.9363413, "pid": 109733, "device_index": 0, "gpu_uuid": "GPU-6f954bfd-7081-31b7-f15c-f9a174bf4d7f", "gpu_util_percent": 25.0, "gpu_mem_util_percent": 4.0, "gpu_mem_used_mib": 46605.0, "gpu_mem_total_mib": 49140.0, "gpu_power_w": 96.32, "process_present": true, "process_mem_mib": 46100.0, "process_mem_share_percent": 93.81359381359381, "process_util_available": true, "process_util_backend": "nvml", "process_sm_util_percent": 26.0, "process_mem_util_percent": 4.0}
{"timestamp_unix": 1772442289.2359838, "pid": 109733, "device_index": 0, "gpu_uuid": "GPU-6f954bfd-7081-31b7-f15c-f9a174bf4d7f", "gpu_util_percent": 25.0, "gpu_mem_util_percent": 4.0, "gpu_mem_used_mib": 46606.0, "gpu_mem_total_mib": 49140.0, "gpu_power_w": 96.32, "process_present": true, "process_mem_mib": 46100.0, "process_mem_share_percent": 93.81359381359381, "process_util_available": true, "process_util_backend": "nvml", "process_sm_util_percent": 27.0, "process_mem_util_percent": 4.0}
{"timestamp_unix": 1772442289.5280883, "pid": 109733, "device_index": 0, "gpu_uuid": "GPU-6f954bfd-7081-31b7-f15c-f9a174bf4d7f", "gpu_util_percent": 25.0, "gpu_mem_util_percent": 4.0, "gpu_mem_used_mib": 46606.0, "gpu_mem_total_mib": 49140.0, "gpu_power_w": 96.1, "process_present": true, "process_mem_mib": 46100.0, "process_mem_share_percent": 93.81359381359381, "process_util_available": true, "process_util_backend": "nvml", "process_sm_util_percent": 20.0, "process_mem_util_percent": 3.0}
{"timestamp_unix": 1772442289.823252, "pid": 109733, "device_index": 0, "gpu_uuid": "GPU-6f954bfd-7081-31b7-f15c-f9a174bf4d7f", "gpu_util_percent": 25.0, "gpu_mem_util_percent": 6.0, "gpu_mem_used_mib": 46606.0, "gpu_mem_total_mib": 49140.0, "gpu_power_w": 95.46, "process_present": true, "process_mem_mib": 46100.0, "process_mem_share_percent": 93.81359381359381, "process_util_available": true, "process_util_backend": "nvml", "process_sm_util_percent": 26.0, "process_mem_util_percent": 5.0}
{"timestamp_unix": 1772442290.1190417, "pid": 109733, "device_index": 0, "gpu_uuid": "GPU-6f954bfd-7081-31b7-f15c-f9a174bf4d7f", "gpu_util_percent": 25.0, "gpu_mem_util_percent": 6.0, "gpu_mem_used_mib": 46606.0, "gpu_mem_total_mib": 49140.0, "gpu_power_w": 95.46, "process_present": true, "process_mem_mib": 46100.0, "process_mem_share_percent": 93.81359381359381, "process_util_available": true, "process_util_backend": "nvml", "process_sm_util_percent": 25.0, "process_mem_util_percent": 6.0}
{"timestamp_unix": 1772442290.410576, "pid": 109733, "device_index": 0, "gpu_uuid": "GPU-6f954bfd-7081-31b7-f15c-f9a174bf4d7f", "gpu_util_percent": 25.0, "gpu_mem_util_percent": 6.0, "gpu_mem_used_mib": 46606.0, "gpu_mem_total_mib": 49140.0, "gpu_power_w": 96.5, "process_present": true, "process_mem_mib": 46100.0, "process_mem_share_percent": 93.81359381359381, "process_util_available": true, "process_util_backend": "nvml", "process_sm_util_percent": 25.0, "process_mem_util_percent": 5.0}
{"timestamp_unix": 1772442290.7084098, "pid": 109733, "device_index": 0, "gpu_uuid": "GPU-6f954bfd-7081-31b7-f15c-f9a174bf4d7f", "gpu_util_percent": 25.0, "gpu_mem_util_percent": 6.0, "gpu_mem_used_mib": 46606.0, "gpu_mem_total_mib": 49140.0, "gpu_power_w": 96.5, "process_present": true, "process_mem_mib": 46100.0, "process_mem_share_percent": 93.81359381359381, "process_util_available": true, "process_util_backend": "nvml", "process_sm_util_percent": 25.0, "process_mem_util_percent": 6.0}
{"timestamp_unix": 1772442291.0151947, "pid": 109733, "device_index": 0, "gpu_uuid": "GPU-6f954bfd-7081-31b7-f15c-f9a174bf4d7f", "gpu_util_percent": 25.0, "gpu_mem_util_percent": 6.0, "gpu_mem_used_mib": 46606.0, "gpu_mem_total_mib": 49140.0, "gpu_power_w": 97.92, "process_present": true, "process_mem_mib": 46100.0, "process_mem_share_percent": 93.81359381359381, "process_util_available": true, "process_util_backend": "nvml", "process_sm_util_percent": 26.0, "process_mem_util_percent": 6.0}
{"timestamp_unix": 1772442291.3176277, "pid": 109733, "device_index": 0, "gpu_uuid": "GPU-6f954bfd-7081-31b7-f15c-f9a174bf4d7f", "gpu_util_percent": 25.0, "gpu_mem_util_percent": 6.0, "gpu_mem_used_mib": 46606.0, "gpu_mem_total_mib": 49140.0, "gpu_power_w": 98.23, "process_present": true, "process_mem_mib": 46100.0, "process_mem_share_percent": 93.81359381359381, "process_util_available": true, "process_util_backend": "nvml", "process_sm_util_percent": 26.0, "process_mem_util_percent": 6.0}
{"timestamp_unix": 1772442291.6169095, "pid": 109733, "device_index": 0, "gpu_uuid": "GPU-6f954bfd-7081-31b7-f15c-f9a174bf4d7f", "gpu_util_percent": 25.0, "gpu_mem_util_percent": 6.0, "gpu_mem_used_mib": 46606.0, "gpu_mem_total_mib": 49140.0, "gpu_power_w": 98.23, "process_present": true, "process_mem_mib": 46100.0, "process_mem_share_percent": 93.81359381359381, "process_util_available": true, "process_util_backend": "nvml", "process_sm_util_percent": 26.0, "process_mem_util_percent": 6.0}
{"timestamp_unix": 1772442291.9081767, "pid": 109733, "device_index": 0, "gpu_uuid": "GPU-6f954bfd-7081-31b7-f15c-f9a174bf4d7f", "gpu_util_percent": 25.0, "gpu_mem_util_percent": 6.0, "gpu_mem_used_mib": 46606.0, "gpu_mem_total_mib": 49140.0, "gpu_power_w": 99.12, "process_present": true, "process_mem_mib": 46100.0, "process_mem_share_percent": 93.81359381359381, "process_util_available": true, "process_util_backend": "nvml", "process_sm_util_percent": 26.0, "process_mem_util_percent": 6.0}
{"timestamp_unix": 1772442292.2079418, "pid": 109733, "device_index": 0, "gpu_uuid": "GPU-6f954bfd-7081-31b7-f15c-f9a174bf4d7f", "gpu_util_percent": 25.0, "gpu_mem_util_percent": 6.0, "gpu_mem_used_mib": 46606.0, "gpu_mem_total_mib": 49140.0, "gpu_power_w": 99.12, "process_present": true, "process_mem_mib": 46100.0, "process_mem_share_percent": 93.81359381359381, "process_util_available": true, "process_util_backend": "nvml", "process_sm_util_percent": 26.0, "process_mem_util_percent": 6.0}
{"timestamp_unix": 1772442292.5021963, "pid": 109733, "device_index": 0, "gpu_uuid": "GPU-6f954bfd-7081-31b7-f15c-f9a174bf4d7f", "gpu_util_percent": 25.0, "gpu_mem_util_percent": 6.0, "gpu_mem_used_mib": 46606.0, "gpu_mem_total_mib": 49140.0, "gpu_power_w": 99.79, "process_present": true, "process_mem_mib": 46100.0, "process_mem_share_percent": 93.81359381359381, "process_util_available": true, "process_util_backend": "nvml", "process_sm_util_percent": 26.0, "process_mem_util_percent": 7.0}
{"timestamp_unix": 1772442292.7929542, "pid": 109733, "device_index": 0, "gpu_uuid": "GPU-6f954bfd-7081-31b7-f15c-f9a174bf4d7f", "gpu_util_percent": 26.0, "gpu_mem_util_percent": 7.0, "gpu_mem_used_mib": 46606.0, "gpu_mem_total_mib": 49140.0, "gpu_power_w": 100.11, "process_present": true, "process_mem_mib": 46100.0, "process_mem_share_percent": 93.81359381359381, "process_util_available": true, "process_util_backend": "nvml", "process_sm_util_percent": 27.0, "process_mem_util_percent": 7.0}
{"timestamp_unix": 1772442293.0881555, "pid": 109733, "device_index": 0, "gpu_uuid": "GPU-6f954bfd-7081-31b7-f15c-f9a174bf4d7f", "gpu_util_percent": 26.0, "gpu_mem_util_percent": 7.0, "gpu_mem_used_mib": 46606.0, "gpu_mem_total_mib": 49140.0, "gpu_power_w": 100.11, "process_present": true, "process_mem_mib": 46100.0, "process_mem_share_percent": 93.81359381359381, "process_util_available": true, "process_util_backend": "nvml", "process_sm_util_percent": 27.0, "process_mem_util_percent": 7.0}
{"timestamp_unix": 1772442293.3827553, "pid": 109733, "device_index": 0, "gpu_uuid": "GPU-6f954bfd-7081-31b7-f15c-f9a174bf4d7f", "gpu_util_percent": 26.0, "gpu_mem_util_percent": 7.0, "gpu_mem_used_mib": 46604.0, "gpu_mem_total_mib": 49140.0, "gpu_power_w": 100.5, "process_present": true, "process_mem_mib": 46100.0, "process_mem_share_percent": 93.81359381359381, "process_util_available": true, "process_util_backend": "nvml", "process_sm_util_percent": 26.0, "process_mem_util_percent": 7.0}
{"timestamp_unix": 1772442293.6859176, "pid": 109733, "device_index": 0, "gpu_uuid": "GPU-6f954bfd-7081-31b7-f15c-f9a174bf4d7f", "gpu_util_percent": 26.0, "gpu_mem_util_percent": 7.0, "gpu_mem_used_mib": 47050.0, "gpu_mem_total_mib": 49140.0, "gpu_power_w": 100.5, "process_present": true, "process_mem_mib": 46546.0, "process_mem_share_percent": 94.72120472120473, "process_util_available": true, "process_util_backend": "nvml", "process_sm_util_percent": null, "process_mem_util_percent": null}
{"timestamp_unix": 1772442293.9866176, "pid": 109733, "device_index": 0, "gpu_uuid": "GPU-6f954bfd-7081-31b7-f15c-f9a174bf4d7f", "gpu_util_percent": 13.0, "gpu_mem_util_percent": 1.0, "gpu_mem_used_mib": 47244.0, "gpu_mem_total_mib": 49140.0, "gpu_power_w": 97.77, "process_present": true, "process_mem_mib": 46740.0, "process_mem_share_percent": 95.1159951159951, "process_util_available": true, "process_util_backend": "nvml", "process_sm_util_percent": 21.0, "process_mem_util_percent": 4.0}
{"timestamp_unix": 1772442294.286316, "pid": 109733, "device_index": 0, "gpu_uuid": "GPU-6f954bfd-7081-31b7-f15c-f9a174bf4d7f", "gpu_util_percent": 13.0, "gpu_mem_util_percent": 1.0, "gpu_mem_used_mib": 47244.0, "gpu_mem_total_mib": 49140.0, "gpu_power_w": 96.6, "process_present": true, "process_mem_mib": 46740.0, "process_mem_share_percent": 95.1159951159951, "process_util_available": true, "process_util_backend": "nvml", "process_sm_util_percent": 29.0, "process_mem_util_percent": 8.0}
{"timestamp_unix": 1772442294.5782125, "pid": 109733, "device_index": 0, "gpu_uuid": "GPU-6f954bfd-7081-31b7-f15c-f9a174bf4d7f", "gpu_util_percent": 13.0, "gpu_mem_util_percent": 1.0, "gpu_mem_used_mib": 47244.0, "gpu_mem_total_mib": 49140.0, "gpu_power_w": 96.6, "process_present": true, "process_mem_mib": 46740.0, "process_mem_share_percent": 95.1159951159951, "process_util_available": true, "process_util_backend": "nvml", "process_sm_util_percent": 28.0, "process_mem_util_percent": 7.0}
{"timestamp_unix": 1772442294.8733406, "pid": 109733, "device_index": 0, "gpu_uuid": "GPU-6f954bfd-7081-31b7-f15c-f9a174bf4d7f", "gpu_util_percent": 28.0, "gpu_mem_util_percent": 7.0, "gpu_mem_used_mib": 47244.0, "gpu_mem_total_mib": 49140.0, "gpu_power_w": 98.3, "process_present": true, "process_mem_mib": 46740.0, "process_mem_share_percent": 95.1159951159951, "process_util_available": true, "process_util_backend": "nvml", "process_sm_util_percent": 28.0, "process_mem_util_percent": 7.0}
{"timestamp_unix": 1772442295.1656113, "pid": 109733, "device_index": 0, "gpu_uuid": "GPU-6f954bfd-7081-31b7-f15c-f9a174bf4d7f", "gpu_util_percent": 28.0, "gpu_mem_util_percent": 7.0, "gpu_mem_used_mib": 47243.0, "gpu_mem_total_mib": 49140.0, "gpu_power_w": 98.3, "process_present": true, "process_mem_mib": 46740.0, "process_mem_share_percent": 95.1159951159951, "process_util_available": true, "process_util_backend": "nvml", "process_sm_util_percent": 28.0, "process_mem_util_percent": 7.0}
{"timestamp_unix": 1772442295.4572685, "pid": 109733, "device_index": 0, "gpu_uuid": "GPU-6f954bfd-7081-31b7-f15c-f9a174bf4d7f", "gpu_util_percent": 28.0, "gpu_mem_util_percent": 7.0, "gpu_mem_used_mib": 47243.0, "gpu_mem_total_mib": 49140.0, "gpu_power_w": 101.53, "process_present": true, "process_mem_mib": 46740.0, "process_mem_share_percent": 95.1159951159951, "process_util_available": true, "process_util_backend": "nvml", "process_sm_util_percent": 28.0, "process_mem_util_percent": 7.0}
{"timestamp_unix": 1772442295.7523484, "pid": 109733, "device_index": 0, "gpu_uuid": "GPU-6f954bfd-7081-31b7-f15c-f9a174bf4d7f", "gpu_util_percent": 28.0, "gpu_mem_util_percent": 7.0, "gpu_mem_used_mib": 47243.0, "gpu_mem_total_mib": 49140.0, "gpu_power_w": 101.32, "process_present": true, "process_mem_mib": 46740.0, "process_mem_share_percent": 95.1159951159951, "process_util_available": true, "process_util_backend": "nvml", "process_sm_util_percent": 28.0, "process_mem_util_percent": 7.0}
{"timestamp_unix": 1772442296.0453658, "pid": 109733, "device_index": 0, "gpu_uuid": "GPU-6f954bfd-7081-31b7-f15c-f9a174bf4d7f", "gpu_util_percent": 28.0, "gpu_mem_util_percent": 7.0, "gpu_mem_used_mib": 47243.0, "gpu_mem_total_mib": 49140.0, "gpu_power_w": 101.32, "process_present": true, "process_mem_mib": 46740.0, "process_mem_share_percent": 95.1159951159951, "process_util_available": true, "process_util_backend": "nvml", "process_sm_util_percent": 28.0, "process_mem_util_percent": 7.0}
{"timestamp_unix": 1772442296.352831, "pid": 109733, "device_index": 0, "gpu_uuid": "GPU-6f954bfd-7081-31b7-f15c-f9a174bf4d7f", "gpu_util_percent": 28.0, "gpu_mem_util_percent": 7.0, "gpu_mem_used_mib": 47243.0, "gpu_mem_total_mib": 49140.0, "gpu_power_w": 101.0, "process_present": true, "process_mem_mib": 46740.0, "process_mem_share_percent": 95.1159951159951, "process_util_available": true, "process_util_backend": "nvml", "process_sm_util_percent": 27.0, "process_mem_util_percent": 6.0}
{"timestamp_unix": 1772442296.6536784, "pid": 109733, "device_index": 0, "gpu_uuid": "GPU-6f954bfd-7081-31b7-f15c-f9a174bf4d7f", "gpu_util_percent": 28.0, "gpu_mem_util_percent": 7.0, "gpu_mem_used_mib": 47243.0, "gpu_mem_total_mib": 49140.0, "gpu_power_w": 101.0, "process_present": true, "process_mem_mib": 46740.0, "process_mem_share_percent": 95.1159951159951, "process_util_available": true, "process_util_backend": "nvml", "process_sm_util_percent": null, "process_mem_util_percent": null}
{"timestamp_unix": 1772442296.9584875, "pid": 109733, "device_index": 0, "gpu_uuid": "GPU-6f954bfd-7081-31b7-f15c-f9a174bf4d7f", "gpu_util_percent": 27.0, "gpu_mem_util_percent": 7.0, "gpu_mem_used_mib": 47243.0, "gpu_mem_total_mib": 49140.0, "gpu_power_w": 100.76, "process_present": true, "process_mem_mib": 46740.0, "process_mem_share_percent": 95.1159951159951, "process_util_available": true, "process_util_backend": "nvml", "process_sm_util_percent": 14.0, "process_mem_util_percent": 3.0}
{"timestamp_unix": 1772442297.2573273, "pid": 109733, "device_index": 0, "gpu_uuid": "GPU-6f954bfd-7081-31b7-f15c-f9a174bf4d7f", "gpu_util_percent": 27.0, "gpu_mem_util_percent": 7.0, "gpu_mem_used_mib": 47238.0, "gpu_mem_total_mib": 49140.0, "gpu_power_w": 100.12, "process_present": true, "process_mem_mib": 46740.0, "process_mem_share_percent": 95.1159951159951, "process_util_available": true, "process_util_backend": "nvml", "process_sm_util_percent": 26.0, "process_mem_util_percent": 6.0}
{"timestamp_unix": 1772442297.5522363, "pid": 109733, "device_index": 0, "gpu_uuid": "GPU-6f954bfd-7081-31b7-f15c-f9a174bf4d7f", "gpu_util_percent": 27.0, "gpu_mem_util_percent": 7.0, "gpu_mem_used_mib": 47238.0, "gpu_mem_total_mib": 49140.0, "gpu_power_w": 100.12, "process_present": true, "process_mem_mib": 46740.0, "process_mem_share_percent": 95.1159951159951, "process_util_available": true, "process_util_backend": "nvml", "process_sm_util_percent": 27.0, "process_mem_util_percent": 6.0}
{"timestamp_unix": 1772442297.8436127, "pid": 109733, "device_index": 0, "gpu_uuid": "GPU-6f954bfd-7081-31b7-f15c-f9a174bf4d7f", "gpu_util_percent": 27.0, "gpu_mem_util_percent": 6.0, "gpu_mem_used_mib": 47238.0, "gpu_mem_total_mib": 49140.0, "gpu_power_w": 99.62, "process_present": true, "process_mem_mib": 46740.0, "process_mem_share_percent": 95.1159951159951, "process_util_available": true, "process_util_backend": "nvml", "process_sm_util_percent": 27.0, "process_mem_util_percent": 6.0}
{"timestamp_unix": 1772442298.1390603, "pid": 109733, "device_index": 0, "gpu_uuid": "GPU-6f954bfd-7081-31b7-f15c-f9a174bf4d7f", "gpu_util_percent": 27.0, "gpu_mem_util_percent": 6.0, "gpu_mem_used_mib": 47238.0, "gpu_mem_total_mib": 49140.0, "gpu_power_w": 99.62, "process_present": true, "process_mem_mib": 46740.0, "process_mem_share_percent": 95.1159951159951, "process_util_available": true, "process_util_backend": "nvml", "process_sm_util_percent": 27.0, "process_mem_util_percent": 6.0}
{"timestamp_unix": 1772442298.4316707, "pid": 109733, "device_index": 0, "gpu_uuid": "GPU-6f954bfd-7081-31b7-f15c-f9a174bf4d7f", "gpu_util_percent": 27.0, "gpu_mem_util_percent": 6.0, "gpu_mem_used_mib": 47238.0, "gpu_mem_total_mib": 49140.0, "gpu_power_w": 99.22, "process_present": true, "process_mem_mib": 46740.0, "process_mem_share_percent": 95.1159951159951, "process_util_available": true, "process_util_backend": "nvml", "process_sm_util_percent": 27.0, "process_mem_util_percent": 6.0}
{"timestamp_unix": 1772442298.7259152, "pid": 109733, "device_index": 0, "gpu_uuid": "GPU-6f954bfd-7081-31b7-f15c-f9a174bf4d7f", "gpu_util_percent": 27.0, "gpu_mem_util_percent": 6.0, "gpu_mem_used_mib": 47238.0, "gpu_mem_total_mib": 49140.0, "gpu_power_w": 99.22, "process_present": true, "process_mem_mib": 46740.0, "process_mem_share_percent": 95.1159951159951, "process_util_available": true, "process_util_backend": "nvml", "process_sm_util_percent": 26.0, "process_mem_util_percent": 6.0}
{"timestamp_unix": 1772442299.038738, "pid": 109733, "device_index": 0, "gpu_uuid": "GPU-6f954bfd-7081-31b7-f15c-f9a174bf4d7f", "gpu_util_percent": 27.0, "gpu_mem_util_percent": 6.0, "gpu_mem_used_mib": 47236.0, "gpu_mem_total_mib": 49140.0, "gpu_power_w": 99.19, "process_present": true, "process_mem_mib": 46740.0, "process_mem_share_percent": 95.1159951159951, "process_util_available": true, "process_util_backend": "nvml", "process_sm_util_percent": 26.0, "process_mem_util_percent": 5.0}
{"timestamp_unix": 1772442299.3457377, "pid": 109733, "device_index": 0, "gpu_uuid": "GPU-6f954bfd-7081-31b7-f15c-f9a174bf4d7f", "gpu_util_percent": 27.0, "gpu_mem_util_percent": 6.0, "gpu_mem_used_mib": 47232.0, "gpu_mem_total_mib": 49140.0, "gpu_power_w": 98.84, "process_present": true, "process_mem_mib": 46740.0, "process_mem_share_percent": 95.1159951159951, "process_util_available": true, "process_util_backend": "nvml", "process_sm_util_percent": 25.0, "process_mem_util_percent": 5.0}
{"timestamp_unix": 1772442299.6427515, "pid": 109733, "device_index": 0, "gpu_uuid": "GPU-6f954bfd-7081-31b7-f15c-f9a174bf4d7f", "gpu_util_percent": 27.0, "gpu_mem_util_percent": 6.0, "gpu_mem_used_mib": 47232.0, "gpu_mem_total_mib": 49140.0, "gpu_power_w": 98.84, "process_present": true, "process_mem_mib": 46740.0, "process_mem_share_percent": 95.1159951159951, "process_util_available": true, "process_util_backend": "nvml", "process_sm_util_percent": 25.0, "process_mem_util_percent": 5.0}
{"timestamp_unix": 1772442299.939375, "pid": 109733, "device_index": 0, "gpu_uuid": "GPU-6f954bfd-7081-31b7-f15c-f9a174bf4d7f", "gpu_util_percent": 17.0, "gpu_mem_util_percent": 3.0, "gpu_mem_used_mib": 47232.0, "gpu_mem_total_mib": 49140.0, "gpu_power_w": 97.54, "process_present": true, "process_mem_mib": 46740.0, "process_mem_share_percent": 95.1159951159951, "process_util_available": true, "process_util_backend": "nvml", "process_sm_util_percent": 19.0, "process_mem_util_percent": 4.0}
{"timestamp_unix": 1772442300.236116, "pid": 109733, "device_index": 0, "gpu_uuid": "GPU-6f954bfd-7081-31b7-f15c-f9a174bf4d7f", "gpu_util_percent": 17.0, "gpu_mem_util_percent": 3.0, "gpu_mem_used_mib": 47232.0, "gpu_mem_total_mib": 49140.0, "gpu_power_w": 97.54, "process_present": true, "process_mem_mib": 46740.0, "process_mem_share_percent": 95.1159951159951, "process_util_available": true, "process_util_backend": "nvml", "process_sm_util_percent": 25.0, "process_mem_util_percent": 6.0}
{"timestamp_unix": 1772442300.5297568, "pid": 109733, "device_index": 0, "gpu_uuid": "GPU-6f954bfd-7081-31b7-f15c-f9a174bf4d7f", "gpu_util_percent": 17.0, "gpu_mem_util_percent": 3.0, "gpu_mem_used_mib": 47232.0, "gpu_mem_total_mib": 49140.0, "gpu_power_w": 97.9, "process_present": true, "process_mem_mib": 46740.0, "process_mem_share_percent": 95.1159951159951, "process_util_available": true, "process_util_backend": "nvml", "process_sm_util_percent": 25.0, "process_mem_util_percent": 7.0}
{"timestamp_unix": 1772442300.8244941, "pid": 109733, "device_index": 0, "gpu_uuid": "GPU-6f954bfd-7081-31b7-f15c-f9a174bf4d7f", "gpu_util_percent": 24.0, "gpu_mem_util_percent": 7.0, "gpu_mem_used_mib": 47232.0, "gpu_mem_total_mib": 49140.0, "gpu_power_w": 98.86, "process_present": true, "process_mem_mib": 46740.0, "process_mem_share_percent": 95.1159951159951, "process_util_available": true, "process_util_backend": "nvml", "process_sm_util_percent": 25.0, "process_mem_util_percent": 6.0}
{"timestamp_unix": 1772442301.1203492, "pid": 109733, "device_index": 0, "gpu_uuid": "GPU-6f954bfd-7081-31b7-f15c-f9a174bf4d7f", "gpu_util_percent": 24.0, "gpu_mem_util_percent": 7.0, "gpu_mem_used_mib": 47232.0, "gpu_mem_total_mib": 49140.0, "gpu_power_w": 98.86, "process_present": true, "process_mem_mib": 46740.0, "process_mem_share_percent": 95.1159951159951, "process_util_available": true, "process_util_backend": "nvml", "process_sm_util_percent": 25.0, "process_mem_util_percent": 6.0}
{"timestamp_unix": 1772442301.414749, "pid": 109733, "device_index": 0, "gpu_uuid": "GPU-6f954bfd-7081-31b7-f15c-f9a174bf4d7f", "gpu_util_percent": 24.0, "gpu_mem_util_percent": 7.0, "gpu_mem_used_mib": 47232.0, "gpu_mem_total_mib": 49140.0, "gpu_power_w": 100.51, "process_present": true, "process_mem_mib": 46740.0, "process_mem_share_percent": 95.1159951159951, "process_util_available": true, "process_util_backend": "nvml", "process_sm_util_percent": 25.0, "process_mem_util_percent": 7.0}
{"timestamp_unix": 1772442301.7196472, "pid": 109733, "device_index": 0, "gpu_uuid": "GPU-6f954bfd-7081-31b7-f15c-f9a174bf4d7f", "gpu_util_percent": 24.0, "gpu_mem_util_percent": 7.0, "gpu_mem_used_mib": 47232.0, "gpu_mem_total_mib": 49140.0, "gpu_power_w": 100.51, "process_present": true, "process_mem_mib": 46740.0, "process_mem_share_percent": 95.1159951159951, "process_util_available": true, "process_util_backend": "nvml", "process_sm_util_percent": 23.0, "process_mem_util_percent": 7.0}
{"timestamp_unix": 1772442302.0208848, "pid": 109733, "device_index": 0, "gpu_uuid": "GPU-6f954bfd-7081-31b7-f15c-f9a174bf4d7f", "gpu_util_percent": 24.0, "gpu_mem_util_percent": 7.0, "gpu_mem_used_mib": 47232.0, "gpu_mem_total_mib": 49140.0, "gpu_power_w": 101.14, "process_present": true, "process_mem_mib": 46740.0, "process_mem_share_percent": 95.1159951159951, "process_util_available": true, "process_util_backend": "nvml", "process_sm_util_percent": 25.0, "process_mem_util_percent": 7.0}
{"timestamp_unix": 1772442302.3203135, "pid": 109733, "device_index": 0, "gpu_uuid": "GPU-6f954bfd-7081-31b7-f15c-f9a174bf4d7f", "gpu_util_percent": 24.0, "gpu_mem_util_percent": 7.0, "gpu_mem_used_mib": 47232.0, "gpu_mem_total_mib": 49140.0, "gpu_power_w": 101.68, "process_present": true, "process_mem_mib": 46740.0, "process_mem_share_percent": 95.1159951159951, "process_util_available": true, "process_util_backend": "nvml", "process_sm_util_percent": 24.0, "process_mem_util_percent": 7.0}
{"timestamp_unix": 1772442302.629083, "pid": 109733, "device_index": 0, "gpu_uuid": "GPU-6f954bfd-7081-31b7-f15c-f9a174bf4d7f", "gpu_util_percent": 24.0, "gpu_mem_util_percent": 7.0, "gpu_mem_used_mib": 47232.0, "gpu_mem_total_mib": 49140.0, "gpu_power_w": 101.68, "process_present": true, "process_mem_mib": 46740.0, "process_mem_share_percent": 95.1159951159951, "process_util_available": true, "process_util_backend": "nvml", "process_sm_util_percent": 24.0, "process_mem_util_percent": 7.0}
{"timestamp_unix": 1772442302.923605, "pid": 109733, "device_index": 0, "gpu_uuid": "GPU-6f954bfd-7081-31b7-f15c-f9a174bf4d7f", "gpu_util_percent": 24.0, "gpu_mem_util_percent": 8.0, "gpu_mem_used_mib": 47232.0, "gpu_mem_total_mib": 49140.0, "gpu_power_w": 102.27, "process_present": true, "process_mem_mib": 46740.0, "process_mem_share_percent": 95.1159951159951, "process_util_available": true, "process_util_backend": "nvml", "process_sm_util_percent": 24.0, "process_mem_util_percent": 7.0}
{"timestamp_unix": 1772442303.216574, "pid": 109733, "device_index": 0, "gpu_uuid": "GPU-6f954bfd-7081-31b7-f15c-f9a174bf4d7f", "gpu_util_percent": 24.0, "gpu_mem_util_percent": 8.0, "gpu_mem_used_mib": 47268.0, "gpu_mem_total_mib": 49140.0, "gpu_power_w": 102.27, "process_present": true, "process_mem_mib": 46848.0, "process_mem_share_percent": 95.33577533577534, "process_util_available": true, "process_util_backend": "nvml", "process_sm_util_percent": 25.0, "process_mem_util_percent": 8.0}
{"timestamp_unix": 1772442303.508172, "pid": 109733, "device_index": 0, "gpu_uuid": "GPU-6f954bfd-7081-31b7-f15c-f9a174bf4d7f", "gpu_util_percent": 24.0, "gpu_mem_util_percent": 8.0, "gpu_mem_used_mib": 47592.0, "gpu_mem_total_mib": 49140.0, "gpu_power_w": 103.12, "process_present": true, "process_mem_mib": 47172.0, "process_mem_share_percent": 95.995115995116, "process_util_available": true, "process_util_backend": "nvml", "process_sm_util_percent": 25.0, "process_mem_util_percent": 8.0}
{"timestamp_unix": 1772442303.8031054, "pid": 109733, "device_index": 0, "gpu_uuid": "GPU-6f954bfd-7081-31b7-f15c-f9a174bf4d7f", "gpu_util_percent": 27.0, "gpu_mem_util_percent": 9.0, "gpu_mem_used_mib": 47952.0, "gpu_mem_total_mib": 49140.0, "gpu_power_w": 103.35, "process_present": true, "process_mem_mib": 47460.0, "process_mem_share_percent": 96.58119658119658, "process_util_available": true, "process_util_backend": "nvml", "process_sm_util_percent": 13.0, "process_mem_util_percent": 4.0}
{"timestamp_unix": 1772442304.0941908, "pid": 109733, "device_index": 0, "gpu_uuid": "GPU-6f954bfd-7081-31b7-f15c-f9a174bf4d7f", "gpu_util_percent": 27.0, "gpu_mem_util_percent": 9.0, "gpu_mem_used_mib": 47952.0, "gpu_mem_total_mib": 49140.0, "gpu_power_w": 103.35, "process_present": true, "process_mem_mib": 47508.0, "process_mem_share_percent": 96.67887667887668, "process_util_available": true, "process_util_backend": "nvml", "process_sm_util_percent": null, "process_mem_util_percent": null}
{"timestamp_unix": 1772442304.39041, "pid": 109733, "device_index": 0, "gpu_uuid": "GPU-6f954bfd-7081-31b7-f15c-f9a174bf4d7f", "gpu_util_percent": 27.0, "gpu_mem_util_percent": 9.0, "gpu_mem_used_mib": 48000.0, "gpu_mem_total_mib": 49140.0, "gpu_power_w": 97.85, "process_present": true, "process_mem_mib": 47508.0, "process_mem_share_percent": 96.67887667887668, "process_util_available": true, "process_util_backend": "nvml", "process_sm_util_percent": 24.0, "process_mem_util_percent": 6.0}
{"timestamp_unix": 1772442304.7092052, "pid": 109733, "device_index": 0, "gpu_uuid": "GPU-6f954bfd-7081-31b7-f15c-f9a174bf4d7f", "gpu_util_percent": 27.0, "gpu_mem_util_percent": 9.0, "gpu_mem_used_mib": 48000.0, "gpu_mem_total_mib": 49140.0, "gpu_power_w": 97.85, "process_present": true, "process_mem_mib": 47508.0, "process_mem_share_percent": 96.67887667887668, "process_util_available": true, "process_util_backend": "nvml", "process_sm_util_percent": 28.0, "process_mem_util_percent": 9.0}
{"timestamp_unix": 1772442305.0152483, "pid": 109733, "device_index": 0, "gpu_uuid": "GPU-6f954bfd-7081-31b7-f15c-f9a174bf4d7f", "gpu_util_percent": 30.0, "gpu_mem_util_percent": 9.0, "gpu_mem_used_mib": 48003.0, "gpu_mem_total_mib": 49140.0, "gpu_power_w": 98.13, "process_present": true, "process_mem_mib": 47508.0, "process_mem_share_percent": 96.67887667887668, "process_util_available": true, "process_util_backend": "nvml", "process_sm_util_percent": 30.0, "process_mem_util_percent": 9.0}
{"timestamp_unix": 1772442305.3222957, "pid": 109733, "device_index": 0, "gpu_uuid": "GPU-6f954bfd-7081-31b7-f15c-f9a174bf4d7f", "gpu_util_percent": 30.0, "gpu_mem_util_percent": 9.0, "gpu_mem_used_mib": 48009.0, "gpu_mem_total_mib": 49140.0, "gpu_power_w": 103.99, "process_present": true, "process_mem_mib": 47508.0, "process_mem_share_percent": 96.67887667887668, "process_util_available": true, "process_util_backend": "nvml", "process_sm_util_percent": 30.0, "process_mem_util_percent": 9.0}
{"timestamp_unix": 1772442305.6310236, "pid": 109733, "device_index": 0, "gpu_uuid": "GPU-6f954bfd-7081-31b7-f15c-f9a174bf4d7f", "gpu_util_percent": 30.0, "gpu_mem_util_percent": 9.0, "gpu_mem_used_mib": 48009.0, "gpu_mem_total_mib": 49140.0, "gpu_power_w": 103.99, "process_present": true, "process_mem_mib": 47508.0, "process_mem_share_percent": 96.67887667887668, "process_util_available": true, "process_util_backend": "nvml", "process_sm_util_percent": 29.0, "process_mem_util_percent": 8.0}
{"timestamp_unix": 1772442305.923144, "pid": 109733, "device_index": 0, "gpu_uuid": "GPU-6f954bfd-7081-31b7-f15c-f9a174bf4d7f", "gpu_util_percent": 30.0, "gpu_mem_util_percent": 9.0, "gpu_mem_used_mib": 48009.0, "gpu_mem_total_mib": 49140.0, "gpu_power_w": 104.41, "process_present": true, "process_mem_mib": 47508.0, "process_mem_share_percent": 96.67887667887668, "process_util_available": true, "process_util_backend": "nvml", "process_sm_util_percent": 28.0, "process_mem_util_percent": 8.0}
{"timestamp_unix": 1772442306.2169812, "pid": 109733, "device_index": 0, "gpu_uuid": "GPU-6f954bfd-7081-31b7-f15c-f9a174bf4d7f", "gpu_util_percent": 30.0, "gpu_mem_util_percent": 9.0, "gpu_mem_used_mib": 48009.0, "gpu_mem_total_mib": 49140.0, "gpu_power_w": 104.41, "process_present": true, "process_mem_mib": 47508.0, "process_mem_share_percent": 96.67887667887668, "process_util_available": true, "process_util_backend": "nvml", "process_sm_util_percent": 30.0, "process_mem_util_percent": 8.0}
{"timestamp_unix": 1772442306.5084994, "pid": 109733, "device_index": 0, "gpu_uuid": "GPU-6f954bfd-7081-31b7-f15c-f9a174bf4d7f", "gpu_util_percent": 30.0, "gpu_mem_util_percent": 9.0, "gpu_mem_used_mib": 48009.0, "gpu_mem_total_mib": 49140.0, "gpu_power_w": 104.06, "process_present": true, "process_mem_mib": 47508.0, "process_mem_share_percent": 96.67887667887668, "process_util_available": true, "process_util_backend": "nvml", "process_sm_util_percent": 29.0, "process_mem_util_percent": 8.0}
{"timestamp_unix": 1772442306.8031423, "pid": 109733, "device_index": 0, "gpu_uuid": "GPU-6f954bfd-7081-31b7-f15c-f9a174bf4d7f", "gpu_util_percent": 30.0, "gpu_mem_util_percent": 9.0, "gpu_mem_used_mib": 48011.0, "gpu_mem_total_mib": 49140.0, "gpu_power_w": 103.73, "process_present": true, "process_mem_mib": 47508.0, "process_mem_share_percent": 96.67887667887668, "process_util_available": true, "process_util_backend": "nvml", "process_sm_util_percent": 28.0, "process_mem_util_percent": 8.0}
{"timestamp_unix": 1772442307.0955164, "pid": 109733, "device_index": 0, "gpu_uuid": "GPU-6f954bfd-7081-31b7-f15c-f9a174bf4d7f", "gpu_util_percent": 30.0, "gpu_mem_util_percent": 9.0, "gpu_mem_used_mib": 48011.0, "gpu_mem_total_mib": 49140.0, "gpu_power_w": 103.73, "process_present": true, "process_mem_mib": 47508.0, "process_mem_share_percent": 96.67887667887668, "process_util_available": true, "process_util_backend": "nvml", "process_sm_util_percent": 28.0, "process_mem_util_percent": 8.0}
{"timestamp_unix": 1772442307.388947, "pid": 109733, "device_index": 0, "gpu_uuid": "GPU-6f954bfd-7081-31b7-f15c-f9a174bf4d7f", "gpu_util_percent": 30.0, "gpu_mem_util_percent": 9.0, "gpu_mem_used_mib": 48011.0, "gpu_mem_total_mib": 49140.0, "gpu_power_w": 103.51, "process_present": true, "process_mem_mib": 47508.0, "process_mem_share_percent": 96.67887667887668, "process_util_available": true, "process_util_backend": "nvml", "process_sm_util_percent": 29.0, "process_mem_util_percent": 8.0}
{"timestamp_unix": 1772442307.711887, "pid": 109733, "device_index": 0, "gpu_uuid": "GPU-6f954bfd-7081-31b7-f15c-f9a174bf4d7f", "gpu_util_percent": 30.0, "gpu_mem_util_percent": 9.0, "gpu_mem_used_mib": 48011.0, "gpu_mem_total_mib": 49140.0, "gpu_power_w": 103.51, "process_present": true, "process_mem_mib": 47508.0, "process_mem_share_percent": 96.67887667887668, "process_util_available": true, "process_util_backend": "nvml", "process_sm_util_percent": 28.0, "process_mem_util_percent": 7.0}
{"timestamp_unix": 1772442308.0185652, "pid": 109733, "device_index": 0, "gpu_uuid": "GPU-6f954bfd-7081-31b7-f15c-f9a174bf4d7f", "gpu_util_percent": 29.0, "gpu_mem_util_percent": 8.0, "gpu_mem_used_mib": 48011.0, "gpu_mem_total_mib": 49140.0, "gpu_power_w": 103.02, "process_present": true, "process_mem_mib": 47508.0, "process_mem_share_percent": 96.67887667887668, "process_util_available": true, "process_util_backend": "nvml", "process_sm_util_percent": 28.0, "process_mem_util_percent": 7.0}
{"timestamp_unix": 1772442308.3177013, "pid": 109733, "device_index": 0, "gpu_uuid": "GPU-6f954bfd-7081-31b7-f15c-f9a174bf4d7f", "gpu_util_percent": 29.0, "gpu_mem_util_percent": 8.0, "gpu_mem_used_mib": 48010.0, "gpu_mem_total_mib": 49140.0, "gpu_power_w": 102.65, "process_present": true, "process_mem_mib": 47508.0, "process_mem_share_percent": 96.67887667887668, "process_util_available": true, "process_util_backend": "nvml", "process_sm_util_percent": 29.0, "process_mem_util_percent": 7.0}
{"timestamp_unix": 1772442308.6086109, "pid": 109733, "device_index": 0, "gpu_uuid": "GPU-6f954bfd-7081-31b7-f15c-f9a174bf4d7f", "gpu_util_percent": 29.0, "gpu_mem_util_percent": 8.0, "gpu_mem_used_mib": 48010.0, "gpu_mem_total_mib": 49140.0, "gpu_power_w": 102.65, "process_present": true, "process_mem_mib": 47508.0, "process_mem_share_percent": 96.67887667887668, "process_util_available": true, "process_util_backend": "nvml", "process_sm_util_percent": 28.0, "process_mem_util_percent": 7.0}
{"timestamp_unix": 1772442308.9035065, "pid": 109733, "device_index": 0, "gpu_uuid": "GPU-6f954bfd-7081-31b7-f15c-f9a174bf4d7f", "gpu_util_percent": 29.0, "gpu_mem_util_percent": 8.0, "gpu_mem_used_mib": 48010.0, "gpu_mem_total_mib": 49140.0, "gpu_power_w": 102.25, "process_present": true, "process_mem_mib": 47508.0, "process_mem_share_percent": 96.67887667887668, "process_util_available": true, "process_util_backend": "nvml", "process_sm_util_percent": 28.0, "process_mem_util_percent": 7.0}
{"timestamp_unix": 1772442309.2038198, "pid": 109733, "device_index": 0, "gpu_uuid": "GPU-6f954bfd-7081-31b7-f15c-f9a174bf4d7f", "gpu_util_percent": 29.0, "gpu_mem_util_percent": 8.0, "gpu_mem_used_mib": 48010.0, "gpu_mem_total_mib": 49140.0, "gpu_power_w": 102.25, "process_present": true, "process_mem_mib": 47508.0, "process_mem_share_percent": 96.67887667887668, "process_util_available": true, "process_util_backend": "nvml", "process_sm_util_percent": 28.0, "process_mem_util_percent": 7.0}
{"timestamp_unix": 1772442309.4971504, "pid": 109733, "device_index": 0, "gpu_uuid": "GPU-6f954bfd-7081-31b7-f15c-f9a174bf4d7f", "gpu_util_percent": 29.0, "gpu_mem_util_percent": 8.0, "gpu_mem_used_mib": 48014.0, "gpu_mem_total_mib": 49140.0, "gpu_power_w": 101.92, "process_present": true, "process_mem_mib": 47508.0, "process_mem_share_percent": 96.67887667887668, "process_util_available": true, "process_util_backend": "nvml", "process_sm_util_percent": 28.0, "process_mem_util_percent": 7.0}
{"timestamp_unix": 1772442309.7904546, "pid": 109733, "device_index": 0, "gpu_uuid": "GPU-6f954bfd-7081-31b7-f15c-f9a174bf4d7f", "gpu_util_percent": 29.0, "gpu_mem_util_percent": 7.0, "gpu_mem_used_mib": 48014.0, "gpu_mem_total_mib": 49140.0, "gpu_power_w": 101.56, "process_present": true, "process_mem_mib": 47508.0, "process_mem_share_percent": 96.67887667887668, "process_util_available": true, "process_util_backend": "nvml", "process_sm_util_percent": 27.0, "process_mem_util_percent": 6.0}
{"timestamp_unix": 1772442310.0862088, "pid": 109733, "device_index": 0, "gpu_uuid": "GPU-6f954bfd-7081-31b7-f15c-f9a174bf4d7f", "gpu_util_percent": 29.0, "gpu_mem_util_percent": 7.0, "gpu_mem_used_mib": 48014.0, "gpu_mem_total_mib": 49140.0, "gpu_power_w": 101.56, "process_present": true, "process_mem_mib": 47508.0, "process_mem_share_percent": 96.67887667887668, "process_util_available": true, "process_util_backend": "nvml", "process_sm_util_percent": null, "process_mem_util_percent": null}
{"timestamp_unix": 1772442310.3871102, "pid": 109733, "device_index": 0, "gpu_uuid": "GPU-6f954bfd-7081-31b7-f15c-f9a174bf4d7f", "gpu_util_percent": 29.0, "gpu_mem_util_percent": 7.0, "gpu_mem_used_mib": 48014.0, "gpu_mem_total_mib": 49140.0, "gpu_power_w": 99.71, "process_present": true, "process_mem_mib": 47508.0, "process_mem_share_percent": 96.67887667887668, "process_util_available": true, "process_util_backend": "nvml", "process_sm_util_percent": 13.0, "process_mem_util_percent": 3.0}
{"timestamp_unix": 1772442310.696103, "pid": 109733, "device_index": 0, "gpu_uuid": "GPU-6f954bfd-7081-31b7-f15c-f9a174bf4d7f", "gpu_util_percent": 29.0, "gpu_mem_util_percent": 7.0, "gpu_mem_used_mib": 48014.0, "gpu_mem_total_mib": 49140.0, "gpu_power_w": 99.71, "process_present": true, "process_mem_mib": 47508.0, "process_mem_share_percent": 96.67887667887668, "process_util_available": true, "process_util_backend": "nvml", "process_sm_util_percent": 26.0, "process_mem_util_percent": 7.0}
{"timestamp_unix": 1772442311.0031939, "pid": 109733, "device_index": 0, "gpu_uuid": "GPU-6f954bfd-7081-31b7-f15c-f9a174bf4d7f", "gpu_util_percent": 27.0, "gpu_mem_util_percent": 8.0, "gpu_mem_used_mib": 48014.0, "gpu_mem_total_mib": 49140.0, "gpu_power_w": 100.03, "process_present": true, "process_mem_mib": 47508.0, "process_mem_share_percent": 96.67887667887668, "process_util_available": true, "process_util_backend": "nvml", "process_sm_util_percent": 26.0, "process_mem_util_percent": 7.0}
{"timestamp_unix": 1772442311.30417, "pid": 109733, "device_index": 0, "gpu_uuid": "GPU-6f954bfd-7081-31b7-f15c-f9a174bf4d7f", "gpu_util_percent": 27.0, "gpu_mem_util_percent": 8.0, "gpu_mem_used_mib": 48013.0, "gpu_mem_total_mib": 49140.0, "gpu_power_w": 102.15, "process_present": true, "process_mem_mib": 47508.0, "process_mem_share_percent": 96.67887667887668, "process_util_available": true, "process_util_backend": "nvml", "process_sm_util_percent": 27.0, "process_mem_util_percent": 7.0}
{"timestamp_unix": 1772442311.5962327, "pid": 109733, "device_index": 0, "gpu_uuid": "GPU-6f954bfd-7081-31b7-f15c-f9a174bf4d7f", "gpu_util_percent": 27.0, "gpu_mem_util_percent": 8.0, "gpu_mem_used_mib": 48013.0, "gpu_mem_total_mib": 49140.0, "gpu_power_w": 102.15, "process_present": true, "process_mem_mib": 47508.0, "process_mem_share_percent": 96.67887667887668, "process_util_available": true, "process_util_backend": "nvml", "process_sm_util_percent": 28.0, "process_mem_util_percent": 7.0}
{"timestamp_unix": 1772442311.889854, "pid": 109733, "device_index": 0, "gpu_uuid": "GPU-6f954bfd-7081-31b7-f15c-f9a174bf4d7f", "gpu_util_percent": 29.0, "gpu_mem_util_percent": 8.0, "gpu_mem_used_mib": 48013.0, "gpu_mem_total_mib": 49140.0, "gpu_power_w": 102.85, "process_present": true, "process_mem_mib": 47508.0, "process_mem_share_percent": 96.67887667887668, "process_util_available": true, "process_util_backend": "nvml", "process_sm_util_percent": null, "process_mem_util_percent": null}
{"timestamp_unix": 1772442312.1852314, "pid": 109733, "device_index": 0, "gpu_uuid": "GPU-6f954bfd-7081-31b7-f15c-f9a174bf4d7f", "gpu_util_percent": 29.0, "gpu_mem_util_percent": 8.0, "gpu_mem_used_mib": 48013.0, "gpu_mem_total_mib": 49140.0, "gpu_power_w": 102.85, "process_present": true, "process_mem_mib": 47508.0, "process_mem_share_percent": 96.67887667887668, "process_util_available": true, "process_util_backend": "nvml", "process_sm_util_percent": null, "process_mem_util_percent": null}
{"timestamp_unix": 1772442312.476617, "pid": 109733, "device_index": 0, "gpu_uuid": "GPU-6f954bfd-7081-31b7-f15c-f9a174bf4d7f", "gpu_util_percent": 29.0, "gpu_mem_util_percent": 8.0, "gpu_mem_used_mib": 48013.0, "gpu_mem_total_mib": 49140.0, "gpu_power_w": 103.64, "process_present": true, "process_mem_mib": 47508.0, "process_mem_share_percent": 96.67887667887668, "process_util_available": true, "process_util_backend": "nvml", "process_sm_util_percent": 29.0, "process_mem_util_percent": 8.0}
{"timestamp_unix": 1772442312.771163, "pid": 109733, "device_index": 0, "gpu_uuid": "GPU-6f954bfd-7081-31b7-f15c-f9a174bf4d7f", "gpu_util_percent": 29.0, "gpu_mem_util_percent": 9.0, "gpu_mem_used_mib": 48013.0, "gpu_mem_total_mib": 49140.0, "gpu_power_w": 104.23, "process_present": true, "process_mem_mib": 47508.0, "process_mem_share_percent": 96.67887667887668, "process_util_available": true, "process_util_backend": "nvml", "process_sm_util_percent": 29.0, "process_mem_util_percent": 8.0}
{"timestamp_unix": 1772442313.0637624, "pid": 109733, "device_index": 0, "gpu_uuid": "GPU-6f954bfd-7081-31b7-f15c-f9a174bf4d7f", "gpu_util_percent": 29.0, "gpu_mem_util_percent": 9.0, "gpu_mem_used_mib": 48013.0, "gpu_mem_total_mib": 49140.0, "gpu_power_w": 104.23, "process_present": true, "process_mem_mib": 47508.0, "process_mem_share_percent": 96.67887667887668, "process_util_available": true, "process_util_backend": "nvml", "process_sm_util_percent": 29.0, "process_mem_util_percent": 8.0}
{"timestamp_unix": 1772442313.3695421, "pid": 109733, "device_index": 0, "gpu_uuid": "GPU-6f954bfd-7081-31b7-f15c-f9a174bf4d7f", "gpu_util_percent": 29.0, "gpu_mem_util_percent": 9.0, "gpu_mem_used_mib": 48013.0, "gpu_mem_total_mib": 49140.0, "gpu_power_w": 104.83, "process_present": true, "process_mem_mib": 47508.0, "process_mem_share_percent": 96.67887667887668, "process_util_available": true, "process_util_backend": "nvml", "process_sm_util_percent": 30.0, "process_mem_util_percent": 8.0}
{"timestamp_unix": 1772442313.6689575, "pid": 109733, "device_index": 0, "gpu_uuid": "GPU-6f954bfd-7081-31b7-f15c-f9a174bf4d7f", "gpu_util_percent": 29.0, "gpu_mem_util_percent": 9.0, "gpu_mem_used_mib": 48013.0, "gpu_mem_total_mib": 49140.0, "gpu_power_w": 104.83, "process_present": true, "process_mem_mib": 47508.0, "process_mem_share_percent": 96.67887667887668, "process_util_available": true, "process_util_backend": "nvml", "process_sm_util_percent": 30.0, "process_mem_util_percent": 8.0}
{"timestamp_unix": 1772442313.9601622, "pid": 109733, "device_index": 0, "gpu_uuid": "GPU-6f954bfd-7081-31b7-f15c-f9a174bf4d7f", "gpu_util_percent": 30.0, "gpu_mem_util_percent": 9.0, "gpu_mem_used_mib": 48013.0, "gpu_mem_total_mib": 49140.0, "gpu_power_w": 105.42, "process_present": true, "process_mem_mib": 47508.0, "process_mem_share_percent": 96.67887667887668, "process_util_available": true, "process_util_backend": "nvml", "process_sm_util_percent": 29.0, "process_mem_util_percent": 8.0}
{"timestamp_unix": 1772442314.262614, "pid": 109733, "device_index": 0, "gpu_uuid": "GPU-6f954bfd-7081-31b7-f15c-f9a174bf4d7f", "gpu_util_percent": 30.0, "gpu_mem_util_percent": 9.0, "gpu_mem_used_mib": 48013.0, "gpu_mem_total_mib": 49140.0, "gpu_power_w": 105.77, "process_present": true, "process_mem_mib": 47508.0, "process_mem_share_percent": 96.67887667887668, "process_util_available": true, "process_util_backend": "nvml", "process_sm_util_percent": 29.0, "process_mem_util_percent": 9.0}
{"timestamp_unix": 1772442314.556384, "pid": 109733, "device_index": 0, "gpu_uuid": "GPU-6f954bfd-7081-31b7-f15c-f9a174bf4d7f", "gpu_util_percent": 30.0, "gpu_mem_util_percent": 9.0, "gpu_mem_used_mib": 48073.0, "gpu_mem_total_mib": 49140.0, "gpu_power_w": 105.77, "process_present": true, "process_mem_mib": 47620.0, "process_mem_share_percent": 96.90679690679691, "process_util_available": true, "process_util_backend": "nvml", "process_sm_util_percent": 10.0, "process_mem_util_percent": 1.0}
{"timestamp_unix": 1772442314.8529003, "pid": 109733, "device_index": 0, "gpu_uuid": "GPU-6f954bfd-7081-31b7-f15c-f9a174bf4d7f", "gpu_util_percent": 30.0, "gpu_mem_util_percent": 9.0, "gpu_mem_used_mib": 48121.0, "gpu_mem_total_mib": 49140.0, "gpu_power_w": 99.5, "process_present": true, "process_mem_mib": 47620.0, "process_mem_share_percent": 96.90679690679691, "process_util_available": true, "process_util_backend": "nvml", "process_sm_util_percent": 30.0, "process_mem_util_percent": 9.0}
{"timestamp_unix": 1772442315.1454232, "pid": 109733, "device_index": 0, "gpu_uuid": "GPU-6f954bfd-7081-31b7-f15c-f9a174bf4d7f", "gpu_util_percent": 30.0, "gpu_mem_util_percent": 9.0, "gpu_mem_used_mib": 48119.0, "gpu_mem_total_mib": 49140.0, "gpu_power_w": 99.5, "process_present": true, "process_mem_mib": 47620.0, "process_mem_share_percent": 96.90679690679691, "process_util_available": true, "process_util_backend": "nvml", "process_sm_util_percent": 31.0, "process_mem_util_percent": 10.0}
{"timestamp_unix": 1772442315.4396057, "pid": 109733, "device_index": 0, "gpu_uuid": "GPU-6f954bfd-7081-31b7-f15c-f9a174bf4d7f", "gpu_util_percent": 30.0, "gpu_mem_util_percent": 9.0, "gpu_mem_used_mib": 48119.0, "gpu_mem_total_mib": 49140.0, "gpu_power_w": 100.25, "process_present": true, "process_mem_mib": 47620.0, "process_mem_share_percent": 96.90679690679691, "process_util_available": true, "process_util_backend": "nvml", "process_sm_util_percent": 32.0, "process_mem_util_percent": 10.0}
{"timestamp_unix": 1772442315.733425, "pid": 109733, "device_index": 0, "gpu_uuid": "GPU-6f954bfd-7081-31b7-f15c-f9a174bf4d7f", "gpu_util_percent": 30.0, "gpu_mem_util_percent": 9.0, "gpu_mem_used_mib": 48119.0, "gpu_mem_total_mib": 49140.0, "gpu_power_w": 100.25, "process_present": true, "process_mem_mib": 47620.0, "process_mem_share_percent": 96.90679690679691, "process_util_available": true, "process_util_backend": "nvml", "process_sm_util_percent": 31.0, "process_mem_util_percent": 10.0}
{"timestamp_unix": 1772442316.0370014, "pid": 109733, "device_index": 0, "gpu_uuid": "GPU-6f954bfd-7081-31b7-f15c-f9a174bf4d7f", "gpu_util_percent": 32.0, "gpu_mem_util_percent": 11.0, "gpu_mem_used_mib": 48120.0, "gpu_mem_total_mib": 49140.0, "gpu_power_w": 107.11, "process_present": true, "process_mem_mib": 47620.0, "process_mem_share_percent": 96.90679690679691, "process_util_available": true, "process_util_backend": "nvml", "process_sm_util_percent": 32.0, "process_mem_util_percent": 10.0}
{"timestamp_unix": 1772442316.336301, "pid": 109733, "device_index": 0, "gpu_uuid": "GPU-6f954bfd-7081-31b7-f15c-f9a174bf4d7f", "gpu_util_percent": 32.0, "gpu_mem_util_percent": 11.0, "gpu_mem_used_mib": 48120.0, "gpu_mem_total_mib": 49140.0, "gpu_power_w": 107.17, "process_present": true, "process_mem_mib": 47620.0, "process_mem_share_percent": 96.90679690679691, "process_util_available": true, "process_util_backend": "nvml", "process_sm_util_percent": 31.0, "process_mem_util_percent": 9.0}
{"timestamp_unix": 1772442316.6358812, "pid": 109733, "device_index": 0, "gpu_uuid": "GPU-6f954bfd-7081-31b7-f15c-f9a174bf4d7f", "gpu_util_percent": 32.0, "gpu_mem_util_percent": 11.0, "gpu_mem_used_mib": 48120.0, "gpu_mem_total_mib": 49140.0, "gpu_power_w": 107.17, "process_present": true, "process_mem_mib": 47620.0, "process_mem_share_percent": 96.90679690679691, "process_util_available": true, "process_util_backend": "nvml", "process_sm_util_percent": 31.0, "process_mem_util_percent": 9.0}
{"timestamp_unix": 1772442316.9264126, "pid": 109733, "device_index": 0, "gpu_uuid": "GPU-6f954bfd-7081-31b7-f15c-f9a174bf4d7f", "gpu_util_percent": 32.0, "gpu_mem_util_percent": 10.0, "gpu_mem_used_mib": 48120.0, "gpu_mem_total_mib": 49140.0, "gpu_power_w": 106.82, "process_present": true, "process_mem_mib": 47620.0, "process_mem_share_percent": 96.90679690679691, "process_util_available": true, "process_util_backend": "nvml", "process_sm_util_percent": 31.0, "process_mem_util_percent": 10.0}
{"timestamp_unix": 1772442317.220866, "pid": 109733, "device_index": 0, "gpu_uuid": "GPU-6f954bfd-7081-31b7-f15c-f9a174bf4d7f", "gpu_util_percent": 32.0, "gpu_mem_util_percent": 10.0, "gpu_mem_used_mib": 48119.0, "gpu_mem_total_mib": 49140.0, "gpu_power_w": 106.82, "process_present": true, "process_mem_mib": 47620.0, "process_mem_share_percent": 96.90679690679691, "process_util_available": true, "process_util_backend": "nvml", "process_sm_util_percent": 31.0, "process_mem_util_percent": 9.0}
{"timestamp_unix": 1772442317.5108464, "pid": 109733, "device_index": 0, "gpu_uuid": "GPU-6f954bfd-7081-31b7-f15c-f9a174bf4d7f", "gpu_util_percent": 32.0, "gpu_mem_util_percent": 10.0, "gpu_mem_used_mib": 48119.0, "gpu_mem_total_mib": 49140.0, "gpu_power_w": 106.75, "process_present": true, "process_mem_mib": 47620.0, "process_mem_share_percent": 96.90679690679691, "process_util_available": true, "process_util_backend": "nvml", "process_sm_util_percent": 31.0, "process_mem_util_percent": 9.0}
{"timestamp_unix": 1772442317.8065925, "pid": 109733, "device_index": 0, "gpu_uuid": "GPU-6f954bfd-7081-31b7-f15c-f9a174bf4d7f", "gpu_util_percent": 32.0, "gpu_mem_util_percent": 10.0, "gpu_mem_used_mib": 48119.0, "gpu_mem_total_mib": 49140.0, "gpu_power_w": 106.44, "process_present": true, "process_mem_mib": 47620.0, "process_mem_share_percent": 96.90679690679691, "process_util_available": true, "process_util_backend": "nvml", "process_sm_util_percent": 31.0, "process_mem_util_percent": 9.0}
{"timestamp_unix": 1772442318.1038888, "pid": 109733, "device_index": 0, "gpu_uuid": "GPU-6f954bfd-7081-31b7-f15c-f9a174bf4d7f", "gpu_util_percent": 32.0, "gpu_mem_util_percent": 10.0, "gpu_mem_used_mib": 48119.0, "gpu_mem_total_mib": 49140.0, "gpu_power_w": 106.44, "process_present": true, "process_mem_mib": 47620.0, "process_mem_share_percent": 96.90679690679691, "process_util_available": true, "process_util_backend": "nvml", "process_sm_util_percent": 30.0, "process_mem_util_percent": 9.0}
{"timestamp_unix": 1772442318.3949099, "pid": 109733, "device_index": 0, "gpu_uuid": "GPU-6f954bfd-7081-31b7-f15c-f9a174bf4d7f", "gpu_util_percent": 32.0, "gpu_mem_util_percent": 10.0, "gpu_mem_used_mib": 48119.0, "gpu_mem_total_mib": 49140.0, "gpu_power_w": 105.85, "process_present": true, "process_mem_mib": 47620.0, "process_mem_share_percent": 96.90679690679691, "process_util_available": true, "process_util_backend": "nvml", "process_sm_util_percent": 30.0, "process_mem_util_percent": 9.0}
{"timestamp_unix": 1772442318.7160037, "pid": 109733, "device_index": 0, "gpu_uuid": "GPU-6f954bfd-7081-31b7-f15c-f9a174bf4d7f", "gpu_util_percent": 32.0, "gpu_mem_util_percent": 10.0, "gpu_mem_used_mib": 48119.0, "gpu_mem_total_mib": 49140.0, "gpu_power_w": 105.85, "process_present": true, "process_mem_mib": 47620.0, "process_mem_share_percent": 96.90679690679691, "process_util_available": true, "process_util_backend": "nvml", "process_sm_util_percent": 30.0, "process_mem_util_percent": 9.0}
{"timestamp_unix": 1772442319.0197399, "pid": 109733, "device_index": 0, "gpu_uuid": "GPU-6f954bfd-7081-31b7-f15c-f9a174bf4d7f", "gpu_util_percent": 31.0, "gpu_mem_util_percent": 9.0, "gpu_mem_used_mib": 48119.0, "gpu_mem_total_mib": 49140.0, "gpu_power_w": 105.32, "process_present": true, "process_mem_mib": 47620.0, "process_mem_share_percent": 96.90679690679691, "process_util_available": true, "process_util_backend": "nvml", "process_sm_util_percent": 31.0, "process_mem_util_percent": 8.0}
{"timestamp_unix": 1772442319.3458707, "pid": 109733, "device_index": 0, "gpu_uuid": "GPU-6f954bfd-7081-31b7-f15c-f9a174bf4d7f", "gpu_util_percent": 31.0, "gpu_mem_util_percent": 9.0, "gpu_mem_used_mib": 48116.0, "gpu_mem_total_mib": 49140.0, "gpu_power_w": 104.89, "process_present": true, "process_mem_mib": 47620.0, "process_mem_share_percent": 96.90679690679691, "process_util_available": true, "process_util_backend": "nvml", "process_sm_util_percent": 31.0, "process_mem_util_percent": 8.0}
{"timestamp_unix": 1772442319.6392415, "pid": 109733, "device_index": 0, "gpu_uuid": "GPU-6f954bfd-7081-31b7-f15c-f9a174bf4d7f", "gpu_util_percent": 31.0, "gpu_mem_util_percent": 9.0, "gpu_mem_used_mib": 48116.0, "gpu_mem_total_mib": 49140.0, "gpu_power_w": 104.89, "process_present": true, "process_mem_mib": 47620.0, "process_mem_share_percent": 96.90679690679691, "process_util_available": true, "process_util_backend": "nvml", "process_sm_util_percent": 31.0, "process_mem_util_percent": 8.0}
{"timestamp_unix": 1772442319.936193, "pid": 109733, "device_index": 0, "gpu_uuid": "GPU-6f954bfd-7081-31b7-f15c-f9a174bf4d7f", "gpu_util_percent": 31.0, "gpu_mem_util_percent": 8.0, "gpu_mem_used_mib": 48116.0, "gpu_mem_total_mib": 49140.0, "gpu_power_w": 104.57, "process_present": true, "process_mem_mib": 47620.0, "process_mem_share_percent": 96.90679690679691, "process_util_available": true, "process_util_backend": "nvml", "process_sm_util_percent": 30.0, "process_mem_util_percent": 8.0}
{"timestamp_unix": 1772442320.2257488, "pid": 109733, "device_index": 0, "gpu_uuid": "GPU-6f954bfd-7081-31b7-f15c-f9a174bf4d7f", "gpu_util_percent": 31.0, "gpu_mem_util_percent": 8.0, "gpu_mem_used_mib": 48116.0, "gpu_mem_total_mib": 49140.0, "gpu_power_w": 104.57, "process_present": true, "process_mem_mib": 47620.0, "process_mem_share_percent": 96.90679690679691, "process_util_available": true, "process_util_backend": "nvml", "process_sm_util_percent": 30.0, "process_mem_util_percent": 8.0}
{"timestamp_unix": 1772442320.5199735, "pid": 109733, "device_index": 0, "gpu_uuid": "GPU-6f954bfd-7081-31b7-f15c-f9a174bf4d7f", "gpu_util_percent": 31.0, "gpu_mem_util_percent": 8.0, "gpu_mem_used_mib": 45916.0, "gpu_mem_total_mib": 49140.0, "gpu_power_w": 104.47, "process_present": true, "process_mem_mib": 44232.0, "process_mem_share_percent": 90.01221001221002, "process_util_available": true, "process_util_backend": "nvml", "process_sm_util_percent": null, "process_mem_util_percent": null}
{"timestamp_unix": 1772442320.8106914, "pid": 109733, "device_index": 0, "gpu_uuid": "GPU-6f954bfd-7081-31b7-f15c-f9a174bf4d7f", "gpu_util_percent": 80.0, "gpu_mem_util_percent": 7.0, "gpu_mem_used_mib": 35192.0, "gpu_mem_total_mib": 49140.0, "gpu_power_w": 100.84, "process_present": true, "process_mem_mib": 33304.0, "process_mem_share_percent": 67.77370777370777, "process_util_available": true, "process_util_backend": "nvml", "process_sm_util_percent": null, "process_mem_util_percent": null}
{"timestamp_unix": 1772442321.1018732, "pid": 109733, "device_index": 0, "gpu_uuid": "GPU-6f954bfd-7081-31b7-f15c-f9a174bf4d7f", "gpu_util_percent": 80.0, "gpu_mem_util_percent": 7.0, "gpu_mem_used_mib": 23340.0, "gpu_mem_total_mib": 49140.0, "gpu_power_w": 100.84, "process_present": true, "process_mem_mib": 21448.0, "process_mem_share_percent": 43.64672364672364, "process_util_available": true, "process_util_backend": "nvml", "process_sm_util_percent": null, "process_mem_util_percent": null}
{"timestamp_unix": 1772442321.4007208, "pid": 109733, "device_index": 0, "gpu_uuid": "GPU-6f954bfd-7081-31b7-f15c-f9a174bf4d7f", "gpu_util_percent": 80.0, "gpu_mem_util_percent": 7.0, "gpu_mem_used_mib": 11322.0, "gpu_mem_total_mib": 49140.0, "gpu_power_w": 103.11, "process_present": true, "process_mem_mib": 9282.0, "process_mem_share_percent": 18.88888888888889, "process_util_available": true, "process_util_backend": "nvml", "process_sm_util_percent": null, "process_mem_util_percent": null}
{"timestamp_unix": 1772442321.709609, "pid": 109733, "device_index": 0, "gpu_uuid": "GPU-6f954bfd-7081-31b7-f15c-f9a174bf4d7f", "gpu_util_percent": 80.0, "gpu_mem_util_percent": 7.0, "gpu_mem_used_mib": 5552.0, "gpu_mem_total_mib": 49140.0, "gpu_power_w": 103.11, "process_present": true, "process_mem_mib": 5088.0, "process_mem_share_percent": 10.354090354090355, "process_util_available": true, "process_util_backend": "nvml", "process_sm_util_percent": null, "process_mem_util_percent": null}
{"timestamp_unix": 1772442322.0063322, "pid": 109733, "device_index": 0, "gpu_uuid": "GPU-6f954bfd-7081-31b7-f15c-f9a174bf4d7f", "gpu_util_percent": 40.0, "gpu_mem_util_percent": 7.0, "gpu_mem_used_mib": 6140.0, "gpu_mem_total_mib": 49140.0, "gpu_power_w": 109.19, "process_present": true, "process_mem_mib": 5876.0, "process_mem_share_percent": 11.957671957671957, "process_util_available": true, "process_util_backend": "nvml", "process_sm_util_percent": 28.0, "process_mem_util_percent": 7.0}
{"timestamp_unix": 1772442322.297736, "pid": 109733, "device_index": 0, "gpu_uuid": "GPU-6f954bfd-7081-31b7-f15c-f9a174bf4d7f", "gpu_util_percent": 40.0, "gpu_mem_util_percent": 7.0, "gpu_mem_used_mib": 7822.0, "gpu_mem_total_mib": 49140.0, "gpu_power_w": 113.33, "process_present": true, "process_mem_mib": 7570.0, "process_mem_share_percent": 15.404965404965404, "process_util_available": true, "process_util_backend": "nvml", "process_sm_util_percent": 23.0, "process_mem_util_percent": 6.0}
{"timestamp_unix": 1772442322.5861356, "pid": 109733, "device_index": 0, "gpu_uuid": "GPU-6f954bfd-7081-31b7-f15c-f9a174bf4d7f", "gpu_util_percent": 40.0, "gpu_mem_util_percent": 7.0, "gpu_mem_used_mib": 9484.0, "gpu_mem_total_mib": 49140.0, "gpu_power_w": 113.33, "process_present": true, "process_mem_mib": 9256.0, "process_mem_share_percent": 18.835978835978835, "process_util_available": true, "process_util_backend": "nvml", "process_sm_util_percent": 23.0, "process_mem_util_percent": 6.0}
{"timestamp_unix": 1772442322.8736236, "pid": 109733, "device_index": 0, "gpu_uuid": "GPU-6f954bfd-7081-31b7-f15c-f9a174bf4d7f", "gpu_util_percent": 24.0, "gpu_mem_util_percent": 7.0, "gpu_mem_used_mib": 11434.0, "gpu_mem_total_mib": 49140.0, "gpu_power_w": 118.06, "process_present": true, "process_mem_mib": 11200.0, "process_mem_share_percent": 22.79202279202279, "process_util_available": true, "process_util_backend": "nvml", "process_sm_util_percent": 24.0, "process_mem_util_percent": 7.0}
{"timestamp_unix": 1772442323.160809, "pid": 109733, "device_index": 0, "gpu_uuid": "GPU-6f954bfd-7081-31b7-f15c-f9a174bf4d7f", "gpu_util_percent": 24.0, "gpu_mem_util_percent": 7.0, "gpu_mem_used_mib": 13452.0, "gpu_mem_total_mib": 49140.0, "gpu_power_w": 118.06, "process_present": true, "process_mem_mib": 13240.0, "process_mem_share_percent": 26.943426943426946, "process_util_available": true, "process_util_backend": "nvml", "process_sm_util_percent": 24.0, "process_mem_util_percent": 7.0}
{"timestamp_unix": 1772442323.4512904, "pid": 109733, "device_index": 0, "gpu_uuid": "GPU-6f954bfd-7081-31b7-f15c-f9a174bf4d7f", "gpu_util_percent": 24.0, "gpu_mem_util_percent": 7.0, "gpu_mem_used_mib": 15648.0, "gpu_mem_total_mib": 49140.0, "gpu_power_w": 118.96, "process_present": true, "process_mem_mib": 15380.0, "process_mem_share_percent": 31.2983312983313, "process_util_available": true, "process_util_backend": "nvml", "process_sm_util_percent": 24.0, "process_mem_util_percent": 7.0}
{"timestamp_unix": 1772442323.7437625, "pid": 109733, "device_index": 0, "gpu_uuid": "GPU-6f954bfd-7081-31b7-f15c-f9a174bf4d7f", "gpu_util_percent": 27.0, "gpu_mem_util_percent": 8.0, "gpu_mem_used_mib": 17784.0, "gpu_mem_total_mib": 49140.0, "gpu_power_w": 114.7, "process_present": true, "process_mem_mib": 17520.0, "process_mem_share_percent": 35.653235653235654, "process_util_available": true, "process_util_backend": "nvml", "process_sm_util_percent": 27.0, "process_mem_util_percent": 7.0}
{"timestamp_unix": 1772442324.228612, "pid": 109733, "device_index": 0, "gpu_uuid": "GPU-6f954bfd-7081-31b7-f15c-f9a174bf4d7f", "gpu_util_percent": 27.0, "gpu_mem_util_percent": 8.0, "gpu_mem_used_mib": 19720.0, "gpu_mem_total_mib": 49140.0, "gpu_power_w": 114.7, "process_present": true, "process_mem_mib": 19496.0, "process_mem_share_percent": 39.67439967439967, "process_util_available": true, "process_util_backend": "nvml", "process_sm_util_percent": 13.0, "process_mem_util_percent": 3.0}
{"timestamp_unix": 1772442324.5349586, "pid": 109733, "device_index": 0, "gpu_uuid": "GPU-6f954bfd-7081-31b7-f15c-f9a174bf4d7f", "gpu_util_percent": 27.0, "gpu_mem_util_percent": 8.0, "gpu_mem_used_mib": 21896.0, "gpu_mem_total_mib": 49140.0, "gpu_power_w": 103.55, "process_present": true, "process_mem_mib": 21748.0, "process_mem_share_percent": 44.25722425722426, "process_util_available": true, "process_util_backend": "nvml", "process_sm_util_percent": 22.0, "process_mem_util_percent": 6.0}
{"timestamp_unix": 1772442324.8263404, "pid": 109733, "device_index": 0, "gpu_uuid": "GPU-6f954bfd-7081-31b7-f15c-f9a174bf4d7f", "gpu_util_percent": 27.0, "gpu_mem_util_percent": 8.0, "gpu_mem_used_mib": 24370.0, "gpu_mem_total_mib": 49140.0, "gpu_power_w": 97.96, "process_present": true, "process_mem_mib": 24200.0, "process_mem_share_percent": 49.24704924704925, "process_util_available": true, "process_util_backend": "nvml", "process_sm_util_percent": 24.0, "process_mem_util_percent": 6.0}
{"timestamp_unix": 1772442325.1210163, "pid": 109733, "device_index": 0, "gpu_uuid": "GPU-6f954bfd-7081-31b7-f15c-f9a174bf4d7f", "gpu_util_percent": 27.0, "gpu_mem_util_percent": 8.0, "gpu_mem_used_mib": 26818.0, "gpu_mem_total_mib": 49140.0, "gpu_power_w": 97.96, "process_present": true, "process_mem_mib": 26632.0, "process_mem_share_percent": 54.1961741961742, "process_util_available": true, "process_util_backend": "nvml", "process_sm_util_percent": 24.0, "process_mem_util_percent": 7.0}
{"timestamp_unix": 1772442325.4121683, "pid": 109733, "device_index": 0, "gpu_uuid": "GPU-6f954bfd-7081-31b7-f15c-f9a174bf4d7f", "gpu_util_percent": 27.0, "gpu_mem_util_percent": 8.0, "gpu_mem_used_mib": 29404.0, "gpu_mem_total_mib": 49140.0, "gpu_power_w": 99.98, "process_present": true, "process_mem_mib": 29234.0, "process_mem_share_percent": 59.49124949124949, "process_util_available": true, "process_util_backend": "nvml", "process_sm_util_percent": 26.0, "process_mem_util_percent": 7.0}
{"timestamp_unix": 1772442325.7112525, "pid": 109733, "device_index": 0, "gpu_uuid": "GPU-6f954bfd-7081-31b7-f15c-f9a174bf4d7f", "gpu_util_percent": 27.0, "gpu_mem_util_percent": 8.0, "gpu_mem_used_mib": 32040.0, "gpu_mem_total_mib": 49140.0, "gpu_power_w": 99.98, "process_present": true, "process_mem_mib": 31814.0, "process_mem_share_percent": 64.74155474155474, "process_util_available": true, "process_util_backend": "nvml", "process_sm_util_percent": 26.0, "process_mem_util_percent": 7.0}
{"timestamp_unix": 1772442326.0055869, "pid": 109733, "device_index": 0, "gpu_uuid": "GPU-6f954bfd-7081-31b7-f15c-f9a174bf4d7f", "gpu_util_percent": 28.0, "gpu_mem_util_percent": 7.0, "gpu_mem_used_mib": 34630.0, "gpu_mem_total_mib": 49140.0, "gpu_power_w": 102.01, "process_present": true, "process_mem_mib": 34456.0, "process_mem_share_percent": 70.11803011803012, "process_util_available": true, "process_util_backend": "nvml", "process_sm_util_percent": 13.0, "process_mem_util_percent": 3.0}
{"timestamp_unix": 1772442326.2972338, "pid": 109733, "device_index": 0, "gpu_uuid": "GPU-6f954bfd-7081-31b7-f15c-f9a174bf4d7f", "gpu_util_percent": 28.0, "gpu_mem_util_percent": 7.0, "gpu_mem_used_mib": 37294.0, "gpu_mem_total_mib": 49140.0, "gpu_power_w": 101.68, "process_present": true, "process_mem_mib": 37178.0, "process_mem_share_percent": 75.65730565730566, "process_util_available": true, "process_util_backend": "nvml", "process_sm_util_percent": 27.0, "process_mem_util_percent": 7.0}
{"timestamp_unix": 1772442326.6045463, "pid": 109733, "device_index": 0, "gpu_uuid": "GPU-6f954bfd-7081-31b7-f15c-f9a174bf4d7f", "gpu_util_percent": 28.0, "gpu_mem_util_percent": 7.0, "gpu_mem_used_mib": 40356.0, "gpu_mem_total_mib": 49140.0, "gpu_power_w": 101.68, "process_present": true, "process_mem_mib": 40250.0, "process_mem_share_percent": 81.90883190883191, "process_util_available": true, "process_util_backend": "nvml", "process_sm_util_percent": 13.0, "process_mem_util_percent": 3.0}
{"timestamp_unix": 1772442326.9125905, "pid": 109733, "device_index": 0, "gpu_uuid": "GPU-6f954bfd-7081-31b7-f15c-f9a174bf4d7f", "gpu_util_percent": 25.0, "gpu_mem_util_percent": 7.0, "gpu_mem_used_mib": 43380.0, "gpu_mem_total_mib": 49140.0, "gpu_power_w": 101.49, "process_present": true, "process_mem_mib": 43222.0, "process_mem_share_percent": 87.95685795685796, "process_util_available": true, "process_util_backend": "nvml", "process_sm_util_percent": 25.0, "process_mem_util_percent": 7.0}
{"timestamp_unix": 1772442327.2321444, "pid": 109733, "device_index": 0, "gpu_uuid": "GPU-6f954bfd-7081-31b7-f15c-f9a174bf4d7f", "gpu_util_percent": 25.0, "gpu_mem_util_percent": 7.0, "gpu_mem_used_mib": 46334.0, "gpu_mem_total_mib": 49140.0, "gpu_power_w": 101.49, "process_present": true, "process_mem_mib": 46226.0, "process_mem_share_percent": 94.07000407000406, "process_util_available": true, "process_util_backend": "nvml", "process_sm_util_percent": 12.0, "process_mem_util_percent": 3.0}
{"timestamp_unix": 1772442327.5248642, "pid": 109733, "device_index": 0, "gpu_uuid": "GPU-6f954bfd-7081-31b7-f15c-f9a174bf4d7f", "gpu_util_percent": 25.0, "gpu_mem_util_percent": 7.0, "gpu_mem_used_mib": 47628.0, "gpu_mem_total_mib": 49140.0, "gpu_power_w": 101.43, "process_present": true, "process_mem_mib": 47126.0, "process_mem_share_percent": 95.9015059015059, "process_util_available": true, "process_util_backend": "nvml", "process_sm_util_percent": null, "process_mem_util_percent": null}
{"timestamp_unix": 1772442327.820349, "pid": 109733, "device_index": 0, "gpu_uuid": "GPU-6f954bfd-7081-31b7-f15c-f9a174bf4d7f", "gpu_util_percent": 16.0, "gpu_mem_util_percent": 2.0, "gpu_mem_used_mib": 47874.0, "gpu_mem_total_mib": 49140.0, "gpu_power_w": 95.9, "process_present": true, "process_mem_mib": 47372.0, "process_mem_share_percent": 96.4021164021164, "process_util_available": true, "process_util_backend": "nvml", "process_sm_util_percent": 11.0, "process_mem_util_percent": 2.0}
{"timestamp_unix": 1772442328.1127613, "pid": 109733, "device_index": 0, "gpu_uuid": "GPU-6f954bfd-7081-31b7-f15c-f9a174bf4d7f", "gpu_util_percent": 16.0, "gpu_mem_util_percent": 2.0, "gpu_mem_used_mib": 47874.0, "gpu_mem_total_mib": 49140.0, "gpu_power_w": 95.9, "process_present": true, "process_mem_mib": 47372.0, "process_mem_share_percent": 96.4021164021164, "process_util_available": true, "process_util_backend": "nvml", "process_sm_util_percent": 31.0, "process_mem_util_percent": 11.0}
{"timestamp_unix": 1772442328.4101813, "pid": 109733, "device_index": 0, "gpu_uuid": "GPU-6f954bfd-7081-31b7-f15c-f9a174bf4d7f", "gpu_util_percent": 16.0, "gpu_mem_util_percent": 2.0, "gpu_mem_used_mib": 47874.0, "gpu_mem_total_mib": 49140.0, "gpu_power_w": 99.54, "process_present": true, "process_mem_mib": 47372.0, "process_mem_share_percent": 96.4021164021164, "process_util_available": true, "process_util_backend": "nvml", "process_sm_util_percent": 33.0, "process_mem_util_percent": 11.0}
{"timestamp_unix": 1772442328.7133844, "pid": 109733, "device_index": 0, "gpu_uuid": "GPU-6f954bfd-7081-31b7-f15c-f9a174bf4d7f", "gpu_util_percent": 16.0, "gpu_mem_util_percent": 2.0, "gpu_mem_used_mib": 47874.0, "gpu_mem_total_mib": 49140.0, "gpu_power_w": 99.54, "process_present": true, "process_mem_mib": 47372.0, "process_mem_share_percent": 96.4021164021164, "process_util_available": true, "process_util_backend": "nvml", "process_sm_util_percent": 32.0, "process_mem_util_percent": 11.0}
{"timestamp_unix": 1772442329.0091658, "pid": 109733, "device_index": 0, "gpu_uuid": "GPU-6f954bfd-7081-31b7-f15c-f9a174bf4d7f", "gpu_util_percent": 32.0, "gpu_mem_util_percent": 11.0, "gpu_mem_used_mib": 47874.0, "gpu_mem_total_mib": 49140.0, "gpu_power_w": 107.04, "process_present": true, "process_mem_mib": 47372.0, "process_mem_share_percent": 96.4021164021164, "process_util_available": true, "process_util_backend": "nvml", "process_sm_util_percent": 32.0, "process_mem_util_percent": 11.0}
{"timestamp_unix": 1772442329.3145247, "pid": 109733, "device_index": 0, "gpu_uuid": "GPU-6f954bfd-7081-31b7-f15c-f9a174bf4d7f", "gpu_util_percent": 32.0, "gpu_mem_util_percent": 11.0, "gpu_mem_used_mib": 47874.0, "gpu_mem_total_mib": 49140.0, "gpu_power_w": 109.38, "process_present": true, "process_mem_mib": 47372.0, "process_mem_share_percent": 96.4021164021164, "process_util_available": true, "process_util_backend": "nvml", "process_sm_util_percent": 32.0, "process_mem_util_percent": 10.0}
{"timestamp_unix": 1772442329.6185396, "pid": 109733, "device_index": 0, "gpu_uuid": "GPU-6f954bfd-7081-31b7-f15c-f9a174bf4d7f", "gpu_util_percent": 32.0, "gpu_mem_util_percent": 11.0, "gpu_mem_used_mib": 47874.0, "gpu_mem_total_mib": 49140.0, "gpu_power_w": 109.38, "process_present": true, "process_mem_mib": 47372.0, "process_mem_share_percent": 96.4021164021164, "process_util_available": true, "process_util_backend": "nvml", "process_sm_util_percent": 30.0, "process_mem_util_percent": 11.0}
{"timestamp_unix": 1772442329.9195054, "pid": 109733, "device_index": 0, "gpu_uuid": "GPU-6f954bfd-7081-31b7-f15c-f9a174bf4d7f", "gpu_util_percent": 31.0, "gpu_mem_util_percent": 11.0, "gpu_mem_used_mib": 47874.0, "gpu_mem_total_mib": 49140.0, "gpu_power_w": 108.81, "process_present": true, "process_mem_mib": 47372.0, "process_mem_share_percent": 96.4021164021164, "process_util_available": true, "process_util_backend": "nvml", "process_sm_util_percent": 31.0, "process_mem_util_percent": 11.0}
{"timestamp_unix": 1772442330.2118533, "pid": 109733, "device_index": 0, "gpu_uuid": "GPU-6f954bfd-7081-31b7-f15c-f9a174bf4d7f", "gpu_util_percent": 31.0, "gpu_mem_util_percent": 11.0, "gpu_mem_used_mib": 47874.0, "gpu_mem_total_mib": 49140.0, "gpu_power_w": 108.81, "process_present": true, "process_mem_mib": 47372.0, "process_mem_share_percent": 96.4021164021164, "process_util_available": true, "process_util_backend": "nvml", "process_sm_util_percent": 31.0, "process_mem_util_percent": 10.0}
{"timestamp_unix": 1772442330.5044208, "pid": 109733, "device_index": 0, "gpu_uuid": "GPU-6f954bfd-7081-31b7-f15c-f9a174bf4d7f", "gpu_util_percent": 31.0, "gpu_mem_util_percent": 11.0, "gpu_mem_used_mib": 47874.0, "gpu_mem_total_mib": 49140.0, "gpu_power_w": 108.59, "process_present": true, "process_mem_mib": 47372.0, "process_mem_share_percent": 96.4021164021164, "process_util_available": true, "process_util_backend": "nvml", "process_sm_util_percent": 31.0, "process_mem_util_percent": 11.0}
{"timestamp_unix": 1772442330.7949283, "pid": 109733, "device_index": 0, "gpu_uuid": "GPU-6f954bfd-7081-31b7-f15c-f9a174bf4d7f", "gpu_util_percent": 31.0, "gpu_mem_util_percent": 11.0, "gpu_mem_used_mib": 47874.0, "gpu_mem_total_mib": 49140.0, "gpu_power_w": 108.35, "process_present": true, "process_mem_mib": 47372.0, "process_mem_share_percent": 96.4021164021164, "process_util_available": true, "process_util_backend": "nvml", "process_sm_util_percent": 30.0, "process_mem_util_percent": 10.0}
{"timestamp_unix": 1772442331.0857847, "pid": 109733, "device_index": 0, "gpu_uuid": "GPU-6f954bfd-7081-31b7-f15c-f9a174bf4d7f", "gpu_util_percent": 31.0, "gpu_mem_util_percent": 11.0, "gpu_mem_used_mib": 47874.0, "gpu_mem_total_mib": 49140.0, "gpu_power_w": 108.35, "process_present": true, "process_mem_mib": 47372.0, "process_mem_share_percent": 96.4021164021164, "process_util_available": true, "process_util_backend": "nvml", "process_sm_util_percent": 30.0, "process_mem_util_percent": 10.0}
{"timestamp_unix": 1772442331.375963, "pid": 109733, "device_index": 0, "gpu_uuid": "GPU-6f954bfd-7081-31b7-f15c-f9a174bf4d7f", "gpu_util_percent": 31.0, "gpu_mem_util_percent": 11.0, "gpu_mem_used_mib": 47874.0, "gpu_mem_total_mib": 49140.0, "gpu_power_w": 107.7, "process_present": true, "process_mem_mib": 47372.0, "process_mem_share_percent": 96.4021164021164, "process_util_available": true, "process_util_backend": "nvml", "process_sm_util_percent": 31.0, "process_mem_util_percent": 10.0}
{"timestamp_unix": 1772442331.6698277, "pid": 109733, "device_index": 0, "gpu_uuid": "GPU-6f954bfd-7081-31b7-f15c-f9a174bf4d7f", "gpu_util_percent": 31.0, "gpu_mem_util_percent": 11.0, "gpu_mem_used_mib": 47874.0, "gpu_mem_total_mib": 49140.0, "gpu_power_w": 107.7, "process_present": true, "process_mem_mib": 47372.0, "process_mem_share_percent": 96.4021164021164, "process_util_available": true, "process_util_backend": "nvml", "process_sm_util_percent": 30.0, "process_mem_util_percent": 9.0}
{"timestamp_unix": 1772442331.9701004, "pid": 109733, "device_index": 0, "gpu_uuid": "GPU-6f954bfd-7081-31b7-f15c-f9a174bf4d7f", "gpu_util_percent": 31.0, "gpu_mem_util_percent": 10.0, "gpu_mem_used_mib": 47874.0, "gpu_mem_total_mib": 49140.0, "gpu_power_w": 107.17, "process_present": true, "process_mem_mib": 47372.0, "process_mem_share_percent": 96.4021164021164, "process_util_available": true, "process_util_backend": "nvml", "process_sm_util_percent": 30.0, "process_mem_util_percent": 10.0}
{"timestamp_unix": 1772442332.2795067, "pid": 109733, "device_index": 0, "gpu_uuid": "GPU-6f954bfd-7081-31b7-f15c-f9a174bf4d7f", "gpu_util_percent": 31.0, "gpu_mem_util_percent": 10.0, "gpu_mem_used_mib": 47874.0, "gpu_mem_total_mib": 49140.0, "gpu_power_w": 107.05, "process_present": true, "process_mem_mib": 47372.0, "process_mem_share_percent": 96.4021164021164, "process_util_available": true, "process_util_backend": "nvml", "process_sm_util_percent": 31.0, "process_mem_util_percent": 10.0}
{"timestamp_unix": 1772442332.5834, "pid": 109733, "device_index": 0, "gpu_uuid": "GPU-6f954bfd-7081-31b7-f15c-f9a174bf4d7f", "gpu_util_percent": 31.0, "gpu_mem_util_percent": 10.0, "gpu_mem_used_mib": 47874.0, "gpu_mem_total_mib": 49140.0, "gpu_power_w": 107.05, "process_present": true, "process_mem_mib": 47372.0, "process_mem_share_percent": 96.4021164021164, "process_util_available": true, "process_util_backend": "nvml", "process_sm_util_percent": 30.0, "process_mem_util_percent": 9.0}
{"timestamp_unix": 1772442332.8740246, "pid": 109733, "device_index": 0, "gpu_uuid": "GPU-6f954bfd-7081-31b7-f15c-f9a174bf4d7f", "gpu_util_percent": 30.0, "gpu_mem_util_percent": 9.0, "gpu_mem_used_mib": 47874.0, "gpu_mem_total_mib": 49140.0, "gpu_power_w": 106.73, "process_present": true, "process_mem_mib": 47372.0, "process_mem_share_percent": 96.4021164021164, "process_util_available": true, "process_util_backend": "nvml", "process_sm_util_percent": 30.0, "process_mem_util_percent": 10.0}
{"timestamp_unix": 1772442333.1681886, "pid": 109733, "device_index": 0, "gpu_uuid": "GPU-6f954bfd-7081-31b7-f15c-f9a174bf4d7f", "gpu_util_percent": 30.0, "gpu_mem_util_percent": 9.0, "gpu_mem_used_mib": 47874.0, "gpu_mem_total_mib": 49140.0, "gpu_power_w": 106.73, "process_present": true, "process_mem_mib": 47372.0, "process_mem_share_percent": 96.4021164021164, "process_util_available": true, "process_util_backend": "nvml", "process_sm_util_percent": 29.0, "process_mem_util_percent": 9.0}
{"timestamp_unix": 1772442333.4575224, "pid": 109733, "device_index": 0, "gpu_uuid": "GPU-6f954bfd-7081-31b7-f15c-f9a174bf4d7f", "gpu_util_percent": 30.0, "gpu_mem_util_percent": 9.0, "gpu_mem_used_mib": 47874.0, "gpu_mem_total_mib": 49140.0, "gpu_power_w": 106.31, "process_present": true, "process_mem_mib": 47372.0, "process_mem_share_percent": 96.4021164021164, "process_util_available": true, "process_util_backend": "nvml", "process_sm_util_percent": 30.0, "process_mem_util_percent": 9.0}
{"timestamp_unix": 1772442333.756607, "pid": 109733, "device_index": 0, "gpu_uuid": "GPU-6f954bfd-7081-31b7-f15c-f9a174bf4d7f", "gpu_util_percent": 65.0, "gpu_mem_util_percent": 8.0, "gpu_mem_used_mib": 44368.0, "gpu_mem_total_mib": 49140.0, "gpu_power_w": 103.1, "process_present": true, "process_mem_mib": 42740.0, "process_mem_share_percent": 86.97598697598697, "process_util_available": true, "process_util_backend": "nvml", "process_sm_util_percent": 11.0, "process_mem_util_percent": 2.0}
{"timestamp_unix": 1772442334.046936, "pid": 109733, "device_index": 0, "gpu_uuid": "GPU-6f954bfd-7081-31b7-f15c-f9a174bf4d7f", "gpu_util_percent": 65.0, "gpu_mem_util_percent": 8.0, "gpu_mem_used_mib": 33489.0, "gpu_mem_total_mib": 49140.0, "gpu_power_w": 103.1, "process_present": true, "process_mem_mib": 31468.0, "process_mem_share_percent": 64.03744403744403, "process_util_available": true, "process_util_backend": "nvml", "process_sm_util_percent": null, "process_mem_util_percent": null}
{"timestamp_unix": 1772442334.3388245, "pid": 109733, "device_index": 0, "gpu_uuid": "GPU-6f954bfd-7081-31b7-f15c-f9a174bf4d7f", "gpu_util_percent": 65.0, "gpu_mem_util_percent": 8.0, "gpu_mem_used_mib": 21489.0, "gpu_mem_total_mib": 49140.0, "gpu_power_w": 102.82, "process_present": true, "process_mem_mib": 19508.0, "process_mem_share_percent": 39.6988196988197, "process_util_available": true, "process_util_backend": "nvml", "process_sm_util_percent": null, "process_mem_util_percent": null}
{"timestamp_unix": 1772442334.639178, "pid": 109733, "device_index": 0, "gpu_uuid": "GPU-6f954bfd-7081-31b7-f15c-f9a174bf4d7f", "gpu_util_percent": 65.0, "gpu_mem_util_percent": 8.0, "gpu_mem_used_mib": 10179.0, "gpu_mem_total_mib": 49140.0, "gpu_power_w": 102.82, "process_present": true, "process_mem_mib": 9038.0, "process_mem_share_percent": 18.392348392348392, "process_util_available": true, "process_util_backend": "nvml", "process_sm_util_percent": null, "process_mem_util_percent": null}
{"timestamp_unix": 1772442334.944483, "pid": 109733, "device_index": 0, "gpu_uuid": "GPU-6f954bfd-7081-31b7-f15c-f9a174bf4d7f", "gpu_util_percent": 43.0, "gpu_mem_util_percent": 4.0, "gpu_mem_used_mib": 6025.0, "gpu_mem_total_mib": 49140.0, "gpu_power_w": 105.86, "process_present": true, "process_mem_mib": 5560.0, "process_mem_share_percent": 11.314611314611314, "process_util_available": true, "process_util_backend": "nvml", "process_sm_util_percent": null, "process_mem_util_percent": null}
{"timestamp_unix": 1772442335.2607284, "pid": 109733, "device_index": 0, "gpu_uuid": "GPU-6f954bfd-7081-31b7-f15c-f9a174bf4d7f", "gpu_util_percent": 43.0, "gpu_mem_util_percent": 4.0, "gpu_mem_used_mib": 6600.0, "gpu_mem_total_mib": 49140.0, "gpu_power_w": 105.86, "process_present": true, "process_mem_mib": 6322.0, "process_mem_share_percent": 12.865282865282865, "process_util_available": true, "process_util_backend": "nvml", "process_sm_util_percent": 32.0, "process_mem_util_percent": 7.0}
{"timestamp_unix": 1772442335.5510345, "pid": 109733, "device_index": 0, "gpu_uuid": "GPU-6f954bfd-7081-31b7-f15c-f9a174bf4d7f", "gpu_util_percent": 43.0, "gpu_mem_util_percent": 4.0, "gpu_mem_used_mib": 8174.0, "gpu_mem_total_mib": 49140.0, "gpu_power_w": 112.22, "process_present": true, "process_mem_mib": 7818.0, "process_mem_share_percent": 15.909645909645908, "process_util_available": true, "process_util_backend": "nvml", "process_sm_util_percent": 24.0, "process_mem_util_percent": 6.0}
{"timestamp_unix": 1772442335.8403065, "pid": 109733, "device_index": 0, "gpu_uuid": "GPU-6f954bfd-7081-31b7-f15c-f9a174bf4d7f", "gpu_util_percent": 26.0, "gpu_mem_util_percent": 8.0, "gpu_mem_used_mib": 9666.0, "gpu_mem_total_mib": 49140.0, "gpu_power_w": 115.84, "process_present": true, "process_mem_mib": 9382.0, "process_mem_share_percent": 19.09238909238909, "process_util_available": true, "process_util_backend": "nvml", "process_sm_util_percent": 25.0, "process_mem_util_percent": 7.0}
{"timestamp_unix": 1772442336.1340501, "pid": 109733, "device_index": 0, "gpu_uuid": "GPU-6f954bfd-7081-31b7-f15c-f9a174bf4d7f", "gpu_util_percent": 26.0, "gpu_mem_util_percent": 8.0, "gpu_mem_used_mib": 11544.0, "gpu_mem_total_mib": 49140.0, "gpu_power_w": 115.84, "process_present": true, "process_mem_mib": 11320.0, "process_mem_share_percent": 23.036223036223035, "process_util_available": true, "process_util_backend": "nvml", "process_sm_util_percent": 25.0, "process_mem_util_percent": 7.0}
{"timestamp_unix": 1772442336.4229803, "pid": 109733, "device_index": 0, "gpu_uuid": "GPU-6f954bfd-7081-31b7-f15c-f9a174bf4d7f", "gpu_util_percent": 26.0, "gpu_mem_util_percent": 8.0, "gpu_mem_used_mib": 13560.0, "gpu_mem_total_mib": 49140.0, "gpu_power_w": 119.18, "process_present": true, "process_mem_mib": 13340.0, "process_mem_share_percent": 27.146927146927148, "process_util_available": true, "process_util_backend": "nvml", "process_sm_util_percent": 26.0, "process_mem_util_percent": 7.0}
{"timestamp_unix": 1772442336.7175899, "pid": 109733, "device_index": 0, "gpu_uuid": "GPU-6f954bfd-7081-31b7-f15c-f9a174bf4d7f", "gpu_util_percent": 26.0, "gpu_mem_util_percent": 8.0, "gpu_mem_used_mib": 15668.0, "gpu_mem_total_mib": 49140.0, "gpu_power_w": 119.18, "process_present": true, "process_mem_mib": 15440.0, "process_mem_share_percent": 31.42043142043142, "process_util_available": true, "process_util_backend": "nvml", "process_sm_util_percent": 25.0, "process_mem_util_percent": 7.0}
{"timestamp_unix": 1772442337.0074337, "pid": 109733, "device_index": 0, "gpu_uuid": "GPU-6f954bfd-7081-31b7-f15c-f9a174bf4d7f", "gpu_util_percent": 28.0, "gpu_mem_util_percent": 9.0, "gpu_mem_used_mib": 17836.0, "gpu_mem_total_mib": 49140.0, "gpu_power_w": 119.27, "process_present": true, "process_mem_mib": 17630.0, "process_mem_share_percent": 35.87708587708588, "process_util_available": true, "process_util_backend": "nvml", "process_sm_util_percent": 27.0, "process_mem_util_percent": 7.0}
{"timestamp_unix": 1772442337.3118727, "pid": 109733, "device_index": 0, "gpu_uuid": "GPU-6f954bfd-7081-31b7-f15c-f9a174bf4d7f", "gpu_util_percent": 28.0, "gpu_mem_util_percent": 9.0, "gpu_mem_used_mib": 20045.0, "gpu_mem_total_mib": 49140.0, "gpu_power_w": 111.29, "process_present": true, "process_mem_mib": 19846.0, "process_mem_share_percent": 40.38665038665039, "process_util_available": true, "process_util_backend": "nvml", "process_sm_util_percent": 27.0, "process_mem_util_percent": 7.0}
{"timestamp_unix": 1772442337.6182184, "pid": 109733, "device_index": 0, "gpu_uuid": "GPU-6f954bfd-7081-31b7-f15c-f9a174bf4d7f", "gpu_util_percent": 28.0, "gpu_mem_util_percent": 9.0, "gpu_mem_used_mib": 22377.0, "gpu_mem_total_mib": 49140.0, "gpu_power_w": 111.29, "process_present": true, "process_mem_mib": 22200.0, "process_mem_share_percent": 45.17704517704518, "process_util_available": true, "process_util_backend": "nvml", "process_sm_util_percent": 13.0, "process_mem_util_percent": 3.0}
{"timestamp_unix": 1772442337.9171383, "pid": 109733, "device_index": 0, "gpu_uuid": "GPU-6f954bfd-7081-31b7-f15c-f9a174bf4d7f", "gpu_util_percent": 24.0, "gpu_mem_util_percent": 7.0, "gpu_mem_used_mib": 24825.0, "gpu_mem_total_mib": 49140.0, "gpu_power_w": 103.04, "process_present": true, "process_mem_mib": 24644.0, "process_mem_share_percent": 50.15059015059015, "process_util_available": true, "process_util_backend": "nvml", "process_sm_util_percent": 26.0, "process_mem_util_percent": 7.0}
{"timestamp_unix": 1772442338.2131917, "pid": 109733, "device_index": 0, "gpu_uuid": "GPU-6f954bfd-7081-31b7-f15c-f9a174bf4d7f", "gpu_util_percent": 24.0, "gpu_mem_util_percent": 7.0, "gpu_mem_used_mib": 27247.0, "gpu_mem_total_mib": 49140.0, "gpu_power_w": 103.04, "process_present": true, "process_mem_mib": 27058.0, "process_mem_share_percent": 55.06308506308506, "process_util_available": true, "process_util_backend": "nvml", "process_sm_util_percent": 28.0, "process_mem_util_percent": 7.0}
{"timestamp_unix": 1772442338.5070102, "pid": 109733, "device_index": 0, "gpu_uuid": "GPU-6f954bfd-7081-31b7-f15c-f9a174bf4d7f", "gpu_util_percent": 24.0, "gpu_mem_util_percent": 7.0, "gpu_mem_used_mib": 29831.0, "gpu_mem_total_mib": 49140.0, "gpu_power_w": 103.17, "process_present": true, "process_mem_mib": 29660.0, "process_mem_share_percent": 60.35816035816036, "process_util_available": true, "process_util_backend": "nvml", "process_sm_util_percent": 26.0, "process_mem_util_percent": 7.0}
{"timestamp_unix": 1772442338.8062208, "pid": 109733, "device_index": 0, "gpu_uuid": "GPU-6f954bfd-7081-31b7-f15c-f9a174bf4d7f", "gpu_util_percent": 27.0, "gpu_mem_util_percent": 8.0, "gpu_mem_used_mib": 32495.0, "gpu_mem_total_mib": 49140.0, "gpu_power_w": 103.16, "process_present": true, "process_mem_mib": 32352.0, "process_mem_share_percent": 65.83638583638583, "process_util_available": true, "process_util_backend": "nvml", "process_sm_util_percent": 27.0, "process_mem_util_percent": 7.0}
{"timestamp_unix": 1772442339.0979805, "pid": 109733, "device_index": 0, "gpu_uuid": "GPU-6f954bfd-7081-31b7-f15c-f9a174bf4d7f", "gpu_util_percent": 27.0, "gpu_mem_util_percent": 8.0, "gpu_mem_used_mib": 35169.0, "gpu_mem_total_mib": 49140.0, "gpu_power_w": 103.16, "process_present": true, "process_mem_mib": 34928.0, "process_mem_share_percent": 71.07855107855107, "process_util_available": true, "process_util_backend": "nvml", "process_sm_util_percent": 27.0, "process_mem_util_percent": 7.0}
{"timestamp_unix": 1772442339.3925087, "pid": 109733, "device_index": 0, "gpu_uuid": "GPU-6f954bfd-7081-31b7-f15c-f9a174bf4d7f", "gpu_util_percent": 27.0, "gpu_mem_util_percent": 8.0, "gpu_mem_used_mib": 37723.0, "gpu_mem_total_mib": 49140.0, "gpu_power_w": 103.26, "process_present": true, "process_mem_mib": 37620.0, "process_mem_share_percent": 76.55677655677655, "process_util_available": true, "process_util_backend": "nvml", "process_sm_util_percent": 27.0, "process_mem_util_percent": 7.0}
{"timestamp_unix": 1772442339.6889696, "pid": 109733, "device_index": 0, "gpu_uuid": "GPU-6f954bfd-7081-31b7-f15c-f9a174bf4d7f", "gpu_util_percent": 27.0, "gpu_mem_util_percent": 8.0, "gpu_mem_used_mib": 40625.0, "gpu_mem_total_mib": 49140.0, "gpu_power_w": 103.26, "process_present": true, "process_mem_mib": 40434.0, "process_mem_share_percent": 82.28327228327228, "process_util_available": true, "process_util_backend": "nvml", "process_sm_util_percent": 26.0, "process_mem_util_percent": 7.0}
{"timestamp_unix": 1772442339.994523, "pid": 109733, "device_index": 0, "gpu_uuid": "GPU-6f954bfd-7081-31b7-f15c-f9a174bf4d7f", "gpu_util_percent": 25.0, "gpu_mem_util_percent": 7.0, "gpu_mem_used_mib": 43505.0, "gpu_mem_total_mib": 49140.0, "gpu_power_w": 103.15, "process_present": true, "process_mem_mib": 43416.0, "process_mem_share_percent": 88.35164835164835, "process_util_available": true, "process_util_backend": "nvml", "process_sm_util_percent": 26.0, "process_mem_util_percent": 7.0}
{"timestamp_unix": 1772442340.30401, "pid": 109733, "device_index": 0, "gpu_uuid": "GPU-6f954bfd-7081-31b7-f15c-f9a174bf4d7f", "gpu_util_percent": 25.0, "gpu_mem_util_percent": 7.0, "gpu_mem_used_mib": 46513.0, "gpu_mem_total_mib": 49140.0, "gpu_power_w": 102.8, "process_present": true, "process_mem_mib": 46390.0, "process_mem_share_percent": 94.40374440374441, "process_util_available": true, "process_util_backend": "nvml", "process_sm_util_percent": 27.0, "process_mem_util_percent": 8.0}
{"timestamp_unix": 1772442340.6145961, "pid": 109733, "device_index": 0, "gpu_uuid": "GPU-6f954bfd-7081-31b7-f15c-f9a174bf4d7f", "gpu_util_percent": 25.0, "gpu_mem_util_percent": 7.0, "gpu_mem_used_mib": 48027.0, "gpu_mem_total_mib": 49140.0, "gpu_power_w": 102.8, "process_present": true, "process_mem_mib": 47524.0, "process_mem_share_percent": 96.71143671143672, "process_util_available": true, "process_util_backend": "nvml", "process_sm_util_percent": 13.0, "process_mem_util_percent": 3.0}
{"timestamp_unix": 1772442340.9076827, "pid": 109733, "device_index": 0, "gpu_uuid": "GPU-6f954bfd-7081-31b7-f15c-f9a174bf4d7f", "gpu_util_percent": 13.0, "gpu_mem_util_percent": 1.0, "gpu_mem_used_mib": 48289.0, "gpu_mem_total_mib": 49140.0, "gpu_power_w": 98.73, "process_present": true, "process_mem_mib": 47786.0, "process_mem_share_percent": 97.24460724460724, "process_util_available": true, "process_util_backend": "nvml", "process_sm_util_percent": 15.0, "process_mem_util_percent": 1.0}
{"timestamp_unix": 1772442341.2034922, "pid": 109733, "device_index": 0, "gpu_uuid": "GPU-6f954bfd-7081-31b7-f15c-f9a174bf4d7f", "gpu_util_percent": 13.0, "gpu_mem_util_percent": 1.0, "gpu_mem_used_mib": 48289.0, "gpu_mem_total_mib": 49140.0, "gpu_power_w": 98.73, "process_present": true, "process_mem_mib": 47786.0, "process_mem_share_percent": 97.24460724460724, "process_util_available": true, "process_util_backend": "nvml", "process_sm_util_percent": 33.0, "process_mem_util_percent": 12.0}
{"timestamp_unix": 1772442341.4955916, "pid": 109733, "device_index": 0, "gpu_uuid": "GPU-6f954bfd-7081-31b7-f15c-f9a174bf4d7f", "gpu_util_percent": 13.0, "gpu_mem_util_percent": 1.0, "gpu_mem_used_mib": 48289.0, "gpu_mem_total_mib": 49140.0, "gpu_power_w": 100.6, "process_present": true, "process_mem_mib": 47786.0, "process_mem_share_percent": 97.24460724460724, "process_util_available": true, "process_util_backend": "nvml", "process_sm_util_percent": 31.0, "process_mem_util_percent": 11.0}
{"timestamp_unix": 1772442341.7897658, "pid": 109733, "device_index": 0, "gpu_uuid": "GPU-6f954bfd-7081-31b7-f15c-f9a174bf4d7f", "gpu_util_percent": 31.0, "gpu_mem_util_percent": 13.0, "gpu_mem_used_mib": 48289.0, "gpu_mem_total_mib": 49140.0, "gpu_power_w": 106.79, "process_present": true, "process_mem_mib": 47786.0, "process_mem_share_percent": 97.24460724460724, "process_util_available": true, "process_util_backend": "nvml", "process_sm_util_percent": 32.0, "process_mem_util_percent": 12.0}
{"timestamp_unix": 1772442342.0866416, "pid": 109733, "device_index": 0, "gpu_uuid": "GPU-6f954bfd-7081-31b7-f15c-f9a174bf4d7f", "gpu_util_percent": 31.0, "gpu_mem_util_percent": 13.0, "gpu_mem_used_mib": 48289.0, "gpu_mem_total_mib": 49140.0, "gpu_power_w": 106.79, "process_present": true, "process_mem_mib": 47786.0, "process_mem_share_percent": 97.24460724460724, "process_util_available": true, "process_util_backend": "nvml", "process_sm_util_percent": 32.0, "process_mem_util_percent": 12.0}
{"timestamp_unix": 1772442342.3777153, "pid": 109733, "device_index": 0, "gpu_uuid": "GPU-6f954bfd-7081-31b7-f15c-f9a174bf4d7f", "gpu_util_percent": 31.0, "gpu_mem_util_percent": 13.0, "gpu_mem_used_mib": 48288.0, "gpu_mem_total_mib": 49140.0, "gpu_power_w": 111.57, "process_present": true, "process_mem_mib": 47786.0, "process_mem_share_percent": 97.24460724460724, "process_util_available": true, "process_util_backend": "nvml", "process_sm_util_percent": 32.0, "process_mem_util_percent": 11.0}
{"timestamp_unix": 1772442342.68657, "pid": 109733, "device_index": 0, "gpu_uuid": "GPU-6f954bfd-7081-31b7-f15c-f9a174bf4d7f", "gpu_util_percent": 31.0, "gpu_mem_util_percent": 13.0, "gpu_mem_used_mib": 48288.0, "gpu_mem_total_mib": 49140.0, "gpu_power_w": 111.57, "process_present": true, "process_mem_mib": 47786.0, "process_mem_share_percent": 97.24460724460724, "process_util_available": true, "process_util_backend": "nvml", "process_sm_util_percent": 32.0, "process_mem_util_percent": 12.0}
{"timestamp_unix": 1772442342.9892392, "pid": 109733, "device_index": 0, "gpu_uuid": "GPU-6f954bfd-7081-31b7-f15c-f9a174bf4d7f", "gpu_util_percent": 30.0, "gpu_mem_util_percent": 12.0, "gpu_mem_used_mib": 48288.0, "gpu_mem_total_mib": 49140.0, "gpu_power_w": 111.36, "process_present": true, "process_mem_mib": 47786.0, "process_mem_share_percent": 97.24460724460724, "process_util_available": true, "process_util_backend": "nvml", "process_sm_util_percent": 16.0, "process_mem_util_percent": 5.0}
{"timestamp_unix": 1772442343.2958288, "pid": 109733, "device_index": 0, "gpu_uuid": "GPU-6f954bfd-7081-31b7-f15c-f9a174bf4d7f", "gpu_util_percent": 30.0, "gpu_mem_util_percent": 12.0, "gpu_mem_used_mib": 48288.0, "gpu_mem_total_mib": 49140.0, "gpu_power_w": 110.95, "process_present": true, "process_mem_mib": 47786.0, "process_mem_share_percent": 97.24460724460724, "process_util_available": true, "process_util_backend": "nvml", "process_sm_util_percent": null, "process_mem_util_percent": null}
{"timestamp_unix": 1772442343.5877273, "pid": 109733, "device_index": 0, "gpu_uuid": "GPU-6f954bfd-7081-31b7-f15c-f9a174bf4d7f", "gpu_util_percent": 30.0, "gpu_mem_util_percent": 12.0, "gpu_mem_used_mib": 48288.0, "gpu_mem_total_mib": 49140.0, "gpu_power_w": 110.95, "process_present": true, "process_mem_mib": 47786.0, "process_mem_share_percent": 97.24460724460724, "process_util_available": true, "process_util_backend": "nvml", "process_sm_util_percent": 32.0, "process_mem_util_percent": 11.0}
{"timestamp_unix": 1772442343.8795152, "pid": 109733, "device_index": 0, "gpu_uuid": "GPU-6f954bfd-7081-31b7-f15c-f9a174bf4d7f", "gpu_util_percent": 29.0, "gpu_mem_util_percent": 12.0, "gpu_mem_used_mib": 48288.0, "gpu_mem_total_mib": 49140.0, "gpu_power_w": 110.57, "process_present": true, "process_mem_mib": 47786.0, "process_mem_share_percent": 97.24460724460724, "process_util_available": true, "process_util_backend": "nvml", "process_sm_util_percent": 31.0, "process_mem_util_percent": 11.0}
{"timestamp_unix": 1772442344.1732557, "pid": 109733, "device_index": 0, "gpu_uuid": "GPU-6f954bfd-7081-31b7-f15c-f9a174bf4d7f", "gpu_util_percent": 29.0, "gpu_mem_util_percent": 12.0, "gpu_mem_used_mib": 48286.0, "gpu_mem_total_mib": 49140.0, "gpu_power_w": 110.57, "process_present": true, "process_mem_mib": 47786.0, "process_mem_share_percent": 97.24460724460724, "process_util_available": true, "process_util_backend": "nvml", "process_sm_util_percent": 30.0, "process_mem_util_percent": 11.0}
{"timestamp_unix": 1772442344.4722865, "pid": 109733, "device_index": 0, "gpu_uuid": "GPU-6f954bfd-7081-31b7-f15c-f9a174bf4d7f", "gpu_util_percent": 29.0, "gpu_mem_util_percent": 12.0, "gpu_mem_used_mib": 48286.0, "gpu_mem_total_mib": 49140.0, "gpu_power_w": 110.28, "process_present": true, "process_mem_mib": 47786.0, "process_mem_share_percent": 97.24460724460724, "process_util_available": true, "process_util_backend": "nvml", "process_sm_util_percent": 29.0, "process_mem_util_percent": 11.0}
{"timestamp_unix": 1772442344.7661114, "pid": 109733, "device_index": 0, "gpu_uuid": "GPU-6f954bfd-7081-31b7-f15c-f9a174bf4d7f", "gpu_util_percent": 27.0, "gpu_mem_util_percent": 12.0, "gpu_mem_used_mib": 48290.0, "gpu_mem_total_mib": 49140.0, "gpu_power_w": 110.08, "process_present": true, "process_mem_mib": 47786.0, "process_mem_share_percent": 97.24460724460724, "process_util_available": true, "process_util_backend": "nvml", "process_sm_util_percent": 29.0, "process_mem_util_percent": 11.0}
{"timestamp_unix": 1772442345.0594232, "pid": 109733, "device_index": 0, "gpu_uuid": "GPU-6f954bfd-7081-31b7-f15c-f9a174bf4d7f", "gpu_util_percent": 27.0, "gpu_mem_util_percent": 12.0, "gpu_mem_used_mib": 48291.0, "gpu_mem_total_mib": 49140.0, "gpu_power_w": 110.08, "process_present": true, "process_mem_mib": 47786.0, "process_mem_share_percent": 97.24460724460724, "process_util_available": true, "process_util_backend": "nvml", "process_sm_util_percent": 29.0, "process_mem_util_percent": 11.0}
{"timestamp_unix": 1772442345.3678076, "pid": 109733, "device_index": 0, "gpu_uuid": "GPU-6f954bfd-7081-31b7-f15c-f9a174bf4d7f", "gpu_util_percent": 27.0, "gpu_mem_util_percent": 12.0, "gpu_mem_used_mib": 48291.0, "gpu_mem_total_mib": 49140.0, "gpu_power_w": 109.88, "process_present": true, "process_mem_mib": 47786.0, "process_mem_share_percent": 97.24460724460724, "process_util_available": true, "process_util_backend": "nvml", "process_sm_util_percent": 27.0, "process_mem_util_percent": 11.0}
{"timestamp_unix": 1772442345.6722996, "pid": 109733, "device_index": 0, "gpu_uuid": "GPU-6f954bfd-7081-31b7-f15c-f9a174bf4d7f", "gpu_util_percent": 27.0, "gpu_mem_util_percent": 12.0, "gpu_mem_used_mib": 48291.0, "gpu_mem_total_mib": 49140.0, "gpu_power_w": 109.88, "process_present": true, "process_mem_mib": 47786.0, "process_mem_share_percent": 97.24460724460724, "process_util_available": true, "process_util_backend": "nvml", "process_sm_util_percent": 26.0, "process_mem_util_percent": 11.0}
{"timestamp_unix": 1772442345.9649282, "pid": 109733, "device_index": 0, "gpu_uuid": "GPU-6f954bfd-7081-31b7-f15c-f9a174bf4d7f", "gpu_util_percent": 26.0, "gpu_mem_util_percent": 11.0, "gpu_mem_used_mib": 48291.0, "gpu_mem_total_mib": 49140.0, "gpu_power_w": 109.48, "process_present": true, "process_mem_mib": 47786.0, "process_mem_share_percent": 97.24460724460724, "process_util_available": true, "process_util_backend": "nvml", "process_sm_util_percent": 27.0, "process_mem_util_percent": 11.0}
{"timestamp_unix": 1772442346.2622082, "pid": 109733, "device_index": 0, "gpu_uuid": "GPU-6f954bfd-7081-31b7-f15c-f9a174bf4d7f", "gpu_util_percent": 26.0, "gpu_mem_util_percent": 11.0, "gpu_mem_used_mib": 48290.0, "gpu_mem_total_mib": 49140.0, "gpu_power_w": 109.16, "process_present": true, "process_mem_mib": 47786.0, "process_mem_share_percent": 97.24460724460724, "process_util_available": true, "process_util_backend": "nvml", "process_sm_util_percent": 27.0, "process_mem_util_percent": 11.0}
{"timestamp_unix": 1772442346.5563812, "pid": 109733, "device_index": 0, "gpu_uuid": "GPU-6f954bfd-7081-31b7-f15c-f9a174bf4d7f", "gpu_util_percent": 26.0, "gpu_mem_util_percent": 11.0, "gpu_mem_used_mib": 48290.0, "gpu_mem_total_mib": 49140.0, "gpu_power_w": 109.16, "process_present": true, "process_mem_mib": 47786.0, "process_mem_share_percent": 97.24460724460724, "process_util_available": true, "process_util_backend": "nvml", "process_sm_util_percent": 14.0, "process_mem_util_percent": 5.0}
{"timestamp_unix": 1772442346.8475502, "pid": 109733, "device_index": 0, "gpu_uuid": "GPU-6f954bfd-7081-31b7-f15c-f9a174bf4d7f", "gpu_util_percent": 45.0, "gpu_mem_util_percent": 4.0, "gpu_mem_used_mib": 41318.0, "gpu_mem_total_mib": 49140.0, "gpu_power_w": 105.7, "process_present": true, "process_mem_mib": 39530.0, "process_mem_share_percent": 80.44363044363044, "process_util_available": true, "process_util_backend": "nvml", "process_sm_util_percent": null, "process_mem_util_percent": null}
{"timestamp_unix": 1772442347.140529, "pid": 109733, "device_index": 0, "gpu_uuid": "GPU-6f954bfd-7081-31b7-f15c-f9a174bf4d7f", "gpu_util_percent": 45.0, "gpu_mem_util_percent": 4.0, "gpu_mem_used_mib": 29874.0, "gpu_mem_total_mib": 49140.0, "gpu_power_w": 105.7, "process_present": true, "process_mem_mib": 27890.0, "process_mem_share_percent": 56.75620675620675, "process_util_available": true, "process_util_backend": "nvml", "process_sm_util_percent": null, "process_mem_util_percent": null}
{"timestamp_unix": 1772442347.4365218, "pid": 109733, "device_index": 0, "gpu_uuid": "GPU-6f954bfd-7081-31b7-f15c-f9a174bf4d7f", "gpu_util_percent": 45.0, "gpu_mem_util_percent": 4.0, "gpu_mem_used_mib": 17866.0, "gpu_mem_total_mib": 49140.0, "gpu_power_w": 104.39, "process_present": true, "process_mem_mib": 15844.0, "process_mem_share_percent": 32.242572242572244, "process_util_available": true, "process_util_backend": "nvml", "process_sm_util_percent": null, "process_mem_util_percent": null}
{"timestamp_unix": 1772442347.7367709, "pid": 109733, "device_index": 0, "gpu_uuid": "GPU-6f954bfd-7081-31b7-f15c-f9a174bf4d7f", "gpu_util_percent": 45.0, "gpu_mem_util_percent": 4.0, "gpu_mem_used_mib": 7950.0, "gpu_mem_total_mib": 49140.0, "gpu_power_w": 104.39, "process_present": true, "process_mem_mib": 6806.0, "process_mem_share_percent": 13.85022385022385, "process_util_available": true, "process_util_backend": "nvml", "process_sm_util_percent": null, "process_mem_util_percent": null}
{"timestamp_unix": 1772442348.0357544, "pid": 109733, "device_index": 0, "gpu_uuid": "GPU-6f954bfd-7081-31b7-f15c-f9a174bf4d7f", "gpu_util_percent": 59.0, "gpu_mem_util_percent": 5.0, "gpu_mem_used_mib": 6738.0, "gpu_mem_total_mib": 49140.0, "gpu_power_w": 106.41, "process_present": true, "process_mem_mib": 6278.0, "process_mem_share_percent": 12.775742775742776, "process_util_available": true, "process_util_backend": "nvml", "process_sm_util_percent": 18.0, "process_mem_util_percent": 4.0}
{"timestamp_unix": 1772442348.3348134, "pid": 109733, "device_index": 0, "gpu_uuid": "GPU-6f954bfd-7081-31b7-f15c-f9a174bf4d7f", "gpu_util_percent": 59.0, "gpu_mem_util_percent": 5.0, "gpu_mem_used_mib": 7465.0, "gpu_mem_total_mib": 49140.0, "gpu_power_w": 113.36, "process_present": true, "process_mem_mib": 7200.0, "process_mem_share_percent": 14.652014652014653, "process_util_available": true, "process_util_backend": "nvml", "process_sm_util_percent": 25.0, "process_mem_util_percent": 8.0}
{"timestamp_unix": 1772442348.6241674, "pid": 109733, "device_index": 0, "gpu_uuid": "GPU-6f954bfd-7081-31b7-f15c-f9a174bf4d7f", "gpu_util_percent": 59.0, "gpu_mem_util_percent": 5.0, "gpu_mem_used_mib": 9147.0, "gpu_mem_total_mib": 49140.0, "gpu_power_w": 113.36, "process_present": true, "process_mem_mib": 8872.0, "process_mem_share_percent": 18.054538054538057, "process_util_available": true, "process_util_backend": "nvml", "process_sm_util_percent": 25.0, "process_mem_util_percent": 7.0}
{"timestamp_unix": 1772442348.9137928, "pid": 109733, "device_index": 0, "gpu_uuid": "GPU-6f954bfd-7081-31b7-f15c-f9a174bf4d7f", "gpu_util_percent": 23.0, "gpu_mem_util_percent": 7.0, "gpu_mem_used_mib": 10811.0, "gpu_mem_total_mib": 49140.0, "gpu_power_w": 118.45, "process_present": true, "process_mem_mib": 10588.0, "process_mem_share_percent": 21.546601546601547, "process_util_available": true, "process_util_backend": "nvml", "process_sm_util_percent": 25.0, "process_mem_util_percent": 8.0}
{"timestamp_unix": 1772442349.2030137, "pid": 109733, "device_index": 0, "gpu_uuid": "GPU-6f954bfd-7081-31b7-f15c-f9a174bf4d7f", "gpu_util_percent": 23.0, "gpu_mem_util_percent": 7.0, "gpu_mem_used_mib": 12781.0, "gpu_mem_total_mib": 49140.0, "gpu_power_w": 118.45, "process_present": true, "process_mem_mib": 12560.0, "process_mem_share_percent": 25.55962555962556, "process_util_available": true, "process_util_backend": "nvml", "process_sm_util_percent": 26.0, "process_mem_util_percent": 8.0}
{"timestamp_unix": 1772442349.5008817, "pid": 109733, "device_index": 0, "gpu_uuid": "GPU-6f954bfd-7081-31b7-f15c-f9a174bf4d7f", "gpu_util_percent": 23.0, "gpu_mem_util_percent": 7.0, "gpu_mem_used_mib": 14835.0, "gpu_mem_total_mib": 49140.0, "gpu_power_w": 122.86, "process_present": true, "process_mem_mib": 14604.0, "process_mem_share_percent": 29.71916971916972, "process_util_available": true, "process_util_backend": "nvml", "process_sm_util_percent": 25.0, "process_mem_util_percent": 8.0}
{"timestamp_unix": 1772442349.7922916, "pid": 109733, "device_index": 0, "gpu_uuid": "GPU-6f954bfd-7081-31b7-f15c-f9a174bf4d7f", "gpu_util_percent": 26.0, "gpu_mem_util_percent": 9.0, "gpu_mem_used_mib": 17013.0, "gpu_mem_total_mib": 49140.0, "gpu_power_w": 121.21, "process_present": true, "process_mem_mib": 16766.0, "process_mem_share_percent": 34.11884411884412, "process_util_available": true, "process_util_backend": "nvml", "process_sm_util_percent": 26.0, "process_mem_util_percent": 7.0}
{"timestamp_unix": 1772442350.0849185, "pid": 109733, "device_index": 0, "gpu_uuid": "GPU-6f954bfd-7081-31b7-f15c-f9a174bf4d7f", "gpu_util_percent": 26.0, "gpu_mem_util_percent": 9.0, "gpu_mem_used_mib": 19135.0, "gpu_mem_total_mib": 49140.0, "gpu_power_w": 121.21, "process_present": true, "process_mem_mib": 18936.0, "process_mem_share_percent": 38.53479853479854, "process_util_available": true, "process_util_backend": "nvml", "process_sm_util_percent": 26.0, "process_mem_util_percent": 8.0}
{"timestamp_unix": 1772442350.38569, "pid": 109733, "device_index": 0, "gpu_uuid": "GPU-6f954bfd-7081-31b7-f15c-f9a174bf4d7f", "gpu_util_percent": 26.0, "gpu_mem_util_percent": 9.0, "gpu_mem_used_mib": 21383.0, "gpu_mem_total_mib": 49140.0, "gpu_power_w": 112.82, "process_present": true, "process_mem_mib": 21212.0, "process_mem_share_percent": 43.16646316646317, "process_util_available": true, "process_util_backend": "nvml", "process_sm_util_percent": 26.0, "process_mem_util_percent": 7.0}
{"timestamp_unix": 1772442350.6878479, "pid": 109733, "device_index": 0, "gpu_uuid": "GPU-6f954bfd-7081-31b7-f15c-f9a174bf4d7f", "gpu_util_percent": 26.0, "gpu_mem_util_percent": 9.0, "gpu_mem_used_mib": 23805.0, "gpu_mem_total_mib": 49140.0, "gpu_power_w": 112.82, "process_present": true, "process_mem_mib": 23640.0, "process_mem_share_percent": 48.10744810744811, "process_util_available": true, "process_util_backend": "nvml", "process_sm_util_percent": 26.0, "process_mem_util_percent": 8.0}
{"timestamp_unix": 1772442350.9890952, "pid": 109733, "device_index": 0, "gpu_uuid": "GPU-6f954bfd-7081-31b7-f15c-f9a174bf4d7f", "gpu_util_percent": 24.0, "gpu_mem_util_percent": 7.0, "gpu_mem_used_mib": 26255.0, "gpu_mem_total_mib": 49140.0, "gpu_power_w": 104.44, "process_present": true, "process_mem_mib": 26086.0, "process_mem_share_percent": 53.08506308506309, "process_util_available": true, "process_util_backend": "nvml", "process_sm_util_percent": 25.0, "process_mem_util_percent": 7.0}
{"timestamp_unix": 1772442351.279254, "pid": 109733, "device_index": 0, "gpu_uuid": "GPU-6f954bfd-7081-31b7-f15c-f9a174bf4d7f", "gpu_util_percent": 24.0, "gpu_mem_util_percent": 7.0, "gpu_mem_used_mib": 28709.0, "gpu_mem_total_mib": 49140.0, "gpu_power_w": 104.31, "process_present": true, "process_mem_mib": 28572.0, "process_mem_share_percent": 58.14407814407815, "process_util_available": true, "process_util_backend": "nvml", "process_sm_util_percent": 26.0, "process_mem_util_percent": 8.0}
{"timestamp_unix": 1772442351.5735774, "pid": 109733, "device_index": 0, "gpu_uuid": "GPU-6f954bfd-7081-31b7-f15c-f9a174bf4d7f", "gpu_util_percent": 24.0, "gpu_mem_util_percent": 7.0, "gpu_mem_used_mib": 31317.0, "gpu_mem_total_mib": 49140.0, "gpu_power_w": 104.31, "process_present": true, "process_mem_mib": 31188.0, "process_mem_share_percent": 63.46764346764346, "process_util_available": true, "process_util_backend": "nvml", "process_sm_util_percent": 26.0, "process_mem_util_percent": 7.0}
{"timestamp_unix": 1772442351.8693454, "pid": 109733, "device_index": 0, "gpu_uuid": "GPU-6f954bfd-7081-31b7-f15c-f9a174bf4d7f", "gpu_util_percent": 25.0, "gpu_mem_util_percent": 8.0, "gpu_mem_used_mib": 34015.0, "gpu_mem_total_mib": 49140.0, "gpu_power_w": 104.17, "process_present": true, "process_mem_mib": 33866.0, "process_mem_share_percent": 68.91737891737891, "process_util_available": true, "process_util_backend": "nvml", "process_sm_util_percent": 26.0, "process_mem_util_percent": 8.0}
{"timestamp_unix": 1772442352.1634073, "pid": 109733, "device_index": 0, "gpu_uuid": "GPU-6f954bfd-7081-31b7-f15c-f9a174bf4d7f", "gpu_util_percent": 25.0, "gpu_mem_util_percent": 8.0, "gpu_mem_used_mib": 36659.0, "gpu_mem_total_mib": 49140.0, "gpu_power_w": 104.17, "process_present": true, "process_mem_mib": 36502.0, "process_mem_share_percent": 74.28164428164428, "process_util_available": true, "process_util_backend": "nvml", "process_sm_util_percent": 26.0, "process_mem_util_percent": 8.0}
{"timestamp_unix": 1772442352.4578526, "pid": 109733, "device_index": 0, "gpu_uuid": "GPU-6f954bfd-7081-31b7-f15c-f9a174bf4d7f", "gpu_util_percent": 25.0, "gpu_mem_util_percent": 8.0, "gpu_mem_used_mib": 39403.0, "gpu_mem_total_mib": 49140.0, "gpu_power_w": 104.8, "process_present": true, "process_mem_mib": 39330.0, "process_mem_share_percent": 80.03663003663004, "process_util_available": true, "process_util_backend": "nvml", "process_sm_util_percent": 26.0, "process_mem_util_percent": 8.0}
{"timestamp_unix": 1772442352.7570965, "pid": 109733, "device_index": 0, "gpu_uuid": "GPU-6f954bfd-7081-31b7-f15c-f9a174bf4d7f", "gpu_util_percent": 27.0, "gpu_mem_util_percent": 9.0, "gpu_mem_used_mib": 42455.0, "gpu_mem_total_mib": 49140.0, "gpu_power_w": 104.67, "process_present": true, "process_mem_mib": 42356.0, "process_mem_share_percent": 86.19454619454619, "process_util_available": true, "process_util_backend": "nvml", "process_sm_util_percent": 26.0, "process_mem_util_percent": 8.0}
{"timestamp_unix": 1772442353.0645852, "pid": 109733, "device_index": 0, "gpu_uuid": "GPU-6f954bfd-7081-31b7-f15c-f9a174bf4d7f", "gpu_util_percent": 27.0, "gpu_mem_util_percent": 9.0, "gpu_mem_used_mib": 45449.0, "gpu_mem_total_mib": 49140.0, "gpu_power_w": 104.67, "process_present": true, "process_mem_mib": 45308.0, "process_mem_share_percent": 92.2018722018722, "process_util_available": true, "process_util_backend": "nvml", "process_sm_util_percent": 26.0, "process_mem_util_percent": 8.0}
{"timestamp_unix": 1772442353.3679926, "pid": 109733, "device_index": 0, "gpu_uuid": "GPU-6f954bfd-7081-31b7-f15c-f9a174bf4d7f", "gpu_util_percent": 27.0, "gpu_mem_util_percent": 9.0, "gpu_mem_used_mib": 48387.0, "gpu_mem_total_mib": 49140.0, "gpu_power_w": 103.74, "process_present": true, "process_mem_mib": 47894.0, "process_mem_share_percent": 97.46438746438747, "process_util_available": true, "process_util_backend": "nvml", "process_sm_util_percent": 12.0, "process_mem_util_percent": 3.0}
{"timestamp_unix": 1772442353.669777, "pid": 109733, "device_index": 0, "gpu_uuid": "GPU-6f954bfd-7081-31b7-f15c-f9a174bf4d7f", "gpu_util_percent": 27.0, "gpu_mem_util_percent": 9.0, "gpu_mem_used_mib": 48387.0, "gpu_mem_total_mib": 49140.0, "gpu_power_w": 103.74, "process_present": true, "process_mem_mib": 47970.0, "process_mem_share_percent": 97.61904761904762, "process_util_available": true, "process_util_backend": "nvml", "process_sm_util_percent": null, "process_mem_util_percent": null}
{"timestamp_unix": 1772442353.9644134, "pid": 109733, "device_index": 0, "gpu_uuid": "GPU-6f954bfd-7081-31b7-f15c-f9a174bf4d7f", "gpu_util_percent": 14.0, "gpu_mem_util_percent": 1.0, "gpu_mem_used_mib": 48349.0, "gpu_mem_total_mib": 49140.0, "gpu_power_w": 98.01, "process_present": true, "process_mem_mib": 47856.0, "process_mem_share_percent": 97.38705738705738, "process_util_available": true, "process_util_backend": "nvml", "process_sm_util_percent": null, "process_mem_util_percent": null}
{"timestamp_unix": 1772442354.257614, "pid": 109733, "device_index": 0, "gpu_uuid": "GPU-6f954bfd-7081-31b7-f15c-f9a174bf4d7f", "gpu_util_percent": 14.0, "gpu_mem_util_percent": 1.0, "gpu_mem_used_mib": 48349.0, "gpu_mem_total_mib": 49140.0, "gpu_power_w": 89.65, "process_present": true, "process_mem_mib": 47856.0, "process_mem_share_percent": 97.38705738705738, "process_util_available": true, "process_util_backend": "nvml", "process_sm_util_percent": 13.0, "process_mem_util_percent": 1.0}
{"timestamp_unix": 1772442354.5579371, "pid": 109733, "device_index": 0, "gpu_uuid": "GPU-6f954bfd-7081-31b7-f15c-f9a174bf4d7f", "gpu_util_percent": 14.0, "gpu_mem_util_percent": 1.0, "gpu_mem_used_mib": 48349.0, "gpu_mem_total_mib": 49140.0, "gpu_power_w": 89.65, "process_present": true, "process_mem_mib": 47856.0, "process_mem_share_percent": 97.38705738705738, "process_util_available": true, "process_util_backend": "nvml", "process_sm_util_percent": 21.0, "process_mem_util_percent": 1.0}
{"timestamp_unix": 1772442354.8544443, "pid": 109733, "device_index": 0, "gpu_uuid": "GPU-6f954bfd-7081-31b7-f15c-f9a174bf4d7f", "gpu_util_percent": 24.0, "gpu_mem_util_percent": 5.0, "gpu_mem_used_mib": 48349.0, "gpu_mem_total_mib": 49140.0, "gpu_power_w": 88.28, "process_present": true, "process_mem_mib": 47856.0, "process_mem_share_percent": 97.38705738705738, "process_util_available": true, "process_util_backend": "nvml", "process_sm_util_percent": 24.0, "process_mem_util_percent": 4.0}
{"timestamp_unix": 1772442355.1456223, "pid": 109733, "device_index": 0, "gpu_uuid": "GPU-6f954bfd-7081-31b7-f15c-f9a174bf4d7f", "gpu_util_percent": 24.0, "gpu_mem_util_percent": 5.0, "gpu_mem_used_mib": 48349.0, "gpu_mem_total_mib": 49140.0, "gpu_power_w": 88.28, "process_present": true, "process_mem_mib": 47856.0, "process_mem_share_percent": 97.38705738705738, "process_util_available": true, "process_util_backend": "nvml", "process_sm_util_percent": 24.0, "process_mem_util_percent": 5.0}
{"timestamp_unix": 1772442355.4400487, "pid": 109733, "device_index": 0, "gpu_uuid": "GPU-6f954bfd-7081-31b7-f15c-f9a174bf4d7f", "gpu_util_percent": 24.0, "gpu_mem_util_percent": 5.0, "gpu_mem_used_mib": 48349.0, "gpu_mem_total_mib": 49140.0, "gpu_power_w": 92.95, "process_present": true, "process_mem_mib": 47856.0, "process_mem_share_percent": 97.38705738705738, "process_util_available": true, "process_util_backend": "nvml", "process_sm_util_percent": 24.0, "process_mem_util_percent": 5.0}
{"timestamp_unix": 1772442355.748147, "pid": 109733, "device_index": 0, "gpu_uuid": "GPU-6f954bfd-7081-31b7-f15c-f9a174bf4d7f", "gpu_util_percent": 24.0, "gpu_mem_util_percent": 5.0, "gpu_mem_used_mib": 48348.0, "gpu_mem_total_mib": 49140.0, "gpu_power_w": 92.95, "process_present": true, "process_mem_mib": 47856.0, "process_mem_share_percent": 97.38705738705738, "process_util_available": true, "process_util_backend": "nvml", "process_sm_util_percent": 24.0, "process_mem_util_percent": 5.0}
{"timestamp_unix": 1772442356.0524569, "pid": 109733, "device_index": 0, "gpu_uuid": "GPU-6f954bfd-7081-31b7-f15c-f9a174bf4d7f", "gpu_util_percent": 25.0, "gpu_mem_util_percent": 6.0, "gpu_mem_used_mib": 48348.0, "gpu_mem_total_mib": 49140.0, "gpu_power_w": 95.85, "process_present": true, "process_mem_mib": 47856.0, "process_mem_share_percent": 97.38705738705738, "process_util_available": true, "process_util_backend": "nvml", "process_sm_util_percent": 24.0, "process_mem_util_percent": 5.0}
{"timestamp_unix": 1772442356.355624, "pid": 109733, "device_index": 0, "gpu_uuid": "GPU-6f954bfd-7081-31b7-f15c-f9a174bf4d7f", "gpu_util_percent": 25.0, "gpu_mem_util_percent": 6.0, "gpu_mem_used_mib": 48348.0, "gpu_mem_total_mib": 49140.0, "gpu_power_w": 96.62, "process_present": true, "process_mem_mib": 47856.0, "process_mem_share_percent": 97.38705738705738, "process_util_available": true, "process_util_backend": "nvml", "process_sm_util_percent": 22.0, "process_mem_util_percent": 4.0}
{"timestamp_unix": 1772442356.662975, "pid": 109733, "device_index": 0, "gpu_uuid": "GPU-6f954bfd-7081-31b7-f15c-f9a174bf4d7f", "gpu_util_percent": 25.0, "gpu_mem_util_percent": 6.0, "gpu_mem_used_mib": 48348.0, "gpu_mem_total_mib": 49140.0, "gpu_power_w": 96.62, "process_present": true, "process_mem_mib": 47856.0, "process_mem_share_percent": 97.38705738705738, "process_util_available": true, "process_util_backend": "nvml", "process_sm_util_percent": 23.0, "process_mem_util_percent": 3.0}
{"timestamp_unix": 1772442356.9581857, "pid": 109733, "device_index": 0, "gpu_uuid": "GPU-6f954bfd-7081-31b7-f15c-f9a174bf4d7f", "gpu_util_percent": 24.0, "gpu_mem_util_percent": 4.0, "gpu_mem_used_mib": 48348.0, "gpu_mem_total_mib": 49140.0, "gpu_power_w": 95.65, "process_present": true, "process_mem_mib": 47856.0, "process_mem_share_percent": 97.38705738705738, "process_util_available": true, "process_util_backend": "nvml", "process_sm_util_percent": 25.0, "process_mem_util_percent": 3.0}
{"timestamp_unix": 1772442357.2527764, "pid": 109733, "device_index": 0, "gpu_uuid": "GPU-6f954bfd-7081-31b7-f15c-f9a174bf4d7f", "gpu_util_percent": 24.0, "gpu_mem_util_percent": 4.0, "gpu_mem_used_mib": 48348.0, "gpu_mem_total_mib": 49140.0, "gpu_power_w": 94.86, "process_present": true, "process_mem_mib": 47856.0, "process_mem_share_percent": 97.38705738705738, "process_util_available": true, "process_util_backend": "nvml", "process_sm_util_percent": 24.0, "process_mem_util_percent": 3.0}
{"timestamp_unix": 1772442357.543666, "pid": 109733, "device_index": 0, "gpu_uuid": "GPU-6f954bfd-7081-31b7-f15c-f9a174bf4d7f", "gpu_util_percent": 24.0, "gpu_mem_util_percent": 4.0, "gpu_mem_used_mib": 48348.0, "gpu_mem_total_mib": 49140.0, "gpu_power_w": 94.86, "process_present": true, "process_mem_mib": 47856.0, "process_mem_share_percent": 97.38705738705738, "process_util_available": true, "process_util_backend": "nvml", "process_sm_util_percent": 24.0, "process_mem_util_percent": 3.0}
{"timestamp_unix": 1772442357.8379376, "pid": 109733, "device_index": 0, "gpu_uuid": "GPU-6f954bfd-7081-31b7-f15c-f9a174bf4d7f", "gpu_util_percent": 25.0, "gpu_mem_util_percent": 4.0, "gpu_mem_used_mib": 48348.0, "gpu_mem_total_mib": 49140.0, "gpu_power_w": 95.05, "process_present": true, "process_mem_mib": 47856.0, "process_mem_share_percent": 97.38705738705738, "process_util_available": true, "process_util_backend": "nvml", "process_sm_util_percent": 24.0, "process_mem_util_percent": 3.0}
{"timestamp_unix": 1772442358.128302, "pid": 109733, "device_index": 0, "gpu_uuid": "GPU-6f954bfd-7081-31b7-f15c-f9a174bf4d7f", "gpu_util_percent": 25.0, "gpu_mem_util_percent": 4.0, "gpu_mem_used_mib": 48357.0, "gpu_mem_total_mib": 49140.0, "gpu_power_w": 95.05, "process_present": true, "process_mem_mib": 47856.0, "process_mem_share_percent": 97.38705738705738, "process_util_available": true, "process_util_backend": "nvml", "process_sm_util_percent": null, "process_mem_util_percent": null}
{"timestamp_unix": 1772442358.4205635, "pid": 109733, "device_index": 0, "gpu_uuid": "GPU-6f954bfd-7081-31b7-f15c-f9a174bf4d7f", "gpu_util_percent": 25.0, "gpu_mem_util_percent": 4.0, "gpu_mem_used_mib": 48357.0, "gpu_mem_total_mib": 49140.0, "gpu_power_w": 94.78, "process_present": true, "process_mem_mib": 47856.0, "process_mem_share_percent": 97.38705738705738, "process_util_available": true, "process_util_backend": "nvml", "process_sm_util_percent": 14.0, "process_mem_util_percent": 1.0}
{"timestamp_unix": 1772442358.7286215, "pid": 109733, "device_index": 0, "gpu_uuid": "GPU-6f954bfd-7081-31b7-f15c-f9a174bf4d7f", "gpu_util_percent": 25.0, "gpu_mem_util_percent": 4.0, "gpu_mem_used_mib": 48357.0, "gpu_mem_total_mib": 49140.0, "gpu_power_w": 94.78, "process_present": true, "process_mem_mib": 47856.0, "process_mem_share_percent": 97.38705738705738, "process_util_available": true, "process_util_backend": "nvml", "process_sm_util_percent": 24.0, "process_mem_util_percent": 3.0}
{"timestamp_unix": 1772442359.0333374, "pid": 109733, "device_index": 0, "gpu_uuid": "GPU-6f954bfd-7081-31b7-f15c-f9a174bf4d7f", "gpu_util_percent": 24.0, "gpu_mem_util_percent": 3.0, "gpu_mem_used_mib": 48357.0, "gpu_mem_total_mib": 49140.0, "gpu_power_w": 94.44, "process_present": true, "process_mem_mib": 47856.0, "process_mem_share_percent": 97.38705738705738, "process_util_available": true, "process_util_backend": "nvml", "process_sm_util_percent": 24.0, "process_mem_util_percent": 3.0}
{"timestamp_unix": 1772442359.3396275, "pid": 109733, "device_index": 0, "gpu_uuid": "GPU-6f954bfd-7081-31b7-f15c-f9a174bf4d7f", "gpu_util_percent": 24.0, "gpu_mem_util_percent": 3.0, "gpu_mem_used_mib": 48357.0, "gpu_mem_total_mib": 49140.0, "gpu_power_w": 94.24, "process_present": true, "process_mem_mib": 47856.0, "process_mem_share_percent": 97.38705738705738, "process_util_available": true, "process_util_backend": "nvml", "process_sm_util_percent": 24.0, "process_mem_util_percent": 5.0}
{"timestamp_unix": 1772442359.64556, "pid": 109733, "device_index": 0, "gpu_uuid": "GPU-6f954bfd-7081-31b7-f15c-f9a174bf4d7f", "gpu_util_percent": 24.0, "gpu_mem_util_percent": 3.0, "gpu_mem_used_mib": 48357.0, "gpu_mem_total_mib": 49140.0, "gpu_power_w": 94.24, "process_present": true, "process_mem_mib": 47856.0, "process_mem_share_percent": 97.38705738705738, "process_util_available": true, "process_util_backend": "nvml", "process_sm_util_percent": 24.0, "process_mem_util_percent": 6.0}
{"timestamp_unix": 1772442359.9395053, "pid": 109733, "device_index": 0, "gpu_uuid": "GPU-6f954bfd-7081-31b7-f15c-f9a174bf4d7f", "gpu_util_percent": 26.0, "gpu_mem_util_percent": 6.0, "gpu_mem_used_mib": 48361.0, "gpu_mem_total_mib": 49140.0, "gpu_power_w": 95.7, "process_present": true, "process_mem_mib": 47856.0, "process_mem_share_percent": 97.38705738705738, "process_util_available": true, "process_util_backend": "nvml", "process_sm_util_percent": 25.0, "process_mem_util_percent": 6.0}
{"timestamp_unix": 1772442360.2311413, "pid": 109733, "device_index": 0, "gpu_uuid": "GPU-6f954bfd-7081-31b7-f15c-f9a174bf4d7f", "gpu_util_percent": 26.0, "gpu_mem_util_percent": 6.0, "gpu_mem_used_mib": 48361.0, "gpu_mem_total_mib": 49140.0, "gpu_power_w": 95.7, "process_present": true, "process_mem_mib": 47856.0, "process_mem_share_percent": 97.38705738705738, "process_util_available": true, "process_util_backend": "nvml", "process_sm_util_percent": 27.0, "process_mem_util_percent": 6.0}
{"timestamp_unix": 1772442360.5227046, "pid": 109733, "device_index": 0, "gpu_uuid": "GPU-6f954bfd-7081-31b7-f15c-f9a174bf4d7f", "gpu_util_percent": 26.0, "gpu_mem_util_percent": 6.0, "gpu_mem_used_mib": 48361.0, "gpu_mem_total_mib": 49140.0, "gpu_power_w": 97.9, "process_present": true, "process_mem_mib": 47856.0, "process_mem_share_percent": 97.38705738705738, "process_util_available": true, "process_util_backend": "nvml", "process_sm_util_percent": 25.0, "process_mem_util_percent": 6.0}
{"timestamp_unix": 1772442360.8187318, "pid": 109733, "device_index": 0, "gpu_uuid": "GPU-6f954bfd-7081-31b7-f15c-f9a174bf4d7f", "gpu_util_percent": 26.0, "gpu_mem_util_percent": 7.0, "gpu_mem_used_mib": 48361.0, "gpu_mem_total_mib": 49140.0, "gpu_power_w": 98.7, "process_present": true, "process_mem_mib": 47856.0, "process_mem_share_percent": 97.38705738705738, "process_util_available": true, "process_util_backend": "nvml", "process_sm_util_percent": 13.0, "process_mem_util_percent": 3.0}
{"timestamp_unix": 1772442361.1117072, "pid": 109733, "device_index": 0, "gpu_uuid": "GPU-6f954bfd-7081-31b7-f15c-f9a174bf4d7f", "gpu_util_percent": 26.0, "gpu_mem_util_percent": 7.0, "gpu_mem_used_mib": 48361.0, "gpu_mem_total_mib": 49140.0, "gpu_power_w": 98.7, "process_present": true, "process_mem_mib": 47856.0, "process_mem_share_percent": 97.38705738705738, "process_util_available": true, "process_util_backend": "nvml", "process_sm_util_percent": 19.0, "process_mem_util_percent": 2.0}
{"timestamp_unix": 1772442361.4034894, "pid": 109733, "device_index": 0, "gpu_uuid": "GPU-6f954bfd-7081-31b7-f15c-f9a174bf4d7f", "gpu_util_percent": 26.0, "gpu_mem_util_percent": 7.0, "gpu_mem_used_mib": 48361.0, "gpu_mem_total_mib": 49140.0, "gpu_power_w": 97.08, "process_present": true, "process_mem_mib": 47856.0, "process_mem_share_percent": 97.38705738705738, "process_util_available": true, "process_util_backend": "nvml", "process_sm_util_percent": 27.0, "process_mem_util_percent": 5.0}
{"timestamp_unix": 1772442361.7060766, "pid": 109733, "device_index": 0, "gpu_uuid": "GPU-6f954bfd-7081-31b7-f15c-f9a174bf4d7f", "gpu_util_percent": 26.0, "gpu_mem_util_percent": 7.0, "gpu_mem_used_mib": 48361.0, "gpu_mem_total_mib": 49140.0, "gpu_power_w": 97.08, "process_present": true, "process_mem_mib": 47856.0, "process_mem_share_percent": 97.38705738705738, "process_util_available": true, "process_util_backend": "nvml", "process_sm_util_percent": 25.0, "process_mem_util_percent": 5.0}
{"timestamp_unix": 1772442362.0126514, "pid": 109733, "device_index": 0, "gpu_uuid": "GPU-6f954bfd-7081-31b7-f15c-f9a174bf4d7f", "gpu_util_percent": 25.0, "gpu_mem_util_percent": 5.0, "gpu_mem_used_mib": 48361.0, "gpu_mem_total_mib": 49140.0, "gpu_power_w": 96.38, "process_present": true, "process_mem_mib": 47856.0, "process_mem_share_percent": 97.38705738705738, "process_util_available": true, "process_util_backend": "nvml", "process_sm_util_percent": 25.0, "process_mem_util_percent": 5.0}
{"timestamp_unix": 1772442362.3175912, "pid": 109733, "device_index": 0, "gpu_uuid": "GPU-6f954bfd-7081-31b7-f15c-f9a174bf4d7f", "gpu_util_percent": 25.0, "gpu_mem_util_percent": 5.0, "gpu_mem_used_mib": 48361.0, "gpu_mem_total_mib": 49140.0, "gpu_power_w": 97.46, "process_present": true, "process_mem_mib": 47856.0, "process_mem_share_percent": 97.38705738705738, "process_util_available": true, "process_util_backend": "nvml", "process_sm_util_percent": 26.0, "process_mem_util_percent": 5.0}
{"timestamp_unix": 1772442362.6087656, "pid": 109733, "device_index": 0, "gpu_uuid": "GPU-6f954bfd-7081-31b7-f15c-f9a174bf4d7f", "gpu_util_percent": 25.0, "gpu_mem_util_percent": 5.0, "gpu_mem_used_mib": 48361.0, "gpu_mem_total_mib": 49140.0, "gpu_power_w": 97.46, "process_present": true, "process_mem_mib": 47856.0, "process_mem_share_percent": 97.38705738705738, "process_util_available": true, "process_util_backend": "nvml", "process_sm_util_percent": 25.0, "process_mem_util_percent": 4.0}
{"timestamp_unix": 1772442362.902794, "pid": 109733, "device_index": 0, "gpu_uuid": "GPU-6f954bfd-7081-31b7-f15c-f9a174bf4d7f", "gpu_util_percent": 26.0, "gpu_mem_util_percent": 5.0, "gpu_mem_used_mib": 48361.0, "gpu_mem_total_mib": 49140.0, "gpu_power_w": 97.12, "process_present": true, "process_mem_mib": 47856.0, "process_mem_share_percent": 97.38705738705738, "process_util_available": true, "process_util_backend": "nvml", "process_sm_util_percent": 25.0, "process_mem_util_percent": 4.0}
{"timestamp_unix": 1772442363.1947243, "pid": 109733, "device_index": 0, "gpu_uuid": "GPU-6f954bfd-7081-31b7-f15c-f9a174bf4d7f", "gpu_util_percent": 26.0, "gpu_mem_util_percent": 5.0, "gpu_mem_used_mib": 48361.0, "gpu_mem_total_mib": 49140.0, "gpu_power_w": 97.12, "process_present": true, "process_mem_mib": 47856.0, "process_mem_share_percent": 97.38705738705738, "process_util_available": true, "process_util_backend": "nvml", "process_sm_util_percent": 26.0, "process_mem_util_percent": 4.0}
{"timestamp_unix": 1772442363.4875238, "pid": 109733, "device_index": 0, "gpu_uuid": "GPU-6f954bfd-7081-31b7-f15c-f9a174bf4d7f", "gpu_util_percent": 26.0, "gpu_mem_util_percent": 5.0, "gpu_mem_used_mib": 48361.0, "gpu_mem_total_mib": 49140.0, "gpu_power_w": 96.84, "process_present": true, "process_mem_mib": 47856.0, "process_mem_share_percent": 97.38705738705738, "process_util_available": true, "process_util_backend": "nvml", "process_sm_util_percent": 25.0, "process_mem_util_percent": 4.0}
{"timestamp_unix": 1772442363.7853436, "pid": 109733, "device_index": 0, "gpu_uuid": "GPU-6f954bfd-7081-31b7-f15c-f9a174bf4d7f", "gpu_util_percent": 20.0, "gpu_mem_util_percent": 3.0, "gpu_mem_used_mib": 48361.0, "gpu_mem_total_mib": 49140.0, "gpu_power_w": 96.13, "process_present": true, "process_mem_mib": 47856.0, "process_mem_share_percent": 97.38705738705738, "process_util_available": true, "process_util_backend": "nvml", "process_sm_util_percent": 23.0, "process_mem_util_percent": 3.0}
{"timestamp_unix": 1772442364.079396, "pid": 109733, "device_index": 0, "gpu_uuid": "GPU-6f954bfd-7081-31b7-f15c-f9a174bf4d7f", "gpu_util_percent": 20.0, "gpu_mem_util_percent": 3.0, "gpu_mem_used_mib": 48361.0, "gpu_mem_total_mib": 49140.0, "gpu_power_w": 96.13, "process_present": true, "process_mem_mib": 47856.0, "process_mem_share_percent": 97.38705738705738, "process_util_available": true, "process_util_backend": "nvml", "process_sm_util_percent": 24.0, "process_mem_util_percent": 5.0}
{"timestamp_unix": 1772442364.3848293, "pid": 109733, "device_index": 0, "gpu_uuid": "GPU-6f954bfd-7081-31b7-f15c-f9a174bf4d7f", "gpu_util_percent": 20.0, "gpu_mem_util_percent": 3.0, "gpu_mem_used_mib": 48361.0, "gpu_mem_total_mib": 49140.0, "gpu_power_w": 96.09, "process_present": true, "process_mem_mib": 47856.0, "process_mem_share_percent": 97.38705738705738, "process_util_available": true, "process_util_backend": "nvml", "process_sm_util_percent": 24.0, "process_mem_util_percent": 5.0}
{"timestamp_unix": 1772442364.6892698, "pid": 109733, "device_index": 0, "gpu_uuid": "GPU-6f954bfd-7081-31b7-f15c-f9a174bf4d7f", "gpu_util_percent": 20.0, "gpu_mem_util_percent": 3.0, "gpu_mem_used_mib": 48357.0, "gpu_mem_total_mib": 49140.0, "gpu_power_w": 96.09, "process_present": true, "process_mem_mib": 47856.0, "process_mem_share_percent": 97.38705738705738, "process_util_available": true, "process_util_backend": "nvml", "process_sm_util_percent": 24.0, "process_mem_util_percent": 5.0}
{"timestamp_unix": 1772442364.9940293, "pid": 109733, "device_index": 0, "gpu_uuid": "GPU-6f954bfd-7081-31b7-f15c-f9a174bf4d7f", "gpu_util_percent": 26.0, "gpu_mem_util_percent": 6.0, "gpu_mem_used_mib": 48361.0, "gpu_mem_total_mib": 49140.0, "gpu_power_w": 96.38, "process_present": true, "process_mem_mib": 47856.0, "process_mem_share_percent": 97.38705738705738, "process_util_available": true, "process_util_backend": "nvml", "process_sm_util_percent": 25.0, "process_mem_util_percent": 5.0}
{"timestamp_unix": 1772442365.2877467, "pid": 109733, "device_index": 0, "gpu_uuid": "GPU-6f954bfd-7081-31b7-f15c-f9a174bf4d7f", "gpu_util_percent": 26.0, "gpu_mem_util_percent": 6.0, "gpu_mem_used_mib": 48361.0, "gpu_mem_total_mib": 49140.0, "gpu_power_w": 97.33, "process_present": true, "process_mem_mib": 47856.0, "process_mem_share_percent": 97.38705738705738, "process_util_available": true, "process_util_backend": "nvml", "process_sm_util_percent": null, "process_mem_util_percent": null}
{"timestamp_unix": 1772442365.58799, "pid": 109733, "device_index": 0, "gpu_uuid": "GPU-6f954bfd-7081-31b7-f15c-f9a174bf4d7f", "gpu_util_percent": 26.0, "gpu_mem_util_percent": 6.0, "gpu_mem_used_mib": 48361.0, "gpu_mem_total_mib": 49140.0, "gpu_power_w": 97.33, "process_present": true, "process_mem_mib": 47856.0, "process_mem_share_percent": 97.38705738705738, "process_util_available": true, "process_util_backend": "nvml", "process_sm_util_percent": 25.0, "process_mem_util_percent": 5.0}
{"timestamp_unix": 1772442365.8792696, "pid": 109733, "device_index": 0, "gpu_uuid": "GPU-6f954bfd-7081-31b7-f15c-f9a174bf4d7f", "gpu_util_percent": 19.0, "gpu_mem_util_percent": 3.0, "gpu_mem_used_mib": 48361.0, "gpu_mem_total_mib": 49140.0, "gpu_power_w": 97.18, "process_present": true, "process_mem_mib": 47856.0, "process_mem_share_percent": 97.38705738705738, "process_util_available": true, "process_util_backend": "nvml", "process_sm_util_percent": 17.0, "process_mem_util_percent": 2.0}
{"timestamp_unix": 1772442366.1727812, "pid": 109733, "device_index": 0, "gpu_uuid": "GPU-6f954bfd-7081-31b7-f15c-f9a174bf4d7f", "gpu_util_percent": 19.0, "gpu_mem_util_percent": 3.0, "gpu_mem_used_mib": 48361.0, "gpu_mem_total_mib": 49140.0, "gpu_power_w": 97.18, "process_present": true, "process_mem_mib": 47856.0, "process_mem_share_percent": 97.38705738705738, "process_util_available": true, "process_util_backend": "nvml", "process_sm_util_percent": 24.0, "process_mem_util_percent": 5.0}
{"timestamp_unix": 1772442366.4632103, "pid": 109733, "device_index": 0, "gpu_uuid": "GPU-6f954bfd-7081-31b7-f15c-f9a174bf4d7f", "gpu_util_percent": 19.0, "gpu_mem_util_percent": 3.0, "gpu_mem_used_mib": 48361.0, "gpu_mem_total_mib": 49140.0, "gpu_power_w": 96.1, "process_present": true, "process_mem_mib": 47856.0, "process_mem_share_percent": 97.38705738705738, "process_util_available": true, "process_util_backend": "nvml", "process_sm_util_percent": 23.0, "process_mem_util_percent": 5.0}
{"timestamp_unix": 1772442366.7603528, "pid": 109733, "device_index": 0, "gpu_uuid": "GPU-6f954bfd-7081-31b7-f15c-f9a174bf4d7f", "gpu_util_percent": 24.0, "gpu_mem_util_percent": 5.0, "gpu_mem_used_mib": 48361.0, "gpu_mem_total_mib": 49140.0, "gpu_power_w": 95.9, "process_present": true, "process_mem_mib": 47856.0, "process_mem_share_percent": 97.38705738705738, "process_util_available": true, "process_util_backend": "nvml", "process_sm_util_percent": 23.0, "process_mem_util_percent": 4.0}
{"timestamp_unix": 1772442367.0677767, "pid": 109733, "device_index": 0, "gpu_uuid": "GPU-6f954bfd-7081-31b7-f15c-f9a174bf4d7f", "gpu_util_percent": 24.0, "gpu_mem_util_percent": 5.0, "gpu_mem_used_mib": 48361.0, "gpu_mem_total_mib": 49140.0, "gpu_power_w": 95.9, "process_present": true, "process_mem_mib": 47856.0, "process_mem_share_percent": 97.38705738705738, "process_util_available": true, "process_util_backend": "nvml", "process_sm_util_percent": 22.0, "process_mem_util_percent": 4.0}
{"timestamp_unix": 1772442367.3670113, "pid": 109733, "device_index": 0, "gpu_uuid": "GPU-6f954bfd-7081-31b7-f15c-f9a174bf4d7f", "gpu_util_percent": 24.0, "gpu_mem_util_percent": 5.0, "gpu_mem_used_mib": 48361.0, "gpu_mem_total_mib": 49140.0, "gpu_power_w": 97.41, "process_present": true, "process_mem_mib": 47856.0, "process_mem_share_percent": 97.38705738705738, "process_util_available": true, "process_util_backend": "nvml", "process_sm_util_percent": 22.0, "process_mem_util_percent": 4.0}
{"timestamp_unix": 1772442367.66784, "pid": 109733, "device_index": 0, "gpu_uuid": "GPU-6f954bfd-7081-31b7-f15c-f9a174bf4d7f", "gpu_util_percent": 24.0, "gpu_mem_util_percent": 5.0, "gpu_mem_used_mib": 48361.0, "gpu_mem_total_mib": 49140.0, "gpu_power_w": 97.41, "process_present": true, "process_mem_mib": 47856.0, "process_mem_share_percent": 97.38705738705738, "process_util_available": true, "process_util_backend": "nvml", "process_sm_util_percent": 22.0, "process_mem_util_percent": 4.0}
{"timestamp_unix": 1772442367.9668977, "pid": 109733, "device_index": 0, "gpu_uuid": "GPU-6f954bfd-7081-31b7-f15c-f9a174bf4d7f", "gpu_util_percent": 23.0, "gpu_mem_util_percent": 5.0, "gpu_mem_used_mib": 48361.0, "gpu_mem_total_mib": 49140.0, "gpu_power_w": 97.19, "process_present": true, "process_mem_mib": 47856.0, "process_mem_share_percent": 97.38705738705738, "process_util_available": true, "process_util_backend": "nvml", "process_sm_util_percent": 23.0, "process_mem_util_percent": 4.0}
{"timestamp_unix": 1772442368.2582562, "pid": 109733, "device_index": 0, "gpu_uuid": "GPU-6f954bfd-7081-31b7-f15c-f9a174bf4d7f", "gpu_util_percent": 23.0, "gpu_mem_util_percent": 5.0, "gpu_mem_used_mib": 48361.0, "gpu_mem_total_mib": 49140.0, "gpu_power_w": 96.79, "process_present": true, "process_mem_mib": 47856.0, "process_mem_share_percent": 97.38705738705738, "process_util_available": true, "process_util_backend": "nvml", "process_sm_util_percent": 24.0, "process_mem_util_percent": 4.0}
{"timestamp_unix": 1772442368.552483, "pid": 109733, "device_index": 0, "gpu_uuid": "GPU-6f954bfd-7081-31b7-f15c-f9a174bf4d7f", "gpu_util_percent": 23.0, "gpu_mem_util_percent": 5.0, "gpu_mem_used_mib": 48361.0, "gpu_mem_total_mib": 49140.0, "gpu_power_w": 96.79, "process_present": true, "process_mem_mib": 47856.0, "process_mem_share_percent": 97.38705738705738, "process_util_available": true, "process_util_backend": "nvml", "process_sm_util_percent": 24.0, "process_mem_util_percent": 4.0}
{"timestamp_unix": 1772442368.8432872, "pid": 109733, "device_index": 0, "gpu_uuid": "GPU-6f954bfd-7081-31b7-f15c-f9a174bf4d7f", "gpu_util_percent": 20.0, "gpu_mem_util_percent": 3.0, "gpu_mem_used_mib": 48361.0, "gpu_mem_total_mib": 49140.0, "gpu_power_w": 95.92, "process_present": true, "process_mem_mib": 47856.0, "process_mem_share_percent": 97.38705738705738, "process_util_available": true, "process_util_backend": "nvml", "process_sm_util_percent": 21.0, "process_mem_util_percent": 4.0}
{"timestamp_unix": 1772442369.139298, "pid": 109733, "device_index": 0, "gpu_uuid": "GPU-6f954bfd-7081-31b7-f15c-f9a174bf4d7f", "gpu_util_percent": 20.0, "gpu_mem_util_percent": 3.0, "gpu_mem_used_mib": 48361.0, "gpu_mem_total_mib": 49140.0, "gpu_power_w": 95.92, "process_present": true, "process_mem_mib": 47856.0, "process_mem_share_percent": 97.38705738705738, "process_util_available": true, "process_util_backend": "nvml", "process_sm_util_percent": 24.0, "process_mem_util_percent": 5.0}
{"timestamp_unix": 1772442369.431277, "pid": 109733, "device_index": 0, "gpu_uuid": "GPU-6f954bfd-7081-31b7-f15c-f9a174bf4d7f", "gpu_util_percent": 20.0, "gpu_mem_util_percent": 3.0, "gpu_mem_used_mib": 48361.0, "gpu_mem_total_mib": 49140.0, "gpu_power_w": 96.4, "process_present": true, "process_mem_mib": 47856.0, "process_mem_share_percent": 97.38705738705738, "process_util_available": true, "process_util_backend": "nvml", "process_sm_util_percent": 24.0, "process_mem_util_percent": 6.0}
{"timestamp_unix": 1772442369.729195, "pid": 109733, "device_index": 0, "gpu_uuid": "GPU-6f954bfd-7081-31b7-f15c-f9a174bf4d7f", "gpu_util_percent": 20.0, "gpu_mem_util_percent": 3.0, "gpu_mem_used_mib": 48357.0, "gpu_mem_total_mib": 49140.0, "gpu_power_w": 96.4, "process_present": true, "process_mem_mib": 47856.0, "process_mem_share_percent": 97.38705738705738, "process_util_available": true, "process_util_backend": "nvml", "process_sm_util_percent": 24.0, "process_mem_util_percent": 6.0}
{"timestamp_unix": 1772442370.0360634, "pid": 109733, "device_index": 0, "gpu_uuid": "GPU-6f954bfd-7081-31b7-f15c-f9a174bf4d7f", "gpu_util_percent": 26.0, "gpu_mem_util_percent": 6.0, "gpu_mem_used_mib": 48357.0, "gpu_mem_total_mib": 49140.0, "gpu_power_w": 97.39, "process_present": true, "process_mem_mib": 47856.0, "process_mem_share_percent": 97.38705738705738, "process_util_available": true, "process_util_backend": "nvml", "process_sm_util_percent": 25.0, "process_mem_util_percent": 6.0}
{"timestamp_unix": 1772442370.3363135, "pid": 109733, "device_index": 0, "gpu_uuid": "GPU-6f954bfd-7081-31b7-f15c-f9a174bf4d7f", "gpu_util_percent": 26.0, "gpu_mem_util_percent": 6.0, "gpu_mem_used_mib": 48355.0, "gpu_mem_total_mib": 49140.0, "gpu_power_w": 98.59, "process_present": true, "process_mem_mib": 47856.0, "process_mem_share_percent": 97.38705738705738, "process_util_available": true, "process_util_backend": "nvml", "process_sm_util_percent": 25.0, "process_mem_util_percent": 6.0}
{"timestamp_unix": 1772442370.6346176, "pid": 109733, "device_index": 0, "gpu_uuid": "GPU-6f954bfd-7081-31b7-f15c-f9a174bf4d7f", "gpu_util_percent": 26.0, "gpu_mem_util_percent": 6.0, "gpu_mem_used_mib": 48353.0, "gpu_mem_total_mib": 49140.0, "gpu_power_w": 98.59, "process_present": true, "process_mem_mib": 47856.0, "process_mem_share_percent": 97.38705738705738, "process_util_available": true, "process_util_backend": "nvml", "process_sm_util_percent": 26.0, "process_mem_util_percent": 6.0}
{"timestamp_unix": 1772442370.92684, "pid": 109733, "device_index": 0, "gpu_uuid": "GPU-6f954bfd-7081-31b7-f15c-f9a174bf4d7f", "gpu_util_percent": 32.0, "gpu_mem_util_percent": 7.0, "gpu_mem_used_mib": 48353.0, "gpu_mem_total_mib": 49140.0, "gpu_power_w": 99.28, "process_present": true, "process_mem_mib": 47856.0, "process_mem_share_percent": 97.38705738705738, "process_util_available": true, "process_util_backend": "nvml", "process_sm_util_percent": null, "process_mem_util_percent": null}
{"timestamp_unix": 1772442371.2264886, "pid": 109733, "device_index": 0, "gpu_uuid": "GPU-6f954bfd-7081-31b7-f15c-f9a174bf4d7f", "gpu_util_percent": 32.0, "gpu_mem_util_percent": 7.0, "gpu_mem_used_mib": 48355.0, "gpu_mem_total_mib": 49140.0, "gpu_power_w": 99.28, "process_present": true, "process_mem_mib": 47856.0, "process_mem_share_percent": 97.38705738705738, "process_util_available": true, "process_util_backend": "nvml", "process_sm_util_percent": 28.0, "process_mem_util_percent": 5.0}
{"timestamp_unix": 1772442371.5207136, "pid": 109733, "device_index": 0, "gpu_uuid": "GPU-6f954bfd-7081-31b7-f15c-f9a174bf4d7f", "gpu_util_percent": 32.0, "gpu_mem_util_percent": 7.0, "gpu_mem_used_mib": 48355.0, "gpu_mem_total_mib": 49140.0, "gpu_power_w": 97.4, "process_present": true, "process_mem_mib": 47856.0, "process_mem_share_percent": 97.38705738705738, "process_util_available": true, "process_util_backend": "nvml", "process_sm_util_percent": 28.0, "process_mem_util_percent": 5.0}
{"timestamp_unix": 1772442371.8108718, "pid": 109733, "device_index": 0, "gpu_uuid": "GPU-6f954bfd-7081-31b7-f15c-f9a174bf4d7f", "gpu_util_percent": 29.0, "gpu_mem_util_percent": 6.0, "gpu_mem_used_mib": 48355.0, "gpu_mem_total_mib": 49140.0, "gpu_power_w": 97.2, "process_present": true, "process_mem_mib": 47856.0, "process_mem_share_percent": 97.38705738705738, "process_util_available": true, "process_util_backend": "nvml", "process_sm_util_percent": 28.0, "process_mem_util_percent": 5.0}
{"timestamp_unix": 1772442372.104198, "pid": 109733, "device_index": 0, "gpu_uuid": "GPU-6f954bfd-7081-31b7-f15c-f9a174bf4d7f", "gpu_util_percent": 29.0, "gpu_mem_util_percent": 6.0, "gpu_mem_used_mib": 48354.0, "gpu_mem_total_mib": 49140.0, "gpu_power_w": 97.2, "process_present": true, "process_mem_mib": 47856.0, "process_mem_share_percent": 97.38705738705738, "process_util_available": true, "process_util_backend": "nvml", "process_sm_util_percent": 28.0, "process_mem_util_percent": 6.0}
{"timestamp_unix": 1772442372.394906, "pid": 109733, "device_index": 0, "gpu_uuid": "GPU-6f954bfd-7081-31b7-f15c-f9a174bf4d7f", "gpu_util_percent": 29.0, "gpu_mem_util_percent": 6.0, "gpu_mem_used_mib": 48354.0, "gpu_mem_total_mib": 49140.0, "gpu_power_w": 99.28, "process_present": true, "process_mem_mib": 47856.0, "process_mem_share_percent": 97.38705738705738, "process_util_available": true, "process_util_backend": "nvml", "process_sm_util_percent": 29.0, "process_mem_util_percent": 5.0}
{"timestamp_unix": 1772442372.7023785, "pid": 109733, "device_index": 0, "gpu_uuid": "GPU-6f954bfd-7081-31b7-f15c-f9a174bf4d7f", "gpu_util_percent": 29.0, "gpu_mem_util_percent": 6.0, "gpu_mem_used_mib": 48354.0, "gpu_mem_total_mib": 49140.0, "gpu_power_w": 99.28, "process_present": true, "process_mem_mib": 47856.0, "process_mem_share_percent": 97.38705738705738, "process_util_available": true, "process_util_backend": "nvml", "process_sm_util_percent": 28.0, "process_mem_util_percent": 5.0}
{"timestamp_unix": 1772442373.005928, "pid": 109733, "device_index": 0, "gpu_uuid": "GPU-6f954bfd-7081-31b7-f15c-f9a174bf4d7f", "gpu_util_percent": 29.0, "gpu_mem_util_percent": 6.0, "gpu_mem_used_mib": 48354.0, "gpu_mem_total_mib": 49140.0, "gpu_power_w": 99.1, "process_present": true, "process_mem_mib": 47856.0, "process_mem_share_percent": 97.38705738705738, "process_util_available": true, "process_util_backend": "nvml", "process_sm_util_percent": 28.0, "process_mem_util_percent": 5.0}
{"timestamp_unix": 1772442373.3127325, "pid": 109733, "device_index": 0, "gpu_uuid": "GPU-6f954bfd-7081-31b7-f15c-f9a174bf4d7f", "gpu_util_percent": 29.0, "gpu_mem_util_percent": 6.0, "gpu_mem_used_mib": 48354.0, "gpu_mem_total_mib": 49140.0, "gpu_power_w": 98.93, "process_present": true, "process_mem_mib": 47856.0, "process_mem_share_percent": 97.38705738705738, "process_util_available": true, "process_util_backend": "nvml", "process_sm_util_percent": 29.0, "process_mem_util_percent": 5.0}
{"timestamp_unix": 1772442373.6075373, "pid": 109733, "device_index": 0, "gpu_uuid": "GPU-6f954bfd-7081-31b7-f15c-f9a174bf4d7f", "gpu_util_percent": 29.0, "gpu_mem_util_percent": 6.0, "gpu_mem_used_mib": 48354.0, "gpu_mem_total_mib": 49140.0, "gpu_power_w": 98.93, "process_present": true, "process_mem_mib": 47856.0, "process_mem_share_percent": 97.38705738705738, "process_util_available": true, "process_util_backend": "nvml", "process_sm_util_percent": 14.0, "process_mem_util_percent": 2.0}
{"timestamp_unix": 1772442374.0924299, "pid": 109733, "device_index": 0, "gpu_uuid": "GPU-6f954bfd-7081-31b7-f15c-f9a174bf4d7f", "gpu_util_percent": 28.0, "gpu_mem_util_percent": 6.0, "gpu_mem_used_mib": 48354.0, "gpu_mem_total_mib": 49140.0, "gpu_power_w": 98.72, "process_present": true, "process_mem_mib": 47856.0, "process_mem_share_percent": 97.38705738705738, "process_util_available": true, "process_util_backend": "nvml", "process_sm_util_percent": null, "process_mem_util_percent": null}
{"timestamp_unix": 1772442374.3875463, "pid": 109733, "device_index": 0, "gpu_uuid": "GPU-6f954bfd-7081-31b7-f15c-f9a174bf4d7f", "gpu_util_percent": 28.0, "gpu_mem_util_percent": 6.0, "gpu_mem_used_mib": 48354.0, "gpu_mem_total_mib": 49140.0, "gpu_power_w": 95.22, "process_present": true, "process_mem_mib": 47856.0, "process_mem_share_percent": 97.38705738705738, "process_util_available": true, "process_util_backend": "nvml", "process_sm_util_percent": 25.0, "process_mem_util_percent": 5.0}
{"timestamp_unix": 1772442374.687737, "pid": 109733, "device_index": 0, "gpu_uuid": "GPU-6f954bfd-7081-31b7-f15c-f9a174bf4d7f", "gpu_util_percent": 28.0, "gpu_mem_util_percent": 6.0, "gpu_mem_used_mib": 48354.0, "gpu_mem_total_mib": 49140.0, "gpu_power_w": 95.22, "process_present": true, "process_mem_mib": 47856.0, "process_mem_share_percent": 97.38705738705738, "process_util_available": true, "process_util_backend": "nvml", "process_sm_util_percent": 27.0, "process_mem_util_percent": 6.0}
{"timestamp_unix": 1772442374.980936, "pid": 109733, "device_index": 0, "gpu_uuid": "GPU-6f954bfd-7081-31b7-f15c-f9a174bf4d7f", "gpu_util_percent": 26.0, "gpu_mem_util_percent": 6.0, "gpu_mem_used_mib": 48354.0, "gpu_mem_total_mib": 49140.0, "gpu_power_w": 95.12, "process_present": true, "process_mem_mib": 47856.0, "process_mem_share_percent": 97.38705738705738, "process_util_available": true, "process_util_backend": "nvml", "process_sm_util_percent": 27.0, "process_mem_util_percent": 6.0}
{"timestamp_unix": 1772442375.2816222, "pid": 109733, "device_index": 0, "gpu_uuid": "GPU-6f954bfd-7081-31b7-f15c-f9a174bf4d7f", "gpu_util_percent": 26.0, "gpu_mem_util_percent": 6.0, "gpu_mem_used_mib": 48354.0, "gpu_mem_total_mib": 49140.0, "gpu_power_w": 98.65, "process_present": true, "process_mem_mib": 47856.0, "process_mem_share_percent": 97.38705738705738, "process_util_available": true, "process_util_backend": "nvml", "process_sm_util_percent": 28.0, "process_mem_util_percent": 6.0}
{"timestamp_unix": 1772442375.5872521, "pid": 109733, "device_index": 0, "gpu_uuid": "GPU-6f954bfd-7081-31b7-f15c-f9a174bf4d7f", "gpu_util_percent": 26.0, "gpu_mem_util_percent": 6.0, "gpu_mem_used_mib": 48354.0, "gpu_mem_total_mib": 49140.0, "gpu_power_w": 98.65, "process_present": true, "process_mem_mib": 47856.0, "process_mem_share_percent": 97.38705738705738, "process_util_available": true, "process_util_backend": "nvml", "process_sm_util_percent": 27.0, "process_mem_util_percent": 6.0}
{"timestamp_unix": 1772442375.8961859, "pid": 109733, "device_index": 0, "gpu_uuid": "GPU-6f954bfd-7081-31b7-f15c-f9a174bf4d7f", "gpu_util_percent": 27.0, "gpu_mem_util_percent": 6.0, "gpu_mem_used_mib": 48354.0, "gpu_mem_total_mib": 49140.0, "gpu_power_w": 99.42, "process_present": true, "process_mem_mib": 47856.0, "process_mem_share_percent": 97.38705738705738, "process_util_available": true, "process_util_backend": "nvml", "process_sm_util_percent": 27.0, "process_mem_util_percent": 6.0}
{"timestamp_unix": 1772442376.201841, "pid": 109733, "device_index": 0, "gpu_uuid": "GPU-6f954bfd-7081-31b7-f15c-f9a174bf4d7f", "gpu_util_percent": 27.0, "gpu_mem_util_percent": 6.0, "gpu_mem_used_mib": 48353.0, "gpu_mem_total_mib": 49140.0, "gpu_power_w": 99.42, "process_present": true, "process_mem_mib": 47856.0, "process_mem_share_percent": 97.38705738705738, "process_util_available": true, "process_util_backend": "nvml", "process_sm_util_percent": 9.0, "process_mem_util_percent": 1.0}
{"timestamp_unix": 1772442376.492823, "pid": 109733, "device_index": 0, "gpu_uuid": "GPU-6f954bfd-7081-31b7-f15c-f9a174bf4d7f", "gpu_util_percent": 27.0, "gpu_mem_util_percent": 6.0, "gpu_mem_used_mib": 48353.0, "gpu_mem_total_mib": 49140.0, "gpu_power_w": 97.77, "process_present": true, "process_mem_mib": 47856.0, "process_mem_share_percent": 97.38705738705738, "process_util_available": true, "process_util_backend": "nvml", "process_sm_util_percent": 27.0, "process_mem_util_percent": 6.0}
{"timestamp_unix": 1772442376.7900019, "pid": 109733, "device_index": 0, "gpu_uuid": "GPU-6f954bfd-7081-31b7-f15c-f9a174bf4d7f", "gpu_util_percent": 27.0, "gpu_mem_util_percent": 7.0, "gpu_mem_used_mib": 48353.0, "gpu_mem_total_mib": 49140.0, "gpu_power_w": 97.65, "process_present": true, "process_mem_mib": 47856.0, "process_mem_share_percent": 97.38705738705738, "process_util_available": true, "process_util_backend": "nvml", "process_sm_util_percent": 28.0, "process_mem_util_percent": 6.0}
{"timestamp_unix": 1772442377.080568, "pid": 109733, "device_index": 0, "gpu_uuid": "GPU-6f954bfd-7081-31b7-f15c-f9a174bf4d7f", "gpu_util_percent": 27.0, "gpu_mem_util_percent": 7.0, "gpu_mem_used_mib": 48353.0, "gpu_mem_total_mib": 49140.0, "gpu_power_w": 97.65, "process_present": true, "process_mem_mib": 47856.0, "process_mem_share_percent": 97.38705738705738, "process_util_available": true, "process_util_backend": "nvml", "process_sm_util_percent": 27.0, "process_mem_util_percent": 6.0}
{"timestamp_unix": 1772442377.373389, "pid": 109733, "device_index": 0, "gpu_uuid": "GPU-6f954bfd-7081-31b7-f15c-f9a174bf4d7f", "gpu_util_percent": 27.0, "gpu_mem_util_percent": 7.0, "gpu_mem_used_mib": 48353.0, "gpu_mem_total_mib": 49140.0, "gpu_power_w": 99.25, "process_present": true, "process_mem_mib": 47856.0, "process_mem_share_percent": 97.38705738705738, "process_util_available": true, "process_util_backend": "nvml", "process_sm_util_percent": 28.0, "process_mem_util_percent": 6.0}
{"timestamp_unix": 1772442377.6639469, "pid": 109733, "device_index": 0, "gpu_uuid": "GPU-6f954bfd-7081-31b7-f15c-f9a174bf4d7f", "gpu_util_percent": 27.0, "gpu_mem_util_percent": 7.0, "gpu_mem_used_mib": 48353.0, "gpu_mem_total_mib": 49140.0, "gpu_power_w": 99.25, "process_present": true, "process_mem_mib": 47856.0, "process_mem_share_percent": 97.38705738705738, "process_util_available": true, "process_util_backend": "nvml", "process_sm_util_percent": 27.0, "process_mem_util_percent": 6.0}
{"timestamp_unix": 1772442377.9568677, "pid": 109733, "device_index": 0, "gpu_uuid": "GPU-6f954bfd-7081-31b7-f15c-f9a174bf4d7f", "gpu_util_percent": 29.0, "gpu_mem_util_percent": 6.0, "gpu_mem_used_mib": 48353.0, "gpu_mem_total_mib": 49140.0, "gpu_power_w": 99.58, "process_present": true, "process_mem_mib": 47856.0, "process_mem_share_percent": 97.38705738705738, "process_util_available": true, "process_util_backend": "nvml", "process_sm_util_percent": 28.0, "process_mem_util_percent": 6.0}
{"timestamp_unix": 1772442378.2647462, "pid": 109733, "device_index": 0, "gpu_uuid": "GPU-6f954bfd-7081-31b7-f15c-f9a174bf4d7f", "gpu_util_percent": 29.0, "gpu_mem_util_percent": 6.0, "gpu_mem_used_mib": 48353.0, "gpu_mem_total_mib": 49140.0, "gpu_power_w": 99.33, "process_present": true, "process_mem_mib": 47856.0, "process_mem_share_percent": 97.38705738705738, "process_util_available": true, "process_util_backend": "nvml", "process_sm_util_percent": 27.0, "process_mem_util_percent": 6.0}
{"timestamp_unix": 1772442378.568771, "pid": 109733, "device_index": 0, "gpu_uuid": "GPU-6f954bfd-7081-31b7-f15c-f9a174bf4d7f", "gpu_util_percent": 29.0, "gpu_mem_util_percent": 6.0, "gpu_mem_used_mib": 48353.0, "gpu_mem_total_mib": 49140.0, "gpu_power_w": 99.33, "process_present": true, "process_mem_mib": 47856.0, "process_mem_share_percent": 97.38705738705738, "process_util_available": true, "process_util_backend": "nvml", "process_sm_util_percent": 27.0, "process_mem_util_percent": 5.0}
{"timestamp_unix": 1772442378.8694155, "pid": 109733, "device_index": 0, "gpu_uuid": "GPU-6f954bfd-7081-31b7-f15c-f9a174bf4d7f", "gpu_util_percent": 28.0, "gpu_mem_util_percent": 6.0, "gpu_mem_used_mib": 48353.0, "gpu_mem_total_mib": 49140.0, "gpu_power_w": 99.03, "process_present": true, "process_mem_mib": 47856.0, "process_mem_share_percent": 97.38705738705738, "process_util_available": true, "process_util_backend": "nvml", "process_sm_util_percent": 27.0, "process_mem_util_percent": 5.0}
{"timestamp_unix": 1772442379.1626716, "pid": 109733, "device_index": 0, "gpu_uuid": "GPU-6f954bfd-7081-31b7-f15c-f9a174bf4d7f", "gpu_util_percent": 28.0, "gpu_mem_util_percent": 6.0, "gpu_mem_used_mib": 48347.0, "gpu_mem_total_mib": 49140.0, "gpu_power_w": 99.03, "process_present": true, "process_mem_mib": 47856.0, "process_mem_share_percent": 97.38705738705738, "process_util_available": true, "process_util_backend": "nvml", "process_sm_util_percent": 25.0, "process_mem_util_percent": 4.0}
{"timestamp_unix": 1772442379.453852, "pid": 109733, "device_index": 0, "gpu_uuid": "GPU-6f954bfd-7081-31b7-f15c-f9a174bf4d7f", "gpu_util_percent": 28.0, "gpu_mem_util_percent": 6.0, "gpu_mem_used_mib": 48347.0, "gpu_mem_total_mib": 49140.0, "gpu_power_w": 98.1, "process_present": true, "process_mem_mib": 47856.0, "process_mem_share_percent": 97.38705738705738, "process_util_available": true, "process_util_backend": "nvml", "process_sm_util_percent": 25.0, "process_mem_util_percent": 6.0}
{"timestamp_unix": 1772442379.7533996, "pid": 109733, "device_index": 0, "gpu_uuid": "GPU-6f954bfd-7081-31b7-f15c-f9a174bf4d7f", "gpu_util_percent": 28.0, "gpu_mem_util_percent": 7.0, "gpu_mem_used_mib": 48347.0, "gpu_mem_total_mib": 49140.0, "gpu_power_w": 98.4, "process_present": true, "process_mem_mib": 47856.0, "process_mem_share_percent": 97.38705738705738, "process_util_available": true, "process_util_backend": "nvml", "process_sm_util_percent": 27.0, "process_mem_util_percent": 6.0}
{"timestamp_unix": 1772442380.045238, "pid": 109733, "device_index": 0, "gpu_uuid": "GPU-6f954bfd-7081-31b7-f15c-f9a174bf4d7f", "gpu_util_percent": 28.0, "gpu_mem_util_percent": 7.0, "gpu_mem_used_mib": 48352.0, "gpu_mem_total_mib": 49140.0, "gpu_power_w": 98.4, "process_present": true, "process_mem_mib": 47856.0, "process_mem_share_percent": 97.38705738705738, "process_util_available": true, "process_util_backend": "nvml", "process_sm_util_percent": 27.0, "process_mem_util_percent": 6.0}
{"timestamp_unix": 1772442380.3376915, "pid": 109733, "device_index": 0, "gpu_uuid": "GPU-6f954bfd-7081-31b7-f15c-f9a174bf4d7f", "gpu_util_percent": 28.0, "gpu_mem_util_percent": 7.0, "gpu_mem_used_mib": 48352.0, "gpu_mem_total_mib": 49140.0, "gpu_power_w": 99.89, "process_present": true, "process_mem_mib": 47856.0, "process_mem_share_percent": 97.38705738705738, "process_util_available": true, "process_util_backend": "nvml", "process_sm_util_percent": 27.0, "process_mem_util_percent": 7.0}
{"timestamp_unix": 1772442380.6280468, "pid": 109733, "device_index": 0, "gpu_uuid": "GPU-6f954bfd-7081-31b7-f15c-f9a174bf4d7f", "gpu_util_percent": 28.0, "gpu_mem_util_percent": 7.0, "gpu_mem_used_mib": 48348.0, "gpu_mem_total_mib": 49140.0, "gpu_power_w": 99.89, "process_present": true, "process_mem_mib": 47856.0, "process_mem_share_percent": 97.38705738705738, "process_util_available": true, "process_util_backend": "nvml", "process_sm_util_percent": 26.0, "process_mem_util_percent": 7.0}
{"timestamp_unix": 1772442380.9276521, "pid": 109733, "device_index": 0, "gpu_uuid": "GPU-6f954bfd-7081-31b7-f15c-f9a174bf4d7f", "gpu_util_percent": 27.0, "gpu_mem_util_percent": 7.0, "gpu_mem_used_mib": 48348.0, "gpu_mem_total_mib": 49140.0, "gpu_power_w": 100.94, "process_present": true, "process_mem_mib": 47856.0, "process_mem_share_percent": 97.38705738705738, "process_util_available": true, "process_util_backend": "nvml", "process_sm_util_percent": 26.0, "process_mem_util_percent": 7.0}
{"timestamp_unix": 1772442381.2465634, "pid": 109733, "device_index": 0, "gpu_uuid": "GPU-6f954bfd-7081-31b7-f15c-f9a174bf4d7f", "gpu_util_percent": 27.0, "gpu_mem_util_percent": 7.0, "gpu_mem_used_mib": 48348.0, "gpu_mem_total_mib": 49140.0, "gpu_power_w": 100.94, "process_present": true, "process_mem_mib": 47856.0, "process_mem_share_percent": 97.38705738705738, "process_util_available": true, "process_util_backend": "nvml", "process_sm_util_percent": 14.0, "process_mem_util_percent": 3.0}
{"timestamp_unix": 1772442381.5513906, "pid": 109733, "device_index": 0, "gpu_uuid": "GPU-6f954bfd-7081-31b7-f15c-f9a174bf4d7f", "gpu_util_percent": 27.0, "gpu_mem_util_percent": 7.0, "gpu_mem_used_mib": 48348.0, "gpu_mem_total_mib": 49140.0, "gpu_power_w": 100.92, "process_present": true, "process_mem_mib": 47856.0, "process_mem_share_percent": 97.38705738705738, "process_util_available": true, "process_util_backend": "nvml", "process_sm_util_percent": 22.0, "process_mem_util_percent": 4.0}
{"timestamp_unix": 1772442381.8499897, "pid": 109733, "device_index": 0, "gpu_uuid": "GPU-6f954bfd-7081-31b7-f15c-f9a174bf4d7f", "gpu_util_percent": 27.0, "gpu_mem_util_percent": 7.0, "gpu_mem_used_mib": 48348.0, "gpu_mem_total_mib": 49140.0, "gpu_power_w": 98.7, "process_present": true, "process_mem_mib": 47856.0, "process_mem_share_percent": 97.38705738705738, "process_util_available": true, "process_util_backend": "nvml", "process_sm_util_percent": 27.0, "process_mem_util_percent": 7.0}
{"timestamp_unix": 1772442382.1397138, "pid": 109733, "device_index": 0, "gpu_uuid": "GPU-6f954bfd-7081-31b7-f15c-f9a174bf4d7f", "gpu_util_percent": 27.0, "gpu_mem_util_percent": 7.0, "gpu_mem_used_mib": 48355.0, "gpu_mem_total_mib": 49140.0, "gpu_power_w": 98.7, "process_present": true, "process_mem_mib": 47856.0, "process_mem_share_percent": 97.38705738705738, "process_util_available": true, "process_util_backend": "nvml", "process_sm_util_percent": 14.0, "process_mem_util_percent": 3.0}
{"timestamp_unix": 1772442382.430537, "pid": 109733, "device_index": 0, "gpu_uuid": "GPU-6f954bfd-7081-31b7-f15c-f9a174bf4d7f", "gpu_util_percent": 27.0, "gpu_mem_util_percent": 7.0, "gpu_mem_used_mib": 48355.0, "gpu_mem_total_mib": 49140.0, "gpu_power_w": 98.83, "process_present": true, "process_mem_mib": 47856.0, "process_mem_share_percent": 97.38705738705738, "process_util_available": true, "process_util_backend": "nvml", "process_sm_util_percent": 28.0, "process_mem_util_percent": 7.0}
{"timestamp_unix": 1772442382.728571, "pid": 109733, "device_index": 0, "gpu_uuid": "GPU-6f954bfd-7081-31b7-f15c-f9a174bf4d7f", "gpu_util_percent": 27.0, "gpu_mem_util_percent": 7.0, "gpu_mem_used_mib": 48355.0, "gpu_mem_total_mib": 49140.0, "gpu_power_w": 98.83, "process_present": true, "process_mem_mib": 47856.0, "process_mem_share_percent": 97.38705738705738, "process_util_available": true, "process_util_backend": "nvml", "process_sm_util_percent": 28.0, "process_mem_util_percent": 7.0}
{"timestamp_unix": 1772442383.0230625, "pid": 109733, "device_index": 0, "gpu_uuid": "GPU-6f954bfd-7081-31b7-f15c-f9a174bf4d7f", "gpu_util_percent": 29.0, "gpu_mem_util_percent": 8.0, "gpu_mem_used_mib": 48355.0, "gpu_mem_total_mib": 49140.0, "gpu_power_w": 101.65, "process_present": true, "process_mem_mib": 47856.0, "process_mem_share_percent": 97.38705738705738, "process_util_available": true, "process_util_backend": "nvml", "process_sm_util_percent": 27.0, "process_mem_util_percent": 7.0}
{"timestamp_unix": 1772442383.3133185, "pid": 109733, "device_index": 0, "gpu_uuid": "GPU-6f954bfd-7081-31b7-f15c-f9a174bf4d7f", "gpu_util_percent": 29.0, "gpu_mem_util_percent": 8.0, "gpu_mem_used_mib": 48355.0, "gpu_mem_total_mib": 49140.0, "gpu_power_w": 101.49, "process_present": true, "process_mem_mib": 47856.0, "process_mem_share_percent": 97.38705738705738, "process_util_available": true, "process_util_backend": "nvml", "process_sm_util_percent": 28.0, "process_mem_util_percent": 7.0}
{"timestamp_unix": 1772442383.6043904, "pid": 109733, "device_index": 0, "gpu_uuid": "GPU-6f954bfd-7081-31b7-f15c-f9a174bf4d7f", "gpu_util_percent": 29.0, "gpu_mem_util_percent": 8.0, "gpu_mem_used_mib": 48355.0, "gpu_mem_total_mib": 49140.0, "gpu_power_w": 101.49, "process_present": true, "process_mem_mib": 47856.0, "process_mem_share_percent": 97.38705738705738, "process_util_available": true, "process_util_backend": "nvml", "process_sm_util_percent": 28.0, "process_mem_util_percent": 7.0}
{"timestamp_unix": 1772442383.9119248, "pid": 109733, "device_index": 0, "gpu_uuid": "GPU-6f954bfd-7081-31b7-f15c-f9a174bf4d7f", "gpu_util_percent": 28.0, "gpu_mem_util_percent": 7.0, "gpu_mem_used_mib": 48355.0, "gpu_mem_total_mib": 49140.0, "gpu_power_w": 101.07, "process_present": true, "process_mem_mib": 47856.0, "process_mem_share_percent": 97.38705738705738, "process_util_available": true, "process_util_backend": "nvml", "process_sm_util_percent": 27.0, "process_mem_util_percent": 6.0}
{"timestamp_unix": 1772442384.2180493, "pid": 109733, "device_index": 0, "gpu_uuid": "GPU-6f954bfd-7081-31b7-f15c-f9a174bf4d7f", "gpu_util_percent": 28.0, "gpu_mem_util_percent": 7.0, "gpu_mem_used_mib": 48355.0, "gpu_mem_total_mib": 49140.0, "gpu_power_w": 101.07, "process_present": true, "process_mem_mib": 47856.0, "process_mem_share_percent": 97.38705738705738, "process_util_available": true, "process_util_backend": "nvml", "process_sm_util_percent": 28.0, "process_mem_util_percent": 7.0}
{"timestamp_unix": 1772442384.5199153, "pid": 109733, "device_index": 0, "gpu_uuid": "GPU-6f954bfd-7081-31b7-f15c-f9a174bf4d7f", "gpu_util_percent": 28.0, "gpu_mem_util_percent": 7.0, "gpu_mem_used_mib": 48355.0, "gpu_mem_total_mib": 49140.0, "gpu_power_w": 100.93, "process_present": true, "process_mem_mib": 47856.0, "process_mem_share_percent": 97.38705738705738, "process_util_available": true, "process_util_backend": "nvml", "process_sm_util_percent": 23.0, "process_mem_util_percent": 5.0}
{"timestamp_unix": 1772442384.8131487, "pid": 109733, "device_index": 0, "gpu_uuid": "GPU-6f954bfd-7081-31b7-f15c-f9a174bf4d7f", "gpu_util_percent": 27.0, "gpu_mem_util_percent": 7.0, "gpu_mem_used_mib": 48351.0, "gpu_mem_total_mib": 49140.0, "gpu_power_w": 99.96, "process_present": true, "process_mem_mib": 47856.0, "process_mem_share_percent": 97.38705738705738, "process_util_available": true, "process_util_backend": "nvml", "process_sm_util_percent": 26.0, "process_mem_util_percent": 6.0}
{"timestamp_unix": 1772442385.1081579, "pid": 109733, "device_index": 0, "gpu_uuid": "GPU-6f954bfd-7081-31b7-f15c-f9a174bf4d7f", "gpu_util_percent": 27.0, "gpu_mem_util_percent": 7.0, "gpu_mem_used_mib": 48351.0, "gpu_mem_total_mib": 49140.0, "gpu_power_w": 99.96, "process_present": true, "process_mem_mib": 47856.0, "process_mem_share_percent": 97.38705738705738, "process_util_available": true, "process_util_backend": "nvml", "process_sm_util_percent": 26.0, "process_mem_util_percent": 6.0}
{"timestamp_unix": 1772442385.4040325, "pid": 109733, "device_index": 0, "gpu_uuid": "GPU-6f954bfd-7081-31b7-f15c-f9a174bf4d7f", "gpu_util_percent": 27.0, "gpu_mem_util_percent": 7.0, "gpu_mem_used_mib": 48351.0, "gpu_mem_total_mib": 49140.0, "gpu_power_w": 99.63, "process_present": true, "process_mem_mib": 47856.0, "process_mem_share_percent": 97.38705738705738, "process_util_available": true, "process_util_backend": "nvml", "process_sm_util_percent": 27.0, "process_mem_util_percent": 6.0}
{"timestamp_unix": 1772442385.695971, "pid": 109733, "device_index": 0, "gpu_uuid": "GPU-6f954bfd-7081-31b7-f15c-f9a174bf4d7f", "gpu_util_percent": 27.0, "gpu_mem_util_percent": 7.0, "gpu_mem_used_mib": 48351.0, "gpu_mem_total_mib": 49140.0, "gpu_power_w": 99.63, "process_present": true, "process_mem_mib": 47856.0, "process_mem_share_percent": 97.38705738705738, "process_util_available": true, "process_util_backend": "nvml", "process_sm_util_percent": 27.0, "process_mem_util_percent": 7.0}
{"timestamp_unix": 1772442385.992865, "pid": 109733, "device_index": 0, "gpu_uuid": "GPU-6f954bfd-7081-31b7-f15c-f9a174bf4d7f", "gpu_util_percent": 28.0, "gpu_mem_util_percent": 7.0, "gpu_mem_used_mib": 48351.0, "gpu_mem_total_mib": 49140.0, "gpu_power_w": 100.6, "process_present": true, "process_mem_mib": 47856.0, "process_mem_share_percent": 97.38705738705738, "process_util_available": true, "process_util_backend": "nvml", "process_sm_util_percent": 27.0, "process_mem_util_percent": 7.0}
{"timestamp_unix": 1772442386.2902277, "pid": 109733, "device_index": 0, "gpu_uuid": "GPU-6f954bfd-7081-31b7-f15c-f9a174bf4d7f", "gpu_util_percent": 28.0, "gpu_mem_util_percent": 7.0, "gpu_mem_used_mib": 48351.0, "gpu_mem_total_mib": 49140.0, "gpu_power_w": 101.28, "process_present": true, "process_mem_mib": 47856.0, "process_mem_share_percent": 97.38705738705738, "process_util_available": true, "process_util_backend": "nvml", "process_sm_util_percent": 28.0, "process_mem_util_percent": 7.0}
{"timestamp_unix": 1772442386.5967097, "pid": 109733, "device_index": 0, "gpu_uuid": "GPU-6f954bfd-7081-31b7-f15c-f9a174bf4d7f", "gpu_util_percent": 28.0, "gpu_mem_util_percent": 7.0, "gpu_mem_used_mib": 48351.0, "gpu_mem_total_mib": 49140.0, "gpu_power_w": 101.28, "process_present": true, "process_mem_mib": 47856.0, "process_mem_share_percent": 97.38705738705738, "process_util_available": true, "process_util_backend": "nvml", "process_sm_util_percent": 8.0, "process_mem_util_percent": 1.0}
{"timestamp_unix": 1772442386.9029715, "pid": 109733, "device_index": 0, "gpu_uuid": "GPU-6f954bfd-7081-31b7-f15c-f9a174bf4d7f", "gpu_util_percent": 29.0, "gpu_mem_util_percent": 8.0, "gpu_mem_used_mib": 48351.0, "gpu_mem_total_mib": 49140.0, "gpu_power_w": 99.51, "process_present": true, "process_mem_mib": 47856.0, "process_mem_share_percent": 97.38705738705738, "process_util_available": true, "process_util_backend": "nvml", "process_sm_util_percent": 27.0, "process_mem_util_percent": 7.0}
{"timestamp_unix": 1772442387.2026112, "pid": 109733, "device_index": 0, "gpu_uuid": "GPU-6f954bfd-7081-31b7-f15c-f9a174bf4d7f", "gpu_util_percent": 29.0, "gpu_mem_util_percent": 8.0, "gpu_mem_used_mib": 48351.0, "gpu_mem_total_mib": 49140.0, "gpu_power_w": 99.51, "process_present": true, "process_mem_mib": 47856.0, "process_mem_share_percent": 97.38705738705738, "process_util_available": true, "process_util_backend": "nvml", "process_sm_util_percent": 28.0, "process_mem_util_percent": 7.0}
{"timestamp_unix": 1772442387.4988728, "pid": 109733, "device_index": 0, "gpu_uuid": "GPU-6f954bfd-7081-31b7-f15c-f9a174bf4d7f", "gpu_util_percent": 29.0, "gpu_mem_util_percent": 8.0, "gpu_mem_used_mib": 48351.0, "gpu_mem_total_mib": 49140.0, "gpu_power_w": 99.89, "process_present": true, "process_mem_mib": 47856.0, "process_mem_share_percent": 97.38705738705738, "process_util_available": true, "process_util_backend": "nvml", "process_sm_util_percent": 27.0, "process_mem_util_percent": 7.0}
{"timestamp_unix": 1772442387.7921324, "pid": 109733, "device_index": 0, "gpu_uuid": "GPU-6f954bfd-7081-31b7-f15c-f9a174bf4d7f", "gpu_util_percent": 27.0, "gpu_mem_util_percent": 8.0, "gpu_mem_used_mib": 48351.0, "gpu_mem_total_mib": 49140.0, "gpu_power_w": 102.24, "process_present": true, "process_mem_mib": 47856.0, "process_mem_share_percent": 97.38705738705738, "process_util_available": true, "process_util_backend": "nvml", "process_sm_util_percent": 26.0, "process_mem_util_percent": 7.0}
{"timestamp_unix": 1772442388.0870845, "pid": 109733, "device_index": 0, "gpu_uuid": "GPU-6f954bfd-7081-31b7-f15c-f9a174bf4d7f", "gpu_util_percent": 27.0, "gpu_mem_util_percent": 8.0, "gpu_mem_used_mib": 48351.0, "gpu_mem_total_mib": 49140.0, "gpu_power_w": 102.24, "process_present": true, "process_mem_mib": 47856.0, "process_mem_share_percent": 97.38705738705738, "process_util_available": true, "process_util_backend": "nvml", "process_sm_util_percent": 24.0, "process_mem_util_percent": 7.0}
{"timestamp_unix": 1772442388.377187, "pid": 109733, "device_index": 0, "gpu_uuid": "GPU-6f954bfd-7081-31b7-f15c-f9a174bf4d7f", "gpu_util_percent": 27.0, "gpu_mem_util_percent": 8.0, "gpu_mem_used_mib": 48351.0, "gpu_mem_total_mib": 49140.0, "gpu_power_w": 102.07, "process_present": true, "process_mem_mib": 47856.0, "process_mem_share_percent": 97.38705738705738, "process_util_available": true, "process_util_backend": "nvml", "process_sm_util_percent": 26.0, "process_mem_util_percent": 7.0}
{"timestamp_unix": 1772442388.6722732, "pid": 109733, "device_index": 0, "gpu_uuid": "GPU-6f954bfd-7081-31b7-f15c-f9a174bf4d7f", "gpu_util_percent": 27.0, "gpu_mem_util_percent": 8.0, "gpu_mem_used_mib": 48351.0, "gpu_mem_total_mib": 49140.0, "gpu_power_w": 102.07, "process_present": true, "process_mem_mib": 47856.0, "process_mem_share_percent": 97.38705738705738, "process_util_available": true, "process_util_backend": "nvml", "process_sm_util_percent": null, "process_mem_util_percent": null}
{"timestamp_unix": 1772442388.9637902, "pid": 109733, "device_index": 0, "gpu_uuid": "GPU-6f954bfd-7081-31b7-f15c-f9a174bf4d7f", "gpu_util_percent": 23.0, "gpu_mem_util_percent": 7.0, "gpu_mem_used_mib": 48351.0, "gpu_mem_total_mib": 49140.0, "gpu_power_w": 101.96, "process_present": true, "process_mem_mib": 47856.0, "process_mem_share_percent": 97.38705738705738, "process_util_available": true, "process_util_backend": "nvml", "process_sm_util_percent": 12.0, "process_mem_util_percent": 3.0}
{"timestamp_unix": 1772442389.2572424, "pid": 109733, "device_index": 0, "gpu_uuid": "GPU-6f954bfd-7081-31b7-f15c-f9a174bf4d7f", "gpu_util_percent": 23.0, "gpu_mem_util_percent": 7.0, "gpu_mem_used_mib": 48351.0, "gpu_mem_total_mib": 49140.0, "gpu_power_w": 101.69, "process_present": true, "process_mem_mib": 47856.0, "process_mem_share_percent": 97.38705738705738, "process_util_available": true, "process_util_backend": "nvml", "process_sm_util_percent": null, "process_mem_util_percent": null}
{"timestamp_unix": 1772442389.5641336, "pid": 109733, "device_index": 0, "gpu_uuid": "GPU-6f954bfd-7081-31b7-f15c-f9a174bf4d7f", "gpu_util_percent": 23.0, "gpu_mem_util_percent": 7.0, "gpu_mem_used_mib": 48351.0, "gpu_mem_total_mib": 49140.0, "gpu_power_w": 101.69, "process_present": true, "process_mem_mib": 47856.0, "process_mem_share_percent": 97.38705738705738, "process_util_available": true, "process_util_backend": "nvml", "process_sm_util_percent": 22.0, "process_mem_util_percent": 6.0}
{"timestamp_unix": 1772442389.870192, "pid": 109733, "device_index": 0, "gpu_uuid": "GPU-6f954bfd-7081-31b7-f15c-f9a174bf4d7f", "gpu_util_percent": 24.0, "gpu_mem_util_percent": 7.0, "gpu_mem_used_mib": 48351.0, "gpu_mem_total_mib": 49140.0, "gpu_power_w": 100.68, "process_present": true, "process_mem_mib": 47856.0, "process_mem_share_percent": 97.38705738705738, "process_util_available": true, "process_util_backend": "nvml", "process_sm_util_percent": 25.0, "process_mem_util_percent": 7.0}
{"timestamp_unix": 1772442390.173812, "pid": 109733, "device_index": 0, "gpu_uuid": "GPU-6f954bfd-7081-31b7-f15c-f9a174bf4d7f", "gpu_util_percent": 24.0, "gpu_mem_util_percent": 7.0, "gpu_mem_used_mib": 48355.0, "gpu_mem_total_mib": 49140.0, "gpu_power_w": 100.68, "process_present": true, "process_mem_mib": 47856.0, "process_mem_share_percent": 97.38705738705738, "process_util_available": true, "process_util_backend": "nvml", "process_sm_util_percent": 27.0, "process_mem_util_percent": 7.0}
{"timestamp_unix": 1772442390.4682214, "pid": 109733, "device_index": 0, "gpu_uuid": "GPU-6f954bfd-7081-31b7-f15c-f9a174bf4d7f", "gpu_util_percent": 24.0, "gpu_mem_util_percent": 7.0, "gpu_mem_used_mib": 48355.0, "gpu_mem_total_mib": 49140.0, "gpu_power_w": 101.27, "process_present": true, "process_mem_mib": 47856.0, "process_mem_share_percent": 97.38705738705738, "process_util_available": true, "process_util_backend": "nvml", "process_sm_util_percent": 27.0, "process_mem_util_percent": 7.0}
{"timestamp_unix": 1772442390.7677052, "pid": 109733, "device_index": 0, "gpu_uuid": "GPU-6f954bfd-7081-31b7-f15c-f9a174bf4d7f", "gpu_util_percent": 26.0, "gpu_mem_util_percent": 8.0, "gpu_mem_used_mib": 48355.0, "gpu_mem_total_mib": 49140.0, "gpu_power_w": 102.72, "process_present": true, "process_mem_mib": 47856.0, "process_mem_share_percent": 97.38705738705738, "process_util_available": true, "process_util_backend": "nvml", "process_sm_util_percent": 27.0, "process_mem_util_percent": 7.0}
{"timestamp_unix": 1772442391.060996, "pid": 109733, "device_index": 0, "gpu_uuid": "GPU-6f954bfd-7081-31b7-f15c-f9a174bf4d7f", "gpu_util_percent": 26.0, "gpu_mem_util_percent": 8.0, "gpu_mem_used_mib": 48355.0, "gpu_mem_total_mib": 49140.0, "gpu_power_w": 102.72, "process_present": true, "process_mem_mib": 47856.0, "process_mem_share_percent": 97.38705738705738, "process_util_available": true, "process_util_backend": "nvml", "process_sm_util_percent": 27.0, "process_mem_util_percent": 8.0}
{"timestamp_unix": 1772442391.3571336, "pid": 109733, "device_index": 0, "gpu_uuid": "GPU-6f954bfd-7081-31b7-f15c-f9a174bf4d7f", "gpu_util_percent": 26.0, "gpu_mem_util_percent": 8.0, "gpu_mem_used_mib": 48355.0, "gpu_mem_total_mib": 49140.0, "gpu_power_w": 103.31, "process_present": true, "process_mem_mib": 47856.0, "process_mem_share_percent": 97.38705738705738, "process_util_available": true, "process_util_backend": "nvml", "process_sm_util_percent": 28.0, "process_mem_util_percent": 8.0}
{"timestamp_unix": 1772442391.6531377, "pid": 109733, "device_index": 0, "gpu_uuid": "GPU-6f954bfd-7081-31b7-f15c-f9a174bf4d7f", "gpu_util_percent": 26.0, "gpu_mem_util_percent": 8.0, "gpu_mem_used_mib": 48355.0, "gpu_mem_total_mib": 49140.0, "gpu_power_w": 103.31, "process_present": true, "process_mem_mib": 47856.0, "process_mem_share_percent": 97.38705738705738, "process_util_available": true, "process_util_backend": "nvml", "process_sm_util_percent": null, "process_mem_util_percent": null}
{"timestamp_unix": 1772442391.946816, "pid": 109733, "device_index": 0, "gpu_uuid": "GPU-6f954bfd-7081-31b7-f15c-f9a174bf4d7f", "gpu_util_percent": 12.0, "gpu_mem_util_percent": 1.0, "gpu_mem_used_mib": 48355.0, "gpu_mem_total_mib": 49140.0, "gpu_power_w": 102.25, "process_present": true, "process_mem_mib": 47856.0, "process_mem_share_percent": 97.38705738705738, "process_util_available": true, "process_util_backend": "nvml", "process_sm_util_percent": 22.0, "process_mem_util_percent": 5.0}
{"timestamp_unix": 1772442392.2528396, "pid": 109733, "device_index": 0, "gpu_uuid": "GPU-6f954bfd-7081-31b7-f15c-f9a174bf4d7f", "gpu_util_percent": 12.0, "gpu_mem_util_percent": 1.0, "gpu_mem_used_mib": 48355.0, "gpu_mem_total_mib": 49140.0, "gpu_power_w": 102.25, "process_present": true, "process_mem_mib": 47856.0, "process_mem_share_percent": 97.38705738705738, "process_util_available": true, "process_util_backend": "nvml", "process_sm_util_percent": 30.0, "process_mem_util_percent": 9.0}
{"timestamp_unix": 1772442392.5617356, "pid": 109733, "device_index": 0, "gpu_uuid": "GPU-6f954bfd-7081-31b7-f15c-f9a174bf4d7f", "gpu_util_percent": 12.0, "gpu_mem_util_percent": 1.0, "gpu_mem_used_mib": 48355.0, "gpu_mem_total_mib": 49140.0, "gpu_power_w": 101.66, "process_present": true, "process_mem_mib": 47856.0, "process_mem_share_percent": 97.38705738705738, "process_util_available": true, "process_util_backend": "nvml", "process_sm_util_percent": 29.0, "process_mem_util_percent": 8.0}
{"timestamp_unix": 1772442392.8787184, "pid": 109733, "device_index": 0, "gpu_uuid": "GPU-6f954bfd-7081-31b7-f15c-f9a174bf4d7f", "gpu_util_percent": 28.0, "gpu_mem_util_percent": 9.0, "gpu_mem_used_mib": 48355.0, "gpu_mem_total_mib": 49140.0, "gpu_power_w": 102.01, "process_present": true, "process_mem_mib": 47856.0, "process_mem_share_percent": 97.38705738705738, "process_util_available": true, "process_util_backend": "nvml", "process_sm_util_percent": 29.0, "process_mem_util_percent": 9.0}
{"timestamp_unix": 1772442393.1734576, "pid": 109733, "device_index": 0, "gpu_uuid": "GPU-6f954bfd-7081-31b7-f15c-f9a174bf4d7f", "gpu_util_percent": 28.0, "gpu_mem_util_percent": 9.0, "gpu_mem_used_mib": 48356.0, "gpu_mem_total_mib": 49140.0, "gpu_power_w": 102.01, "process_present": true, "process_mem_mib": 47856.0, "process_mem_share_percent": 97.38705738705738, "process_util_available": true, "process_util_backend": "nvml", "process_sm_util_percent": 29.0, "process_mem_util_percent": 8.0}
{"timestamp_unix": 1772442393.4690187, "pid": 109733, "device_index": 0, "gpu_uuid": "GPU-6f954bfd-7081-31b7-f15c-f9a174bf4d7f", "gpu_util_percent": 28.0, "gpu_mem_util_percent": 9.0, "gpu_mem_used_mib": 48356.0, "gpu_mem_total_mib": 49140.0, "gpu_power_w": 104.8, "process_present": true, "process_mem_mib": 47856.0, "process_mem_share_percent": 97.38705738705738, "process_util_available": true, "process_util_backend": "nvml", "process_sm_util_percent": 28.0, "process_mem_util_percent": 8.0}
{"timestamp_unix": 1772442393.7646158, "pid": 109733, "device_index": 0, "gpu_uuid": "GPU-6f954bfd-7081-31b7-f15c-f9a174bf4d7f", "gpu_util_percent": 28.0, "gpu_mem_util_percent": 9.0, "gpu_mem_used_mib": 48356.0, "gpu_mem_total_mib": 49140.0, "gpu_power_w": 104.43, "process_present": true, "process_mem_mib": 47856.0, "process_mem_share_percent": 97.38705738705738, "process_util_available": true, "process_util_backend": "nvml", "process_sm_util_percent": 28.0, "process_mem_util_percent": 8.0}
{"timestamp_unix": 1772442394.0575857, "pid": 109733, "device_index": 0, "gpu_uuid": "GPU-6f954bfd-7081-31b7-f15c-f9a174bf4d7f", "gpu_util_percent": 28.0, "gpu_mem_util_percent": 9.0, "gpu_mem_used_mib": 48356.0, "gpu_mem_total_mib": 49140.0, "gpu_power_w": 104.43, "process_present": true, "process_mem_mib": 47856.0, "process_mem_share_percent": 97.38705738705738, "process_util_available": true, "process_util_backend": "nvml", "process_sm_util_percent": 28.0, "process_mem_util_percent": 8.0}
{"timestamp_unix": 1772442394.3529615, "pid": 109733, "device_index": 0, "gpu_uuid": "GPU-6f954bfd-7081-31b7-f15c-f9a174bf4d7f", "gpu_util_percent": 28.0, "gpu_mem_util_percent": 9.0, "gpu_mem_used_mib": 48356.0, "gpu_mem_total_mib": 49140.0, "gpu_power_w": 104.06, "process_present": true, "process_mem_mib": 47856.0, "process_mem_share_percent": 97.38705738705738, "process_util_available": true, "process_util_backend": "nvml", "process_sm_util_percent": 29.0, "process_mem_util_percent": 8.0}
{"timestamp_unix": 1772442394.6505027, "pid": 109733, "device_index": 0, "gpu_uuid": "GPU-6f954bfd-7081-31b7-f15c-f9a174bf4d7f", "gpu_util_percent": 28.0, "gpu_mem_util_percent": 9.0, "gpu_mem_used_mib": 48356.0, "gpu_mem_total_mib": 49140.0, "gpu_power_w": 104.06, "process_present": true, "process_mem_mib": 47856.0, "process_mem_share_percent": 97.38705738705738, "process_util_available": true, "process_util_backend": "nvml", "process_sm_util_percent": 28.0, "process_mem_util_percent": 8.0}
{"timestamp_unix": 1772442394.9534476, "pid": 109733, "device_index": 0, "gpu_uuid": "GPU-6f954bfd-7081-31b7-f15c-f9a174bf4d7f", "gpu_util_percent": 22.0, "gpu_mem_util_percent": 6.0, "gpu_mem_used_mib": 48352.0, "gpu_mem_total_mib": 49140.0, "gpu_power_w": 103.41, "process_present": true, "process_mem_mib": 47856.0, "process_mem_share_percent": 97.38705738705738, "process_util_available": true, "process_util_backend": "nvml", "process_sm_util_percent": 25.0, "process_mem_util_percent": 6.0}
{"timestamp_unix": 1772442395.2643893, "pid": 109733, "device_index": 0, "gpu_uuid": "GPU-6f954bfd-7081-31b7-f15c-f9a174bf4d7f", "gpu_util_percent": 22.0, "gpu_mem_util_percent": 6.0, "gpu_mem_used_mib": 48352.0, "gpu_mem_total_mib": 49140.0, "gpu_power_w": 102.39, "process_present": true, "process_mem_mib": 47856.0, "process_mem_share_percent": 97.38705738705738, "process_util_available": true, "process_util_backend": "nvml", "process_sm_util_percent": 27.0, "process_mem_util_percent": 7.0}
{"timestamp_unix": 1772442395.5694866, "pid": 109733, "device_index": 0, "gpu_uuid": "GPU-6f954bfd-7081-31b7-f15c-f9a174bf4d7f", "gpu_util_percent": 22.0, "gpu_mem_util_percent": 6.0, "gpu_mem_used_mib": 48352.0, "gpu_mem_total_mib": 49140.0, "gpu_power_w": 102.39, "process_present": true, "process_mem_mib": 47856.0, "process_mem_share_percent": 97.38705738705738, "process_util_available": true, "process_util_backend": "nvml", "process_sm_util_percent": 26.0, "process_mem_util_percent": 7.0}
{"timestamp_unix": 1772442395.8739023, "pid": 109733, "device_index": 0, "gpu_uuid": "GPU-6f954bfd-7081-31b7-f15c-f9a174bf4d7f", "gpu_util_percent": 26.0, "gpu_mem_util_percent": 8.0, "gpu_mem_used_mib": 48352.0, "gpu_mem_total_mib": 49140.0, "gpu_power_w": 101.89, "process_present": true, "process_mem_mib": 47856.0, "process_mem_share_percent": 97.38705738705738, "process_util_available": true, "process_util_backend": "nvml", "process_sm_util_percent": 26.0, "process_mem_util_percent": 8.0}
{"timestamp_unix": 1772442396.1670232, "pid": 109733, "device_index": 0, "gpu_uuid": "GPU-6f954bfd-7081-31b7-f15c-f9a174bf4d7f", "gpu_util_percent": 26.0, "gpu_mem_util_percent": 8.0, "gpu_mem_used_mib": 48352.0, "gpu_mem_total_mib": 49140.0, "gpu_power_w": 101.89, "process_present": true, "process_mem_mib": 47856.0, "process_mem_share_percent": 97.38705738705738, "process_util_available": true, "process_util_backend": "nvml", "process_sm_util_percent": 27.0, "process_mem_util_percent": 7.0}
{"timestamp_unix": 1772442396.4567032, "pid": 109733, "device_index": 0, "gpu_uuid": "GPU-6f954bfd-7081-31b7-f15c-f9a174bf4d7f", "gpu_util_percent": 26.0, "gpu_mem_util_percent": 8.0, "gpu_mem_used_mib": 48352.0, "gpu_mem_total_mib": 49140.0, "gpu_power_w": 103.07, "process_present": true, "process_mem_mib": 47856.0, "process_mem_share_percent": 97.38705738705738, "process_util_available": true, "process_util_backend": "nvml", "process_sm_util_percent": 27.0, "process_mem_util_percent": 8.0}
{"timestamp_unix": 1772442396.752816, "pid": 109733, "device_index": 0, "gpu_uuid": "GPU-6f954bfd-7081-31b7-f15c-f9a174bf4d7f", "gpu_util_percent": 27.0, "gpu_mem_util_percent": 8.0, "gpu_mem_used_mib": 48352.0, "gpu_mem_total_mib": 49140.0, "gpu_power_w": 103.68, "process_present": true, "process_mem_mib": 47856.0, "process_mem_share_percent": 97.38705738705738, "process_util_available": true, "process_util_backend": "nvml", "process_sm_util_percent": 14.0, "process_mem_util_percent": 4.0}
{"timestamp_unix": 1772442397.043305, "pid": 109733, "device_index": 0, "gpu_uuid": "GPU-6f954bfd-7081-31b7-f15c-f9a174bf4d7f", "gpu_util_percent": 27.0, "gpu_mem_util_percent": 8.0, "gpu_mem_used_mib": 48352.0, "gpu_mem_total_mib": 49140.0, "gpu_power_w": 103.68, "process_present": true, "process_mem_mib": 47856.0, "process_mem_share_percent": 97.38705738705738, "process_util_available": true, "process_util_backend": "nvml", "process_sm_util_percent": 19.0, "process_mem_util_percent": 3.0}
{"timestamp_unix": 1772442397.3379629, "pid": 109733, "device_index": 0, "gpu_uuid": "GPU-6f954bfd-7081-31b7-f15c-f9a174bf4d7f", "gpu_util_percent": 27.0, "gpu_mem_util_percent": 8.0, "gpu_mem_used_mib": 48352.0, "gpu_mem_total_mib": 49140.0, "gpu_power_w": 101.43, "process_present": true, "process_mem_mib": 47856.0, "process_mem_share_percent": 97.38705738705738, "process_util_available": true, "process_util_backend": "nvml", "process_sm_util_percent": 29.0, "process_mem_util_percent": 8.0}
{"timestamp_unix": 1772442397.627831, "pid": 109733, "device_index": 0, "gpu_uuid": "GPU-6f954bfd-7081-31b7-f15c-f9a174bf4d7f", "gpu_util_percent": 27.0, "gpu_mem_util_percent": 8.0, "gpu_mem_used_mib": 48352.0, "gpu_mem_total_mib": 49140.0, "gpu_power_w": 101.43, "process_present": true, "process_mem_mib": 47856.0, "process_mem_share_percent": 97.38705738705738, "process_util_available": true, "process_util_backend": "nvml", "process_sm_util_percent": 28.0, "process_mem_util_percent": 9.0}
{"timestamp_unix": 1772442397.932791, "pid": 109733, "device_index": 0, "gpu_uuid": "GPU-6f954bfd-7081-31b7-f15c-f9a174bf4d7f", "gpu_util_percent": 27.0, "gpu_mem_util_percent": 9.0, "gpu_mem_used_mib": 48350.0, "gpu_mem_total_mib": 49140.0, "gpu_power_w": 101.7, "process_present": true, "process_mem_mib": 47856.0, "process_mem_share_percent": 97.38705738705738, "process_util_available": true, "process_util_backend": "nvml", "process_sm_util_percent": 28.0, "process_mem_util_percent": 8.0}
{"timestamp_unix": 1772442398.2391055, "pid": 109733, "device_index": 0, "gpu_uuid": "GPU-6f954bfd-7081-31b7-f15c-f9a174bf4d7f", "gpu_util_percent": 27.0, "gpu_mem_util_percent": 9.0, "gpu_mem_used_mib": 48349.0, "gpu_mem_total_mib": 49140.0, "gpu_power_w": 101.7, "process_present": true, "process_mem_mib": 47856.0, "process_mem_share_percent": 97.38705738705738, "process_util_available": true, "process_util_backend": "nvml", "process_sm_util_percent": 28.0, "process_mem_util_percent": 9.0}
{"timestamp_unix": 1772442398.545275, "pid": 109733, "device_index": 0, "gpu_uuid": "GPU-6f954bfd-7081-31b7-f15c-f9a174bf4d7f", "gpu_util_percent": 27.0, "gpu_mem_util_percent": 9.0, "gpu_mem_used_mib": 48349.0, "gpu_mem_total_mib": 49140.0, "gpu_power_w": 104.48, "process_present": true, "process_mem_mib": 47856.0, "process_mem_share_percent": 97.38705738705738, "process_util_available": true, "process_util_backend": "nvml", "process_sm_util_percent": 28.0, "process_mem_util_percent": 8.0}
{"timestamp_unix": 1772442398.8401349, "pid": 109733, "device_index": 0, "gpu_uuid": "GPU-6f954bfd-7081-31b7-f15c-f9a174bf4d7f", "gpu_util_percent": 27.0, "gpu_mem_util_percent": 8.0, "gpu_mem_used_mib": 48349.0, "gpu_mem_total_mib": 49140.0, "gpu_power_w": 104.26, "process_present": true, "process_mem_mib": 47856.0, "process_mem_share_percent": 97.38705738705738, "process_util_available": true, "process_util_backend": "nvml", "process_sm_util_percent": 28.0, "process_mem_util_percent": 8.0}
{"timestamp_unix": 1772442399.131254, "pid": 109733, "device_index": 0, "gpu_uuid": "GPU-6f954bfd-7081-31b7-f15c-f9a174bf4d7f", "gpu_util_percent": 27.0, "gpu_mem_util_percent": 8.0, "gpu_mem_used_mib": 48349.0, "gpu_mem_total_mib": 49140.0, "gpu_power_w": 104.26, "process_present": true, "process_mem_mib": 47856.0, "process_mem_share_percent": 97.38705738705738, "process_util_available": true, "process_util_backend": "nvml", "process_sm_util_percent": 29.0, "process_mem_util_percent": 8.0}
{"timestamp_unix": 1772442399.4241793, "pid": 109733, "device_index": 0, "gpu_uuid": "GPU-6f954bfd-7081-31b7-f15c-f9a174bf4d7f", "gpu_util_percent": 27.0, "gpu_mem_util_percent": 8.0, "gpu_mem_used_mib": 48349.0, "gpu_mem_total_mib": 49140.0, "gpu_power_w": 104.12, "process_present": true, "process_mem_mib": 47856.0, "process_mem_share_percent": 97.38705738705738, "process_util_available": true, "process_util_backend": "nvml", "process_sm_util_percent": 28.0, "process_mem_util_percent": 8.0}
{"timestamp_unix": 1772442399.7171116, "pid": 109733, "device_index": 0, "gpu_uuid": "GPU-6f954bfd-7081-31b7-f15c-f9a174bf4d7f", "gpu_util_percent": 27.0, "gpu_mem_util_percent": 8.0, "gpu_mem_used_mib": 48349.0, "gpu_mem_total_mib": 49140.0, "gpu_power_w": 104.12, "process_present": true, "process_mem_mib": 47856.0, "process_mem_share_percent": 97.38705738705738, "process_util_available": true, "process_util_backend": "nvml", "process_sm_util_percent": 28.0, "process_mem_util_percent": 8.0}
{"timestamp_unix": 1772442400.009417, "pid": 109733, "device_index": 0, "gpu_uuid": "GPU-6f954bfd-7081-31b7-f15c-f9a174bf4d7f", "gpu_util_percent": 27.0, "gpu_mem_util_percent": 8.0, "gpu_mem_used_mib": 48349.0, "gpu_mem_total_mib": 49140.0, "gpu_power_w": 103.78, "process_present": true, "process_mem_mib": 47856.0, "process_mem_share_percent": 97.38705738705738, "process_util_available": true, "process_util_backend": "nvml", "process_sm_util_percent": 26.0, "process_mem_util_percent": 6.0}
{"timestamp_unix": 1772442400.3048239, "pid": 109733, "device_index": 0, "gpu_uuid": "GPU-6f954bfd-7081-31b7-f15c-f9a174bf4d7f", "gpu_util_percent": 27.0, "gpu_mem_util_percent": 8.0, "gpu_mem_used_mib": 48352.0, "gpu_mem_total_mib": 49140.0, "gpu_power_w": 102.85, "process_present": true, "process_mem_mib": 47856.0, "process_mem_share_percent": 97.38705738705738, "process_util_available": true, "process_util_backend": "nvml", "process_sm_util_percent": 29.0, "process_mem_util_percent": 8.0}
{"timestamp_unix": 1772442400.6133814, "pid": 109733, "device_index": 0, "gpu_uuid": "GPU-6f954bfd-7081-31b7-f15c-f9a174bf4d7f", "gpu_util_percent": 27.0, "gpu_mem_util_percent": 8.0, "gpu_mem_used_mib": 48352.0, "gpu_mem_total_mib": 49140.0, "gpu_power_w": 102.85, "process_present": true, "process_mem_mib": 47856.0, "process_mem_share_percent": 97.38705738705738, "process_util_available": true, "process_util_backend": "nvml", "process_sm_util_percent": 27.0, "process_mem_util_percent": 8.0}
{"timestamp_unix": 1772442400.9232845, "pid": 109733, "device_index": 0, "gpu_uuid": "GPU-6f954bfd-7081-31b7-f15c-f9a174bf4d7f", "gpu_util_percent": 27.0, "gpu_mem_util_percent": 9.0, "gpu_mem_used_mib": 48352.0, "gpu_mem_total_mib": 49140.0, "gpu_power_w": 103.26, "process_present": true, "process_mem_mib": 47856.0, "process_mem_share_percent": 97.38705738705738, "process_util_available": true, "process_util_backend": "nvml", "process_sm_util_percent": 27.0, "process_mem_util_percent": 8.0}
{"timestamp_unix": 1772442401.2181294, "pid": 109733, "device_index": 0, "gpu_uuid": "GPU-6f954bfd-7081-31b7-f15c-f9a174bf4d7f", "gpu_util_percent": 27.0, "gpu_mem_util_percent": 9.0, "gpu_mem_used_mib": 48352.0, "gpu_mem_total_mib": 49140.0, "gpu_power_w": 103.26, "process_present": true, "process_mem_mib": 47856.0, "process_mem_share_percent": 97.38705738705738, "process_util_available": true, "process_util_backend": "nvml", "process_sm_util_percent": 28.0, "process_mem_util_percent": 8.0}
{"timestamp_unix": 1772442401.5119827, "pid": 109733, "device_index": 0, "gpu_uuid": "GPU-6f954bfd-7081-31b7-f15c-f9a174bf4d7f", "gpu_util_percent": 27.0, "gpu_mem_util_percent": 9.0, "gpu_mem_used_mib": 48352.0, "gpu_mem_total_mib": 49140.0, "gpu_power_w": 104.94, "process_present": true, "process_mem_mib": 47856.0, "process_mem_share_percent": 97.38705738705738, "process_util_available": true, "process_util_backend": "nvml", "process_sm_util_percent": 28.0, "process_mem_util_percent": 9.0}
{"timestamp_unix": 1772442401.807138, "pid": 109733, "device_index": 0, "gpu_uuid": "GPU-6f954bfd-7081-31b7-f15c-f9a174bf4d7f", "gpu_util_percent": 27.0, "gpu_mem_util_percent": 9.0, "gpu_mem_used_mib": 48352.0, "gpu_mem_total_mib": 49140.0, "gpu_power_w": 105.42, "process_present": true, "process_mem_mib": 47856.0, "process_mem_share_percent": 97.38705738705738, "process_util_available": true, "process_util_backend": "nvml", "process_sm_util_percent": 27.0, "process_mem_util_percent": 9.0}
{"timestamp_unix": 1772442402.1033502, "pid": 109733, "device_index": 0, "gpu_uuid": "GPU-6f954bfd-7081-31b7-f15c-f9a174bf4d7f", "gpu_util_percent": 27.0, "gpu_mem_util_percent": 9.0, "gpu_mem_used_mib": 48352.0, "gpu_mem_total_mib": 49140.0, "gpu_power_w": 105.42, "process_present": true, "process_mem_mib": 47856.0, "process_mem_share_percent": 97.38705738705738, "process_util_available": true, "process_util_backend": "nvml", "process_sm_util_percent": null, "process_mem_util_percent": null}
{"timestamp_unix": 1772442402.3948016, "pid": 109733, "device_index": 0, "gpu_uuid": "GPU-6f954bfd-7081-31b7-f15c-f9a174bf4d7f", "gpu_util_percent": 27.0, "gpu_mem_util_percent": 9.0, "gpu_mem_used_mib": 48352.0, "gpu_mem_total_mib": 49140.0, "gpu_power_w": 102.84, "process_present": true, "process_mem_mib": 47856.0, "process_mem_share_percent": 97.38705738705738, "process_util_available": true, "process_util_backend": "nvml", "process_sm_util_percent": 26.0, "process_mem_util_percent": 8.0}
{"timestamp_unix": 1772442402.689547, "pid": 109733, "device_index": 0, "gpu_uuid": "GPU-6f954bfd-7081-31b7-f15c-f9a174bf4d7f", "gpu_util_percent": 27.0, "gpu_mem_util_percent": 9.0, "gpu_mem_used_mib": 48352.0, "gpu_mem_total_mib": 49140.0, "gpu_power_w": 102.84, "process_present": true, "process_mem_mib": 47856.0, "process_mem_share_percent": 97.38705738705738, "process_util_available": true, "process_util_backend": "nvml", "process_sm_util_percent": 29.0, "process_mem_util_percent": 10.0}
{"timestamp_unix": 1772442402.9979923, "pid": 109733, "device_index": 0, "gpu_uuid": "GPU-6f954bfd-7081-31b7-f15c-f9a174bf4d7f", "gpu_util_percent": 29.0, "gpu_mem_util_percent": 10.0, "gpu_mem_used_mib": 48352.0, "gpu_mem_total_mib": 49140.0, "gpu_power_w": 103.45, "process_present": true, "process_mem_mib": 47856.0, "process_mem_share_percent": 97.38705738705738, "process_util_available": true, "process_util_backend": "nvml", "process_sm_util_percent": 29.0, "process_mem_util_percent": 9.0}
{"timestamp_unix": 1772442403.3018682, "pid": 109733, "device_index": 0, "gpu_uuid": "GPU-6f954bfd-7081-31b7-f15c-f9a174bf4d7f", "gpu_util_percent": 29.0, "gpu_mem_util_percent": 10.0, "gpu_mem_used_mib": 48352.0, "gpu_mem_total_mib": 49140.0, "gpu_power_w": 106.56, "process_present": true, "process_mem_mib": 47856.0, "process_mem_share_percent": 97.38705738705738, "process_util_available": true, "process_util_backend": "nvml", "process_sm_util_percent": 29.0, "process_mem_util_percent": 10.0}
{"timestamp_unix": 1772442403.6014504, "pid": 109733, "device_index": 0, "gpu_uuid": "GPU-6f954bfd-7081-31b7-f15c-f9a174bf4d7f", "gpu_util_percent": 29.0, "gpu_mem_util_percent": 10.0, "gpu_mem_used_mib": 48352.0, "gpu_mem_total_mib": 49140.0, "gpu_power_w": 106.56, "process_present": true, "process_mem_mib": 47856.0, "process_mem_share_percent": 97.38705738705738, "process_util_available": true, "process_util_backend": "nvml", "process_sm_util_percent": 29.0, "process_mem_util_percent": 9.0}
{"timestamp_unix": 1772442403.9129543, "pid": 109733, "device_index": 0, "gpu_uuid": "GPU-6f954bfd-7081-31b7-f15c-f9a174bf4d7f", "gpu_util_percent": 29.0, "gpu_mem_util_percent": 10.0, "gpu_mem_used_mib": 48352.0, "gpu_mem_total_mib": 49140.0, "gpu_power_w": 106.52, "process_present": true, "process_mem_mib": 47856.0, "process_mem_share_percent": 97.38705738705738, "process_util_available": true, "process_util_backend": "nvml", "process_sm_util_percent": 29.0, "process_mem_util_percent": 10.0}
{"timestamp_unix": 1772442404.2065125, "pid": 109733, "device_index": 0, "gpu_uuid": "GPU-6f954bfd-7081-31b7-f15c-f9a174bf4d7f", "gpu_util_percent": 29.0, "gpu_mem_util_percent": 10.0, "gpu_mem_used_mib": 48351.0, "gpu_mem_total_mib": 49140.0, "gpu_power_w": 106.52, "process_present": true, "process_mem_mib": 47856.0, "process_mem_share_percent": 97.38705738705738, "process_util_available": true, "process_util_backend": "nvml", "process_sm_util_percent": 14.0, "process_mem_util_percent": 4.0}
{"timestamp_unix": 1772442404.4997218, "pid": 109733, "device_index": 0, "gpu_uuid": "GPU-6f954bfd-7081-31b7-f15c-f9a174bf4d7f", "gpu_util_percent": 29.0, "gpu_mem_util_percent": 10.0, "gpu_mem_used_mib": 48351.0, "gpu_mem_total_mib": 49140.0, "gpu_power_w": 106.49, "process_present": true, "process_mem_mib": 47856.0, "process_mem_share_percent": 97.38705738705738, "process_util_available": true, "process_util_backend": "nvml", "process_sm_util_percent": null, "process_mem_util_percent": null}
{"timestamp_unix": 1772442404.7915018, "pid": 109733, "device_index": 0, "gpu_uuid": "GPU-6f954bfd-7081-31b7-f15c-f9a174bf4d7f", "gpu_util_percent": 29.0, "gpu_mem_util_percent": 9.0, "gpu_mem_used_mib": 48351.0, "gpu_mem_total_mib": 49140.0, "gpu_power_w": 106.17, "process_present": true, "process_mem_mib": 47856.0, "process_mem_share_percent": 97.38705738705738, "process_util_available": true, "process_util_backend": "nvml", "process_sm_util_percent": 15.0, "process_mem_util_percent": 4.0}
{"timestamp_unix": 1772442405.0874352, "pid": 109733, "device_index": 0, "gpu_uuid": "GPU-6f954bfd-7081-31b7-f15c-f9a174bf4d7f", "gpu_util_percent": 29.0, "gpu_mem_util_percent": 9.0, "gpu_mem_used_mib": 48351.0, "gpu_mem_total_mib": 49140.0, "gpu_power_w": 106.17, "process_present": true, "process_mem_mib": 47856.0, "process_mem_share_percent": 97.38705738705738, "process_util_available": true, "process_util_backend": "nvml", "process_sm_util_percent": 28.0, "process_mem_util_percent": 8.0}
{"timestamp_unix": 1772442405.380002, "pid": 109733, "device_index": 0, "gpu_uuid": "GPU-6f954bfd-7081-31b7-f15c-f9a174bf4d7f", "gpu_util_percent": 29.0, "gpu_mem_util_percent": 9.0, "gpu_mem_used_mib": 48352.0, "gpu_mem_total_mib": 49140.0, "gpu_power_w": 104.61, "process_present": true, "process_mem_mib": 47856.0, "process_mem_share_percent": 97.38705738705738, "process_util_available": true, "process_util_backend": "nvml", "process_sm_util_percent": 24.0, "process_mem_util_percent": 6.0}
{"timestamp_unix": 1772442405.6732597, "pid": 109733, "device_index": 0, "gpu_uuid": "GPU-6f954bfd-7081-31b7-f15c-f9a174bf4d7f", "gpu_util_percent": 29.0, "gpu_mem_util_percent": 9.0, "gpu_mem_used_mib": 48352.0, "gpu_mem_total_mib": 49140.0, "gpu_power_w": 104.61, "process_present": true, "process_mem_mib": 47856.0, "process_mem_share_percent": 97.38705738705738, "process_util_available": true, "process_util_backend": "nvml", "process_sm_util_percent": 27.0, "process_mem_util_percent": 8.0}
{"timestamp_unix": 1772442405.98077, "pid": 109733, "device_index": 0, "gpu_uuid": "GPU-6f954bfd-7081-31b7-f15c-f9a174bf4d7f", "gpu_util_percent": 27.0, "gpu_mem_util_percent": 8.0, "gpu_mem_used_mib": 48352.0, "gpu_mem_total_mib": 49140.0, "gpu_power_w": 103.64, "process_present": true, "process_mem_mib": 47856.0, "process_mem_share_percent": 97.38705738705738, "process_util_available": true, "process_util_backend": "nvml", "process_sm_util_percent": 27.0, "process_mem_util_percent": 8.0}
{"timestamp_unix": 1772442406.2978952, "pid": 109733, "device_index": 0, "gpu_uuid": "GPU-6f954bfd-7081-31b7-f15c-f9a174bf4d7f", "gpu_util_percent": 27.0, "gpu_mem_util_percent": 8.0, "gpu_mem_used_mib": 48352.0, "gpu_mem_total_mib": 49140.0, "gpu_power_w": 104.33, "process_present": true, "process_mem_mib": 47856.0, "process_mem_share_percent": 97.38705738705738, "process_util_available": true, "process_util_backend": "nvml", "process_sm_util_percent": 28.0, "process_mem_util_percent": 8.0}
{"timestamp_unix": 1772442406.592294, "pid": 109733, "device_index": 0, "gpu_uuid": "GPU-6f954bfd-7081-31b7-f15c-f9a174bf4d7f", "gpu_util_percent": 27.0, "gpu_mem_util_percent": 8.0, "gpu_mem_used_mib": 48352.0, "gpu_mem_total_mib": 49140.0, "gpu_power_w": 104.33, "process_present": true, "process_mem_mib": 47856.0, "process_mem_share_percent": 97.38705738705738, "process_util_available": true, "process_util_backend": "nvml", "process_sm_util_percent": 27.0, "process_mem_util_percent": 8.0}
{"timestamp_unix": 1772442406.8894691, "pid": 109733, "device_index": 0, "gpu_uuid": "GPU-6f954bfd-7081-31b7-f15c-f9a174bf4d7f", "gpu_util_percent": 26.0, "gpu_mem_util_percent": 9.0, "gpu_mem_used_mib": 48352.0, "gpu_mem_total_mib": 49140.0, "gpu_power_w": 105.61, "process_present": true, "process_mem_mib": 47856.0, "process_mem_share_percent": 97.38705738705738, "process_util_available": true, "process_util_backend": "nvml", "process_sm_util_percent": 27.0, "process_mem_util_percent": 9.0}
{"timestamp_unix": 1772442407.1866753, "pid": 109733, "device_index": 0, "gpu_uuid": "GPU-6f954bfd-7081-31b7-f15c-f9a174bf4d7f", "gpu_util_percent": 26.0, "gpu_mem_util_percent": 9.0, "gpu_mem_used_mib": 48352.0, "gpu_mem_total_mib": 49140.0, "gpu_power_w": 105.61, "process_present": true, "process_mem_mib": 47856.0, "process_mem_share_percent": 97.38705738705738, "process_util_available": true, "process_util_backend": "nvml", "process_sm_util_percent": 14.0, "process_mem_util_percent": 4.0}
{"timestamp_unix": 1772442407.478275, "pid": 109733, "device_index": 0, "gpu_uuid": "GPU-6f954bfd-7081-31b7-f15c-f9a174bf4d7f", "gpu_util_percent": 26.0, "gpu_mem_util_percent": 9.0, "gpu_mem_used_mib": 48352.0, "gpu_mem_total_mib": 49140.0, "gpu_power_w": 104.69, "process_present": true, "process_mem_mib": 47856.0, "process_mem_share_percent": 97.38705738705738, "process_util_available": true, "process_util_backend": "nvml", "process_sm_util_percent": 21.0, "process_mem_util_percent": 5.0}
{"timestamp_unix": 1772442407.7786288, "pid": 109733, "device_index": 0, "gpu_uuid": "GPU-6f954bfd-7081-31b7-f15c-f9a174bf4d7f", "gpu_util_percent": 28.0, "gpu_mem_util_percent": 10.0, "gpu_mem_used_mib": 48352.0, "gpu_mem_total_mib": 49140.0, "gpu_power_w": 103.0, "process_present": true, "process_mem_mib": 47856.0, "process_mem_share_percent": 97.38705738705738, "process_util_available": true, "process_util_backend": "nvml", "process_sm_util_percent": 29.0, "process_mem_util_percent": 10.0}
{"timestamp_unix": 1772442408.0734346, "pid": 109733, "device_index": 0, "gpu_uuid": "GPU-6f954bfd-7081-31b7-f15c-f9a174bf4d7f", "gpu_util_percent": 28.0, "gpu_mem_util_percent": 10.0, "gpu_mem_used_mib": 48352.0, "gpu_mem_total_mib": 49140.0, "gpu_power_w": 103.0, "process_present": true, "process_mem_mib": 47856.0, "process_mem_share_percent": 97.38705738705738, "process_util_available": true, "process_util_backend": "nvml", "process_sm_util_percent": 28.0, "process_mem_util_percent": 9.0}
{"timestamp_unix": 1772442408.3812292, "pid": 109733, "device_index": 0, "gpu_uuid": "GPU-6f954bfd-7081-31b7-f15c-f9a174bf4d7f", "gpu_util_percent": 28.0, "gpu_mem_util_percent": 10.0, "gpu_mem_used_mib": 48351.0, "gpu_mem_total_mib": 49140.0, "gpu_power_w": 103.12, "process_present": true, "process_mem_mib": 47856.0, "process_mem_share_percent": 97.38705738705738, "process_util_available": true, "process_util_backend": "nvml", "process_sm_util_percent": 30.0, "process_mem_util_percent": 10.0}
{"timestamp_unix": 1772442408.6838052, "pid": 109733, "device_index": 0, "gpu_uuid": "GPU-6f954bfd-7081-31b7-f15c-f9a174bf4d7f", "gpu_util_percent": 28.0, "gpu_mem_util_percent": 10.0, "gpu_mem_used_mib": 48351.0, "gpu_mem_total_mib": 49140.0, "gpu_power_w": 103.12, "process_present": true, "process_mem_mib": 47856.0, "process_mem_share_percent": 97.38705738705738, "process_util_available": true, "process_util_backend": "nvml", "process_sm_util_percent": 28.0, "process_mem_util_percent": 9.0}
{"timestamp_unix": 1772442408.9901798, "pid": 109733, "device_index": 0, "gpu_uuid": "GPU-6f954bfd-7081-31b7-f15c-f9a174bf4d7f", "gpu_util_percent": 30.0, "gpu_mem_util_percent": 10.0, "gpu_mem_used_mib": 48351.0, "gpu_mem_total_mib": 49140.0, "gpu_power_w": 106.46, "process_present": true, "process_mem_mib": 47856.0, "process_mem_share_percent": 97.38705738705738, "process_util_available": true, "process_util_backend": "nvml", "process_sm_util_percent": 28.0, "process_mem_util_percent": 9.0}
{"timestamp_unix": 1772442409.2804995, "pid": 109733, "device_index": 0, "gpu_uuid": "GPU-6f954bfd-7081-31b7-f15c-f9a174bf4d7f", "gpu_util_percent": 30.0, "gpu_mem_util_percent": 10.0, "gpu_mem_used_mib": 48351.0, "gpu_mem_total_mib": 49140.0, "gpu_power_w": 106.25, "process_present": true, "process_mem_mib": 47856.0, "process_mem_share_percent": 97.38705738705738, "process_util_available": true, "process_util_backend": "nvml", "process_sm_util_percent": 29.0, "process_mem_util_percent": 10.0}
{"timestamp_unix": 1772442409.5714462, "pid": 109733, "device_index": 0, "gpu_uuid": "GPU-6f954bfd-7081-31b7-f15c-f9a174bf4d7f", "gpu_util_percent": 30.0, "gpu_mem_util_percent": 10.0, "gpu_mem_used_mib": 48351.0, "gpu_mem_total_mib": 49140.0, "gpu_power_w": 106.25, "process_present": true, "process_mem_mib": 47856.0, "process_mem_share_percent": 97.38705738705738, "process_util_available": true, "process_util_backend": "nvml", "process_sm_util_percent": 26.0, "process_mem_util_percent": 9.0}
{"timestamp_unix": 1772442409.8760564, "pid": 109733, "device_index": 0, "gpu_uuid": "GPU-6f954bfd-7081-31b7-f15c-f9a174bf4d7f", "gpu_util_percent": 27.0, "gpu_mem_util_percent": 9.0, "gpu_mem_used_mib": 48351.0, "gpu_mem_total_mib": 49140.0, "gpu_power_w": 105.68, "process_present": true, "process_mem_mib": 47856.0, "process_mem_share_percent": 97.38705738705738, "process_util_available": true, "process_util_backend": "nvml", "process_sm_util_percent": 27.0, "process_mem_util_percent": 10.0}
{"timestamp_unix": 1772442410.171234, "pid": 109733, "device_index": 0, "gpu_uuid": "GPU-6f954bfd-7081-31b7-f15c-f9a174bf4d7f", "gpu_util_percent": 27.0, "gpu_mem_util_percent": 9.0, "gpu_mem_used_mib": 48355.0, "gpu_mem_total_mib": 49140.0, "gpu_power_w": 105.68, "process_present": true, "process_mem_mib": 47856.0, "process_mem_share_percent": 97.38705738705738, "process_util_available": true, "process_util_backend": "nvml", "process_sm_util_percent": 26.0, "process_mem_util_percent": 9.0}
{"timestamp_unix": 1772442410.4640546, "pid": 109733, "device_index": 0, "gpu_uuid": "GPU-6f954bfd-7081-31b7-f15c-f9a174bf4d7f", "gpu_util_percent": 27.0, "gpu_mem_util_percent": 9.0, "gpu_mem_used_mib": 48355.0, "gpu_mem_total_mib": 49140.0, "gpu_power_w": 105.81, "process_present": true, "process_mem_mib": 47856.0, "process_mem_share_percent": 97.38705738705738, "process_util_available": true, "process_util_backend": "nvml", "process_sm_util_percent": 20.0, "process_mem_util_percent": 6.0}
{"timestamp_unix": 1772442410.7574828, "pid": 109733, "device_index": 0, "gpu_uuid": "GPU-6f954bfd-7081-31b7-f15c-f9a174bf4d7f", "gpu_util_percent": 24.0, "gpu_mem_util_percent": 9.0, "gpu_mem_used_mib": 48355.0, "gpu_mem_total_mib": 49140.0, "gpu_power_w": 104.72, "process_present": true, "process_mem_mib": 47856.0, "process_mem_share_percent": 97.38705738705738, "process_util_available": true, "process_util_backend": "nvml", "process_sm_util_percent": 24.0, "process_mem_util_percent": 8.0}
{"timestamp_unix": 1772442411.0648432, "pid": 109733, "device_index": 0, "gpu_uuid": "GPU-6f954bfd-7081-31b7-f15c-f9a174bf4d7f", "gpu_util_percent": 24.0, "gpu_mem_util_percent": 9.0, "gpu_mem_used_mib": 48355.0, "gpu_mem_total_mib": 49140.0, "gpu_power_w": 104.72, "process_present": true, "process_mem_mib": 47856.0, "process_mem_share_percent": 97.38705738705738, "process_util_available": true, "process_util_backend": "nvml", "process_sm_util_percent": 25.0, "process_mem_util_percent": 9.0}
{"timestamp_unix": 1772442411.3699794, "pid": 109733, "device_index": 0, "gpu_uuid": "GPU-6f954bfd-7081-31b7-f15c-f9a174bf4d7f", "gpu_util_percent": 24.0, "gpu_mem_util_percent": 9.0, "gpu_mem_used_mib": 48355.0, "gpu_mem_total_mib": 49140.0, "gpu_power_w": 105.21, "process_present": true, "process_mem_mib": 47856.0, "process_mem_share_percent": 97.38705738705738, "process_util_available": true, "process_util_backend": "nvml", "process_sm_util_percent": 26.0, "process_mem_util_percent": 9.0}
{"timestamp_unix": 1772442411.6680067, "pid": 109733, "device_index": 0, "gpu_uuid": "GPU-6f954bfd-7081-31b7-f15c-f9a174bf4d7f", "gpu_util_percent": 24.0, "gpu_mem_util_percent": 9.0, "gpu_mem_used_mib": 48355.0, "gpu_mem_total_mib": 49140.0, "gpu_power_w": 105.21, "process_present": true, "process_mem_mib": 47856.0, "process_mem_share_percent": 97.38705738705738, "process_util_available": true, "process_util_backend": "nvml", "process_sm_util_percent": 27.0, "process_mem_util_percent": 9.0}
{"timestamp_unix": 1772442411.9598162, "pid": 109733, "device_index": 0, "gpu_uuid": "GPU-6f954bfd-7081-31b7-f15c-f9a174bf4d7f", "gpu_util_percent": 29.0, "gpu_mem_util_percent": 10.0, "gpu_mem_used_mib": 48355.0, "gpu_mem_total_mib": 49140.0, "gpu_power_w": 107.18, "process_present": true, "process_mem_mib": 47856.0, "process_mem_share_percent": 97.38705738705738, "process_util_available": true, "process_util_backend": "nvml", "process_sm_util_percent": 28.0, "process_mem_util_percent": 9.0}
{"timestamp_unix": 1772442412.253869, "pid": 109733, "device_index": 0, "gpu_uuid": "GPU-6f954bfd-7081-31b7-f15c-f9a174bf4d7f", "gpu_util_percent": 29.0, "gpu_mem_util_percent": 10.0, "gpu_mem_used_mib": 48356.0, "gpu_mem_total_mib": 49140.0, "gpu_power_w": 107.68, "process_present": true, "process_mem_mib": 47856.0, "process_mem_share_percent": 97.38705738705738, "process_util_available": true, "process_util_backend": "nvml", "process_sm_util_percent": 28.0, "process_mem_util_percent": 9.0}
{"timestamp_unix": 1772442412.5446181, "pid": 109733, "device_index": 0, "gpu_uuid": "GPU-6f954bfd-7081-31b7-f15c-f9a174bf4d7f", "gpu_util_percent": 29.0, "gpu_mem_util_percent": 10.0, "gpu_mem_used_mib": 48356.0, "gpu_mem_total_mib": 49140.0, "gpu_power_w": 107.68, "process_present": true, "process_mem_mib": 47856.0, "process_mem_share_percent": 97.38705738705738, "process_util_available": true, "process_util_backend": "nvml", "process_sm_util_percent": 10.0, "process_mem_util_percent": 2.0}
{"timestamp_unix": 1772442412.8369853, "pid": 109733, "device_index": 0, "gpu_uuid": "GPU-6f954bfd-7081-31b7-f15c-f9a174bf4d7f", "gpu_util_percent": 29.0, "gpu_mem_util_percent": 10.0, "gpu_mem_used_mib": 48356.0, "gpu_mem_total_mib": 49140.0, "gpu_power_w": 104.49, "process_present": true, "process_mem_mib": 47856.0, "process_mem_share_percent": 97.38705738705738, "process_util_available": true, "process_util_backend": "nvml", "process_sm_util_percent": 29.0, "process_mem_util_percent": 10.0}
{"timestamp_unix": 1772442413.129189, "pid": 109733, "device_index": 0, "gpu_uuid": "GPU-6f954bfd-7081-31b7-f15c-f9a174bf4d7f", "gpu_util_percent": 29.0, "gpu_mem_util_percent": 10.0, "gpu_mem_used_mib": 48356.0, "gpu_mem_total_mib": 49140.0, "gpu_power_w": 104.49, "process_present": true, "process_mem_mib": 47856.0, "process_mem_share_percent": 97.38705738705738, "process_util_available": true, "process_util_backend": "nvml", "process_sm_util_percent": 31.0, "process_mem_util_percent": 11.0}
{"timestamp_unix": 1772442413.4233127, "pid": 109733, "device_index": 0, "gpu_uuid": "GPU-6f954bfd-7081-31b7-f15c-f9a174bf4d7f", "gpu_util_percent": 29.0, "gpu_mem_util_percent": 10.0, "gpu_mem_used_mib": 48356.0, "gpu_mem_total_mib": 49140.0, "gpu_power_w": 105.17, "process_present": true, "process_mem_mib": 47856.0, "process_mem_share_percent": 97.38705738705738, "process_util_available": true, "process_util_backend": "nvml", "process_sm_util_percent": 31.0, "process_mem_util_percent": 11.0}
{"timestamp_unix": 1772442413.7492065, "pid": 109733, "device_index": 0, "gpu_uuid": "GPU-6f954bfd-7081-31b7-f15c-f9a174bf4d7f", "gpu_util_percent": 29.0, "gpu_mem_util_percent": 10.0, "gpu_mem_used_mib": 48356.0, "gpu_mem_total_mib": 49140.0, "gpu_power_w": 105.17, "process_present": true, "process_mem_mib": 47856.0, "process_mem_share_percent": 97.38705738705738, "process_util_available": true, "process_util_backend": "nvml", "process_sm_util_percent": 31.0, "process_mem_util_percent": 10.0}
{"timestamp_unix": 1772442414.0555007, "pid": 109733, "device_index": 0, "gpu_uuid": "GPU-6f954bfd-7081-31b7-f15c-f9a174bf4d7f", "gpu_util_percent": 32.0, "gpu_mem_util_percent": 12.0, "gpu_mem_used_mib": 48356.0, "gpu_mem_total_mib": 49140.0, "gpu_power_w": 108.98, "process_present": true, "process_mem_mib": 47856.0, "process_mem_share_percent": 97.38705738705738, "process_util_available": true, "process_util_backend": "nvml", "process_sm_util_percent": 30.0, "process_mem_util_percent": 11.0}
{"timestamp_unix": 1772442414.3632212, "pid": 109733, "device_index": 0, "gpu_uuid": "GPU-6f954bfd-7081-31b7-f15c-f9a174bf4d7f", "gpu_util_percent": 32.0, "gpu_mem_util_percent": 12.0, "gpu_mem_used_mib": 48355.0, "gpu_mem_total_mib": 49140.0, "gpu_power_w": 109.15, "process_present": true, "process_mem_mib": 47856.0, "process_mem_share_percent": 97.38705738705738, "process_util_available": true, "process_util_backend": "nvml", "process_sm_util_percent": 31.0, "process_mem_util_percent": 11.0}
{"timestamp_unix": 1772442414.6567738, "pid": 109733, "device_index": 0, "gpu_uuid": "GPU-6f954bfd-7081-31b7-f15c-f9a174bf4d7f", "gpu_util_percent": 32.0, "gpu_mem_util_percent": 12.0, "gpu_mem_used_mib": 48355.0, "gpu_mem_total_mib": 49140.0, "gpu_power_w": 109.15, "process_present": true, "process_mem_mib": 47856.0, "process_mem_share_percent": 97.38705738705738, "process_util_available": true, "process_util_backend": "nvml", "process_sm_util_percent": 29.0, "process_mem_util_percent": 10.0}
{"timestamp_unix": 1772442414.960503, "pid": 109733, "device_index": 0, "gpu_uuid": "GPU-6f954bfd-7081-31b7-f15c-f9a174bf4d7f", "gpu_util_percent": 32.0, "gpu_mem_util_percent": 11.0, "gpu_mem_used_mib": 48355.0, "gpu_mem_total_mib": 49140.0, "gpu_power_w": 108.78, "process_present": true, "process_mem_mib": 47856.0, "process_mem_share_percent": 97.38705738705738, "process_util_available": true, "process_util_backend": "nvml", "process_sm_util_percent": 30.0, "process_mem_util_percent": 10.0}
{"timestamp_unix": 1772442415.2530127, "pid": 109733, "device_index": 0, "gpu_uuid": "GPU-6f954bfd-7081-31b7-f15c-f9a174bf4d7f", "gpu_util_percent": 32.0, "gpu_mem_util_percent": 11.0, "gpu_mem_used_mib": 48351.0, "gpu_mem_total_mib": 49140.0, "gpu_power_w": 108.32, "process_present": true, "process_mem_mib": 47856.0, "process_mem_share_percent": 97.38705738705738, "process_util_available": true, "process_util_backend": "nvml", "process_sm_util_percent": 30.0, "process_mem_util_percent": 10.0}
{"timestamp_unix": 1772442415.5461268, "pid": 109733, "device_index": 0, "gpu_uuid": "GPU-6f954bfd-7081-31b7-f15c-f9a174bf4d7f", "gpu_util_percent": 32.0, "gpu_mem_util_percent": 11.0, "gpu_mem_used_mib": 48351.0, "gpu_mem_total_mib": 49140.0, "gpu_power_w": 108.32, "process_present": true, "process_mem_mib": 47856.0, "process_mem_share_percent": 97.38705738705738, "process_util_available": true, "process_util_backend": "nvml", "process_sm_util_percent": 27.0, "process_mem_util_percent": 9.0}
{"timestamp_unix": 1772442415.8401666, "pid": 109733, "device_index": 0, "gpu_uuid": "GPU-6f954bfd-7081-31b7-f15c-f9a174bf4d7f", "gpu_util_percent": 29.0, "gpu_mem_util_percent": 9.0, "gpu_mem_used_mib": 48351.0, "gpu_mem_total_mib": 49140.0, "gpu_power_w": 107.13, "process_present": true, "process_mem_mib": 47856.0, "process_mem_share_percent": 97.38705738705738, "process_util_available": true, "process_util_backend": "nvml", "process_sm_util_percent": 27.0, "process_mem_util_percent": 9.0}
{"timestamp_unix": 1772442416.1341588, "pid": 109733, "device_index": 0, "gpu_uuid": "GPU-6f954bfd-7081-31b7-f15c-f9a174bf4d7f", "gpu_util_percent": 29.0, "gpu_mem_util_percent": 9.0, "gpu_mem_used_mib": 48351.0, "gpu_mem_total_mib": 49140.0, "gpu_power_w": 107.13, "process_present": true, "process_mem_mib": 47856.0, "process_mem_share_percent": 97.38705738705738, "process_util_available": true, "process_util_backend": "nvml", "process_sm_util_percent": 28.0, "process_mem_util_percent": 9.0}
{"timestamp_unix": 1772442416.4387643, "pid": 109733, "device_index": 0, "gpu_uuid": "GPU-6f954bfd-7081-31b7-f15c-f9a174bf4d7f", "gpu_util_percent": 29.0, "gpu_mem_util_percent": 9.0, "gpu_mem_used_mib": 48351.0, "gpu_mem_total_mib": 49140.0, "gpu_power_w": 106.55, "process_present": true, "process_mem_mib": 47856.0, "process_mem_share_percent": 97.38705738705738, "process_util_available": true, "process_util_backend": "nvml", "process_sm_util_percent": 28.0, "process_mem_util_percent": 9.0}
