{"timestamp_unix": 1772432221.1213322, "pid": 39661, "device_index": 0, "gpu_uuid": "GPU-6f954bfd-7081-31b7-f15c-f9a174bf4d7f", "gpu_util_percent": 35.0, "gpu_mem_util_percent": 16.0, "gpu_mem_used_mib": 1053.0, "gpu_mem_total_mib": 49140.0, "gpu_power_w": 39.83, "process_present": true, "process_mem_mib": 562.0, "process_mem_share_percent": 1.1436711436711438, "process_util_available": true, "process_util_backend": "nvml", "process_sm_util_percent": null, "process_mem_util_percent": null}
{"timestamp_unix": 1772432221.4091997, "pid": 39661, "device_index": 0, "gpu_uuid": "GPU-6f954bfd-7081-31b7-f15c-f9a174bf4d7f", "gpu_util_percent": 29.0, "gpu_mem_util_percent": 2.0, "gpu_mem_used_mib": 1119.0, "gpu_mem_total_mib": 49140.0, "gpu_power_w": 47.68, "process_present": true, "process_mem_mib": 630.0, "process_mem_share_percent": 1.282051282051282, "process_util_available": true, "process_util_backend": "nvml", "process_sm_util_percent": 9.0, "process_mem_util_percent": 0.0}
{"timestamp_unix": 1772432221.6984448, "pid": 39661, "device_index": 0, "gpu_uuid": "GPU-6f954bfd-7081-31b7-f15c-f9a174bf4d7f", "gpu_util_percent": 29.0, "gpu_mem_util_percent": 2.0, "gpu_mem_used_mib": 1251.0, "gpu_mem_total_mib": 49140.0, "gpu_power_w": 66.14, "process_present": true, "process_mem_mib": 792.0, "process_mem_share_percent": 1.611721611721612, "process_util_available": true, "process_util_backend": "nvml", "process_sm_util_percent": null, "process_mem_util_percent": null}
{"timestamp_unix": 1772432221.987988, "pid": 39661, "device_index": 0, "gpu_uuid": "GPU-6f954bfd-7081-31b7-f15c-f9a174bf4d7f", "gpu_util_percent": 29.0, "gpu_mem_util_percent": 2.0, "gpu_mem_used_mib": 1567.0, "gpu_mem_total_mib": 49140.0, "gpu_power_w": 66.14, "process_present": true, "process_mem_mib": 1132.0, "process_mem_share_percent": 2.3036223036223036, "process_util_available": true, "process_util_backend": "nvml", "process_sm_util_percent": 22.0, "process_mem_util_percent": 1.0}
{"timestamp_unix": 1772432222.2756357, "pid": 39661, "device_index": 0, "gpu_uuid": "GPU-6f954bfd-7081-31b7-f15c-f9a174bf4d7f", "gpu_util_percent": 23.0, "gpu_mem_util_percent": 2.0, "gpu_mem_used_mib": 1928.0, "gpu_mem_total_mib": 49140.0, "gpu_power_w": 84.11, "process_present": true, "process_mem_mib": 1472.0, "process_mem_share_percent": 2.9955229955229954, "process_util_available": true, "process_util_backend": "nvml", "process_sm_util_percent": 23.0, "process_mem_util_percent": 2.0}
{"timestamp_unix": 1772432222.565893, "pid": 39661, "device_index": 0, "gpu_uuid": "GPU-6f954bfd-7081-31b7-f15c-f9a174bf4d7f", "gpu_util_percent": 23.0, "gpu_mem_util_percent": 2.0, "gpu_mem_used_mib": 2304.0, "gpu_mem_total_mib": 49140.0, "gpu_power_w": 84.11, "process_present": true, "process_mem_mib": 1856.0, "process_mem_share_percent": 3.776963776963777, "process_util_available": true, "process_util_backend": "nvml", "process_sm_util_percent": 22.0, "process_mem_util_percent": 2.0}
{"timestamp_unix": 1772432222.8548284, "pid": 39661, "device_index": 0, "gpu_uuid": "GPU-6f954bfd-7081-31b7-f15c-f9a174bf4d7f", "gpu_util_percent": 23.0, "gpu_mem_util_percent": 2.0, "gpu_mem_used_mib": 2688.0, "gpu_mem_total_mib": 49140.0, "gpu_power_w": 87.69, "process_present": true, "process_mem_mib": 2240.0, "process_mem_share_percent": 4.5584045584045585, "process_util_available": true, "process_util_backend": "nvml", "process_sm_util_percent": 22.0, "process_mem_util_percent": 2.0}
{"timestamp_unix": 1772432223.1622381, "pid": 39661, "device_index": 0, "gpu_uuid": "GPU-6f954bfd-7081-31b7-f15c-f9a174bf4d7f", "gpu_util_percent": 23.0, "gpu_mem_util_percent": 2.0, "gpu_mem_used_mib": 3080.0, "gpu_mem_total_mib": 49140.0, "gpu_power_w": 88.86, "process_present": true, "process_mem_mib": 2658.0, "process_mem_share_percent": 5.409035409035409, "process_util_available": true, "process_util_backend": "nvml", "process_sm_util_percent": 22.0, "process_mem_util_percent": 2.0}
{"timestamp_unix": 1772432223.46921, "pid": 39661, "device_index": 0, "gpu_uuid": "GPU-6f954bfd-7081-31b7-f15c-f9a174bf4d7f", "gpu_util_percent": 23.0, "gpu_mem_util_percent": 2.0, "gpu_mem_used_mib": 3510.0, "gpu_mem_total_mib": 49140.0, "gpu_power_w": 88.86, "process_present": true, "process_mem_mib": 3076.0, "process_mem_share_percent": 6.259666259666259, "process_util_available": true, "process_util_backend": "nvml", "process_sm_util_percent": 22.0, "process_mem_util_percent": 2.0}
{"timestamp_unix": 1772432223.7693636, "pid": 39661, "device_index": 0, "gpu_uuid": "GPU-6f954bfd-7081-31b7-f15c-f9a174bf4d7f", "gpu_util_percent": 23.0, "gpu_mem_util_percent": 2.0, "gpu_mem_used_mib": 3964.0, "gpu_mem_total_mib": 49140.0, "gpu_power_w": 88.5, "process_present": true, "process_mem_mib": 3550.0, "process_mem_share_percent": 7.224257224257224, "process_util_available": true, "process_util_backend": "nvml", "process_sm_util_percent": 22.0, "process_mem_util_percent": 2.0}
{"timestamp_unix": 1772432224.0573666, "pid": 39661, "device_index": 0, "gpu_uuid": "GPU-6f954bfd-7081-31b7-f15c-f9a174bf4d7f", "gpu_util_percent": 23.0, "gpu_mem_util_percent": 2.0, "gpu_mem_used_mib": 4414.0, "gpu_mem_total_mib": 49140.0, "gpu_power_w": 88.5, "process_present": true, "process_mem_mib": 3996.0, "process_mem_share_percent": 8.131868131868131, "process_util_available": true, "process_util_backend": "nvml", "process_sm_util_percent": 22.0, "process_mem_util_percent": 2.0}
{"timestamp_unix": 1772432224.3615124, "pid": 39661, "device_index": 0, "gpu_uuid": "GPU-6f954bfd-7081-31b7-f15c-f9a174bf4d7f", "gpu_util_percent": 23.0, "gpu_mem_util_percent": 2.0, "gpu_mem_used_mib": 4878.0, "gpu_mem_total_mib": 49140.0, "gpu_power_w": 88.52, "process_present": true, "process_mem_mib": 4448.0, "process_mem_share_percent": 9.051689051689053, "process_util_available": true, "process_util_backend": "nvml", "process_sm_util_percent": 22.0, "process_mem_util_percent": 2.0}
{"timestamp_unix": 1772432224.654406, "pid": 39661, "device_index": 0, "gpu_uuid": "GPU-6f954bfd-7081-31b7-f15c-f9a174bf4d7f", "gpu_util_percent": 23.0, "gpu_mem_util_percent": 2.0, "gpu_mem_used_mib": 5380.0, "gpu_mem_total_mib": 49140.0, "gpu_power_w": 88.72, "process_present": true, "process_mem_mib": 4946.0, "process_mem_share_percent": 10.065120065120064, "process_util_available": true, "process_util_backend": "nvml", "process_sm_util_percent": 22.0, "process_mem_util_percent": 2.0}
{"timestamp_unix": 1772432224.9448254, "pid": 39661, "device_index": 0, "gpu_uuid": "GPU-6f954bfd-7081-31b7-f15c-f9a174bf4d7f", "gpu_util_percent": 23.0, "gpu_mem_util_percent": 2.0, "gpu_mem_used_mib": 5868.0, "gpu_mem_total_mib": 49140.0, "gpu_power_w": 88.72, "process_present": true, "process_mem_mib": 5460.0, "process_mem_share_percent": 11.11111111111111, "process_util_available": true, "process_util_backend": "nvml", "process_sm_util_percent": 22.0, "process_mem_util_percent": 2.0}
{"timestamp_unix": 1772432225.2361615, "pid": 39661, "device_index": 0, "gpu_uuid": "GPU-6f954bfd-7081-31b7-f15c-f9a174bf4d7f", "gpu_util_percent": 22.0, "gpu_mem_util_percent": 2.0, "gpu_mem_used_mib": 6368.0, "gpu_mem_total_mib": 49140.0, "gpu_power_w": 88.71, "process_present": true, "process_mem_mib": 5950.0, "process_mem_share_percent": 12.108262108262108, "process_util_available": true, "process_util_backend": "nvml", "process_sm_util_percent": 22.0, "process_mem_util_percent": 2.0}
{"timestamp_unix": 1772432225.526633, "pid": 39661, "device_index": 0, "gpu_uuid": "GPU-6f954bfd-7081-31b7-f15c-f9a174bf4d7f", "gpu_util_percent": 22.0, "gpu_mem_util_percent": 2.0, "gpu_mem_used_mib": 6632.0, "gpu_mem_total_mib": 49140.0, "gpu_power_w": 88.71, "process_present": true, "process_mem_mib": 6148.0, "process_mem_share_percent": 12.511192511192512, "process_util_available": true, "process_util_backend": "nvml", "process_sm_util_percent": 9.0, "process_mem_util_percent": 0.0}
{"timestamp_unix": 1772432225.831159, "pid": 39661, "device_index": 0, "gpu_uuid": "GPU-6f954bfd-7081-31b7-f15c-f9a174bf4d7f", "gpu_util_percent": 22.0, "gpu_mem_util_percent": 2.0, "gpu_mem_used_mib": 6634.0, "gpu_mem_total_mib": 49140.0, "gpu_power_w": 87.58, "process_present": true, "process_mem_mib": 6148.0, "process_mem_share_percent": 12.511192511192512, "process_util_available": true, "process_util_backend": "nvml", "process_sm_util_percent": 25.0, "process_mem_util_percent": 2.0}
{"timestamp_unix": 1772432226.136373, "pid": 39661, "device_index": 0, "gpu_uuid": "GPU-6f954bfd-7081-31b7-f15c-f9a174bf4d7f", "gpu_util_percent": 24.0, "gpu_mem_util_percent": 3.0, "gpu_mem_used_mib": 6634.0, "gpu_mem_total_mib": 49140.0, "gpu_power_w": 89.11, "process_present": true, "process_mem_mib": 6148.0, "process_mem_share_percent": 12.511192511192512, "process_util_available": true, "process_util_backend": "nvml", "process_sm_util_percent": 25.0, "process_mem_util_percent": 2.0}
{"timestamp_unix": 1772432226.433442, "pid": 39661, "device_index": 0, "gpu_uuid": "GPU-6f954bfd-7081-31b7-f15c-f9a174bf4d7f", "gpu_util_percent": 24.0, "gpu_mem_util_percent": 3.0, "gpu_mem_used_mib": 6634.0, "gpu_mem_total_mib": 49140.0, "gpu_power_w": 89.11, "process_present": true, "process_mem_mib": 6148.0, "process_mem_share_percent": 12.511192511192512, "process_util_available": true, "process_util_backend": "nvml", "process_sm_util_percent": 24.0, "process_mem_util_percent": 2.0}
{"timestamp_unix": 1772432226.7325666, "pid": 39661, "device_index": 0, "gpu_uuid": "GPU-6f954bfd-7081-31b7-f15c-f9a174bf4d7f", "gpu_util_percent": 24.0, "gpu_mem_util_percent": 3.0, "gpu_mem_used_mib": 6634.0, "gpu_mem_total_mib": 49140.0, "gpu_power_w": 91.46, "process_present": true, "process_mem_mib": 6148.0, "process_mem_share_percent": 12.511192511192512, "process_util_available": true, "process_util_backend": "nvml", "process_sm_util_percent": 24.0, "process_mem_util_percent": 2.0}
{"timestamp_unix": 1772432227.0209835, "pid": 39661, "device_index": 0, "gpu_uuid": "GPU-6f954bfd-7081-31b7-f15c-f9a174bf4d7f", "gpu_util_percent": 24.0, "gpu_mem_util_percent": 3.0, "gpu_mem_used_mib": 6632.0, "gpu_mem_total_mib": 49140.0, "gpu_power_w": 91.46, "process_present": true, "process_mem_mib": 6148.0, "process_mem_share_percent": 12.511192511192512, "process_util_available": true, "process_util_backend": "nvml", "process_sm_util_percent": 24.0, "process_mem_util_percent": 2.0}
{"timestamp_unix": 1772432227.3096323, "pid": 39661, "device_index": 0, "gpu_uuid": "GPU-6f954bfd-7081-31b7-f15c-f9a174bf4d7f", "gpu_util_percent": 25.0, "gpu_mem_util_percent": 3.0, "gpu_mem_used_mib": 6632.0, "gpu_mem_total_mib": 49140.0, "gpu_power_w": 91.78, "process_present": true, "process_mem_mib": 6148.0, "process_mem_share_percent": 12.511192511192512, "process_util_available": true, "process_util_backend": "nvml", "process_sm_util_percent": 24.0, "process_mem_util_percent": 2.0}
{"timestamp_unix": 1772432227.599605, "pid": 39661, "device_index": 0, "gpu_uuid": "GPU-6f954bfd-7081-31b7-f15c-f9a174bf4d7f", "gpu_util_percent": 25.0, "gpu_mem_util_percent": 3.0, "gpu_mem_used_mib": 6632.0, "gpu_mem_total_mib": 49140.0, "gpu_power_w": 91.78, "process_present": true, "process_mem_mib": 6148.0, "process_mem_share_percent": 12.511192511192512, "process_util_available": true, "process_util_backend": "nvml", "process_sm_util_percent": 25.0, "process_mem_util_percent": 2.0}
{"timestamp_unix": 1772432227.8887444, "pid": 39661, "device_index": 0, "gpu_uuid": "GPU-6f954bfd-7081-31b7-f15c-f9a174bf4d7f", "gpu_util_percent": 25.0, "gpu_mem_util_percent": 3.0, "gpu_mem_used_mib": 6632.0, "gpu_mem_total_mib": 49140.0, "gpu_power_w": 91.5, "process_present": true, "process_mem_mib": 6148.0, "process_mem_share_percent": 12.511192511192512, "process_util_available": true, "process_util_backend": "nvml", "process_sm_util_percent": 25.0, "process_mem_util_percent": 2.0}
{"timestamp_unix": 1772432228.178873, "pid": 39661, "device_index": 0, "gpu_uuid": "GPU-6f954bfd-7081-31b7-f15c-f9a174bf4d7f", "gpu_util_percent": 26.0, "gpu_mem_util_percent": 3.0, "gpu_mem_used_mib": 6633.0, "gpu_mem_total_mib": 49140.0, "gpu_power_w": 91.36, "process_present": true, "process_mem_mib": 6148.0, "process_mem_share_percent": 12.511192511192512, "process_util_available": true, "process_util_backend": "nvml", "process_sm_util_percent": 26.0, "process_mem_util_percent": 2.0}
{"timestamp_unix": 1772432228.4679084, "pid": 39661, "device_index": 0, "gpu_uuid": "GPU-6f954bfd-7081-31b7-f15c-f9a174bf4d7f", "gpu_util_percent": 26.0, "gpu_mem_util_percent": 3.0, "gpu_mem_used_mib": 6633.0, "gpu_mem_total_mib": 49140.0, "gpu_power_w": 91.36, "process_present": true, "process_mem_mib": 6148.0, "process_mem_share_percent": 12.511192511192512, "process_util_available": true, "process_util_backend": "nvml", "process_sm_util_percent": 25.0, "process_mem_util_percent": 2.0}
{"timestamp_unix": 1772432228.7690053, "pid": 39661, "device_index": 0, "gpu_uuid": "GPU-6f954bfd-7081-31b7-f15c-f9a174bf4d7f", "gpu_util_percent": 26.0, "gpu_mem_util_percent": 3.0, "gpu_mem_used_mib": 6633.0, "gpu_mem_total_mib": 49140.0, "gpu_power_w": 91.25, "process_present": true, "process_mem_mib": 6148.0, "process_mem_share_percent": 12.511192511192512, "process_util_available": true, "process_util_backend": "nvml", "process_sm_util_percent": 25.0, "process_mem_util_percent": 2.0}
{"timestamp_unix": 1772432229.0674944, "pid": 39661, "device_index": 0, "gpu_uuid": "GPU-6f954bfd-7081-31b7-f15c-f9a174bf4d7f", "gpu_util_percent": 26.0, "gpu_mem_util_percent": 3.0, "gpu_mem_used_mib": 6632.0, "gpu_mem_total_mib": 49140.0, "gpu_power_w": 91.25, "process_present": true, "process_mem_mib": 6148.0, "process_mem_share_percent": 12.511192511192512, "process_util_available": true, "process_util_backend": "nvml", "process_sm_util_percent": 25.0, "process_mem_util_percent": 2.0}
{"timestamp_unix": 1772432229.3948925, "pid": 39661, "device_index": 0, "gpu_uuid": "GPU-6f954bfd-7081-31b7-f15c-f9a174bf4d7f", "gpu_util_percent": 27.0, "gpu_mem_util_percent": 3.0, "gpu_mem_used_mib": 6634.0, "gpu_mem_total_mib": 49140.0, "gpu_power_w": 91.22, "process_present": true, "process_mem_mib": 6148.0, "process_mem_share_percent": 12.511192511192512, "process_util_available": true, "process_util_backend": "nvml", "process_sm_util_percent": 14.0, "process_mem_util_percent": 1.0}
{"timestamp_unix": 1772432229.6841917, "pid": 39661, "device_index": 0, "gpu_uuid": "GPU-6f954bfd-7081-31b7-f15c-f9a174bf4d7f", "gpu_util_percent": 27.0, "gpu_mem_util_percent": 3.0, "gpu_mem_used_mib": 6638.0, "gpu_mem_total_mib": 49140.0, "gpu_power_w": 91.3, "process_present": true, "process_mem_mib": 6148.0, "process_mem_share_percent": 12.511192511192512, "process_util_available": true, "process_util_backend": "nvml", "process_sm_util_percent": null, "process_mem_util_percent": null}
{"timestamp_unix": 1772432229.9716477, "pid": 39661, "device_index": 0, "gpu_uuid": "GPU-6f954bfd-7081-31b7-f15c-f9a174bf4d7f", "gpu_util_percent": 27.0, "gpu_mem_util_percent": 3.0, "gpu_mem_used_mib": 6638.0, "gpu_mem_total_mib": 49140.0, "gpu_power_w": 91.3, "process_present": true, "process_mem_mib": 6148.0, "process_mem_share_percent": 12.511192511192512, "process_util_available": true, "process_util_backend": "nvml", "process_sm_util_percent": 13.0, "process_mem_util_percent": 1.0}
{"timestamp_unix": 1772432230.2591703, "pid": 39661, "device_index": 0, "gpu_uuid": "GPU-6f954bfd-7081-31b7-f15c-f9a174bf4d7f", "gpu_util_percent": 28.0, "gpu_mem_util_percent": 3.0, "gpu_mem_used_mib": 6638.0, "gpu_mem_total_mib": 49140.0, "gpu_power_w": 91.4, "process_present": true, "process_mem_mib": 6148.0, "process_mem_share_percent": 12.511192511192512, "process_util_available": true, "process_util_backend": "nvml", "process_sm_util_percent": 24.0, "process_mem_util_percent": 2.0}
{"timestamp_unix": 1772432230.5472872, "pid": 39661, "device_index": 0, "gpu_uuid": "GPU-6f954bfd-7081-31b7-f15c-f9a174bf4d7f", "gpu_util_percent": 28.0, "gpu_mem_util_percent": 3.0, "gpu_mem_used_mib": 6638.0, "gpu_mem_total_mib": 49140.0, "gpu_power_w": 91.4, "process_present": true, "process_mem_mib": 6148.0, "process_mem_share_percent": 12.511192511192512, "process_util_available": true, "process_util_backend": "nvml", "process_sm_util_percent": 23.0, "process_mem_util_percent": 2.0}
{"timestamp_unix": 1772432230.8362863, "pid": 39661, "device_index": 0, "gpu_uuid": "GPU-6f954bfd-7081-31b7-f15c-f9a174bf4d7f", "gpu_util_percent": 28.0, "gpu_mem_util_percent": 3.0, "gpu_mem_used_mib": 6838.0, "gpu_mem_total_mib": 49140.0, "gpu_power_w": 90.39, "process_present": true, "process_mem_mib": 6408.0, "process_mem_share_percent": 13.040293040293042, "process_util_available": true, "process_util_backend": "nvml", "process_sm_util_percent": 24.0, "process_mem_util_percent": 2.0}
{"timestamp_unix": 1772432231.1274703, "pid": 39661, "device_index": 0, "gpu_uuid": "GPU-6f954bfd-7081-31b7-f15c-f9a174bf4d7f", "gpu_util_percent": 26.0, "gpu_mem_util_percent": 3.0, "gpu_mem_used_mib": 7278.0, "gpu_mem_total_mib": 49140.0, "gpu_power_w": 89.99, "process_present": true, "process_mem_mib": 6848.0, "process_mem_share_percent": 13.935693935693935, "process_util_available": true, "process_util_backend": "nvml", "process_sm_util_percent": 24.0, "process_mem_util_percent": 2.0}
{"timestamp_unix": 1772432231.431388, "pid": 39661, "device_index": 0, "gpu_uuid": "GPU-6f954bfd-7081-31b7-f15c-f9a174bf4d7f", "gpu_util_percent": 26.0, "gpu_mem_util_percent": 3.0, "gpu_mem_used_mib": 7738.0, "gpu_mem_total_mib": 49140.0, "gpu_power_w": 89.99, "process_present": true, "process_mem_mib": 7328.0, "process_mem_share_percent": 14.91249491249491, "process_util_available": true, "process_util_backend": "nvml", "process_sm_util_percent": 24.0, "process_mem_util_percent": 2.0}
{"timestamp_unix": 1772432231.734188, "pid": 39661, "device_index": 0, "gpu_uuid": "GPU-6f954bfd-7081-31b7-f15c-f9a174bf4d7f", "gpu_util_percent": 26.0, "gpu_mem_util_percent": 3.0, "gpu_mem_used_mib": 8218.0, "gpu_mem_total_mib": 49140.0, "gpu_power_w": 90.2, "process_present": true, "process_mem_mib": 7808.0, "process_mem_share_percent": 15.88929588929589, "process_util_available": true, "process_util_backend": "nvml", "process_sm_util_percent": 24.0, "process_mem_util_percent": 2.0}
{"timestamp_unix": 1772432232.0339558, "pid": 39661, "device_index": 0, "gpu_uuid": "GPU-6f954bfd-7081-31b7-f15c-f9a174bf4d7f", "gpu_util_percent": 26.0, "gpu_mem_util_percent": 3.0, "gpu_mem_used_mib": 8740.0, "gpu_mem_total_mib": 49140.0, "gpu_power_w": 90.2, "process_present": true, "process_mem_mib": 8328.0, "process_mem_share_percent": 16.947496947496948, "process_util_available": true, "process_util_backend": "nvml", "process_sm_util_percent": 24.0, "process_mem_util_percent": 2.0}
{"timestamp_unix": 1772432232.3238573, "pid": 39661, "device_index": 0, "gpu_uuid": "GPU-6f954bfd-7081-31b7-f15c-f9a174bf4d7f", "gpu_util_percent": 25.0, "gpu_mem_util_percent": 3.0, "gpu_mem_used_mib": 9260.0, "gpu_mem_total_mib": 49140.0, "gpu_power_w": 90.23, "process_present": true, "process_mem_mib": 8848.0, "process_mem_share_percent": 18.005698005698008, "process_util_available": true, "process_util_backend": "nvml", "process_sm_util_percent": 24.0, "process_mem_util_percent": 2.0}
{"timestamp_unix": 1772432232.6124809, "pid": 39661, "device_index": 0, "gpu_uuid": "GPU-6f954bfd-7081-31b7-f15c-f9a174bf4d7f", "gpu_util_percent": 25.0, "gpu_mem_util_percent": 3.0, "gpu_mem_used_mib": 9800.0, "gpu_mem_total_mib": 49140.0, "gpu_power_w": 90.23, "process_present": true, "process_mem_mib": 9388.0, "process_mem_share_percent": 19.104599104599103, "process_util_available": true, "process_util_backend": "nvml", "process_sm_util_percent": 23.0, "process_mem_util_percent": 2.0}
{"timestamp_unix": 1772432232.9030523, "pid": 39661, "device_index": 0, "gpu_uuid": "GPU-6f954bfd-7081-31b7-f15c-f9a174bf4d7f", "gpu_util_percent": 25.0, "gpu_mem_util_percent": 3.0, "gpu_mem_used_mib": 10360.0, "gpu_mem_total_mib": 49140.0, "gpu_power_w": 90.32, "process_present": true, "process_mem_mib": 9948.0, "process_mem_share_percent": 20.244200244200243, "process_util_available": true, "process_util_backend": "nvml", "process_sm_util_percent": 23.0, "process_mem_util_percent": 2.0}
{"timestamp_unix": 1772432233.1939223, "pid": 39661, "device_index": 0, "gpu_uuid": "GPU-6f954bfd-7081-31b7-f15c-f9a174bf4d7f", "gpu_util_percent": 26.0, "gpu_mem_util_percent": 3.0, "gpu_mem_used_mib": 10942.0, "gpu_mem_total_mib": 49140.0, "gpu_power_w": 90.39, "process_present": true, "process_mem_mib": 10528.0, "process_mem_share_percent": 21.424501424501425, "process_util_available": true, "process_util_backend": "nvml", "process_sm_util_percent": 24.0, "process_mem_util_percent": 2.0}
{"timestamp_unix": 1772432233.4880025, "pid": 39661, "device_index": 0, "gpu_uuid": "GPU-6f954bfd-7081-31b7-f15c-f9a174bf4d7f", "gpu_util_percent": 26.0, "gpu_mem_util_percent": 3.0, "gpu_mem_used_mib": 11442.0, "gpu_mem_total_mib": 49140.0, "gpu_power_w": 90.39, "process_present": true, "process_mem_mib": 10948.0, "process_mem_share_percent": 22.279202279202277, "process_util_available": true, "process_util_backend": "nvml", "process_sm_util_percent": 23.0, "process_mem_util_percent": 2.0}
{"timestamp_unix": 1772432233.7774546, "pid": 39661, "device_index": 0, "gpu_uuid": "GPU-6f954bfd-7081-31b7-f15c-f9a174bf4d7f", "gpu_util_percent": 26.0, "gpu_mem_util_percent": 3.0, "gpu_mem_used_mib": 11502.0, "gpu_mem_total_mib": 49140.0, "gpu_power_w": 89.26, "process_present": true, "process_mem_mib": 11008.0, "process_mem_share_percent": 22.4013024013024, "process_util_available": true, "process_util_backend": "nvml", "process_sm_util_percent": 11.0, "process_mem_util_percent": 1.0}
{"timestamp_unix": 1772432234.0813396, "pid": 39661, "device_index": 0, "gpu_uuid": "GPU-6f954bfd-7081-31b7-f15c-f9a174bf4d7f", "gpu_util_percent": 26.0, "gpu_mem_util_percent": 3.0, "gpu_mem_used_mib": 11501.0, "gpu_mem_total_mib": 49140.0, "gpu_power_w": 89.26, "process_present": true, "process_mem_mib": 11008.0, "process_mem_share_percent": 22.4013024013024, "process_util_available": true, "process_util_backend": "nvml", "process_sm_util_percent": 25.0, "process_mem_util_percent": 2.0}
{"timestamp_unix": 1772432234.4022741, "pid": 39661, "device_index": 0, "gpu_uuid": "GPU-6f954bfd-7081-31b7-f15c-f9a174bf4d7f", "gpu_util_percent": 27.0, "gpu_mem_util_percent": 3.0, "gpu_mem_used_mib": 11501.0, "gpu_mem_total_mib": 49140.0, "gpu_power_w": 89.29, "process_present": true, "process_mem_mib": 11008.0, "process_mem_share_percent": 22.4013024013024, "process_util_available": true, "process_util_backend": "nvml", "process_sm_util_percent": 26.0, "process_mem_util_percent": 2.0}
{"timestamp_unix": 1772432234.7004201, "pid": 39661, "device_index": 0, "gpu_uuid": "GPU-6f954bfd-7081-31b7-f15c-f9a174bf4d7f", "gpu_util_percent": 27.0, "gpu_mem_util_percent": 3.0, "gpu_mem_used_mib": 11498.0, "gpu_mem_total_mib": 49140.0, "gpu_power_w": 90.13, "process_present": true, "process_mem_mib": 11008.0, "process_mem_share_percent": 22.4013024013024, "process_util_available": true, "process_util_backend": "nvml", "process_sm_util_percent": 24.0, "process_mem_util_percent": 2.0}
{"timestamp_unix": 1772432235.0012646, "pid": 39661, "device_index": 0, "gpu_uuid": "GPU-6f954bfd-7081-31b7-f15c-f9a174bf4d7f", "gpu_util_percent": 27.0, "gpu_mem_util_percent": 3.0, "gpu_mem_used_mib": 11497.0, "gpu_mem_total_mib": 49140.0, "gpu_power_w": 90.13, "process_present": true, "process_mem_mib": 11008.0, "process_mem_share_percent": 22.4013024013024, "process_util_available": true, "process_util_backend": "nvml", "process_sm_util_percent": 24.0, "process_mem_util_percent": 2.0}
{"timestamp_unix": 1772432235.2907083, "pid": 39661, "device_index": 0, "gpu_uuid": "GPU-6f954bfd-7081-31b7-f15c-f9a174bf4d7f", "gpu_util_percent": 25.0, "gpu_mem_util_percent": 3.0, "gpu_mem_used_mib": 11497.0, "gpu_mem_total_mib": 49140.0, "gpu_power_w": 91.89, "process_present": true, "process_mem_mib": 11008.0, "process_mem_share_percent": 22.4013024013024, "process_util_available": true, "process_util_backend": "nvml", "process_sm_util_percent": 24.0, "process_mem_util_percent": 2.0}
{"timestamp_unix": 1772432235.5789142, "pid": 39661, "device_index": 0, "gpu_uuid": "GPU-6f954bfd-7081-31b7-f15c-f9a174bf4d7f", "gpu_util_percent": 25.0, "gpu_mem_util_percent": 3.0, "gpu_mem_used_mib": 11497.0, "gpu_mem_total_mib": 49140.0, "gpu_power_w": 91.89, "process_present": true, "process_mem_mib": 11008.0, "process_mem_share_percent": 22.4013024013024, "process_util_available": true, "process_util_backend": "nvml", "process_sm_util_percent": 24.0, "process_mem_util_percent": 2.0}
{"timestamp_unix": 1772432235.8707697, "pid": 39661, "device_index": 0, "gpu_uuid": "GPU-6f954bfd-7081-31b7-f15c-f9a174bf4d7f", "gpu_util_percent": 25.0, "gpu_mem_util_percent": 3.0, "gpu_mem_used_mib": 11497.0, "gpu_mem_total_mib": 49140.0, "gpu_power_w": 91.93, "process_present": true, "process_mem_mib": 11008.0, "process_mem_share_percent": 22.4013024013024, "process_util_available": true, "process_util_backend": "nvml", "process_sm_util_percent": 24.0, "process_mem_util_percent": 2.0}
{"timestamp_unix": 1772432236.1626155, "pid": 39661, "device_index": 0, "gpu_uuid": "GPU-6f954bfd-7081-31b7-f15c-f9a174bf4d7f", "gpu_util_percent": 26.0, "gpu_mem_util_percent": 3.0, "gpu_mem_used_mib": 11497.0, "gpu_mem_total_mib": 49140.0, "gpu_power_w": 91.99, "process_present": true, "process_mem_mib": 11008.0, "process_mem_share_percent": 22.4013024013024, "process_util_available": true, "process_util_backend": "nvml", "process_sm_util_percent": 24.0, "process_mem_util_percent": 2.0}
{"timestamp_unix": 1772432236.4529142, "pid": 39661, "device_index": 0, "gpu_uuid": "GPU-6f954bfd-7081-31b7-f15c-f9a174bf4d7f", "gpu_util_percent": 26.0, "gpu_mem_util_percent": 3.0, "gpu_mem_used_mib": 11497.0, "gpu_mem_total_mib": 49140.0, "gpu_power_w": 91.99, "process_present": true, "process_mem_mib": 11008.0, "process_mem_share_percent": 22.4013024013024, "process_util_available": true, "process_util_backend": "nvml", "process_sm_util_percent": 24.0, "process_mem_util_percent": 2.0}
{"timestamp_unix": 1772432236.7427511, "pid": 39661, "device_index": 0, "gpu_uuid": "GPU-6f954bfd-7081-31b7-f15c-f9a174bf4d7f", "gpu_util_percent": 26.0, "gpu_mem_util_percent": 3.0, "gpu_mem_used_mib": 11497.0, "gpu_mem_total_mib": 49140.0, "gpu_power_w": 91.88, "process_present": true, "process_mem_mib": 11008.0, "process_mem_share_percent": 22.4013024013024, "process_util_available": true, "process_util_backend": "nvml", "process_sm_util_percent": 23.0, "process_mem_util_percent": 2.0}
{"timestamp_unix": 1772432237.0372493, "pid": 39661, "device_index": 0, "gpu_uuid": "GPU-6f954bfd-7081-31b7-f15c-f9a174bf4d7f", "gpu_util_percent": 26.0, "gpu_mem_util_percent": 3.0, "gpu_mem_used_mib": 11497.0, "gpu_mem_total_mib": 49140.0, "gpu_power_w": 91.88, "process_present": true, "process_mem_mib": 11008.0, "process_mem_share_percent": 22.4013024013024, "process_util_available": true, "process_util_backend": "nvml", "process_sm_util_percent": 23.0, "process_mem_util_percent": 2.0}
{"timestamp_unix": 1772432237.330543, "pid": 39661, "device_index": 0, "gpu_uuid": "GPU-6f954bfd-7081-31b7-f15c-f9a174bf4d7f", "gpu_util_percent": 25.0, "gpu_mem_util_percent": 3.0, "gpu_mem_used_mib": 11496.0, "gpu_mem_total_mib": 49140.0, "gpu_power_w": 91.75, "process_present": true, "process_mem_mib": 11008.0, "process_mem_share_percent": 22.4013024013024, "process_util_available": true, "process_util_backend": "nvml", "process_sm_util_percent": 22.0, "process_mem_util_percent": 2.0}
{"timestamp_unix": 1772432237.6461208, "pid": 39661, "device_index": 0, "gpu_uuid": "GPU-6f954bfd-7081-31b7-f15c-f9a174bf4d7f", "gpu_util_percent": 25.0, "gpu_mem_util_percent": 3.0, "gpu_mem_used_mib": 11496.0, "gpu_mem_total_mib": 49140.0, "gpu_power_w": 91.5, "process_present": true, "process_mem_mib": 11008.0, "process_mem_share_percent": 22.4013024013024, "process_util_available": true, "process_util_backend": "nvml", "process_sm_util_percent": 19.0, "process_mem_util_percent": 2.0}
{"timestamp_unix": 1772432237.9522777, "pid": 39661, "device_index": 0, "gpu_uuid": "GPU-6f954bfd-7081-31b7-f15c-f9a174bf4d7f", "gpu_util_percent": 25.0, "gpu_mem_util_percent": 3.0, "gpu_mem_used_mib": 11496.0, "gpu_mem_total_mib": 49140.0, "gpu_power_w": 91.5, "process_present": true, "process_mem_mib": 11008.0, "process_mem_share_percent": 22.4013024013024, "process_util_available": true, "process_util_backend": "nvml", "process_sm_util_percent": 21.0, "process_mem_util_percent": 2.0}
{"timestamp_unix": 1772432238.262538, "pid": 39661, "device_index": 0, "gpu_uuid": "GPU-6f954bfd-7081-31b7-f15c-f9a174bf4d7f", "gpu_util_percent": 24.0, "gpu_mem_util_percent": 3.0, "gpu_mem_used_mib": 11494.0, "gpu_mem_total_mib": 49140.0, "gpu_power_w": 91.65, "process_present": true, "process_mem_mib": 11008.0, "process_mem_share_percent": 22.4013024013024, "process_util_available": true, "process_util_backend": "nvml", "process_sm_util_percent": 21.0, "process_mem_util_percent": 2.0}
{"timestamp_unix": 1772432238.5660126, "pid": 39661, "device_index": 0, "gpu_uuid": "GPU-6f954bfd-7081-31b7-f15c-f9a174bf4d7f", "gpu_util_percent": 24.0, "gpu_mem_util_percent": 3.0, "gpu_mem_used_mib": 11494.0, "gpu_mem_total_mib": 49140.0, "gpu_power_w": 91.65, "process_present": true, "process_mem_mib": 11008.0, "process_mem_share_percent": 22.4013024013024, "process_util_available": true, "process_util_backend": "nvml", "process_sm_util_percent": 17.0, "process_mem_util_percent": 2.0}
{"timestamp_unix": 1772432238.8546243, "pid": 39661, "device_index": 0, "gpu_uuid": "GPU-6f954bfd-7081-31b7-f15c-f9a174bf4d7f", "gpu_util_percent": 24.0, "gpu_mem_util_percent": 3.0, "gpu_mem_used_mib": 11494.0, "gpu_mem_total_mib": 49140.0, "gpu_power_w": 91.21, "process_present": true, "process_mem_mib": 11008.0, "process_mem_share_percent": 22.4013024013024, "process_util_available": true, "process_util_backend": "nvml", "process_sm_util_percent": 18.0, "process_mem_util_percent": 2.0}
{"timestamp_unix": 1772432239.1435692, "pid": 39661, "device_index": 0, "gpu_uuid": "GPU-6f954bfd-7081-31b7-f15c-f9a174bf4d7f", "gpu_util_percent": 20.0, "gpu_mem_util_percent": 3.0, "gpu_mem_used_mib": 11494.0, "gpu_mem_total_mib": 49140.0, "gpu_power_w": 90.96, "process_present": true, "process_mem_mib": 11008.0, "process_mem_share_percent": 22.4013024013024, "process_util_available": true, "process_util_backend": "nvml", "process_sm_util_percent": 19.0, "process_mem_util_percent": 2.0}
{"timestamp_unix": 1772432239.441021, "pid": 39661, "device_index": 0, "gpu_uuid": "GPU-6f954bfd-7081-31b7-f15c-f9a174bf4d7f", "gpu_util_percent": 20.0, "gpu_mem_util_percent": 3.0, "gpu_mem_used_mib": 11494.0, "gpu_mem_total_mib": 49140.0, "gpu_power_w": 90.96, "process_present": true, "process_mem_mib": 11008.0, "process_mem_share_percent": 22.4013024013024, "process_util_available": true, "process_util_backend": "nvml", "process_sm_util_percent": 19.0, "process_mem_util_percent": 2.0}
{"timestamp_unix": 1772432239.730972, "pid": 39661, "device_index": 0, "gpu_uuid": "GPU-6f954bfd-7081-31b7-f15c-f9a174bf4d7f", "gpu_util_percent": 20.0, "gpu_mem_util_percent": 3.0, "gpu_mem_used_mib": 11498.0, "gpu_mem_total_mib": 49140.0, "gpu_power_w": 91.04, "process_present": true, "process_mem_mib": 11008.0, "process_mem_share_percent": 22.4013024013024, "process_util_available": true, "process_util_backend": "nvml", "process_sm_util_percent": 21.0, "process_mem_util_percent": 2.0}
{"timestamp_unix": 1772432240.018237, "pid": 39661, "device_index": 0, "gpu_uuid": "GPU-6f954bfd-7081-31b7-f15c-f9a174bf4d7f", "gpu_util_percent": 20.0, "gpu_mem_util_percent": 3.0, "gpu_mem_used_mib": 11498.0, "gpu_mem_total_mib": 49140.0, "gpu_power_w": 91.04, "process_present": true, "process_mem_mib": 11008.0, "process_mem_share_percent": 22.4013024013024, "process_util_available": true, "process_util_backend": "nvml", "process_sm_util_percent": 22.0, "process_mem_util_percent": 2.0}
{"timestamp_unix": 1772432240.3068383, "pid": 39661, "device_index": 0, "gpu_uuid": "GPU-6f954bfd-7081-31b7-f15c-f9a174bf4d7f", "gpu_util_percent": 23.0, "gpu_mem_util_percent": 3.0, "gpu_mem_used_mib": 11497.0, "gpu_mem_total_mib": 49140.0, "gpu_power_w": 91.26, "process_present": true, "process_mem_mib": 11008.0, "process_mem_share_percent": 22.4013024013024, "process_util_available": true, "process_util_backend": "nvml", "process_sm_util_percent": 22.0, "process_mem_util_percent": 2.0}
{"timestamp_unix": 1772432240.6122859, "pid": 39661, "device_index": 0, "gpu_uuid": "GPU-6f954bfd-7081-31b7-f15c-f9a174bf4d7f", "gpu_util_percent": 23.0, "gpu_mem_util_percent": 3.0, "gpu_mem_used_mib": 11637.0, "gpu_mem_total_mib": 49140.0, "gpu_power_w": 91.26, "process_present": true, "process_mem_mib": 11268.0, "process_mem_share_percent": 22.93040293040293, "process_util_available": true, "process_util_backend": "nvml", "process_sm_util_percent": 22.0, "process_mem_util_percent": 2.0}
{"timestamp_unix": 1772432240.9184003, "pid": 39661, "device_index": 0, "gpu_uuid": "GPU-6f954bfd-7081-31b7-f15c-f9a174bf4d7f", "gpu_util_percent": 23.0, "gpu_mem_util_percent": 3.0, "gpu_mem_used_mib": 12557.0, "gpu_mem_total_mib": 49140.0, "gpu_power_w": 91.55, "process_present": true, "process_mem_mib": 12228.0, "process_mem_share_percent": 24.884004884004884, "process_util_available": true, "process_util_backend": "nvml", "process_sm_util_percent": 21.0, "process_mem_util_percent": 2.0}
{"timestamp_unix": 1772432241.2185621, "pid": 39661, "device_index": 0, "gpu_uuid": "GPU-6f954bfd-7081-31b7-f15c-f9a174bf4d7f", "gpu_util_percent": 25.0, "gpu_mem_util_percent": 3.0, "gpu_mem_used_mib": 13517.0, "gpu_mem_total_mib": 49140.0, "gpu_power_w": 91.47, "process_present": true, "process_mem_mib": 13188.0, "process_mem_share_percent": 26.837606837606838, "process_util_available": true, "process_util_backend": "nvml", "process_sm_util_percent": 22.0, "process_mem_util_percent": 2.0}
{"timestamp_unix": 1772432241.5079339, "pid": 39661, "device_index": 0, "gpu_uuid": "GPU-6f954bfd-7081-31b7-f15c-f9a174bf4d7f", "gpu_util_percent": 25.0, "gpu_mem_util_percent": 3.0, "gpu_mem_used_mib": 14537.0, "gpu_mem_total_mib": 49140.0, "gpu_power_w": 91.47, "process_present": true, "process_mem_mib": 14188.0, "process_mem_share_percent": 28.872608872608872, "process_util_available": true, "process_util_backend": "nvml", "process_sm_util_percent": 21.0, "process_mem_util_percent": 2.0}
{"timestamp_unix": 1772432241.7998624, "pid": 39661, "device_index": 0, "gpu_uuid": "GPU-6f954bfd-7081-31b7-f15c-f9a174bf4d7f", "gpu_util_percent": 25.0, "gpu_mem_util_percent": 3.0, "gpu_mem_used_mib": 14737.0, "gpu_mem_total_mib": 49140.0, "gpu_power_w": 91.27, "process_present": true, "process_mem_mib": 14248.0, "process_mem_share_percent": 28.994708994708994, "process_util_available": true, "process_util_backend": "nvml", "process_sm_util_percent": 7.0, "process_mem_util_percent": 0.0}
{"timestamp_unix": 1772432242.091254, "pid": 39661, "device_index": 0, "gpu_uuid": "GPU-6f954bfd-7081-31b7-f15c-f9a174bf4d7f", "gpu_util_percent": 25.0, "gpu_mem_util_percent": 3.0, "gpu_mem_used_mib": 14737.0, "gpu_mem_total_mib": 49140.0, "gpu_power_w": 91.27, "process_present": true, "process_mem_mib": 14248.0, "process_mem_share_percent": 28.994708994708994, "process_util_available": true, "process_util_backend": "nvml", "process_sm_util_percent": 23.0, "process_mem_util_percent": 2.0}
{"timestamp_unix": 1772432242.3810048, "pid": 39661, "device_index": 0, "gpu_uuid": "GPU-6f954bfd-7081-31b7-f15c-f9a174bf4d7f", "gpu_util_percent": 25.0, "gpu_mem_util_percent": 3.0, "gpu_mem_used_mib": 14737.0, "gpu_mem_total_mib": 49140.0, "gpu_power_w": 90.17, "process_present": true, "process_mem_mib": 14248.0, "process_mem_share_percent": 28.994708994708994, "process_util_available": true, "process_util_backend": "nvml", "process_sm_util_percent": 23.0, "process_mem_util_percent": 2.0}
{"timestamp_unix": 1772432242.6769972, "pid": 39661, "device_index": 0, "gpu_uuid": "GPU-6f954bfd-7081-31b7-f15c-f9a174bf4d7f", "gpu_util_percent": 25.0, "gpu_mem_util_percent": 3.0, "gpu_mem_used_mib": 14737.0, "gpu_mem_total_mib": 49140.0, "gpu_power_w": 90.53, "process_present": true, "process_mem_mib": 14248.0, "process_mem_share_percent": 28.994708994708994, "process_util_available": true, "process_util_backend": "nvml", "process_sm_util_percent": 24.0, "process_mem_util_percent": 2.0}
{"timestamp_unix": 1772432242.969587, "pid": 39661, "device_index": 0, "gpu_uuid": "GPU-6f954bfd-7081-31b7-f15c-f9a174bf4d7f", "gpu_util_percent": 25.0, "gpu_mem_util_percent": 3.0, "gpu_mem_used_mib": 14737.0, "gpu_mem_total_mib": 49140.0, "gpu_power_w": 90.53, "process_present": true, "process_mem_mib": 14248.0, "process_mem_share_percent": 28.994708994708994, "process_util_available": true, "process_util_backend": "nvml", "process_sm_util_percent": 23.0, "process_mem_util_percent": 2.0}
{"timestamp_unix": 1772432243.2679276, "pid": 39661, "device_index": 0, "gpu_uuid": "GPU-6f954bfd-7081-31b7-f15c-f9a174bf4d7f", "gpu_util_percent": 26.0, "gpu_mem_util_percent": 3.0, "gpu_mem_used_mib": 14738.0, "gpu_mem_total_mib": 49140.0, "gpu_power_w": 92.15, "process_present": true, "process_mem_mib": 14248.0, "process_mem_share_percent": 28.994708994708994, "process_util_available": true, "process_util_backend": "nvml", "process_sm_util_percent": 24.0, "process_mem_util_percent": 2.0}
{"timestamp_unix": 1772432243.569674, "pid": 39661, "device_index": 0, "gpu_uuid": "GPU-6f954bfd-7081-31b7-f15c-f9a174bf4d7f", "gpu_util_percent": 26.0, "gpu_mem_util_percent": 3.0, "gpu_mem_used_mib": 14739.0, "gpu_mem_total_mib": 49140.0, "gpu_power_w": 92.15, "process_present": true, "process_mem_mib": 14248.0, "process_mem_share_percent": 28.994708994708994, "process_util_available": true, "process_util_backend": "nvml", "process_sm_util_percent": 24.0, "process_mem_util_percent": 2.0}
{"timestamp_unix": 1772432243.8671622, "pid": 39661, "device_index": 0, "gpu_uuid": "GPU-6f954bfd-7081-31b7-f15c-f9a174bf4d7f", "gpu_util_percent": 26.0, "gpu_mem_util_percent": 3.0, "gpu_mem_used_mib": 14739.0, "gpu_mem_total_mib": 49140.0, "gpu_power_w": 92.15, "process_present": true, "process_mem_mib": 14248.0, "process_mem_share_percent": 28.994708994708994, "process_util_available": true, "process_util_backend": "nvml", "process_sm_util_percent": 23.0, "process_mem_util_percent": 2.0}
{"timestamp_unix": 1772432244.1579432, "pid": 39661, "device_index": 0, "gpu_uuid": "GPU-6f954bfd-7081-31b7-f15c-f9a174bf4d7f", "gpu_util_percent": 25.0, "gpu_mem_util_percent": 3.0, "gpu_mem_used_mib": 14739.0, "gpu_mem_total_mib": 49140.0, "gpu_power_w": 92.08, "process_present": true, "process_mem_mib": 14248.0, "process_mem_share_percent": 28.994708994708994, "process_util_available": true, "process_util_backend": "nvml", "process_sm_util_percent": 23.0, "process_mem_util_percent": 2.0}
{"timestamp_unix": 1772432244.4611645, "pid": 39661, "device_index": 0, "gpu_uuid": "GPU-6f954bfd-7081-31b7-f15c-f9a174bf4d7f", "gpu_util_percent": 25.0, "gpu_mem_util_percent": 3.0, "gpu_mem_used_mib": 14739.0, "gpu_mem_total_mib": 49140.0, "gpu_power_w": 92.08, "process_present": true, "process_mem_mib": 14248.0, "process_mem_share_percent": 28.994708994708994, "process_util_available": true, "process_util_backend": "nvml", "process_sm_util_percent": 23.0, "process_mem_util_percent": 2.0}
{"timestamp_unix": 1772432244.7517297, "pid": 39661, "device_index": 0, "gpu_uuid": "GPU-6f954bfd-7081-31b7-f15c-f9a174bf4d7f", "gpu_util_percent": 25.0, "gpu_mem_util_percent": 3.0, "gpu_mem_used_mib": 14735.0, "gpu_mem_total_mib": 49140.0, "gpu_power_w": 91.86, "process_present": true, "process_mem_mib": 14248.0, "process_mem_share_percent": 28.994708994708994, "process_util_available": true, "process_util_backend": "nvml", "process_sm_util_percent": null, "process_mem_util_percent": null}
{"timestamp_unix": 1772432245.0404572, "pid": 39661, "device_index": 0, "gpu_uuid": "GPU-6f954bfd-7081-31b7-f15c-f9a174bf4d7f", "gpu_util_percent": 25.0, "gpu_mem_util_percent": 3.0, "gpu_mem_used_mib": 14735.0, "gpu_mem_total_mib": 49140.0, "gpu_power_w": 91.86, "process_present": true, "process_mem_mib": 14248.0, "process_mem_share_percent": 28.994708994708994, "process_util_available": true, "process_util_backend": "nvml", "process_sm_util_percent": 23.0, "process_mem_util_percent": 2.0}
{"timestamp_unix": 1772432245.3331518, "pid": 39661, "device_index": 0, "gpu_uuid": "GPU-6f954bfd-7081-31b7-f15c-f9a174bf4d7f", "gpu_util_percent": 26.0, "gpu_mem_util_percent": 3.0, "gpu_mem_used_mib": 14735.0, "gpu_mem_total_mib": 49140.0, "gpu_power_w": 91.73, "process_present": true, "process_mem_mib": 14248.0, "process_mem_share_percent": 28.994708994708994, "process_util_available": true, "process_util_backend": "nvml", "process_sm_util_percent": 12.0, "process_mem_util_percent": 1.0}
{"timestamp_unix": 1772432245.6297226, "pid": 39661, "device_index": 0, "gpu_uuid": "GPU-6f954bfd-7081-31b7-f15c-f9a174bf4d7f", "gpu_util_percent": 26.0, "gpu_mem_util_percent": 3.0, "gpu_mem_used_mib": 14735.0, "gpu_mem_total_mib": 49140.0, "gpu_power_w": 91.73, "process_present": true, "process_mem_mib": 14248.0, "process_mem_share_percent": 28.994708994708994, "process_util_available": true, "process_util_backend": "nvml", "process_sm_util_percent": 23.0, "process_mem_util_percent": 2.0}
{"timestamp_unix": 1772432245.929509, "pid": 39661, "device_index": 0, "gpu_uuid": "GPU-6f954bfd-7081-31b7-f15c-f9a174bf4d7f", "gpu_util_percent": 26.0, "gpu_mem_util_percent": 3.0, "gpu_mem_used_mib": 14735.0, "gpu_mem_total_mib": 49140.0, "gpu_power_w": 91.73, "process_present": true, "process_mem_mib": 14248.0, "process_mem_share_percent": 28.994708994708994, "process_util_available": true, "process_util_backend": "nvml", "process_sm_util_percent": 23.0, "process_mem_util_percent": 2.0}
{"timestamp_unix": 1772432246.2333055, "pid": 39661, "device_index": 0, "gpu_uuid": "GPU-6f954bfd-7081-31b7-f15c-f9a174bf4d7f", "gpu_util_percent": 24.0, "gpu_mem_util_percent": 3.0, "gpu_mem_used_mib": 14735.0, "gpu_mem_total_mib": 49140.0, "gpu_power_w": 91.92, "process_present": true, "process_mem_mib": 14248.0, "process_mem_share_percent": 28.994708994708994, "process_util_available": true, "process_util_backend": "nvml", "process_sm_util_percent": 24.0, "process_mem_util_percent": 2.0}
{"timestamp_unix": 1772432246.534462, "pid": 39661, "device_index": 0, "gpu_uuid": "GPU-6f954bfd-7081-31b7-f15c-f9a174bf4d7f", "gpu_util_percent": 24.0, "gpu_mem_util_percent": 3.0, "gpu_mem_used_mib": 14735.0, "gpu_mem_total_mib": 49140.0, "gpu_power_w": 91.92, "process_present": true, "process_mem_mib": 14248.0, "process_mem_share_percent": 28.994708994708994, "process_util_available": true, "process_util_backend": "nvml", "process_sm_util_percent": 23.0, "process_mem_util_percent": 2.0}
{"timestamp_unix": 1772432246.823657, "pid": 39661, "device_index": 0, "gpu_uuid": "GPU-6f954bfd-7081-31b7-f15c-f9a174bf4d7f", "gpu_util_percent": 24.0, "gpu_mem_util_percent": 3.0, "gpu_mem_used_mib": 14737.0, "gpu_mem_total_mib": 49140.0, "gpu_power_w": 91.83, "process_present": true, "process_mem_mib": 14248.0, "process_mem_share_percent": 28.994708994708994, "process_util_available": true, "process_util_backend": "nvml", "process_sm_util_percent": 21.0, "process_mem_util_percent": 2.0}
{"timestamp_unix": 1772432247.111574, "pid": 39661, "device_index": 0, "gpu_uuid": "GPU-6f954bfd-7081-31b7-f15c-f9a174bf4d7f", "gpu_util_percent": 24.0, "gpu_mem_util_percent": 3.0, "gpu_mem_used_mib": 14737.0, "gpu_mem_total_mib": 49140.0, "gpu_power_w": 91.83, "process_present": true, "process_mem_mib": 14248.0, "process_mem_share_percent": 28.994708994708994, "process_util_available": true, "process_util_backend": "nvml", "process_sm_util_percent": 22.0, "process_mem_util_percent": 2.0}
{"timestamp_unix": 1772432247.402742, "pid": 39661, "device_index": 0, "gpu_uuid": "GPU-6f954bfd-7081-31b7-f15c-f9a174bf4d7f", "gpu_util_percent": 24.0, "gpu_mem_util_percent": 3.0, "gpu_mem_used_mib": 14737.0, "gpu_mem_total_mib": 49140.0, "gpu_power_w": 91.4, "process_present": true, "process_mem_mib": 14248.0, "process_mem_share_percent": 28.994708994708994, "process_util_available": true, "process_util_backend": "nvml", "process_sm_util_percent": 23.0, "process_mem_util_percent": 3.0}
{"timestamp_unix": 1772432247.6952667, "pid": 39661, "device_index": 0, "gpu_uuid": "GPU-6f954bfd-7081-31b7-f15c-f9a174bf4d7f", "gpu_util_percent": 24.0, "gpu_mem_util_percent": 3.0, "gpu_mem_used_mib": 14737.0, "gpu_mem_total_mib": 49140.0, "gpu_power_w": 91.43, "process_present": true, "process_mem_mib": 14248.0, "process_mem_share_percent": 28.994708994708994, "process_util_available": true, "process_util_backend": "nvml", "process_sm_util_percent": 22.0, "process_mem_util_percent": 3.0}
{"timestamp_unix": 1772432247.9857278, "pid": 39661, "device_index": 0, "gpu_uuid": "GPU-6f954bfd-7081-31b7-f15c-f9a174bf4d7f", "gpu_util_percent": 24.0, "gpu_mem_util_percent": 3.0, "gpu_mem_used_mib": 14737.0, "gpu_mem_total_mib": 49140.0, "gpu_power_w": 91.43, "process_present": true, "process_mem_mib": 14248.0, "process_mem_share_percent": 28.994708994708994, "process_util_available": true, "process_util_backend": "nvml", "process_sm_util_percent": 22.0, "process_mem_util_percent": 3.0}
{"timestamp_unix": 1772432248.2726152, "pid": 39661, "device_index": 0, "gpu_uuid": "GPU-6f954bfd-7081-31b7-f15c-f9a174bf4d7f", "gpu_util_percent": 22.0, "gpu_mem_util_percent": 3.0, "gpu_mem_used_mib": 14737.0, "gpu_mem_total_mib": 49140.0, "gpu_power_w": 91.89, "process_present": true, "process_mem_mib": 14248.0, "process_mem_share_percent": 28.994708994708994, "process_util_available": true, "process_util_backend": "nvml", "process_sm_util_percent": 22.0, "process_mem_util_percent": 3.0}
{"timestamp_unix": 1772432248.580119, "pid": 39661, "device_index": 0, "gpu_uuid": "GPU-6f954bfd-7081-31b7-f15c-f9a174bf4d7f", "gpu_util_percent": 22.0, "gpu_mem_util_percent": 3.0, "gpu_mem_used_mib": 14736.0, "gpu_mem_total_mib": 49140.0, "gpu_power_w": 91.89, "process_present": true, "process_mem_mib": 14248.0, "process_mem_share_percent": 28.994708994708994, "process_util_available": true, "process_util_backend": "nvml", "process_sm_util_percent": 22.0, "process_mem_util_percent": 3.0}
{"timestamp_unix": 1772432248.88643, "pid": 39661, "device_index": 0, "gpu_uuid": "GPU-6f954bfd-7081-31b7-f15c-f9a174bf4d7f", "gpu_util_percent": 22.0, "gpu_mem_util_percent": 3.0, "gpu_mem_used_mib": 14736.0, "gpu_mem_total_mib": 49140.0, "gpu_power_w": 92.03, "process_present": true, "process_mem_mib": 14248.0, "process_mem_share_percent": 28.994708994708994, "process_util_available": true, "process_util_backend": "nvml", "process_sm_util_percent": 22.0, "process_mem_util_percent": 3.0}
{"timestamp_unix": 1772432249.194801, "pid": 39661, "device_index": 0, "gpu_uuid": "GPU-6f954bfd-7081-31b7-f15c-f9a174bf4d7f", "gpu_util_percent": 21.0, "gpu_mem_util_percent": 3.0, "gpu_mem_used_mib": 15156.0, "gpu_mem_total_mib": 49140.0, "gpu_power_w": 92.03, "process_present": true, "process_mem_mib": 14868.0, "process_mem_share_percent": 30.256410256410255, "process_util_available": true, "process_util_backend": "nvml", "process_sm_util_percent": 22.0, "process_mem_util_percent": 3.0}
{"timestamp_unix": 1772432249.5122285, "pid": 39661, "device_index": 0, "gpu_uuid": "GPU-6f954bfd-7081-31b7-f15c-f9a174bf4d7f", "gpu_util_percent": 21.0, "gpu_mem_util_percent": 3.0, "gpu_mem_used_mib": 16356.0, "gpu_mem_total_mib": 49140.0, "gpu_power_w": 92.03, "process_present": true, "process_mem_mib": 16068.0, "process_mem_share_percent": 32.698412698412696, "process_util_available": true, "process_util_backend": "nvml", "process_sm_util_percent": 21.0, "process_mem_util_percent": 3.0}
{"timestamp_unix": 1772432249.8042624, "pid": 39661, "device_index": 0, "gpu_uuid": "GPU-6f954bfd-7081-31b7-f15c-f9a174bf4d7f", "gpu_util_percent": 21.0, "gpu_mem_util_percent": 3.0, "gpu_mem_used_mib": 17556.0, "gpu_mem_total_mib": 49140.0, "gpu_power_w": 91.77, "process_present": true, "process_mem_mib": 17228.0, "process_mem_share_percent": 35.05901505901506, "process_util_available": true, "process_util_backend": "nvml", "process_sm_util_percent": 22.0, "process_mem_util_percent": 3.0}
{"timestamp_unix": 1772432250.0931597, "pid": 39661, "device_index": 0, "gpu_uuid": "GPU-6f954bfd-7081-31b7-f15c-f9a174bf4d7f", "gpu_util_percent": 21.0, "gpu_mem_util_percent": 3.0, "gpu_mem_used_mib": 17856.0, "gpu_mem_total_mib": 49140.0, "gpu_power_w": 91.77, "process_present": true, "process_mem_mib": 17368.0, "process_mem_share_percent": 35.34391534391534, "process_util_available": true, "process_util_backend": "nvml", "process_sm_util_percent": null, "process_mem_util_percent": null}
{"timestamp_unix": 1772432250.3840647, "pid": 39661, "device_index": 0, "gpu_uuid": "GPU-6f954bfd-7081-31b7-f15c-f9a174bf4d7f", "gpu_util_percent": 14.0, "gpu_mem_util_percent": 1.0, "gpu_mem_used_mib": 17916.0, "gpu_mem_total_mib": 49140.0, "gpu_power_w": 90.34, "process_present": true, "process_mem_mib": 17428.0, "process_mem_share_percent": 35.46601546601546, "process_util_available": true, "process_util_backend": "nvml", "process_sm_util_percent": 19.0, "process_mem_util_percent": 2.0}
{"timestamp_unix": 1772432250.6764102, "pid": 39661, "device_index": 0, "gpu_uuid": "GPU-6f954bfd-7081-31b7-f15c-f9a174bf4d7f", "gpu_util_percent": 14.0, "gpu_mem_util_percent": 1.0, "gpu_mem_used_mib": 17916.0, "gpu_mem_total_mib": 49140.0, "gpu_power_w": 90.06, "process_present": true, "process_mem_mib": 17428.0, "process_mem_share_percent": 35.46601546601546, "process_util_available": true, "process_util_backend": "nvml", "process_sm_util_percent": 23.0, "process_mem_util_percent": 2.0}
{"timestamp_unix": 1772432250.9681237, "pid": 39661, "device_index": 0, "gpu_uuid": "GPU-6f954bfd-7081-31b7-f15c-f9a174bf4d7f", "gpu_util_percent": 14.0, "gpu_mem_util_percent": 1.0, "gpu_mem_used_mib": 17916.0, "gpu_mem_total_mib": 49140.0, "gpu_power_w": 90.06, "process_present": true, "process_mem_mib": 17428.0, "process_mem_share_percent": 35.46601546601546, "process_util_available": true, "process_util_backend": "nvml", "process_sm_util_percent": 23.0, "process_mem_util_percent": 2.0}
{"timestamp_unix": 1772432251.2567196, "pid": 39661, "device_index": 0, "gpu_uuid": "GPU-6f954bfd-7081-31b7-f15c-f9a174bf4d7f", "gpu_util_percent": 26.0, "gpu_mem_util_percent": 3.0, "gpu_mem_used_mib": 17916.0, "gpu_mem_total_mib": 49140.0, "gpu_power_w": 91.09, "process_present": true, "process_mem_mib": 17428.0, "process_mem_share_percent": 35.46601546601546, "process_util_available": true, "process_util_backend": "nvml", "process_sm_util_percent": 24.0, "process_mem_util_percent": 3.0}
{"timestamp_unix": 1772432251.5621872, "pid": 39661, "device_index": 0, "gpu_uuid": "GPU-6f954bfd-7081-31b7-f15c-f9a174bf4d7f", "gpu_util_percent": 26.0, "gpu_mem_util_percent": 3.0, "gpu_mem_used_mib": 17916.0, "gpu_mem_total_mib": 49140.0, "gpu_power_w": 91.09, "process_present": true, "process_mem_mib": 17428.0, "process_mem_share_percent": 35.46601546601546, "process_util_available": true, "process_util_backend": "nvml", "process_sm_util_percent": 24.0, "process_mem_util_percent": 2.0}
{"timestamp_unix": 1772432251.8692107, "pid": 39661, "device_index": 0, "gpu_uuid": "GPU-6f954bfd-7081-31b7-f15c-f9a174bf4d7f", "gpu_util_percent": 26.0, "gpu_mem_util_percent": 3.0, "gpu_mem_used_mib": 17916.0, "gpu_mem_total_mib": 49140.0, "gpu_power_w": 92.53, "process_present": true, "process_mem_mib": 17428.0, "process_mem_share_percent": 35.46601546601546, "process_util_available": true, "process_util_backend": "nvml", "process_sm_util_percent": 23.0, "process_mem_util_percent": 2.0}
{"timestamp_unix": 1772432252.173831, "pid": 39661, "device_index": 0, "gpu_uuid": "GPU-6f954bfd-7081-31b7-f15c-f9a174bf4d7f", "gpu_util_percent": 27.0, "gpu_mem_util_percent": 3.0, "gpu_mem_used_mib": 17915.0, "gpu_mem_total_mib": 49140.0, "gpu_power_w": 92.52, "process_present": true, "process_mem_mib": 17428.0, "process_mem_share_percent": 35.46601546601546, "process_util_available": true, "process_util_backend": "nvml", "process_sm_util_percent": 24.0, "process_mem_util_percent": 2.0}
{"timestamp_unix": 1772432252.4600976, "pid": 39661, "device_index": 0, "gpu_uuid": "GPU-6f954bfd-7081-31b7-f15c-f9a174bf4d7f", "gpu_util_percent": 27.0, "gpu_mem_util_percent": 3.0, "gpu_mem_used_mib": 17915.0, "gpu_mem_total_mib": 49140.0, "gpu_power_w": 92.52, "process_present": true, "process_mem_mib": 17428.0, "process_mem_share_percent": 35.46601546601546, "process_util_available": true, "process_util_backend": "nvml", "process_sm_util_percent": 24.0, "process_mem_util_percent": 2.0}
{"timestamp_unix": 1772432252.7521973, "pid": 39661, "device_index": 0, "gpu_uuid": "GPU-6f954bfd-7081-31b7-f15c-f9a174bf4d7f", "gpu_util_percent": 27.0, "gpu_mem_util_percent": 3.0, "gpu_mem_used_mib": 17915.0, "gpu_mem_total_mib": 49140.0, "gpu_power_w": 92.38, "process_present": true, "process_mem_mib": 17428.0, "process_mem_share_percent": 35.46601546601546, "process_util_available": true, "process_util_backend": "nvml", "process_sm_util_percent": 23.0, "process_mem_util_percent": 2.0}
{"timestamp_unix": 1772432253.041381, "pid": 39661, "device_index": 0, "gpu_uuid": "GPU-6f954bfd-7081-31b7-f15c-f9a174bf4d7f", "gpu_util_percent": 27.0, "gpu_mem_util_percent": 3.0, "gpu_mem_used_mib": 17915.0, "gpu_mem_total_mib": 49140.0, "gpu_power_w": 92.38, "process_present": true, "process_mem_mib": 17428.0, "process_mem_share_percent": 35.46601546601546, "process_util_available": true, "process_util_backend": "nvml", "process_sm_util_percent": 23.0, "process_mem_util_percent": 2.0}
{"timestamp_unix": 1772432253.3353643, "pid": 39661, "device_index": 0, "gpu_uuid": "GPU-6f954bfd-7081-31b7-f15c-f9a174bf4d7f", "gpu_util_percent": 24.0, "gpu_mem_util_percent": 3.0, "gpu_mem_used_mib": 17915.0, "gpu_mem_total_mib": 49140.0, "gpu_power_w": 92.27, "process_present": true, "process_mem_mib": 17428.0, "process_mem_share_percent": 35.46601546601546, "process_util_available": true, "process_util_backend": "nvml", "process_sm_util_percent": 23.0, "process_mem_util_percent": 2.0}
{"timestamp_unix": 1772432253.6233218, "pid": 39661, "device_index": 0, "gpu_uuid": "GPU-6f954bfd-7081-31b7-f15c-f9a174bf4d7f", "gpu_util_percent": 24.0, "gpu_mem_util_percent": 3.0, "gpu_mem_used_mib": 17915.0, "gpu_mem_total_mib": 49140.0, "gpu_power_w": 92.06, "process_present": true, "process_mem_mib": 17428.0, "process_mem_share_percent": 35.46601546601546, "process_util_available": true, "process_util_backend": "nvml", "process_sm_util_percent": 23.0, "process_mem_util_percent": 2.0}
{"timestamp_unix": 1772432253.910665, "pid": 39661, "device_index": 0, "gpu_uuid": "GPU-6f954bfd-7081-31b7-f15c-f9a174bf4d7f", "gpu_util_percent": 24.0, "gpu_mem_util_percent": 3.0, "gpu_mem_used_mib": 17915.0, "gpu_mem_total_mib": 49140.0, "gpu_power_w": 92.06, "process_present": true, "process_mem_mib": 17428.0, "process_mem_share_percent": 35.46601546601546, "process_util_available": true, "process_util_backend": "nvml", "process_sm_util_percent": 23.0, "process_mem_util_percent": 2.0}
{"timestamp_unix": 1772432254.2217457, "pid": 39661, "device_index": 0, "gpu_uuid": "GPU-6f954bfd-7081-31b7-f15c-f9a174bf4d7f", "gpu_util_percent": 24.0, "gpu_mem_util_percent": 3.0, "gpu_mem_used_mib": 17913.0, "gpu_mem_total_mib": 49140.0, "gpu_power_w": 91.91, "process_present": true, "process_mem_mib": 17428.0, "process_mem_share_percent": 35.46601546601546, "process_util_available": true, "process_util_backend": "nvml", "process_sm_util_percent": 23.0, "process_mem_util_percent": 2.0}
{"timestamp_unix": 1772432254.5362146, "pid": 39661, "device_index": 0, "gpu_uuid": "GPU-6f954bfd-7081-31b7-f15c-f9a174bf4d7f", "gpu_util_percent": 24.0, "gpu_mem_util_percent": 3.0, "gpu_mem_used_mib": 17913.0, "gpu_mem_total_mib": 49140.0, "gpu_power_w": 91.91, "process_present": true, "process_mem_mib": 17428.0, "process_mem_share_percent": 35.46601546601546, "process_util_available": true, "process_util_backend": "nvml", "process_sm_util_percent": 23.0, "process_mem_util_percent": 2.0}
{"timestamp_unix": 1772432254.8305712, "pid": 39661, "device_index": 0, "gpu_uuid": "GPU-6f954bfd-7081-31b7-f15c-f9a174bf4d7f", "gpu_util_percent": 24.0, "gpu_mem_util_percent": 3.0, "gpu_mem_used_mib": 17913.0, "gpu_mem_total_mib": 49140.0, "gpu_power_w": 91.91, "process_present": true, "process_mem_mib": 17428.0, "process_mem_share_percent": 35.46601546601546, "process_util_available": true, "process_util_backend": "nvml", "process_sm_util_percent": 23.0, "process_mem_util_percent": 2.0}
{"timestamp_unix": 1772432255.1217368, "pid": 39661, "device_index": 0, "gpu_uuid": "GPU-6f954bfd-7081-31b7-f15c-f9a174bf4d7f", "gpu_util_percent": 24.0, "gpu_mem_util_percent": 3.0, "gpu_mem_used_mib": 17914.0, "gpu_mem_total_mib": 49140.0, "gpu_power_w": 91.54, "process_present": true, "process_mem_mib": 17428.0, "process_mem_share_percent": 35.46601546601546, "process_util_available": true, "process_util_backend": "nvml", "process_sm_util_percent": 22.0, "process_mem_util_percent": 2.0}
{"timestamp_unix": 1772432255.4111376, "pid": 39661, "device_index": 0, "gpu_uuid": "GPU-6f954bfd-7081-31b7-f15c-f9a174bf4d7f", "gpu_util_percent": 18.0, "gpu_mem_util_percent": 2.0, "gpu_mem_used_mib": 17914.0, "gpu_mem_total_mib": 49140.0, "gpu_power_w": 91.54, "process_present": true, "process_mem_mib": 17428.0, "process_mem_share_percent": 35.46601546601546, "process_util_available": true, "process_util_backend": "nvml", "process_sm_util_percent": 22.0, "process_mem_util_percent": 3.0}
{"timestamp_unix": 1772432255.7021084, "pid": 39661, "device_index": 0, "gpu_uuid": "GPU-6f954bfd-7081-31b7-f15c-f9a174bf4d7f", "gpu_util_percent": 18.0, "gpu_mem_util_percent": 2.0, "gpu_mem_used_mib": 17914.0, "gpu_mem_total_mib": 49140.0, "gpu_power_w": 91.57, "process_present": true, "process_mem_mib": 17428.0, "process_mem_share_percent": 35.46601546601546, "process_util_available": true, "process_util_backend": "nvml", "process_sm_util_percent": 22.0, "process_mem_util_percent": 3.0}
{"timestamp_unix": 1772432255.9901323, "pid": 39661, "device_index": 0, "gpu_uuid": "GPU-6f954bfd-7081-31b7-f15c-f9a174bf4d7f", "gpu_util_percent": 18.0, "gpu_mem_util_percent": 2.0, "gpu_mem_used_mib": 17914.0, "gpu_mem_total_mib": 49140.0, "gpu_power_w": 91.57, "process_present": true, "process_mem_mib": 17428.0, "process_mem_share_percent": 35.46601546601546, "process_util_available": true, "process_util_backend": "nvml", "process_sm_util_percent": 22.0, "process_mem_util_percent": 3.0}
{"timestamp_unix": 1772432256.2801404, "pid": 39661, "device_index": 0, "gpu_uuid": "GPU-6f954bfd-7081-31b7-f15c-f9a174bf4d7f", "gpu_util_percent": 23.0, "gpu_mem_util_percent": 3.0, "gpu_mem_used_mib": 17913.0, "gpu_mem_total_mib": 49140.0, "gpu_power_w": 91.81, "process_present": true, "process_mem_mib": 17428.0, "process_mem_share_percent": 35.46601546601546, "process_util_available": true, "process_util_backend": "nvml", "process_sm_util_percent": 22.0, "process_mem_util_percent": 3.0}
{"timestamp_unix": 1772432256.5702581, "pid": 39661, "device_index": 0, "gpu_uuid": "GPU-6f954bfd-7081-31b7-f15c-f9a174bf4d7f", "gpu_util_percent": 23.0, "gpu_mem_util_percent": 3.0, "gpu_mem_used_mib": 17913.0, "gpu_mem_total_mib": 49140.0, "gpu_power_w": 91.81, "process_present": true, "process_mem_mib": 17428.0, "process_mem_share_percent": 35.46601546601546, "process_util_available": true, "process_util_backend": "nvml", "process_sm_util_percent": 22.0, "process_mem_util_percent": 3.0}
{"timestamp_unix": 1772432256.8689318, "pid": 39661, "device_index": 0, "gpu_uuid": "GPU-6f954bfd-7081-31b7-f15c-f9a174bf4d7f", "gpu_util_percent": 23.0, "gpu_mem_util_percent": 3.0, "gpu_mem_used_mib": 17913.0, "gpu_mem_total_mib": 49140.0, "gpu_power_w": 92.63, "process_present": true, "process_mem_mib": 17428.0, "process_mem_share_percent": 35.46601546601546, "process_util_available": true, "process_util_backend": "nvml", "process_sm_util_percent": 22.0, "process_mem_util_percent": 3.0}
{"timestamp_unix": 1772432257.1789317, "pid": 39661, "device_index": 0, "gpu_uuid": "GPU-6f954bfd-7081-31b7-f15c-f9a174bf4d7f", "gpu_util_percent": 24.0, "gpu_mem_util_percent": 4.0, "gpu_mem_used_mib": 17914.0, "gpu_mem_total_mib": 49140.0, "gpu_power_w": 92.74, "process_present": true, "process_mem_mib": 17428.0, "process_mem_share_percent": 35.46601546601546, "process_util_available": true, "process_util_backend": "nvml", "process_sm_util_percent": 23.0, "process_mem_util_percent": 3.0}
{"timestamp_unix": 1772432257.47071, "pid": 39661, "device_index": 0, "gpu_uuid": "GPU-6f954bfd-7081-31b7-f15c-f9a174bf4d7f", "gpu_util_percent": 24.0, "gpu_mem_util_percent": 4.0, "gpu_mem_used_mib": 17914.0, "gpu_mem_total_mib": 49140.0, "gpu_power_w": 92.74, "process_present": true, "process_mem_mib": 17588.0, "process_mem_share_percent": 35.7916157916158, "process_util_available": true, "process_util_backend": "nvml", "process_sm_util_percent": 22.0, "process_mem_util_percent": 3.0}
{"timestamp_unix": 1772432257.7607486, "pid": 39661, "device_index": 0, "gpu_uuid": "GPU-6f954bfd-7081-31b7-f15c-f9a174bf4d7f", "gpu_util_percent": 24.0, "gpu_mem_util_percent": 4.0, "gpu_mem_used_mib": 19234.0, "gpu_mem_total_mib": 49140.0, "gpu_power_w": 92.74, "process_present": true, "process_mem_mib": 18948.0, "process_mem_share_percent": 38.559218559218564, "process_util_available": true, "process_util_backend": "nvml", "process_sm_util_percent": 22.0, "process_mem_util_percent": 3.0}
{"timestamp_unix": 1772432258.0546057, "pid": 39661, "device_index": 0, "gpu_uuid": "GPU-6f954bfd-7081-31b7-f15c-f9a174bf4d7f", "gpu_util_percent": 24.0, "gpu_mem_util_percent": 4.0, "gpu_mem_used_mib": 20475.0, "gpu_mem_total_mib": 49140.0, "gpu_power_w": 92.74, "process_present": true, "process_mem_mib": 20188.0, "process_mem_share_percent": 41.08262108262109, "process_util_available": true, "process_util_backend": "nvml", "process_sm_util_percent": 21.0, "process_mem_util_percent": 3.0}
{"timestamp_unix": 1772432258.3445718, "pid": 39661, "device_index": 0, "gpu_uuid": "GPU-6f954bfd-7081-31b7-f15c-f9a174bf4d7f", "gpu_util_percent": 24.0, "gpu_mem_util_percent": 3.0, "gpu_mem_used_mib": 21195.0, "gpu_mem_total_mib": 49140.0, "gpu_power_w": 92.52, "process_present": true, "process_mem_mib": 20708.0, "process_mem_share_percent": 42.140822140822145, "process_util_available": true, "process_util_backend": "nvml", "process_sm_util_percent": 11.0, "process_mem_util_percent": 1.0}
{"timestamp_unix": 1772432258.6415136, "pid": 39661, "device_index": 0, "gpu_uuid": "GPU-6f954bfd-7081-31b7-f15c-f9a174bf4d7f", "gpu_util_percent": 24.0, "gpu_mem_util_percent": 3.0, "gpu_mem_used_mib": 21215.0, "gpu_mem_total_mib": 49140.0, "gpu_power_w": 90.46, "process_present": true, "process_mem_mib": 20728.0, "process_mem_share_percent": 42.18152218152218, "process_util_available": true, "process_util_backend": "nvml", "process_sm_util_percent": 17.0, "process_mem_util_percent": 2.0}
{"timestamp_unix": 1772432258.9338436, "pid": 39661, "device_index": 0, "gpu_uuid": "GPU-6f954bfd-7081-31b7-f15c-f9a174bf4d7f", "gpu_util_percent": 24.0, "gpu_mem_util_percent": 3.0, "gpu_mem_used_mib": 21215.0, "gpu_mem_total_mib": 49140.0, "gpu_power_w": 90.46, "process_present": true, "process_mem_mib": 20728.0, "process_mem_share_percent": 42.18152218152218, "process_util_available": true, "process_util_backend": "nvml", "process_sm_util_percent": 22.0, "process_mem_util_percent": 3.0}
{"timestamp_unix": 1772432259.2324944, "pid": 39661, "device_index": 0, "gpu_uuid": "GPU-6f954bfd-7081-31b7-f15c-f9a174bf4d7f", "gpu_util_percent": 23.0, "gpu_mem_util_percent": 4.0, "gpu_mem_used_mib": 21215.0, "gpu_mem_total_mib": 49140.0, "gpu_power_w": 90.86, "process_present": true, "process_mem_mib": 20728.0, "process_mem_share_percent": 42.18152218152218, "process_util_available": true, "process_util_backend": "nvml", "process_sm_util_percent": 21.0, "process_mem_util_percent": 3.0}
{"timestamp_unix": 1772432259.5407174, "pid": 39661, "device_index": 0, "gpu_uuid": "GPU-6f954bfd-7081-31b7-f15c-f9a174bf4d7f", "gpu_util_percent": 23.0, "gpu_mem_util_percent": 4.0, "gpu_mem_used_mib": 21215.0, "gpu_mem_total_mib": 49140.0, "gpu_power_w": 90.86, "process_present": true, "process_mem_mib": 20728.0, "process_mem_share_percent": 42.18152218152218, "process_util_available": true, "process_util_backend": "nvml", "process_sm_util_percent": 21.0, "process_mem_util_percent": 3.0}
{"timestamp_unix": 1772432259.8451636, "pid": 39661, "device_index": 0, "gpu_uuid": "GPU-6f954bfd-7081-31b7-f15c-f9a174bf4d7f", "gpu_util_percent": 23.0, "gpu_mem_util_percent": 4.0, "gpu_mem_used_mib": 21215.0, "gpu_mem_total_mib": 49140.0, "gpu_power_w": 93.15, "process_present": true, "process_mem_mib": 20728.0, "process_mem_share_percent": 42.18152218152218, "process_util_available": true, "process_util_backend": "nvml", "process_sm_util_percent": 20.0, "process_mem_util_percent": 3.0}
{"timestamp_unix": 1772432260.1499279, "pid": 39661, "device_index": 0, "gpu_uuid": "GPU-6f954bfd-7081-31b7-f15c-f9a174bf4d7f", "gpu_util_percent": 21.0, "gpu_mem_util_percent": 4.0, "gpu_mem_used_mib": 21215.0, "gpu_mem_total_mib": 49140.0, "gpu_power_w": 93.35, "process_present": true, "process_mem_mib": 20728.0, "process_mem_share_percent": 42.18152218152218, "process_util_available": true, "process_util_backend": "nvml", "process_sm_util_percent": 21.0, "process_mem_util_percent": 3.0}
{"timestamp_unix": 1772432260.4488618, "pid": 39661, "device_index": 0, "gpu_uuid": "GPU-6f954bfd-7081-31b7-f15c-f9a174bf4d7f", "gpu_util_percent": 21.0, "gpu_mem_util_percent": 4.0, "gpu_mem_used_mib": 21215.0, "gpu_mem_total_mib": 49140.0, "gpu_power_w": 93.35, "process_present": true, "process_mem_mib": 20728.0, "process_mem_share_percent": 42.18152218152218, "process_util_available": true, "process_util_backend": "nvml", "process_sm_util_percent": null, "process_mem_util_percent": null}
{"timestamp_unix": 1772432260.739015, "pid": 39661, "device_index": 0, "gpu_uuid": "GPU-6f954bfd-7081-31b7-f15c-f9a174bf4d7f", "gpu_util_percent": 21.0, "gpu_mem_util_percent": 4.0, "gpu_mem_used_mib": 21217.0, "gpu_mem_total_mib": 49140.0, "gpu_power_w": 93.5, "process_present": true, "process_mem_mib": 20728.0, "process_mem_share_percent": 42.18152218152218, "process_util_available": true, "process_util_backend": "nvml", "process_sm_util_percent": 11.0, "process_mem_util_percent": 1.0}
{"timestamp_unix": 1772432261.0273552, "pid": 39661, "device_index": 0, "gpu_uuid": "GPU-6f954bfd-7081-31b7-f15c-f9a174bf4d7f", "gpu_util_percent": 21.0, "gpu_mem_util_percent": 4.0, "gpu_mem_used_mib": 21217.0, "gpu_mem_total_mib": 49140.0, "gpu_power_w": 93.5, "process_present": true, "process_mem_mib": 20728.0, "process_mem_share_percent": 42.18152218152218, "process_util_available": true, "process_util_backend": "nvml", "process_sm_util_percent": 21.0, "process_mem_util_percent": 3.0}
{"timestamp_unix": 1772432261.3186922, "pid": 39661, "device_index": 0, "gpu_uuid": "GPU-6f954bfd-7081-31b7-f15c-f9a174bf4d7f", "gpu_util_percent": 23.0, "gpu_mem_util_percent": 3.0, "gpu_mem_used_mib": 21217.0, "gpu_mem_total_mib": 49140.0, "gpu_power_w": 93.49, "process_present": true, "process_mem_mib": 20728.0, "process_mem_share_percent": 42.18152218152218, "process_util_available": true, "process_util_backend": "nvml", "process_sm_util_percent": 23.0, "process_mem_util_percent": 3.0}
{"timestamp_unix": 1772432261.6067603, "pid": 39661, "device_index": 0, "gpu_uuid": "GPU-6f954bfd-7081-31b7-f15c-f9a174bf4d7f", "gpu_util_percent": 23.0, "gpu_mem_util_percent": 3.0, "gpu_mem_used_mib": 21217.0, "gpu_mem_total_mib": 49140.0, "gpu_power_w": 93.49, "process_present": true, "process_mem_mib": 20728.0, "process_mem_share_percent": 42.18152218152218, "process_util_available": true, "process_util_backend": "nvml", "process_sm_util_percent": 23.0, "process_mem_util_percent": 3.0}
{"timestamp_unix": 1772432261.8952627, "pid": 39661, "device_index": 0, "gpu_uuid": "GPU-6f954bfd-7081-31b7-f15c-f9a174bf4d7f", "gpu_util_percent": 23.0, "gpu_mem_util_percent": 3.0, "gpu_mem_used_mib": 21217.0, "gpu_mem_total_mib": 49140.0, "gpu_power_w": 93.25, "process_present": true, "process_mem_mib": 20728.0, "process_mem_share_percent": 42.18152218152218, "process_util_available": true, "process_util_backend": "nvml", "process_sm_util_percent": 23.0, "process_mem_util_percent": 3.0}
{"timestamp_unix": 1772432262.185826, "pid": 39661, "device_index": 0, "gpu_uuid": "GPU-6f954bfd-7081-31b7-f15c-f9a174bf4d7f", "gpu_util_percent": 23.0, "gpu_mem_util_percent": 3.0, "gpu_mem_used_mib": 21216.0, "gpu_mem_total_mib": 49140.0, "gpu_power_w": 93.12, "process_present": true, "process_mem_mib": 20728.0, "process_mem_share_percent": 42.18152218152218, "process_util_available": true, "process_util_backend": "nvml", "process_sm_util_percent": 24.0, "process_mem_util_percent": 3.0}
{"timestamp_unix": 1772432262.488469, "pid": 39661, "device_index": 0, "gpu_uuid": "GPU-6f954bfd-7081-31b7-f15c-f9a174bf4d7f", "gpu_util_percent": 23.0, "gpu_mem_util_percent": 3.0, "gpu_mem_used_mib": 21216.0, "gpu_mem_total_mib": 49140.0, "gpu_power_w": 93.12, "process_present": true, "process_mem_mib": 20728.0, "process_mem_share_percent": 42.18152218152218, "process_util_available": true, "process_util_backend": "nvml", "process_sm_util_percent": 24.0, "process_mem_util_percent": 3.0}
{"timestamp_unix": 1772432262.7874606, "pid": 39661, "device_index": 0, "gpu_uuid": "GPU-6f954bfd-7081-31b7-f15c-f9a174bf4d7f", "gpu_util_percent": 23.0, "gpu_mem_util_percent": 3.0, "gpu_mem_used_mib": 21216.0, "gpu_mem_total_mib": 49140.0, "gpu_power_w": 93.0, "process_present": true, "process_mem_mib": 20728.0, "process_mem_share_percent": 42.18152218152218, "process_util_available": true, "process_util_backend": "nvml", "process_sm_util_percent": 23.0, "process_mem_util_percent": 3.0}
{"timestamp_unix": 1772432263.0844703, "pid": 39661, "device_index": 0, "gpu_uuid": "GPU-6f954bfd-7081-31b7-f15c-f9a174bf4d7f", "gpu_util_percent": 23.0, "gpu_mem_util_percent": 3.0, "gpu_mem_used_mib": 21216.0, "gpu_mem_total_mib": 49140.0, "gpu_power_w": 93.0, "process_present": true, "process_mem_mib": 20728.0, "process_mem_share_percent": 42.18152218152218, "process_util_available": true, "process_util_backend": "nvml", "process_sm_util_percent": 23.0, "process_mem_util_percent": 3.0}
{"timestamp_unix": 1772432263.3842995, "pid": 39661, "device_index": 0, "gpu_uuid": "GPU-6f954bfd-7081-31b7-f15c-f9a174bf4d7f", "gpu_util_percent": 22.0, "gpu_mem_util_percent": 3.0, "gpu_mem_used_mib": 21216.0, "gpu_mem_total_mib": 49140.0, "gpu_power_w": 92.87, "process_present": true, "process_mem_mib": 20728.0, "process_mem_share_percent": 42.18152218152218, "process_util_available": true, "process_util_backend": "nvml", "process_sm_util_percent": null, "process_mem_util_percent": null}
{"timestamp_unix": 1772432263.676621, "pid": 39661, "device_index": 0, "gpu_uuid": "GPU-6f954bfd-7081-31b7-f15c-f9a174bf4d7f", "gpu_util_percent": 22.0, "gpu_mem_util_percent": 3.0, "gpu_mem_used_mib": 21216.0, "gpu_mem_total_mib": 49140.0, "gpu_power_w": 92.11, "process_present": true, "process_mem_mib": 20728.0, "process_mem_share_percent": 42.18152218152218, "process_util_available": true, "process_util_backend": "nvml", "process_sm_util_percent": null, "process_mem_util_percent": null}
{"timestamp_unix": 1772432263.9665096, "pid": 39661, "device_index": 0, "gpu_uuid": "GPU-6f954bfd-7081-31b7-f15c-f9a174bf4d7f", "gpu_util_percent": 22.0, "gpu_mem_util_percent": 3.0, "gpu_mem_used_mib": 21216.0, "gpu_mem_total_mib": 49140.0, "gpu_power_w": 92.11, "process_present": true, "process_mem_mib": 20728.0, "process_mem_share_percent": 42.18152218152218, "process_util_available": true, "process_util_backend": "nvml", "process_sm_util_percent": 22.0, "process_mem_util_percent": 3.0}
{"timestamp_unix": 1772432264.2542577, "pid": 39661, "device_index": 0, "gpu_uuid": "GPU-6f954bfd-7081-31b7-f15c-f9a174bf4d7f", "gpu_util_percent": 22.0, "gpu_mem_util_percent": 4.0, "gpu_mem_used_mib": 21216.0, "gpu_mem_total_mib": 49140.0, "gpu_power_w": 92.26, "process_present": true, "process_mem_mib": 20728.0, "process_mem_share_percent": 42.18152218152218, "process_util_available": true, "process_util_backend": "nvml", "process_sm_util_percent": 22.0, "process_mem_util_percent": 3.0}
{"timestamp_unix": 1772432264.5426786, "pid": 39661, "device_index": 0, "gpu_uuid": "GPU-6f954bfd-7081-31b7-f15c-f9a174bf4d7f", "gpu_util_percent": 22.0, "gpu_mem_util_percent": 4.0, "gpu_mem_used_mib": 21216.0, "gpu_mem_total_mib": 49140.0, "gpu_power_w": 92.26, "process_present": true, "process_mem_mib": 20728.0, "process_mem_share_percent": 42.18152218152218, "process_util_available": true, "process_util_backend": "nvml", "process_sm_util_percent": 22.0, "process_mem_util_percent": 3.0}
{"timestamp_unix": 1772432264.8358126, "pid": 39661, "device_index": 0, "gpu_uuid": "GPU-6f954bfd-7081-31b7-f15c-f9a174bf4d7f", "gpu_util_percent": 22.0, "gpu_mem_util_percent": 4.0, "gpu_mem_used_mib": 21220.0, "gpu_mem_total_mib": 49140.0, "gpu_power_w": 93.07, "process_present": true, "process_mem_mib": 20728.0, "process_mem_share_percent": 42.18152218152218, "process_util_available": true, "process_util_backend": "nvml", "process_sm_util_percent": 23.0, "process_mem_util_percent": 3.0}
{"timestamp_unix": 1772432265.1247694, "pid": 39661, "device_index": 0, "gpu_uuid": "GPU-6f954bfd-7081-31b7-f15c-f9a174bf4d7f", "gpu_util_percent": 24.0, "gpu_mem_util_percent": 4.0, "gpu_mem_used_mib": 21220.0, "gpu_mem_total_mib": 49140.0, "gpu_power_w": 93.33, "process_present": true, "process_mem_mib": 20728.0, "process_mem_share_percent": 42.18152218152218, "process_util_available": true, "process_util_backend": "nvml", "process_sm_util_percent": 23.0, "process_mem_util_percent": 3.0}
{"timestamp_unix": 1772432265.4317677, "pid": 39661, "device_index": 0, "gpu_uuid": "GPU-6f954bfd-7081-31b7-f15c-f9a174bf4d7f", "gpu_util_percent": 24.0, "gpu_mem_util_percent": 4.0, "gpu_mem_used_mib": 21220.0, "gpu_mem_total_mib": 49140.0, "gpu_power_w": 93.33, "process_present": true, "process_mem_mib": 20728.0, "process_mem_share_percent": 42.18152218152218, "process_util_available": true, "process_util_backend": "nvml", "process_sm_util_percent": 23.0, "process_mem_util_percent": 3.0}
{"timestamp_unix": 1772432265.7359478, "pid": 39661, "device_index": 0, "gpu_uuid": "GPU-6f954bfd-7081-31b7-f15c-f9a174bf4d7f", "gpu_util_percent": 24.0, "gpu_mem_util_percent": 4.0, "gpu_mem_used_mib": 21780.0, "gpu_mem_total_mib": 49140.0, "gpu_power_w": 93.39, "process_present": true, "process_mem_mib": 21588.0, "process_mem_share_percent": 43.93162393162393, "process_util_available": true, "process_util_backend": "nvml", "process_sm_util_percent": 22.0, "process_mem_util_percent": 3.0}
{"timestamp_unix": 1772432266.0360427, "pid": 39661, "device_index": 0, "gpu_uuid": "GPU-6f954bfd-7081-31b7-f15c-f9a174bf4d7f", "gpu_util_percent": 24.0, "gpu_mem_util_percent": 4.0, "gpu_mem_used_mib": 23579.0, "gpu_mem_total_mib": 49140.0, "gpu_power_w": 93.39, "process_present": true, "process_mem_mib": 23328.0, "process_mem_share_percent": 47.47252747252747, "process_util_available": true, "process_util_backend": "nvml", "process_sm_util_percent": 22.0, "process_mem_util_percent": 3.0}
{"timestamp_unix": 1772432266.3403063, "pid": 39661, "device_index": 0, "gpu_uuid": "GPU-6f954bfd-7081-31b7-f15c-f9a174bf4d7f", "gpu_util_percent": 21.0, "gpu_mem_util_percent": 3.0, "gpu_mem_used_mib": 25239.0, "gpu_mem_total_mib": 49140.0, "gpu_power_w": 93.03, "process_present": true, "process_mem_mib": 25028.0, "process_mem_share_percent": 50.93203093203093, "process_util_available": true, "process_util_backend": "nvml", "process_sm_util_percent": 22.0, "process_mem_util_percent": 3.0}
{"timestamp_unix": 1772432266.6409802, "pid": 39661, "device_index": 0, "gpu_uuid": "GPU-6f954bfd-7081-31b7-f15c-f9a174bf4d7f", "gpu_util_percent": 21.0, "gpu_mem_util_percent": 3.0, "gpu_mem_used_mib": 26319.0, "gpu_mem_total_mib": 49140.0, "gpu_power_w": 92.22, "process_present": true, "process_mem_mib": 25828.0, "process_mem_share_percent": 52.56003256003255, "process_util_available": true, "process_util_backend": "nvml", "process_sm_util_percent": null, "process_mem_util_percent": null}
{"timestamp_unix": 1772432266.9288106, "pid": 39661, "device_index": 0, "gpu_uuid": "GPU-6f954bfd-7081-31b7-f15c-f9a174bf4d7f", "gpu_util_percent": 21.0, "gpu_mem_util_percent": 3.0, "gpu_mem_used_mib": 26339.0, "gpu_mem_total_mib": 49140.0, "gpu_power_w": 92.22, "process_present": true, "process_mem_mib": 25848.0, "process_mem_share_percent": 52.600732600732606, "process_util_available": true, "process_util_backend": "nvml", "process_sm_util_percent": 11.0, "process_mem_util_percent": 1.0}
{"timestamp_unix": 1772432267.2207928, "pid": 39661, "device_index": 0, "gpu_uuid": "GPU-6f954bfd-7081-31b7-f15c-f9a174bf4d7f", "gpu_util_percent": 23.0, "gpu_mem_util_percent": 4.0, "gpu_mem_used_mib": 26339.0, "gpu_mem_total_mib": 49140.0, "gpu_power_w": 90.33, "process_present": true, "process_mem_mib": 25848.0, "process_mem_share_percent": 52.600732600732606, "process_util_available": true, "process_util_backend": "nvml", "process_sm_util_percent": 23.0, "process_mem_util_percent": 3.0}
{"timestamp_unix": 1772432267.5101793, "pid": 39661, "device_index": 0, "gpu_uuid": "GPU-6f954bfd-7081-31b7-f15c-f9a174bf4d7f", "gpu_util_percent": 23.0, "gpu_mem_util_percent": 4.0, "gpu_mem_used_mib": 26339.0, "gpu_mem_total_mib": 49140.0, "gpu_power_w": 90.33, "process_present": true, "process_mem_mib": 25848.0, "process_mem_share_percent": 52.600732600732606, "process_util_available": true, "process_util_backend": "nvml", "process_sm_util_percent": 23.0, "process_mem_util_percent": 3.0}
{"timestamp_unix": 1772432267.8017113, "pid": 39661, "device_index": 0, "gpu_uuid": "GPU-6f954bfd-7081-31b7-f15c-f9a174bf4d7f", "gpu_util_percent": 23.0, "gpu_mem_util_percent": 4.0, "gpu_mem_used_mib": 26339.0, "gpu_mem_total_mib": 49140.0, "gpu_power_w": 90.81, "process_present": true, "process_mem_mib": 25848.0, "process_mem_share_percent": 52.600732600732606, "process_util_available": true, "process_util_backend": "nvml", "process_sm_util_percent": 24.0, "process_mem_util_percent": 3.0}
{"timestamp_unix": 1772432268.0904024, "pid": 39661, "device_index": 0, "gpu_uuid": "GPU-6f954bfd-7081-31b7-f15c-f9a174bf4d7f", "gpu_util_percent": 23.0, "gpu_mem_util_percent": 4.0, "gpu_mem_used_mib": 26339.0, "gpu_mem_total_mib": 49140.0, "gpu_power_w": 90.81, "process_present": true, "process_mem_mib": 25848.0, "process_mem_share_percent": 52.600732600732606, "process_util_available": true, "process_util_backend": "nvml", "process_sm_util_percent": 23.0, "process_mem_util_percent": 3.0}
{"timestamp_unix": 1772432268.395587, "pid": 39661, "device_index": 0, "gpu_uuid": "GPU-6f954bfd-7081-31b7-f15c-f9a174bf4d7f", "gpu_util_percent": 23.0, "gpu_mem_util_percent": 4.0, "gpu_mem_used_mib": 26339.0, "gpu_mem_total_mib": 49140.0, "gpu_power_w": 93.4, "process_present": true, "process_mem_mib": 25848.0, "process_mem_share_percent": 52.600732600732606, "process_util_available": true, "process_util_backend": "nvml", "process_sm_util_percent": 25.0, "process_mem_util_percent": 3.0}
{"timestamp_unix": 1772432268.6979566, "pid": 39661, "device_index": 0, "gpu_uuid": "GPU-6f954bfd-7081-31b7-f15c-f9a174bf4d7f", "gpu_util_percent": 23.0, "gpu_mem_util_percent": 4.0, "gpu_mem_used_mib": 26339.0, "gpu_mem_total_mib": 49140.0, "gpu_power_w": 93.46, "process_present": true, "process_mem_mib": 25848.0, "process_mem_share_percent": 52.600732600732606, "process_util_available": true, "process_util_backend": "nvml", "process_sm_util_percent": 24.0, "process_mem_util_percent": 3.0}
{"timestamp_unix": 1772432268.9989293, "pid": 39661, "device_index": 0, "gpu_uuid": "GPU-6f954bfd-7081-31b7-f15c-f9a174bf4d7f", "gpu_util_percent": 23.0, "gpu_mem_util_percent": 4.0, "gpu_mem_used_mib": 26339.0, "gpu_mem_total_mib": 49140.0, "gpu_power_w": 93.46, "process_present": true, "process_mem_mib": 25848.0, "process_mem_share_percent": 52.600732600732606, "process_util_available": true, "process_util_backend": "nvml", "process_sm_util_percent": 24.0, "process_mem_util_percent": 3.0}
{"timestamp_unix": 1772432269.2896366, "pid": 39661, "device_index": 0, "gpu_uuid": "GPU-6f954bfd-7081-31b7-f15c-f9a174bf4d7f", "gpu_util_percent": 24.0, "gpu_mem_util_percent": 3.0, "gpu_mem_used_mib": 26339.0, "gpu_mem_total_mib": 49140.0, "gpu_power_w": 93.47, "process_present": true, "process_mem_mib": 25848.0, "process_mem_share_percent": 52.600732600732606, "process_util_available": true, "process_util_backend": "nvml", "process_sm_util_percent": 25.0, "process_mem_util_percent": 3.0}
{"timestamp_unix": 1772432269.5781996, "pid": 39661, "device_index": 0, "gpu_uuid": "GPU-6f954bfd-7081-31b7-f15c-f9a174bf4d7f", "gpu_util_percent": 24.0, "gpu_mem_util_percent": 3.0, "gpu_mem_used_mib": 26339.0, "gpu_mem_total_mib": 49140.0, "gpu_power_w": 93.47, "process_present": true, "process_mem_mib": 25848.0, "process_mem_share_percent": 52.600732600732606, "process_util_available": true, "process_util_backend": "nvml", "process_sm_util_percent": 24.0, "process_mem_util_percent": 3.0}
{"timestamp_unix": 1772432269.8715801, "pid": 39661, "device_index": 0, "gpu_uuid": "GPU-6f954bfd-7081-31b7-f15c-f9a174bf4d7f", "gpu_util_percent": 24.0, "gpu_mem_util_percent": 3.0, "gpu_mem_used_mib": 26339.0, "gpu_mem_total_mib": 49140.0, "gpu_power_w": 93.4, "process_present": true, "process_mem_mib": 25848.0, "process_mem_share_percent": 52.600732600732606, "process_util_available": true, "process_util_backend": "nvml", "process_sm_util_percent": 24.0, "process_mem_util_percent": 3.0}
{"timestamp_unix": 1772432270.1613894, "pid": 39661, "device_index": 0, "gpu_uuid": "GPU-6f954bfd-7081-31b7-f15c-f9a174bf4d7f", "gpu_util_percent": 23.0, "gpu_mem_util_percent": 3.0, "gpu_mem_used_mib": 26339.0, "gpu_mem_total_mib": 49140.0, "gpu_power_w": 93.26, "process_present": true, "process_mem_mib": 25848.0, "process_mem_share_percent": 52.600732600732606, "process_util_available": true, "process_util_backend": "nvml", "process_sm_util_percent": 24.0, "process_mem_util_percent": 3.0}
{"timestamp_unix": 1772432270.4522886, "pid": 39661, "device_index": 0, "gpu_uuid": "GPU-6f954bfd-7081-31b7-f15c-f9a174bf4d7f", "gpu_util_percent": 23.0, "gpu_mem_util_percent": 3.0, "gpu_mem_used_mib": 26339.0, "gpu_mem_total_mib": 49140.0, "gpu_power_w": 93.26, "process_present": true, "process_mem_mib": 25848.0, "process_mem_share_percent": 52.600732600732606, "process_util_available": true, "process_util_backend": "nvml", "process_sm_util_percent": 24.0, "process_mem_util_percent": 3.0}
{"timestamp_unix": 1772432270.740722, "pid": 39661, "device_index": 0, "gpu_uuid": "GPU-6f954bfd-7081-31b7-f15c-f9a174bf4d7f", "gpu_util_percent": 23.0, "gpu_mem_util_percent": 3.0, "gpu_mem_used_mib": 26339.0, "gpu_mem_total_mib": 49140.0, "gpu_power_w": 93.19, "process_present": true, "process_mem_mib": 25848.0, "process_mem_share_percent": 52.600732600732606, "process_util_available": true, "process_util_backend": "nvml", "process_sm_util_percent": 23.0, "process_mem_util_percent": 3.0}
{"timestamp_unix": 1772432271.0453753, "pid": 39661, "device_index": 0, "gpu_uuid": "GPU-6f954bfd-7081-31b7-f15c-f9a174bf4d7f", "gpu_util_percent": 23.0, "gpu_mem_util_percent": 3.0, "gpu_mem_used_mib": 26339.0, "gpu_mem_total_mib": 49140.0, "gpu_power_w": 93.19, "process_present": true, "process_mem_mib": 25848.0, "process_mem_share_percent": 52.600732600732606, "process_util_available": true, "process_util_backend": "nvml", "process_sm_util_percent": 23.0, "process_mem_util_percent": 3.0}
{"timestamp_unix": 1772432271.351213, "pid": 39661, "device_index": 0, "gpu_uuid": "GPU-6f954bfd-7081-31b7-f15c-f9a174bf4d7f", "gpu_util_percent": 23.0, "gpu_mem_util_percent": 4.0, "gpu_mem_used_mib": 26339.0, "gpu_mem_total_mib": 49140.0, "gpu_power_w": 93.11, "process_present": true, "process_mem_mib": 25848.0, "process_mem_share_percent": 52.600732600732606, "process_util_available": true, "process_util_backend": "nvml", "process_sm_util_percent": 24.0, "process_mem_util_percent": 3.0}
{"timestamp_unix": 1772432271.664333, "pid": 39661, "device_index": 0, "gpu_uuid": "GPU-6f954bfd-7081-31b7-f15c-f9a174bf4d7f", "gpu_util_percent": 23.0, "gpu_mem_util_percent": 4.0, "gpu_mem_used_mib": 26339.0, "gpu_mem_total_mib": 49140.0, "gpu_power_w": 93.0, "process_present": true, "process_mem_mib": 25848.0, "process_mem_share_percent": 52.600732600732606, "process_util_available": true, "process_util_backend": "nvml", "process_sm_util_percent": null, "process_mem_util_percent": null}
{"timestamp_unix": 1772432271.9577696, "pid": 39661, "device_index": 0, "gpu_uuid": "GPU-6f954bfd-7081-31b7-f15c-f9a174bf4d7f", "gpu_util_percent": 23.0, "gpu_mem_util_percent": 4.0, "gpu_mem_used_mib": 26339.0, "gpu_mem_total_mib": 49140.0, "gpu_power_w": 93.0, "process_present": true, "process_mem_mib": 25848.0, "process_mem_share_percent": 52.600732600732606, "process_util_available": true, "process_util_backend": "nvml", "process_sm_util_percent": 21.0, "process_mem_util_percent": 2.0}
{"timestamp_unix": 1772432272.2527442, "pid": 39661, "device_index": 0, "gpu_uuid": "GPU-6f954bfd-7081-31b7-f15c-f9a174bf4d7f", "gpu_util_percent": 24.0, "gpu_mem_util_percent": 4.0, "gpu_mem_used_mib": 26339.0, "gpu_mem_total_mib": 49140.0, "gpu_power_w": 92.64, "process_present": true, "process_mem_mib": 25848.0, "process_mem_share_percent": 52.600732600732606, "process_util_available": true, "process_util_backend": "nvml", "process_sm_util_percent": 23.0, "process_mem_util_percent": 3.0}
{"timestamp_unix": 1772432272.5434961, "pid": 39661, "device_index": 0, "gpu_uuid": "GPU-6f954bfd-7081-31b7-f15c-f9a174bf4d7f", "gpu_util_percent": 24.0, "gpu_mem_util_percent": 4.0, "gpu_mem_used_mib": 26339.0, "gpu_mem_total_mib": 49140.0, "gpu_power_w": 92.64, "process_present": true, "process_mem_mib": 25848.0, "process_mem_share_percent": 52.600732600732606, "process_util_available": true, "process_util_backend": "nvml", "process_sm_util_percent": 22.0, "process_mem_util_percent": 3.0}
{"timestamp_unix": 1772432272.837982, "pid": 39661, "device_index": 0, "gpu_uuid": "GPU-6f954bfd-7081-31b7-f15c-f9a174bf4d7f", "gpu_util_percent": 24.0, "gpu_mem_util_percent": 4.0, "gpu_mem_used_mib": 26339.0, "gpu_mem_total_mib": 49140.0, "gpu_power_w": 92.91, "process_present": true, "process_mem_mib": 25848.0, "process_mem_share_percent": 52.600732600732606, "process_util_available": true, "process_util_backend": "nvml", "process_sm_util_percent": 22.0, "process_mem_util_percent": 3.0}
{"timestamp_unix": 1772432273.1298084, "pid": 39661, "device_index": 0, "gpu_uuid": "GPU-6f954bfd-7081-31b7-f15c-f9a174bf4d7f", "gpu_util_percent": 24.0, "gpu_mem_util_percent": 4.0, "gpu_mem_used_mib": 26339.0, "gpu_mem_total_mib": 49140.0, "gpu_power_w": 93.9, "process_present": true, "process_mem_mib": 25848.0, "process_mem_share_percent": 52.600732600732606, "process_util_available": true, "process_util_backend": "nvml", "process_sm_util_percent": 23.0, "process_mem_util_percent": 3.0}
{"timestamp_unix": 1772432273.423787, "pid": 39661, "device_index": 0, "gpu_uuid": "GPU-6f954bfd-7081-31b7-f15c-f9a174bf4d7f", "gpu_util_percent": 24.0, "gpu_mem_util_percent": 4.0, "gpu_mem_used_mib": 26339.0, "gpu_mem_total_mib": 49140.0, "gpu_power_w": 93.9, "process_present": true, "process_mem_mib": 25848.0, "process_mem_share_percent": 52.600732600732606, "process_util_available": true, "process_util_backend": "nvml", "process_sm_util_percent": 23.0, "process_mem_util_percent": 4.0}
{"timestamp_unix": 1772432273.9302444, "pid": 39661, "device_index": 0, "gpu_uuid": "GPU-6f954bfd-7081-31b7-f15c-f9a174bf4d7f", "gpu_util_percent": 24.0, "gpu_mem_util_percent": 4.0, "gpu_mem_used_mib": 26339.0, "gpu_mem_total_mib": 49140.0, "gpu_power_w": 93.95, "process_present": true, "process_mem_mib": 25848.0, "process_mem_share_percent": 52.600732600732606, "process_util_available": true, "process_util_backend": "nvml", "process_sm_util_percent": 13.0, "process_mem_util_percent": 1.0}
{"timestamp_unix": 1772432274.2361794, "pid": 39661, "device_index": 0, "gpu_uuid": "GPU-6f954bfd-7081-31b7-f15c-f9a174bf4d7f", "gpu_util_percent": 25.0, "gpu_mem_util_percent": 4.0, "gpu_mem_used_mib": 26339.0, "gpu_mem_total_mib": 49140.0, "gpu_power_w": 91.99, "process_present": true, "process_mem_mib": 25848.0, "process_mem_share_percent": 52.600732600732606, "process_util_available": true, "process_util_backend": "nvml", "process_sm_util_percent": 24.0, "process_mem_util_percent": 4.0}
{"timestamp_unix": 1772432274.5361211, "pid": 39661, "device_index": 0, "gpu_uuid": "GPU-6f954bfd-7081-31b7-f15c-f9a174bf4d7f", "gpu_util_percent": 25.0, "gpu_mem_util_percent": 4.0, "gpu_mem_used_mib": 26339.0, "gpu_mem_total_mib": 49140.0, "gpu_power_w": 91.99, "process_present": true, "process_mem_mib": 25948.0, "process_mem_share_percent": 52.80423280423281, "process_util_available": true, "process_util_backend": "nvml", "process_sm_util_percent": 23.0, "process_mem_util_percent": 4.0}
{"timestamp_unix": 1772432274.827348, "pid": 39661, "device_index": 0, "gpu_uuid": "GPU-6f954bfd-7081-31b7-f15c-f9a174bf4d7f", "gpu_util_percent": 25.0, "gpu_mem_util_percent": 4.0, "gpu_mem_used_mib": 28375.0, "gpu_mem_total_mib": 49140.0, "gpu_power_w": 92.05, "process_present": true, "process_mem_mib": 28228.0, "process_mem_share_percent": 57.44403744403744, "process_util_available": true, "process_util_backend": "nvml", "process_sm_util_percent": 22.0, "process_mem_util_percent": 3.0}
{"timestamp_unix": 1772432275.1210542, "pid": 39661, "device_index": 0, "gpu_uuid": "GPU-6f954bfd-7081-31b7-f15c-f9a174bf4d7f", "gpu_util_percent": 25.0, "gpu_mem_util_percent": 4.0, "gpu_mem_used_mib": 30035.0, "gpu_mem_total_mib": 49140.0, "gpu_power_w": 92.05, "process_present": true, "process_mem_mib": 29548.0, "process_mem_share_percent": 60.13024013024013, "process_util_available": true, "process_util_backend": "nvml", "process_sm_util_percent": 11.0, "process_mem_util_percent": 1.0}
{"timestamp_unix": 1772432275.412222, "pid": 39661, "device_index": 0, "gpu_uuid": "GPU-6f954bfd-7081-31b7-f15c-f9a174bf4d7f", "gpu_util_percent": 20.0, "gpu_mem_util_percent": 3.0, "gpu_mem_used_mib": 30054.0, "gpu_mem_total_mib": 49140.0, "gpu_power_w": 93.32, "process_present": true, "process_mem_mib": 29568.0, "process_mem_share_percent": 60.17094017094017, "process_util_available": true, "process_util_backend": "nvml", "process_sm_util_percent": 16.0, "process_mem_util_percent": 1.0}
{"timestamp_unix": 1772432275.7063584, "pid": 39661, "device_index": 0, "gpu_uuid": "GPU-6f954bfd-7081-31b7-f15c-f9a174bf4d7f", "gpu_util_percent": 20.0, "gpu_mem_util_percent": 3.0, "gpu_mem_used_mib": 30055.0, "gpu_mem_total_mib": 49140.0, "gpu_power_w": 91.17, "process_present": true, "process_mem_mib": 29568.0, "process_mem_share_percent": 60.17094017094017, "process_util_available": true, "process_util_backend": "nvml", "process_sm_util_percent": null, "process_mem_util_percent": null}
{"timestamp_unix": 1772432276.0011816, "pid": 39661, "device_index": 0, "gpu_uuid": "GPU-6f954bfd-7081-31b7-f15c-f9a174bf4d7f", "gpu_util_percent": 20.0, "gpu_mem_util_percent": 3.0, "gpu_mem_used_mib": 30057.0, "gpu_mem_total_mib": 49140.0, "gpu_power_w": 91.17, "process_present": true, "process_mem_mib": 29568.0, "process_mem_share_percent": 60.17094017094017, "process_util_available": true, "process_util_backend": "nvml", "process_sm_util_percent": null, "process_mem_util_percent": null}
{"timestamp_unix": 1772432276.2902417, "pid": 39661, "device_index": 0, "gpu_uuid": "GPU-6f954bfd-7081-31b7-f15c-f9a174bf4d7f", "gpu_util_percent": 24.0, "gpu_mem_util_percent": 3.0, "gpu_mem_used_mib": 30057.0, "gpu_mem_total_mib": 49140.0, "gpu_power_w": 91.5, "process_present": true, "process_mem_mib": 29568.0, "process_mem_share_percent": 60.17094017094017, "process_util_available": true, "process_util_backend": "nvml", "process_sm_util_percent": null, "process_mem_util_percent": null}
{"timestamp_unix": 1772432276.5969756, "pid": 39661, "device_index": 0, "gpu_uuid": "GPU-6f954bfd-7081-31b7-f15c-f9a174bf4d7f", "gpu_util_percent": 24.0, "gpu_mem_util_percent": 3.0, "gpu_mem_used_mib": 30057.0, "gpu_mem_total_mib": 49140.0, "gpu_power_w": 91.5, "process_present": true, "process_mem_mib": 29568.0, "process_mem_share_percent": 60.17094017094017, "process_util_available": true, "process_util_backend": "nvml", "process_sm_util_percent": 24.0, "process_mem_util_percent": 3.0}
{"timestamp_unix": 1772432276.9033234, "pid": 39661, "device_index": 0, "gpu_uuid": "GPU-6f954bfd-7081-31b7-f15c-f9a174bf4d7f", "gpu_util_percent": 24.0, "gpu_mem_util_percent": 3.0, "gpu_mem_used_mib": 30057.0, "gpu_mem_total_mib": 49140.0, "gpu_power_w": 93.57, "process_present": true, "process_mem_mib": 29568.0, "process_mem_share_percent": 60.17094017094017, "process_util_available": true, "process_util_backend": "nvml", "process_sm_util_percent": 24.0, "process_mem_util_percent": 3.0}
{"timestamp_unix": 1772432277.2082067, "pid": 39661, "device_index": 0, "gpu_uuid": "GPU-6f954bfd-7081-31b7-f15c-f9a174bf4d7f", "gpu_util_percent": 24.0, "gpu_mem_util_percent": 3.0, "gpu_mem_used_mib": 30056.0, "gpu_mem_total_mib": 49140.0, "gpu_power_w": 93.58, "process_present": true, "process_mem_mib": 29568.0, "process_mem_share_percent": 60.17094017094017, "process_util_available": true, "process_util_backend": "nvml", "process_sm_util_percent": 24.0, "process_mem_util_percent": 3.0}
{"timestamp_unix": 1772432277.5021787, "pid": 39661, "device_index": 0, "gpu_uuid": "GPU-6f954bfd-7081-31b7-f15c-f9a174bf4d7f", "gpu_util_percent": 24.0, "gpu_mem_util_percent": 3.0, "gpu_mem_used_mib": 30056.0, "gpu_mem_total_mib": 49140.0, "gpu_power_w": 93.58, "process_present": true, "process_mem_mib": 29568.0, "process_mem_share_percent": 60.17094017094017, "process_util_available": true, "process_util_backend": "nvml", "process_sm_util_percent": 24.0, "process_mem_util_percent": 3.0}
{"timestamp_unix": 1772432277.791956, "pid": 39661, "device_index": 0, "gpu_uuid": "GPU-6f954bfd-7081-31b7-f15c-f9a174bf4d7f", "gpu_util_percent": 24.0, "gpu_mem_util_percent": 3.0, "gpu_mem_used_mib": 30056.0, "gpu_mem_total_mib": 49140.0, "gpu_power_w": 93.63, "process_present": true, "process_mem_mib": 29568.0, "process_mem_share_percent": 60.17094017094017, "process_util_available": true, "process_util_backend": "nvml", "process_sm_util_percent": 24.0, "process_mem_util_percent": 3.0}
{"timestamp_unix": 1772432278.0846462, "pid": 39661, "device_index": 0, "gpu_uuid": "GPU-6f954bfd-7081-31b7-f15c-f9a174bf4d7f", "gpu_util_percent": 24.0, "gpu_mem_util_percent": 3.0, "gpu_mem_used_mib": 30056.0, "gpu_mem_total_mib": 49140.0, "gpu_power_w": 93.63, "process_present": true, "process_mem_mib": 29568.0, "process_mem_share_percent": 60.17094017094017, "process_util_available": true, "process_util_backend": "nvml", "process_sm_util_percent": 24.0, "process_mem_util_percent": 3.0}
{"timestamp_unix": 1772432278.374149, "pid": 39661, "device_index": 0, "gpu_uuid": "GPU-6f954bfd-7081-31b7-f15c-f9a174bf4d7f", "gpu_util_percent": 23.0, "gpu_mem_util_percent": 3.0, "gpu_mem_used_mib": 30056.0, "gpu_mem_total_mib": 49140.0, "gpu_power_w": 93.7, "process_present": true, "process_mem_mib": 29568.0, "process_mem_share_percent": 60.17094017094017, "process_util_available": true, "process_util_backend": "nvml", "process_sm_util_percent": 24.0, "process_mem_util_percent": 3.0}
{"timestamp_unix": 1772432278.6692948, "pid": 39661, "device_index": 0, "gpu_uuid": "GPU-6f954bfd-7081-31b7-f15c-f9a174bf4d7f", "gpu_util_percent": 23.0, "gpu_mem_util_percent": 3.0, "gpu_mem_used_mib": 30056.0, "gpu_mem_total_mib": 49140.0, "gpu_power_w": 93.58, "process_present": true, "process_mem_mib": 29568.0, "process_mem_share_percent": 60.17094017094017, "process_util_available": true, "process_util_backend": "nvml", "process_sm_util_percent": 23.0, "process_mem_util_percent": 3.0}
{"timestamp_unix": 1772432278.9581466, "pid": 39661, "device_index": 0, "gpu_uuid": "GPU-6f954bfd-7081-31b7-f15c-f9a174bf4d7f", "gpu_util_percent": 23.0, "gpu_mem_util_percent": 3.0, "gpu_mem_used_mib": 30056.0, "gpu_mem_total_mib": 49140.0, "gpu_power_w": 93.58, "process_present": true, "process_mem_mib": 29568.0, "process_mem_share_percent": 60.17094017094017, "process_util_available": true, "process_util_backend": "nvml", "process_sm_util_percent": 24.0, "process_mem_util_percent": 3.0}
{"timestamp_unix": 1772432279.2691798, "pid": 39661, "device_index": 0, "gpu_uuid": "GPU-6f954bfd-7081-31b7-f15c-f9a174bf4d7f", "gpu_util_percent": 23.0, "gpu_mem_util_percent": 4.0, "gpu_mem_used_mib": 30056.0, "gpu_mem_total_mib": 49140.0, "gpu_power_w": 93.49, "process_present": true, "process_mem_mib": 29568.0, "process_mem_share_percent": 60.17094017094017, "process_util_available": true, "process_util_backend": "nvml", "process_sm_util_percent": 25.0, "process_mem_util_percent": 3.0}
{"timestamp_unix": 1772432279.5686336, "pid": 39661, "device_index": 0, "gpu_uuid": "GPU-6f954bfd-7081-31b7-f15c-f9a174bf4d7f", "gpu_util_percent": 23.0, "gpu_mem_util_percent": 4.0, "gpu_mem_used_mib": 30056.0, "gpu_mem_total_mib": 49140.0, "gpu_power_w": 93.49, "process_present": true, "process_mem_mib": 29568.0, "process_mem_share_percent": 60.17094017094017, "process_util_available": true, "process_util_backend": "nvml", "process_sm_util_percent": 24.0, "process_mem_util_percent": 3.0}
{"timestamp_unix": 1772432279.8689818, "pid": 39661, "device_index": 0, "gpu_uuid": "GPU-6f954bfd-7081-31b7-f15c-f9a174bf4d7f", "gpu_util_percent": 23.0, "gpu_mem_util_percent": 4.0, "gpu_mem_used_mib": 30056.0, "gpu_mem_total_mib": 49140.0, "gpu_power_w": 93.53, "process_present": true, "process_mem_mib": 29568.0, "process_mem_share_percent": 60.17094017094017, "process_util_available": true, "process_util_backend": "nvml", "process_sm_util_percent": 24.0, "process_mem_util_percent": 3.0}
{"timestamp_unix": 1772432280.1617677, "pid": 39661, "device_index": 0, "gpu_uuid": "GPU-6f954bfd-7081-31b7-f15c-f9a174bf4d7f", "gpu_util_percent": 24.0, "gpu_mem_util_percent": 3.0, "gpu_mem_used_mib": 30056.0, "gpu_mem_total_mib": 49140.0, "gpu_power_w": 93.52, "process_present": true, "process_mem_mib": 29568.0, "process_mem_share_percent": 60.17094017094017, "process_util_available": true, "process_util_backend": "nvml", "process_sm_util_percent": 12.0, "process_mem_util_percent": 1.0}
{"timestamp_unix": 1772432280.45299, "pid": 39661, "device_index": 0, "gpu_uuid": "GPU-6f954bfd-7081-31b7-f15c-f9a174bf4d7f", "gpu_util_percent": 24.0, "gpu_mem_util_percent": 3.0, "gpu_mem_used_mib": 30056.0, "gpu_mem_total_mib": 49140.0, "gpu_power_w": 93.52, "process_present": true, "process_mem_mib": 29568.0, "process_mem_share_percent": 60.17094017094017, "process_util_available": true, "process_util_backend": "nvml", "process_sm_util_percent": 20.0, "process_mem_util_percent": 3.0}
{"timestamp_unix": 1772432280.743155, "pid": 39661, "device_index": 0, "gpu_uuid": "GPU-6f954bfd-7081-31b7-f15c-f9a174bf4d7f", "gpu_util_percent": 24.0, "gpu_mem_util_percent": 3.0, "gpu_mem_used_mib": 30056.0, "gpu_mem_total_mib": 49140.0, "gpu_power_w": 92.61, "process_present": true, "process_mem_mib": 29568.0, "process_mem_share_percent": 60.17094017094017, "process_util_available": true, "process_util_backend": "nvml", "process_sm_util_percent": 21.0, "process_mem_util_percent": 3.0}
{"timestamp_unix": 1772432281.0364404, "pid": 39661, "device_index": 0, "gpu_uuid": "GPU-6f954bfd-7081-31b7-f15c-f9a174bf4d7f", "gpu_util_percent": 24.0, "gpu_mem_util_percent": 3.0, "gpu_mem_used_mib": 30054.0, "gpu_mem_total_mib": 49140.0, "gpu_power_w": 92.61, "process_present": true, "process_mem_mib": 29568.0, "process_mem_share_percent": 60.17094017094017, "process_util_available": true, "process_util_backend": "nvml", "process_sm_util_percent": 20.0, "process_mem_util_percent": 4.0}
{"timestamp_unix": 1772432281.326568, "pid": 39661, "device_index": 0, "gpu_uuid": "GPU-6f954bfd-7081-31b7-f15c-f9a174bf4d7f", "gpu_util_percent": 20.0, "gpu_mem_util_percent": 4.0, "gpu_mem_used_mib": 30054.0, "gpu_mem_total_mib": 49140.0, "gpu_power_w": 92.92, "process_present": true, "process_mem_mib": 29568.0, "process_mem_share_percent": 60.17094017094017, "process_util_available": true, "process_util_backend": "nvml", "process_sm_util_percent": 21.0, "process_mem_util_percent": 4.0}
{"timestamp_unix": 1772432281.6188352, "pid": 39661, "device_index": 0, "gpu_uuid": "GPU-6f954bfd-7081-31b7-f15c-f9a174bf4d7f", "gpu_util_percent": 20.0, "gpu_mem_util_percent": 4.0, "gpu_mem_used_mib": 30054.0, "gpu_mem_total_mib": 49140.0, "gpu_power_w": 92.92, "process_present": true, "process_mem_mib": 29568.0, "process_mem_share_percent": 60.17094017094017, "process_util_available": true, "process_util_backend": "nvml", "process_sm_util_percent": 19.0, "process_mem_util_percent": 4.0}
{"timestamp_unix": 1772432281.9175177, "pid": 39661, "device_index": 0, "gpu_uuid": "GPU-6f954bfd-7081-31b7-f15c-f9a174bf4d7f", "gpu_util_percent": 20.0, "gpu_mem_util_percent": 4.0, "gpu_mem_used_mib": 30054.0, "gpu_mem_total_mib": 49140.0, "gpu_power_w": 94.3, "process_present": true, "process_mem_mib": 29568.0, "process_mem_share_percent": 60.17094017094017, "process_util_available": true, "process_util_backend": "nvml", "process_sm_util_percent": 19.0, "process_mem_util_percent": 4.0}
{"timestamp_unix": 1772432282.2192256, "pid": 39661, "device_index": 0, "gpu_uuid": "GPU-6f954bfd-7081-31b7-f15c-f9a174bf4d7f", "gpu_util_percent": 20.0, "gpu_mem_util_percent": 5.0, "gpu_mem_used_mib": 30054.0, "gpu_mem_total_mib": 49140.0, "gpu_power_w": 94.59, "process_present": true, "process_mem_mib": 29568.0, "process_mem_share_percent": 60.17094017094017, "process_util_available": true, "process_util_backend": "nvml", "process_sm_util_percent": 19.0, "process_mem_util_percent": 4.0}
{"timestamp_unix": 1772432282.5176713, "pid": 39661, "device_index": 0, "gpu_uuid": "GPU-6f954bfd-7081-31b7-f15c-f9a174bf4d7f", "gpu_util_percent": 20.0, "gpu_mem_util_percent": 5.0, "gpu_mem_used_mib": 30054.0, "gpu_mem_total_mib": 49140.0, "gpu_power_w": 94.59, "process_present": true, "process_mem_mib": 29568.0, "process_mem_share_percent": 60.17094017094017, "process_util_available": true, "process_util_backend": "nvml", "process_sm_util_percent": 21.0, "process_mem_util_percent": 4.0}
{"timestamp_unix": 1772432282.8079603, "pid": 39661, "device_index": 0, "gpu_uuid": "GPU-6f954bfd-7081-31b7-f15c-f9a174bf4d7f", "gpu_util_percent": 20.0, "gpu_mem_util_percent": 5.0, "gpu_mem_used_mib": 31514.0, "gpu_mem_total_mib": 49140.0, "gpu_power_w": 94.69, "process_present": true, "process_mem_mib": 31368.0, "process_mem_share_percent": 63.83394383394383, "process_util_available": true, "process_util_backend": "nvml", "process_sm_util_percent": 21.0, "process_mem_util_percent": 4.0}
{"timestamp_unix": 1772432283.1031122, "pid": 39661, "device_index": 0, "gpu_uuid": "GPU-6f954bfd-7081-31b7-f15c-f9a174bf4d7f", "gpu_util_percent": 20.0, "gpu_mem_util_percent": 5.0, "gpu_mem_used_mib": 33914.0, "gpu_mem_total_mib": 49140.0, "gpu_power_w": 94.69, "process_present": true, "process_mem_mib": 33748.0, "process_mem_share_percent": 68.67724867724868, "process_util_available": true, "process_util_backend": "nvml", "process_sm_util_percent": 20.0, "process_mem_util_percent": 3.0}
{"timestamp_unix": 1772432283.3942573, "pid": 39661, "device_index": 0, "gpu_uuid": "GPU-6f954bfd-7081-31b7-f15c-f9a174bf4d7f", "gpu_util_percent": 23.0, "gpu_mem_util_percent": 4.0, "gpu_mem_used_mib": 36313.0, "gpu_mem_total_mib": 49140.0, "gpu_power_w": 94.09, "process_present": true, "process_mem_mib": 36068.0, "process_mem_share_percent": 73.3984533984534, "process_util_available": true, "process_util_backend": "nvml", "process_sm_util_percent": 22.0, "process_mem_util_percent": 4.0}
{"timestamp_unix": 1772432283.6934648, "pid": 39661, "device_index": 0, "gpu_uuid": "GPU-6f954bfd-7081-31b7-f15c-f9a174bf4d7f", "gpu_util_percent": 23.0, "gpu_mem_util_percent": 4.0, "gpu_mem_used_mib": 36553.0, "gpu_mem_total_mib": 49140.0, "gpu_power_w": 92.42, "process_present": true, "process_mem_mib": 36088.0, "process_mem_share_percent": 73.43915343915344, "process_util_available": true, "process_util_backend": "nvml", "process_sm_util_percent": 16.0, "process_mem_util_percent": 2.0}
{"timestamp_unix": 1772432283.985937, "pid": 39661, "device_index": 0, "gpu_uuid": "GPU-6f954bfd-7081-31b7-f15c-f9a174bf4d7f", "gpu_util_percent": 23.0, "gpu_mem_util_percent": 4.0, "gpu_mem_used_mib": 36573.0, "gpu_mem_total_mib": 49140.0, "gpu_power_w": 92.42, "process_present": true, "process_mem_mib": 36088.0, "process_mem_share_percent": 73.43915343915344, "process_util_available": true, "process_util_backend": "nvml", "process_sm_util_percent": 20.0, "process_mem_util_percent": 2.0}
{"timestamp_unix": 1772432284.2761958, "pid": 39661, "device_index": 0, "gpu_uuid": "GPU-6f954bfd-7081-31b7-f15c-f9a174bf4d7f", "gpu_util_percent": 25.0, "gpu_mem_util_percent": 4.0, "gpu_mem_used_mib": 36573.0, "gpu_mem_total_mib": 49140.0, "gpu_power_w": 91.45, "process_present": true, "process_mem_mib": 36088.0, "process_mem_share_percent": 73.43915343915344, "process_util_available": true, "process_util_backend": "nvml", "process_sm_util_percent": 24.0, "process_mem_util_percent": 3.0}
{"timestamp_unix": 1772432284.581103, "pid": 39661, "device_index": 0, "gpu_uuid": "GPU-6f954bfd-7081-31b7-f15c-f9a174bf4d7f", "gpu_util_percent": 25.0, "gpu_mem_util_percent": 4.0, "gpu_mem_used_mib": 36573.0, "gpu_mem_total_mib": 49140.0, "gpu_power_w": 91.45, "process_present": true, "process_mem_mib": 36088.0, "process_mem_share_percent": 73.43915343915344, "process_util_available": true, "process_util_backend": "nvml", "process_sm_util_percent": 24.0, "process_mem_util_percent": 3.0}
{"timestamp_unix": 1772432284.8861525, "pid": 39661, "device_index": 0, "gpu_uuid": "GPU-6f954bfd-7081-31b7-f15c-f9a174bf4d7f", "gpu_util_percent": 25.0, "gpu_mem_util_percent": 4.0, "gpu_mem_used_mib": 36577.0, "gpu_mem_total_mib": 49140.0, "gpu_power_w": 92.15, "process_present": true, "process_mem_mib": 36088.0, "process_mem_share_percent": 73.43915343915344, "process_util_available": true, "process_util_backend": "nvml", "process_sm_util_percent": 25.0, "process_mem_util_percent": 3.0}
{"timestamp_unix": 1772432285.1958914, "pid": 39661, "device_index": 0, "gpu_uuid": "GPU-6f954bfd-7081-31b7-f15c-f9a174bf4d7f", "gpu_util_percent": 25.0, "gpu_mem_util_percent": 4.0, "gpu_mem_used_mib": 36576.0, "gpu_mem_total_mib": 49140.0, "gpu_power_w": 94.34, "process_present": true, "process_mem_mib": 36088.0, "process_mem_share_percent": 73.43915343915344, "process_util_available": true, "process_util_backend": "nvml", "process_sm_util_percent": 24.0, "process_mem_util_percent": 3.0}
{"timestamp_unix": 1772432285.4856603, "pid": 39661, "device_index": 0, "gpu_uuid": "GPU-6f954bfd-7081-31b7-f15c-f9a174bf4d7f", "gpu_util_percent": 25.0, "gpu_mem_util_percent": 4.0, "gpu_mem_used_mib": 36576.0, "gpu_mem_total_mib": 49140.0, "gpu_power_w": 94.34, "process_present": true, "process_mem_mib": 36088.0, "process_mem_share_percent": 73.43915343915344, "process_util_available": true, "process_util_backend": "nvml", "process_sm_util_percent": 24.0, "process_mem_util_percent": 3.0}
{"timestamp_unix": 1772432285.7783086, "pid": 39661, "device_index": 0, "gpu_uuid": "GPU-6f954bfd-7081-31b7-f15c-f9a174bf4d7f", "gpu_util_percent": 25.0, "gpu_mem_util_percent": 4.0, "gpu_mem_used_mib": 36576.0, "gpu_mem_total_mib": 49140.0, "gpu_power_w": 94.25, "process_present": true, "process_mem_mib": 36088.0, "process_mem_share_percent": 73.43915343915344, "process_util_available": true, "process_util_backend": "nvml", "process_sm_util_percent": 24.0, "process_mem_util_percent": 3.0}
{"timestamp_unix": 1772432286.0695212, "pid": 39661, "device_index": 0, "gpu_uuid": "GPU-6f954bfd-7081-31b7-f15c-f9a174bf4d7f", "gpu_util_percent": 25.0, "gpu_mem_util_percent": 4.0, "gpu_mem_used_mib": 36577.0, "gpu_mem_total_mib": 49140.0, "gpu_power_w": 94.25, "process_present": true, "process_mem_mib": 36088.0, "process_mem_share_percent": 73.43915343915344, "process_util_available": true, "process_util_backend": "nvml", "process_sm_util_percent": 23.0, "process_mem_util_percent": 3.0}
{"timestamp_unix": 1772432286.3610423, "pid": 39661, "device_index": 0, "gpu_uuid": "GPU-6f954bfd-7081-31b7-f15c-f9a174bf4d7f", "gpu_util_percent": 27.0, "gpu_mem_util_percent": 4.0, "gpu_mem_used_mib": 36577.0, "gpu_mem_total_mib": 49140.0, "gpu_power_w": 94.1, "process_present": true, "process_mem_mib": 36088.0, "process_mem_share_percent": 73.43915343915344, "process_util_available": true, "process_util_backend": "nvml", "process_sm_util_percent": 24.0, "process_mem_util_percent": 3.0}
{"timestamp_unix": 1772432286.656836, "pid": 39661, "device_index": 0, "gpu_uuid": "GPU-6f954bfd-7081-31b7-f15c-f9a174bf4d7f", "gpu_util_percent": 27.0, "gpu_mem_util_percent": 4.0, "gpu_mem_used_mib": 36577.0, "gpu_mem_total_mib": 49140.0, "gpu_power_w": 93.94, "process_present": true, "process_mem_mib": 36088.0, "process_mem_share_percent": 73.43915343915344, "process_util_available": true, "process_util_backend": "nvml", "process_sm_util_percent": 24.0, "process_mem_util_percent": 3.0}
{"timestamp_unix": 1772432286.9470406, "pid": 39661, "device_index": 0, "gpu_uuid": "GPU-6f954bfd-7081-31b7-f15c-f9a174bf4d7f", "gpu_util_percent": 27.0, "gpu_mem_util_percent": 4.0, "gpu_mem_used_mib": 36577.0, "gpu_mem_total_mib": 49140.0, "gpu_power_w": 93.94, "process_present": true, "process_mem_mib": 36088.0, "process_mem_share_percent": 73.43915343915344, "process_util_available": true, "process_util_backend": "nvml", "process_sm_util_percent": 24.0, "process_mem_util_percent": 3.0}
{"timestamp_unix": 1772432287.2510448, "pid": 39661, "device_index": 0, "gpu_uuid": "GPU-6f954bfd-7081-31b7-f15c-f9a174bf4d7f", "gpu_util_percent": 26.0, "gpu_mem_util_percent": 4.0, "gpu_mem_used_mib": 36578.0, "gpu_mem_total_mib": 49140.0, "gpu_power_w": 93.87, "process_present": true, "process_mem_mib": 36088.0, "process_mem_share_percent": 73.43915343915344, "process_util_available": true, "process_util_backend": "nvml", "process_sm_util_percent": 27.0, "process_mem_util_percent": 3.0}
{"timestamp_unix": 1772432287.552348, "pid": 39661, "device_index": 0, "gpu_uuid": "GPU-6f954bfd-7081-31b7-f15c-f9a174bf4d7f", "gpu_util_percent": 26.0, "gpu_mem_util_percent": 4.0, "gpu_mem_used_mib": 36578.0, "gpu_mem_total_mib": 49140.0, "gpu_power_w": 93.87, "process_present": true, "process_mem_mib": 36088.0, "process_mem_share_percent": 73.43915343915344, "process_util_available": true, "process_util_backend": "nvml", "process_sm_util_percent": 24.0, "process_mem_util_percent": 3.0}
{"timestamp_unix": 1772432287.8509908, "pid": 39661, "device_index": 0, "gpu_uuid": "GPU-6f954bfd-7081-31b7-f15c-f9a174bf4d7f", "gpu_util_percent": 26.0, "gpu_mem_util_percent": 4.0, "gpu_mem_used_mib": 36578.0, "gpu_mem_total_mib": 49140.0, "gpu_power_w": 93.83, "process_present": true, "process_mem_mib": 36088.0, "process_mem_share_percent": 73.43915343915344, "process_util_available": true, "process_util_backend": "nvml", "process_sm_util_percent": 23.0, "process_mem_util_percent": 3.0}
{"timestamp_unix": 1772432288.1431122, "pid": 39661, "device_index": 0, "gpu_uuid": "GPU-6f954bfd-7081-31b7-f15c-f9a174bf4d7f", "gpu_util_percent": 26.0, "gpu_mem_util_percent": 3.0, "gpu_mem_used_mib": 36578.0, "gpu_mem_total_mib": 49140.0, "gpu_power_w": 93.69, "process_present": true, "process_mem_mib": 36088.0, "process_mem_share_percent": 73.43915343915344, "process_util_available": true, "process_util_backend": "nvml", "process_sm_util_percent": 24.0, "process_mem_util_percent": 3.0}
{"timestamp_unix": 1772432288.4359696, "pid": 39661, "device_index": 0, "gpu_uuid": "GPU-6f954bfd-7081-31b7-f15c-f9a174bf4d7f", "gpu_util_percent": 26.0, "gpu_mem_util_percent": 3.0, "gpu_mem_used_mib": 36578.0, "gpu_mem_total_mib": 49140.0, "gpu_power_w": 93.69, "process_present": true, "process_mem_mib": 36088.0, "process_mem_share_percent": 73.43915343915344, "process_util_available": true, "process_util_backend": "nvml", "process_sm_util_percent": 24.0, "process_mem_util_percent": 3.0}
{"timestamp_unix": 1772432288.7253292, "pid": 39661, "device_index": 0, "gpu_uuid": "GPU-6f954bfd-7081-31b7-f15c-f9a174bf4d7f", "gpu_util_percent": 26.0, "gpu_mem_util_percent": 3.0, "gpu_mem_used_mib": 36578.0, "gpu_mem_total_mib": 49140.0, "gpu_power_w": 92.27, "process_present": true, "process_mem_mib": 36088.0, "process_mem_share_percent": 73.43915343915344, "process_util_available": true, "process_util_backend": "nvml", "process_sm_util_percent": null, "process_mem_util_percent": null}
