{"timestamp_unix": 1772442684.9564385, "pid": 116724, "device_index": 0, "gpu_uuid": "GPU-6f954bfd-7081-31b7-f15c-f9a174bf4d7f", "gpu_util_percent": 36.0, "gpu_mem_util_percent": 16.0, "gpu_mem_used_mib": 1001.0, "gpu_mem_total_mib": 49140.0, "gpu_power_w": 48.73, "process_present": true, "process_mem_mib": 500.0, "process_mem_share_percent": 1.0175010175010175, "process_util_available": true, "process_util_backend": "nvml", "process_sm_util_percent": 1.0, "process_mem_util_percent": 0.0}
{"timestamp_unix": 1772442685.3345194, "pid": 116724, "device_index": 0, "gpu_uuid": "GPU-6f954bfd-7081-31b7-f15c-f9a174bf4d7f", "gpu_util_percent": 36.0, "gpu_mem_util_percent": 16.0, "gpu_mem_used_mib": 1001.0, "gpu_mem_total_mib": 49140.0, "gpu_power_w": 65.31, "process_present": true, "process_mem_mib": 500.0, "process_mem_share_percent": 1.0175010175010175, "process_util_available": true, "process_util_backend": "nvml", "process_sm_util_percent": null, "process_mem_util_percent": null}
{"timestamp_unix": 1772442685.677271, "pid": 116724, "device_index": 0, "gpu_uuid": "GPU-6f954bfd-7081-31b7-f15c-f9a174bf4d7f", "gpu_util_percent": 36.0, "gpu_mem_util_percent": 16.0, "gpu_mem_used_mib": 1001.0, "gpu_mem_total_mib": 49140.0, "gpu_power_w": 65.31, "process_present": true, "process_mem_mib": 500.0, "process_mem_share_percent": 1.0175010175010175, "process_util_available": true, "process_util_backend": "nvml", "process_sm_util_percent": null, "process_mem_util_percent": null}
{"timestamp_unix": 1772442686.00151, "pid": 116724, "device_index": 0, "gpu_uuid": "GPU-6f954bfd-7081-31b7-f15c-f9a174bf4d7f", "gpu_util_percent": 14.0, "gpu_mem_util_percent": 1.0, "gpu_mem_used_mib": 1001.0, "gpu_mem_total_mib": 49140.0, "gpu_power_w": 81.22, "process_present": true, "process_mem_mib": 500.0, "process_mem_share_percent": 1.0175010175010175, "process_util_available": true, "process_util_backend": "nvml", "process_sm_util_percent": null, "process_mem_util_percent": null}
{"timestamp_unix": 1772442686.3006306, "pid": 116724, "device_index": 0, "gpu_uuid": "GPU-6f954bfd-7081-31b7-f15c-f9a174bf4d7f", "gpu_util_percent": 14.0, "gpu_mem_util_percent": 1.0, "gpu_mem_used_mib": 1199.0, "gpu_mem_total_mib": 49140.0, "gpu_power_w": 84.77, "process_present": true, "process_mem_mib": 776.0, "process_mem_share_percent": 1.5791615791615792, "process_util_available": true, "process_util_backend": "nvml", "process_sm_util_percent": null, "process_mem_util_percent": null}
{"timestamp_unix": 1772442686.5939584, "pid": 116724, "device_index": 0, "gpu_uuid": "GPU-6f954bfd-7081-31b7-f15c-f9a174bf4d7f", "gpu_util_percent": 14.0, "gpu_mem_util_percent": 1.0, "gpu_mem_used_mib": 1705.0, "gpu_mem_total_mib": 49140.0, "gpu_power_w": 84.77, "process_present": true, "process_mem_mib": 1218.0, "process_mem_share_percent": 2.4786324786324787, "process_util_available": true, "process_util_backend": "nvml", "process_sm_util_percent": 22.0, "process_mem_util_percent": 1.0}
{"timestamp_unix": 1772442686.8834374, "pid": 116724, "device_index": 0, "gpu_uuid": "GPU-6f954bfd-7081-31b7-f15c-f9a174bf4d7f", "gpu_util_percent": 16.0, "gpu_mem_util_percent": 1.0, "gpu_mem_used_mib": 1784.0, "gpu_mem_total_mib": 49140.0, "gpu_power_w": 86.64, "process_present": true, "process_mem_mib": 1440.0, "process_mem_share_percent": 2.93040293040293, "process_util_available": true, "process_util_backend": "nvml", "process_sm_util_percent": null, "process_mem_util_percent": null}
{"timestamp_unix": 1772442687.1709366, "pid": 116724, "device_index": 0, "gpu_uuid": "GPU-6f954bfd-7081-31b7-f15c-f9a174bf4d7f", "gpu_util_percent": 16.0, "gpu_mem_util_percent": 1.0, "gpu_mem_used_mib": 3394.0, "gpu_mem_total_mib": 49140.0, "gpu_power_w": 86.64, "process_present": true, "process_mem_mib": 3118.0, "process_mem_share_percent": 6.345136345136345, "process_util_available": true, "process_util_backend": "nvml", "process_sm_util_percent": 24.0, "process_mem_util_percent": 3.0}
{"timestamp_unix": 1772442687.4589386, "pid": 116724, "device_index": 0, "gpu_uuid": "GPU-6f954bfd-7081-31b7-f15c-f9a174bf4d7f", "gpu_util_percent": 16.0, "gpu_mem_util_percent": 1.0, "gpu_mem_used_mib": 5080.0, "gpu_mem_total_mib": 49140.0, "gpu_power_w": 89.37, "process_present": true, "process_mem_mib": 4782.0, "process_mem_share_percent": 9.731379731379732, "process_util_available": true, "process_util_backend": "nvml", "process_sm_util_percent": 24.0, "process_mem_util_percent": 3.0}
{"timestamp_unix": 1772442687.747402, "pid": 116724, "device_index": 0, "gpu_uuid": "GPU-6f954bfd-7081-31b7-f15c-f9a174bf4d7f", "gpu_util_percent": 16.0, "gpu_mem_util_percent": 1.0, "gpu_mem_used_mib": 6894.0, "gpu_mem_total_mib": 49140.0, "gpu_power_w": 89.37, "process_present": true, "process_mem_mib": 6642.0, "process_mem_share_percent": 13.516483516483516, "process_util_available": true, "process_util_backend": "nvml", "process_sm_util_percent": 23.0, "process_mem_util_percent": 3.0}
{"timestamp_unix": 1772442688.040152, "pid": 116724, "device_index": 0, "gpu_uuid": "GPU-6f954bfd-7081-31b7-f15c-f9a174bf4d7f", "gpu_util_percent": 24.0, "gpu_mem_util_percent": 4.0, "gpu_mem_used_mib": 8914.0, "gpu_mem_total_mib": 49140.0, "gpu_power_w": 91.6, "process_present": true, "process_mem_mib": 8708.0, "process_mem_share_percent": 17.72079772079772, "process_util_available": true, "process_util_backend": "nvml", "process_sm_util_percent": 24.0, "process_mem_util_percent": 4.0}
{"timestamp_unix": 1772442688.3451166, "pid": 116724, "device_index": 0, "gpu_uuid": "GPU-6f954bfd-7081-31b7-f15c-f9a174bf4d7f", "gpu_util_percent": 24.0, "gpu_mem_util_percent": 4.0, "gpu_mem_used_mib": 11084.0, "gpu_mem_total_mib": 49140.0, "gpu_power_w": 94.1, "process_present": true, "process_mem_mib": 10838.0, "process_mem_share_percent": 22.055352055352056, "process_util_available": true, "process_util_backend": "nvml", "process_sm_util_percent": 23.0, "process_mem_util_percent": 4.0}
{"timestamp_unix": 1772442688.6474178, "pid": 116724, "device_index": 0, "gpu_uuid": "GPU-6f954bfd-7081-31b7-f15c-f9a174bf4d7f", "gpu_util_percent": 24.0, "gpu_mem_util_percent": 4.0, "gpu_mem_used_mib": 12612.0, "gpu_mem_total_mib": 49140.0, "gpu_power_w": 94.1, "process_present": true, "process_mem_mib": 12258.0, "process_mem_share_percent": 24.945054945054945, "process_util_available": true, "process_util_backend": "nvml", "process_sm_util_percent": 21.0, "process_mem_util_percent": 3.0}
{"timestamp_unix": 1772442688.9491532, "pid": 116724, "device_index": 0, "gpu_uuid": "GPU-6f954bfd-7081-31b7-f15c-f9a174bf4d7f", "gpu_util_percent": 19.0, "gpu_mem_util_percent": 3.0, "gpu_mem_used_mib": 14078.0, "gpu_mem_total_mib": 49140.0, "gpu_power_w": 93.54, "process_present": true, "process_mem_mib": 13778.0, "process_mem_share_percent": 28.03825803825804, "process_util_available": true, "process_util_backend": "nvml", "process_sm_util_percent": 22.0, "process_mem_util_percent": 3.0}
{"timestamp_unix": 1772442689.239519, "pid": 116724, "device_index": 0, "gpu_uuid": "GPU-6f954bfd-7081-31b7-f15c-f9a174bf4d7f", "gpu_util_percent": 19.0, "gpu_mem_util_percent": 3.0, "gpu_mem_used_mib": 15538.0, "gpu_mem_total_mib": 49140.0, "gpu_power_w": 93.54, "process_present": true, "process_mem_mib": 15220.0, "process_mem_share_percent": 30.97273097273097, "process_util_available": true, "process_util_backend": "nvml", "process_sm_util_percent": 22.0, "process_mem_util_percent": 3.0}
{"timestamp_unix": 1772442689.5280619, "pid": 116724, "device_index": 0, "gpu_uuid": "GPU-6f954bfd-7081-31b7-f15c-f9a174bf4d7f", "gpu_util_percent": 19.0, "gpu_mem_util_percent": 3.0, "gpu_mem_used_mib": 16851.0, "gpu_mem_total_mib": 49140.0, "gpu_power_w": 93.43, "process_present": true, "process_mem_mib": 16542.0, "process_mem_share_percent": 33.663003663003664, "process_util_available": true, "process_util_backend": "nvml", "process_sm_util_percent": 22.0, "process_mem_util_percent": 3.0}
{"timestamp_unix": 1772442689.8182433, "pid": 116724, "device_index": 0, "gpu_uuid": "GPU-6f954bfd-7081-31b7-f15c-f9a174bf4d7f", "gpu_util_percent": 19.0, "gpu_mem_util_percent": 4.0, "gpu_mem_used_mib": 18493.0, "gpu_mem_total_mib": 49140.0, "gpu_power_w": 93.77, "process_present": true, "process_mem_mib": 18212.0, "process_mem_share_percent": 37.06145706145706, "process_util_available": true, "process_util_backend": "nvml", "process_sm_util_percent": 19.0, "process_mem_util_percent": 3.0}
{"timestamp_unix": 1772442690.1072388, "pid": 116724, "device_index": 0, "gpu_uuid": "GPU-6f954bfd-7081-31b7-f15c-f9a174bf4d7f", "gpu_util_percent": 19.0, "gpu_mem_util_percent": 4.0, "gpu_mem_used_mib": 20266.0, "gpu_mem_total_mib": 49140.0, "gpu_power_w": 93.77, "process_present": true, "process_mem_mib": 20032.0, "process_mem_share_percent": 40.765160765160765, "process_util_available": true, "process_util_backend": "nvml", "process_sm_util_percent": 21.0, "process_mem_util_percent": 3.0}
{"timestamp_unix": 1772442690.4004586, "pid": 116724, "device_index": 0, "gpu_uuid": "GPU-6f954bfd-7081-31b7-f15c-f9a174bf4d7f", "gpu_util_percent": 19.0, "gpu_mem_util_percent": 4.0, "gpu_mem_used_mib": 22122.0, "gpu_mem_total_mib": 49140.0, "gpu_power_w": 94.34, "process_present": true, "process_mem_mib": 21908.0, "process_mem_share_percent": 44.58282458282458, "process_util_available": true, "process_util_backend": "nvml", "process_sm_util_percent": 21.0, "process_mem_util_percent": 4.0}
{"timestamp_unix": 1772442690.690911, "pid": 116724, "device_index": 0, "gpu_uuid": "GPU-6f954bfd-7081-31b7-f15c-f9a174bf4d7f", "gpu_util_percent": 19.0, "gpu_mem_util_percent": 4.0, "gpu_mem_used_mib": 23844.0, "gpu_mem_total_mib": 49140.0, "gpu_power_w": 94.34, "process_present": true, "process_mem_mib": 23534.0, "process_mem_share_percent": 47.89173789173789, "process_util_available": true, "process_util_backend": "nvml", "process_sm_util_percent": 20.0, "process_mem_util_percent": 4.0}
{"timestamp_unix": 1772442690.9961758, "pid": 116724, "device_index": 0, "gpu_uuid": "GPU-6f954bfd-7081-31b7-f15c-f9a174bf4d7f", "gpu_util_percent": 19.0, "gpu_mem_util_percent": 4.0, "gpu_mem_used_mib": 25248.0, "gpu_mem_total_mib": 49140.0, "gpu_power_w": 94.73, "process_present": true, "process_mem_mib": 24948.0, "process_mem_share_percent": 50.76923076923077, "process_util_available": true, "process_util_backend": "nvml", "process_sm_util_percent": 19.0, "process_mem_util_percent": 3.0}
{"timestamp_unix": 1772442691.3016365, "pid": 116724, "device_index": 0, "gpu_uuid": "GPU-6f954bfd-7081-31b7-f15c-f9a174bf4d7f", "gpu_util_percent": 19.0, "gpu_mem_util_percent": 4.0, "gpu_mem_used_mib": 26648.0, "gpu_mem_total_mib": 49140.0, "gpu_power_w": 94.51, "process_present": true, "process_mem_mib": 26376.0, "process_mem_share_percent": 53.675213675213676, "process_util_available": true, "process_util_backend": "nvml", "process_sm_util_percent": 10.0, "process_mem_util_percent": 1.0}
{"timestamp_unix": 1772442691.622771, "pid": 116724, "device_index": 0, "gpu_uuid": "GPU-6f954bfd-7081-31b7-f15c-f9a174bf4d7f", "gpu_util_percent": 19.0, "gpu_mem_util_percent": 4.0, "gpu_mem_used_mib": 28112.0, "gpu_mem_total_mib": 49140.0, "gpu_power_w": 94.51, "process_present": true, "process_mem_mib": 27838.0, "process_mem_share_percent": 56.65038665038665, "process_util_available": true, "process_util_backend": "nvml", "process_sm_util_percent": 19.0, "process_mem_util_percent": 3.0}
{"timestamp_unix": 1772442691.917468, "pid": 116724, "device_index": 0, "gpu_uuid": "GPU-6f954bfd-7081-31b7-f15c-f9a174bf4d7f", "gpu_util_percent": 18.0, "gpu_mem_util_percent": 3.0, "gpu_mem_used_mib": 29510.0, "gpu_mem_total_mib": 49140.0, "gpu_power_w": 94.11, "process_present": true, "process_mem_mib": 29010.0, "process_mem_share_percent": 59.03540903540904, "process_util_available": true, "process_util_backend": "nvml", "process_sm_util_percent": 10.0, "process_mem_util_percent": 1.0}
{"timestamp_unix": 1772442692.2074914, "pid": 116724, "device_index": 0, "gpu_uuid": "GPU-6f954bfd-7081-31b7-f15c-f9a174bf4d7f", "gpu_util_percent": 18.0, "gpu_mem_util_percent": 3.0, "gpu_mem_used_mib": 29748.0, "gpu_mem_total_mib": 49140.0, "gpu_power_w": 94.11, "process_present": true, "process_mem_mib": 29248.0, "process_mem_share_percent": 59.519739519739524, "process_util_available": true, "process_util_backend": "nvml", "process_sm_util_percent": 15.0, "process_mem_util_percent": 1.0}
{"timestamp_unix": 1772442692.5013893, "pid": 116724, "device_index": 0, "gpu_uuid": "GPU-6f954bfd-7081-31b7-f15c-f9a174bf4d7f", "gpu_util_percent": 18.0, "gpu_mem_util_percent": 3.0, "gpu_mem_used_mib": 29748.0, "gpu_mem_total_mib": 49140.0, "gpu_power_w": 93.21, "process_present": true, "process_mem_mib": 29248.0, "process_mem_share_percent": 59.519739519739524, "process_util_available": true, "process_util_backend": "nvml", "process_sm_util_percent": 26.0, "process_mem_util_percent": 5.0}
{"timestamp_unix": 1772442692.792661, "pid": 116724, "device_index": 0, "gpu_uuid": "GPU-6f954bfd-7081-31b7-f15c-f9a174bf4d7f", "gpu_util_percent": 27.0, "gpu_mem_util_percent": 6.0, "gpu_mem_used_mib": 29748.0, "gpu_mem_total_mib": 49140.0, "gpu_power_w": 95.44, "process_present": true, "process_mem_mib": 29248.0, "process_mem_share_percent": 59.519739519739524, "process_util_available": true, "process_util_backend": "nvml", "process_sm_util_percent": 27.0, "process_mem_util_percent": 5.0}
{"timestamp_unix": 1772442693.0858638, "pid": 116724, "device_index": 0, "gpu_uuid": "GPU-6f954bfd-7081-31b7-f15c-f9a174bf4d7f", "gpu_util_percent": 27.0, "gpu_mem_util_percent": 6.0, "gpu_mem_used_mib": 29748.0, "gpu_mem_total_mib": 49140.0, "gpu_power_w": 95.44, "process_present": true, "process_mem_mib": 29248.0, "process_mem_share_percent": 59.519739519739524, "process_util_available": true, "process_util_backend": "nvml", "process_sm_util_percent": 28.0, "process_mem_util_percent": 5.0}
{"timestamp_unix": 1772442693.3772595, "pid": 116724, "device_index": 0, "gpu_uuid": "GPU-6f954bfd-7081-31b7-f15c-f9a174bf4d7f", "gpu_util_percent": 27.0, "gpu_mem_util_percent": 6.0, "gpu_mem_used_mib": 29748.0, "gpu_mem_total_mib": 49140.0, "gpu_power_w": 99.39, "process_present": true, "process_mem_mib": 29248.0, "process_mem_share_percent": 59.519739519739524, "process_util_available": true, "process_util_backend": "nvml", "process_sm_util_percent": 27.0, "process_mem_util_percent": 5.0}
{"timestamp_unix": 1772442693.6846752, "pid": 116724, "device_index": 0, "gpu_uuid": "GPU-6f954bfd-7081-31b7-f15c-f9a174bf4d7f", "gpu_util_percent": 27.0, "gpu_mem_util_percent": 6.0, "gpu_mem_used_mib": 29748.0, "gpu_mem_total_mib": 49140.0, "gpu_power_w": 99.39, "process_present": true, "process_mem_mib": 29248.0, "process_mem_share_percent": 59.519739519739524, "process_util_available": true, "process_util_backend": "nvml", "process_sm_util_percent": 26.0, "process_mem_util_percent": 4.0}
{"timestamp_unix": 1772442693.985449, "pid": 116724, "device_index": 0, "gpu_uuid": "GPU-6f954bfd-7081-31b7-f15c-f9a174bf4d7f", "gpu_util_percent": 26.0, "gpu_mem_util_percent": 5.0, "gpu_mem_used_mib": 29748.0, "gpu_mem_total_mib": 49140.0, "gpu_power_w": 98.88, "process_present": true, "process_mem_mib": 29248.0, "process_mem_share_percent": 59.519739519739524, "process_util_available": true, "process_util_backend": "nvml", "process_sm_util_percent": 26.0, "process_mem_util_percent": 4.0}
{"timestamp_unix": 1772442694.3201478, "pid": 116724, "device_index": 0, "gpu_uuid": "GPU-6f954bfd-7081-31b7-f15c-f9a174bf4d7f", "gpu_util_percent": 26.0, "gpu_mem_util_percent": 5.0, "gpu_mem_used_mib": 29748.0, "gpu_mem_total_mib": 49140.0, "gpu_power_w": 98.11, "process_present": true, "process_mem_mib": 29248.0, "process_mem_share_percent": 59.519739519739524, "process_util_available": true, "process_util_backend": "nvml", "process_sm_util_percent": 27.0, "process_mem_util_percent": 4.0}
{"timestamp_unix": 1772442694.610281, "pid": 116724, "device_index": 0, "gpu_uuid": "GPU-6f954bfd-7081-31b7-f15c-f9a174bf4d7f", "gpu_util_percent": 26.0, "gpu_mem_util_percent": 5.0, "gpu_mem_used_mib": 29749.0, "gpu_mem_total_mib": 49140.0, "gpu_power_w": 98.11, "process_present": true, "process_mem_mib": 29248.0, "process_mem_share_percent": 59.519739519739524, "process_util_available": true, "process_util_backend": "nvml", "process_sm_util_percent": 27.0, "process_mem_util_percent": 4.0}
{"timestamp_unix": 1772442694.9016354, "pid": 116724, "device_index": 0, "gpu_uuid": "GPU-6f954bfd-7081-31b7-f15c-f9a174bf4d7f", "gpu_util_percent": 26.0, "gpu_mem_util_percent": 4.0, "gpu_mem_used_mib": 29749.0, "gpu_mem_total_mib": 49140.0, "gpu_power_w": 97.62, "process_present": true, "process_mem_mib": 29248.0, "process_mem_share_percent": 59.519739519739524, "process_util_available": true, "process_util_backend": "nvml", "process_sm_util_percent": 26.0, "process_mem_util_percent": 4.0}
{"timestamp_unix": 1772442695.190617, "pid": 116724, "device_index": 0, "gpu_uuid": "GPU-6f954bfd-7081-31b7-f15c-f9a174bf4d7f", "gpu_util_percent": 26.0, "gpu_mem_util_percent": 4.0, "gpu_mem_used_mib": 29749.0, "gpu_mem_total_mib": 49140.0, "gpu_power_w": 97.62, "process_present": true, "process_mem_mib": 29248.0, "process_mem_share_percent": 59.519739519739524, "process_util_available": true, "process_util_backend": "nvml", "process_sm_util_percent": 27.0, "process_mem_util_percent": 4.0}
{"timestamp_unix": 1772442695.4830134, "pid": 116724, "device_index": 0, "gpu_uuid": "GPU-6f954bfd-7081-31b7-f15c-f9a174bf4d7f", "gpu_util_percent": 26.0, "gpu_mem_util_percent": 4.0, "gpu_mem_used_mib": 29749.0, "gpu_mem_total_mib": 49140.0, "gpu_power_w": 97.31, "process_present": true, "process_mem_mib": 29248.0, "process_mem_share_percent": 59.519739519739524, "process_util_available": true, "process_util_backend": "nvml", "process_sm_util_percent": 26.0, "process_mem_util_percent": 4.0}
{"timestamp_unix": 1772442695.7731788, "pid": 116724, "device_index": 0, "gpu_uuid": "GPU-6f954bfd-7081-31b7-f15c-f9a174bf4d7f", "gpu_util_percent": 25.0, "gpu_mem_util_percent": 4.0, "gpu_mem_used_mib": 29749.0, "gpu_mem_total_mib": 49140.0, "gpu_power_w": 96.86, "process_present": true, "process_mem_mib": 29248.0, "process_mem_share_percent": 59.519739519739524, "process_util_available": true, "process_util_backend": "nvml", "process_sm_util_percent": 25.0, "process_mem_util_percent": 4.0}
{"timestamp_unix": 1772442696.0623348, "pid": 116724, "device_index": 0, "gpu_uuid": "GPU-6f954bfd-7081-31b7-f15c-f9a174bf4d7f", "gpu_util_percent": 25.0, "gpu_mem_util_percent": 4.0, "gpu_mem_used_mib": 29749.0, "gpu_mem_total_mib": 49140.0, "gpu_power_w": 96.86, "process_present": true, "process_mem_mib": 29248.0, "process_mem_share_percent": 59.519739519739524, "process_util_available": true, "process_util_backend": "nvml", "process_sm_util_percent": 26.0, "process_mem_util_percent": 3.0}
{"timestamp_unix": 1772442696.3812828, "pid": 116724, "device_index": 0, "gpu_uuid": "GPU-6f954bfd-7081-31b7-f15c-f9a174bf4d7f", "gpu_util_percent": 25.0, "gpu_mem_util_percent": 4.0, "gpu_mem_used_mib": 29749.0, "gpu_mem_total_mib": 49140.0, "gpu_power_w": 96.49, "process_present": true, "process_mem_mib": 29248.0, "process_mem_share_percent": 59.519739519739524, "process_util_available": true, "process_util_backend": "nvml", "process_sm_util_percent": 26.0, "process_mem_util_percent": 3.0}
{"timestamp_unix": 1772442696.704778, "pid": 116724, "device_index": 0, "gpu_uuid": "GPU-6f954bfd-7081-31b7-f15c-f9a174bf4d7f", "gpu_util_percent": 25.0, "gpu_mem_util_percent": 4.0, "gpu_mem_used_mib": 29749.0, "gpu_mem_total_mib": 49140.0, "gpu_power_w": 96.49, "process_present": true, "process_mem_mib": 29248.0, "process_mem_share_percent": 59.519739519739524, "process_util_available": true, "process_util_backend": "nvml", "process_sm_util_percent": 25.0, "process_mem_util_percent": 3.0}
{"timestamp_unix": 1772442697.002931, "pid": 116724, "device_index": 0, "gpu_uuid": "GPU-6f954bfd-7081-31b7-f15c-f9a174bf4d7f", "gpu_util_percent": 25.0, "gpu_mem_util_percent": 3.0, "gpu_mem_used_mib": 29744.0, "gpu_mem_total_mib": 49140.0, "gpu_power_w": 96.03, "process_present": true, "process_mem_mib": 29248.0, "process_mem_share_percent": 59.519739519739524, "process_util_available": true, "process_util_backend": "nvml", "process_sm_util_percent": 26.0, "process_mem_util_percent": 3.0}
{"timestamp_unix": 1772442697.2926462, "pid": 116724, "device_index": 0, "gpu_uuid": "GPU-6f954bfd-7081-31b7-f15c-f9a174bf4d7f", "gpu_util_percent": 25.0, "gpu_mem_util_percent": 3.0, "gpu_mem_used_mib": 29744.0, "gpu_mem_total_mib": 49140.0, "gpu_power_w": 95.01, "process_present": true, "process_mem_mib": 29248.0, "process_mem_share_percent": 59.519739519739524, "process_util_available": true, "process_util_backend": "nvml", "process_sm_util_percent": null, "process_mem_util_percent": null}
{"timestamp_unix": 1772442697.5850992, "pid": 116724, "device_index": 0, "gpu_uuid": "GPU-6f954bfd-7081-31b7-f15c-f9a174bf4d7f", "gpu_util_percent": 25.0, "gpu_mem_util_percent": 3.0, "gpu_mem_used_mib": 29744.0, "gpu_mem_total_mib": 49140.0, "gpu_power_w": 95.01, "process_present": true, "process_mem_mib": 29248.0, "process_mem_share_percent": 59.519739519739524, "process_util_available": true, "process_util_backend": "nvml", "process_sm_util_percent": 24.0, "process_mem_util_percent": 4.0}
{"timestamp_unix": 1772442697.8767622, "pid": 116724, "device_index": 0, "gpu_uuid": "GPU-6f954bfd-7081-31b7-f15c-f9a174bf4d7f", "gpu_util_percent": 25.0, "gpu_mem_util_percent": 5.0, "gpu_mem_used_mib": 29744.0, "gpu_mem_total_mib": 49140.0, "gpu_power_w": 95.5, "process_present": true, "process_mem_mib": 29248.0, "process_mem_share_percent": 59.519739519739524, "process_util_available": true, "process_util_backend": "nvml", "process_sm_util_percent": 12.0, "process_mem_util_percent": 2.0}
{"timestamp_unix": 1772442698.1679924, "pid": 116724, "device_index": 0, "gpu_uuid": "GPU-6f954bfd-7081-31b7-f15c-f9a174bf4d7f", "gpu_util_percent": 25.0, "gpu_mem_util_percent": 5.0, "gpu_mem_used_mib": 29744.0, "gpu_mem_total_mib": 49140.0, "gpu_power_w": 95.5, "process_present": true, "process_mem_mib": 29248.0, "process_mem_share_percent": 59.519739519739524, "process_util_available": true, "process_util_backend": "nvml", "process_sm_util_percent": 26.0, "process_mem_util_percent": 5.0}
{"timestamp_unix": 1772442698.458051, "pid": 116724, "device_index": 0, "gpu_uuid": "GPU-6f954bfd-7081-31b7-f15c-f9a174bf4d7f", "gpu_util_percent": 25.0, "gpu_mem_util_percent": 5.0, "gpu_mem_used_mib": 29744.0, "gpu_mem_total_mib": 49140.0, "gpu_power_w": 96.56, "process_present": true, "process_mem_mib": 29248.0, "process_mem_share_percent": 59.519739519739524, "process_util_available": true, "process_util_backend": "nvml", "process_sm_util_percent": 25.0, "process_mem_util_percent": 5.0}
{"timestamp_unix": 1772442698.749236, "pid": 116724, "device_index": 0, "gpu_uuid": "GPU-6f954bfd-7081-31b7-f15c-f9a174bf4d7f", "gpu_util_percent": 25.0, "gpu_mem_util_percent": 5.0, "gpu_mem_used_mib": 29744.0, "gpu_mem_total_mib": 49140.0, "gpu_power_w": 96.56, "process_present": true, "process_mem_mib": 29248.0, "process_mem_share_percent": 59.519739519739524, "process_util_available": true, "process_util_backend": "nvml", "process_sm_util_percent": 25.0, "process_mem_util_percent": 5.0}
{"timestamp_unix": 1772442699.0501897, "pid": 116724, "device_index": 0, "gpu_uuid": "GPU-6f954bfd-7081-31b7-f15c-f9a174bf4d7f", "gpu_util_percent": 26.0, "gpu_mem_util_percent": 6.0, "gpu_mem_used_mib": 29745.0, "gpu_mem_total_mib": 49140.0, "gpu_power_w": 97.82, "process_present": true, "process_mem_mib": 29248.0, "process_mem_share_percent": 59.519739519739524, "process_util_available": true, "process_util_backend": "nvml", "process_sm_util_percent": 26.0, "process_mem_util_percent": 5.0}
{"timestamp_unix": 1772442699.545735, "pid": 116724, "device_index": 0, "gpu_uuid": "GPU-6f954bfd-7081-31b7-f15c-f9a174bf4d7f", "gpu_util_percent": 26.0, "gpu_mem_util_percent": 6.0, "gpu_mem_used_mib": 29745.0, "gpu_mem_total_mib": 49140.0, "gpu_power_w": 98.27, "process_present": true, "process_mem_mib": 29248.0, "process_mem_share_percent": 59.519739519739524, "process_util_available": true, "process_util_backend": "nvml", "process_sm_util_percent": 13.0, "process_mem_util_percent": 2.0}
{"timestamp_unix": 1772442699.852397, "pid": 116724, "device_index": 0, "gpu_uuid": "GPU-6f954bfd-7081-31b7-f15c-f9a174bf4d7f", "gpu_util_percent": 25.0, "gpu_mem_util_percent": 5.0, "gpu_mem_used_mib": 29745.0, "gpu_mem_total_mib": 49140.0, "gpu_power_w": 95.79, "process_present": true, "process_mem_mib": 29248.0, "process_mem_share_percent": 59.519739519739524, "process_util_available": true, "process_util_backend": "nvml", "process_sm_util_percent": 23.0, "process_mem_util_percent": 4.0}
{"timestamp_unix": 1772442700.1439598, "pid": 116724, "device_index": 0, "gpu_uuid": "GPU-6f954bfd-7081-31b7-f15c-f9a174bf4d7f", "gpu_util_percent": 25.0, "gpu_mem_util_percent": 5.0, "gpu_mem_used_mib": 29745.0, "gpu_mem_total_mib": 49140.0, "gpu_power_w": 95.79, "process_present": true, "process_mem_mib": 29248.0, "process_mem_share_percent": 59.519739519739524, "process_util_available": true, "process_util_backend": "nvml", "process_sm_util_percent": 26.0, "process_mem_util_percent": 5.0}
{"timestamp_unix": 1772442700.4355352, "pid": 116724, "device_index": 0, "gpu_uuid": "GPU-6f954bfd-7081-31b7-f15c-f9a174bf4d7f", "gpu_util_percent": 25.0, "gpu_mem_util_percent": 5.0, "gpu_mem_used_mib": 29745.0, "gpu_mem_total_mib": 49140.0, "gpu_power_w": 95.86, "process_present": true, "process_mem_mib": 29248.0, "process_mem_share_percent": 59.519739519739524, "process_util_available": true, "process_util_backend": "nvml", "process_sm_util_percent": 25.0, "process_mem_util_percent": 5.0}
{"timestamp_unix": 1772442700.7275193, "pid": 116724, "device_index": 0, "gpu_uuid": "GPU-6f954bfd-7081-31b7-f15c-f9a174bf4d7f", "gpu_util_percent": 25.0, "gpu_mem_util_percent": 5.0, "gpu_mem_used_mib": 29745.0, "gpu_mem_total_mib": 49140.0, "gpu_power_w": 95.86, "process_present": true, "process_mem_mib": 29248.0, "process_mem_share_percent": 59.519739519739524, "process_util_available": true, "process_util_backend": "nvml", "process_sm_util_percent": 25.0, "process_mem_util_percent": 5.0}
{"timestamp_unix": 1772442701.0197208, "pid": 116724, "device_index": 0, "gpu_uuid": "GPU-6f954bfd-7081-31b7-f15c-f9a174bf4d7f", "gpu_util_percent": 26.0, "gpu_mem_util_percent": 6.0, "gpu_mem_used_mib": 30045.0, "gpu_mem_total_mib": 49140.0, "gpu_power_w": 98.76, "process_present": true, "process_mem_mib": 29738.0, "process_mem_share_percent": 60.51689051689052, "process_util_available": true, "process_util_backend": "nvml", "process_sm_util_percent": 25.0, "process_mem_util_percent": 5.0}
{"timestamp_unix": 1772442701.3109686, "pid": 116724, "device_index": 0, "gpu_uuid": "GPU-6f954bfd-7081-31b7-f15c-f9a174bf4d7f", "gpu_util_percent": 26.0, "gpu_mem_util_percent": 6.0, "gpu_mem_used_mib": 31385.0, "gpu_mem_total_mib": 49140.0, "gpu_power_w": 98.76, "process_present": true, "process_mem_mib": 30978.0, "process_mem_share_percent": 63.04029304029304, "process_util_available": true, "process_util_backend": "nvml", "process_sm_util_percent": 25.0, "process_mem_util_percent": 5.0}
{"timestamp_unix": 1772442701.6052341, "pid": 116724, "device_index": 0, "gpu_uuid": "GPU-6f954bfd-7081-31b7-f15c-f9a174bf4d7f", "gpu_util_percent": 26.0, "gpu_mem_util_percent": 6.0, "gpu_mem_used_mib": 31879.0, "gpu_mem_total_mib": 49140.0, "gpu_power_w": 98.76, "process_present": true, "process_mem_mib": 31382.0, "process_mem_share_percent": 63.86243386243387, "process_util_available": true, "process_util_backend": "nvml", "process_sm_util_percent": null, "process_mem_util_percent": null}
{"timestamp_unix": 1772442701.9128196, "pid": 116724, "device_index": 0, "gpu_uuid": "GPU-6f954bfd-7081-31b7-f15c-f9a174bf4d7f", "gpu_util_percent": 29.0, "gpu_mem_util_percent": 9.0, "gpu_mem_used_mib": 31878.0, "gpu_mem_total_mib": 49140.0, "gpu_power_w": 96.07, "process_present": true, "process_mem_mib": 31382.0, "process_mem_share_percent": 63.86243386243387, "process_util_available": true, "process_util_backend": "nvml", "process_sm_util_percent": 26.0, "process_mem_util_percent": 7.0}
{"timestamp_unix": 1772442702.2185323, "pid": 116724, "device_index": 0, "gpu_uuid": "GPU-6f954bfd-7081-31b7-f15c-f9a174bf4d7f", "gpu_util_percent": 29.0, "gpu_mem_util_percent": 9.0, "gpu_mem_used_mib": 31878.0, "gpu_mem_total_mib": 49140.0, "gpu_power_w": 96.07, "process_present": true, "process_mem_mib": 31382.0, "process_mem_share_percent": 63.86243386243387, "process_util_available": true, "process_util_backend": "nvml", "process_sm_util_percent": 30.0, "process_mem_util_percent": 9.0}
{"timestamp_unix": 1772442702.5172324, "pid": 116724, "device_index": 0, "gpu_uuid": "GPU-6f954bfd-7081-31b7-f15c-f9a174bf4d7f", "gpu_util_percent": 29.0, "gpu_mem_util_percent": 9.0, "gpu_mem_used_mib": 31878.0, "gpu_mem_total_mib": 49140.0, "gpu_power_w": 98.66, "process_present": true, "process_mem_mib": 31382.0, "process_mem_share_percent": 63.86243386243387, "process_util_available": true, "process_util_backend": "nvml", "process_sm_util_percent": 29.0, "process_mem_util_percent": 8.0}
{"timestamp_unix": 1772442702.8061295, "pid": 116724, "device_index": 0, "gpu_uuid": "GPU-6f954bfd-7081-31b7-f15c-f9a174bf4d7f", "gpu_util_percent": 28.0, "gpu_mem_util_percent": 8.0, "gpu_mem_used_mib": 31878.0, "gpu_mem_total_mib": 49140.0, "gpu_power_w": 103.72, "process_present": true, "process_mem_mib": 31382.0, "process_mem_share_percent": 63.86243386243387, "process_util_available": true, "process_util_backend": "nvml", "process_sm_util_percent": 28.0, "process_mem_util_percent": 7.0}
{"timestamp_unix": 1772442703.0976713, "pid": 116724, "device_index": 0, "gpu_uuid": "GPU-6f954bfd-7081-31b7-f15c-f9a174bf4d7f", "gpu_util_percent": 28.0, "gpu_mem_util_percent": 8.0, "gpu_mem_used_mib": 31878.0, "gpu_mem_total_mib": 49140.0, "gpu_power_w": 103.72, "process_present": true, "process_mem_mib": 31382.0, "process_mem_share_percent": 63.86243386243387, "process_util_available": true, "process_util_backend": "nvml", "process_sm_util_percent": 29.0, "process_mem_util_percent": 8.0}
{"timestamp_unix": 1772442703.3917139, "pid": 116724, "device_index": 0, "gpu_uuid": "GPU-6f954bfd-7081-31b7-f15c-f9a174bf4d7f", "gpu_util_percent": 28.0, "gpu_mem_util_percent": 8.0, "gpu_mem_used_mib": 31878.0, "gpu_mem_total_mib": 49140.0, "gpu_power_w": 103.16, "process_present": true, "process_mem_mib": 31382.0, "process_mem_share_percent": 63.86243386243387, "process_util_available": true, "process_util_backend": "nvml", "process_sm_util_percent": 29.0, "process_mem_util_percent": 8.0}
{"timestamp_unix": 1772442703.6854353, "pid": 116724, "device_index": 0, "gpu_uuid": "GPU-6f954bfd-7081-31b7-f15c-f9a174bf4d7f", "gpu_util_percent": 28.0, "gpu_mem_util_percent": 8.0, "gpu_mem_used_mib": 31878.0, "gpu_mem_total_mib": 49140.0, "gpu_power_w": 103.16, "process_present": true, "process_mem_mib": 31382.0, "process_mem_share_percent": 63.86243386243387, "process_util_available": true, "process_util_backend": "nvml", "process_sm_util_percent": 28.0, "process_mem_util_percent": 7.0}
{"timestamp_unix": 1772442703.976188, "pid": 116724, "device_index": 0, "gpu_uuid": "GPU-6f954bfd-7081-31b7-f15c-f9a174bf4d7f", "gpu_util_percent": 27.0, "gpu_mem_util_percent": 7.0, "gpu_mem_used_mib": 31878.0, "gpu_mem_total_mib": 49140.0, "gpu_power_w": 102.57, "process_present": true, "process_mem_mib": 31382.0, "process_mem_share_percent": 63.86243386243387, "process_util_available": true, "process_util_backend": "nvml", "process_sm_util_percent": 27.0, "process_mem_util_percent": 7.0}
{"timestamp_unix": 1772442704.268666, "pid": 116724, "device_index": 0, "gpu_uuid": "GPU-6f954bfd-7081-31b7-f15c-f9a174bf4d7f", "gpu_util_percent": 27.0, "gpu_mem_util_percent": 7.0, "gpu_mem_used_mib": 31878.0, "gpu_mem_total_mib": 49140.0, "gpu_power_w": 102.57, "process_present": true, "process_mem_mib": 31382.0, "process_mem_share_percent": 63.86243386243387, "process_util_available": true, "process_util_backend": "nvml", "process_sm_util_percent": 28.0, "process_mem_util_percent": 7.0}
{"timestamp_unix": 1772442704.5635302, "pid": 116724, "device_index": 0, "gpu_uuid": "GPU-6f954bfd-7081-31b7-f15c-f9a174bf4d7f", "gpu_util_percent": 27.0, "gpu_mem_util_percent": 7.0, "gpu_mem_used_mib": 31878.0, "gpu_mem_total_mib": 49140.0, "gpu_power_w": 102.07, "process_present": true, "process_mem_mib": 31382.0, "process_mem_share_percent": 63.86243386243387, "process_util_available": true, "process_util_backend": "nvml", "process_sm_util_percent": 27.0, "process_mem_util_percent": 7.0}
{"timestamp_unix": 1772442704.8789382, "pid": 116724, "device_index": 0, "gpu_uuid": "GPU-6f954bfd-7081-31b7-f15c-f9a174bf4d7f", "gpu_util_percent": 27.0, "gpu_mem_util_percent": 7.0, "gpu_mem_used_mib": 31878.0, "gpu_mem_total_mib": 49140.0, "gpu_power_w": 101.91, "process_present": true, "process_mem_mib": 31382.0, "process_mem_share_percent": 63.86243386243387, "process_util_available": true, "process_util_backend": "nvml", "process_sm_util_percent": 27.0, "process_mem_util_percent": 7.0}
{"timestamp_unix": 1772442705.1946719, "pid": 116724, "device_index": 0, "gpu_uuid": "GPU-6f954bfd-7081-31b7-f15c-f9a174bf4d7f", "gpu_util_percent": 27.0, "gpu_mem_util_percent": 7.0, "gpu_mem_used_mib": 31877.0, "gpu_mem_total_mib": 49140.0, "gpu_power_w": 101.91, "process_present": true, "process_mem_mib": 31382.0, "process_mem_share_percent": 63.86243386243387, "process_util_available": true, "process_util_backend": "nvml", "process_sm_util_percent": 26.0, "process_mem_util_percent": 7.0}
{"timestamp_unix": 1772442705.4886377, "pid": 116724, "device_index": 0, "gpu_uuid": "GPU-6f954bfd-7081-31b7-f15c-f9a174bf4d7f", "gpu_util_percent": 27.0, "gpu_mem_util_percent": 7.0, "gpu_mem_used_mib": 31877.0, "gpu_mem_total_mib": 49140.0, "gpu_power_w": 101.87, "process_present": true, "process_mem_mib": 31382.0, "process_mem_share_percent": 63.86243386243387, "process_util_available": true, "process_util_backend": "nvml", "process_sm_util_percent": 26.0, "process_mem_util_percent": 6.0}
{"timestamp_unix": 1772442705.7775354, "pid": 116724, "device_index": 0, "gpu_uuid": "GPU-6f954bfd-7081-31b7-f15c-f9a174bf4d7f", "gpu_util_percent": 26.0, "gpu_mem_util_percent": 6.0, "gpu_mem_used_mib": 31877.0, "gpu_mem_total_mib": 49140.0, "gpu_power_w": 101.45, "process_present": true, "process_mem_mib": 31382.0, "process_mem_share_percent": 63.86243386243387, "process_util_available": true, "process_util_backend": "nvml", "process_sm_util_percent": 26.0, "process_mem_util_percent": 6.0}
{"timestamp_unix": 1772442706.0702908, "pid": 116724, "device_index": 0, "gpu_uuid": "GPU-6f954bfd-7081-31b7-f15c-f9a174bf4d7f", "gpu_util_percent": 26.0, "gpu_mem_util_percent": 6.0, "gpu_mem_used_mib": 31877.0, "gpu_mem_total_mib": 49140.0, "gpu_power_w": 101.45, "process_present": true, "process_mem_mib": 31382.0, "process_mem_share_percent": 63.86243386243387, "process_util_available": true, "process_util_backend": "nvml", "process_sm_util_percent": 26.0, "process_mem_util_percent": 6.0}
{"timestamp_unix": 1772442706.366142, "pid": 116724, "device_index": 0, "gpu_uuid": "GPU-6f954bfd-7081-31b7-f15c-f9a174bf4d7f", "gpu_util_percent": 26.0, "gpu_mem_util_percent": 6.0, "gpu_mem_used_mib": 31876.0, "gpu_mem_total_mib": 49140.0, "gpu_power_w": 100.93, "process_present": true, "process_mem_mib": 31382.0, "process_mem_share_percent": 63.86243386243387, "process_util_available": true, "process_util_backend": "nvml", "process_sm_util_percent": 26.0, "process_mem_util_percent": 5.0}
{"timestamp_unix": 1772442706.6578977, "pid": 116724, "device_index": 0, "gpu_uuid": "GPU-6f954bfd-7081-31b7-f15c-f9a174bf4d7f", "gpu_util_percent": 26.0, "gpu_mem_util_percent": 6.0, "gpu_mem_used_mib": 31876.0, "gpu_mem_total_mib": 49140.0, "gpu_power_w": 100.93, "process_present": true, "process_mem_mib": 31382.0, "process_mem_share_percent": 63.86243386243387, "process_util_available": true, "process_util_backend": "nvml", "process_sm_util_percent": 26.0, "process_mem_util_percent": 4.0}
{"timestamp_unix": 1772442706.955375, "pid": 116724, "device_index": 0, "gpu_uuid": "GPU-6f954bfd-7081-31b7-f15c-f9a174bf4d7f", "gpu_util_percent": 25.0, "gpu_mem_util_percent": 5.0, "gpu_mem_used_mib": 31876.0, "gpu_mem_total_mib": 49140.0, "gpu_power_w": 99.72, "process_present": true, "process_mem_mib": 31382.0, "process_mem_share_percent": 63.86243386243387, "process_util_available": true, "process_util_backend": "nvml", "process_sm_util_percent": 26.0, "process_mem_util_percent": 4.0}
{"timestamp_unix": 1772442707.2619653, "pid": 116724, "device_index": 0, "gpu_uuid": "GPU-6f954bfd-7081-31b7-f15c-f9a174bf4d7f", "gpu_util_percent": 25.0, "gpu_mem_util_percent": 5.0, "gpu_mem_used_mib": 31876.0, "gpu_mem_total_mib": 49140.0, "gpu_power_w": 99.72, "process_present": true, "process_mem_mib": 31382.0, "process_mem_share_percent": 63.86243386243387, "process_util_available": true, "process_util_backend": "nvml", "process_sm_util_percent": 23.0, "process_mem_util_percent": 4.0}
{"timestamp_unix": 1772442707.571583, "pid": 116724, "device_index": 0, "gpu_uuid": "GPU-6f954bfd-7081-31b7-f15c-f9a174bf4d7f", "gpu_util_percent": 25.0, "gpu_mem_util_percent": 5.0, "gpu_mem_used_mib": 31876.0, "gpu_mem_total_mib": 49140.0, "gpu_power_w": 97.75, "process_present": true, "process_mem_mib": 31382.0, "process_mem_share_percent": 63.86243386243387, "process_util_available": true, "process_util_backend": "nvml", "process_sm_util_percent": 25.0, "process_mem_util_percent": 5.0}
{"timestamp_unix": 1772442707.8819726, "pid": 116724, "device_index": 0, "gpu_uuid": "GPU-6f954bfd-7081-31b7-f15c-f9a174bf4d7f", "gpu_util_percent": 25.0, "gpu_mem_util_percent": 6.0, "gpu_mem_used_mib": 31876.0, "gpu_mem_total_mib": 49140.0, "gpu_power_w": 97.89, "process_present": true, "process_mem_mib": 31382.0, "process_mem_share_percent": 63.86243386243387, "process_util_available": true, "process_util_backend": "nvml", "process_sm_util_percent": 25.0, "process_mem_util_percent": 5.0}
{"timestamp_unix": 1772442708.1899922, "pid": 116724, "device_index": 0, "gpu_uuid": "GPU-6f954bfd-7081-31b7-f15c-f9a174bf4d7f", "gpu_util_percent": 25.0, "gpu_mem_util_percent": 6.0, "gpu_mem_used_mib": 31876.0, "gpu_mem_total_mib": 49140.0, "gpu_power_w": 97.89, "process_present": true, "process_mem_mib": 31382.0, "process_mem_share_percent": 63.86243386243387, "process_util_available": true, "process_util_backend": "nvml", "process_sm_util_percent": 26.0, "process_mem_util_percent": 6.0}
{"timestamp_unix": 1772442708.4831774, "pid": 116724, "device_index": 0, "gpu_uuid": "GPU-6f954bfd-7081-31b7-f15c-f9a174bf4d7f", "gpu_util_percent": 25.0, "gpu_mem_util_percent": 6.0, "gpu_mem_used_mib": 31876.0, "gpu_mem_total_mib": 49140.0, "gpu_power_w": 99.64, "process_present": true, "process_mem_mib": 31382.0, "process_mem_share_percent": 63.86243386243387, "process_util_available": true, "process_util_backend": "nvml", "process_sm_util_percent": 26.0, "process_mem_util_percent": 5.0}
{"timestamp_unix": 1772442708.7739632, "pid": 116724, "device_index": 0, "gpu_uuid": "GPU-6f954bfd-7081-31b7-f15c-f9a174bf4d7f", "gpu_util_percent": 26.0, "gpu_mem_util_percent": 6.0, "gpu_mem_used_mib": 31876.0, "gpu_mem_total_mib": 49140.0, "gpu_power_w": 99.81, "process_present": true, "process_mem_mib": 31382.0, "process_mem_share_percent": 63.86243386243387, "process_util_available": true, "process_util_backend": "nvml", "process_sm_util_percent": 26.0, "process_mem_util_percent": 6.0}
{"timestamp_unix": 1772442709.0682023, "pid": 116724, "device_index": 0, "gpu_uuid": "GPU-6f954bfd-7081-31b7-f15c-f9a174bf4d7f", "gpu_util_percent": 26.0, "gpu_mem_util_percent": 6.0, "gpu_mem_used_mib": 31876.0, "gpu_mem_total_mib": 49140.0, "gpu_power_w": 99.81, "process_present": true, "process_mem_mib": 31382.0, "process_mem_share_percent": 63.86243386243387, "process_util_available": true, "process_util_backend": "nvml", "process_sm_util_percent": 26.0, "process_mem_util_percent": 6.0}
{"timestamp_unix": 1772442709.362968, "pid": 116724, "device_index": 0, "gpu_uuid": "GPU-6f954bfd-7081-31b7-f15c-f9a174bf4d7f", "gpu_util_percent": 26.0, "gpu_mem_util_percent": 6.0, "gpu_mem_used_mib": 31876.0, "gpu_mem_total_mib": 49140.0, "gpu_power_w": 99.94, "process_present": true, "process_mem_mib": 31382.0, "process_mem_share_percent": 63.86243386243387, "process_util_available": true, "process_util_backend": "nvml", "process_sm_util_percent": 26.0, "process_mem_util_percent": 6.0}
{"timestamp_unix": 1772442709.6561337, "pid": 116724, "device_index": 0, "gpu_uuid": "GPU-6f954bfd-7081-31b7-f15c-f9a174bf4d7f", "gpu_util_percent": 26.0, "gpu_mem_util_percent": 6.0, "gpu_mem_used_mib": 31876.0, "gpu_mem_total_mib": 49140.0, "gpu_power_w": 99.94, "process_present": true, "process_mem_mib": 31382.0, "process_mem_share_percent": 63.86243386243387, "process_util_available": true, "process_util_backend": "nvml", "process_sm_util_percent": 27.0, "process_mem_util_percent": 6.0}
{"timestamp_unix": 1772442709.9483232, "pid": 116724, "device_index": 0, "gpu_uuid": "GPU-6f954bfd-7081-31b7-f15c-f9a174bf4d7f", "gpu_util_percent": 26.0, "gpu_mem_util_percent": 6.0, "gpu_mem_used_mib": 31876.0, "gpu_mem_total_mib": 49140.0, "gpu_power_w": 100.54, "process_present": true, "process_mem_mib": 31382.0, "process_mem_share_percent": 63.86243386243387, "process_util_available": true, "process_util_backend": "nvml", "process_sm_util_percent": 26.0, "process_mem_util_percent": 6.0}
{"timestamp_unix": 1772442710.2523632, "pid": 116724, "device_index": 0, "gpu_uuid": "GPU-6f954bfd-7081-31b7-f15c-f9a174bf4d7f", "gpu_util_percent": 26.0, "gpu_mem_util_percent": 6.0, "gpu_mem_used_mib": 31870.0, "gpu_mem_total_mib": 49140.0, "gpu_power_w": 100.54, "process_present": true, "process_mem_mib": 31382.0, "process_mem_share_percent": 63.86243386243387, "process_util_available": true, "process_util_backend": "nvml", "process_sm_util_percent": 13.0, "process_mem_util_percent": 3.0}
{"timestamp_unix": 1772442710.5533562, "pid": 116724, "device_index": 0, "gpu_uuid": "GPU-6f954bfd-7081-31b7-f15c-f9a174bf4d7f", "gpu_util_percent": 26.0, "gpu_mem_util_percent": 6.0, "gpu_mem_used_mib": 31900.0, "gpu_mem_total_mib": 49140.0, "gpu_power_w": 100.99, "process_present": true, "process_mem_mib": 31442.0, "process_mem_share_percent": 63.98453398453399, "process_util_available": true, "process_util_backend": "nvml", "process_sm_util_percent": 26.0, "process_mem_util_percent": 6.0}
{"timestamp_unix": 1772442710.851824, "pid": 116724, "device_index": 0, "gpu_uuid": "GPU-6f954bfd-7081-31b7-f15c-f9a174bf4d7f", "gpu_util_percent": 26.0, "gpu_mem_util_percent": 7.0, "gpu_mem_used_mib": 32440.0, "gpu_mem_total_mib": 49140.0, "gpu_power_w": 101.26, "process_present": true, "process_mem_mib": 31992.0, "process_mem_share_percent": 65.1037851037851, "process_util_available": true, "process_util_backend": "nvml", "process_sm_util_percent": 13.0, "process_mem_util_percent": 3.0}
{"timestamp_unix": 1772442711.1404219, "pid": 116724, "device_index": 0, "gpu_uuid": "GPU-6f954bfd-7081-31b7-f15c-f9a174bf4d7f", "gpu_util_percent": 26.0, "gpu_mem_util_percent": 7.0, "gpu_mem_used_mib": 33164.0, "gpu_mem_total_mib": 49140.0, "gpu_power_w": 101.26, "process_present": true, "process_mem_mib": 32700.0, "process_mem_share_percent": 66.54456654456654, "process_util_available": true, "process_util_backend": "nvml", "process_sm_util_percent": null, "process_mem_util_percent": null}
{"timestamp_unix": 1772442711.434734, "pid": 116724, "device_index": 0, "gpu_uuid": "GPU-6f954bfd-7081-31b7-f15c-f9a174bf4d7f", "gpu_util_percent": 26.0, "gpu_mem_util_percent": 7.0, "gpu_mem_used_mib": 33188.0, "gpu_mem_total_mib": 49140.0, "gpu_power_w": 97.89, "process_present": true, "process_mem_mib": 32700.0, "process_mem_share_percent": 66.54456654456654, "process_util_available": true, "process_util_backend": "nvml", "process_sm_util_percent": 28.0, "process_mem_util_percent": 11.0}
{"timestamp_unix": 1772442711.7260394, "pid": 116724, "device_index": 0, "gpu_uuid": "GPU-6f954bfd-7081-31b7-f15c-f9a174bf4d7f", "gpu_util_percent": 26.0, "gpu_mem_util_percent": 7.0, "gpu_mem_used_mib": 33188.0, "gpu_mem_total_mib": 49140.0, "gpu_power_w": 97.89, "process_present": true, "process_mem_mib": 32700.0, "process_mem_share_percent": 66.54456654456654, "process_util_available": true, "process_util_backend": "nvml", "process_sm_util_percent": 30.0, "process_mem_util_percent": 12.0}
{"timestamp_unix": 1772442712.0187037, "pid": 116724, "device_index": 0, "gpu_uuid": "GPU-6f954bfd-7081-31b7-f15c-f9a174bf4d7f", "gpu_util_percent": 31.0, "gpu_mem_util_percent": 12.0, "gpu_mem_used_mib": 33187.0, "gpu_mem_total_mib": 49140.0, "gpu_power_w": 101.59, "process_present": true, "process_mem_mib": 32700.0, "process_mem_share_percent": 66.54456654456654, "process_util_available": true, "process_util_backend": "nvml", "process_sm_util_percent": 30.0, "process_mem_util_percent": 12.0}
{"timestamp_unix": 1772442712.309335, "pid": 116724, "device_index": 0, "gpu_uuid": "GPU-6f954bfd-7081-31b7-f15c-f9a174bf4d7f", "gpu_util_percent": 31.0, "gpu_mem_util_percent": 12.0, "gpu_mem_used_mib": 33187.0, "gpu_mem_total_mib": 49140.0, "gpu_power_w": 108.57, "process_present": true, "process_mem_mib": 32700.0, "process_mem_share_percent": 66.54456654456654, "process_util_available": true, "process_util_backend": "nvml", "process_sm_util_percent": 29.0, "process_mem_util_percent": 12.0}
{"timestamp_unix": 1772442712.6037447, "pid": 116724, "device_index": 0, "gpu_uuid": "GPU-6f954bfd-7081-31b7-f15c-f9a174bf4d7f", "gpu_util_percent": 31.0, "gpu_mem_util_percent": 12.0, "gpu_mem_used_mib": 33187.0, "gpu_mem_total_mib": 49140.0, "gpu_power_w": 108.57, "process_present": true, "process_mem_mib": 32700.0, "process_mem_share_percent": 66.54456654456654, "process_util_available": true, "process_util_backend": "nvml", "process_sm_util_percent": null, "process_mem_util_percent": null}
{"timestamp_unix": 1772442712.9033923, "pid": 116724, "device_index": 0, "gpu_uuid": "GPU-6f954bfd-7081-31b7-f15c-f9a174bf4d7f", "gpu_util_percent": 29.0, "gpu_mem_util_percent": 12.0, "gpu_mem_used_mib": 33187.0, "gpu_mem_total_mib": 49140.0, "gpu_power_w": 109.11, "process_present": true, "process_mem_mib": 32700.0, "process_mem_share_percent": 66.54456654456654, "process_util_available": true, "process_util_backend": "nvml", "process_sm_util_percent": 15.0, "process_mem_util_percent": 6.0}
{"timestamp_unix": 1772442713.2028823, "pid": 116724, "device_index": 0, "gpu_uuid": "GPU-6f954bfd-7081-31b7-f15c-f9a174bf4d7f", "gpu_util_percent": 29.0, "gpu_mem_util_percent": 12.0, "gpu_mem_used_mib": 33187.0, "gpu_mem_total_mib": 49140.0, "gpu_power_w": 109.11, "process_present": true, "process_mem_mib": 32700.0, "process_mem_share_percent": 66.54456654456654, "process_util_available": true, "process_util_backend": "nvml", "process_sm_util_percent": null, "process_mem_util_percent": null}
{"timestamp_unix": 1772442713.501473, "pid": 116724, "device_index": 0, "gpu_uuid": "GPU-6f954bfd-7081-31b7-f15c-f9a174bf4d7f", "gpu_util_percent": 29.0, "gpu_mem_util_percent": 12.0, "gpu_mem_used_mib": 33187.0, "gpu_mem_total_mib": 49140.0, "gpu_power_w": 108.79, "process_present": true, "process_mem_mib": 32700.0, "process_mem_share_percent": 66.54456654456654, "process_util_available": true, "process_util_backend": "nvml", "process_sm_util_percent": 29.0, "process_mem_util_percent": 11.0}
{"timestamp_unix": 1772442713.7917528, "pid": 116724, "device_index": 0, "gpu_uuid": "GPU-6f954bfd-7081-31b7-f15c-f9a174bf4d7f", "gpu_util_percent": 32.0, "gpu_mem_util_percent": 12.0, "gpu_mem_used_mib": 33186.0, "gpu_mem_total_mib": 49140.0, "gpu_power_w": 108.16, "process_present": true, "process_mem_mib": 32700.0, "process_mem_share_percent": 66.54456654456654, "process_util_available": true, "process_util_backend": "nvml", "process_sm_util_percent": 29.0, "process_mem_util_percent": 11.0}
{"timestamp_unix": 1772442714.0851462, "pid": 116724, "device_index": 0, "gpu_uuid": "GPU-6f954bfd-7081-31b7-f15c-f9a174bf4d7f", "gpu_util_percent": 32.0, "gpu_mem_util_percent": 12.0, "gpu_mem_used_mib": 33186.0, "gpu_mem_total_mib": 49140.0, "gpu_power_w": 108.16, "process_present": true, "process_mem_mib": 32700.0, "process_mem_share_percent": 66.54456654456654, "process_util_available": true, "process_util_backend": "nvml", "process_sm_util_percent": 29.0, "process_mem_util_percent": 10.0}
{"timestamp_unix": 1772442714.3769174, "pid": 116724, "device_index": 0, "gpu_uuid": "GPU-6f954bfd-7081-31b7-f15c-f9a174bf4d7f", "gpu_util_percent": 32.0, "gpu_mem_util_percent": 12.0, "gpu_mem_used_mib": 33186.0, "gpu_mem_total_mib": 49140.0, "gpu_power_w": 106.92, "process_present": true, "process_mem_mib": 32700.0, "process_mem_share_percent": 66.54456654456654, "process_util_available": true, "process_util_backend": "nvml", "process_sm_util_percent": 30.0, "process_mem_util_percent": 10.0}
{"timestamp_unix": 1772442714.6699877, "pid": 116724, "device_index": 0, "gpu_uuid": "GPU-6f954bfd-7081-31b7-f15c-f9a174bf4d7f", "gpu_util_percent": 32.0, "gpu_mem_util_percent": 12.0, "gpu_mem_used_mib": 33186.0, "gpu_mem_total_mib": 49140.0, "gpu_power_w": 106.92, "process_present": true, "process_mem_mib": 32700.0, "process_mem_share_percent": 66.54456654456654, "process_util_available": true, "process_util_backend": "nvml", "process_sm_util_percent": 30.0, "process_mem_util_percent": 10.0}
{"timestamp_unix": 1772442714.9606, "pid": 116724, "device_index": 0, "gpu_uuid": "GPU-6f954bfd-7081-31b7-f15c-f9a174bf4d7f", "gpu_util_percent": 32.0, "gpu_mem_util_percent": 11.0, "gpu_mem_used_mib": 33186.0, "gpu_mem_total_mib": 49140.0, "gpu_power_w": 106.15, "process_present": true, "process_mem_mib": 32700.0, "process_mem_share_percent": 66.54456654456654, "process_util_available": true, "process_util_backend": "nvml", "process_sm_util_percent": 30.0, "process_mem_util_percent": 10.0}
{"timestamp_unix": 1772442715.252193, "pid": 116724, "device_index": 0, "gpu_uuid": "GPU-6f954bfd-7081-31b7-f15c-f9a174bf4d7f", "gpu_util_percent": 32.0, "gpu_mem_util_percent": 11.0, "gpu_mem_used_mib": 33186.0, "gpu_mem_total_mib": 49140.0, "gpu_power_w": 106.15, "process_present": true, "process_mem_mib": 32700.0, "process_mem_share_percent": 66.54456654456654, "process_util_available": true, "process_util_backend": "nvml", "process_sm_util_percent": 29.0, "process_mem_util_percent": 8.0}
{"timestamp_unix": 1772442715.5503209, "pid": 116724, "device_index": 0, "gpu_uuid": "GPU-6f954bfd-7081-31b7-f15c-f9a174bf4d7f", "gpu_util_percent": 32.0, "gpu_mem_util_percent": 11.0, "gpu_mem_used_mib": 33186.0, "gpu_mem_total_mib": 49140.0, "gpu_power_w": 105.9, "process_present": true, "process_mem_mib": 32700.0, "process_mem_share_percent": 66.54456654456654, "process_util_available": true, "process_util_backend": "nvml", "process_sm_util_percent": 27.0, "process_mem_util_percent": 6.0}
{"timestamp_unix": 1772442715.8515284, "pid": 116724, "device_index": 0, "gpu_uuid": "GPU-6f954bfd-7081-31b7-f15c-f9a174bf4d7f", "gpu_util_percent": 29.0, "gpu_mem_util_percent": 7.0, "gpu_mem_used_mib": 33186.0, "gpu_mem_total_mib": 49140.0, "gpu_power_w": 103.92, "process_present": true, "process_mem_mib": 32700.0, "process_mem_share_percent": 66.54456654456654, "process_util_available": true, "process_util_backend": "nvml", "process_sm_util_percent": 27.0, "process_mem_util_percent": 6.0}
{"timestamp_unix": 1772442716.1523733, "pid": 116724, "device_index": 0, "gpu_uuid": "GPU-6f954bfd-7081-31b7-f15c-f9a174bf4d7f", "gpu_util_percent": 29.0, "gpu_mem_util_percent": 7.0, "gpu_mem_used_mib": 33186.0, "gpu_mem_total_mib": 49140.0, "gpu_power_w": 103.92, "process_present": true, "process_mem_mib": 32700.0, "process_mem_share_percent": 66.54456654456654, "process_util_available": true, "process_util_backend": "nvml", "process_sm_util_percent": 27.0, "process_mem_util_percent": 6.0}
{"timestamp_unix": 1772442716.450861, "pid": 116724, "device_index": 0, "gpu_uuid": "GPU-6f954bfd-7081-31b7-f15c-f9a174bf4d7f", "gpu_util_percent": 29.0, "gpu_mem_util_percent": 7.0, "gpu_mem_used_mib": 33186.0, "gpu_mem_total_mib": 49140.0, "gpu_power_w": 101.93, "process_present": true, "process_mem_mib": 32700.0, "process_mem_share_percent": 66.54456654456654, "process_util_available": true, "process_util_backend": "nvml", "process_sm_util_percent": 27.0, "process_mem_util_percent": 6.0}
{"timestamp_unix": 1772442716.7501643, "pid": 116724, "device_index": 0, "gpu_uuid": "GPU-6f954bfd-7081-31b7-f15c-f9a174bf4d7f", "gpu_util_percent": 29.0, "gpu_mem_util_percent": 7.0, "gpu_mem_used_mib": 33186.0, "gpu_mem_total_mib": 49140.0, "gpu_power_w": 101.93, "process_present": true, "process_mem_mib": 32700.0, "process_mem_share_percent": 66.54456654456654, "process_util_available": true, "process_util_backend": "nvml", "process_sm_util_percent": 21.0, "process_mem_util_percent": 4.0}
{"timestamp_unix": 1772442717.040017, "pid": 116724, "device_index": 0, "gpu_uuid": "GPU-6f954bfd-7081-31b7-f15c-f9a174bf4d7f", "gpu_util_percent": 26.0, "gpu_mem_util_percent": 6.0, "gpu_mem_used_mib": 33190.0, "gpu_mem_total_mib": 49140.0, "gpu_power_w": 100.45, "process_present": true, "process_mem_mib": 32700.0, "process_mem_share_percent": 66.54456654456654, "process_util_available": true, "process_util_backend": "nvml", "process_sm_util_percent": 27.0, "process_mem_util_percent": 6.0}
{"timestamp_unix": 1772442717.3371909, "pid": 116724, "device_index": 0, "gpu_uuid": "GPU-6f954bfd-7081-31b7-f15c-f9a174bf4d7f", "gpu_util_percent": 26.0, "gpu_mem_util_percent": 6.0, "gpu_mem_used_mib": 33190.0, "gpu_mem_total_mib": 49140.0, "gpu_power_w": 100.39, "process_present": true, "process_mem_mib": 32700.0, "process_mem_share_percent": 66.54456654456654, "process_util_available": true, "process_util_backend": "nvml", "process_sm_util_percent": 27.0, "process_mem_util_percent": 6.0}
{"timestamp_unix": 1772442717.6284297, "pid": 116724, "device_index": 0, "gpu_uuid": "GPU-6f954bfd-7081-31b7-f15c-f9a174bf4d7f", "gpu_util_percent": 26.0, "gpu_mem_util_percent": 6.0, "gpu_mem_used_mib": 33190.0, "gpu_mem_total_mib": 49140.0, "gpu_power_w": 100.39, "process_present": true, "process_mem_mib": 32700.0, "process_mem_share_percent": 66.54456654456654, "process_util_available": true, "process_util_backend": "nvml", "process_sm_util_percent": 27.0, "process_mem_util_percent": 6.0}
{"timestamp_unix": 1772442717.9177554, "pid": 116724, "device_index": 0, "gpu_uuid": "GPU-6f954bfd-7081-31b7-f15c-f9a174bf4d7f", "gpu_util_percent": 28.0, "gpu_mem_util_percent": 7.0, "gpu_mem_used_mib": 33190.0, "gpu_mem_total_mib": 49140.0, "gpu_power_w": 101.51, "process_present": true, "process_mem_mib": 32700.0, "process_mem_share_percent": 66.54456654456654, "process_util_available": true, "process_util_backend": "nvml", "process_sm_util_percent": 27.0, "process_mem_util_percent": 7.0}
{"timestamp_unix": 1772442718.2066808, "pid": 116724, "device_index": 0, "gpu_uuid": "GPU-6f954bfd-7081-31b7-f15c-f9a174bf4d7f", "gpu_util_percent": 28.0, "gpu_mem_util_percent": 7.0, "gpu_mem_used_mib": 33190.0, "gpu_mem_total_mib": 49140.0, "gpu_power_w": 101.51, "process_present": true, "process_mem_mib": 32700.0, "process_mem_share_percent": 66.54456654456654, "process_util_available": true, "process_util_backend": "nvml", "process_sm_util_percent": 28.0, "process_mem_util_percent": 7.0}
{"timestamp_unix": 1772442718.5019653, "pid": 116724, "device_index": 0, "gpu_uuid": "GPU-6f954bfd-7081-31b7-f15c-f9a174bf4d7f", "gpu_util_percent": 28.0, "gpu_mem_util_percent": 7.0, "gpu_mem_used_mib": 33190.0, "gpu_mem_total_mib": 49140.0, "gpu_power_w": 102.64, "process_present": true, "process_mem_mib": 32700.0, "process_mem_share_percent": 66.54456654456654, "process_util_available": true, "process_util_backend": "nvml", "process_sm_util_percent": 26.0, "process_mem_util_percent": 7.0}
{"timestamp_unix": 1772442718.8131833, "pid": 116724, "device_index": 0, "gpu_uuid": "GPU-6f954bfd-7081-31b7-f15c-f9a174bf4d7f", "gpu_util_percent": 28.0, "gpu_mem_util_percent": 7.0, "gpu_mem_used_mib": 33190.0, "gpu_mem_total_mib": 49140.0, "gpu_power_w": 102.92, "process_present": true, "process_mem_mib": 32700.0, "process_mem_share_percent": 66.54456654456654, "process_util_available": true, "process_util_backend": "nvml", "process_sm_util_percent": 26.0, "process_mem_util_percent": 7.0}
{"timestamp_unix": 1772442719.1292064, "pid": 116724, "device_index": 0, "gpu_uuid": "GPU-6f954bfd-7081-31b7-f15c-f9a174bf4d7f", "gpu_util_percent": 28.0, "gpu_mem_util_percent": 7.0, "gpu_mem_used_mib": 33190.0, "gpu_mem_total_mib": 49140.0, "gpu_power_w": 102.92, "process_present": true, "process_mem_mib": 32700.0, "process_mem_share_percent": 66.54456654456654, "process_util_available": true, "process_util_backend": "nvml", "process_sm_util_percent": 27.0, "process_mem_util_percent": 7.0}
{"timestamp_unix": 1772442719.4363048, "pid": 116724, "device_index": 0, "gpu_uuid": "GPU-6f954bfd-7081-31b7-f15c-f9a174bf4d7f", "gpu_util_percent": 28.0, "gpu_mem_util_percent": 7.0, "gpu_mem_used_mib": 33190.0, "gpu_mem_total_mib": 49140.0, "gpu_power_w": 103.05, "process_present": true, "process_mem_mib": 32700.0, "process_mem_share_percent": 66.54456654456654, "process_util_available": true, "process_util_backend": "nvml", "process_sm_util_percent": 27.0, "process_mem_util_percent": 7.0}
{"timestamp_unix": 1772442719.726711, "pid": 116724, "device_index": 0, "gpu_uuid": "GPU-6f954bfd-7081-31b7-f15c-f9a174bf4d7f", "gpu_util_percent": 28.0, "gpu_mem_util_percent": 7.0, "gpu_mem_used_mib": 33922.0, "gpu_mem_total_mib": 49140.0, "gpu_power_w": 103.05, "process_present": true, "process_mem_mib": 33462.0, "process_mem_share_percent": 68.0952380952381, "process_util_available": true, "process_util_backend": "nvml", "process_sm_util_percent": 27.0, "process_mem_util_percent": 7.0}
{"timestamp_unix": 1772442720.0193458, "pid": 116724, "device_index": 0, "gpu_uuid": "GPU-6f954bfd-7081-31b7-f15c-f9a174bf4d7f", "gpu_util_percent": 28.0, "gpu_mem_util_percent": 7.0, "gpu_mem_used_mib": 34195.0, "gpu_mem_total_mib": 49140.0, "gpu_power_w": 103.52, "process_present": true, "process_mem_mib": 33762.0, "process_mem_share_percent": 68.70573870573871, "process_util_available": true, "process_util_backend": "nvml", "process_sm_util_percent": 27.0, "process_mem_util_percent": 7.0}
{"timestamp_unix": 1772442720.3104482, "pid": 116724, "device_index": 0, "gpu_uuid": "GPU-6f954bfd-7081-31b7-f15c-f9a174bf4d7f", "gpu_util_percent": 28.0, "gpu_mem_util_percent": 7.0, "gpu_mem_used_mib": 34501.0, "gpu_mem_total_mib": 49140.0, "gpu_power_w": 103.51, "process_present": true, "process_mem_mib": 34032.0, "process_mem_share_percent": 69.25518925518925, "process_util_available": true, "process_util_backend": "nvml", "process_sm_util_percent": 30.0, "process_mem_util_percent": 7.0}
{"timestamp_unix": 1772442720.6020405, "pid": 116724, "device_index": 0, "gpu_uuid": "GPU-6f954bfd-7081-31b7-f15c-f9a174bf4d7f", "gpu_util_percent": 28.0, "gpu_mem_util_percent": 7.0, "gpu_mem_used_mib": 34681.0, "gpu_mem_total_mib": 49140.0, "gpu_power_w": 103.51, "process_present": true, "process_mem_mib": 34182.0, "process_mem_share_percent": 69.56043956043956, "process_util_available": true, "process_util_backend": "nvml", "process_sm_util_percent": 27.0, "process_mem_util_percent": 7.0}
{"timestamp_unix": 1772442720.8926141, "pid": 116724, "device_index": 0, "gpu_uuid": "GPU-6f954bfd-7081-31b7-f15c-f9a174bf4d7f", "gpu_util_percent": 15.0, "gpu_mem_util_percent": 1.0, "gpu_mem_used_mib": 35513.0, "gpu_mem_total_mib": 49140.0, "gpu_power_w": 100.36, "process_present": true, "process_mem_mib": 35014.0, "process_mem_share_percent": 71.25356125356124, "process_util_available": true, "process_util_backend": "nvml", "process_sm_util_percent": 11.0, "process_mem_util_percent": 2.0}
{"timestamp_unix": 1772442721.186752, "pid": 116724, "device_index": 0, "gpu_uuid": "GPU-6f954bfd-7081-31b7-f15c-f9a174bf4d7f", "gpu_util_percent": 15.0, "gpu_mem_util_percent": 1.0, "gpu_mem_used_mib": 35513.0, "gpu_mem_total_mib": 49140.0, "gpu_power_w": 100.36, "process_present": true, "process_mem_mib": 35014.0, "process_mem_share_percent": 71.25356125356124, "process_util_available": true, "process_util_backend": "nvml", "process_sm_util_percent": 33.0, "process_mem_util_percent": 14.0}
{"timestamp_unix": 1772442721.4887064, "pid": 116724, "device_index": 0, "gpu_uuid": "GPU-6f954bfd-7081-31b7-f15c-f9a174bf4d7f", "gpu_util_percent": 15.0, "gpu_mem_util_percent": 1.0, "gpu_mem_used_mib": 35513.0, "gpu_mem_total_mib": 49140.0, "gpu_power_w": 101.35, "process_present": true, "process_mem_mib": 35014.0, "process_mem_share_percent": 71.25356125356124, "process_util_available": true, "process_util_backend": "nvml", "process_sm_util_percent": 34.0, "process_mem_util_percent": 15.0}
{"timestamp_unix": 1772442721.7971408, "pid": 116724, "device_index": 0, "gpu_uuid": "GPU-6f954bfd-7081-31b7-f15c-f9a174bf4d7f", "gpu_util_percent": 35.0, "gpu_mem_util_percent": 16.0, "gpu_mem_used_mib": 35513.0, "gpu_mem_total_mib": 49140.0, "gpu_power_w": 107.59, "process_present": true, "process_mem_mib": 35014.0, "process_mem_share_percent": 71.25356125356124, "process_util_available": true, "process_util_backend": "nvml", "process_sm_util_percent": 34.0, "process_mem_util_percent": 15.0}
{"timestamp_unix": 1772442722.104056, "pid": 116724, "device_index": 0, "gpu_uuid": "GPU-6f954bfd-7081-31b7-f15c-f9a174bf4d7f", "gpu_util_percent": 35.0, "gpu_mem_util_percent": 16.0, "gpu_mem_used_mib": 35513.0, "gpu_mem_total_mib": 49140.0, "gpu_power_w": 107.59, "process_present": true, "process_mem_mib": 35014.0, "process_mem_share_percent": 71.25356125356124, "process_util_available": true, "process_util_backend": "nvml", "process_sm_util_percent": 35.0, "process_mem_util_percent": 15.0}
{"timestamp_unix": 1772442722.3945475, "pid": 116724, "device_index": 0, "gpu_uuid": "GPU-6f954bfd-7081-31b7-f15c-f9a174bf4d7f", "gpu_util_percent": 35.0, "gpu_mem_util_percent": 16.0, "gpu_mem_used_mib": 35513.0, "gpu_mem_total_mib": 49140.0, "gpu_power_w": 114.21, "process_present": true, "process_mem_mib": 35014.0, "process_mem_share_percent": 71.25356125356124, "process_util_available": true, "process_util_backend": "nvml", "process_sm_util_percent": 35.0, "process_mem_util_percent": 15.0}
{"timestamp_unix": 1772442722.687322, "pid": 116724, "device_index": 0, "gpu_uuid": "GPU-6f954bfd-7081-31b7-f15c-f9a174bf4d7f", "gpu_util_percent": 35.0, "gpu_mem_util_percent": 16.0, "gpu_mem_used_mib": 35513.0, "gpu_mem_total_mib": 49140.0, "gpu_power_w": 114.21, "process_present": true, "process_mem_mib": 35014.0, "process_mem_share_percent": 71.25356125356124, "process_util_available": true, "process_util_backend": "nvml", "process_sm_util_percent": 34.0, "process_mem_util_percent": 15.0}
{"timestamp_unix": 1772442722.9797335, "pid": 116724, "device_index": 0, "gpu_uuid": "GPU-6f954bfd-7081-31b7-f15c-f9a174bf4d7f", "gpu_util_percent": 35.0, "gpu_mem_util_percent": 15.0, "gpu_mem_used_mib": 35513.0, "gpu_mem_total_mib": 49140.0, "gpu_power_w": 113.97, "process_present": true, "process_mem_mib": 35014.0, "process_mem_share_percent": 71.25356125356124, "process_util_available": true, "process_util_backend": "nvml", "process_sm_util_percent": 34.0, "process_mem_util_percent": 14.0}
{"timestamp_unix": 1772442723.2798626, "pid": 116724, "device_index": 0, "gpu_uuid": "GPU-6f954bfd-7081-31b7-f15c-f9a174bf4d7f", "gpu_util_percent": 35.0, "gpu_mem_util_percent": 15.0, "gpu_mem_used_mib": 35513.0, "gpu_mem_total_mib": 49140.0, "gpu_power_w": 113.3, "process_present": true, "process_mem_mib": 35014.0, "process_mem_share_percent": 71.25356125356124, "process_util_available": true, "process_util_backend": "nvml", "process_sm_util_percent": 34.0, "process_mem_util_percent": 15.0}
{"timestamp_unix": 1772442723.5737402, "pid": 116724, "device_index": 0, "gpu_uuid": "GPU-6f954bfd-7081-31b7-f15c-f9a174bf4d7f", "gpu_util_percent": 35.0, "gpu_mem_util_percent": 15.0, "gpu_mem_used_mib": 35513.0, "gpu_mem_total_mib": 49140.0, "gpu_power_w": 113.3, "process_present": true, "process_mem_mib": 35014.0, "process_mem_share_percent": 71.25356125356124, "process_util_available": true, "process_util_backend": "nvml", "process_sm_util_percent": 34.0, "process_mem_util_percent": 14.0}
{"timestamp_unix": 1772442723.871226, "pid": 116724, "device_index": 0, "gpu_uuid": "GPU-6f954bfd-7081-31b7-f15c-f9a174bf4d7f", "gpu_util_percent": 33.0, "gpu_mem_util_percent": 14.0, "gpu_mem_used_mib": 35513.0, "gpu_mem_total_mib": 49140.0, "gpu_power_w": 112.75, "process_present": true, "process_mem_mib": 35014.0, "process_mem_share_percent": 71.25356125356124, "process_util_available": true, "process_util_backend": "nvml", "process_sm_util_percent": 33.0, "process_mem_util_percent": 14.0}
{"timestamp_unix": 1772442724.1802323, "pid": 116724, "device_index": 0, "gpu_uuid": "GPU-6f954bfd-7081-31b7-f15c-f9a174bf4d7f", "gpu_util_percent": 33.0, "gpu_mem_util_percent": 14.0, "gpu_mem_used_mib": 35513.0, "gpu_mem_total_mib": 49140.0, "gpu_power_w": 112.75, "process_present": true, "process_mem_mib": 35014.0, "process_mem_share_percent": 71.25356125356124, "process_util_available": true, "process_util_backend": "nvml", "process_sm_util_percent": 34.0, "process_mem_util_percent": 15.0}
{"timestamp_unix": 1772442724.4855723, "pid": 116724, "device_index": 0, "gpu_uuid": "GPU-6f954bfd-7081-31b7-f15c-f9a174bf4d7f", "gpu_util_percent": 33.0, "gpu_mem_util_percent": 14.0, "gpu_mem_used_mib": 35513.0, "gpu_mem_total_mib": 49140.0, "gpu_power_w": 112.43, "process_present": true, "process_mem_mib": 35014.0, "process_mem_share_percent": 71.25356125356124, "process_util_available": true, "process_util_backend": "nvml", "process_sm_util_percent": 30.0, "process_mem_util_percent": 9.0}
{"timestamp_unix": 1772442724.7843668, "pid": 116724, "device_index": 0, "gpu_uuid": "GPU-6f954bfd-7081-31b7-f15c-f9a174bf4d7f", "gpu_util_percent": 29.0, "gpu_mem_util_percent": 8.0, "gpu_mem_used_mib": 35513.0, "gpu_mem_total_mib": 49140.0, "gpu_power_w": 108.81, "process_present": true, "process_mem_mib": 35014.0, "process_mem_share_percent": 71.25356125356124, "process_util_available": true, "process_util_backend": "nvml", "process_sm_util_percent": 28.0, "process_mem_util_percent": 8.0}
{"timestamp_unix": 1772442725.0755177, "pid": 116724, "device_index": 0, "gpu_uuid": "GPU-6f954bfd-7081-31b7-f15c-f9a174bf4d7f", "gpu_util_percent": 29.0, "gpu_mem_util_percent": 8.0, "gpu_mem_used_mib": 35512.0, "gpu_mem_total_mib": 49140.0, "gpu_power_w": 108.81, "process_present": true, "process_mem_mib": 35014.0, "process_mem_share_percent": 71.25356125356124, "process_util_available": true, "process_util_backend": "nvml", "process_sm_util_percent": 15.0, "process_mem_util_percent": 4.0}
{"timestamp_unix": 1772442725.3731809, "pid": 116724, "device_index": 0, "gpu_uuid": "GPU-6f954bfd-7081-31b7-f15c-f9a174bf4d7f", "gpu_util_percent": 29.0, "gpu_mem_util_percent": 8.0, "gpu_mem_used_mib": 35513.0, "gpu_mem_total_mib": 49140.0, "gpu_power_w": 105.5, "process_present": true, "process_mem_mib": 35014.0, "process_mem_share_percent": 71.25356125356124, "process_util_available": true, "process_util_backend": "nvml", "process_sm_util_percent": 29.0, "process_mem_util_percent": 8.0}
{"timestamp_unix": 1772442725.6660237, "pid": 116724, "device_index": 0, "gpu_uuid": "GPU-6f954bfd-7081-31b7-f15c-f9a174bf4d7f", "gpu_util_percent": 29.0, "gpu_mem_util_percent": 8.0, "gpu_mem_used_mib": 35513.0, "gpu_mem_total_mib": 49140.0, "gpu_power_w": 105.5, "process_present": true, "process_mem_mib": 35014.0, "process_mem_share_percent": 71.25356125356124, "process_util_available": true, "process_util_backend": "nvml", "process_sm_util_percent": 28.0, "process_mem_util_percent": 7.0}
{"timestamp_unix": 1772442725.9581392, "pid": 116724, "device_index": 0, "gpu_uuid": "GPU-6f954bfd-7081-31b7-f15c-f9a174bf4d7f", "gpu_util_percent": 29.0, "gpu_mem_util_percent": 8.0, "gpu_mem_used_mib": 35513.0, "gpu_mem_total_mib": 49140.0, "gpu_power_w": 104.58, "process_present": true, "process_mem_mib": 35014.0, "process_mem_share_percent": 71.25356125356124, "process_util_available": true, "process_util_backend": "nvml", "process_sm_util_percent": 28.0, "process_mem_util_percent": 7.0}
{"timestamp_unix": 1772442726.2520916, "pid": 116724, "device_index": 0, "gpu_uuid": "GPU-6f954bfd-7081-31b7-f15c-f9a174bf4d7f", "gpu_util_percent": 29.0, "gpu_mem_util_percent": 8.0, "gpu_mem_used_mib": 35513.0, "gpu_mem_total_mib": 49140.0, "gpu_power_w": 104.58, "process_present": true, "process_mem_mib": 35014.0, "process_mem_share_percent": 71.25356125356124, "process_util_available": true, "process_util_backend": "nvml", "process_sm_util_percent": 25.0, "process_mem_util_percent": 5.0}
{"timestamp_unix": 1772442726.5427651, "pid": 116724, "device_index": 0, "gpu_uuid": "GPU-6f954bfd-7081-31b7-f15c-f9a174bf4d7f", "gpu_util_percent": 29.0, "gpu_mem_util_percent": 8.0, "gpu_mem_used_mib": 35513.0, "gpu_mem_total_mib": 49140.0, "gpu_power_w": 104.11, "process_present": true, "process_mem_mib": 35014.0, "process_mem_share_percent": 71.25356125356124, "process_util_available": true, "process_util_backend": "nvml", "process_sm_util_percent": 25.0, "process_mem_util_percent": 6.0}
{"timestamp_unix": 1772442726.8688586, "pid": 116724, "device_index": 0, "gpu_uuid": "GPU-6f954bfd-7081-31b7-f15c-f9a174bf4d7f", "gpu_util_percent": 28.0, "gpu_mem_util_percent": 8.0, "gpu_mem_used_mib": 36377.0, "gpu_mem_total_mib": 49140.0, "gpu_power_w": 102.0, "process_present": true, "process_mem_mib": 35878.0, "process_mem_share_percent": 73.01180301180301, "process_util_available": true, "process_util_backend": "nvml", "process_sm_util_percent": 27.0, "process_mem_util_percent": 7.0}
{"timestamp_unix": 1772442727.1720328, "pid": 116724, "device_index": 0, "gpu_uuid": "GPU-6f954bfd-7081-31b7-f15c-f9a174bf4d7f", "gpu_util_percent": 28.0, "gpu_mem_util_percent": 8.0, "gpu_mem_used_mib": 36373.0, "gpu_mem_total_mib": 49140.0, "gpu_power_w": 102.0, "process_present": true, "process_mem_mib": 35878.0, "process_mem_share_percent": 73.01180301180301, "process_util_available": true, "process_util_backend": "nvml", "process_sm_util_percent": 28.0, "process_mem_util_percent": 7.0}
{"timestamp_unix": 1772442727.4781766, "pid": 116724, "device_index": 0, "gpu_uuid": "GPU-6f954bfd-7081-31b7-f15c-f9a174bf4d7f", "gpu_util_percent": 28.0, "gpu_mem_util_percent": 8.0, "gpu_mem_used_mib": 36373.0, "gpu_mem_total_mib": 49140.0, "gpu_power_w": 102.33, "process_present": true, "process_mem_mib": 35878.0, "process_mem_share_percent": 73.01180301180301, "process_util_available": true, "process_util_backend": "nvml", "process_sm_util_percent": 14.0, "process_mem_util_percent": 3.0}
{"timestamp_unix": 1772442727.772759, "pid": 116724, "device_index": 0, "gpu_uuid": "GPU-6f954bfd-7081-31b7-f15c-f9a174bf4d7f", "gpu_util_percent": 28.0, "gpu_mem_util_percent": 8.0, "gpu_mem_used_mib": 36373.0, "gpu_mem_total_mib": 49140.0, "gpu_power_w": 104.7, "process_present": true, "process_mem_mib": 35878.0, "process_mem_share_percent": 73.01180301180301, "process_util_available": true, "process_util_backend": "nvml", "process_sm_util_percent": 28.0, "process_mem_util_percent": 7.0}
{"timestamp_unix": 1772442728.0646906, "pid": 116724, "device_index": 0, "gpu_uuid": "GPU-6f954bfd-7081-31b7-f15c-f9a174bf4d7f", "gpu_util_percent": 29.0, "gpu_mem_util_percent": 8.0, "gpu_mem_used_mib": 36373.0, "gpu_mem_total_mib": 49140.0, "gpu_power_w": 104.7, "process_present": true, "process_mem_mib": 35878.0, "process_mem_share_percent": 73.01180301180301, "process_util_available": true, "process_util_backend": "nvml", "process_sm_util_percent": 15.0, "process_mem_util_percent": 4.0}
{"timestamp_unix": 1772442728.356794, "pid": 116724, "device_index": 0, "gpu_uuid": "GPU-6f954bfd-7081-31b7-f15c-f9a174bf4d7f", "gpu_util_percent": 29.0, "gpu_mem_util_percent": 8.0, "gpu_mem_used_mib": 37333.0, "gpu_mem_total_mib": 49140.0, "gpu_power_w": 105.21, "process_present": true, "process_mem_mib": 36838.0, "process_mem_share_percent": 74.96540496540497, "process_util_available": true, "process_util_backend": "nvml", "process_sm_util_percent": null, "process_mem_util_percent": null}
{"timestamp_unix": 1772442728.6505625, "pid": 116724, "device_index": 0, "gpu_uuid": "GPU-6f954bfd-7081-31b7-f15c-f9a174bf4d7f", "gpu_util_percent": 29.0, "gpu_mem_util_percent": 8.0, "gpu_mem_used_mib": 37333.0, "gpu_mem_total_mib": 49140.0, "gpu_power_w": 105.21, "process_present": true, "process_mem_mib": 36838.0, "process_mem_share_percent": 74.96540496540497, "process_util_available": true, "process_util_backend": "nvml", "process_sm_util_percent": 27.0, "process_mem_util_percent": 7.0}
{"timestamp_unix": 1772442728.9432085, "pid": 116724, "device_index": 0, "gpu_uuid": "GPU-6f954bfd-7081-31b7-f15c-f9a174bf4d7f", "gpu_util_percent": 29.0, "gpu_mem_util_percent": 8.0, "gpu_mem_used_mib": 37333.0, "gpu_mem_total_mib": 49140.0, "gpu_power_w": 105.64, "process_present": true, "process_mem_mib": 36838.0, "process_mem_share_percent": 74.96540496540497, "process_util_available": true, "process_util_backend": "nvml", "process_sm_util_percent": null, "process_mem_util_percent": null}
{"timestamp_unix": 1772442729.2367973, "pid": 116724, "device_index": 0, "gpu_uuid": "GPU-6f954bfd-7081-31b7-f15c-f9a174bf4d7f", "gpu_util_percent": 29.0, "gpu_mem_util_percent": 8.0, "gpu_mem_used_mib": 37333.0, "gpu_mem_total_mib": 49140.0, "gpu_power_w": 105.64, "process_present": true, "process_mem_mib": 36838.0, "process_mem_share_percent": 74.96540496540497, "process_util_available": true, "process_util_backend": "nvml", "process_sm_util_percent": 28.0, "process_mem_util_percent": 8.0}
{"timestamp_unix": 1772442729.5356295, "pid": 116724, "device_index": 0, "gpu_uuid": "GPU-6f954bfd-7081-31b7-f15c-f9a174bf4d7f", "gpu_util_percent": 29.0, "gpu_mem_util_percent": 8.0, "gpu_mem_used_mib": 37333.0, "gpu_mem_total_mib": 49140.0, "gpu_power_w": 106.0, "process_present": true, "process_mem_mib": 36838.0, "process_mem_share_percent": 74.96540496540497, "process_util_available": true, "process_util_backend": "nvml", "process_sm_util_percent": 28.0, "process_mem_util_percent": 8.0}
{"timestamp_unix": 1772442729.8478606, "pid": 116724, "device_index": 0, "gpu_uuid": "GPU-6f954bfd-7081-31b7-f15c-f9a174bf4d7f", "gpu_util_percent": 29.0, "gpu_mem_util_percent": 9.0, "gpu_mem_used_mib": 38341.0, "gpu_mem_total_mib": 49140.0, "gpu_power_w": 106.66, "process_present": true, "process_mem_mib": 37846.0, "process_mem_share_percent": 77.01668701668702, "process_util_available": true, "process_util_backend": "nvml", "process_sm_util_percent": 29.0, "process_mem_util_percent": 8.0}
{"timestamp_unix": 1772442730.155096, "pid": 116724, "device_index": 0, "gpu_uuid": "GPU-6f954bfd-7081-31b7-f15c-f9a174bf4d7f", "gpu_util_percent": 29.0, "gpu_mem_util_percent": 9.0, "gpu_mem_used_mib": 38341.0, "gpu_mem_total_mib": 49140.0, "gpu_power_w": 106.66, "process_present": true, "process_mem_mib": 37846.0, "process_mem_share_percent": 77.01668701668702, "process_util_available": true, "process_util_backend": "nvml", "process_sm_util_percent": null, "process_mem_util_percent": null}
{"timestamp_unix": 1772442730.444091, "pid": 116724, "device_index": 0, "gpu_uuid": "GPU-6f954bfd-7081-31b7-f15c-f9a174bf4d7f", "gpu_util_percent": 29.0, "gpu_mem_util_percent": 9.0, "gpu_mem_used_mib": 38341.0, "gpu_mem_total_mib": 49140.0, "gpu_power_w": 107.3, "process_present": true, "process_mem_mib": 38770.0, "process_mem_share_percent": 78.8970288970289, "process_util_available": true, "process_util_backend": "nvml", "process_sm_util_percent": 8.0, "process_mem_util_percent": 1.0}
{"timestamp_unix": 1772442730.7398946, "pid": 116724, "device_index": 0, "gpu_uuid": "GPU-6f954bfd-7081-31b7-f15c-f9a174bf4d7f", "gpu_util_percent": 29.0, "gpu_mem_util_percent": 9.0, "gpu_mem_used_mib": 39433.0, "gpu_mem_total_mib": 49140.0, "gpu_power_w": 107.3, "process_present": true, "process_mem_mib": 38938.0, "process_mem_share_percent": 79.23890923890924, "process_util_available": true, "process_util_backend": "nvml", "process_sm_util_percent": 33.0, "process_mem_util_percent": 16.0}
{"timestamp_unix": 1772442731.031436, "pid": 116724, "device_index": 0, "gpu_uuid": "GPU-6f954bfd-7081-31b7-f15c-f9a174bf4d7f", "gpu_util_percent": 38.0, "gpu_mem_util_percent": 19.0, "gpu_mem_used_mib": 39433.0, "gpu_mem_total_mib": 49140.0, "gpu_power_w": 103.85, "process_present": true, "process_mem_mib": 38938.0, "process_mem_share_percent": 79.23890923890924, "process_util_available": true, "process_util_backend": "nvml", "process_sm_util_percent": 20.0, "process_mem_util_percent": 9.0}
{"timestamp_unix": 1772442731.326481, "pid": 116724, "device_index": 0, "gpu_uuid": "GPU-6f954bfd-7081-31b7-f15c-f9a174bf4d7f", "gpu_util_percent": 38.0, "gpu_mem_util_percent": 19.0, "gpu_mem_used_mib": 39513.0, "gpu_mem_total_mib": 49140.0, "gpu_power_w": 108.73, "process_present": true, "process_mem_mib": 39018.0, "process_mem_share_percent": 79.4017094017094, "process_util_available": true, "process_util_backend": "nvml", "process_sm_util_percent": 38.0, "process_mem_util_percent": 18.0}
{"timestamp_unix": 1772442731.6225107, "pid": 116724, "device_index": 0, "gpu_uuid": "GPU-6f954bfd-7081-31b7-f15c-f9a174bf4d7f", "gpu_util_percent": 38.0, "gpu_mem_util_percent": 19.0, "gpu_mem_used_mib": 39513.0, "gpu_mem_total_mib": 49140.0, "gpu_power_w": 108.73, "process_present": true, "process_mem_mib": 39018.0, "process_mem_share_percent": 79.4017094017094, "process_util_available": true, "process_util_backend": "nvml", "process_sm_util_percent": null, "process_mem_util_percent": null}
{"timestamp_unix": 1772442731.9199822, "pid": 116724, "device_index": 0, "gpu_uuid": "GPU-6f954bfd-7081-31b7-f15c-f9a174bf4d7f", "gpu_util_percent": 39.0, "gpu_mem_util_percent": 19.0, "gpu_mem_used_mib": 39513.0, "gpu_mem_total_mib": 49140.0, "gpu_power_w": 118.73, "process_present": true, "process_mem_mib": 39018.0, "process_mem_share_percent": 79.4017094017094, "process_util_available": true, "process_util_backend": "nvml", "process_sm_util_percent": 19.0, "process_mem_util_percent": 9.0}
{"timestamp_unix": 1772442732.2219174, "pid": 116724, "device_index": 0, "gpu_uuid": "GPU-6f954bfd-7081-31b7-f15c-f9a174bf4d7f", "gpu_util_percent": 39.0, "gpu_mem_util_percent": 19.0, "gpu_mem_used_mib": 39517.0, "gpu_mem_total_mib": 49140.0, "gpu_power_w": 118.73, "process_present": true, "process_mem_mib": 39018.0, "process_mem_share_percent": 79.4017094017094, "process_util_available": true, "process_util_backend": "nvml", "process_sm_util_percent": 40.0, "process_mem_util_percent": 18.0}
{"timestamp_unix": 1772442732.5286455, "pid": 116724, "device_index": 0, "gpu_uuid": "GPU-6f954bfd-7081-31b7-f15c-f9a174bf4d7f", "gpu_util_percent": 39.0, "gpu_mem_util_percent": 19.0, "gpu_mem_used_mib": 39517.0, "gpu_mem_total_mib": 49140.0, "gpu_power_w": 119.2, "process_present": true, "process_mem_mib": 39018.0, "process_mem_share_percent": 79.4017094017094, "process_util_available": true, "process_util_backend": "nvml", "process_sm_util_percent": 38.0, "process_mem_util_percent": 18.0}
{"timestamp_unix": 1772442732.8333545, "pid": 116724, "device_index": 0, "gpu_uuid": "GPU-6f954bfd-7081-31b7-f15c-f9a174bf4d7f", "gpu_util_percent": 38.0, "gpu_mem_util_percent": 19.0, "gpu_mem_used_mib": 39518.0, "gpu_mem_total_mib": 49140.0, "gpu_power_w": 119.12, "process_present": true, "process_mem_mib": 39018.0, "process_mem_share_percent": 79.4017094017094, "process_util_available": true, "process_util_backend": "nvml", "process_sm_util_percent": 36.0, "process_mem_util_percent": 17.0}
{"timestamp_unix": 1772442733.1336226, "pid": 116724, "device_index": 0, "gpu_uuid": "GPU-6f954bfd-7081-31b7-f15c-f9a174bf4d7f", "gpu_util_percent": 38.0, "gpu_mem_util_percent": 19.0, "gpu_mem_used_mib": 39518.0, "gpu_mem_total_mib": 49140.0, "gpu_power_w": 119.12, "process_present": true, "process_mem_mib": 39018.0, "process_mem_share_percent": 79.4017094017094, "process_util_available": true, "process_util_backend": "nvml", "process_sm_util_percent": 36.0, "process_mem_util_percent": 18.0}
{"timestamp_unix": 1772442733.425764, "pid": 116724, "device_index": 0, "gpu_uuid": "GPU-6f954bfd-7081-31b7-f15c-f9a174bf4d7f", "gpu_util_percent": 38.0, "gpu_mem_util_percent": 19.0, "gpu_mem_used_mib": 39518.0, "gpu_mem_total_mib": 49140.0, "gpu_power_w": 119.14, "process_present": true, "process_mem_mib": 39018.0, "process_mem_share_percent": 79.4017094017094, "process_util_available": true, "process_util_backend": "nvml", "process_sm_util_percent": 35.0, "process_mem_util_percent": 17.0}
{"timestamp_unix": 1772442733.7221165, "pid": 116724, "device_index": 0, "gpu_uuid": "GPU-6f954bfd-7081-31b7-f15c-f9a174bf4d7f", "gpu_util_percent": 38.0, "gpu_mem_util_percent": 19.0, "gpu_mem_used_mib": 39518.0, "gpu_mem_total_mib": 49140.0, "gpu_power_w": 119.14, "process_present": true, "process_mem_mib": 39018.0, "process_mem_share_percent": 79.4017094017094, "process_util_available": true, "process_util_backend": "nvml", "process_sm_util_percent": 33.0, "process_mem_util_percent": 17.0}
{"timestamp_unix": 1772442734.0134294, "pid": 116724, "device_index": 0, "gpu_uuid": "GPU-6f954bfd-7081-31b7-f15c-f9a174bf4d7f", "gpu_util_percent": 34.0, "gpu_mem_util_percent": 18.0, "gpu_mem_used_mib": 39518.0, "gpu_mem_total_mib": 49140.0, "gpu_power_w": 119.27, "process_present": true, "process_mem_mib": 39018.0, "process_mem_share_percent": 79.4017094017094, "process_util_available": true, "process_util_backend": "nvml", "process_sm_util_percent": 33.0, "process_mem_util_percent": 17.0}
{"timestamp_unix": 1772442734.3062198, "pid": 116724, "device_index": 0, "gpu_uuid": "GPU-6f954bfd-7081-31b7-f15c-f9a174bf4d7f", "gpu_util_percent": 34.0, "gpu_mem_util_percent": 18.0, "gpu_mem_used_mib": 39518.0, "gpu_mem_total_mib": 49140.0, "gpu_power_w": 118.76, "process_present": true, "process_mem_mib": 39018.0, "process_mem_share_percent": 79.4017094017094, "process_util_available": true, "process_util_backend": "nvml", "process_sm_util_percent": 35.0, "process_mem_util_percent": 17.0}
{"timestamp_unix": 1772442734.6006973, "pid": 116724, "device_index": 0, "gpu_uuid": "GPU-6f954bfd-7081-31b7-f15c-f9a174bf4d7f", "gpu_util_percent": 34.0, "gpu_mem_util_percent": 18.0, "gpu_mem_used_mib": 39518.0, "gpu_mem_total_mib": 49140.0, "gpu_power_w": 118.76, "process_present": true, "process_mem_mib": 39018.0, "process_mem_share_percent": 79.4017094017094, "process_util_available": true, "process_util_backend": "nvml", "process_sm_util_percent": 33.0, "process_mem_util_percent": 17.0}
{"timestamp_unix": 1772442734.8946364, "pid": 116724, "device_index": 0, "gpu_uuid": "GPU-6f954bfd-7081-31b7-f15c-f9a174bf4d7f", "gpu_util_percent": 33.0, "gpu_mem_util_percent": 16.0, "gpu_mem_used_mib": 39518.0, "gpu_mem_total_mib": 49140.0, "gpu_power_w": 117.94, "process_present": true, "process_mem_mib": 39018.0, "process_mem_share_percent": 79.4017094017094, "process_util_available": true, "process_util_backend": "nvml", "process_sm_util_percent": 35.0, "process_mem_util_percent": 17.0}
{"timestamp_unix": 1772442735.2025416, "pid": 116724, "device_index": 0, "gpu_uuid": "GPU-6f954bfd-7081-31b7-f15c-f9a174bf4d7f", "gpu_util_percent": 33.0, "gpu_mem_util_percent": 16.0, "gpu_mem_used_mib": 39518.0, "gpu_mem_total_mib": 49140.0, "gpu_power_w": 117.94, "process_present": true, "process_mem_mib": 39018.0, "process_mem_share_percent": 79.4017094017094, "process_util_available": true, "process_util_backend": "nvml", "process_sm_util_percent": 36.0, "process_mem_util_percent": 17.0}
{"timestamp_unix": 1772442735.5010288, "pid": 116724, "device_index": 0, "gpu_uuid": "GPU-6f954bfd-7081-31b7-f15c-f9a174bf4d7f", "gpu_util_percent": 33.0, "gpu_mem_util_percent": 16.0, "gpu_mem_used_mib": 39518.0, "gpu_mem_total_mib": 49140.0, "gpu_power_w": 117.41, "process_present": true, "process_mem_mib": 39018.0, "process_mem_share_percent": 79.4017094017094, "process_util_available": true, "process_util_backend": "nvml", "process_sm_util_percent": 33.0, "process_mem_util_percent": 11.0}
{"timestamp_unix": 1772442735.8026521, "pid": 116724, "device_index": 0, "gpu_uuid": "GPU-6f954bfd-7081-31b7-f15c-f9a174bf4d7f", "gpu_util_percent": 32.0, "gpu_mem_util_percent": 9.0, "gpu_mem_used_mib": 39518.0, "gpu_mem_total_mib": 49140.0, "gpu_power_w": 113.2, "process_present": true, "process_mem_mib": 39018.0, "process_mem_share_percent": 79.4017094017094, "process_util_available": true, "process_util_backend": "nvml", "process_sm_util_percent": 31.0, "process_mem_util_percent": 9.0}
{"timestamp_unix": 1772442736.1021361, "pid": 116724, "device_index": 0, "gpu_uuid": "GPU-6f954bfd-7081-31b7-f15c-f9a174bf4d7f", "gpu_util_percent": 32.0, "gpu_mem_util_percent": 9.0, "gpu_mem_used_mib": 39518.0, "gpu_mem_total_mib": 49140.0, "gpu_power_w": 113.2, "process_present": true, "process_mem_mib": 39018.0, "process_mem_share_percent": 79.4017094017094, "process_util_available": true, "process_util_backend": "nvml", "process_sm_util_percent": 26.0, "process_mem_util_percent": 6.0}
{"timestamp_unix": 1772442736.3937597, "pid": 116724, "device_index": 0, "gpu_uuid": "GPU-6f954bfd-7081-31b7-f15c-f9a174bf4d7f", "gpu_util_percent": 32.0, "gpu_mem_util_percent": 9.0, "gpu_mem_used_mib": 39518.0, "gpu_mem_total_mib": 49140.0, "gpu_power_w": 106.11, "process_present": true, "process_mem_mib": 39018.0, "process_mem_share_percent": 79.4017094017094, "process_util_available": true, "process_util_backend": "nvml", "process_sm_util_percent": 29.0, "process_mem_util_percent": 8.0}
{"timestamp_unix": 1772442736.686978, "pid": 116724, "device_index": 0, "gpu_uuid": "GPU-6f954bfd-7081-31b7-f15c-f9a174bf4d7f", "gpu_util_percent": 32.0, "gpu_mem_util_percent": 9.0, "gpu_mem_used_mib": 39518.0, "gpu_mem_total_mib": 49140.0, "gpu_power_w": 106.11, "process_present": true, "process_mem_mib": 39018.0, "process_mem_share_percent": 79.4017094017094, "process_util_available": true, "process_util_backend": "nvml", "process_sm_util_percent": 31.0, "process_mem_util_percent": 8.0}
{"timestamp_unix": 1772442736.9952545, "pid": 116724, "device_index": 0, "gpu_uuid": "GPU-6f954bfd-7081-31b7-f15c-f9a174bf4d7f", "gpu_util_percent": 31.0, "gpu_mem_util_percent": 9.0, "gpu_mem_used_mib": 39978.0, "gpu_mem_total_mib": 49140.0, "gpu_power_w": 104.5, "process_present": true, "process_mem_mib": 40030.0, "process_mem_share_percent": 81.46113146113146, "process_util_available": true, "process_util_backend": "nvml", "process_sm_util_percent": 30.0, "process_mem_util_percent": 9.0}
{"timestamp_unix": 1772442737.2874665, "pid": 116724, "device_index": 0, "gpu_uuid": "GPU-6f954bfd-7081-31b7-f15c-f9a174bf4d7f", "gpu_util_percent": 31.0, "gpu_mem_util_percent": 9.0, "gpu_mem_used_mib": 40526.0, "gpu_mem_total_mib": 49140.0, "gpu_power_w": 106.57, "process_present": true, "process_mem_mib": 40030.0, "process_mem_share_percent": 81.46113146113146, "process_util_available": true, "process_util_backend": "nvml", "process_sm_util_percent": 31.0, "process_mem_util_percent": 8.0}
{"timestamp_unix": 1772442737.5779006, "pid": 116724, "device_index": 0, "gpu_uuid": "GPU-6f954bfd-7081-31b7-f15c-f9a174bf4d7f", "gpu_util_percent": 31.0, "gpu_mem_util_percent": 9.0, "gpu_mem_used_mib": 40526.0, "gpu_mem_total_mib": 49140.0, "gpu_power_w": 106.57, "process_present": true, "process_mem_mib": 40030.0, "process_mem_share_percent": 81.46113146113146, "process_util_available": true, "process_util_backend": "nvml", "process_sm_util_percent": 31.0, "process_mem_util_percent": 9.0}
{"timestamp_unix": 1772442737.8742392, "pid": 116724, "device_index": 0, "gpu_uuid": "GPU-6f954bfd-7081-31b7-f15c-f9a174bf4d7f", "gpu_util_percent": 31.0, "gpu_mem_util_percent": 9.0, "gpu_mem_used_mib": 40525.0, "gpu_mem_total_mib": 49140.0, "gpu_power_w": 107.1, "process_present": true, "process_mem_mib": 40030.0, "process_mem_share_percent": 81.46113146113146, "process_util_available": true, "process_util_backend": "nvml", "process_sm_util_percent": 31.0, "process_mem_util_percent": 9.0}
{"timestamp_unix": 1772442738.1811025, "pid": 116724, "device_index": 0, "gpu_uuid": "GPU-6f954bfd-7081-31b7-f15c-f9a174bf4d7f", "gpu_util_percent": 31.0, "gpu_mem_util_percent": 9.0, "gpu_mem_used_mib": 40525.0, "gpu_mem_total_mib": 49140.0, "gpu_power_w": 107.1, "process_present": true, "process_mem_mib": 40030.0, "process_mem_share_percent": 81.46113146113146, "process_util_available": true, "process_util_backend": "nvml", "process_sm_util_percent": 32.0, "process_mem_util_percent": 9.0}
{"timestamp_unix": 1772442738.482587, "pid": 116724, "device_index": 0, "gpu_uuid": "GPU-6f954bfd-7081-31b7-f15c-f9a174bf4d7f", "gpu_util_percent": 31.0, "gpu_mem_util_percent": 9.0, "gpu_mem_used_mib": 41677.0, "gpu_mem_total_mib": 49140.0, "gpu_power_w": 107.95, "process_present": true, "process_mem_mib": 41182.0, "process_mem_share_percent": 83.8054538054538, "process_util_available": true, "process_util_backend": "nvml", "process_sm_util_percent": 32.0, "process_mem_util_percent": 9.0}
{"timestamp_unix": 1772442738.786119, "pid": 116724, "device_index": 0, "gpu_uuid": "GPU-6f954bfd-7081-31b7-f15c-f9a174bf4d7f", "gpu_util_percent": 31.0, "gpu_mem_util_percent": 10.0, "gpu_mem_used_mib": 41677.0, "gpu_mem_total_mib": 49140.0, "gpu_power_w": 108.99, "process_present": true, "process_mem_mib": 41182.0, "process_mem_share_percent": 83.8054538054538, "process_util_available": true, "process_util_backend": "nvml", "process_sm_util_percent": 31.0, "process_mem_util_percent": 9.0}
{"timestamp_unix": 1772442739.0831113, "pid": 116724, "device_index": 0, "gpu_uuid": "GPU-6f954bfd-7081-31b7-f15c-f9a174bf4d7f", "gpu_util_percent": 31.0, "gpu_mem_util_percent": 10.0, "gpu_mem_used_mib": 41677.0, "gpu_mem_total_mib": 49140.0, "gpu_power_w": 108.99, "process_present": true, "process_mem_mib": 41182.0, "process_mem_share_percent": 83.8054538054538, "process_util_available": true, "process_util_backend": "nvml", "process_sm_util_percent": 32.0, "process_mem_util_percent": 9.0}
{"timestamp_unix": 1772442739.3803, "pid": 116724, "device_index": 0, "gpu_uuid": "GPU-6f954bfd-7081-31b7-f15c-f9a174bf4d7f", "gpu_util_percent": 31.0, "gpu_mem_util_percent": 10.0, "gpu_mem_used_mib": 41677.0, "gpu_mem_total_mib": 49140.0, "gpu_power_w": 109.58, "process_present": true, "process_mem_mib": 41182.0, "process_mem_share_percent": 83.8054538054538, "process_util_available": true, "process_util_backend": "nvml", "process_sm_util_percent": 31.0, "process_mem_util_percent": 9.0}
{"timestamp_unix": 1772442739.6730266, "pid": 116724, "device_index": 0, "gpu_uuid": "GPU-6f954bfd-7081-31b7-f15c-f9a174bf4d7f", "gpu_util_percent": 31.0, "gpu_mem_util_percent": 10.0, "gpu_mem_used_mib": 41677.0, "gpu_mem_total_mib": 49140.0, "gpu_power_w": 109.58, "process_present": true, "process_mem_mib": 41182.0, "process_mem_share_percent": 83.8054538054538, "process_util_available": true, "process_util_backend": "nvml", "process_sm_util_percent": 32.0, "process_mem_util_percent": 9.0}
{"timestamp_unix": 1772442739.969135, "pid": 116724, "device_index": 0, "gpu_uuid": "GPU-6f954bfd-7081-31b7-f15c-f9a174bf4d7f", "gpu_util_percent": 32.0, "gpu_mem_util_percent": 10.0, "gpu_mem_used_mib": 41677.0, "gpu_mem_total_mib": 49140.0, "gpu_power_w": 109.77, "process_present": true, "process_mem_mib": 41182.0, "process_mem_share_percent": 83.8054538054538, "process_util_available": true, "process_util_backend": "nvml", "process_sm_util_percent": null, "process_mem_util_percent": null}
{"timestamp_unix": 1772442740.2632077, "pid": 116724, "device_index": 0, "gpu_uuid": "GPU-6f954bfd-7081-31b7-f15c-f9a174bf4d7f", "gpu_util_percent": 32.0, "gpu_mem_util_percent": 10.0, "gpu_mem_used_mib": 42925.0, "gpu_mem_total_mib": 49140.0, "gpu_power_w": 109.77, "process_present": true, "process_mem_mib": 42430.0, "process_mem_share_percent": 86.34513634513634, "process_util_available": true, "process_util_backend": "nvml", "process_sm_util_percent": 17.0, "process_mem_util_percent": 7.0}
{"timestamp_unix": 1772442740.5572875, "pid": 116724, "device_index": 0, "gpu_uuid": "GPU-6f954bfd-7081-31b7-f15c-f9a174bf4d7f", "gpu_util_percent": 32.0, "gpu_mem_util_percent": 10.0, "gpu_mem_used_mib": 42925.0, "gpu_mem_total_mib": 49140.0, "gpu_power_w": 103.04, "process_present": true, "process_mem_mib": 42430.0, "process_mem_share_percent": 86.34513634513634, "process_util_available": true, "process_util_backend": "nvml", "process_sm_util_percent": 41.0, "process_mem_util_percent": 22.0}
{"timestamp_unix": 1772442740.8525827, "pid": 116724, "device_index": 0, "gpu_uuid": "GPU-6f954bfd-7081-31b7-f15c-f9a174bf4d7f", "gpu_util_percent": 39.0, "gpu_mem_util_percent": 21.0, "gpu_mem_used_mib": 42925.0, "gpu_mem_total_mib": 49140.0, "gpu_power_w": 110.67, "process_present": true, "process_mem_mib": 42430.0, "process_mem_share_percent": 86.34513634513634, "process_util_available": true, "process_util_backend": "nvml", "process_sm_util_percent": 41.0, "process_mem_util_percent": 22.0}
{"timestamp_unix": 1772442741.1512985, "pid": 116724, "device_index": 0, "gpu_uuid": "GPU-6f954bfd-7081-31b7-f15c-f9a174bf4d7f", "gpu_util_percent": 39.0, "gpu_mem_util_percent": 21.0, "gpu_mem_used_mib": 42924.0, "gpu_mem_total_mib": 49140.0, "gpu_power_w": 110.67, "process_present": true, "process_mem_mib": 42430.0, "process_mem_share_percent": 86.34513634513634, "process_util_available": true, "process_util_backend": "nvml", "process_sm_util_percent": 40.0, "process_mem_util_percent": 22.0}
{"timestamp_unix": 1772442741.4523072, "pid": 116724, "device_index": 0, "gpu_uuid": "GPU-6f954bfd-7081-31b7-f15c-f9a174bf4d7f", "gpu_util_percent": 39.0, "gpu_mem_util_percent": 21.0, "gpu_mem_used_mib": 42924.0, "gpu_mem_total_mib": 49140.0, "gpu_power_w": 131.03, "process_present": true, "process_mem_mib": 42430.0, "process_mem_share_percent": 86.34513634513634, "process_util_available": true, "process_util_backend": "nvml", "process_sm_util_percent": 39.0, "process_mem_util_percent": 22.0}
{"timestamp_unix": 1772442741.7549572, "pid": 116724, "device_index": 0, "gpu_uuid": "GPU-6f954bfd-7081-31b7-f15c-f9a174bf4d7f", "gpu_util_percent": 39.0, "gpu_mem_util_percent": 21.0, "gpu_mem_used_mib": 42924.0, "gpu_mem_total_mib": 49140.0, "gpu_power_w": 131.03, "process_present": true, "process_mem_mib": 42430.0, "process_mem_share_percent": 86.34513634513634, "process_util_available": true, "process_util_backend": "nvml", "process_sm_util_percent": 40.0, "process_mem_util_percent": 22.0}
{"timestamp_unix": 1772442742.0559196, "pid": 116724, "device_index": 0, "gpu_uuid": "GPU-6f954bfd-7081-31b7-f15c-f9a174bf4d7f", "gpu_util_percent": 39.0, "gpu_mem_util_percent": 21.0, "gpu_mem_used_mib": 42923.0, "gpu_mem_total_mib": 49140.0, "gpu_power_w": 142.68, "process_present": true, "process_mem_mib": 42430.0, "process_mem_share_percent": 86.34513634513634, "process_util_available": true, "process_util_backend": "nvml", "process_sm_util_percent": 40.0, "process_mem_util_percent": 22.0}
{"timestamp_unix": 1772442742.3496964, "pid": 116724, "device_index": 0, "gpu_uuid": "GPU-6f954bfd-7081-31b7-f15c-f9a174bf4d7f", "gpu_util_percent": 39.0, "gpu_mem_util_percent": 21.0, "gpu_mem_used_mib": 43015.0, "gpu_mem_total_mib": 49140.0, "gpu_power_w": 146.3, "process_present": true, "process_mem_mib": 42522.0, "process_mem_share_percent": 86.53235653235653, "process_util_available": true, "process_util_backend": "nvml", "process_sm_util_percent": 37.0, "process_mem_util_percent": 20.0}
{"timestamp_unix": 1772442742.6402476, "pid": 116724, "device_index": 0, "gpu_uuid": "GPU-6f954bfd-7081-31b7-f15c-f9a174bf4d7f", "gpu_util_percent": 39.0, "gpu_mem_util_percent": 21.0, "gpu_mem_used_mib": 43015.0, "gpu_mem_total_mib": 49140.0, "gpu_power_w": 146.3, "process_present": true, "process_mem_mib": 42522.0, "process_mem_share_percent": 86.53235653235653, "process_util_available": true, "process_util_backend": "nvml", "process_sm_util_percent": 39.0, "process_mem_util_percent": 20.0}
{"timestamp_unix": 1772442742.9328136, "pid": 116724, "device_index": 0, "gpu_uuid": "GPU-6f954bfd-7081-31b7-f15c-f9a174bf4d7f", "gpu_util_percent": 39.0, "gpu_mem_util_percent": 21.0, "gpu_mem_used_mib": 43015.0, "gpu_mem_total_mib": 49140.0, "gpu_power_w": 145.8, "process_present": true, "process_mem_mib": 42522.0, "process_mem_share_percent": 86.53235653235653, "process_util_available": true, "process_util_backend": "nvml", "process_sm_util_percent": 38.0, "process_mem_util_percent": 20.0}
{"timestamp_unix": 1772442743.2240403, "pid": 116724, "device_index": 0, "gpu_uuid": "GPU-6f954bfd-7081-31b7-f15c-f9a174bf4d7f", "gpu_util_percent": 39.0, "gpu_mem_util_percent": 21.0, "gpu_mem_used_mib": 43015.0, "gpu_mem_total_mib": 49140.0, "gpu_power_w": 145.8, "process_present": true, "process_mem_mib": 42522.0, "process_mem_share_percent": 86.53235653235653, "process_util_available": true, "process_util_backend": "nvml", "process_sm_util_percent": 39.0, "process_mem_util_percent": 21.0}
{"timestamp_unix": 1772442743.519847, "pid": 116724, "device_index": 0, "gpu_uuid": "GPU-6f954bfd-7081-31b7-f15c-f9a174bf4d7f", "gpu_util_percent": 39.0, "gpu_mem_util_percent": 21.0, "gpu_mem_used_mib": 43016.0, "gpu_mem_total_mib": 49140.0, "gpu_power_w": 145.14, "process_present": true, "process_mem_mib": 42522.0, "process_mem_share_percent": 86.53235653235653, "process_util_available": true, "process_util_backend": "nvml", "process_sm_util_percent": null, "process_mem_util_percent": null}
{"timestamp_unix": 1772442743.8264296, "pid": 116724, "device_index": 0, "gpu_uuid": "GPU-6f954bfd-7081-31b7-f15c-f9a174bf4d7f", "gpu_util_percent": 39.0, "gpu_mem_util_percent": 20.0, "gpu_mem_used_mib": 43016.0, "gpu_mem_total_mib": 49140.0, "gpu_power_w": 145.17, "process_present": true, "process_mem_mib": 42522.0, "process_mem_share_percent": 86.53235653235653, "process_util_available": true, "process_util_backend": "nvml", "process_sm_util_percent": null, "process_mem_util_percent": null}
{"timestamp_unix": 1772442744.1347237, "pid": 116724, "device_index": 0, "gpu_uuid": "GPU-6f954bfd-7081-31b7-f15c-f9a174bf4d7f", "gpu_util_percent": 39.0, "gpu_mem_util_percent": 20.0, "gpu_mem_used_mib": 43016.0, "gpu_mem_total_mib": 49140.0, "gpu_power_w": 145.17, "process_present": true, "process_mem_mib": 42522.0, "process_mem_share_percent": 86.53235653235653, "process_util_available": true, "process_util_backend": "nvml", "process_sm_util_percent": 38.0, "process_mem_util_percent": 21.0}
{"timestamp_unix": 1772442744.4351652, "pid": 116724, "device_index": 0, "gpu_uuid": "GPU-6f954bfd-7081-31b7-f15c-f9a174bf4d7f", "gpu_util_percent": 39.0, "gpu_mem_util_percent": 20.0, "gpu_mem_used_mib": 43016.0, "gpu_mem_total_mib": 49140.0, "gpu_power_w": 144.91, "process_present": true, "process_mem_mib": 42522.0, "process_mem_share_percent": 86.53235653235653, "process_util_available": true, "process_util_backend": "nvml", "process_sm_util_percent": 33.0, "process_mem_util_percent": 13.0}
{"timestamp_unix": 1772442744.7338378, "pid": 116724, "device_index": 0, "gpu_uuid": "GPU-6f954bfd-7081-31b7-f15c-f9a174bf4d7f", "gpu_util_percent": 39.0, "gpu_mem_util_percent": 20.0, "gpu_mem_used_mib": 43016.0, "gpu_mem_total_mib": 49140.0, "gpu_power_w": 144.91, "process_present": true, "process_mem_mib": 42522.0, "process_mem_share_percent": 86.53235653235653, "process_util_available": true, "process_util_backend": "nvml", "process_sm_util_percent": 31.0, "process_mem_util_percent": 11.0}
{"timestamp_unix": 1772442745.0240016, "pid": 116724, "device_index": 0, "gpu_uuid": "GPU-6f954bfd-7081-31b7-f15c-f9a174bf4d7f", "gpu_util_percent": 31.0, "gpu_mem_util_percent": 11.0, "gpu_mem_used_mib": 43016.0, "gpu_mem_total_mib": 49140.0, "gpu_power_w": 138.96, "process_present": true, "process_mem_mib": 42522.0, "process_mem_share_percent": 86.53235653235653, "process_util_available": true, "process_util_backend": "nvml", "process_sm_util_percent": 32.0, "process_mem_util_percent": 11.0}
{"timestamp_unix": 1772442745.3148391, "pid": 116724, "device_index": 0, "gpu_uuid": "GPU-6f954bfd-7081-31b7-f15c-f9a174bf4d7f", "gpu_util_percent": 31.0, "gpu_mem_util_percent": 11.0, "gpu_mem_used_mib": 43011.0, "gpu_mem_total_mib": 49140.0, "gpu_power_w": 132.88, "process_present": true, "process_mem_mib": 42522.0, "process_mem_share_percent": 86.53235653235653, "process_util_available": true, "process_util_backend": "nvml", "process_sm_util_percent": 31.0, "process_mem_util_percent": 11.0}
{"timestamp_unix": 1772442745.6078644, "pid": 116724, "device_index": 0, "gpu_uuid": "GPU-6f954bfd-7081-31b7-f15c-f9a174bf4d7f", "gpu_util_percent": 31.0, "gpu_mem_util_percent": 11.0, "gpu_mem_used_mib": 43530.0, "gpu_mem_total_mib": 49140.0, "gpu_power_w": 132.88, "process_present": true, "process_mem_mib": 43666.0, "process_mem_share_percent": 88.86039886039886, "process_util_available": true, "process_util_backend": "nvml", "process_sm_util_percent": 31.0, "process_mem_util_percent": 10.0}
{"timestamp_unix": 1772442745.903739, "pid": 116724, "device_index": 0, "gpu_uuid": "GPU-6f954bfd-7081-31b7-f15c-f9a174bf4d7f", "gpu_util_percent": 28.0, "gpu_mem_util_percent": 9.0, "gpu_mem_used_mib": 44154.0, "gpu_mem_total_mib": 49140.0, "gpu_power_w": 125.83, "process_present": true, "process_mem_mib": 43666.0, "process_mem_share_percent": 88.86039886039886, "process_util_available": true, "process_util_backend": "nvml", "process_sm_util_percent": 27.0, "process_mem_util_percent": 7.0}
{"timestamp_unix": 1772442746.193317, "pid": 116724, "device_index": 0, "gpu_uuid": "GPU-6f954bfd-7081-31b7-f15c-f9a174bf4d7f", "gpu_util_percent": 28.0, "gpu_mem_util_percent": 9.0, "gpu_mem_used_mib": 44153.0, "gpu_mem_total_mib": 49140.0, "gpu_power_w": 125.83, "process_present": true, "process_mem_mib": 43666.0, "process_mem_share_percent": 88.86039886039886, "process_util_available": true, "process_util_backend": "nvml", "process_sm_util_percent": 31.0, "process_mem_util_percent": 9.0}
{"timestamp_unix": 1772442746.4861453, "pid": 116724, "device_index": 0, "gpu_uuid": "GPU-6f954bfd-7081-31b7-f15c-f9a174bf4d7f", "gpu_util_percent": 28.0, "gpu_mem_util_percent": 9.0, "gpu_mem_used_mib": 44153.0, "gpu_mem_total_mib": 49140.0, "gpu_power_w": 115.26, "process_present": true, "process_mem_mib": 43666.0, "process_mem_share_percent": 88.86039886039886, "process_util_available": true, "process_util_backend": "nvml", "process_sm_util_percent": 32.0, "process_mem_util_percent": 9.0}
{"timestamp_unix": 1772442746.789685, "pid": 116724, "device_index": 0, "gpu_uuid": "GPU-6f954bfd-7081-31b7-f15c-f9a174bf4d7f", "gpu_util_percent": 33.0, "gpu_mem_util_percent": 11.0, "gpu_mem_used_mib": 44153.0, "gpu_mem_total_mib": 49140.0, "gpu_power_w": 108.64, "process_present": true, "process_mem_mib": 43666.0, "process_mem_share_percent": 88.86039886039886, "process_util_available": true, "process_util_backend": "nvml", "process_sm_util_percent": 32.0, "process_mem_util_percent": 10.0}
{"timestamp_unix": 1772442747.1628833, "pid": 116724, "device_index": 0, "gpu_uuid": "GPU-6f954bfd-7081-31b7-f15c-f9a174bf4d7f", "gpu_util_percent": 33.0, "gpu_mem_util_percent": 11.0, "gpu_mem_used_mib": 44153.0, "gpu_mem_total_mib": 49140.0, "gpu_power_w": 108.64, "process_present": true, "process_mem_mib": 43666.0, "process_mem_share_percent": 88.86039886039886, "process_util_available": true, "process_util_backend": "nvml", "process_sm_util_percent": 16.0, "process_mem_util_percent": 4.0}
{"timestamp_unix": 1772442747.45709, "pid": 116724, "device_index": 0, "gpu_uuid": "GPU-6f954bfd-7081-31b7-f15c-f9a174bf4d7f", "gpu_util_percent": 33.0, "gpu_mem_util_percent": 11.0, "gpu_mem_used_mib": 45497.0, "gpu_mem_total_mib": 49140.0, "gpu_power_w": 105.36, "process_present": true, "process_mem_mib": 45010.0, "process_mem_share_percent": 91.5954415954416, "process_util_available": true, "process_util_backend": "nvml", "process_sm_util_percent": 30.0, "process_mem_util_percent": 9.0}
{"timestamp_unix": 1772442747.752063, "pid": 116724, "device_index": 0, "gpu_uuid": "GPU-6f954bfd-7081-31b7-f15c-f9a174bf4d7f", "gpu_util_percent": 33.0, "gpu_mem_util_percent": 11.0, "gpu_mem_used_mib": 45497.0, "gpu_mem_total_mib": 49140.0, "gpu_power_w": 105.36, "process_present": true, "process_mem_mib": 45010.0, "process_mem_share_percent": 91.5954415954416, "process_util_available": true, "process_util_backend": "nvml", "process_sm_util_percent": 31.0, "process_mem_util_percent": 10.0}
{"timestamp_unix": 1772442748.042437, "pid": 116724, "device_index": 0, "gpu_uuid": "GPU-6f954bfd-7081-31b7-f15c-f9a174bf4d7f", "gpu_util_percent": 32.0, "gpu_mem_util_percent": 10.0, "gpu_mem_used_mib": 45497.0, "gpu_mem_total_mib": 49140.0, "gpu_power_w": 105.83, "process_present": true, "process_mem_mib": 45010.0, "process_mem_share_percent": 91.5954415954416, "process_util_available": true, "process_util_backend": "nvml", "process_sm_util_percent": 31.0, "process_mem_util_percent": 9.0}
{"timestamp_unix": 1772442748.3404994, "pid": 116724, "device_index": 0, "gpu_uuid": "GPU-6f954bfd-7081-31b7-f15c-f9a174bf4d7f", "gpu_util_percent": 32.0, "gpu_mem_util_percent": 10.0, "gpu_mem_used_mib": 45497.0, "gpu_mem_total_mib": 49140.0, "gpu_power_w": 109.42, "process_present": true, "process_mem_mib": 45010.0, "process_mem_share_percent": 91.5954415954416, "process_util_available": true, "process_util_backend": "nvml", "process_sm_util_percent": 32.0, "process_mem_util_percent": 10.0}
{"timestamp_unix": 1772442748.633319, "pid": 116724, "device_index": 0, "gpu_uuid": "GPU-6f954bfd-7081-31b7-f15c-f9a174bf4d7f", "gpu_util_percent": 32.0, "gpu_mem_util_percent": 10.0, "gpu_mem_used_mib": 45497.0, "gpu_mem_total_mib": 49140.0, "gpu_power_w": 109.42, "process_present": true, "process_mem_mib": 45532.0, "process_mem_share_percent": 92.65771265771265, "process_util_available": true, "process_util_backend": "nvml", "process_sm_util_percent": 32.0, "process_mem_util_percent": 10.0}
{"timestamp_unix": 1772442748.9244125, "pid": 116724, "device_index": 0, "gpu_uuid": "GPU-6f954bfd-7081-31b7-f15c-f9a174bf4d7f", "gpu_util_percent": 31.0, "gpu_mem_util_percent": 11.0, "gpu_mem_used_mib": 46889.0, "gpu_mem_total_mib": 49140.0, "gpu_power_w": 110.77, "process_present": true, "process_mem_mib": 46402.0, "process_mem_share_percent": 94.42816442816444, "process_util_available": true, "process_util_backend": "nvml", "process_sm_util_percent": 31.0, "process_mem_util_percent": 11.0}
{"timestamp_unix": 1772442749.2309606, "pid": 116724, "device_index": 0, "gpu_uuid": "GPU-6f954bfd-7081-31b7-f15c-f9a174bf4d7f", "gpu_util_percent": 31.0, "gpu_mem_util_percent": 11.0, "gpu_mem_used_mib": 46889.0, "gpu_mem_total_mib": 49140.0, "gpu_power_w": 110.77, "process_present": true, "process_mem_mib": 46402.0, "process_mem_share_percent": 94.42816442816444, "process_util_available": true, "process_util_backend": "nvml", "process_sm_util_percent": 31.0, "process_mem_util_percent": 10.0}
{"timestamp_unix": 1772442749.5348852, "pid": 116724, "device_index": 0, "gpu_uuid": "GPU-6f954bfd-7081-31b7-f15c-f9a174bf4d7f", "gpu_util_percent": 31.0, "gpu_mem_util_percent": 11.0, "gpu_mem_used_mib": 46889.0, "gpu_mem_total_mib": 49140.0, "gpu_power_w": 111.42, "process_present": true, "process_mem_mib": 46402.0, "process_mem_share_percent": 94.42816442816444, "process_util_available": true, "process_util_backend": "nvml", "process_sm_util_percent": 31.0, "process_mem_util_percent": 10.0}
{"timestamp_unix": 1772442749.8388186, "pid": 116724, "device_index": 0, "gpu_uuid": "GPU-6f954bfd-7081-31b7-f15c-f9a174bf4d7f", "gpu_util_percent": 17.0, "gpu_mem_util_percent": 3.0, "gpu_mem_used_mib": 46889.0, "gpu_mem_total_mib": 49140.0, "gpu_power_w": 107.61, "process_present": true, "process_mem_mib": 46402.0, "process_mem_share_percent": 94.42816442816444, "process_util_available": true, "process_util_backend": "nvml", "process_sm_util_percent": null, "process_mem_util_percent": null}
{"timestamp_unix": 1772442750.1453972, "pid": 116724, "device_index": 0, "gpu_uuid": "GPU-6f954bfd-7081-31b7-f15c-f9a174bf4d7f", "gpu_util_percent": 17.0, "gpu_mem_util_percent": 3.0, "gpu_mem_used_mib": 48406.0, "gpu_mem_total_mib": 49140.0, "gpu_power_w": 107.61, "process_present": true, "process_mem_mib": 47910.0, "process_mem_share_percent": 97.4969474969475, "process_util_available": true, "process_util_backend": "nvml", "process_sm_util_percent": 37.0, "process_mem_util_percent": 19.0}
{"timestamp_unix": 1772442750.4403474, "pid": 116724, "device_index": 0, "gpu_uuid": "GPU-6f954bfd-7081-31b7-f15c-f9a174bf4d7f", "gpu_util_percent": 17.0, "gpu_mem_util_percent": 3.0, "gpu_mem_used_mib": 48406.0, "gpu_mem_total_mib": 49140.0, "gpu_power_w": 109.82, "process_present": true, "process_mem_mib": 47910.0, "process_mem_share_percent": 97.4969474969475, "process_util_available": true, "process_util_backend": "nvml", "process_sm_util_percent": 43.0, "process_mem_util_percent": 25.0}
{"timestamp_unix": 1772442750.7336478, "pid": 116724, "device_index": 0, "gpu_uuid": "GPU-6f954bfd-7081-31b7-f15c-f9a174bf4d7f", "gpu_util_percent": 17.0, "gpu_mem_util_percent": 3.0, "gpu_mem_used_mib": 48406.0, "gpu_mem_total_mib": 49140.0, "gpu_power_w": 109.82, "process_present": true, "process_mem_mib": 47910.0, "process_mem_share_percent": 97.4969474969475, "process_util_available": true, "process_util_backend": "nvml", "process_sm_util_percent": 41.0, "process_mem_util_percent": 26.0}
{"timestamp_unix": 1772442751.0233915, "pid": 116724, "device_index": 0, "gpu_uuid": "GPU-6f954bfd-7081-31b7-f15c-f9a174bf4d7f", "gpu_util_percent": 41.0, "gpu_mem_util_percent": 25.0, "gpu_mem_used_mib": 48406.0, "gpu_mem_total_mib": 49140.0, "gpu_power_w": 130.57, "process_present": true, "process_mem_mib": 47910.0, "process_mem_share_percent": 97.4969474969475, "process_util_available": true, "process_util_backend": "nvml", "process_sm_util_percent": 41.0, "process_mem_util_percent": 25.0}
{"timestamp_unix": 1772442751.313458, "pid": 116724, "device_index": 0, "gpu_uuid": "GPU-6f954bfd-7081-31b7-f15c-f9a174bf4d7f", "gpu_util_percent": 41.0, "gpu_mem_util_percent": 25.0, "gpu_mem_used_mib": 46362.0, "gpu_mem_total_mib": 49140.0, "gpu_power_w": 150.38, "process_present": true, "process_mem_mib": 44366.0, "process_mem_share_percent": 90.28490028490029, "process_util_available": true, "process_util_backend": "nvml", "process_sm_util_percent": null, "process_mem_util_percent": null}
{"timestamp_unix": 1772442751.6037061, "pid": 116724, "device_index": 0, "gpu_uuid": "GPU-6f954bfd-7081-31b7-f15c-f9a174bf4d7f", "gpu_util_percent": 41.0, "gpu_mem_util_percent": 25.0, "gpu_mem_used_mib": 33926.0, "gpu_mem_total_mib": 49140.0, "gpu_power_w": 150.38, "process_present": true, "process_mem_mib": 31762.0, "process_mem_share_percent": 64.63573463573464, "process_util_available": true, "process_util_backend": "nvml", "process_sm_util_percent": null, "process_mem_util_percent": null}
{"timestamp_unix": 1772442751.8969958, "pid": 116724, "device_index": 0, "gpu_uuid": "GPU-6f954bfd-7081-31b7-f15c-f9a174bf4d7f", "gpu_util_percent": 76.0, "gpu_mem_util_percent": 6.0, "gpu_mem_used_mib": 30108.0, "gpu_mem_total_mib": 49140.0, "gpu_power_w": 136.23, "process_present": true, "process_mem_mib": 29612.0, "process_mem_share_percent": 60.260480260480264, "process_util_available": true, "process_util_backend": "nvml", "process_sm_util_percent": 23.0, "process_mem_util_percent": 10.0}
{"timestamp_unix": 1772442752.2027779, "pid": 116724, "device_index": 0, "gpu_uuid": "GPU-6f954bfd-7081-31b7-f15c-f9a174bf4d7f", "gpu_util_percent": 76.0, "gpu_mem_util_percent": 6.0, "gpu_mem_used_mib": 30107.0, "gpu_mem_total_mib": 49140.0, "gpu_power_w": 136.23, "process_present": true, "process_mem_mib": 29612.0, "process_mem_share_percent": 60.260480260480264, "process_util_available": true, "process_util_backend": "nvml", "process_sm_util_percent": 41.0, "process_mem_util_percent": 24.0}
{"timestamp_unix": 1772442752.5003583, "pid": 116724, "device_index": 0, "gpu_uuid": "GPU-6f954bfd-7081-31b7-f15c-f9a174bf4d7f", "gpu_util_percent": 76.0, "gpu_mem_util_percent": 6.0, "gpu_mem_used_mib": 30107.0, "gpu_mem_total_mib": 49140.0, "gpu_power_w": 135.69, "process_present": true, "process_mem_mib": 29612.0, "process_mem_share_percent": 60.260480260480264, "process_util_available": true, "process_util_backend": "nvml", "process_sm_util_percent": 41.0, "process_mem_util_percent": 24.0}
{"timestamp_unix": 1772442752.802026, "pid": 116724, "device_index": 0, "gpu_uuid": "GPU-6f954bfd-7081-31b7-f15c-f9a174bf4d7f", "gpu_util_percent": 40.0, "gpu_mem_util_percent": 26.0, "gpu_mem_used_mib": 30107.0, "gpu_mem_total_mib": 49140.0, "gpu_power_w": 149.71, "process_present": true, "process_mem_mib": 29612.0, "process_mem_share_percent": 60.260480260480264, "process_util_available": true, "process_util_backend": "nvml", "process_sm_util_percent": 40.0, "process_mem_util_percent": 25.0}
{"timestamp_unix": 1772442753.0907001, "pid": 116724, "device_index": 0, "gpu_uuid": "GPU-6f954bfd-7081-31b7-f15c-f9a174bf4d7f", "gpu_util_percent": 40.0, "gpu_mem_util_percent": 26.0, "gpu_mem_used_mib": 30107.0, "gpu_mem_total_mib": 49140.0, "gpu_power_w": 149.71, "process_present": true, "process_mem_mib": 29612.0, "process_mem_share_percent": 60.260480260480264, "process_util_available": true, "process_util_backend": "nvml", "process_sm_util_percent": 39.0, "process_mem_util_percent": 24.0}
{"timestamp_unix": 1772442753.3854446, "pid": 116724, "device_index": 0, "gpu_uuid": "GPU-6f954bfd-7081-31b7-f15c-f9a174bf4d7f", "gpu_util_percent": 40.0, "gpu_mem_util_percent": 26.0, "gpu_mem_used_mib": 30107.0, "gpu_mem_total_mib": 49140.0, "gpu_power_w": 151.4, "process_present": true, "process_mem_mib": 29612.0, "process_mem_share_percent": 60.260480260480264, "process_util_available": true, "process_util_backend": "nvml", "process_sm_util_percent": 41.0, "process_mem_util_percent": 25.0}
{"timestamp_unix": 1772442753.6767426, "pid": 116724, "device_index": 0, "gpu_uuid": "GPU-6f954bfd-7081-31b7-f15c-f9a174bf4d7f", "gpu_util_percent": 40.0, "gpu_mem_util_percent": 26.0, "gpu_mem_used_mib": 30107.0, "gpu_mem_total_mib": 49140.0, "gpu_power_w": 151.4, "process_present": true, "process_mem_mib": 29612.0, "process_mem_share_percent": 60.260480260480264, "process_util_available": true, "process_util_backend": "nvml", "process_sm_util_percent": 40.0, "process_mem_util_percent": 24.0}
{"timestamp_unix": 1772442753.968332, "pid": 116724, "device_index": 0, "gpu_uuid": "GPU-6f954bfd-7081-31b7-f15c-f9a174bf4d7f", "gpu_util_percent": 40.0, "gpu_mem_util_percent": 26.0, "gpu_mem_used_mib": 30107.0, "gpu_mem_total_mib": 49140.0, "gpu_power_w": 150.58, "process_present": true, "process_mem_mib": 29612.0, "process_mem_share_percent": 60.260480260480264, "process_util_available": true, "process_util_backend": "nvml", "process_sm_util_percent": 33.0, "process_mem_util_percent": 16.0}
{"timestamp_unix": 1772442754.2583823, "pid": 116724, "device_index": 0, "gpu_uuid": "GPU-6f954bfd-7081-31b7-f15c-f9a174bf4d7f", "gpu_util_percent": 40.0, "gpu_mem_util_percent": 26.0, "gpu_mem_used_mib": 30107.0, "gpu_mem_total_mib": 49140.0, "gpu_power_w": 150.58, "process_present": true, "process_mem_mib": 29612.0, "process_mem_share_percent": 60.260480260480264, "process_util_available": true, "process_util_backend": "nvml", "process_sm_util_percent": 30.0, "process_mem_util_percent": 12.0}
{"timestamp_unix": 1772442754.5565069, "pid": 116724, "device_index": 0, "gpu_uuid": "GPU-6f954bfd-7081-31b7-f15c-f9a174bf4d7f", "gpu_util_percent": 40.0, "gpu_mem_util_percent": 26.0, "gpu_mem_used_mib": 30107.0, "gpu_mem_total_mib": 49140.0, "gpu_power_w": 143.32, "process_present": true, "process_mem_mib": 29612.0, "process_mem_share_percent": 60.260480260480264, "process_util_available": true, "process_util_backend": "nvml", "process_sm_util_percent": 28.0, "process_mem_util_percent": 12.0}
{"timestamp_unix": 1772442754.864325, "pid": 116724, "device_index": 0, "gpu_uuid": "GPU-6f954bfd-7081-31b7-f15c-f9a174bf4d7f", "gpu_util_percent": 28.0, "gpu_mem_util_percent": 13.0, "gpu_mem_used_mib": 30107.0, "gpu_mem_total_mib": 49140.0, "gpu_power_w": 135.74, "process_present": true, "process_mem_mib": 29612.0, "process_mem_share_percent": 60.260480260480264, "process_util_available": true, "process_util_backend": "nvml", "process_sm_util_percent": 28.0, "process_mem_util_percent": 12.0}
{"timestamp_unix": 1772442755.1683059, "pid": 116724, "device_index": 0, "gpu_uuid": "GPU-6f954bfd-7081-31b7-f15c-f9a174bf4d7f", "gpu_util_percent": 28.0, "gpu_mem_util_percent": 13.0, "gpu_mem_used_mib": 30109.0, "gpu_mem_total_mib": 49140.0, "gpu_power_w": 135.74, "process_present": true, "process_mem_mib": 29612.0, "process_mem_share_percent": 60.260480260480264, "process_util_available": true, "process_util_backend": "nvml", "process_sm_util_percent": 28.0, "process_mem_util_percent": 12.0}
{"timestamp_unix": 1772442755.4684532, "pid": 116724, "device_index": 0, "gpu_uuid": "GPU-6f954bfd-7081-31b7-f15c-f9a174bf4d7f", "gpu_util_percent": 28.0, "gpu_mem_util_percent": 13.0, "gpu_mem_used_mib": 30109.0, "gpu_mem_total_mib": 49140.0, "gpu_power_w": 134.35, "process_present": true, "process_mem_mib": 29612.0, "process_mem_share_percent": 60.260480260480264, "process_util_available": true, "process_util_backend": "nvml", "process_sm_util_percent": 28.0, "process_mem_util_percent": 12.0}
{"timestamp_unix": 1772442755.7595263, "pid": 116724, "device_index": 0, "gpu_uuid": "GPU-6f954bfd-7081-31b7-f15c-f9a174bf4d7f", "gpu_util_percent": 28.0, "gpu_mem_util_percent": 13.0, "gpu_mem_used_mib": 30109.0, "gpu_mem_total_mib": 49140.0, "gpu_power_w": 134.35, "process_present": true, "process_mem_mib": 29612.0, "process_mem_share_percent": 60.260480260480264, "process_util_available": true, "process_util_backend": "nvml", "process_sm_util_percent": 28.0, "process_mem_util_percent": 11.0}
{"timestamp_unix": 1772442756.052353, "pid": 116724, "device_index": 0, "gpu_uuid": "GPU-6f954bfd-7081-31b7-f15c-f9a174bf4d7f", "gpu_util_percent": 28.0, "gpu_mem_util_percent": 12.0, "gpu_mem_used_mib": 30109.0, "gpu_mem_total_mib": 49140.0, "gpu_power_w": 123.85, "process_present": true, "process_mem_mib": 29612.0, "process_mem_share_percent": 60.260480260480264, "process_util_available": true, "process_util_backend": "nvml", "process_sm_util_percent": 23.0, "process_mem_util_percent": 8.0}
{"timestamp_unix": 1772442756.3454397, "pid": 116724, "device_index": 0, "gpu_uuid": "GPU-6f954bfd-7081-31b7-f15c-f9a174bf4d7f", "gpu_util_percent": 28.0, "gpu_mem_util_percent": 12.0, "gpu_mem_used_mib": 30109.0, "gpu_mem_total_mib": 49140.0, "gpu_power_w": 111.83, "process_present": true, "process_mem_mib": 31038.0, "process_mem_share_percent": 63.16239316239316, "process_util_available": true, "process_util_backend": "nvml", "process_sm_util_percent": 28.0, "process_mem_util_percent": 10.0}
{"timestamp_unix": 1772442756.6400945, "pid": 116724, "device_index": 0, "gpu_uuid": "GPU-6f954bfd-7081-31b7-f15c-f9a174bf4d7f", "gpu_util_percent": 28.0, "gpu_mem_util_percent": 12.0, "gpu_mem_used_mib": 31535.0, "gpu_mem_total_mib": 49140.0, "gpu_power_w": 111.83, "process_present": true, "process_mem_mib": 31038.0, "process_mem_share_percent": 63.16239316239316, "process_util_available": true, "process_util_backend": "nvml", "process_sm_util_percent": 29.0, "process_mem_util_percent": 10.0}
{"timestamp_unix": 1772442756.9321635, "pid": 116724, "device_index": 0, "gpu_uuid": "GPU-6f954bfd-7081-31b7-f15c-f9a174bf4d7f", "gpu_util_percent": 29.0, "gpu_mem_util_percent": 11.0, "gpu_mem_used_mib": 31535.0, "gpu_mem_total_mib": 49140.0, "gpu_power_w": 109.61, "process_present": true, "process_mem_mib": 31038.0, "process_mem_share_percent": 63.16239316239316, "process_util_available": true, "process_util_backend": "nvml", "process_sm_util_percent": 29.0, "process_mem_util_percent": 10.0}
{"timestamp_unix": 1772442757.2234466, "pid": 116724, "device_index": 0, "gpu_uuid": "GPU-6f954bfd-7081-31b7-f15c-f9a174bf4d7f", "gpu_util_percent": 29.0, "gpu_mem_util_percent": 11.0, "gpu_mem_used_mib": 31535.0, "gpu_mem_total_mib": 49140.0, "gpu_power_w": 109.61, "process_present": true, "process_mem_mib": 31038.0, "process_mem_share_percent": 63.16239316239316, "process_util_available": true, "process_util_backend": "nvml", "process_sm_util_percent": 31.0, "process_mem_util_percent": 10.0}
{"timestamp_unix": 1772442757.5286102, "pid": 116724, "device_index": 0, "gpu_uuid": "GPU-6f954bfd-7081-31b7-f15c-f9a174bf4d7f", "gpu_util_percent": 29.0, "gpu_mem_util_percent": 11.0, "gpu_mem_used_mib": 31536.0, "gpu_mem_total_mib": 49140.0, "gpu_power_w": 112.19, "process_present": true, "process_mem_mib": 31038.0, "process_mem_share_percent": 63.16239316239316, "process_util_available": true, "process_util_backend": "nvml", "process_sm_util_percent": 31.0, "process_mem_util_percent": 10.0}
{"timestamp_unix": 1772442757.8341818, "pid": 116724, "device_index": 0, "gpu_uuid": "GPU-6f954bfd-7081-31b7-f15c-f9a174bf4d7f", "gpu_util_percent": 30.0, "gpu_mem_util_percent": 11.0, "gpu_mem_used_mib": 32560.0, "gpu_mem_total_mib": 49140.0, "gpu_power_w": 112.38, "process_present": true, "process_mem_mib": 32574.0, "process_mem_share_percent": 66.28815628815629, "process_util_available": true, "process_util_backend": "nvml", "process_sm_util_percent": 31.0, "process_mem_util_percent": 11.0}
{"timestamp_unix": 1772442758.136512, "pid": 116724, "device_index": 0, "gpu_uuid": "GPU-6f954bfd-7081-31b7-f15c-f9a174bf4d7f", "gpu_util_percent": 30.0, "gpu_mem_util_percent": 11.0, "gpu_mem_used_mib": 33072.0, "gpu_mem_total_mib": 49140.0, "gpu_power_w": 112.38, "process_present": true, "process_mem_mib": 32574.0, "process_mem_share_percent": 66.28815628815629, "process_util_available": true, "process_util_backend": "nvml", "process_sm_util_percent": 32.0, "process_mem_util_percent": 10.0}
{"timestamp_unix": 1772442758.4339697, "pid": 116724, "device_index": 0, "gpu_uuid": "GPU-6f954bfd-7081-31b7-f15c-f9a174bf4d7f", "gpu_util_percent": 30.0, "gpu_mem_util_percent": 11.0, "gpu_mem_used_mib": 33072.0, "gpu_mem_total_mib": 49140.0, "gpu_power_w": 112.58, "process_present": true, "process_mem_mib": 32574.0, "process_mem_share_percent": 66.28815628815629, "process_util_available": true, "process_util_backend": "nvml", "process_sm_util_percent": 16.0, "process_mem_util_percent": 5.0}
{"timestamp_unix": 1772442758.7243495, "pid": 116724, "device_index": 0, "gpu_uuid": "GPU-6f954bfd-7081-31b7-f15c-f9a174bf4d7f", "gpu_util_percent": 30.0, "gpu_mem_util_percent": 11.0, "gpu_mem_used_mib": 33072.0, "gpu_mem_total_mib": 49140.0, "gpu_power_w": 112.58, "process_present": true, "process_mem_mib": 32574.0, "process_mem_share_percent": 66.28815628815629, "process_util_available": true, "process_util_backend": "nvml", "process_sm_util_percent": null, "process_mem_util_percent": null}
{"timestamp_unix": 1772442759.017326, "pid": 116724, "device_index": 0, "gpu_uuid": "GPU-6f954bfd-7081-31b7-f15c-f9a174bf4d7f", "gpu_util_percent": 32.0, "gpu_mem_util_percent": 12.0, "gpu_mem_used_mib": 33250.0, "gpu_mem_total_mib": 49140.0, "gpu_power_w": 112.91, "process_present": true, "process_mem_mib": 32792.0, "process_mem_share_percent": 66.73178673178674, "process_util_available": true, "process_util_backend": "nvml", "process_sm_util_percent": null, "process_mem_util_percent": null}
{"timestamp_unix": 1772442759.3059628, "pid": 116724, "device_index": 0, "gpu_uuid": "GPU-6f954bfd-7081-31b7-f15c-f9a174bf4d7f", "gpu_util_percent": 32.0, "gpu_mem_util_percent": 12.0, "gpu_mem_used_mib": 33804.0, "gpu_mem_total_mib": 49140.0, "gpu_power_w": 112.52, "process_present": true, "process_mem_mib": 34696.0, "process_mem_share_percent": 70.6064306064306, "process_util_available": true, "process_util_backend": "nvml", "process_sm_util_percent": null, "process_mem_util_percent": null}
{"timestamp_unix": 1772442759.595242, "pid": 116724, "device_index": 0, "gpu_uuid": "GPU-6f954bfd-7081-31b7-f15c-f9a174bf4d7f", "gpu_util_percent": 32.0, "gpu_mem_util_percent": 12.0, "gpu_mem_used_mib": 35798.0, "gpu_mem_total_mib": 49140.0, "gpu_power_w": 112.52, "process_present": true, "process_mem_mib": 35494.0, "process_mem_share_percent": 72.23036223036223, "process_util_available": true, "process_util_backend": "nvml", "process_sm_util_percent": 30.0, "process_mem_util_percent": 11.0}
{"timestamp_unix": 1772442759.8940396, "pid": 116724, "device_index": 0, "gpu_uuid": "GPU-6f954bfd-7081-31b7-f15c-f9a174bf4d7f", "gpu_util_percent": 30.0, "gpu_mem_util_percent": 9.0, "gpu_mem_used_mib": 37254.0, "gpu_mem_total_mib": 49140.0, "gpu_power_w": 111.03, "process_present": true, "process_mem_mib": 36912.0, "process_mem_share_percent": 75.11599511599512, "process_util_available": true, "process_util_backend": "nvml", "process_sm_util_percent": 28.0, "process_mem_util_percent": 9.0}
{"timestamp_unix": 1772442760.1853151, "pid": 116724, "device_index": 0, "gpu_uuid": "GPU-6f954bfd-7081-31b7-f15c-f9a174bf4d7f", "gpu_util_percent": 30.0, "gpu_mem_util_percent": 9.0, "gpu_mem_used_mib": 37408.0, "gpu_mem_total_mib": 49140.0, "gpu_power_w": 111.03, "process_present": true, "process_mem_mib": 36912.0, "process_mem_share_percent": 75.11599511599512, "process_util_available": true, "process_util_backend": "nvml", "process_sm_util_percent": null, "process_mem_util_percent": null}
{"timestamp_unix": 1772442760.4856784, "pid": 116724, "device_index": 0, "gpu_uuid": "GPU-6f954bfd-7081-31b7-f15c-f9a174bf4d7f", "gpu_util_percent": 30.0, "gpu_mem_util_percent": 9.0, "gpu_mem_used_mib": 39206.0, "gpu_mem_total_mib": 49140.0, "gpu_power_w": 103.29, "process_present": true, "process_mem_mib": 38710.0, "process_mem_share_percent": 78.77492877492878, "process_util_available": true, "process_util_backend": "nvml", "process_sm_util_percent": 28.0, "process_mem_util_percent": 13.0}
{"timestamp_unix": 1772442760.7850273, "pid": 116724, "device_index": 0, "gpu_uuid": "GPU-6f954bfd-7081-31b7-f15c-f9a174bf4d7f", "gpu_util_percent": 44.0, "gpu_mem_util_percent": 29.0, "gpu_mem_used_mib": 39206.0, "gpu_mem_total_mib": 49140.0, "gpu_power_w": 116.35, "process_present": true, "process_mem_mib": 38710.0, "process_mem_share_percent": 78.77492877492878, "process_util_available": true, "process_util_backend": "nvml", "process_sm_util_percent": 42.0, "process_mem_util_percent": 27.0}
{"timestamp_unix": 1772442761.0852287, "pid": 116724, "device_index": 0, "gpu_uuid": "GPU-6f954bfd-7081-31b7-f15c-f9a174bf4d7f", "gpu_util_percent": 44.0, "gpu_mem_util_percent": 29.0, "gpu_mem_used_mib": 39334.0, "gpu_mem_total_mib": 49140.0, "gpu_power_w": 116.35, "process_present": true, "process_mem_mib": 38838.0, "process_mem_share_percent": 79.03540903540903, "process_util_available": true, "process_util_backend": "nvml", "process_sm_util_percent": 22.0, "process_mem_util_percent": 14.0}
{"timestamp_unix": 1772442761.379994, "pid": 116724, "device_index": 0, "gpu_uuid": "GPU-6f954bfd-7081-31b7-f15c-f9a174bf4d7f", "gpu_util_percent": 44.0, "gpu_mem_util_percent": 29.0, "gpu_mem_used_mib": 39334.0, "gpu_mem_total_mib": 49140.0, "gpu_power_w": 143.1, "process_present": true, "process_mem_mib": 38838.0, "process_mem_share_percent": 79.03540903540903, "process_util_available": true, "process_util_backend": "nvml", "process_sm_util_percent": 43.0, "process_mem_util_percent": 28.0}
{"timestamp_unix": 1772442761.6725647, "pid": 116724, "device_index": 0, "gpu_uuid": "GPU-6f954bfd-7081-31b7-f15c-f9a174bf4d7f", "gpu_util_percent": 44.0, "gpu_mem_util_percent": 29.0, "gpu_mem_used_mib": 39334.0, "gpu_mem_total_mib": 49140.0, "gpu_power_w": 143.1, "process_present": true, "process_mem_mib": 38838.0, "process_mem_share_percent": 79.03540903540903, "process_util_available": true, "process_util_backend": "nvml", "process_sm_util_percent": 45.0, "process_mem_util_percent": 28.0}
{"timestamp_unix": 1772442761.9668336, "pid": 116724, "device_index": 0, "gpu_uuid": "GPU-6f954bfd-7081-31b7-f15c-f9a174bf4d7f", "gpu_util_percent": 42.0, "gpu_mem_util_percent": 27.0, "gpu_mem_used_mib": 39334.0, "gpu_mem_total_mib": 49140.0, "gpu_power_w": 157.57, "process_present": true, "process_mem_mib": 38838.0, "process_mem_share_percent": 79.03540903540903, "process_util_available": true, "process_util_backend": "nvml", "process_sm_util_percent": 43.0, "process_mem_util_percent": 28.0}
{"timestamp_unix": 1772442762.2571466, "pid": 116724, "device_index": 0, "gpu_uuid": "GPU-6f954bfd-7081-31b7-f15c-f9a174bf4d7f", "gpu_util_percent": 42.0, "gpu_mem_util_percent": 27.0, "gpu_mem_used_mib": 39334.0, "gpu_mem_total_mib": 49140.0, "gpu_power_w": 157.57, "process_present": true, "process_mem_mib": 38838.0, "process_mem_share_percent": 79.03540903540903, "process_util_available": true, "process_util_backend": "nvml", "process_sm_util_percent": 44.0, "process_mem_util_percent": 28.0}
{"timestamp_unix": 1772442762.5522811, "pid": 116724, "device_index": 0, "gpu_uuid": "GPU-6f954bfd-7081-31b7-f15c-f9a174bf4d7f", "gpu_util_percent": 42.0, "gpu_mem_util_percent": 27.0, "gpu_mem_used_mib": 39333.0, "gpu_mem_total_mib": 49140.0, "gpu_power_w": 157.92, "process_present": true, "process_mem_mib": 38838.0, "process_mem_share_percent": 79.03540903540903, "process_util_available": true, "process_util_backend": "nvml", "process_sm_util_percent": 43.0, "process_mem_util_percent": 28.0}
{"timestamp_unix": 1772442762.8483293, "pid": 116724, "device_index": 0, "gpu_uuid": "GPU-6f954bfd-7081-31b7-f15c-f9a174bf4d7f", "gpu_util_percent": 44.0, "gpu_mem_util_percent": 28.0, "gpu_mem_used_mib": 39333.0, "gpu_mem_total_mib": 49140.0, "gpu_power_w": 157.24, "process_present": true, "process_mem_mib": 38838.0, "process_mem_share_percent": 79.03540903540903, "process_util_available": true, "process_util_backend": "nvml", "process_sm_util_percent": 42.0, "process_mem_util_percent": 27.0}
{"timestamp_unix": 1772442763.15522, "pid": 116724, "device_index": 0, "gpu_uuid": "GPU-6f954bfd-7081-31b7-f15c-f9a174bf4d7f", "gpu_util_percent": 44.0, "gpu_mem_util_percent": 28.0, "gpu_mem_used_mib": 39333.0, "gpu_mem_total_mib": 49140.0, "gpu_power_w": 157.24, "process_present": true, "process_mem_mib": 38838.0, "process_mem_share_percent": 79.03540903540903, "process_util_available": true, "process_util_backend": "nvml", "process_sm_util_percent": 43.0, "process_mem_util_percent": 28.0}
{"timestamp_unix": 1772442763.4627688, "pid": 116724, "device_index": 0, "gpu_uuid": "GPU-6f954bfd-7081-31b7-f15c-f9a174bf4d7f", "gpu_util_percent": 44.0, "gpu_mem_util_percent": 28.0, "gpu_mem_used_mib": 39333.0, "gpu_mem_total_mib": 49140.0, "gpu_power_w": 156.86, "process_present": true, "process_mem_mib": 38838.0, "process_mem_share_percent": 79.03540903540903, "process_util_available": true, "process_util_backend": "nvml", "process_sm_util_percent": 42.0, "process_mem_util_percent": 27.0}
{"timestamp_unix": 1772442763.7720914, "pid": 116724, "device_index": 0, "gpu_uuid": "GPU-6f954bfd-7081-31b7-f15c-f9a174bf4d7f", "gpu_util_percent": 44.0, "gpu_mem_util_percent": 28.0, "gpu_mem_used_mib": 39333.0, "gpu_mem_total_mib": 49140.0, "gpu_power_w": 156.86, "process_present": true, "process_mem_mib": 38838.0, "process_mem_share_percent": 79.03540903540903, "process_util_available": true, "process_util_backend": "nvml", "process_sm_util_percent": 42.0, "process_mem_util_percent": 27.0}
{"timestamp_unix": 1772442764.0796094, "pid": 116724, "device_index": 0, "gpu_uuid": "GPU-6f954bfd-7081-31b7-f15c-f9a174bf4d7f", "gpu_util_percent": 44.0, "gpu_mem_util_percent": 29.0, "gpu_mem_used_mib": 39333.0, "gpu_mem_total_mib": 49140.0, "gpu_power_w": 157.06, "process_present": true, "process_mem_mib": 38838.0, "process_mem_share_percent": 79.03540903540903, "process_util_available": true, "process_util_backend": "nvml", "process_sm_util_percent": 42.0, "process_mem_util_percent": 27.0}
{"timestamp_unix": 1772442764.3729436, "pid": 116724, "device_index": 0, "gpu_uuid": "GPU-6f954bfd-7081-31b7-f15c-f9a174bf4d7f", "gpu_util_percent": 44.0, "gpu_mem_util_percent": 29.0, "gpu_mem_used_mib": 39333.0, "gpu_mem_total_mib": 49140.0, "gpu_power_w": 156.53, "process_present": true, "process_mem_mib": 38838.0, "process_mem_share_percent": 79.03540903540903, "process_util_available": true, "process_util_backend": "nvml", "process_sm_util_percent": 42.0, "process_mem_util_percent": 26.0}
{"timestamp_unix": 1772442764.665426, "pid": 116724, "device_index": 0, "gpu_uuid": "GPU-6f954bfd-7081-31b7-f15c-f9a174bf4d7f", "gpu_util_percent": 44.0, "gpu_mem_util_percent": 29.0, "gpu_mem_used_mib": 39333.0, "gpu_mem_total_mib": 49140.0, "gpu_power_w": 156.53, "process_present": true, "process_mem_mib": 38838.0, "process_mem_share_percent": 79.03540903540903, "process_util_available": true, "process_util_backend": "nvml", "process_sm_util_percent": 42.0, "process_mem_util_percent": 27.0}
{"timestamp_unix": 1772442764.9599159, "pid": 116724, "device_index": 0, "gpu_uuid": "GPU-6f954bfd-7081-31b7-f15c-f9a174bf4d7f", "gpu_util_percent": 41.0, "gpu_mem_util_percent": 25.0, "gpu_mem_used_mib": 39333.0, "gpu_mem_total_mib": 49140.0, "gpu_power_w": 155.75, "process_present": true, "process_mem_mib": 38838.0, "process_mem_share_percent": 79.03540903540903, "process_util_available": true, "process_util_backend": "nvml", "process_sm_util_percent": 41.0, "process_mem_util_percent": 26.0}
{"timestamp_unix": 1772442765.2539103, "pid": 116724, "device_index": 0, "gpu_uuid": "GPU-6f954bfd-7081-31b7-f15c-f9a174bf4d7f", "gpu_util_percent": 41.0, "gpu_mem_util_percent": 25.0, "gpu_mem_used_mib": 39333.0, "gpu_mem_total_mib": 49140.0, "gpu_power_w": 155.75, "process_present": true, "process_mem_mib": 38838.0, "process_mem_share_percent": 79.03540903540903, "process_util_available": true, "process_util_backend": "nvml", "process_sm_util_percent": 35.0, "process_mem_util_percent": 17.0}
{"timestamp_unix": 1772442765.5439963, "pid": 116724, "device_index": 0, "gpu_uuid": "GPU-6f954bfd-7081-31b7-f15c-f9a174bf4d7f", "gpu_util_percent": 41.0, "gpu_mem_util_percent": 25.0, "gpu_mem_used_mib": 39333.0, "gpu_mem_total_mib": 49140.0, "gpu_power_w": 151.28, "process_present": true, "process_mem_mib": 38838.0, "process_mem_share_percent": 79.03540903540903, "process_util_available": true, "process_util_backend": "nvml", "process_sm_util_percent": 32.0, "process_mem_util_percent": 13.0}
{"timestamp_unix": 1772442765.8427746, "pid": 116724, "device_index": 0, "gpu_uuid": "GPU-6f954bfd-7081-31b7-f15c-f9a174bf4d7f", "gpu_util_percent": 13.0, "gpu_mem_util_percent": 1.0, "gpu_mem_used_mib": 39333.0, "gpu_mem_total_mib": 49140.0, "gpu_power_w": 140.48, "process_present": true, "process_mem_mib": 38838.0, "process_mem_share_percent": 79.03540903540903, "process_util_available": true, "process_util_backend": "nvml", "process_sm_util_percent": 16.0, "process_mem_util_percent": 6.0}
