{"timestamp_unix": 1772437281.9950798, "pid": 84990, "device_index": 0, "gpu_uuid": "GPU-6f954bfd-7081-31b7-f15c-f9a174bf4d7f", "gpu_util_percent": 22.0, "gpu_mem_util_percent": 2.0, "gpu_mem_used_mib": 994.0, "gpu_mem_total_mib": 49140.0, "gpu_power_w": 51.41, "process_present": true, "process_mem_mib": 500.0, "process_mem_share_percent": 1.0175010175010175, "process_util_available": true, "process_util_backend": "nvml", "process_sm_util_percent": null, "process_mem_util_percent": null}
{"timestamp_unix": 1772437282.35028, "pid": 84990, "device_index": 0, "gpu_uuid": "GPU-6f954bfd-7081-31b7-f15c-f9a174bf4d7f", "gpu_util_percent": 22.0, "gpu_mem_util_percent": 2.0, "gpu_mem_used_mib": 994.0, "gpu_mem_total_mib": 49140.0, "gpu_power_w": 51.41, "process_present": true, "process_mem_mib": 500.0, "process_mem_share_percent": 1.0175010175010175, "process_util_available": true, "process_util_backend": "nvml", "process_sm_util_percent": null, "process_mem_util_percent": null}
{"timestamp_unix": 1772437282.6650953, "pid": 84990, "device_index": 0, "gpu_uuid": "GPU-6f954bfd-7081-31b7-f15c-f9a174bf4d7f", "gpu_util_percent": 22.0, "gpu_mem_util_percent": 2.0, "gpu_mem_used_mib": 994.0, "gpu_mem_total_mib": 49140.0, "gpu_power_w": 67.05, "process_present": true, "process_mem_mib": 500.0, "process_mem_share_percent": 1.0175010175010175, "process_util_available": true, "process_util_backend": "nvml", "process_sm_util_percent": null, "process_mem_util_percent": null}
{"timestamp_unix": 1772437282.9643183, "pid": 84990, "device_index": 0, "gpu_uuid": "GPU-6f954bfd-7081-31b7-f15c-f9a174bf4d7f", "gpu_util_percent": 12.0, "gpu_mem_util_percent": 1.0, "gpu_mem_used_mib": 994.0, "gpu_mem_total_mib": 49140.0, "gpu_power_w": 79.79, "process_present": true, "process_mem_mib": 500.0, "process_mem_share_percent": 1.0175010175010175, "process_util_available": true, "process_util_backend": "nvml", "process_sm_util_percent": null, "process_mem_util_percent": null}
{"timestamp_unix": 1772437283.2525349, "pid": 84990, "device_index": 0, "gpu_uuid": "GPU-6f954bfd-7081-31b7-f15c-f9a174bf4d7f", "gpu_util_percent": 12.0, "gpu_mem_util_percent": 1.0, "gpu_mem_used_mib": 1103.0, "gpu_mem_total_mib": 49140.0, "gpu_power_w": 79.79, "process_present": true, "process_mem_mib": 676.0, "process_mem_share_percent": 1.3756613756613756, "process_util_available": true, "process_util_backend": "nvml", "process_sm_util_percent": null, "process_mem_util_percent": null}
{"timestamp_unix": 1772437283.5407436, "pid": 84990, "device_index": 0, "gpu_uuid": "GPU-6f954bfd-7081-31b7-f15c-f9a174bf4d7f", "gpu_util_percent": 12.0, "gpu_mem_util_percent": 1.0, "gpu_mem_used_mib": 1405.0, "gpu_mem_total_mib": 49140.0, "gpu_power_w": 80.73, "process_present": true, "process_mem_mib": 1084.0, "process_mem_share_percent": 2.205942205942206, "process_util_available": true, "process_util_backend": "nvml", "process_sm_util_percent": 20.0, "process_mem_util_percent": 1.0}
{"timestamp_unix": 1772437283.8325953, "pid": 84990, "device_index": 0, "gpu_uuid": "GPU-6f954bfd-7081-31b7-f15c-f9a174bf4d7f", "gpu_util_percent": 12.0, "gpu_mem_util_percent": 1.0, "gpu_mem_used_mib": 1653.0, "gpu_mem_total_mib": 49140.0, "gpu_power_w": 80.73, "process_present": true, "process_mem_mib": 1224.0, "process_mem_share_percent": 2.490842490842491, "process_util_available": true, "process_util_backend": "nvml", "process_sm_util_percent": 18.0, "process_mem_util_percent": 1.0}
{"timestamp_unix": 1772437284.1191454, "pid": 84990, "device_index": 0, "gpu_uuid": "GPU-6f954bfd-7081-31b7-f15c-f9a174bf4d7f", "gpu_util_percent": 17.0, "gpu_mem_util_percent": 2.0, "gpu_mem_used_mib": 2894.0, "gpu_mem_total_mib": 49140.0, "gpu_power_w": 83.01, "process_present": true, "process_mem_mib": 2596.0, "process_mem_share_percent": 5.282865282865283, "process_util_available": true, "process_util_backend": "nvml", "process_sm_util_percent": 21.0, "process_mem_util_percent": 2.0}
{"timestamp_unix": 1772437284.4165077, "pid": 84990, "device_index": 0, "gpu_uuid": "GPU-6f954bfd-7081-31b7-f15c-f9a174bf4d7f", "gpu_util_percent": 17.0, "gpu_mem_util_percent": 2.0, "gpu_mem_used_mib": 4458.0, "gpu_mem_total_mib": 49140.0, "gpu_power_w": 87.77, "process_present": true, "process_mem_mib": 4168.0, "process_mem_share_percent": 8.481888481888483, "process_util_available": true, "process_util_backend": "nvml", "process_sm_util_percent": 23.0, "process_mem_util_percent": 3.0}
{"timestamp_unix": 1772437284.7167397, "pid": 84990, "device_index": 0, "gpu_uuid": "GPU-6f954bfd-7081-31b7-f15c-f9a174bf4d7f", "gpu_util_percent": 17.0, "gpu_mem_util_percent": 2.0, "gpu_mem_used_mib": 6036.0, "gpu_mem_total_mib": 49140.0, "gpu_power_w": 87.77, "process_present": true, "process_mem_mib": 5730.0, "process_mem_share_percent": 11.66056166056166, "process_util_available": true, "process_util_backend": "nvml", "process_sm_util_percent": 22.0, "process_mem_util_percent": 3.0}
{"timestamp_unix": 1772437285.0059528, "pid": 84990, "device_index": 0, "gpu_uuid": "GPU-6f954bfd-7081-31b7-f15c-f9a174bf4d7f", "gpu_util_percent": 23.0, "gpu_mem_util_percent": 4.0, "gpu_mem_used_mib": 7494.0, "gpu_mem_total_mib": 49140.0, "gpu_power_w": 89.93, "process_present": true, "process_mem_mib": 7200.0, "process_mem_share_percent": 14.652014652014653, "process_util_available": true, "process_util_backend": "nvml", "process_sm_util_percent": 23.0, "process_mem_util_percent": 3.0}
{"timestamp_unix": 1772437285.2997732, "pid": 84990, "device_index": 0, "gpu_uuid": "GPU-6f954bfd-7081-31b7-f15c-f9a174bf4d7f", "gpu_util_percent": 23.0, "gpu_mem_util_percent": 4.0, "gpu_mem_used_mib": 8973.0, "gpu_mem_total_mib": 49140.0, "gpu_power_w": 89.93, "process_present": true, "process_mem_mib": 8624.0, "process_mem_share_percent": 17.54985754985755, "process_util_available": true, "process_util_backend": "nvml", "process_sm_util_percent": 24.0, "process_mem_util_percent": 3.0}
{"timestamp_unix": 1772437285.587791, "pid": 84990, "device_index": 0, "gpu_uuid": "GPU-6f954bfd-7081-31b7-f15c-f9a174bf4d7f", "gpu_util_percent": 23.0, "gpu_mem_util_percent": 4.0, "gpu_mem_used_mib": 10603.0, "gpu_mem_total_mib": 49140.0, "gpu_power_w": 90.71, "process_present": true, "process_mem_mib": 10356.0, "process_mem_share_percent": 21.074481074481074, "process_util_available": true, "process_util_backend": "nvml", "process_sm_util_percent": 23.0, "process_mem_util_percent": 3.0}
{"timestamp_unix": 1772437285.876998, "pid": 84990, "device_index": 0, "gpu_uuid": "GPU-6f954bfd-7081-31b7-f15c-f9a174bf4d7f", "gpu_util_percent": 23.0, "gpu_mem_util_percent": 4.0, "gpu_mem_used_mib": 12437.0, "gpu_mem_total_mib": 49140.0, "gpu_power_w": 90.71, "process_present": true, "process_mem_mib": 12182.0, "process_mem_share_percent": 24.79039479039479, "process_util_available": true, "process_util_backend": "nvml", "process_sm_util_percent": 23.0, "process_mem_util_percent": 3.0}
{"timestamp_unix": 1772437286.1688292, "pid": 84990, "device_index": 0, "gpu_uuid": "GPU-6f954bfd-7081-31b7-f15c-f9a174bf4d7f", "gpu_util_percent": 23.0, "gpu_mem_util_percent": 4.0, "gpu_mem_used_mib": 14293.0, "gpu_mem_total_mib": 49140.0, "gpu_power_w": 91.27, "process_present": true, "process_mem_mib": 14060.0, "process_mem_share_percent": 28.61212861212861, "process_util_available": true, "process_util_backend": "nvml", "process_sm_util_percent": null, "process_mem_util_percent": null}
{"timestamp_unix": 1772437286.4582136, "pid": 84990, "device_index": 0, "gpu_uuid": "GPU-6f954bfd-7081-31b7-f15c-f9a174bf4d7f", "gpu_util_percent": 23.0, "gpu_mem_util_percent": 4.0, "gpu_mem_used_mib": 16197.0, "gpu_mem_total_mib": 49140.0, "gpu_power_w": 91.41, "process_present": true, "process_mem_mib": 15966.0, "process_mem_share_percent": 32.49084249084249, "process_util_available": true, "process_util_backend": "nvml", "process_sm_util_percent": null, "process_mem_util_percent": null}
{"timestamp_unix": 1772437286.79389, "pid": 84990, "device_index": 0, "gpu_uuid": "GPU-6f954bfd-7081-31b7-f15c-f9a174bf4d7f", "gpu_util_percent": 23.0, "gpu_mem_util_percent": 4.0, "gpu_mem_used_mib": 18231.0, "gpu_mem_total_mib": 49140.0, "gpu_power_w": 91.41, "process_present": true, "process_mem_mib": 18012.0, "process_mem_share_percent": 36.65445665445665, "process_util_available": true, "process_util_backend": "nvml", "process_sm_util_percent": 23.0, "process_mem_util_percent": 3.0}
{"timestamp_unix": 1772437287.0992434, "pid": 84990, "device_index": 0, "gpu_uuid": "GPU-6f954bfd-7081-31b7-f15c-f9a174bf4d7f", "gpu_util_percent": 20.0, "gpu_mem_util_percent": 3.0, "gpu_mem_used_mib": 20174.0, "gpu_mem_total_mib": 49140.0, "gpu_power_w": 91.1, "process_present": true, "process_mem_mib": 19952.0, "process_mem_share_percent": 40.602360602360605, "process_util_available": true, "process_util_backend": "nvml", "process_sm_util_percent": 22.0, "process_mem_util_percent": 3.0}
{"timestamp_unix": 1772437287.3995435, "pid": 84990, "device_index": 0, "gpu_uuid": "GPU-6f954bfd-7081-31b7-f15c-f9a174bf4d7f", "gpu_util_percent": 20.0, "gpu_mem_util_percent": 3.0, "gpu_mem_used_mib": 22278.0, "gpu_mem_total_mib": 49140.0, "gpu_power_w": 91.1, "process_present": true, "process_mem_mib": 22140.0, "process_mem_share_percent": 45.05494505494506, "process_util_available": true, "process_util_backend": "nvml", "process_sm_util_percent": 23.0, "process_mem_util_percent": 3.0}
{"timestamp_unix": 1772437287.6911914, "pid": 84990, "device_index": 0, "gpu_uuid": "GPU-6f954bfd-7081-31b7-f15c-f9a174bf4d7f", "gpu_util_percent": 20.0, "gpu_mem_util_percent": 3.0, "gpu_mem_used_mib": 24476.0, "gpu_mem_total_mib": 49140.0, "gpu_power_w": 91.02, "process_present": true, "process_mem_mib": 24276.0, "process_mem_share_percent": 49.401709401709404, "process_util_available": true, "process_util_backend": "nvml", "process_sm_util_percent": 23.0, "process_mem_util_percent": 3.0}
{"timestamp_unix": 1772437287.9836898, "pid": 84990, "device_index": 0, "gpu_uuid": "GPU-6f954bfd-7081-31b7-f15c-f9a174bf4d7f", "gpu_util_percent": 24.0, "gpu_mem_util_percent": 4.0, "gpu_mem_used_mib": 26636.0, "gpu_mem_total_mib": 49140.0, "gpu_power_w": 91.33, "process_present": true, "process_mem_mib": 26456.0, "process_mem_share_percent": 53.83801383801384, "process_util_available": true, "process_util_backend": "nvml", "process_sm_util_percent": 23.0, "process_mem_util_percent": 3.0}
{"timestamp_unix": 1772437288.276262, "pid": 84990, "device_index": 0, "gpu_uuid": "GPU-6f954bfd-7081-31b7-f15c-f9a174bf4d7f", "gpu_util_percent": 24.0, "gpu_mem_util_percent": 4.0, "gpu_mem_used_mib": 29004.0, "gpu_mem_total_mib": 49140.0, "gpu_power_w": 91.33, "process_present": true, "process_mem_mib": 28832.0, "process_mem_share_percent": 58.67317867317867, "process_util_available": true, "process_util_backend": "nvml", "process_sm_util_percent": 25.0, "process_mem_util_percent": 4.0}
{"timestamp_unix": 1772437288.5711806, "pid": 84990, "device_index": 0, "gpu_uuid": "GPU-6f954bfd-7081-31b7-f15c-f9a174bf4d7f", "gpu_util_percent": 24.0, "gpu_mem_util_percent": 4.0, "gpu_mem_used_mib": 31324.0, "gpu_mem_total_mib": 49140.0, "gpu_power_w": 91.98, "process_present": true, "process_mem_mib": 31112.0, "process_mem_share_percent": 63.31298331298332, "process_util_available": true, "process_util_backend": "nvml", "process_sm_util_percent": 23.0, "process_mem_util_percent": 4.0}
{"timestamp_unix": 1772437288.8647413, "pid": 84990, "device_index": 0, "gpu_uuid": "GPU-6f954bfd-7081-31b7-f15c-f9a174bf4d7f", "gpu_util_percent": 24.0, "gpu_mem_util_percent": 4.0, "gpu_mem_used_mib": 33532.0, "gpu_mem_total_mib": 49140.0, "gpu_power_w": 91.98, "process_present": true, "process_mem_mib": 33044.0, "process_mem_share_percent": 67.24460724460725, "process_util_available": true, "process_util_backend": "nvml", "process_sm_util_percent": 24.0, "process_mem_util_percent": 4.0}
{"timestamp_unix": 1772437289.1552346, "pid": 84990, "device_index": 0, "gpu_uuid": "GPU-6f954bfd-7081-31b7-f15c-f9a174bf4d7f", "gpu_util_percent": 17.0, "gpu_mem_util_percent": 2.0, "gpu_mem_used_mib": 33704.0, "gpu_mem_total_mib": 49140.0, "gpu_power_w": 91.53, "process_present": true, "process_mem_mib": 33216.0, "process_mem_share_percent": 67.5946275946276, "process_util_available": true, "process_util_backend": "nvml", "process_sm_util_percent": 12.0, "process_mem_util_percent": 1.0}
{"timestamp_unix": 1772437289.4606576, "pid": 84990, "device_index": 0, "gpu_uuid": "GPU-6f954bfd-7081-31b7-f15c-f9a174bf4d7f", "gpu_util_percent": 17.0, "gpu_mem_util_percent": 2.0, "gpu_mem_used_mib": 33704.0, "gpu_mem_total_mib": 49140.0, "gpu_power_w": 90.6, "process_present": true, "process_mem_mib": 33216.0, "process_mem_share_percent": 67.5946275946276, "process_util_available": true, "process_util_backend": "nvml", "process_sm_util_percent": 26.0, "process_mem_util_percent": 4.0}
{"timestamp_unix": 1772437289.7677765, "pid": 84990, "device_index": 0, "gpu_uuid": "GPU-6f954bfd-7081-31b7-f15c-f9a174bf4d7f", "gpu_util_percent": 17.0, "gpu_mem_util_percent": 2.0, "gpu_mem_used_mib": 33704.0, "gpu_mem_total_mib": 49140.0, "gpu_power_w": 90.6, "process_present": true, "process_mem_mib": 33216.0, "process_mem_share_percent": 67.5946275946276, "process_util_available": true, "process_util_backend": "nvml", "process_sm_util_percent": 27.0, "process_mem_util_percent": 4.0}
{"timestamp_unix": 1772437290.0678055, "pid": 84990, "device_index": 0, "gpu_uuid": "GPU-6f954bfd-7081-31b7-f15c-f9a174bf4d7f", "gpu_util_percent": 25.0, "gpu_mem_util_percent": 4.0, "gpu_mem_used_mib": 33704.0, "gpu_mem_total_mib": 49140.0, "gpu_power_w": 92.19, "process_present": true, "process_mem_mib": 33216.0, "process_mem_share_percent": 67.5946275946276, "process_util_available": true, "process_util_backend": "nvml", "process_sm_util_percent": 24.0, "process_mem_util_percent": 4.0}
{"timestamp_unix": 1772437290.371357, "pid": 84990, "device_index": 0, "gpu_uuid": "GPU-6f954bfd-7081-31b7-f15c-f9a174bf4d7f", "gpu_util_percent": 25.0, "gpu_mem_util_percent": 4.0, "gpu_mem_used_mib": 33704.0, "gpu_mem_total_mib": 49140.0, "gpu_power_w": 92.19, "process_present": true, "process_mem_mib": 33216.0, "process_mem_share_percent": 67.5946275946276, "process_util_available": true, "process_util_backend": "nvml", "process_sm_util_percent": 26.0, "process_mem_util_percent": 4.0}
{"timestamp_unix": 1772437290.6597953, "pid": 84990, "device_index": 0, "gpu_uuid": "GPU-6f954bfd-7081-31b7-f15c-f9a174bf4d7f", "gpu_util_percent": 25.0, "gpu_mem_util_percent": 4.0, "gpu_mem_used_mib": 33706.0, "gpu_mem_total_mib": 49140.0, "gpu_power_w": 95.33, "process_present": true, "process_mem_mib": 33216.0, "process_mem_share_percent": 67.5946275946276, "process_util_available": true, "process_util_backend": "nvml", "process_sm_util_percent": 25.0, "process_mem_util_percent": 4.0}
{"timestamp_unix": 1772437290.9503176, "pid": 84990, "device_index": 0, "gpu_uuid": "GPU-6f954bfd-7081-31b7-f15c-f9a174bf4d7f", "gpu_util_percent": 23.0, "gpu_mem_util_percent": 4.0, "gpu_mem_used_mib": 33706.0, "gpu_mem_total_mib": 49140.0, "gpu_power_w": 95.22, "process_present": true, "process_mem_mib": 33216.0, "process_mem_share_percent": 67.5946275946276, "process_util_available": true, "process_util_backend": "nvml", "process_sm_util_percent": 24.0, "process_mem_util_percent": 4.0}
{"timestamp_unix": 1772437291.241056, "pid": 84990, "device_index": 0, "gpu_uuid": "GPU-6f954bfd-7081-31b7-f15c-f9a174bf4d7f", "gpu_util_percent": 23.0, "gpu_mem_util_percent": 4.0, "gpu_mem_used_mib": 33706.0, "gpu_mem_total_mib": 49140.0, "gpu_power_w": 95.22, "process_present": true, "process_mem_mib": 33216.0, "process_mem_share_percent": 67.5946275946276, "process_util_available": true, "process_util_backend": "nvml", "process_sm_util_percent": 24.0, "process_mem_util_percent": 4.0}
{"timestamp_unix": 1772437291.5333457, "pid": 84990, "device_index": 0, "gpu_uuid": "GPU-6f954bfd-7081-31b7-f15c-f9a174bf4d7f", "gpu_util_percent": 23.0, "gpu_mem_util_percent": 4.0, "gpu_mem_used_mib": 33706.0, "gpu_mem_total_mib": 49140.0, "gpu_power_w": 94.99, "process_present": true, "process_mem_mib": 33216.0, "process_mem_share_percent": 67.5946275946276, "process_util_available": true, "process_util_backend": "nvml", "process_sm_util_percent": 24.0, "process_mem_util_percent": 4.0}
{"timestamp_unix": 1772437291.8329196, "pid": 84990, "device_index": 0, "gpu_uuid": "GPU-6f954bfd-7081-31b7-f15c-f9a174bf4d7f", "gpu_util_percent": 23.0, "gpu_mem_util_percent": 4.0, "gpu_mem_used_mib": 33706.0, "gpu_mem_total_mib": 49140.0, "gpu_power_w": 94.99, "process_present": true, "process_mem_mib": 33216.0, "process_mem_share_percent": 67.5946275946276, "process_util_available": true, "process_util_backend": "nvml", "process_sm_util_percent": 24.0, "process_mem_util_percent": 3.0}
{"timestamp_unix": 1772437292.121315, "pid": 84990, "device_index": 0, "gpu_uuid": "GPU-6f954bfd-7081-31b7-f15c-f9a174bf4d7f", "gpu_util_percent": 26.0, "gpu_mem_util_percent": 4.0, "gpu_mem_used_mib": 33705.0, "gpu_mem_total_mib": 49140.0, "gpu_power_w": 94.61, "process_present": true, "process_mem_mib": 33216.0, "process_mem_share_percent": 67.5946275946276, "process_util_available": true, "process_util_backend": "nvml", "process_sm_util_percent": 25.0, "process_mem_util_percent": 3.0}
{"timestamp_unix": 1772437292.4267461, "pid": 84990, "device_index": 0, "gpu_uuid": "GPU-6f954bfd-7081-31b7-f15c-f9a174bf4d7f", "gpu_util_percent": 26.0, "gpu_mem_util_percent": 4.0, "gpu_mem_used_mib": 33705.0, "gpu_mem_total_mib": 49140.0, "gpu_power_w": 94.16, "process_present": true, "process_mem_mib": 33216.0, "process_mem_share_percent": 67.5946275946276, "process_util_available": true, "process_util_backend": "nvml", "process_sm_util_percent": 26.0, "process_mem_util_percent": 3.0}
{"timestamp_unix": 1772437292.7324688, "pid": 84990, "device_index": 0, "gpu_uuid": "GPU-6f954bfd-7081-31b7-f15c-f9a174bf4d7f", "gpu_util_percent": 26.0, "gpu_mem_util_percent": 4.0, "gpu_mem_used_mib": 33705.0, "gpu_mem_total_mib": 49140.0, "gpu_power_w": 94.16, "process_present": true, "process_mem_mib": 33216.0, "process_mem_share_percent": 67.5946275946276, "process_util_available": true, "process_util_backend": "nvml", "process_sm_util_percent": 26.0, "process_mem_util_percent": 3.0}
{"timestamp_unix": 1772437293.0342672, "pid": 84990, "device_index": 0, "gpu_uuid": "GPU-6f954bfd-7081-31b7-f15c-f9a174bf4d7f", "gpu_util_percent": 26.0, "gpu_mem_util_percent": 3.0, "gpu_mem_used_mib": 33705.0, "gpu_mem_total_mib": 49140.0, "gpu_power_w": 93.82, "process_present": true, "process_mem_mib": 33216.0, "process_mem_share_percent": 67.5946275946276, "process_util_available": true, "process_util_backend": "nvml", "process_sm_util_percent": 26.0, "process_mem_util_percent": 3.0}
{"timestamp_unix": 1772437293.333445, "pid": 84990, "device_index": 0, "gpu_uuid": "GPU-6f954bfd-7081-31b7-f15c-f9a174bf4d7f", "gpu_util_percent": 26.0, "gpu_mem_util_percent": 3.0, "gpu_mem_used_mib": 33705.0, "gpu_mem_total_mib": 49140.0, "gpu_power_w": 93.82, "process_present": true, "process_mem_mib": 33216.0, "process_mem_share_percent": 67.5946275946276, "process_util_available": true, "process_util_backend": "nvml", "process_sm_util_percent": 27.0, "process_mem_util_percent": 3.0}
{"timestamp_unix": 1772437293.622171, "pid": 84990, "device_index": 0, "gpu_uuid": "GPU-6f954bfd-7081-31b7-f15c-f9a174bf4d7f", "gpu_util_percent": 26.0, "gpu_mem_util_percent": 3.0, "gpu_mem_used_mib": 33705.0, "gpu_mem_total_mib": 49140.0, "gpu_power_w": 93.55, "process_present": true, "process_mem_mib": 33216.0, "process_mem_share_percent": 67.5946275946276, "process_util_available": true, "process_util_backend": "nvml", "process_sm_util_percent": 26.0, "process_mem_util_percent": 3.0}
{"timestamp_unix": 1772437293.9135778, "pid": 84990, "device_index": 0, "gpu_uuid": "GPU-6f954bfd-7081-31b7-f15c-f9a174bf4d7f", "gpu_util_percent": 27.0, "gpu_mem_util_percent": 3.0, "gpu_mem_used_mib": 33705.0, "gpu_mem_total_mib": 49140.0, "gpu_power_w": 93.25, "process_present": true, "process_mem_mib": 33216.0, "process_mem_share_percent": 67.5946275946276, "process_util_available": true, "process_util_backend": "nvml", "process_sm_util_percent": 26.0, "process_mem_util_percent": 3.0}
{"timestamp_unix": 1772437294.2047496, "pid": 84990, "device_index": 0, "gpu_uuid": "GPU-6f954bfd-7081-31b7-f15c-f9a174bf4d7f", "gpu_util_percent": 27.0, "gpu_mem_util_percent": 3.0, "gpu_mem_used_mib": 33705.0, "gpu_mem_total_mib": 49140.0, "gpu_power_w": 93.25, "process_present": true, "process_mem_mib": 33216.0, "process_mem_share_percent": 67.5946275946276, "process_util_available": true, "process_util_backend": "nvml", "process_sm_util_percent": 27.0, "process_mem_util_percent": 3.0}
{"timestamp_unix": 1772437294.4936156, "pid": 84990, "device_index": 0, "gpu_uuid": "GPU-6f954bfd-7081-31b7-f15c-f9a174bf4d7f", "gpu_util_percent": 27.0, "gpu_mem_util_percent": 3.0, "gpu_mem_used_mib": 33705.0, "gpu_mem_total_mib": 49140.0, "gpu_power_w": 92.97, "process_present": true, "process_mem_mib": 33216.0, "process_mem_share_percent": 67.5946275946276, "process_util_available": true, "process_util_backend": "nvml", "process_sm_util_percent": 25.0, "process_mem_util_percent": 2.0}
{"timestamp_unix": 1772437294.7858357, "pid": 84990, "device_index": 0, "gpu_uuid": "GPU-6f954bfd-7081-31b7-f15c-f9a174bf4d7f", "gpu_util_percent": 27.0, "gpu_mem_util_percent": 3.0, "gpu_mem_used_mib": 33705.0, "gpu_mem_total_mib": 49140.0, "gpu_power_w": 92.97, "process_present": true, "process_mem_mib": 33216.0, "process_mem_share_percent": 67.5946275946276, "process_util_available": true, "process_util_backend": "nvml", "process_sm_util_percent": 22.0, "process_mem_util_percent": 2.0}
{"timestamp_unix": 1772437295.0759122, "pid": 84990, "device_index": 0, "gpu_uuid": "GPU-6f954bfd-7081-31b7-f15c-f9a174bf4d7f", "gpu_util_percent": 24.0, "gpu_mem_util_percent": 4.0, "gpu_mem_used_mib": 33705.0, "gpu_mem_total_mib": 49140.0, "gpu_power_w": 92.43, "process_present": true, "process_mem_mib": 33216.0, "process_mem_share_percent": 67.5946275946276, "process_util_available": true, "process_util_backend": "nvml", "process_sm_util_percent": 24.0, "process_mem_util_percent": 4.0}
{"timestamp_unix": 1772437295.3821948, "pid": 84990, "device_index": 0, "gpu_uuid": "GPU-6f954bfd-7081-31b7-f15c-f9a174bf4d7f", "gpu_util_percent": 24.0, "gpu_mem_util_percent": 4.0, "gpu_mem_used_mib": 33705.0, "gpu_mem_total_mib": 49140.0, "gpu_power_w": 92.43, "process_present": true, "process_mem_mib": 33216.0, "process_mem_share_percent": 67.5946275946276, "process_util_available": true, "process_util_backend": "nvml", "process_sm_util_percent": 25.0, "process_mem_util_percent": 4.0}
{"timestamp_unix": 1772437295.6833155, "pid": 84990, "device_index": 0, "gpu_uuid": "GPU-6f954bfd-7081-31b7-f15c-f9a174bf4d7f", "gpu_util_percent": 24.0, "gpu_mem_util_percent": 4.0, "gpu_mem_used_mib": 33704.0, "gpu_mem_total_mib": 49140.0, "gpu_power_w": 92.91, "process_present": true, "process_mem_mib": 33216.0, "process_mem_share_percent": 67.5946275946276, "process_util_available": true, "process_util_backend": "nvml", "process_sm_util_percent": 24.0, "process_mem_util_percent": 4.0}
{"timestamp_unix": 1772437295.9814992, "pid": 84990, "device_index": 0, "gpu_uuid": "GPU-6f954bfd-7081-31b7-f15c-f9a174bf4d7f", "gpu_util_percent": 25.0, "gpu_mem_util_percent": 5.0, "gpu_mem_used_mib": 33704.0, "gpu_mem_total_mib": 49140.0, "gpu_power_w": 93.92, "process_present": true, "process_mem_mib": 33216.0, "process_mem_share_percent": 67.5946275946276, "process_util_available": true, "process_util_backend": "nvml", "process_sm_util_percent": 24.0, "process_mem_util_percent": 4.0}
{"timestamp_unix": 1772437296.2739863, "pid": 84990, "device_index": 0, "gpu_uuid": "GPU-6f954bfd-7081-31b7-f15c-f9a174bf4d7f", "gpu_util_percent": 25.0, "gpu_mem_util_percent": 5.0, "gpu_mem_used_mib": 33704.0, "gpu_mem_total_mib": 49140.0, "gpu_power_w": 93.92, "process_present": true, "process_mem_mib": 33216.0, "process_mem_share_percent": 67.5946275946276, "process_util_available": true, "process_util_backend": "nvml", "process_sm_util_percent": 24.0, "process_mem_util_percent": 4.0}
{"timestamp_unix": 1772437296.567026, "pid": 84990, "device_index": 0, "gpu_uuid": "GPU-6f954bfd-7081-31b7-f15c-f9a174bf4d7f", "gpu_util_percent": 25.0, "gpu_mem_util_percent": 5.0, "gpu_mem_used_mib": 33704.0, "gpu_mem_total_mib": 49140.0, "gpu_power_w": 94.06, "process_present": true, "process_mem_mib": 33216.0, "process_mem_share_percent": 67.5946275946276, "process_util_available": true, "process_util_backend": "nvml", "process_sm_util_percent": 24.0, "process_mem_util_percent": 4.0}
{"timestamp_unix": 1772437296.9396656, "pid": 84990, "device_index": 0, "gpu_uuid": "GPU-6f954bfd-7081-31b7-f15c-f9a174bf4d7f", "gpu_util_percent": 14.0, "gpu_mem_util_percent": 1.0, "gpu_mem_used_mib": 33708.0, "gpu_mem_total_mib": 49140.0, "gpu_power_w": 92.27, "process_present": true, "process_mem_mib": 33216.0, "process_mem_share_percent": 67.5946275946276, "process_util_available": true, "process_util_backend": "nvml", "process_sm_util_percent": 10.0, "process_mem_util_percent": 1.0}
{"timestamp_unix": 1772437297.233603, "pid": 84990, "device_index": 0, "gpu_uuid": "GPU-6f954bfd-7081-31b7-f15c-f9a174bf4d7f", "gpu_util_percent": 14.0, "gpu_mem_util_percent": 1.0, "gpu_mem_used_mib": 33708.0, "gpu_mem_total_mib": 49140.0, "gpu_power_w": 92.27, "process_present": true, "process_mem_mib": 33216.0, "process_mem_share_percent": 67.5946275946276, "process_util_available": true, "process_util_backend": "nvml", "process_sm_util_percent": 25.0, "process_mem_util_percent": 4.0}
{"timestamp_unix": 1772437297.5225377, "pid": 84990, "device_index": 0, "gpu_uuid": "GPU-6f954bfd-7081-31b7-f15c-f9a174bf4d7f", "gpu_util_percent": 14.0, "gpu_mem_util_percent": 1.0, "gpu_mem_used_mib": 33708.0, "gpu_mem_total_mib": 49140.0, "gpu_power_w": 92.5, "process_present": true, "process_mem_mib": 33216.0, "process_mem_share_percent": 67.5946275946276, "process_util_available": true, "process_util_backend": "nvml", "process_sm_util_percent": 24.0, "process_mem_util_percent": 4.0}
{"timestamp_unix": 1772437297.8461297, "pid": 84990, "device_index": 0, "gpu_uuid": "GPU-6f954bfd-7081-31b7-f15c-f9a174bf4d7f", "gpu_util_percent": 14.0, "gpu_mem_util_percent": 1.0, "gpu_mem_used_mib": 33708.0, "gpu_mem_total_mib": 49140.0, "gpu_power_w": 92.5, "process_present": true, "process_mem_mib": 33216.0, "process_mem_share_percent": 67.5946275946276, "process_util_available": true, "process_util_backend": "nvml", "process_sm_util_percent": 24.0, "process_mem_util_percent": 4.0}
{"timestamp_unix": 1772437298.151276, "pid": 84990, "device_index": 0, "gpu_uuid": "GPU-6f954bfd-7081-31b7-f15c-f9a174bf4d7f", "gpu_util_percent": 25.0, "gpu_mem_util_percent": 5.0, "gpu_mem_used_mib": 33708.0, "gpu_mem_total_mib": 49140.0, "gpu_power_w": 93.76, "process_present": true, "process_mem_mib": 33216.0, "process_mem_share_percent": 67.5946275946276, "process_util_available": true, "process_util_backend": "nvml", "process_sm_util_percent": 26.0, "process_mem_util_percent": 4.0}
{"timestamp_unix": 1772437298.442675, "pid": 84990, "device_index": 0, "gpu_uuid": "GPU-6f954bfd-7081-31b7-f15c-f9a174bf4d7f", "gpu_util_percent": 25.0, "gpu_mem_util_percent": 5.0, "gpu_mem_used_mib": 33710.0, "gpu_mem_total_mib": 49140.0, "gpu_power_w": 95.29, "process_present": true, "process_mem_mib": 33216.0, "process_mem_share_percent": 67.5946275946276, "process_util_available": true, "process_util_backend": "nvml", "process_sm_util_percent": 24.0, "process_mem_util_percent": 5.0}
{"timestamp_unix": 1772437298.7342618, "pid": 84990, "device_index": 0, "gpu_uuid": "GPU-6f954bfd-7081-31b7-f15c-f9a174bf4d7f", "gpu_util_percent": 25.0, "gpu_mem_util_percent": 5.0, "gpu_mem_used_mib": 33710.0, "gpu_mem_total_mib": 49140.0, "gpu_power_w": 95.29, "process_present": true, "process_mem_mib": 33216.0, "process_mem_share_percent": 67.5946275946276, "process_util_available": true, "process_util_backend": "nvml", "process_sm_util_percent": 24.0, "process_mem_util_percent": 5.0}
{"timestamp_unix": 1772437299.0262048, "pid": 84990, "device_index": 0, "gpu_uuid": "GPU-6f954bfd-7081-31b7-f15c-f9a174bf4d7f", "gpu_util_percent": 25.0, "gpu_mem_util_percent": 5.0, "gpu_mem_used_mib": 33788.0, "gpu_mem_total_mib": 49140.0, "gpu_power_w": 95.66, "process_present": true, "process_mem_mib": 33330.0, "process_mem_share_percent": 67.82661782661783, "process_util_available": true, "process_util_backend": "nvml", "process_sm_util_percent": 24.0, "process_mem_util_percent": 5.0}
{"timestamp_unix": 1772437299.3245087, "pid": 84990, "device_index": 0, "gpu_uuid": "GPU-6f954bfd-7081-31b7-f15c-f9a174bf4d7f", "gpu_util_percent": 25.0, "gpu_mem_util_percent": 5.0, "gpu_mem_used_mib": 34082.0, "gpu_mem_total_mib": 49140.0, "gpu_power_w": 95.66, "process_present": true, "process_mem_mib": 33604.0, "process_mem_share_percent": 68.38420838420839, "process_util_available": true, "process_util_backend": "nvml", "process_sm_util_percent": null, "process_mem_util_percent": null}
{"timestamp_unix": 1772437299.616358, "pid": 84990, "device_index": 0, "gpu_uuid": "GPU-6f954bfd-7081-31b7-f15c-f9a174bf4d7f", "gpu_util_percent": 25.0, "gpu_mem_util_percent": 5.0, "gpu_mem_used_mib": 34224.0, "gpu_mem_total_mib": 49140.0, "gpu_power_w": 92.85, "process_present": true, "process_mem_mib": 33730.0, "process_mem_share_percent": 68.64061864061864, "process_util_available": true, "process_util_backend": "nvml", "process_sm_util_percent": 19.0, "process_mem_util_percent": 2.0}
{"timestamp_unix": 1772437299.9082062, "pid": 84990, "device_index": 0, "gpu_uuid": "GPU-6f954bfd-7081-31b7-f15c-f9a174bf4d7f", "gpu_util_percent": 26.0, "gpu_mem_util_percent": 5.0, "gpu_mem_used_mib": 34224.0, "gpu_mem_total_mib": 49140.0, "gpu_power_w": 92.68, "process_present": true, "process_mem_mib": 33730.0, "process_mem_share_percent": 68.64061864061864, "process_util_available": true, "process_util_backend": "nvml", "process_sm_util_percent": 24.0, "process_mem_util_percent": 4.0}
{"timestamp_unix": 1772437300.2019458, "pid": 84990, "device_index": 0, "gpu_uuid": "GPU-6f954bfd-7081-31b7-f15c-f9a174bf4d7f", "gpu_util_percent": 26.0, "gpu_mem_util_percent": 5.0, "gpu_mem_used_mib": 34223.0, "gpu_mem_total_mib": 49140.0, "gpu_power_w": 92.68, "process_present": true, "process_mem_mib": 33730.0, "process_mem_share_percent": 68.64061864061864, "process_util_available": true, "process_util_backend": "nvml", "process_sm_util_percent": 26.0, "process_mem_util_percent": 4.0}
{"timestamp_unix": 1772437300.503141, "pid": 84990, "device_index": 0, "gpu_uuid": "GPU-6f954bfd-7081-31b7-f15c-f9a174bf4d7f", "gpu_util_percent": 26.0, "gpu_mem_util_percent": 5.0, "gpu_mem_used_mib": 34223.0, "gpu_mem_total_mib": 49140.0, "gpu_power_w": 95.12, "process_present": true, "process_mem_mib": 33730.0, "process_mem_share_percent": 68.64061864061864, "process_util_available": true, "process_util_backend": "nvml", "process_sm_util_percent": 26.0, "process_mem_util_percent": 5.0}
{"timestamp_unix": 1772437300.8035464, "pid": 84990, "device_index": 0, "gpu_uuid": "GPU-6f954bfd-7081-31b7-f15c-f9a174bf4d7f", "gpu_util_percent": 26.0, "gpu_mem_util_percent": 5.0, "gpu_mem_used_mib": 34223.0, "gpu_mem_total_mib": 49140.0, "gpu_power_w": 95.12, "process_present": true, "process_mem_mib": 33730.0, "process_mem_share_percent": 68.64061864061864, "process_util_available": true, "process_util_backend": "nvml", "process_sm_util_percent": 26.0, "process_mem_util_percent": 4.0}
{"timestamp_unix": 1772437301.091269, "pid": 84990, "device_index": 0, "gpu_uuid": "GPU-6f954bfd-7081-31b7-f15c-f9a174bf4d7f", "gpu_util_percent": 27.0, "gpu_mem_util_percent": 5.0, "gpu_mem_used_mib": 34223.0, "gpu_mem_total_mib": 49140.0, "gpu_power_w": 96.39, "process_present": true, "process_mem_mib": 33730.0, "process_mem_share_percent": 68.64061864061864, "process_util_available": true, "process_util_backend": "nvml", "process_sm_util_percent": 26.0, "process_mem_util_percent": 4.0}
{"timestamp_unix": 1772437301.3832142, "pid": 84990, "device_index": 0, "gpu_uuid": "GPU-6f954bfd-7081-31b7-f15c-f9a174bf4d7f", "gpu_util_percent": 27.0, "gpu_mem_util_percent": 5.0, "gpu_mem_used_mib": 34223.0, "gpu_mem_total_mib": 49140.0, "gpu_power_w": 96.39, "process_present": true, "process_mem_mib": 33730.0, "process_mem_share_percent": 68.64061864061864, "process_util_available": true, "process_util_backend": "nvml", "process_sm_util_percent": 13.0, "process_mem_util_percent": 2.0}
{"timestamp_unix": 1772437301.6717513, "pid": 84990, "device_index": 0, "gpu_uuid": "GPU-6f954bfd-7081-31b7-f15c-f9a174bf4d7f", "gpu_util_percent": 27.0, "gpu_mem_util_percent": 5.0, "gpu_mem_used_mib": 34223.0, "gpu_mem_total_mib": 49140.0, "gpu_power_w": 96.42, "process_present": true, "process_mem_mib": 33730.0, "process_mem_share_percent": 68.64061864061864, "process_util_available": true, "process_util_backend": "nvml", "process_sm_util_percent": null, "process_mem_util_percent": null}
{"timestamp_unix": 1772437301.9627569, "pid": 84990, "device_index": 0, "gpu_uuid": "GPU-6f954bfd-7081-31b7-f15c-f9a174bf4d7f", "gpu_util_percent": 26.0, "gpu_mem_util_percent": 5.0, "gpu_mem_used_mib": 34219.0, "gpu_mem_total_mib": 49140.0, "gpu_power_w": 96.18, "process_present": true, "process_mem_mib": 33730.0, "process_mem_share_percent": 68.64061864061864, "process_util_available": true, "process_util_backend": "nvml", "process_sm_util_percent": 13.0, "process_mem_util_percent": 2.0}
{"timestamp_unix": 1772437302.2542484, "pid": 84990, "device_index": 0, "gpu_uuid": "GPU-6f954bfd-7081-31b7-f15c-f9a174bf4d7f", "gpu_util_percent": 26.0, "gpu_mem_util_percent": 5.0, "gpu_mem_used_mib": 34219.0, "gpu_mem_total_mib": 49140.0, "gpu_power_w": 96.18, "process_present": true, "process_mem_mib": 33730.0, "process_mem_share_percent": 68.64061864061864, "process_util_available": true, "process_util_backend": "nvml", "process_sm_util_percent": 25.0, "process_mem_util_percent": 4.0}
{"timestamp_unix": 1772437302.5422823, "pid": 84990, "device_index": 0, "gpu_uuid": "GPU-6f954bfd-7081-31b7-f15c-f9a174bf4d7f", "gpu_util_percent": 26.0, "gpu_mem_util_percent": 5.0, "gpu_mem_used_mib": 34219.0, "gpu_mem_total_mib": 49140.0, "gpu_power_w": 95.7, "process_present": true, "process_mem_mib": 33730.0, "process_mem_share_percent": 68.64061864061864, "process_util_available": true, "process_util_backend": "nvml", "process_sm_util_percent": 25.0, "process_mem_util_percent": 4.0}
{"timestamp_unix": 1772437302.8460975, "pid": 84990, "device_index": 0, "gpu_uuid": "GPU-6f954bfd-7081-31b7-f15c-f9a174bf4d7f", "gpu_util_percent": 26.0, "gpu_mem_util_percent": 5.0, "gpu_mem_used_mib": 34219.0, "gpu_mem_total_mib": 49140.0, "gpu_power_w": 95.7, "process_present": true, "process_mem_mib": 33730.0, "process_mem_share_percent": 68.64061864061864, "process_util_available": true, "process_util_backend": "nvml", "process_sm_util_percent": 25.0, "process_mem_util_percent": 4.0}
{"timestamp_unix": 1772437303.150247, "pid": 84990, "device_index": 0, "gpu_uuid": "GPU-6f954bfd-7081-31b7-f15c-f9a174bf4d7f", "gpu_util_percent": 25.0, "gpu_mem_util_percent": 4.0, "gpu_mem_used_mib": 34217.0, "gpu_mem_total_mib": 49140.0, "gpu_power_w": 95.39, "process_present": true, "process_mem_mib": 33730.0, "process_mem_share_percent": 68.64061864061864, "process_util_available": true, "process_util_backend": "nvml", "process_sm_util_percent": 25.0, "process_mem_util_percent": 4.0}
{"timestamp_unix": 1772437303.4500508, "pid": 84990, "device_index": 0, "gpu_uuid": "GPU-6f954bfd-7081-31b7-f15c-f9a174bf4d7f", "gpu_util_percent": 25.0, "gpu_mem_util_percent": 4.0, "gpu_mem_used_mib": 34217.0, "gpu_mem_total_mib": 49140.0, "gpu_power_w": 95.07, "process_present": true, "process_mem_mib": 33730.0, "process_mem_share_percent": 68.64061864061864, "process_util_available": true, "process_util_backend": "nvml", "process_sm_util_percent": 25.0, "process_mem_util_percent": 4.0}
{"timestamp_unix": 1772437303.7386537, "pid": 84990, "device_index": 0, "gpu_uuid": "GPU-6f954bfd-7081-31b7-f15c-f9a174bf4d7f", "gpu_util_percent": 25.0, "gpu_mem_util_percent": 4.0, "gpu_mem_used_mib": 34216.0, "gpu_mem_total_mib": 49140.0, "gpu_power_w": 95.07, "process_present": true, "process_mem_mib": 33730.0, "process_mem_share_percent": 68.64061864061864, "process_util_available": true, "process_util_backend": "nvml", "process_sm_util_percent": 25.0, "process_mem_util_percent": 3.0}
{"timestamp_unix": 1772437304.031129, "pid": 84990, "device_index": 0, "gpu_uuid": "GPU-6f954bfd-7081-31b7-f15c-f9a174bf4d7f", "gpu_util_percent": 26.0, "gpu_mem_util_percent": 4.0, "gpu_mem_used_mib": 34218.0, "gpu_mem_total_mib": 49140.0, "gpu_power_w": 94.72, "process_present": true, "process_mem_mib": 33730.0, "process_mem_share_percent": 68.64061864061864, "process_util_available": true, "process_util_backend": "nvml", "process_sm_util_percent": 26.0, "process_mem_util_percent": 3.0}
{"timestamp_unix": 1772437304.321937, "pid": 84990, "device_index": 0, "gpu_uuid": "GPU-6f954bfd-7081-31b7-f15c-f9a174bf4d7f", "gpu_util_percent": 26.0, "gpu_mem_util_percent": 4.0, "gpu_mem_used_mib": 34218.0, "gpu_mem_total_mib": 49140.0, "gpu_power_w": 94.72, "process_present": true, "process_mem_mib": 33730.0, "process_mem_share_percent": 68.64061864061864, "process_util_available": true, "process_util_backend": "nvml", "process_sm_util_percent": 26.0, "process_mem_util_percent": 4.0}
{"timestamp_unix": 1772437304.6108289, "pid": 84990, "device_index": 0, "gpu_uuid": "GPU-6f954bfd-7081-31b7-f15c-f9a174bf4d7f", "gpu_util_percent": 26.0, "gpu_mem_util_percent": 4.0, "gpu_mem_used_mib": 34218.0, "gpu_mem_total_mib": 49140.0, "gpu_power_w": 94.53, "process_present": true, "process_mem_mib": 33730.0, "process_mem_share_percent": 68.64061864061864, "process_util_available": true, "process_util_backend": "nvml", "process_sm_util_percent": 25.0, "process_mem_util_percent": 3.0}
{"timestamp_unix": 1772437304.9018896, "pid": 84990, "device_index": 0, "gpu_uuid": "GPU-6f954bfd-7081-31b7-f15c-f9a174bf4d7f", "gpu_util_percent": 26.0, "gpu_mem_util_percent": 4.0, "gpu_mem_used_mib": 34218.0, "gpu_mem_total_mib": 49140.0, "gpu_power_w": 94.53, "process_present": true, "process_mem_mib": 33730.0, "process_mem_share_percent": 68.64061864061864, "process_util_available": true, "process_util_backend": "nvml", "process_sm_util_percent": 25.0, "process_mem_util_percent": 3.0}
{"timestamp_unix": 1772437305.1915073, "pid": 84990, "device_index": 0, "gpu_uuid": "GPU-6f954bfd-7081-31b7-f15c-f9a174bf4d7f", "gpu_util_percent": 25.0, "gpu_mem_util_percent": 4.0, "gpu_mem_used_mib": 34218.0, "gpu_mem_total_mib": 49140.0, "gpu_power_w": 94.41, "process_present": true, "process_mem_mib": 33730.0, "process_mem_share_percent": 68.64061864061864, "process_util_available": true, "process_util_backend": "nvml", "process_sm_util_percent": 26.0, "process_mem_util_percent": 3.0}
{"timestamp_unix": 1772437305.5012503, "pid": 84990, "device_index": 0, "gpu_uuid": "GPU-6f954bfd-7081-31b7-f15c-f9a174bf4d7f", "gpu_util_percent": 25.0, "gpu_mem_util_percent": 4.0, "gpu_mem_used_mib": 34218.0, "gpu_mem_total_mib": 49140.0, "gpu_power_w": 94.27, "process_present": true, "process_mem_mib": 33730.0, "process_mem_share_percent": 68.64061864061864, "process_util_available": true, "process_util_backend": "nvml", "process_sm_util_percent": 25.0, "process_mem_util_percent": 3.0}
{"timestamp_unix": 1772437305.7987986, "pid": 84990, "device_index": 0, "gpu_uuid": "GPU-6f954bfd-7081-31b7-f15c-f9a174bf4d7f", "gpu_util_percent": 25.0, "gpu_mem_util_percent": 4.0, "gpu_mem_used_mib": 34220.0, "gpu_mem_total_mib": 49140.0, "gpu_power_w": 94.27, "process_present": true, "process_mem_mib": 33730.0, "process_mem_share_percent": 68.64061864061864, "process_util_available": true, "process_util_backend": "nvml", "process_sm_util_percent": 21.0, "process_mem_util_percent": 3.0}
{"timestamp_unix": 1772437306.1103828, "pid": 84990, "device_index": 0, "gpu_uuid": "GPU-6f954bfd-7081-31b7-f15c-f9a174bf4d7f", "gpu_util_percent": 24.0, "gpu_mem_util_percent": 5.0, "gpu_mem_used_mib": 34220.0, "gpu_mem_total_mib": 49140.0, "gpu_power_w": 93.59, "process_present": true, "process_mem_mib": 33730.0, "process_mem_share_percent": 68.64061864061864, "process_util_available": true, "process_util_backend": "nvml", "process_sm_util_percent": 24.0, "process_mem_util_percent": 4.0}
{"timestamp_unix": 1772437306.4002512, "pid": 84990, "device_index": 0, "gpu_uuid": "GPU-6f954bfd-7081-31b7-f15c-f9a174bf4d7f", "gpu_util_percent": 24.0, "gpu_mem_util_percent": 5.0, "gpu_mem_used_mib": 34220.0, "gpu_mem_total_mib": 49140.0, "gpu_power_w": 93.59, "process_present": true, "process_mem_mib": 33730.0, "process_mem_share_percent": 68.64061864061864, "process_util_available": true, "process_util_backend": "nvml", "process_sm_util_percent": 25.0, "process_mem_util_percent": 4.0}
{"timestamp_unix": 1772437306.6887228, "pid": 84990, "device_index": 0, "gpu_uuid": "GPU-6f954bfd-7081-31b7-f15c-f9a174bf4d7f", "gpu_util_percent": 24.0, "gpu_mem_util_percent": 5.0, "gpu_mem_used_mib": 34220.0, "gpu_mem_total_mib": 49140.0, "gpu_power_w": 94.16, "process_present": true, "process_mem_mib": 33730.0, "process_mem_share_percent": 68.64061864061864, "process_util_available": true, "process_util_backend": "nvml", "process_sm_util_percent": 24.0, "process_mem_util_percent": 4.0}
{"timestamp_unix": 1772437306.9770007, "pid": 84990, "device_index": 0, "gpu_uuid": "GPU-6f954bfd-7081-31b7-f15c-f9a174bf4d7f", "gpu_util_percent": 25.0, "gpu_mem_util_percent": 5.0, "gpu_mem_used_mib": 34220.0, "gpu_mem_total_mib": 49140.0, "gpu_power_w": 95.68, "process_present": true, "process_mem_mib": 33730.0, "process_mem_share_percent": 68.64061864061864, "process_util_available": true, "process_util_backend": "nvml", "process_sm_util_percent": 25.0, "process_mem_util_percent": 4.0}
{"timestamp_unix": 1772437307.26828, "pid": 84990, "device_index": 0, "gpu_uuid": "GPU-6f954bfd-7081-31b7-f15c-f9a174bf4d7f", "gpu_util_percent": 25.0, "gpu_mem_util_percent": 5.0, "gpu_mem_used_mib": 34223.0, "gpu_mem_total_mib": 49140.0, "gpu_power_w": 95.68, "process_present": true, "process_mem_mib": 33730.0, "process_mem_share_percent": 68.64061864061864, "process_util_available": true, "process_util_backend": "nvml", "process_sm_util_percent": 26.0, "process_mem_util_percent": 5.0}
{"timestamp_unix": 1772437307.5551703, "pid": 84990, "device_index": 0, "gpu_uuid": "GPU-6f954bfd-7081-31b7-f15c-f9a174bf4d7f", "gpu_util_percent": 25.0, "gpu_mem_util_percent": 5.0, "gpu_mem_used_mib": 34223.0, "gpu_mem_total_mib": 49140.0, "gpu_power_w": 96.08, "process_present": true, "process_mem_mib": 33730.0, "process_mem_share_percent": 68.64061864061864, "process_util_available": true, "process_util_backend": "nvml", "process_sm_util_percent": 25.0, "process_mem_util_percent": 5.0}
{"timestamp_unix": 1772437307.843092, "pid": 84990, "device_index": 0, "gpu_uuid": "GPU-6f954bfd-7081-31b7-f15c-f9a174bf4d7f", "gpu_util_percent": 25.0, "gpu_mem_util_percent": 5.0, "gpu_mem_used_mib": 34223.0, "gpu_mem_total_mib": 49140.0, "gpu_power_w": 96.08, "process_present": true, "process_mem_mib": 33730.0, "process_mem_share_percent": 68.64061864061864, "process_util_available": true, "process_util_backend": "nvml", "process_sm_util_percent": 24.0, "process_mem_util_percent": 5.0}
{"timestamp_unix": 1772437308.149654, "pid": 84990, "device_index": 0, "gpu_uuid": "GPU-6f954bfd-7081-31b7-f15c-f9a174bf4d7f", "gpu_util_percent": 26.0, "gpu_mem_util_percent": 5.0, "gpu_mem_used_mib": 34223.0, "gpu_mem_total_mib": 49140.0, "gpu_power_w": 96.46, "process_present": true, "process_mem_mib": 33730.0, "process_mem_share_percent": 68.64061864061864, "process_util_available": true, "process_util_backend": "nvml", "process_sm_util_percent": 26.0, "process_mem_util_percent": 5.0}
{"timestamp_unix": 1772437308.451158, "pid": 84990, "device_index": 0, "gpu_uuid": "GPU-6f954bfd-7081-31b7-f15c-f9a174bf4d7f", "gpu_util_percent": 26.0, "gpu_mem_util_percent": 5.0, "gpu_mem_used_mib": 34223.0, "gpu_mem_total_mib": 49140.0, "gpu_power_w": 96.74, "process_present": true, "process_mem_mib": 33730.0, "process_mem_share_percent": 68.64061864061864, "process_util_available": true, "process_util_backend": "nvml", "process_sm_util_percent": 25.0, "process_mem_util_percent": 5.0}
{"timestamp_unix": 1772437308.7422395, "pid": 84990, "device_index": 0, "gpu_uuid": "GPU-6f954bfd-7081-31b7-f15c-f9a174bf4d7f", "gpu_util_percent": 26.0, "gpu_mem_util_percent": 5.0, "gpu_mem_used_mib": 34223.0, "gpu_mem_total_mib": 49140.0, "gpu_power_w": 96.74, "process_present": true, "process_mem_mib": 33730.0, "process_mem_share_percent": 68.64061864061864, "process_util_available": true, "process_util_backend": "nvml", "process_sm_util_percent": 25.0, "process_mem_util_percent": 5.0}
{"timestamp_unix": 1772437309.0352395, "pid": 84990, "device_index": 0, "gpu_uuid": "GPU-6f954bfd-7081-31b7-f15c-f9a174bf4d7f", "gpu_util_percent": 26.0, "gpu_mem_util_percent": 6.0, "gpu_mem_used_mib": 34223.0, "gpu_mem_total_mib": 49140.0, "gpu_power_w": 97.08, "process_present": true, "process_mem_mib": 33730.0, "process_mem_share_percent": 68.64061864061864, "process_util_available": true, "process_util_backend": "nvml", "process_sm_util_percent": 25.0, "process_mem_util_percent": 5.0}
{"timestamp_unix": 1772437309.3245225, "pid": 84990, "device_index": 0, "gpu_uuid": "GPU-6f954bfd-7081-31b7-f15c-f9a174bf4d7f", "gpu_util_percent": 26.0, "gpu_mem_util_percent": 6.0, "gpu_mem_used_mib": 34223.0, "gpu_mem_total_mib": 49140.0, "gpu_power_w": 97.08, "process_present": true, "process_mem_mib": 33730.0, "process_mem_share_percent": 68.64061864061864, "process_util_available": true, "process_util_backend": "nvml", "process_sm_util_percent": 25.0, "process_mem_util_percent": 5.0}
{"timestamp_unix": 1772437309.61752, "pid": 84990, "device_index": 0, "gpu_uuid": "GPU-6f954bfd-7081-31b7-f15c-f9a174bf4d7f", "gpu_util_percent": 26.0, "gpu_mem_util_percent": 6.0, "gpu_mem_used_mib": 34223.0, "gpu_mem_total_mib": 49140.0, "gpu_power_w": 97.22, "process_present": true, "process_mem_mib": 33730.0, "process_mem_share_percent": 68.64061864061864, "process_util_available": true, "process_util_backend": "nvml", "process_sm_util_percent": 25.0, "process_mem_util_percent": 5.0}
{"timestamp_unix": 1772437309.9091282, "pid": 84990, "device_index": 0, "gpu_uuid": "GPU-6f954bfd-7081-31b7-f15c-f9a174bf4d7f", "gpu_util_percent": 15.0, "gpu_mem_util_percent": 1.0, "gpu_mem_used_mib": 34535.0, "gpu_mem_total_mib": 49140.0, "gpu_power_w": 95.14, "process_present": true, "process_mem_mib": 34042.0, "process_mem_share_percent": 69.27553927553927, "process_util_available": true, "process_util_backend": "nvml", "process_sm_util_percent": null, "process_mem_util_percent": null}
{"timestamp_unix": 1772437310.1999462, "pid": 84990, "device_index": 0, "gpu_uuid": "GPU-6f954bfd-7081-31b7-f15c-f9a174bf4d7f", "gpu_util_percent": 15.0, "gpu_mem_util_percent": 1.0, "gpu_mem_used_mib": 34678.0, "gpu_mem_total_mib": 49140.0, "gpu_power_w": 95.14, "process_present": true, "process_mem_mib": 34186.0, "process_mem_share_percent": 69.56857956857957, "process_util_available": true, "process_util_backend": "nvml", "process_sm_util_percent": 12.0, "process_mem_util_percent": 2.0}
{"timestamp_unix": 1772437310.4965494, "pid": 84990, "device_index": 0, "gpu_uuid": "GPU-6f954bfd-7081-31b7-f15c-f9a174bf4d7f", "gpu_util_percent": 15.0, "gpu_mem_util_percent": 1.0, "gpu_mem_used_mib": 34678.0, "gpu_mem_total_mib": 49140.0, "gpu_power_w": 93.52, "process_present": true, "process_mem_mib": 34186.0, "process_mem_share_percent": 69.56857956857957, "process_util_available": true, "process_util_backend": "nvml", "process_sm_util_percent": 25.0, "process_mem_util_percent": 5.0}
{"timestamp_unix": 1772437310.798475, "pid": 84990, "device_index": 0, "gpu_uuid": "GPU-6f954bfd-7081-31b7-f15c-f9a174bf4d7f", "gpu_util_percent": 15.0, "gpu_mem_util_percent": 1.0, "gpu_mem_used_mib": 34678.0, "gpu_mem_total_mib": 49140.0, "gpu_power_w": 93.52, "process_present": true, "process_mem_mib": 34186.0, "process_mem_share_percent": 69.56857956857957, "process_util_available": true, "process_util_backend": "nvml", "process_sm_util_percent": 26.0, "process_mem_util_percent": 6.0}
{"timestamp_unix": 1772437311.0979915, "pid": 84990, "device_index": 0, "gpu_uuid": "GPU-6f954bfd-7081-31b7-f15c-f9a174bf4d7f", "gpu_util_percent": 27.0, "gpu_mem_util_percent": 6.0, "gpu_mem_used_mib": 34680.0, "gpu_mem_total_mib": 49140.0, "gpu_power_w": 95.0, "process_present": true, "process_mem_mib": 34186.0, "process_mem_share_percent": 69.56857956857957, "process_util_available": true, "process_util_backend": "nvml", "process_sm_util_percent": 26.0, "process_mem_util_percent": 5.0}
{"timestamp_unix": 1772437311.4000466, "pid": 84990, "device_index": 0, "gpu_uuid": "GPU-6f954bfd-7081-31b7-f15c-f9a174bf4d7f", "gpu_util_percent": 27.0, "gpu_mem_util_percent": 6.0, "gpu_mem_used_mib": 34680.0, "gpu_mem_total_mib": 49140.0, "gpu_power_w": 95.0, "process_present": true, "process_mem_mib": 34186.0, "process_mem_share_percent": 69.56857956857957, "process_util_available": true, "process_util_backend": "nvml", "process_sm_util_percent": 26.0, "process_mem_util_percent": 5.0}
{"timestamp_unix": 1772437311.6884513, "pid": 84990, "device_index": 0, "gpu_uuid": "GPU-6f954bfd-7081-31b7-f15c-f9a174bf4d7f", "gpu_util_percent": 27.0, "gpu_mem_util_percent": 6.0, "gpu_mem_used_mib": 34680.0, "gpu_mem_total_mib": 49140.0, "gpu_power_w": 98.39, "process_present": true, "process_mem_mib": 34186.0, "process_mem_share_percent": 69.56857956857957, "process_util_available": true, "process_util_backend": "nvml", "process_sm_util_percent": 24.0, "process_mem_util_percent": 5.0}
{"timestamp_unix": 1772437311.9892266, "pid": 84990, "device_index": 0, "gpu_uuid": "GPU-6f954bfd-7081-31b7-f15c-f9a174bf4d7f", "gpu_util_percent": 26.0, "gpu_mem_util_percent": 6.0, "gpu_mem_used_mib": 34680.0, "gpu_mem_total_mib": 49140.0, "gpu_power_w": 98.26, "process_present": true, "process_mem_mib": 34186.0, "process_mem_share_percent": 69.56857956857957, "process_util_available": true, "process_util_backend": "nvml", "process_sm_util_percent": 23.0, "process_mem_util_percent": 5.0}
{"timestamp_unix": 1772437312.2819622, "pid": 84990, "device_index": 0, "gpu_uuid": "GPU-6f954bfd-7081-31b7-f15c-f9a174bf4d7f", "gpu_util_percent": 26.0, "gpu_mem_util_percent": 6.0, "gpu_mem_used_mib": 34676.0, "gpu_mem_total_mib": 49140.0, "gpu_power_w": 98.26, "process_present": true, "process_mem_mib": 34186.0, "process_mem_share_percent": 69.56857956857957, "process_util_available": true, "process_util_backend": "nvml", "process_sm_util_percent": 25.0, "process_mem_util_percent": 6.0}
{"timestamp_unix": 1772437312.5706773, "pid": 84990, "device_index": 0, "gpu_uuid": "GPU-6f954bfd-7081-31b7-f15c-f9a174bf4d7f", "gpu_util_percent": 26.0, "gpu_mem_util_percent": 6.0, "gpu_mem_used_mib": 34676.0, "gpu_mem_total_mib": 49140.0, "gpu_power_w": 98.33, "process_present": true, "process_mem_mib": 34186.0, "process_mem_share_percent": 69.56857956857957, "process_util_available": true, "process_util_backend": "nvml", "process_sm_util_percent": 22.0, "process_mem_util_percent": 5.0}
{"timestamp_unix": 1772437312.8591695, "pid": 84990, "device_index": 0, "gpu_uuid": "GPU-6f954bfd-7081-31b7-f15c-f9a174bf4d7f", "gpu_util_percent": 26.0, "gpu_mem_util_percent": 6.0, "gpu_mem_used_mib": 34676.0, "gpu_mem_total_mib": 49140.0, "gpu_power_w": 98.33, "process_present": true, "process_mem_mib": 34186.0, "process_mem_share_percent": 69.56857956857957, "process_util_available": true, "process_util_backend": "nvml", "process_sm_util_percent": 22.0, "process_mem_util_percent": 5.0}
{"timestamp_unix": 1772437313.1520038, "pid": 84990, "device_index": 0, "gpu_uuid": "GPU-6f954bfd-7081-31b7-f15c-f9a174bf4d7f", "gpu_util_percent": 23.0, "gpu_mem_util_percent": 6.0, "gpu_mem_used_mib": 34676.0, "gpu_mem_total_mib": 49140.0, "gpu_power_w": 98.05, "process_present": true, "process_mem_mib": 34186.0, "process_mem_share_percent": 69.56857956857957, "process_util_available": true, "process_util_backend": "nvml", "process_sm_util_percent": 23.0, "process_mem_util_percent": 5.0}
{"timestamp_unix": 1772437313.4503233, "pid": 84990, "device_index": 0, "gpu_uuid": "GPU-6f954bfd-7081-31b7-f15c-f9a174bf4d7f", "gpu_util_percent": 23.0, "gpu_mem_util_percent": 6.0, "gpu_mem_used_mib": 34676.0, "gpu_mem_total_mib": 49140.0, "gpu_power_w": 97.47, "process_present": true, "process_mem_mib": 34186.0, "process_mem_share_percent": 69.56857956857957, "process_util_available": true, "process_util_backend": "nvml", "process_sm_util_percent": 23.0, "process_mem_util_percent": 5.0}
{"timestamp_unix": 1772437313.750439, "pid": 84990, "device_index": 0, "gpu_uuid": "GPU-6f954bfd-7081-31b7-f15c-f9a174bf4d7f", "gpu_util_percent": 23.0, "gpu_mem_util_percent": 6.0, "gpu_mem_used_mib": 34676.0, "gpu_mem_total_mib": 49140.0, "gpu_power_w": 97.47, "process_present": true, "process_mem_mib": 34186.0, "process_mem_share_percent": 69.56857956857957, "process_util_available": true, "process_util_backend": "nvml", "process_sm_util_percent": 23.0, "process_mem_util_percent": 4.0}
{"timestamp_unix": 1772437314.0524082, "pid": 84990, "device_index": 0, "gpu_uuid": "GPU-6f954bfd-7081-31b7-f15c-f9a174bf4d7f", "gpu_util_percent": 26.0, "gpu_mem_util_percent": 5.0, "gpu_mem_used_mib": 34675.0, "gpu_mem_total_mib": 49140.0, "gpu_power_w": 96.76, "process_present": true, "process_mem_mib": 34186.0, "process_mem_share_percent": 69.56857956857957, "process_util_available": true, "process_util_backend": "nvml", "process_sm_util_percent": 25.0, "process_mem_util_percent": 5.0}
{"timestamp_unix": 1772437314.3419657, "pid": 84990, "device_index": 0, "gpu_uuid": "GPU-6f954bfd-7081-31b7-f15c-f9a174bf4d7f", "gpu_util_percent": 26.0, "gpu_mem_util_percent": 5.0, "gpu_mem_used_mib": 34677.0, "gpu_mem_total_mib": 49140.0, "gpu_power_w": 96.76, "process_present": true, "process_mem_mib": 34186.0, "process_mem_share_percent": 69.56857956857957, "process_util_available": true, "process_util_backend": "nvml", "process_sm_util_percent": 26.0, "process_mem_util_percent": 5.0}
{"timestamp_unix": 1772437314.6339908, "pid": 84990, "device_index": 0, "gpu_uuid": "GPU-6f954bfd-7081-31b7-f15c-f9a174bf4d7f", "gpu_util_percent": 26.0, "gpu_mem_util_percent": 5.0, "gpu_mem_used_mib": 34677.0, "gpu_mem_total_mib": 49140.0, "gpu_power_w": 96.6, "process_present": true, "process_mem_mib": 34186.0, "process_mem_share_percent": 69.56857956857957, "process_util_available": true, "process_util_backend": "nvml", "process_sm_util_percent": 26.0, "process_mem_util_percent": 4.0}
{"timestamp_unix": 1772437314.9247718, "pid": 84990, "device_index": 0, "gpu_uuid": "GPU-6f954bfd-7081-31b7-f15c-f9a174bf4d7f", "gpu_util_percent": 27.0, "gpu_mem_util_percent": 5.0, "gpu_mem_used_mib": 34677.0, "gpu_mem_total_mib": 49140.0, "gpu_power_w": 96.84, "process_present": true, "process_mem_mib": 34186.0, "process_mem_share_percent": 69.56857956857957, "process_util_available": true, "process_util_backend": "nvml", "process_sm_util_percent": 25.0, "process_mem_util_percent": 4.0}
{"timestamp_unix": 1772437315.2186441, "pid": 84990, "device_index": 0, "gpu_uuid": "GPU-6f954bfd-7081-31b7-f15c-f9a174bf4d7f", "gpu_util_percent": 27.0, "gpu_mem_util_percent": 5.0, "gpu_mem_used_mib": 34677.0, "gpu_mem_total_mib": 49140.0, "gpu_power_w": 96.84, "process_present": true, "process_mem_mib": 34186.0, "process_mem_share_percent": 69.56857956857957, "process_util_available": true, "process_util_backend": "nvml", "process_sm_util_percent": 25.0, "process_mem_util_percent": 4.0}
{"timestamp_unix": 1772437315.508905, "pid": 84990, "device_index": 0, "gpu_uuid": "GPU-6f954bfd-7081-31b7-f15c-f9a174bf4d7f", "gpu_util_percent": 27.0, "gpu_mem_util_percent": 5.0, "gpu_mem_used_mib": 34677.0, "gpu_mem_total_mib": 49140.0, "gpu_power_w": 96.57, "process_present": true, "process_mem_mib": 34186.0, "process_mem_share_percent": 69.56857956857957, "process_util_available": true, "process_util_backend": "nvml", "process_sm_util_percent": 26.0, "process_mem_util_percent": 4.0}
{"timestamp_unix": 1772437315.8006933, "pid": 84990, "device_index": 0, "gpu_uuid": "GPU-6f954bfd-7081-31b7-f15c-f9a174bf4d7f", "gpu_util_percent": 27.0, "gpu_mem_util_percent": 5.0, "gpu_mem_used_mib": 34677.0, "gpu_mem_total_mib": 49140.0, "gpu_power_w": 96.57, "process_present": true, "process_mem_mib": 34186.0, "process_mem_share_percent": 69.56857956857957, "process_util_available": true, "process_util_backend": "nvml", "process_sm_util_percent": 25.0, "process_mem_util_percent": 4.0}
{"timestamp_unix": 1772437316.0987425, "pid": 84990, "device_index": 0, "gpu_uuid": "GPU-6f954bfd-7081-31b7-f15c-f9a174bf4d7f", "gpu_util_percent": 26.0, "gpu_mem_util_percent": 5.0, "gpu_mem_used_mib": 34675.0, "gpu_mem_total_mib": 49140.0, "gpu_power_w": 96.29, "process_present": true, "process_mem_mib": 34186.0, "process_mem_share_percent": 69.56857956857957, "process_util_available": true, "process_util_backend": "nvml", "process_sm_util_percent": 25.0, "process_mem_util_percent": 4.0}
{"timestamp_unix": 1772437316.4001145, "pid": 84990, "device_index": 0, "gpu_uuid": "GPU-6f954bfd-7081-31b7-f15c-f9a174bf4d7f", "gpu_util_percent": 26.0, "gpu_mem_util_percent": 5.0, "gpu_mem_used_mib": 34675.0, "gpu_mem_total_mib": 49140.0, "gpu_power_w": 96.29, "process_present": true, "process_mem_mib": 34186.0, "process_mem_share_percent": 69.56857956857957, "process_util_available": true, "process_util_backend": "nvml", "process_sm_util_percent": 11.0, "process_mem_util_percent": 1.0}
{"timestamp_unix": 1772437316.7001884, "pid": 84990, "device_index": 0, "gpu_uuid": "GPU-6f954bfd-7081-31b7-f15c-f9a174bf4d7f", "gpu_util_percent": 26.0, "gpu_mem_util_percent": 5.0, "gpu_mem_used_mib": 34675.0, "gpu_mem_total_mib": 49140.0, "gpu_power_w": 95.49, "process_present": true, "process_mem_mib": 34186.0, "process_mem_share_percent": 69.56857956857957, "process_util_available": true, "process_util_backend": "nvml", "process_sm_util_percent": null, "process_mem_util_percent": null}
{"timestamp_unix": 1772437317.0211477, "pid": 84990, "device_index": 0, "gpu_uuid": "GPU-6f954bfd-7081-31b7-f15c-f9a174bf4d7f", "gpu_util_percent": 25.0, "gpu_mem_util_percent": 5.0, "gpu_mem_used_mib": 34675.0, "gpu_mem_total_mib": 49140.0, "gpu_power_w": 95.76, "process_present": true, "process_mem_mib": 34186.0, "process_mem_share_percent": 69.56857956857957, "process_util_available": true, "process_util_backend": "nvml", "process_sm_util_percent": null, "process_mem_util_percent": null}
{"timestamp_unix": 1772437317.3116565, "pid": 84990, "device_index": 0, "gpu_uuid": "GPU-6f954bfd-7081-31b7-f15c-f9a174bf4d7f", "gpu_util_percent": 25.0, "gpu_mem_util_percent": 5.0, "gpu_mem_used_mib": 34678.0, "gpu_mem_total_mib": 49140.0, "gpu_power_w": 95.76, "process_present": true, "process_mem_mib": 34186.0, "process_mem_share_percent": 69.56857956857957, "process_util_available": true, "process_util_backend": "nvml", "process_sm_util_percent": null, "process_mem_util_percent": null}
{"timestamp_unix": 1772437317.6021755, "pid": 84990, "device_index": 0, "gpu_uuid": "GPU-6f954bfd-7081-31b7-f15c-f9a174bf4d7f", "gpu_util_percent": 25.0, "gpu_mem_util_percent": 5.0, "gpu_mem_used_mib": 34678.0, "gpu_mem_total_mib": 49140.0, "gpu_power_w": 97.16, "process_present": true, "process_mem_mib": 34186.0, "process_mem_share_percent": 69.56857956857957, "process_util_available": true, "process_util_backend": "nvml", "process_sm_util_percent": 13.0, "process_mem_util_percent": 2.0}
{"timestamp_unix": 1772437317.893319, "pid": 84990, "device_index": 0, "gpu_uuid": "GPU-6f954bfd-7081-31b7-f15c-f9a174bf4d7f", "gpu_util_percent": 25.0, "gpu_mem_util_percent": 5.0, "gpu_mem_used_mib": 34678.0, "gpu_mem_total_mib": 49140.0, "gpu_power_w": 97.16, "process_present": true, "process_mem_mib": 34186.0, "process_mem_share_percent": 69.56857956857957, "process_util_available": true, "process_util_backend": "nvml", "process_sm_util_percent": 26.0, "process_mem_util_percent": 5.0}
{"timestamp_unix": 1772437318.1841412, "pid": 84990, "device_index": 0, "gpu_uuid": "GPU-6f954bfd-7081-31b7-f15c-f9a174bf4d7f", "gpu_util_percent": 26.0, "gpu_mem_util_percent": 6.0, "gpu_mem_used_mib": 34679.0, "gpu_mem_total_mib": 49140.0, "gpu_power_w": 97.85, "process_present": true, "process_mem_mib": 34186.0, "process_mem_share_percent": 69.56857956857957, "process_util_available": true, "process_util_backend": "nvml", "process_sm_util_percent": 27.0, "process_mem_util_percent": 5.0}
{"timestamp_unix": 1772437318.4742022, "pid": 84990, "device_index": 0, "gpu_uuid": "GPU-6f954bfd-7081-31b7-f15c-f9a174bf4d7f", "gpu_util_percent": 26.0, "gpu_mem_util_percent": 6.0, "gpu_mem_used_mib": 34679.0, "gpu_mem_total_mib": 49140.0, "gpu_power_w": 98.3, "process_present": true, "process_mem_mib": 34186.0, "process_mem_share_percent": 69.56857956857957, "process_util_available": true, "process_util_backend": "nvml", "process_sm_util_percent": 26.0, "process_mem_util_percent": 6.0}
{"timestamp_unix": 1772437318.775507, "pid": 84990, "device_index": 0, "gpu_uuid": "GPU-6f954bfd-7081-31b7-f15c-f9a174bf4d7f", "gpu_util_percent": 26.0, "gpu_mem_util_percent": 6.0, "gpu_mem_used_mib": 34679.0, "gpu_mem_total_mib": 49140.0, "gpu_power_w": 98.3, "process_present": true, "process_mem_mib": 34186.0, "process_mem_share_percent": 69.56857956857957, "process_util_available": true, "process_util_backend": "nvml", "process_sm_util_percent": 26.0, "process_mem_util_percent": 6.0}
{"timestamp_unix": 1772437319.081861, "pid": 84990, "device_index": 0, "gpu_uuid": "GPU-6f954bfd-7081-31b7-f15c-f9a174bf4d7f", "gpu_util_percent": 26.0, "gpu_mem_util_percent": 6.0, "gpu_mem_used_mib": 34679.0, "gpu_mem_total_mib": 49140.0, "gpu_power_w": 98.49, "process_present": true, "process_mem_mib": 34186.0, "process_mem_share_percent": 69.56857956857957, "process_util_available": true, "process_util_backend": "nvml", "process_sm_util_percent": 27.0, "process_mem_util_percent": 6.0}
{"timestamp_unix": 1772437319.381791, "pid": 84990, "device_index": 0, "gpu_uuid": "GPU-6f954bfd-7081-31b7-f15c-f9a174bf4d7f", "gpu_util_percent": 26.0, "gpu_mem_util_percent": 6.0, "gpu_mem_used_mib": 34678.0, "gpu_mem_total_mib": 49140.0, "gpu_power_w": 98.49, "process_present": true, "process_mem_mib": 34186.0, "process_mem_share_percent": 69.56857956857957, "process_util_available": true, "process_util_backend": "nvml", "process_sm_util_percent": 27.0, "process_mem_util_percent": 6.0}
{"timestamp_unix": 1772437319.6840396, "pid": 84990, "device_index": 0, "gpu_uuid": "GPU-6f954bfd-7081-31b7-f15c-f9a174bf4d7f", "gpu_util_percent": 26.0, "gpu_mem_util_percent": 6.0, "gpu_mem_used_mib": 34678.0, "gpu_mem_total_mib": 49140.0, "gpu_power_w": 98.35, "process_present": true, "process_mem_mib": 34186.0, "process_mem_share_percent": 69.56857956857957, "process_util_available": true, "process_util_backend": "nvml", "process_sm_util_percent": 26.0, "process_mem_util_percent": 6.0}
{"timestamp_unix": 1772437319.9746249, "pid": 84990, "device_index": 0, "gpu_uuid": "GPU-6f954bfd-7081-31b7-f15c-f9a174bf4d7f", "gpu_util_percent": 26.0, "gpu_mem_util_percent": 7.0, "gpu_mem_used_mib": 34678.0, "gpu_mem_total_mib": 49140.0, "gpu_power_w": 98.4, "process_present": true, "process_mem_mib": 34186.0, "process_mem_share_percent": 69.56857956857957, "process_util_available": true, "process_util_backend": "nvml", "process_sm_util_percent": 26.0, "process_mem_util_percent": 6.0}
{"timestamp_unix": 1772437320.2673569, "pid": 84990, "device_index": 0, "gpu_uuid": "GPU-6f954bfd-7081-31b7-f15c-f9a174bf4d7f", "gpu_util_percent": 26.0, "gpu_mem_util_percent": 7.0, "gpu_mem_used_mib": 34678.0, "gpu_mem_total_mib": 49140.0, "gpu_power_w": 98.4, "process_present": true, "process_mem_mib": 34220.0, "process_mem_share_percent": 69.63776963776964, "process_util_available": true, "process_util_backend": "nvml", "process_sm_util_percent": 27.0, "process_mem_util_percent": 6.0}
{"timestamp_unix": 1772437320.5577052, "pid": 84990, "device_index": 0, "gpu_uuid": "GPU-6f954bfd-7081-31b7-f15c-f9a174bf4d7f", "gpu_util_percent": 26.0, "gpu_mem_util_percent": 7.0, "gpu_mem_used_mib": 34844.0, "gpu_mem_total_mib": 49140.0, "gpu_power_w": 97.89, "process_present": true, "process_mem_mib": 34352.0, "process_mem_share_percent": 69.9063899063899, "process_util_available": true, "process_util_backend": "nvml", "process_sm_util_percent": null, "process_mem_util_percent": null}
{"timestamp_unix": 1772437320.8500304, "pid": 84990, "device_index": 0, "gpu_uuid": "GPU-6f954bfd-7081-31b7-f15c-f9a174bf4d7f", "gpu_util_percent": 26.0, "gpu_mem_util_percent": 7.0, "gpu_mem_used_mib": 35000.0, "gpu_mem_total_mib": 49140.0, "gpu_power_w": 97.89, "process_present": true, "process_mem_mib": 34508.0, "process_mem_share_percent": 70.22385022385022, "process_util_available": true, "process_util_backend": "nvml", "process_sm_util_percent": 22.0, "process_mem_util_percent": 4.0}
{"timestamp_unix": 1772437321.1396012, "pid": 84990, "device_index": 0, "gpu_uuid": "GPU-6f954bfd-7081-31b7-f15c-f9a174bf4d7f", "gpu_util_percent": 28.0, "gpu_mem_util_percent": 7.0, "gpu_mem_used_mib": 35000.0, "gpu_mem_total_mib": 49140.0, "gpu_power_w": 94.07, "process_present": true, "process_mem_mib": 34508.0, "process_mem_share_percent": 70.22385022385022, "process_util_available": true, "process_util_backend": "nvml", "process_sm_util_percent": 28.0, "process_mem_util_percent": 6.0}
{"timestamp_unix": 1772437321.4311516, "pid": 84990, "device_index": 0, "gpu_uuid": "GPU-6f954bfd-7081-31b7-f15c-f9a174bf4d7f", "gpu_util_percent": 28.0, "gpu_mem_util_percent": 7.0, "gpu_mem_used_mib": 35000.0, "gpu_mem_total_mib": 49140.0, "gpu_power_w": 94.33, "process_present": true, "process_mem_mib": 34508.0, "process_mem_share_percent": 70.22385022385022, "process_util_available": true, "process_util_backend": "nvml", "process_sm_util_percent": 27.0, "process_mem_util_percent": 7.0}
{"timestamp_unix": 1772437321.7324803, "pid": 84990, "device_index": 0, "gpu_uuid": "GPU-6f954bfd-7081-31b7-f15c-f9a174bf4d7f", "gpu_util_percent": 28.0, "gpu_mem_util_percent": 7.0, "gpu_mem_used_mib": 35000.0, "gpu_mem_total_mib": 49140.0, "gpu_power_w": 94.33, "process_present": true, "process_mem_mib": 34508.0, "process_mem_share_percent": 70.22385022385022, "process_util_available": true, "process_util_backend": "nvml", "process_sm_util_percent": 27.0, "process_mem_util_percent": 6.0}
{"timestamp_unix": 1772437322.0468683, "pid": 84990, "device_index": 0, "gpu_uuid": "GPU-6f954bfd-7081-31b7-f15c-f9a174bf4d7f", "gpu_util_percent": 27.0, "gpu_mem_util_percent": 7.0, "gpu_mem_used_mib": 35000.0, "gpu_mem_total_mib": 49140.0, "gpu_power_w": 99.47, "process_present": true, "process_mem_mib": 34508.0, "process_mem_share_percent": 70.22385022385022, "process_util_available": true, "process_util_backend": "nvml", "process_sm_util_percent": 27.0, "process_mem_util_percent": 6.0}
{"timestamp_unix": 1772437322.3491974, "pid": 84990, "device_index": 0, "gpu_uuid": "GPU-6f954bfd-7081-31b7-f15c-f9a174bf4d7f", "gpu_util_percent": 27.0, "gpu_mem_util_percent": 7.0, "gpu_mem_used_mib": 34997.0, "gpu_mem_total_mib": 49140.0, "gpu_power_w": 99.47, "process_present": true, "process_mem_mib": 34508.0, "process_mem_share_percent": 70.22385022385022, "process_util_available": true, "process_util_backend": "nvml", "process_sm_util_percent": 28.0, "process_mem_util_percent": 6.0}
{"timestamp_unix": 1772437322.6382143, "pid": 84990, "device_index": 0, "gpu_uuid": "GPU-6f954bfd-7081-31b7-f15c-f9a174bf4d7f", "gpu_util_percent": 27.0, "gpu_mem_util_percent": 7.0, "gpu_mem_used_mib": 34997.0, "gpu_mem_total_mib": 49140.0, "gpu_power_w": 99.2, "process_present": true, "process_mem_mib": 34508.0, "process_mem_share_percent": 70.22385022385022, "process_util_available": true, "process_util_backend": "nvml", "process_sm_util_percent": 27.0, "process_mem_util_percent": 6.0}
{"timestamp_unix": 1772437322.9286945, "pid": 84990, "device_index": 0, "gpu_uuid": "GPU-6f954bfd-7081-31b7-f15c-f9a174bf4d7f", "gpu_util_percent": 27.0, "gpu_mem_util_percent": 7.0, "gpu_mem_used_mib": 34997.0, "gpu_mem_total_mib": 49140.0, "gpu_power_w": 99.05, "process_present": true, "process_mem_mib": 34508.0, "process_mem_share_percent": 70.22385022385022, "process_util_available": true, "process_util_backend": "nvml", "process_sm_util_percent": 27.0, "process_mem_util_percent": 6.0}
{"timestamp_unix": 1772437323.2214725, "pid": 84990, "device_index": 0, "gpu_uuid": "GPU-6f954bfd-7081-31b7-f15c-f9a174bf4d7f", "gpu_util_percent": 27.0, "gpu_mem_util_percent": 7.0, "gpu_mem_used_mib": 34997.0, "gpu_mem_total_mib": 49140.0, "gpu_power_w": 99.05, "process_present": true, "process_mem_mib": 34508.0, "process_mem_share_percent": 70.22385022385022, "process_util_available": true, "process_util_backend": "nvml", "process_sm_util_percent": 28.0, "process_mem_util_percent": 6.0}
{"timestamp_unix": 1772437323.5119097, "pid": 84990, "device_index": 0, "gpu_uuid": "GPU-6f954bfd-7081-31b7-f15c-f9a174bf4d7f", "gpu_util_percent": 27.0, "gpu_mem_util_percent": 7.0, "gpu_mem_used_mib": 34997.0, "gpu_mem_total_mib": 49140.0, "gpu_power_w": 98.85, "process_present": true, "process_mem_mib": 34508.0, "process_mem_share_percent": 70.22385022385022, "process_util_available": true, "process_util_backend": "nvml", "process_sm_util_percent": 27.0, "process_mem_util_percent": 6.0}
{"timestamp_unix": 1772437323.8047938, "pid": 84990, "device_index": 0, "gpu_uuid": "GPU-6f954bfd-7081-31b7-f15c-f9a174bf4d7f", "gpu_util_percent": 27.0, "gpu_mem_util_percent": 7.0, "gpu_mem_used_mib": 34997.0, "gpu_mem_total_mib": 49140.0, "gpu_power_w": 98.85, "process_present": true, "process_mem_mib": 34508.0, "process_mem_share_percent": 70.22385022385022, "process_util_available": true, "process_util_backend": "nvml", "process_sm_util_percent": 27.0, "process_mem_util_percent": 6.0}
{"timestamp_unix": 1772437324.0963848, "pid": 84990, "device_index": 0, "gpu_uuid": "GPU-6f954bfd-7081-31b7-f15c-f9a174bf4d7f", "gpu_util_percent": 27.0, "gpu_mem_util_percent": 6.0, "gpu_mem_used_mib": 34997.0, "gpu_mem_total_mib": 49140.0, "gpu_power_w": 98.56, "process_present": true, "process_mem_mib": 34508.0, "process_mem_share_percent": 70.22385022385022, "process_util_available": true, "process_util_backend": "nvml", "process_sm_util_percent": 26.0, "process_mem_util_percent": 6.0}
{"timestamp_unix": 1772437324.4000106, "pid": 84990, "device_index": 0, "gpu_uuid": "GPU-6f954bfd-7081-31b7-f15c-f9a174bf4d7f", "gpu_util_percent": 27.0, "gpu_mem_util_percent": 6.0, "gpu_mem_used_mib": 34997.0, "gpu_mem_total_mib": 49140.0, "gpu_power_w": 98.56, "process_present": true, "process_mem_mib": 34508.0, "process_mem_share_percent": 70.22385022385022, "process_util_available": true, "process_util_backend": "nvml", "process_sm_util_percent": 27.0, "process_mem_util_percent": 6.0}
{"timestamp_unix": 1772437324.7008436, "pid": 84990, "device_index": 0, "gpu_uuid": "GPU-6f954bfd-7081-31b7-f15c-f9a174bf4d7f", "gpu_util_percent": 27.0, "gpu_mem_util_percent": 6.0, "gpu_mem_used_mib": 34997.0, "gpu_mem_total_mib": 49140.0, "gpu_power_w": 98.12, "process_present": true, "process_mem_mib": 34508.0, "process_mem_share_percent": 70.22385022385022, "process_util_available": true, "process_util_backend": "nvml", "process_sm_util_percent": 26.0, "process_mem_util_percent": 5.0}
{"timestamp_unix": 1772437325.0018828, "pid": 84990, "device_index": 0, "gpu_uuid": "GPU-6f954bfd-7081-31b7-f15c-f9a174bf4d7f", "gpu_util_percent": 28.0, "gpu_mem_util_percent": 6.0, "gpu_mem_used_mib": 34997.0, "gpu_mem_total_mib": 49140.0, "gpu_power_w": 97.75, "process_present": true, "process_mem_mib": 34508.0, "process_mem_share_percent": 70.22385022385022, "process_util_available": true, "process_util_backend": "nvml", "process_sm_util_percent": 26.0, "process_mem_util_percent": 5.0}
{"timestamp_unix": 1772437325.2942183, "pid": 84990, "device_index": 0, "gpu_uuid": "GPU-6f954bfd-7081-31b7-f15c-f9a174bf4d7f", "gpu_util_percent": 28.0, "gpu_mem_util_percent": 6.0, "gpu_mem_used_mib": 34996.0, "gpu_mem_total_mib": 49140.0, "gpu_power_w": 97.75, "process_present": true, "process_mem_mib": 34508.0, "process_mem_share_percent": 70.22385022385022, "process_util_available": true, "process_util_backend": "nvml", "process_sm_util_percent": 26.0, "process_mem_util_percent": 5.0}
{"timestamp_unix": 1772437325.5860503, "pid": 84990, "device_index": 0, "gpu_uuid": "GPU-6f954bfd-7081-31b7-f15c-f9a174bf4d7f", "gpu_util_percent": 28.0, "gpu_mem_util_percent": 6.0, "gpu_mem_used_mib": 34996.0, "gpu_mem_total_mib": 49140.0, "gpu_power_w": 97.5, "process_present": true, "process_mem_mib": 34508.0, "process_mem_share_percent": 70.22385022385022, "process_util_available": true, "process_util_backend": "nvml", "process_sm_util_percent": 26.0, "process_mem_util_percent": 5.0}
{"timestamp_unix": 1772437325.8778346, "pid": 84990, "device_index": 0, "gpu_uuid": "GPU-6f954bfd-7081-31b7-f15c-f9a174bf4d7f", "gpu_util_percent": 28.0, "gpu_mem_util_percent": 6.0, "gpu_mem_used_mib": 34996.0, "gpu_mem_total_mib": 49140.0, "gpu_power_w": 97.5, "process_present": true, "process_mem_mib": 34508.0, "process_mem_share_percent": 70.22385022385022, "process_util_available": true, "process_util_backend": "nvml", "process_sm_util_percent": 26.0, "process_mem_util_percent": 5.0}
{"timestamp_unix": 1772437326.1718302, "pid": 84990, "device_index": 0, "gpu_uuid": "GPU-6f954bfd-7081-31b7-f15c-f9a174bf4d7f", "gpu_util_percent": 27.0, "gpu_mem_util_percent": 6.0, "gpu_mem_used_mib": 34996.0, "gpu_mem_total_mib": 49140.0, "gpu_power_w": 97.28, "process_present": true, "process_mem_mib": 34508.0, "process_mem_share_percent": 70.22385022385022, "process_util_available": true, "process_util_backend": "nvml", "process_sm_util_percent": 26.0, "process_mem_util_percent": 5.0}
{"timestamp_unix": 1772437326.4659026, "pid": 84990, "device_index": 0, "gpu_uuid": "GPU-6f954bfd-7081-31b7-f15c-f9a174bf4d7f", "gpu_util_percent": 27.0, "gpu_mem_util_percent": 6.0, "gpu_mem_used_mib": 34996.0, "gpu_mem_total_mib": 49140.0, "gpu_power_w": 97.04, "process_present": true, "process_mem_mib": 34508.0, "process_mem_share_percent": 70.22385022385022, "process_util_available": true, "process_util_backend": "nvml", "process_sm_util_percent": 26.0, "process_mem_util_percent": 5.0}
{"timestamp_unix": 1772437326.7563353, "pid": 84990, "device_index": 0, "gpu_uuid": "GPU-6f954bfd-7081-31b7-f15c-f9a174bf4d7f", "gpu_util_percent": 27.0, "gpu_mem_util_percent": 6.0, "gpu_mem_used_mib": 34996.0, "gpu_mem_total_mib": 49140.0, "gpu_power_w": 97.04, "process_present": true, "process_mem_mib": 34508.0, "process_mem_share_percent": 70.22385022385022, "process_util_available": true, "process_util_backend": "nvml", "process_sm_util_percent": 13.0, "process_mem_util_percent": 2.0}
{"timestamp_unix": 1772437327.083399, "pid": 84990, "device_index": 0, "gpu_uuid": "GPU-6f954bfd-7081-31b7-f15c-f9a174bf4d7f", "gpu_util_percent": 21.0, "gpu_mem_util_percent": 5.0, "gpu_mem_used_mib": 34997.0, "gpu_mem_total_mib": 49140.0, "gpu_power_w": 95.28, "process_present": true, "process_mem_mib": 34508.0, "process_mem_share_percent": 70.22385022385022, "process_util_available": true, "process_util_backend": "nvml", "process_sm_util_percent": 22.0, "process_mem_util_percent": 5.0}
{"timestamp_unix": 1772437327.382803, "pid": 84990, "device_index": 0, "gpu_uuid": "GPU-6f954bfd-7081-31b7-f15c-f9a174bf4d7f", "gpu_util_percent": 21.0, "gpu_mem_util_percent": 5.0, "gpu_mem_used_mib": 34996.0, "gpu_mem_total_mib": 49140.0, "gpu_power_w": 95.28, "process_present": true, "process_mem_mib": 34508.0, "process_mem_share_percent": 70.22385022385022, "process_util_available": true, "process_util_backend": "nvml", "process_sm_util_percent": 26.0, "process_mem_util_percent": 5.0}
{"timestamp_unix": 1772437327.6828856, "pid": 84990, "device_index": 0, "gpu_uuid": "GPU-6f954bfd-7081-31b7-f15c-f9a174bf4d7f", "gpu_util_percent": 21.0, "gpu_mem_util_percent": 5.0, "gpu_mem_used_mib": 34996.0, "gpu_mem_total_mib": 49140.0, "gpu_power_w": 95.1, "process_present": true, "process_mem_mib": 34508.0, "process_mem_share_percent": 70.22385022385022, "process_util_available": true, "process_util_backend": "nvml", "process_sm_util_percent": 24.0, "process_mem_util_percent": 5.0}
{"timestamp_unix": 1772437327.9819572, "pid": 84990, "device_index": 0, "gpu_uuid": "GPU-6f954bfd-7081-31b7-f15c-f9a174bf4d7f", "gpu_util_percent": 25.0, "gpu_mem_util_percent": 6.0, "gpu_mem_used_mib": 34996.0, "gpu_mem_total_mib": 49140.0, "gpu_power_w": 95.61, "process_present": true, "process_mem_mib": 34508.0, "process_mem_share_percent": 70.22385022385022, "process_util_available": true, "process_util_backend": "nvml", "process_sm_util_percent": 25.0, "process_mem_util_percent": 6.0}
{"timestamp_unix": 1772437328.2724504, "pid": 84990, "device_index": 0, "gpu_uuid": "GPU-6f954bfd-7081-31b7-f15c-f9a174bf4d7f", "gpu_util_percent": 25.0, "gpu_mem_util_percent": 6.0, "gpu_mem_used_mib": 34996.0, "gpu_mem_total_mib": 49140.0, "gpu_power_w": 95.61, "process_present": true, "process_mem_mib": 34508.0, "process_mem_share_percent": 70.22385022385022, "process_util_available": true, "process_util_backend": "nvml", "process_sm_util_percent": 26.0, "process_mem_util_percent": 6.0}
{"timestamp_unix": 1772437328.565668, "pid": 84990, "device_index": 0, "gpu_uuid": "GPU-6f954bfd-7081-31b7-f15c-f9a174bf4d7f", "gpu_util_percent": 25.0, "gpu_mem_util_percent": 6.0, "gpu_mem_used_mib": 34996.0, "gpu_mem_total_mib": 49140.0, "gpu_power_w": 96.29, "process_present": true, "process_mem_mib": 34508.0, "process_mem_share_percent": 70.22385022385022, "process_util_available": true, "process_util_backend": "nvml", "process_sm_util_percent": 25.0, "process_mem_util_percent": 6.0}
{"timestamp_unix": 1772437328.855006, "pid": 84990, "device_index": 0, "gpu_uuid": "GPU-6f954bfd-7081-31b7-f15c-f9a174bf4d7f", "gpu_util_percent": 25.0, "gpu_mem_util_percent": 6.0, "gpu_mem_used_mib": 34996.0, "gpu_mem_total_mib": 49140.0, "gpu_power_w": 96.29, "process_present": true, "process_mem_mib": 34508.0, "process_mem_share_percent": 70.22385022385022, "process_util_available": true, "process_util_backend": "nvml", "process_sm_util_percent": 25.0, "process_mem_util_percent": 6.0}
{"timestamp_unix": 1772437329.1442502, "pid": 84990, "device_index": 0, "gpu_uuid": "GPU-6f954bfd-7081-31b7-f15c-f9a174bf4d7f", "gpu_util_percent": 25.0, "gpu_mem_util_percent": 7.0, "gpu_mem_used_mib": 34995.0, "gpu_mem_total_mib": 49140.0, "gpu_power_w": 96.78, "process_present": true, "process_mem_mib": 34508.0, "process_mem_share_percent": 70.22385022385022, "process_util_available": true, "process_util_backend": "nvml", "process_sm_util_percent": 26.0, "process_mem_util_percent": 6.0}
{"timestamp_unix": 1772437329.4374757, "pid": 84990, "device_index": 0, "gpu_uuid": "GPU-6f954bfd-7081-31b7-f15c-f9a174bf4d7f", "gpu_util_percent": 25.0, "gpu_mem_util_percent": 7.0, "gpu_mem_used_mib": 34995.0, "gpu_mem_total_mib": 49140.0, "gpu_power_w": 97.0, "process_present": true, "process_mem_mib": 34508.0, "process_mem_share_percent": 70.22385022385022, "process_util_available": true, "process_util_backend": "nvml", "process_sm_util_percent": 25.0, "process_mem_util_percent": 6.0}
{"timestamp_unix": 1772437329.727146, "pid": 84990, "device_index": 0, "gpu_uuid": "GPU-6f954bfd-7081-31b7-f15c-f9a174bf4d7f", "gpu_util_percent": 25.0, "gpu_mem_util_percent": 7.0, "gpu_mem_used_mib": 34995.0, "gpu_mem_total_mib": 49140.0, "gpu_power_w": 97.0, "process_present": true, "process_mem_mib": 34508.0, "process_mem_share_percent": 70.22385022385022, "process_util_available": true, "process_util_backend": "nvml", "process_sm_util_percent": 26.0, "process_mem_util_percent": 6.0}
{"timestamp_unix": 1772437330.033356, "pid": 84990, "device_index": 0, "gpu_uuid": "GPU-6f954bfd-7081-31b7-f15c-f9a174bf4d7f", "gpu_util_percent": 26.0, "gpu_mem_util_percent": 7.0, "gpu_mem_used_mib": 34995.0, "gpu_mem_total_mib": 49140.0, "gpu_power_w": 97.24, "process_present": true, "process_mem_mib": 34508.0, "process_mem_share_percent": 70.22385022385022, "process_util_available": true, "process_util_backend": "nvml", "process_sm_util_percent": 13.0, "process_mem_util_percent": 3.0}
{"timestamp_unix": 1772437330.34524, "pid": 84990, "device_index": 0, "gpu_uuid": "GPU-6f954bfd-7081-31b7-f15c-f9a174bf4d7f", "gpu_util_percent": 26.0, "gpu_mem_util_percent": 7.0, "gpu_mem_used_mib": 35042.0, "gpu_mem_total_mib": 49140.0, "gpu_power_w": 97.24, "process_present": true, "process_mem_mib": 34604.0, "process_mem_share_percent": 70.41921041921042, "process_util_available": true, "process_util_backend": "nvml", "process_sm_util_percent": null, "process_mem_util_percent": null}
{"timestamp_unix": 1772437330.6506598, "pid": 84990, "device_index": 0, "gpu_uuid": "GPU-6f954bfd-7081-31b7-f15c-f9a174bf4d7f", "gpu_util_percent": 26.0, "gpu_mem_util_percent": 7.0, "gpu_mem_used_mib": 35258.0, "gpu_mem_total_mib": 49140.0, "gpu_power_w": 97.25, "process_present": true, "process_mem_mib": 34820.0, "process_mem_share_percent": 70.85877085877085, "process_util_available": true, "process_util_backend": "nvml", "process_sm_util_percent": 26.0, "process_mem_util_percent": 7.0}
{"timestamp_unix": 1772437330.9514835, "pid": 84990, "device_index": 0, "gpu_uuid": "GPU-6f954bfd-7081-31b7-f15c-f9a174bf4d7f", "gpu_util_percent": 28.0, "gpu_mem_util_percent": 7.0, "gpu_mem_used_mib": 35498.0, "gpu_mem_total_mib": 49140.0, "gpu_power_w": 97.37, "process_present": true, "process_mem_mib": 35036.0, "process_mem_share_percent": 71.29833129833129, "process_util_available": true, "process_util_backend": "nvml", "process_sm_util_percent": 28.0, "process_mem_util_percent": 6.0}
{"timestamp_unix": 1772437331.2437289, "pid": 84990, "device_index": 0, "gpu_uuid": "GPU-6f954bfd-7081-31b7-f15c-f9a174bf4d7f", "gpu_util_percent": 28.0, "gpu_mem_util_percent": 7.0, "gpu_mem_used_mib": 35571.0, "gpu_mem_total_mib": 49140.0, "gpu_power_w": 97.37, "process_present": true, "process_mem_mib": 35084.0, "process_mem_share_percent": 71.39601139601139, "process_util_available": true, "process_util_backend": "nvml", "process_sm_util_percent": null, "process_mem_util_percent": null}
{"timestamp_unix": 1772437331.535638, "pid": 84990, "device_index": 0, "gpu_uuid": "GPU-6f954bfd-7081-31b7-f15c-f9a174bf4d7f", "gpu_util_percent": 28.0, "gpu_mem_util_percent": 7.0, "gpu_mem_used_mib": 35619.0, "gpu_mem_total_mib": 49140.0, "gpu_power_w": 92.13, "process_present": true, "process_mem_mib": 35132.0, "process_mem_share_percent": 71.49369149369149, "process_util_available": true, "process_util_backend": "nvml", "process_sm_util_percent": 22.0, "process_mem_util_percent": 4.0}
{"timestamp_unix": 1772437331.834125, "pid": 84990, "device_index": 0, "gpu_uuid": "GPU-6f954bfd-7081-31b7-f15c-f9a174bf4d7f", "gpu_util_percent": 28.0, "gpu_mem_util_percent": 7.0, "gpu_mem_used_mib": 35619.0, "gpu_mem_total_mib": 49140.0, "gpu_power_w": 92.13, "process_present": true, "process_mem_mib": 35132.0, "process_mem_share_percent": 71.49369149369149, "process_util_available": true, "process_util_backend": "nvml", "process_sm_util_percent": 30.0, "process_mem_util_percent": 8.0}
{"timestamp_unix": 1772437332.1275914, "pid": 84990, "device_index": 0, "gpu_uuid": "GPU-6f954bfd-7081-31b7-f15c-f9a174bf4d7f", "gpu_util_percent": 29.0, "gpu_mem_util_percent": 8.0, "gpu_mem_used_mib": 35618.0, "gpu_mem_total_mib": 49140.0, "gpu_power_w": 93.99, "process_present": true, "process_mem_mib": 35132.0, "process_mem_share_percent": 71.49369149369149, "process_util_available": true, "process_util_backend": "nvml", "process_sm_util_percent": 15.0, "process_mem_util_percent": 3.0}
{"timestamp_unix": 1772437332.4211955, "pid": 84990, "device_index": 0, "gpu_uuid": "GPU-6f954bfd-7081-31b7-f15c-f9a174bf4d7f", "gpu_util_percent": 29.0, "gpu_mem_util_percent": 8.0, "gpu_mem_used_mib": 35622.0, "gpu_mem_total_mib": 49140.0, "gpu_power_w": 99.34, "process_present": true, "process_mem_mib": 35132.0, "process_mem_share_percent": 71.49369149369149, "process_util_available": true, "process_util_backend": "nvml", "process_sm_util_percent": null, "process_mem_util_percent": null}
{"timestamp_unix": 1772437332.7273605, "pid": 84990, "device_index": 0, "gpu_uuid": "GPU-6f954bfd-7081-31b7-f15c-f9a174bf4d7f", "gpu_util_percent": 29.0, "gpu_mem_util_percent": 8.0, "gpu_mem_used_mib": 35622.0, "gpu_mem_total_mib": 49140.0, "gpu_power_w": 99.34, "process_present": true, "process_mem_mib": 35132.0, "process_mem_share_percent": 71.49369149369149, "process_util_available": true, "process_util_backend": "nvml", "process_sm_util_percent": null, "process_mem_util_percent": null}
{"timestamp_unix": 1772437333.0287404, "pid": 84990, "device_index": 0, "gpu_uuid": "GPU-6f954bfd-7081-31b7-f15c-f9a174bf4d7f", "gpu_util_percent": 27.0, "gpu_mem_util_percent": 8.0, "gpu_mem_used_mib": 35622.0, "gpu_mem_total_mib": 49140.0, "gpu_power_w": 100.91, "process_present": true, "process_mem_mib": 35132.0, "process_mem_share_percent": 71.49369149369149, "process_util_available": true, "process_util_backend": "nvml", "process_sm_util_percent": 28.0, "process_mem_util_percent": 7.0}
{"timestamp_unix": 1772437333.3442783, "pid": 84990, "device_index": 0, "gpu_uuid": "GPU-6f954bfd-7081-31b7-f15c-f9a174bf4d7f", "gpu_util_percent": 27.0, "gpu_mem_util_percent": 8.0, "gpu_mem_used_mib": 35622.0, "gpu_mem_total_mib": 49140.0, "gpu_power_w": 100.91, "process_present": true, "process_mem_mib": 35132.0, "process_mem_share_percent": 71.49369149369149, "process_util_available": true, "process_util_backend": "nvml", "process_sm_util_percent": 27.0, "process_mem_util_percent": 7.0}
{"timestamp_unix": 1772437333.6494627, "pid": 84990, "device_index": 0, "gpu_uuid": "GPU-6f954bfd-7081-31b7-f15c-f9a174bf4d7f", "gpu_util_percent": 27.0, "gpu_mem_util_percent": 8.0, "gpu_mem_used_mib": 35622.0, "gpu_mem_total_mib": 49140.0, "gpu_power_w": 100.8, "process_present": true, "process_mem_mib": 35132.0, "process_mem_share_percent": 71.49369149369149, "process_util_available": true, "process_util_backend": "nvml", "process_sm_util_percent": 28.0, "process_mem_util_percent": 7.0}
{"timestamp_unix": 1772437333.9502892, "pid": 84990, "device_index": 0, "gpu_uuid": "GPU-6f954bfd-7081-31b7-f15c-f9a174bf4d7f", "gpu_util_percent": 26.0, "gpu_mem_util_percent": 8.0, "gpu_mem_used_mib": 35622.0, "gpu_mem_total_mib": 49140.0, "gpu_power_w": 100.42, "process_present": true, "process_mem_mib": 35132.0, "process_mem_share_percent": 71.49369149369149, "process_util_available": true, "process_util_backend": "nvml", "process_sm_util_percent": 27.0, "process_mem_util_percent": 7.0}
{"timestamp_unix": 1772437334.240871, "pid": 84990, "device_index": 0, "gpu_uuid": "GPU-6f954bfd-7081-31b7-f15c-f9a174bf4d7f", "gpu_util_percent": 26.0, "gpu_mem_util_percent": 8.0, "gpu_mem_used_mib": 35617.0, "gpu_mem_total_mib": 49140.0, "gpu_power_w": 100.42, "process_present": true, "process_mem_mib": 35132.0, "process_mem_share_percent": 71.49369149369149, "process_util_available": true, "process_util_backend": "nvml", "process_sm_util_percent": 26.0, "process_mem_util_percent": 7.0}
{"timestamp_unix": 1772437334.5335932, "pid": 84990, "device_index": 0, "gpu_uuid": "GPU-6f954bfd-7081-31b7-f15c-f9a174bf4d7f", "gpu_util_percent": 26.0, "gpu_mem_util_percent": 8.0, "gpu_mem_used_mib": 35617.0, "gpu_mem_total_mib": 49140.0, "gpu_power_w": 100.25, "process_present": true, "process_mem_mib": 35132.0, "process_mem_share_percent": 71.49369149369149, "process_util_available": true, "process_util_backend": "nvml", "process_sm_util_percent": 26.0, "process_mem_util_percent": 7.0}
{"timestamp_unix": 1772437334.8272429, "pid": 84990, "device_index": 0, "gpu_uuid": "GPU-6f954bfd-7081-31b7-f15c-f9a174bf4d7f", "gpu_util_percent": 26.0, "gpu_mem_util_percent": 8.0, "gpu_mem_used_mib": 35617.0, "gpu_mem_total_mib": 49140.0, "gpu_power_w": 100.25, "process_present": true, "process_mem_mib": 35132.0, "process_mem_share_percent": 71.49369149369149, "process_util_available": true, "process_util_backend": "nvml", "process_sm_util_percent": 26.0, "process_mem_util_percent": 7.0}
{"timestamp_unix": 1772437335.118965, "pid": 84990, "device_index": 0, "gpu_uuid": "GPU-6f954bfd-7081-31b7-f15c-f9a174bf4d7f", "gpu_util_percent": 26.0, "gpu_mem_util_percent": 7.0, "gpu_mem_used_mib": 35617.0, "gpu_mem_total_mib": 49140.0, "gpu_power_w": 100.15, "process_present": true, "process_mem_mib": 35132.0, "process_mem_share_percent": 71.49369149369149, "process_util_available": true, "process_util_backend": "nvml", "process_sm_util_percent": 26.0, "process_mem_util_percent": 7.0}
{"timestamp_unix": 1772437335.4099357, "pid": 84990, "device_index": 0, "gpu_uuid": "GPU-6f954bfd-7081-31b7-f15c-f9a174bf4d7f", "gpu_util_percent": 26.0, "gpu_mem_util_percent": 7.0, "gpu_mem_used_mib": 35617.0, "gpu_mem_total_mib": 49140.0, "gpu_power_w": 99.72, "process_present": true, "process_mem_mib": 35132.0, "process_mem_share_percent": 71.49369149369149, "process_util_available": true, "process_util_backend": "nvml", "process_sm_util_percent": 28.0, "process_mem_util_percent": 6.0}
{"timestamp_unix": 1772437335.701937, "pid": 84990, "device_index": 0, "gpu_uuid": "GPU-6f954bfd-7081-31b7-f15c-f9a174bf4d7f", "gpu_util_percent": 26.0, "gpu_mem_util_percent": 7.0, "gpu_mem_used_mib": 35617.0, "gpu_mem_total_mib": 49140.0, "gpu_power_w": 99.72, "process_present": true, "process_mem_mib": 35132.0, "process_mem_share_percent": 71.49369149369149, "process_util_available": true, "process_util_backend": "nvml", "process_sm_util_percent": 28.0, "process_mem_util_percent": 7.0}
{"timestamp_unix": 1772437336.001301, "pid": 84990, "device_index": 0, "gpu_uuid": "GPU-6f954bfd-7081-31b7-f15c-f9a174bf4d7f", "gpu_util_percent": 28.0, "gpu_mem_util_percent": 7.0, "gpu_mem_used_mib": 35615.0, "gpu_mem_total_mib": 49140.0, "gpu_power_w": 99.54, "process_present": true, "process_mem_mib": 35132.0, "process_mem_share_percent": 71.49369149369149, "process_util_available": true, "process_util_backend": "nvml", "process_sm_util_percent": 29.0, "process_mem_util_percent": 6.0}
{"timestamp_unix": 1772437336.3118613, "pid": 84990, "device_index": 0, "gpu_uuid": "GPU-6f954bfd-7081-31b7-f15c-f9a174bf4d7f", "gpu_util_percent": 28.0, "gpu_mem_util_percent": 7.0, "gpu_mem_used_mib": 35615.0, "gpu_mem_total_mib": 49140.0, "gpu_power_w": 99.54, "process_present": true, "process_mem_mib": 35132.0, "process_mem_share_percent": 71.49369149369149, "process_util_available": true, "process_util_backend": "nvml", "process_sm_util_percent": 29.0, "process_mem_util_percent": 6.0}
{"timestamp_unix": 1772437336.605866, "pid": 84990, "device_index": 0, "gpu_uuid": "GPU-6f954bfd-7081-31b7-f15c-f9a174bf4d7f", "gpu_util_percent": 28.0, "gpu_mem_util_percent": 7.0, "gpu_mem_used_mib": 35615.0, "gpu_mem_total_mib": 49140.0, "gpu_power_w": 99.34, "process_present": true, "process_mem_mib": 35132.0, "process_mem_share_percent": 71.49369149369149, "process_util_available": true, "process_util_backend": "nvml", "process_sm_util_percent": 29.0, "process_mem_util_percent": 6.0}
{"timestamp_unix": 1772437336.899926, "pid": 84990, "device_index": 0, "gpu_uuid": "GPU-6f954bfd-7081-31b7-f15c-f9a174bf4d7f", "gpu_util_percent": 28.0, "gpu_mem_util_percent": 7.0, "gpu_mem_used_mib": 35615.0, "gpu_mem_total_mib": 49140.0, "gpu_power_w": 99.34, "process_present": true, "process_mem_mib": 35132.0, "process_mem_share_percent": 71.49369149369149, "process_util_available": true, "process_util_backend": "nvml", "process_sm_util_percent": 28.0, "process_mem_util_percent": 6.0}
{"timestamp_unix": 1772437337.1914754, "pid": 84990, "device_index": 0, "gpu_uuid": "GPU-6f954bfd-7081-31b7-f15c-f9a174bf4d7f", "gpu_util_percent": 28.0, "gpu_mem_util_percent": 7.0, "gpu_mem_used_mib": 35611.0, "gpu_mem_total_mib": 49140.0, "gpu_power_w": 98.97, "process_present": true, "process_mem_mib": 35132.0, "process_mem_share_percent": 71.49369149369149, "process_util_available": true, "process_util_backend": "nvml", "process_sm_util_percent": 29.0, "process_mem_util_percent": 6.0}
{"timestamp_unix": 1772437337.4851003, "pid": 84990, "device_index": 0, "gpu_uuid": "GPU-6f954bfd-7081-31b7-f15c-f9a174bf4d7f", "gpu_util_percent": 28.0, "gpu_mem_util_percent": 7.0, "gpu_mem_used_mib": 35611.0, "gpu_mem_total_mib": 49140.0, "gpu_power_w": 98.89, "process_present": true, "process_mem_mib": 35582.0, "process_mem_share_percent": 72.40944240944242, "process_util_available": true, "process_util_backend": "nvml", "process_sm_util_percent": 29.0, "process_mem_util_percent": 6.0}
{"timestamp_unix": 1772437337.7744381, "pid": 84990, "device_index": 0, "gpu_uuid": "GPU-6f954bfd-7081-31b7-f15c-f9a174bf4d7f", "gpu_util_percent": 28.0, "gpu_mem_util_percent": 7.0, "gpu_mem_used_mib": 36331.0, "gpu_mem_total_mib": 49140.0, "gpu_power_w": 98.89, "process_present": true, "process_mem_mib": 35852.0, "process_mem_share_percent": 72.95889295889296, "process_util_available": true, "process_util_backend": "nvml", "process_sm_util_percent": 23.0, "process_mem_util_percent": 4.0}
{"timestamp_unix": 1772437338.0667932, "pid": 84990, "device_index": 0, "gpu_uuid": "GPU-6f954bfd-7081-31b7-f15c-f9a174bf4d7f", "gpu_util_percent": 26.0, "gpu_mem_util_percent": 6.0, "gpu_mem_used_mib": 36331.0, "gpu_mem_total_mib": 49140.0, "gpu_power_w": 96.08, "process_present": true, "process_mem_mib": 35852.0, "process_mem_share_percent": 72.95889295889296, "process_util_available": true, "process_util_backend": "nvml", "process_sm_util_percent": 27.0, "process_mem_util_percent": 6.0}
{"timestamp_unix": 1772437338.3642805, "pid": 84990, "device_index": 0, "gpu_uuid": "GPU-6f954bfd-7081-31b7-f15c-f9a174bf4d7f", "gpu_util_percent": 26.0, "gpu_mem_util_percent": 6.0, "gpu_mem_used_mib": 36331.0, "gpu_mem_total_mib": 49140.0, "gpu_power_w": 96.08, "process_present": true, "process_mem_mib": 35852.0, "process_mem_share_percent": 72.95889295889296, "process_util_available": true, "process_util_backend": "nvml", "process_sm_util_percent": 27.0, "process_mem_util_percent": 6.0}
{"timestamp_unix": 1772437338.6658947, "pid": 84990, "device_index": 0, "gpu_uuid": "GPU-6f954bfd-7081-31b7-f15c-f9a174bf4d7f", "gpu_util_percent": 26.0, "gpu_mem_util_percent": 6.0, "gpu_mem_used_mib": 36331.0, "gpu_mem_total_mib": 49140.0, "gpu_power_w": 95.4, "process_present": true, "process_mem_mib": 35852.0, "process_mem_share_percent": 72.95889295889296, "process_util_available": true, "process_util_backend": "nvml", "process_sm_util_percent": 27.0, "process_mem_util_percent": 6.0}
{"timestamp_unix": 1772437338.9673812, "pid": 84990, "device_index": 0, "gpu_uuid": "GPU-6f954bfd-7081-31b7-f15c-f9a174bf4d7f", "gpu_util_percent": 28.0, "gpu_mem_util_percent": 7.0, "gpu_mem_used_mib": 36331.0, "gpu_mem_total_mib": 49140.0, "gpu_power_w": 97.43, "process_present": true, "process_mem_mib": 35852.0, "process_mem_share_percent": 72.95889295889296, "process_util_available": true, "process_util_backend": "nvml", "process_sm_util_percent": 27.0, "process_mem_util_percent": 6.0}
{"timestamp_unix": 1772437339.2592523, "pid": 84990, "device_index": 0, "gpu_uuid": "GPU-6f954bfd-7081-31b7-f15c-f9a174bf4d7f", "gpu_util_percent": 28.0, "gpu_mem_util_percent": 7.0, "gpu_mem_used_mib": 36331.0, "gpu_mem_total_mib": 49140.0, "gpu_power_w": 97.43, "process_present": true, "process_mem_mib": 35852.0, "process_mem_share_percent": 72.95889295889296, "process_util_available": true, "process_util_backend": "nvml", "process_sm_util_percent": 28.0, "process_mem_util_percent": 7.0}
{"timestamp_unix": 1772437339.5509918, "pid": 84990, "device_index": 0, "gpu_uuid": "GPU-6f954bfd-7081-31b7-f15c-f9a174bf4d7f", "gpu_util_percent": 28.0, "gpu_mem_util_percent": 7.0, "gpu_mem_used_mib": 36331.0, "gpu_mem_total_mib": 49140.0, "gpu_power_w": 98.07, "process_present": true, "process_mem_mib": 35852.0, "process_mem_share_percent": 72.95889295889296, "process_util_available": true, "process_util_backend": "nvml", "process_sm_util_percent": 27.0, "process_mem_util_percent": 7.0}
{"timestamp_unix": 1772437340.0434923, "pid": 84990, "device_index": 0, "gpu_uuid": "GPU-6f954bfd-7081-31b7-f15c-f9a174bf4d7f", "gpu_util_percent": 28.0, "gpu_mem_util_percent": 7.0, "gpu_mem_used_mib": 36331.0, "gpu_mem_total_mib": 49140.0, "gpu_power_w": 98.07, "process_present": true, "process_mem_mib": 35852.0, "process_mem_share_percent": 72.95889295889296, "process_util_available": true, "process_util_backend": "nvml", "process_sm_util_percent": 14.0, "process_mem_util_percent": 3.0}
{"timestamp_unix": 1772437340.3431475, "pid": 84990, "device_index": 0, "gpu_uuid": "GPU-6f954bfd-7081-31b7-f15c-f9a174bf4d7f", "gpu_util_percent": 23.0, "gpu_mem_util_percent": 6.0, "gpu_mem_used_mib": 36331.0, "gpu_mem_total_mib": 49140.0, "gpu_power_w": 98.25, "process_present": true, "process_mem_mib": 35852.0, "process_mem_share_percent": 72.95889295889296, "process_util_available": true, "process_util_backend": "nvml", "process_sm_util_percent": 25.0, "process_mem_util_percent": 5.0}
{"timestamp_unix": 1772437340.638063, "pid": 84990, "device_index": 0, "gpu_uuid": "GPU-6f954bfd-7081-31b7-f15c-f9a174bf4d7f", "gpu_util_percent": 23.0, "gpu_mem_util_percent": 6.0, "gpu_mem_used_mib": 36331.0, "gpu_mem_total_mib": 49140.0, "gpu_power_w": 95.71, "process_present": true, "process_mem_mib": 35852.0, "process_mem_share_percent": 72.95889295889296, "process_util_available": true, "process_util_backend": "nvml", "process_sm_util_percent": 27.0, "process_mem_util_percent": 7.0}
{"timestamp_unix": 1772437340.9293122, "pid": 84990, "device_index": 0, "gpu_uuid": "GPU-6f954bfd-7081-31b7-f15c-f9a174bf4d7f", "gpu_util_percent": 28.0, "gpu_mem_util_percent": 8.0, "gpu_mem_used_mib": 36331.0, "gpu_mem_total_mib": 49140.0, "gpu_power_w": 95.97, "process_present": true, "process_mem_mib": 35852.0, "process_mem_share_percent": 72.95889295889296, "process_util_available": true, "process_util_backend": "nvml", "process_sm_util_percent": 27.0, "process_mem_util_percent": 7.0}
{"timestamp_unix": 1772437341.2340972, "pid": 84990, "device_index": 0, "gpu_uuid": "GPU-6f954bfd-7081-31b7-f15c-f9a174bf4d7f", "gpu_util_percent": 28.0, "gpu_mem_util_percent": 8.0, "gpu_mem_used_mib": 36331.0, "gpu_mem_total_mib": 49140.0, "gpu_power_w": 95.97, "process_present": true, "process_mem_mib": 35852.0, "process_mem_share_percent": 72.95889295889296, "process_util_available": true, "process_util_backend": "nvml", "process_sm_util_percent": 28.0, "process_mem_util_percent": 7.0}
{"timestamp_unix": 1772437341.5325167, "pid": 84990, "device_index": 0, "gpu_uuid": "GPU-6f954bfd-7081-31b7-f15c-f9a174bf4d7f", "gpu_util_percent": 28.0, "gpu_mem_util_percent": 8.0, "gpu_mem_used_mib": 36331.0, "gpu_mem_total_mib": 49140.0, "gpu_power_w": 99.32, "process_present": true, "process_mem_mib": 35852.0, "process_mem_share_percent": 72.95889295889296, "process_util_available": true, "process_util_backend": "nvml", "process_sm_util_percent": 28.0, "process_mem_util_percent": 7.0}
{"timestamp_unix": 1772437341.860469, "pid": 84990, "device_index": 0, "gpu_uuid": "GPU-6f954bfd-7081-31b7-f15c-f9a174bf4d7f", "gpu_util_percent": 28.0, "gpu_mem_util_percent": 8.0, "gpu_mem_used_mib": 36331.0, "gpu_mem_total_mib": 49140.0, "gpu_power_w": 99.32, "process_present": true, "process_mem_mib": 35852.0, "process_mem_share_percent": 72.95889295889296, "process_util_available": true, "process_util_backend": "nvml", "process_sm_util_percent": 28.0, "process_mem_util_percent": 7.0}
{"timestamp_unix": 1772437342.1618173, "pid": 84990, "device_index": 0, "gpu_uuid": "GPU-6f954bfd-7081-31b7-f15c-f9a174bf4d7f", "gpu_util_percent": 28.0, "gpu_mem_util_percent": 8.0, "gpu_mem_used_mib": 36332.0, "gpu_mem_total_mib": 49140.0, "gpu_power_w": 99.79, "process_present": true, "process_mem_mib": 35852.0, "process_mem_share_percent": 72.95889295889296, "process_util_available": true, "process_util_backend": "nvml", "process_sm_util_percent": null, "process_mem_util_percent": null}
{"timestamp_unix": 1772437342.4546313, "pid": 84990, "device_index": 0, "gpu_uuid": "GPU-6f954bfd-7081-31b7-f15c-f9a174bf4d7f", "gpu_util_percent": 28.0, "gpu_mem_util_percent": 8.0, "gpu_mem_used_mib": 36400.0, "gpu_mem_total_mib": 49140.0, "gpu_power_w": 94.45, "process_present": true, "process_mem_mib": 35912.0, "process_mem_share_percent": 73.08099308099308, "process_util_available": true, "process_util_backend": "nvml", "process_sm_util_percent": 24.0, "process_mem_util_percent": 6.0}
{"timestamp_unix": 1772437342.742574, "pid": 84990, "device_index": 0, "gpu_uuid": "GPU-6f954bfd-7081-31b7-f15c-f9a174bf4d7f", "gpu_util_percent": 28.0, "gpu_mem_util_percent": 8.0, "gpu_mem_used_mib": 36400.0, "gpu_mem_total_mib": 49140.0, "gpu_power_w": 94.45, "process_present": true, "process_mem_mib": 35912.0, "process_mem_share_percent": 73.08099308099308, "process_util_available": true, "process_util_backend": "nvml", "process_sm_util_percent": 29.0, "process_mem_util_percent": 8.0}
{"timestamp_unix": 1772437343.034732, "pid": 84990, "device_index": 0, "gpu_uuid": "GPU-6f954bfd-7081-31b7-f15c-f9a174bf4d7f", "gpu_util_percent": 30.0, "gpu_mem_util_percent": 9.0, "gpu_mem_used_mib": 36402.0, "gpu_mem_total_mib": 49140.0, "gpu_power_w": 95.61, "process_present": true, "process_mem_mib": 35912.0, "process_mem_share_percent": 73.08099308099308, "process_util_available": true, "process_util_backend": "nvml", "process_sm_util_percent": 29.0, "process_mem_util_percent": 9.0}
{"timestamp_unix": 1772437343.322461, "pid": 84990, "device_index": 0, "gpu_uuid": "GPU-6f954bfd-7081-31b7-f15c-f9a174bf4d7f", "gpu_util_percent": 30.0, "gpu_mem_util_percent": 9.0, "gpu_mem_used_mib": 36409.0, "gpu_mem_total_mib": 49140.0, "gpu_power_w": 95.61, "process_present": true, "process_mem_mib": 35912.0, "process_mem_share_percent": 73.08099308099308, "process_util_available": true, "process_util_backend": "nvml", "process_sm_util_percent": 31.0, "process_mem_util_percent": 8.0}
{"timestamp_unix": 1772437343.6126678, "pid": 84990, "device_index": 0, "gpu_uuid": "GPU-6f954bfd-7081-31b7-f15c-f9a174bf4d7f", "gpu_util_percent": 30.0, "gpu_mem_util_percent": 9.0, "gpu_mem_used_mib": 36409.0, "gpu_mem_total_mib": 49140.0, "gpu_power_w": 102.41, "process_present": true, "process_mem_mib": 35912.0, "process_mem_share_percent": 73.08099308099308, "process_util_available": true, "process_util_backend": "nvml", "process_sm_util_percent": 28.0, "process_mem_util_percent": 8.0}
{"timestamp_unix": 1772437343.917267, "pid": 84990, "device_index": 0, "gpu_uuid": "GPU-6f954bfd-7081-31b7-f15c-f9a174bf4d7f", "gpu_util_percent": 30.0, "gpu_mem_util_percent": 9.0, "gpu_mem_used_mib": 36409.0, "gpu_mem_total_mib": 49140.0, "gpu_power_w": 102.54, "process_present": true, "process_mem_mib": 35912.0, "process_mem_share_percent": 73.08099308099308, "process_util_available": true, "process_util_backend": "nvml", "process_sm_util_percent": 29.0, "process_mem_util_percent": 8.0}
{"timestamp_unix": 1772437344.2183259, "pid": 84990, "device_index": 0, "gpu_uuid": "GPU-6f954bfd-7081-31b7-f15c-f9a174bf4d7f", "gpu_util_percent": 28.0, "gpu_mem_util_percent": 9.0, "gpu_mem_used_mib": 36409.0, "gpu_mem_total_mib": 49140.0, "gpu_power_w": 102.54, "process_present": true, "process_mem_mib": 35912.0, "process_mem_share_percent": 73.08099308099308, "process_util_available": true, "process_util_backend": "nvml", "process_sm_util_percent": 29.0, "process_mem_util_percent": 8.0}
{"timestamp_unix": 1772437344.5102434, "pid": 84990, "device_index": 0, "gpu_uuid": "GPU-6f954bfd-7081-31b7-f15c-f9a174bf4d7f", "gpu_util_percent": 28.0, "gpu_mem_util_percent": 9.0, "gpu_mem_used_mib": 36409.0, "gpu_mem_total_mib": 49140.0, "gpu_power_w": 102.23, "process_present": true, "process_mem_mib": 35912.0, "process_mem_share_percent": 73.08099308099308, "process_util_available": true, "process_util_backend": "nvml", "process_sm_util_percent": 29.0, "process_mem_util_percent": 8.0}
{"timestamp_unix": 1772437344.8058581, "pid": 84990, "device_index": 0, "gpu_uuid": "GPU-6f954bfd-7081-31b7-f15c-f9a174bf4d7f", "gpu_util_percent": 28.0, "gpu_mem_util_percent": 9.0, "gpu_mem_used_mib": 36409.0, "gpu_mem_total_mib": 49140.0, "gpu_power_w": 102.23, "process_present": true, "process_mem_mib": 35912.0, "process_mem_share_percent": 73.08099308099308, "process_util_available": true, "process_util_backend": "nvml", "process_sm_util_percent": 28.0, "process_mem_util_percent": 8.0}
{"timestamp_unix": 1772437345.1001003, "pid": 84990, "device_index": 0, "gpu_uuid": "GPU-6f954bfd-7081-31b7-f15c-f9a174bf4d7f", "gpu_util_percent": 28.0, "gpu_mem_util_percent": 8.0, "gpu_mem_used_mib": 36408.0, "gpu_mem_total_mib": 49140.0, "gpu_power_w": 101.9, "process_present": true, "process_mem_mib": 35912.0, "process_mem_share_percent": 73.08099308099308, "process_util_available": true, "process_util_backend": "nvml", "process_sm_util_percent": 28.0, "process_mem_util_percent": 7.0}
{"timestamp_unix": 1772437345.3908327, "pid": 84990, "device_index": 0, "gpu_uuid": "GPU-6f954bfd-7081-31b7-f15c-f9a174bf4d7f", "gpu_util_percent": 28.0, "gpu_mem_util_percent": 8.0, "gpu_mem_used_mib": 36408.0, "gpu_mem_total_mib": 49140.0, "gpu_power_w": 101.9, "process_present": true, "process_mem_mib": 35912.0, "process_mem_share_percent": 73.08099308099308, "process_util_available": true, "process_util_backend": "nvml", "process_sm_util_percent": 29.0, "process_mem_util_percent": 8.0}
{"timestamp_unix": 1772437345.6842237, "pid": 84990, "device_index": 0, "gpu_uuid": "GPU-6f954bfd-7081-31b7-f15c-f9a174bf4d7f", "gpu_util_percent": 28.0, "gpu_mem_util_percent": 8.0, "gpu_mem_used_mib": 36408.0, "gpu_mem_total_mib": 49140.0, "gpu_power_w": 101.63, "process_present": true, "process_mem_mib": 35912.0, "process_mem_share_percent": 73.08099308099308, "process_util_available": true, "process_util_backend": "nvml", "process_sm_util_percent": 28.0, "process_mem_util_percent": 8.0}
{"timestamp_unix": 1772437345.9807425, "pid": 84990, "device_index": 0, "gpu_uuid": "GPU-6f954bfd-7081-31b7-f15c-f9a174bf4d7f", "gpu_util_percent": 28.0, "gpu_mem_util_percent": 8.0, "gpu_mem_used_mib": 36408.0, "gpu_mem_total_mib": 49140.0, "gpu_power_w": 101.22, "process_present": true, "process_mem_mib": 35912.0, "process_mem_share_percent": 73.08099308099308, "process_util_available": true, "process_util_backend": "nvml", "process_sm_util_percent": 28.0, "process_mem_util_percent": 7.0}
{"timestamp_unix": 1772437346.2843404, "pid": 84990, "device_index": 0, "gpu_uuid": "GPU-6f954bfd-7081-31b7-f15c-f9a174bf4d7f", "gpu_util_percent": 28.0, "gpu_mem_util_percent": 8.0, "gpu_mem_used_mib": 36408.0, "gpu_mem_total_mib": 49140.0, "gpu_power_w": 101.22, "process_present": true, "process_mem_mib": 35912.0, "process_mem_share_percent": 73.08099308099308, "process_util_available": true, "process_util_backend": "nvml", "process_sm_util_percent": 29.0, "process_mem_util_percent": 8.0}
{"timestamp_unix": 1772437346.5836291, "pid": 84990, "device_index": 0, "gpu_uuid": "GPU-6f954bfd-7081-31b7-f15c-f9a174bf4d7f", "gpu_util_percent": 28.0, "gpu_mem_util_percent": 8.0, "gpu_mem_used_mib": 36408.0, "gpu_mem_total_mib": 49140.0, "gpu_power_w": 101.23, "process_present": true, "process_mem_mib": 35912.0, "process_mem_share_percent": 73.08099308099308, "process_util_available": true, "process_util_backend": "nvml", "process_sm_util_percent": 28.0, "process_mem_util_percent": 7.0}
{"timestamp_unix": 1772437346.8940496, "pid": 84990, "device_index": 0, "gpu_uuid": "GPU-6f954bfd-7081-31b7-f15c-f9a174bf4d7f", "gpu_util_percent": 28.0, "gpu_mem_util_percent": 8.0, "gpu_mem_used_mib": 36408.0, "gpu_mem_total_mib": 49140.0, "gpu_power_w": 101.23, "process_present": true, "process_mem_mib": 35912.0, "process_mem_share_percent": 73.08099308099308, "process_util_available": true, "process_util_backend": "nvml", "process_sm_util_percent": 28.0, "process_mem_util_percent": 7.0}
{"timestamp_unix": 1772437347.1951537, "pid": 84990, "device_index": 0, "gpu_uuid": "GPU-6f954bfd-7081-31b7-f15c-f9a174bf4d7f", "gpu_util_percent": 29.0, "gpu_mem_util_percent": 8.0, "gpu_mem_used_mib": 36408.0, "gpu_mem_total_mib": 49140.0, "gpu_power_w": 100.97, "process_present": true, "process_mem_mib": 35912.0, "process_mem_share_percent": 73.08099308099308, "process_util_available": true, "process_util_backend": "nvml", "process_sm_util_percent": 28.0, "process_mem_util_percent": 7.0}
{"timestamp_unix": 1772437347.4890985, "pid": 84990, "device_index": 0, "gpu_uuid": "GPU-6f954bfd-7081-31b7-f15c-f9a174bf4d7f", "gpu_util_percent": 29.0, "gpu_mem_util_percent": 8.0, "gpu_mem_used_mib": 36404.0, "gpu_mem_total_mib": 49140.0, "gpu_power_w": 100.66, "process_present": true, "process_mem_mib": 35912.0, "process_mem_share_percent": 73.08099308099308, "process_util_available": true, "process_util_backend": "nvml", "process_sm_util_percent": 29.0, "process_mem_util_percent": 7.0}
{"timestamp_unix": 1772437347.7802136, "pid": 84990, "device_index": 0, "gpu_uuid": "GPU-6f954bfd-7081-31b7-f15c-f9a174bf4d7f", "gpu_util_percent": 29.0, "gpu_mem_util_percent": 8.0, "gpu_mem_used_mib": 36404.0, "gpu_mem_total_mib": 49140.0, "gpu_power_w": 100.66, "process_present": true, "process_mem_mib": 35912.0, "process_mem_share_percent": 73.08099308099308, "process_util_available": true, "process_util_backend": "nvml", "process_sm_util_percent": 14.0, "process_mem_util_percent": 3.0}
{"timestamp_unix": 1772437348.0716708, "pid": 84990, "device_index": 0, "gpu_uuid": "GPU-6f954bfd-7081-31b7-f15c-f9a174bf4d7f", "gpu_util_percent": 28.0, "gpu_mem_util_percent": 7.0, "gpu_mem_used_mib": 36406.0, "gpu_mem_total_mib": 49140.0, "gpu_power_w": 100.66, "process_present": true, "process_mem_mib": 35912.0, "process_mem_share_percent": 73.08099308099308, "process_util_available": true, "process_util_backend": "nvml", "process_sm_util_percent": 27.0, "process_mem_util_percent": 7.0}
{"timestamp_unix": 1772437348.3614538, "pid": 84990, "device_index": 0, "gpu_uuid": "GPU-6f954bfd-7081-31b7-f15c-f9a174bf4d7f", "gpu_util_percent": 28.0, "gpu_mem_util_percent": 7.0, "gpu_mem_used_mib": 36407.0, "gpu_mem_total_mib": 49140.0, "gpu_power_w": 100.66, "process_present": true, "process_mem_mib": 36416.0, "process_mem_share_percent": 74.1066341066341, "process_util_available": true, "process_util_backend": "nvml", "process_sm_util_percent": 24.0, "process_mem_util_percent": 5.0}
{"timestamp_unix": 1772437348.6513155, "pid": 84990, "device_index": 0, "gpu_uuid": "GPU-6f954bfd-7081-31b7-f15c-f9a174bf4d7f", "gpu_util_percent": 28.0, "gpu_mem_util_percent": 7.0, "gpu_mem_used_mib": 37271.0, "gpu_mem_total_mib": 49140.0, "gpu_power_w": 98.41, "process_present": true, "process_mem_mib": 36776.0, "process_mem_share_percent": 74.83923483923483, "process_util_available": true, "process_util_backend": "nvml", "process_sm_util_percent": 24.0, "process_mem_util_percent": 6.0}
{"timestamp_unix": 1772437348.9509304, "pid": 84990, "device_index": 0, "gpu_uuid": "GPU-6f954bfd-7081-31b7-f15c-f9a174bf4d7f", "gpu_util_percent": 25.0, "gpu_mem_util_percent": 7.0, "gpu_mem_used_mib": 37269.0, "gpu_mem_total_mib": 49140.0, "gpu_power_w": 96.83, "process_present": true, "process_mem_mib": 36776.0, "process_mem_share_percent": 74.83923483923483, "process_util_available": true, "process_util_backend": "nvml", "process_sm_util_percent": 26.0, "process_mem_util_percent": 6.0}
{"timestamp_unix": 1772437349.2491672, "pid": 84990, "device_index": 0, "gpu_uuid": "GPU-6f954bfd-7081-31b7-f15c-f9a174bf4d7f", "gpu_util_percent": 25.0, "gpu_mem_util_percent": 7.0, "gpu_mem_used_mib": 37271.0, "gpu_mem_total_mib": 49140.0, "gpu_power_w": 96.83, "process_present": true, "process_mem_mib": 36776.0, "process_mem_share_percent": 74.83923483923483, "process_util_available": true, "process_util_backend": "nvml", "process_sm_util_percent": 28.0, "process_mem_util_percent": 7.0}
{"timestamp_unix": 1772437349.5490215, "pid": 84990, "device_index": 0, "gpu_uuid": "GPU-6f954bfd-7081-31b7-f15c-f9a174bf4d7f", "gpu_util_percent": 25.0, "gpu_mem_util_percent": 7.0, "gpu_mem_used_mib": 37271.0, "gpu_mem_total_mib": 49140.0, "gpu_power_w": 96.49, "process_present": true, "process_mem_mib": 36776.0, "process_mem_share_percent": 74.83923483923483, "process_util_available": true, "process_util_backend": "nvml", "process_sm_util_percent": 26.0, "process_mem_util_percent": 7.0}
{"timestamp_unix": 1772437349.843189, "pid": 84990, "device_index": 0, "gpu_uuid": "GPU-6f954bfd-7081-31b7-f15c-f9a174bf4d7f", "gpu_util_percent": 25.0, "gpu_mem_util_percent": 7.0, "gpu_mem_used_mib": 37271.0, "gpu_mem_total_mib": 49140.0, "gpu_power_w": 96.49, "process_present": true, "process_mem_mib": 36776.0, "process_mem_share_percent": 74.83923483923483, "process_util_available": true, "process_util_backend": "nvml", "process_sm_util_percent": 26.0, "process_mem_util_percent": 7.0}
{"timestamp_unix": 1772437350.136206, "pid": 84990, "device_index": 0, "gpu_uuid": "GPU-6f954bfd-7081-31b7-f15c-f9a174bf4d7f", "gpu_util_percent": 26.0, "gpu_mem_util_percent": 7.0, "gpu_mem_used_mib": 37270.0, "gpu_mem_total_mib": 49140.0, "gpu_power_w": 98.97, "process_present": true, "process_mem_mib": 36776.0, "process_mem_share_percent": 74.83923483923483, "process_util_available": true, "process_util_backend": "nvml", "process_sm_util_percent": 27.0, "process_mem_util_percent": 7.0}
{"timestamp_unix": 1772437350.4271147, "pid": 84990, "device_index": 0, "gpu_uuid": "GPU-6f954bfd-7081-31b7-f15c-f9a174bf4d7f", "gpu_util_percent": 26.0, "gpu_mem_util_percent": 7.0, "gpu_mem_used_mib": 37270.0, "gpu_mem_total_mib": 49140.0, "gpu_power_w": 99.32, "process_present": true, "process_mem_mib": 36776.0, "process_mem_share_percent": 74.83923483923483, "process_util_available": true, "process_util_backend": "nvml", "process_sm_util_percent": 27.0, "process_mem_util_percent": 7.0}
{"timestamp_unix": 1772437350.719297, "pid": 84990, "device_index": 0, "gpu_uuid": "GPU-6f954bfd-7081-31b7-f15c-f9a174bf4d7f", "gpu_util_percent": 26.0, "gpu_mem_util_percent": 7.0, "gpu_mem_used_mib": 37270.0, "gpu_mem_total_mib": 49140.0, "gpu_power_w": 99.32, "process_present": true, "process_mem_mib": 36776.0, "process_mem_share_percent": 74.83923483923483, "process_util_available": true, "process_util_backend": "nvml", "process_sm_util_percent": 26.0, "process_mem_util_percent": 7.0}
{"timestamp_unix": 1772437351.0099185, "pid": 84990, "device_index": 0, "gpu_uuid": "GPU-6f954bfd-7081-31b7-f15c-f9a174bf4d7f", "gpu_util_percent": 26.0, "gpu_mem_util_percent": 8.0, "gpu_mem_used_mib": 37270.0, "gpu_mem_total_mib": 49140.0, "gpu_power_w": 99.37, "process_present": true, "process_mem_mib": 36776.0, "process_mem_share_percent": 74.83923483923483, "process_util_available": true, "process_util_backend": "nvml", "process_sm_util_percent": 26.0, "process_mem_util_percent": 7.0}
{"timestamp_unix": 1772437351.3056743, "pid": 84990, "device_index": 0, "gpu_uuid": "GPU-6f954bfd-7081-31b7-f15c-f9a174bf4d7f", "gpu_util_percent": 26.0, "gpu_mem_util_percent": 8.0, "gpu_mem_used_mib": 37270.0, "gpu_mem_total_mib": 49140.0, "gpu_power_w": 99.37, "process_present": true, "process_mem_mib": 36776.0, "process_mem_share_percent": 74.83923483923483, "process_util_available": true, "process_util_backend": "nvml", "process_sm_util_percent": 28.0, "process_mem_util_percent": 8.0}
{"timestamp_unix": 1772437351.6105566, "pid": 84990, "device_index": 0, "gpu_uuid": "GPU-6f954bfd-7081-31b7-f15c-f9a174bf4d7f", "gpu_util_percent": 26.0, "gpu_mem_util_percent": 8.0, "gpu_mem_used_mib": 37270.0, "gpu_mem_total_mib": 49140.0, "gpu_power_w": 99.78, "process_present": true, "process_mem_mib": 36776.0, "process_mem_share_percent": 74.83923483923483, "process_util_available": true, "process_util_backend": "nvml", "process_sm_util_percent": 27.0, "process_mem_util_percent": 7.0}
{"timestamp_unix": 1772437351.9278738, "pid": 84990, "device_index": 0, "gpu_uuid": "GPU-6f954bfd-7081-31b7-f15c-f9a174bf4d7f", "gpu_util_percent": 26.0, "gpu_mem_util_percent": 8.0, "gpu_mem_used_mib": 37270.0, "gpu_mem_total_mib": 49140.0, "gpu_power_w": 100.29, "process_present": true, "process_mem_mib": 36776.0, "process_mem_share_percent": 74.83923483923483, "process_util_available": true, "process_util_backend": "nvml", "process_sm_util_percent": 27.0, "process_mem_util_percent": 8.0}
{"timestamp_unix": 1772437352.2442796, "pid": 84990, "device_index": 0, "gpu_uuid": "GPU-6f954bfd-7081-31b7-f15c-f9a174bf4d7f", "gpu_util_percent": 28.0, "gpu_mem_util_percent": 8.0, "gpu_mem_used_mib": 37270.0, "gpu_mem_total_mib": 49140.0, "gpu_power_w": 100.29, "process_present": true, "process_mem_mib": 36776.0, "process_mem_share_percent": 74.83923483923483, "process_util_available": true, "process_util_backend": "nvml", "process_sm_util_percent": 28.0, "process_mem_util_percent": 8.0}
{"timestamp_unix": 1772437352.5386992, "pid": 84990, "device_index": 0, "gpu_uuid": "GPU-6f954bfd-7081-31b7-f15c-f9a174bf4d7f", "gpu_util_percent": 28.0, "gpu_mem_util_percent": 8.0, "gpu_mem_used_mib": 37270.0, "gpu_mem_total_mib": 49140.0, "gpu_power_w": 100.58, "process_present": true, "process_mem_mib": 36776.0, "process_mem_share_percent": 74.83923483923483, "process_util_available": true, "process_util_backend": "nvml", "process_sm_util_percent": 28.0, "process_mem_util_percent": 8.0}
{"timestamp_unix": 1772437352.8339746, "pid": 84990, "device_index": 0, "gpu_uuid": "GPU-6f954bfd-7081-31b7-f15c-f9a174bf4d7f", "gpu_util_percent": 28.0, "gpu_mem_util_percent": 8.0, "gpu_mem_used_mib": 37270.0, "gpu_mem_total_mib": 49140.0, "gpu_power_w": 100.58, "process_present": true, "process_mem_mib": 36776.0, "process_mem_share_percent": 74.83923483923483, "process_util_available": true, "process_util_backend": "nvml", "process_sm_util_percent": null, "process_mem_util_percent": null}
{"timestamp_unix": 1772437353.1251526, "pid": 84990, "device_index": 0, "gpu_uuid": "GPU-6f954bfd-7081-31b7-f15c-f9a174bf4d7f", "gpu_util_percent": 14.0, "gpu_mem_util_percent": 1.0, "gpu_mem_used_mib": 37344.0, "gpu_mem_total_mib": 49140.0, "gpu_power_w": 97.0, "process_present": true, "process_mem_mib": 36848.0, "process_mem_share_percent": 74.98575498575498, "process_util_available": true, "process_util_backend": "nvml", "process_sm_util_percent": 21.0, "process_mem_util_percent": 4.0}
{"timestamp_unix": 1772437353.4187515, "pid": 84990, "device_index": 0, "gpu_uuid": "GPU-6f954bfd-7081-31b7-f15c-f9a174bf4d7f", "gpu_util_percent": 14.0, "gpu_mem_util_percent": 1.0, "gpu_mem_used_mib": 37343.0, "gpu_mem_total_mib": 49140.0, "gpu_power_w": 96.18, "process_present": true, "process_mem_mib": 36848.0, "process_mem_share_percent": 74.98575498575498, "process_util_available": true, "process_util_backend": "nvml", "process_sm_util_percent": 29.0, "process_mem_util_percent": 9.0}
{"timestamp_unix": 1772437353.7084556, "pid": 84990, "device_index": 0, "gpu_uuid": "GPU-6f954bfd-7081-31b7-f15c-f9a174bf4d7f", "gpu_util_percent": 14.0, "gpu_mem_util_percent": 1.0, "gpu_mem_used_mib": 37343.0, "gpu_mem_total_mib": 49140.0, "gpu_power_w": 96.18, "process_present": true, "process_mem_mib": 36848.0, "process_mem_share_percent": 74.98575498575498, "process_util_available": true, "process_util_backend": "nvml", "process_sm_util_percent": 29.0, "process_mem_util_percent": 9.0}
{"timestamp_unix": 1772437354.000562, "pid": 84990, "device_index": 0, "gpu_uuid": "GPU-6f954bfd-7081-31b7-f15c-f9a174bf4d7f", "gpu_util_percent": 30.0, "gpu_mem_util_percent": 10.0, "gpu_mem_used_mib": 37343.0, "gpu_mem_total_mib": 49140.0, "gpu_power_w": 100.12, "process_present": true, "process_mem_mib": 36848.0, "process_mem_share_percent": 74.98575498575498, "process_util_available": true, "process_util_backend": "nvml", "process_sm_util_percent": 29.0, "process_mem_util_percent": 9.0}
{"timestamp_unix": 1772437354.3169513, "pid": 84990, "device_index": 0, "gpu_uuid": "GPU-6f954bfd-7081-31b7-f15c-f9a174bf4d7f", "gpu_util_percent": 30.0, "gpu_mem_util_percent": 10.0, "gpu_mem_used_mib": 37343.0, "gpu_mem_total_mib": 49140.0, "gpu_power_w": 100.12, "process_present": true, "process_mem_mib": 36848.0, "process_mem_share_percent": 74.98575498575498, "process_util_available": true, "process_util_backend": "nvml", "process_sm_util_percent": 29.0, "process_mem_util_percent": 9.0}
{"timestamp_unix": 1772437354.6122885, "pid": 84990, "device_index": 0, "gpu_uuid": "GPU-6f954bfd-7081-31b7-f15c-f9a174bf4d7f", "gpu_util_percent": 30.0, "gpu_mem_util_percent": 10.0, "gpu_mem_used_mib": 37343.0, "gpu_mem_total_mib": 49140.0, "gpu_power_w": 104.53, "process_present": true, "process_mem_mib": 36848.0, "process_mem_share_percent": 74.98575498575498, "process_util_available": true, "process_util_backend": "nvml", "process_sm_util_percent": 28.0, "process_mem_util_percent": 9.0}
{"timestamp_unix": 1772437354.9159913, "pid": 84990, "device_index": 0, "gpu_uuid": "GPU-6f954bfd-7081-31b7-f15c-f9a174bf4d7f", "gpu_util_percent": 30.0, "gpu_mem_util_percent": 10.0, "gpu_mem_used_mib": 37343.0, "gpu_mem_total_mib": 49140.0, "gpu_power_w": 104.53, "process_present": true, "process_mem_mib": 36848.0, "process_mem_share_percent": 74.98575498575498, "process_util_available": true, "process_util_backend": "nvml", "process_sm_util_percent": 26.0, "process_mem_util_percent": 9.0}
{"timestamp_unix": 1772437355.2079916, "pid": 84990, "device_index": 0, "gpu_uuid": "GPU-6f954bfd-7081-31b7-f15c-f9a174bf4d7f", "gpu_util_percent": 26.0, "gpu_mem_util_percent": 9.0, "gpu_mem_used_mib": 37343.0, "gpu_mem_total_mib": 49140.0, "gpu_power_w": 104.3, "process_present": true, "process_mem_mib": 36848.0, "process_mem_share_percent": 74.98575498575498, "process_util_available": true, "process_util_backend": "nvml", "process_sm_util_percent": 27.0, "process_mem_util_percent": 9.0}
{"timestamp_unix": 1772437355.5013988, "pid": 84990, "device_index": 0, "gpu_uuid": "GPU-6f954bfd-7081-31b7-f15c-f9a174bf4d7f", "gpu_util_percent": 26.0, "gpu_mem_util_percent": 9.0, "gpu_mem_used_mib": 37343.0, "gpu_mem_total_mib": 49140.0, "gpu_power_w": 103.97, "process_present": true, "process_mem_mib": 36848.0, "process_mem_share_percent": 74.98575498575498, "process_util_available": true, "process_util_backend": "nvml", "process_sm_util_percent": 25.0, "process_mem_util_percent": 8.0}
{"timestamp_unix": 1772437355.7959492, "pid": 84990, "device_index": 0, "gpu_uuid": "GPU-6f954bfd-7081-31b7-f15c-f9a174bf4d7f", "gpu_util_percent": 26.0, "gpu_mem_util_percent": 9.0, "gpu_mem_used_mib": 37343.0, "gpu_mem_total_mib": 49140.0, "gpu_power_w": 103.97, "process_present": true, "process_mem_mib": 36848.0, "process_mem_share_percent": 74.98575498575498, "process_util_available": true, "process_util_backend": "nvml", "process_sm_util_percent": 25.0, "process_mem_util_percent": 8.0}
{"timestamp_unix": 1772437356.0885847, "pid": 84990, "device_index": 0, "gpu_uuid": "GPU-6f954bfd-7081-31b7-f15c-f9a174bf4d7f", "gpu_util_percent": 26.0, "gpu_mem_util_percent": 9.0, "gpu_mem_used_mib": 37343.0, "gpu_mem_total_mib": 49140.0, "gpu_power_w": 103.96, "process_present": true, "process_mem_mib": 36848.0, "process_mem_share_percent": 74.98575498575498, "process_util_available": true, "process_util_backend": "nvml", "process_sm_util_percent": 25.0, "process_mem_util_percent": 9.0}
{"timestamp_unix": 1772437356.383256, "pid": 84990, "device_index": 0, "gpu_uuid": "GPU-6f954bfd-7081-31b7-f15c-f9a174bf4d7f", "gpu_util_percent": 26.0, "gpu_mem_util_percent": 9.0, "gpu_mem_used_mib": 37343.0, "gpu_mem_total_mib": 49140.0, "gpu_power_w": 103.96, "process_present": true, "process_mem_mib": 36848.0, "process_mem_share_percent": 74.98575498575498, "process_util_available": true, "process_util_backend": "nvml", "process_sm_util_percent": 26.0, "process_mem_util_percent": 8.0}
{"timestamp_unix": 1772437356.6744435, "pid": 84990, "device_index": 0, "gpu_uuid": "GPU-6f954bfd-7081-31b7-f15c-f9a174bf4d7f", "gpu_util_percent": 26.0, "gpu_mem_util_percent": 9.0, "gpu_mem_used_mib": 37343.0, "gpu_mem_total_mib": 49140.0, "gpu_power_w": 103.61, "process_present": true, "process_mem_mib": 36848.0, "process_mem_share_percent": 74.98575498575498, "process_util_available": true, "process_util_backend": "nvml", "process_sm_util_percent": 26.0, "process_mem_util_percent": 8.0}
{"timestamp_unix": 1772437356.9802308, "pid": 84990, "device_index": 0, "gpu_uuid": "GPU-6f954bfd-7081-31b7-f15c-f9a174bf4d7f", "gpu_util_percent": 28.0, "gpu_mem_util_percent": 9.0, "gpu_mem_used_mib": 37343.0, "gpu_mem_total_mib": 49140.0, "gpu_power_w": 103.22, "process_present": true, "process_mem_mib": 36848.0, "process_mem_share_percent": 74.98575498575498, "process_util_available": true, "process_util_backend": "nvml", "process_sm_util_percent": 27.0, "process_mem_util_percent": 8.0}
{"timestamp_unix": 1772437357.3043802, "pid": 84990, "device_index": 0, "gpu_uuid": "GPU-6f954bfd-7081-31b7-f15c-f9a174bf4d7f", "gpu_util_percent": 28.0, "gpu_mem_util_percent": 9.0, "gpu_mem_used_mib": 37343.0, "gpu_mem_total_mib": 49140.0, "gpu_power_w": 103.22, "process_present": true, "process_mem_mib": 36848.0, "process_mem_share_percent": 74.98575498575498, "process_util_available": true, "process_util_backend": "nvml", "process_sm_util_percent": 29.0, "process_mem_util_percent": 8.0}
{"timestamp_unix": 1772437357.6101472, "pid": 84990, "device_index": 0, "gpu_uuid": "GPU-6f954bfd-7081-31b7-f15c-f9a174bf4d7f", "gpu_util_percent": 28.0, "gpu_mem_util_percent": 9.0, "gpu_mem_used_mib": 37347.0, "gpu_mem_total_mib": 49140.0, "gpu_power_w": 102.99, "process_present": true, "process_mem_mib": 36848.0, "process_mem_share_percent": 74.98575498575498, "process_util_available": true, "process_util_backend": "nvml", "process_sm_util_percent": 29.0, "process_mem_util_percent": 8.0}
{"timestamp_unix": 1772437357.9046903, "pid": 84990, "device_index": 0, "gpu_uuid": "GPU-6f954bfd-7081-31b7-f15c-f9a174bf4d7f", "gpu_util_percent": 28.0, "gpu_mem_util_percent": 9.0, "gpu_mem_used_mib": 37346.0, "gpu_mem_total_mib": 49140.0, "gpu_power_w": 102.99, "process_present": true, "process_mem_mib": 36848.0, "process_mem_share_percent": 74.98575498575498, "process_util_available": true, "process_util_backend": "nvml", "process_sm_util_percent": 28.0, "process_mem_util_percent": 8.0}
{"timestamp_unix": 1772437358.1954577, "pid": 84990, "device_index": 0, "gpu_uuid": "GPU-6f954bfd-7081-31b7-f15c-f9a174bf4d7f", "gpu_util_percent": 29.0, "gpu_mem_util_percent": 9.0, "gpu_mem_used_mib": 37346.0, "gpu_mem_total_mib": 49140.0, "gpu_power_w": 102.82, "process_present": true, "process_mem_mib": 36848.0, "process_mem_share_percent": 74.98575498575498, "process_util_available": true, "process_util_backend": "nvml", "process_sm_util_percent": 29.0, "process_mem_util_percent": 8.0}
{"timestamp_unix": 1772437358.4878001, "pid": 84990, "device_index": 0, "gpu_uuid": "GPU-6f954bfd-7081-31b7-f15c-f9a174bf4d7f", "gpu_util_percent": 29.0, "gpu_mem_util_percent": 9.0, "gpu_mem_used_mib": 37346.0, "gpu_mem_total_mib": 49140.0, "gpu_power_w": 102.52, "process_present": true, "process_mem_mib": 36848.0, "process_mem_share_percent": 74.98575498575498, "process_util_available": true, "process_util_backend": "nvml", "process_sm_util_percent": 28.0, "process_mem_util_percent": 8.0}
{"timestamp_unix": 1772437358.7784462, "pid": 84990, "device_index": 0, "gpu_uuid": "GPU-6f954bfd-7081-31b7-f15c-f9a174bf4d7f", "gpu_util_percent": 29.0, "gpu_mem_util_percent": 9.0, "gpu_mem_used_mib": 37346.0, "gpu_mem_total_mib": 49140.0, "gpu_power_w": 102.52, "process_present": true, "process_mem_mib": 36848.0, "process_mem_share_percent": 74.98575498575498, "process_util_available": true, "process_util_backend": "nvml", "process_sm_util_percent": 28.0, "process_mem_util_percent": 8.0}
{"timestamp_unix": 1772437359.0688546, "pid": 84990, "device_index": 0, "gpu_uuid": "GPU-6f954bfd-7081-31b7-f15c-f9a174bf4d7f", "gpu_util_percent": 29.0, "gpu_mem_util_percent": 8.0, "gpu_mem_used_mib": 37344.0, "gpu_mem_total_mib": 49140.0, "gpu_power_w": 102.54, "process_present": true, "process_mem_mib": 36848.0, "process_mem_share_percent": 74.98575498575498, "process_util_available": true, "process_util_backend": "nvml", "process_sm_util_percent": 28.0, "process_mem_util_percent": 8.0}
{"timestamp_unix": 1772437359.358683, "pid": 84990, "device_index": 0, "gpu_uuid": "GPU-6f954bfd-7081-31b7-f15c-f9a174bf4d7f", "gpu_util_percent": 29.0, "gpu_mem_util_percent": 8.0, "gpu_mem_used_mib": 38352.0, "gpu_mem_total_mib": 49140.0, "gpu_power_w": 102.54, "process_present": true, "process_mem_mib": 37856.0, "process_mem_share_percent": 77.03703703703704, "process_util_available": true, "process_util_backend": "nvml", "process_sm_util_percent": 12.0, "process_mem_util_percent": 3.0}
{"timestamp_unix": 1772437359.6622996, "pid": 84990, "device_index": 0, "gpu_uuid": "GPU-6f954bfd-7081-31b7-f15c-f9a174bf4d7f", "gpu_util_percent": 29.0, "gpu_mem_util_percent": 8.0, "gpu_mem_used_mib": 38352.0, "gpu_mem_total_mib": 49140.0, "gpu_power_w": 99.9, "process_present": true, "process_mem_mib": 37856.0, "process_mem_share_percent": 77.03703703703704, "process_util_available": true, "process_util_backend": "nvml", "process_sm_util_percent": 25.0, "process_mem_util_percent": 7.0}
{"timestamp_unix": 1772437359.9709022, "pid": 84990, "device_index": 0, "gpu_uuid": "GPU-6f954bfd-7081-31b7-f15c-f9a174bf4d7f", "gpu_util_percent": 27.0, "gpu_mem_util_percent": 8.0, "gpu_mem_used_mib": 38352.0, "gpu_mem_total_mib": 49140.0, "gpu_power_w": 98.57, "process_present": true, "process_mem_mib": 37856.0, "process_mem_share_percent": 77.03703703703704, "process_util_available": true, "process_util_backend": "nvml", "process_sm_util_percent": 27.0, "process_mem_util_percent": 7.0}
{"timestamp_unix": 1772437360.2708142, "pid": 84990, "device_index": 0, "gpu_uuid": "GPU-6f954bfd-7081-31b7-f15c-f9a174bf4d7f", "gpu_util_percent": 27.0, "gpu_mem_util_percent": 8.0, "gpu_mem_used_mib": 38353.0, "gpu_mem_total_mib": 49140.0, "gpu_power_w": 98.57, "process_present": true, "process_mem_mib": 37856.0, "process_mem_share_percent": 77.03703703703704, "process_util_available": true, "process_util_backend": "nvml", "process_sm_util_percent": 27.0, "process_mem_util_percent": 7.0}
{"timestamp_unix": 1772437360.5602422, "pid": 84990, "device_index": 0, "gpu_uuid": "GPU-6f954bfd-7081-31b7-f15c-f9a174bf4d7f", "gpu_util_percent": 27.0, "gpu_mem_util_percent": 8.0, "gpu_mem_used_mib": 38353.0, "gpu_mem_total_mib": 49140.0, "gpu_power_w": 99.46, "process_present": true, "process_mem_mib": 37856.0, "process_mem_share_percent": 77.03703703703704, "process_util_available": true, "process_util_backend": "nvml", "process_sm_util_percent": 26.0, "process_mem_util_percent": 7.0}
{"timestamp_unix": 1772437360.853098, "pid": 84990, "device_index": 0, "gpu_uuid": "GPU-6f954bfd-7081-31b7-f15c-f9a174bf4d7f", "gpu_util_percent": 27.0, "gpu_mem_util_percent": 8.0, "gpu_mem_used_mib": 38353.0, "gpu_mem_total_mib": 49140.0, "gpu_power_w": 99.46, "process_present": true, "process_mem_mib": 37856.0, "process_mem_share_percent": 77.03703703703704, "process_util_available": true, "process_util_backend": "nvml", "process_sm_util_percent": 27.0, "process_mem_util_percent": 7.0}
{"timestamp_unix": 1772437361.1442792, "pid": 84990, "device_index": 0, "gpu_uuid": "GPU-6f954bfd-7081-31b7-f15c-f9a174bf4d7f", "gpu_util_percent": 28.0, "gpu_mem_util_percent": 8.0, "gpu_mem_used_mib": 38350.0, "gpu_mem_total_mib": 49140.0, "gpu_power_w": 100.17, "process_present": true, "process_mem_mib": 37856.0, "process_mem_share_percent": 77.03703703703704, "process_util_available": true, "process_util_backend": "nvml", "process_sm_util_percent": 27.0, "process_mem_util_percent": 8.0}
{"timestamp_unix": 1772437361.4388082, "pid": 84990, "device_index": 0, "gpu_uuid": "GPU-6f954bfd-7081-31b7-f15c-f9a174bf4d7f", "gpu_util_percent": 28.0, "gpu_mem_util_percent": 8.0, "gpu_mem_used_mib": 38350.0, "gpu_mem_total_mib": 49140.0, "gpu_power_w": 100.72, "process_present": true, "process_mem_mib": 37856.0, "process_mem_share_percent": 77.03703703703704, "process_util_available": true, "process_util_backend": "nvml", "process_sm_util_percent": 27.0, "process_mem_util_percent": 8.0}
{"timestamp_unix": 1772437361.7324123, "pid": 84990, "device_index": 0, "gpu_uuid": "GPU-6f954bfd-7081-31b7-f15c-f9a174bf4d7f", "gpu_util_percent": 28.0, "gpu_mem_util_percent": 8.0, "gpu_mem_used_mib": 38350.0, "gpu_mem_total_mib": 49140.0, "gpu_power_w": 100.72, "process_present": true, "process_mem_mib": 37856.0, "process_mem_share_percent": 77.03703703703704, "process_util_available": true, "process_util_backend": "nvml", "process_sm_util_percent": 27.0, "process_mem_util_percent": 8.0}
{"timestamp_unix": 1772437362.021508, "pid": 84990, "device_index": 0, "gpu_uuid": "GPU-6f954bfd-7081-31b7-f15c-f9a174bf4d7f", "gpu_util_percent": 28.0, "gpu_mem_util_percent": 9.0, "gpu_mem_used_mib": 38350.0, "gpu_mem_total_mib": 49140.0, "gpu_power_w": 101.14, "process_present": true, "process_mem_mib": 37856.0, "process_mem_share_percent": 77.03703703703704, "process_util_available": true, "process_util_backend": "nvml", "process_sm_util_percent": 27.0, "process_mem_util_percent": 8.0}
{"timestamp_unix": 1772437362.3388932, "pid": 84990, "device_index": 0, "gpu_uuid": "GPU-6f954bfd-7081-31b7-f15c-f9a174bf4d7f", "gpu_util_percent": 28.0, "gpu_mem_util_percent": 9.0, "gpu_mem_used_mib": 38350.0, "gpu_mem_total_mib": 49140.0, "gpu_power_w": 101.14, "process_present": true, "process_mem_mib": 37856.0, "process_mem_share_percent": 77.03703703703704, "process_util_available": true, "process_util_backend": "nvml", "process_sm_util_percent": 27.0, "process_mem_util_percent": 8.0}
{"timestamp_unix": 1772437362.6453195, "pid": 84990, "device_index": 0, "gpu_uuid": "GPU-6f954bfd-7081-31b7-f15c-f9a174bf4d7f", "gpu_util_percent": 28.0, "gpu_mem_util_percent": 9.0, "gpu_mem_used_mib": 38350.0, "gpu_mem_total_mib": 49140.0, "gpu_power_w": 101.62, "process_present": true, "process_mem_mib": 37856.0, "process_mem_share_percent": 77.03703703703704, "process_util_available": true, "process_util_backend": "nvml", "process_sm_util_percent": 27.0, "process_mem_util_percent": 8.0}
{"timestamp_unix": 1772437362.9509027, "pid": 84990, "device_index": 0, "gpu_uuid": "GPU-6f954bfd-7081-31b7-f15c-f9a174bf4d7f", "gpu_util_percent": 28.0, "gpu_mem_util_percent": 9.0, "gpu_mem_used_mib": 38350.0, "gpu_mem_total_mib": 49140.0, "gpu_power_w": 102.01, "process_present": true, "process_mem_mib": 37856.0, "process_mem_share_percent": 77.03703703703704, "process_util_available": true, "process_util_backend": "nvml", "process_sm_util_percent": null, "process_mem_util_percent": null}
{"timestamp_unix": 1772437363.2430496, "pid": 84990, "device_index": 0, "gpu_uuid": "GPU-6f954bfd-7081-31b7-f15c-f9a174bf4d7f", "gpu_util_percent": 28.0, "gpu_mem_util_percent": 9.0, "gpu_mem_used_mib": 38345.0, "gpu_mem_total_mib": 49140.0, "gpu_power_w": 102.01, "process_present": true, "process_mem_mib": 37856.0, "process_mem_share_percent": 77.03703703703704, "process_util_available": true, "process_util_backend": "nvml", "process_sm_util_percent": 27.0, "process_mem_util_percent": 9.0}
{"timestamp_unix": 1772437363.536105, "pid": 84990, "device_index": 0, "gpu_uuid": "GPU-6f954bfd-7081-31b7-f15c-f9a174bf4d7f", "gpu_util_percent": 28.0, "gpu_mem_util_percent": 9.0, "gpu_mem_used_mib": 38345.0, "gpu_mem_total_mib": 49140.0, "gpu_power_w": 102.26, "process_present": true, "process_mem_mib": 37856.0, "process_mem_share_percent": 77.03703703703704, "process_util_available": true, "process_util_backend": "nvml", "process_sm_util_percent": null, "process_mem_util_percent": null}
{"timestamp_unix": 1772437363.8256607, "pid": 84990, "device_index": 0, "gpu_uuid": "GPU-6f954bfd-7081-31b7-f15c-f9a174bf4d7f", "gpu_util_percent": 28.0, "gpu_mem_util_percent": 9.0, "gpu_mem_used_mib": 38429.0, "gpu_mem_total_mib": 49140.0, "gpu_power_w": 102.26, "process_present": true, "process_mem_mib": 37940.0, "process_mem_share_percent": 77.20797720797721, "process_util_available": true, "process_util_backend": "nvml", "process_sm_util_percent": 14.0, "process_mem_util_percent": 1.0}
{"timestamp_unix": 1772437364.118941, "pid": 84990, "device_index": 0, "gpu_uuid": "GPU-6f954bfd-7081-31b7-f15c-f9a174bf4d7f", "gpu_util_percent": 28.0, "gpu_mem_util_percent": 9.0, "gpu_mem_used_mib": 38429.0, "gpu_mem_total_mib": 49140.0, "gpu_power_w": 96.61, "process_present": true, "process_mem_mib": 37940.0, "process_mem_share_percent": 77.20797720797721, "process_util_available": true, "process_util_backend": "nvml", "process_sm_util_percent": 30.0, "process_mem_util_percent": 10.0}
{"timestamp_unix": 1772437364.4088166, "pid": 84990, "device_index": 0, "gpu_uuid": "GPU-6f954bfd-7081-31b7-f15c-f9a174bf4d7f", "gpu_util_percent": 28.0, "gpu_mem_util_percent": 9.0, "gpu_mem_used_mib": 38429.0, "gpu_mem_total_mib": 49140.0, "gpu_power_w": 98.68, "process_present": true, "process_mem_mib": 37940.0, "process_mem_share_percent": 77.20797720797721, "process_util_available": true, "process_util_backend": "nvml", "process_sm_util_percent": 29.0, "process_mem_util_percent": 10.0}
{"timestamp_unix": 1772437364.7008257, "pid": 84990, "device_index": 0, "gpu_uuid": "GPU-6f954bfd-7081-31b7-f15c-f9a174bf4d7f", "gpu_util_percent": 28.0, "gpu_mem_util_percent": 9.0, "gpu_mem_used_mib": 38429.0, "gpu_mem_total_mib": 49140.0, "gpu_power_w": 98.68, "process_present": true, "process_mem_mib": 37940.0, "process_mem_share_percent": 77.20797720797721, "process_util_available": true, "process_util_backend": "nvml", "process_sm_util_percent": 29.0, "process_mem_util_percent": 10.0}
{"timestamp_unix": 1772437365.0027971, "pid": 84990, "device_index": 0, "gpu_uuid": "GPU-6f954bfd-7081-31b7-f15c-f9a174bf4d7f", "gpu_util_percent": 29.0, "gpu_mem_util_percent": 10.0, "gpu_mem_used_mib": 38428.0, "gpu_mem_total_mib": 49140.0, "gpu_power_w": 106.36, "process_present": true, "process_mem_mib": 37940.0, "process_mem_share_percent": 77.20797720797721, "process_util_available": true, "process_util_backend": "nvml", "process_sm_util_percent": 30.0, "process_mem_util_percent": 10.0}
{"timestamp_unix": 1772437365.3101442, "pid": 84990, "device_index": 0, "gpu_uuid": "GPU-6f954bfd-7081-31b7-f15c-f9a174bf4d7f", "gpu_util_percent": 29.0, "gpu_mem_util_percent": 10.0, "gpu_mem_used_mib": 38428.0, "gpu_mem_total_mib": 49140.0, "gpu_power_w": 106.36, "process_present": true, "process_mem_mib": 37940.0, "process_mem_share_percent": 77.20797720797721, "process_util_available": true, "process_util_backend": "nvml", "process_sm_util_percent": 29.0, "process_mem_util_percent": 10.0}
{"timestamp_unix": 1772437365.6221592, "pid": 84990, "device_index": 0, "gpu_uuid": "GPU-6f954bfd-7081-31b7-f15c-f9a174bf4d7f", "gpu_util_percent": 29.0, "gpu_mem_util_percent": 10.0, "gpu_mem_used_mib": 38428.0, "gpu_mem_total_mib": 49140.0, "gpu_power_w": 106.25, "process_present": true, "process_mem_mib": 37940.0, "process_mem_share_percent": 77.20797720797721, "process_util_available": true, "process_util_backend": "nvml", "process_sm_util_percent": 29.0, "process_mem_util_percent": 9.0}
{"timestamp_unix": 1772437365.915828, "pid": 84990, "device_index": 0, "gpu_uuid": "GPU-6f954bfd-7081-31b7-f15c-f9a174bf4d7f", "gpu_util_percent": 29.0, "gpu_mem_util_percent": 10.0, "gpu_mem_used_mib": 38428.0, "gpu_mem_total_mib": 49140.0, "gpu_power_w": 106.12, "process_present": true, "process_mem_mib": 37940.0, "process_mem_share_percent": 77.20797720797721, "process_util_available": true, "process_util_backend": "nvml", "process_sm_util_percent": 29.0, "process_mem_util_percent": 10.0}
{"timestamp_unix": 1772437366.205103, "pid": 84990, "device_index": 0, "gpu_uuid": "GPU-6f954bfd-7081-31b7-f15c-f9a174bf4d7f", "gpu_util_percent": 29.0, "gpu_mem_util_percent": 10.0, "gpu_mem_used_mib": 38428.0, "gpu_mem_total_mib": 49140.0, "gpu_power_w": 106.12, "process_present": true, "process_mem_mib": 37940.0, "process_mem_share_percent": 77.20797720797721, "process_util_available": true, "process_util_backend": "nvml", "process_sm_util_percent": 29.0, "process_mem_util_percent": 9.0}
{"timestamp_unix": 1772437366.4946766, "pid": 84990, "device_index": 0, "gpu_uuid": "GPU-6f954bfd-7081-31b7-f15c-f9a174bf4d7f", "gpu_util_percent": 29.0, "gpu_mem_util_percent": 10.0, "gpu_mem_used_mib": 38428.0, "gpu_mem_total_mib": 49140.0, "gpu_power_w": 105.65, "process_present": true, "process_mem_mib": 37940.0, "process_mem_share_percent": 77.20797720797721, "process_util_available": true, "process_util_backend": "nvml", "process_sm_util_percent": 29.0, "process_mem_util_percent": 9.0}
{"timestamp_unix": 1772437366.7880247, "pid": 84990, "device_index": 0, "gpu_uuid": "GPU-6f954bfd-7081-31b7-f15c-f9a174bf4d7f", "gpu_util_percent": 29.0, "gpu_mem_util_percent": 10.0, "gpu_mem_used_mib": 38428.0, "gpu_mem_total_mib": 49140.0, "gpu_power_w": 105.65, "process_present": true, "process_mem_mib": 37940.0, "process_mem_share_percent": 77.20797720797721, "process_util_available": true, "process_util_backend": "nvml", "process_sm_util_percent": 29.0, "process_mem_util_percent": 10.0}
{"timestamp_unix": 1772437367.0799115, "pid": 84990, "device_index": 0, "gpu_uuid": "GPU-6f954bfd-7081-31b7-f15c-f9a174bf4d7f", "gpu_util_percent": 30.0, "gpu_mem_util_percent": 10.0, "gpu_mem_used_mib": 38428.0, "gpu_mem_total_mib": 49140.0, "gpu_power_w": 105.69, "process_present": true, "process_mem_mib": 37940.0, "process_mem_share_percent": 77.20797720797721, "process_util_available": true, "process_util_backend": "nvml", "process_sm_util_percent": 29.0, "process_mem_util_percent": 9.0}
{"timestamp_unix": 1772437367.3738704, "pid": 84990, "device_index": 0, "gpu_uuid": "GPU-6f954bfd-7081-31b7-f15c-f9a174bf4d7f", "gpu_util_percent": 30.0, "gpu_mem_util_percent": 10.0, "gpu_mem_used_mib": 38428.0, "gpu_mem_total_mib": 49140.0, "gpu_power_w": 105.69, "process_present": true, "process_mem_mib": 37940.0, "process_mem_share_percent": 77.20797720797721, "process_util_available": true, "process_util_backend": "nvml", "process_sm_util_percent": 29.0, "process_mem_util_percent": 9.0}
{"timestamp_unix": 1772437367.6816475, "pid": 84990, "device_index": 0, "gpu_uuid": "GPU-6f954bfd-7081-31b7-f15c-f9a174bf4d7f", "gpu_util_percent": 30.0, "gpu_mem_util_percent": 10.0, "gpu_mem_used_mib": 38424.0, "gpu_mem_total_mib": 49140.0, "gpu_power_w": 105.41, "process_present": true, "process_mem_mib": 37940.0, "process_mem_share_percent": 77.20797720797721, "process_util_available": true, "process_util_backend": "nvml", "process_sm_util_percent": 29.0, "process_mem_util_percent": 9.0}
{"timestamp_unix": 1772437367.9841876, "pid": 84990, "device_index": 0, "gpu_uuid": "GPU-6f954bfd-7081-31b7-f15c-f9a174bf4d7f", "gpu_util_percent": 30.0, "gpu_mem_util_percent": 10.0, "gpu_mem_used_mib": 38424.0, "gpu_mem_total_mib": 49140.0, "gpu_power_w": 104.74, "process_present": true, "process_mem_mib": 37940.0, "process_mem_share_percent": 77.20797720797721, "process_util_available": true, "process_util_backend": "nvml", "process_sm_util_percent": 29.0, "process_mem_util_percent": 9.0}
{"timestamp_unix": 1772437368.28722, "pid": 84990, "device_index": 0, "gpu_uuid": "GPU-6f954bfd-7081-31b7-f15c-f9a174bf4d7f", "gpu_util_percent": 30.0, "gpu_mem_util_percent": 10.0, "gpu_mem_used_mib": 38424.0, "gpu_mem_total_mib": 49140.0, "gpu_power_w": 104.74, "process_present": true, "process_mem_mib": 37940.0, "process_mem_share_percent": 77.20797720797721, "process_util_available": true, "process_util_backend": "nvml", "process_sm_util_percent": 29.0, "process_mem_util_percent": 9.0}
{"timestamp_unix": 1772437368.5763488, "pid": 84990, "device_index": 0, "gpu_uuid": "GPU-6f954bfd-7081-31b7-f15c-f9a174bf4d7f", "gpu_util_percent": 30.0, "gpu_mem_util_percent": 10.0, "gpu_mem_used_mib": 38424.0, "gpu_mem_total_mib": 49140.0, "gpu_power_w": 104.79, "process_present": true, "process_mem_mib": 37940.0, "process_mem_share_percent": 77.20797720797721, "process_util_available": true, "process_util_backend": "nvml", "process_sm_util_percent": 29.0, "process_mem_util_percent": 8.0}
{"timestamp_unix": 1772437368.866913, "pid": 84990, "device_index": 0, "gpu_uuid": "GPU-6f954bfd-7081-31b7-f15c-f9a174bf4d7f", "gpu_util_percent": 30.0, "gpu_mem_util_percent": 10.0, "gpu_mem_used_mib": 38424.0, "gpu_mem_total_mib": 49140.0, "gpu_power_w": 104.79, "process_present": true, "process_mem_mib": 37940.0, "process_mem_share_percent": 77.20797720797721, "process_util_available": true, "process_util_backend": "nvml", "process_sm_util_percent": 28.0, "process_mem_util_percent": 9.0}
{"timestamp_unix": 1772437369.1558564, "pid": 84990, "device_index": 0, "gpu_uuid": "GPU-6f954bfd-7081-31b7-f15c-f9a174bf4d7f", "gpu_util_percent": 29.0, "gpu_mem_util_percent": 9.0, "gpu_mem_used_mib": 38424.0, "gpu_mem_total_mib": 49140.0, "gpu_power_w": 104.5, "process_present": true, "process_mem_mib": 37940.0, "process_mem_share_percent": 77.20797720797721, "process_util_available": true, "process_util_backend": "nvml", "process_sm_util_percent": 29.0, "process_mem_util_percent": 9.0}
{"timestamp_unix": 1772437369.4505715, "pid": 84990, "device_index": 0, "gpu_uuid": "GPU-6f954bfd-7081-31b7-f15c-f9a174bf4d7f", "gpu_util_percent": 29.0, "gpu_mem_util_percent": 9.0, "gpu_mem_used_mib": 38424.0, "gpu_mem_total_mib": 49140.0, "gpu_power_w": 104.17, "process_present": true, "process_mem_mib": 37940.0, "process_mem_share_percent": 77.20797720797721, "process_util_available": true, "process_util_backend": "nvml", "process_sm_util_percent": 28.0, "process_mem_util_percent": 9.0}
{"timestamp_unix": 1772437369.7398484, "pid": 84990, "device_index": 0, "gpu_uuid": "GPU-6f954bfd-7081-31b7-f15c-f9a174bf4d7f", "gpu_util_percent": 29.0, "gpu_mem_util_percent": 9.0, "gpu_mem_used_mib": 38424.0, "gpu_mem_total_mib": 49140.0, "gpu_power_w": 104.17, "process_present": true, "process_mem_mib": 37940.0, "process_mem_share_percent": 77.20797720797721, "process_util_available": true, "process_util_backend": "nvml", "process_sm_util_percent": 28.0, "process_mem_util_percent": 8.0}
{"timestamp_unix": 1772437370.0333889, "pid": 84990, "device_index": 0, "gpu_uuid": "GPU-6f954bfd-7081-31b7-f15c-f9a174bf4d7f", "gpu_util_percent": 19.0, "gpu_mem_util_percent": 4.0, "gpu_mem_used_mib": 38424.0, "gpu_mem_total_mib": 49140.0, "gpu_power_w": 102.9, "process_present": true, "process_mem_mib": 37940.0, "process_mem_share_percent": 77.20797720797721, "process_util_available": true, "process_util_backend": "nvml", "process_sm_util_percent": null, "process_mem_util_percent": null}
