{"timestamp_unix": 1772436936.9473186, "pid": 81832, "device_index": 0, "gpu_uuid": "GPU-6f954bfd-7081-31b7-f15c-f9a174bf4d7f", "gpu_util_percent": 12.0, "gpu_mem_util_percent": 1.0, "gpu_mem_used_mib": 997.0, "gpu_mem_total_mib": 49140.0, "gpu_power_w": 47.97, "process_present": true, "process_mem_mib": 500.0, "process_mem_share_percent": 1.0175010175010175, "process_util_available": true, "process_util_backend": "nvml", "process_sm_util_percent": null, "process_mem_util_percent": null}
{"timestamp_unix": 1772436937.3270109, "pid": 81832, "device_index": 0, "gpu_uuid": "GPU-6f954bfd-7081-31b7-f15c-f9a174bf4d7f", "gpu_util_percent": 12.0, "gpu_mem_util_percent": 1.0, "gpu_mem_used_mib": 997.0, "gpu_mem_total_mib": 49140.0, "gpu_power_w": 47.97, "process_present": true, "process_mem_mib": 500.0, "process_mem_share_percent": 1.0175010175010175, "process_util_available": true, "process_util_backend": "nvml", "process_sm_util_percent": null, "process_mem_util_percent": null}
{"timestamp_unix": 1772436937.6489577, "pid": 81832, "device_index": 0, "gpu_uuid": "GPU-6f954bfd-7081-31b7-f15c-f9a174bf4d7f", "gpu_util_percent": 12.0, "gpu_mem_util_percent": 1.0, "gpu_mem_used_mib": 996.0, "gpu_mem_total_mib": 49140.0, "gpu_power_w": 63.53, "process_present": true, "process_mem_mib": 500.0, "process_mem_share_percent": 1.0175010175010175, "process_util_available": true, "process_util_backend": "nvml", "process_sm_util_percent": null, "process_mem_util_percent": null}
{"timestamp_unix": 1772436937.9491735, "pid": 81832, "device_index": 0, "gpu_uuid": "GPU-6f954bfd-7081-31b7-f15c-f9a174bf4d7f", "gpu_util_percent": 14.0, "gpu_mem_util_percent": 1.0, "gpu_mem_used_mib": 996.0, "gpu_mem_total_mib": 49140.0, "gpu_power_w": 78.25, "process_present": true, "process_mem_mib": 500.0, "process_mem_share_percent": 1.0175010175010175, "process_util_available": true, "process_util_backend": "nvml", "process_sm_util_percent": null, "process_mem_util_percent": null}
{"timestamp_unix": 1772436938.2380261, "pid": 81832, "device_index": 0, "gpu_uuid": "GPU-6f954bfd-7081-31b7-f15c-f9a174bf4d7f", "gpu_util_percent": 14.0, "gpu_mem_util_percent": 1.0, "gpu_mem_used_mib": 1112.0, "gpu_mem_total_mib": 49140.0, "gpu_power_w": 78.25, "process_present": true, "process_mem_mib": 710.0, "process_mem_share_percent": 1.444851444851445, "process_util_available": true, "process_util_backend": "nvml", "process_sm_util_percent": null, "process_mem_util_percent": null}
{"timestamp_unix": 1772436938.5255682, "pid": 81832, "device_index": 0, "gpu_uuid": "GPU-6f954bfd-7081-31b7-f15c-f9a174bf4d7f", "gpu_util_percent": 14.0, "gpu_mem_util_percent": 1.0, "gpu_mem_used_mib": 1490.0, "gpu_mem_total_mib": 49140.0, "gpu_power_w": 78.66, "process_present": true, "process_mem_mib": 994.0, "process_mem_share_percent": 2.022792022792023, "process_util_available": true, "process_util_backend": "nvml", "process_sm_util_percent": 19.0, "process_mem_util_percent": 1.0}
{"timestamp_unix": 1772436938.8156602, "pid": 81832, "device_index": 0, "gpu_uuid": "GPU-6f954bfd-7081-31b7-f15c-f9a174bf4d7f", "gpu_util_percent": 14.0, "gpu_mem_util_percent": 1.0, "gpu_mem_used_mib": 2000.0, "gpu_mem_total_mib": 49140.0, "gpu_power_w": 78.66, "process_present": true, "process_mem_mib": 1658.0, "process_mem_share_percent": 3.3740333740333743, "process_util_available": true, "process_util_backend": "nvml", "process_sm_util_percent": null, "process_mem_util_percent": null}
{"timestamp_unix": 1772436939.1027896, "pid": 81832, "device_index": 0, "gpu_uuid": "GPU-6f954bfd-7081-31b7-f15c-f9a174bf4d7f", "gpu_util_percent": 23.0, "gpu_mem_util_percent": 3.0, "gpu_mem_used_mib": 3244.0, "gpu_mem_total_mib": 49140.0, "gpu_power_w": 81.15, "process_present": true, "process_mem_mib": 2912.0, "process_mem_share_percent": 5.9259259259259265, "process_util_available": true, "process_util_backend": "nvml", "process_sm_util_percent": 23.0, "process_mem_util_percent": 2.0}
{"timestamp_unix": 1772436939.4105153, "pid": 81832, "device_index": 0, "gpu_uuid": "GPU-6f954bfd-7081-31b7-f15c-f9a174bf4d7f", "gpu_util_percent": 23.0, "gpu_mem_util_percent": 3.0, "gpu_mem_used_mib": 4547.0, "gpu_mem_total_mib": 49140.0, "gpu_power_w": 86.42, "process_present": true, "process_mem_mib": 4204.0, "process_mem_share_percent": 8.555148555148556, "process_util_available": true, "process_util_backend": "nvml", "process_sm_util_percent": 23.0, "process_mem_util_percent": 3.0}
{"timestamp_unix": 1772436939.7168794, "pid": 81832, "device_index": 0, "gpu_uuid": "GPU-6f954bfd-7081-31b7-f15c-f9a174bf4d7f", "gpu_util_percent": 23.0, "gpu_mem_util_percent": 3.0, "gpu_mem_used_mib": 5881.0, "gpu_mem_total_mib": 49140.0, "gpu_power_w": 86.42, "process_present": true, "process_mem_mib": 5550.0, "process_mem_share_percent": 11.294261294261295, "process_util_available": true, "process_util_backend": "nvml", "process_sm_util_percent": 23.0, "process_mem_util_percent": 2.0}
{"timestamp_unix": 1772436940.0047526, "pid": 81832, "device_index": 0, "gpu_uuid": "GPU-6f954bfd-7081-31b7-f15c-f9a174bf4d7f", "gpu_util_percent": 22.0, "gpu_mem_util_percent": 3.0, "gpu_mem_used_mib": 7192.0, "gpu_mem_total_mib": 49140.0, "gpu_power_w": 88.98, "process_present": true, "process_mem_mib": 6886.0, "process_mem_share_percent": 14.013024013024014, "process_util_available": true, "process_util_backend": "nvml", "process_sm_util_percent": 23.0, "process_mem_util_percent": 3.0}
{"timestamp_unix": 1772436940.292728, "pid": 81832, "device_index": 0, "gpu_uuid": "GPU-6f954bfd-7081-31b7-f15c-f9a174bf4d7f", "gpu_util_percent": 22.0, "gpu_mem_util_percent": 3.0, "gpu_mem_used_mib": 8665.0, "gpu_mem_total_mib": 49140.0, "gpu_power_w": 88.98, "process_present": true, "process_mem_mib": 8360.0, "process_mem_share_percent": 17.012617012617014, "process_util_available": true, "process_util_backend": "nvml", "process_sm_util_percent": 24.0, "process_mem_util_percent": 3.0}
{"timestamp_unix": 1772436940.5837452, "pid": 81832, "device_index": 0, "gpu_uuid": "GPU-6f954bfd-7081-31b7-f15c-f9a174bf4d7f", "gpu_util_percent": 22.0, "gpu_mem_util_percent": 3.0, "gpu_mem_used_mib": 10241.0, "gpu_mem_total_mib": 49140.0, "gpu_power_w": 89.73, "process_present": true, "process_mem_mib": 9974.0, "process_mem_share_percent": 20.297110297110297, "process_util_available": true, "process_util_backend": "nvml", "process_sm_util_percent": 23.0, "process_mem_util_percent": 3.0}
{"timestamp_unix": 1772436940.8753197, "pid": 81832, "device_index": 0, "gpu_uuid": "GPU-6f954bfd-7081-31b7-f15c-f9a174bf4d7f", "gpu_util_percent": 25.0, "gpu_mem_util_percent": 4.0, "gpu_mem_used_mib": 11951.0, "gpu_mem_total_mib": 49140.0, "gpu_power_w": 90.38, "process_present": true, "process_mem_mib": 11664.0, "process_mem_share_percent": 23.736263736263734, "process_util_available": true, "process_util_backend": "nvml", "process_sm_util_percent": 23.0, "process_mem_util_percent": 3.0}
{"timestamp_unix": 1772436941.1669693, "pid": 81832, "device_index": 0, "gpu_uuid": "GPU-6f954bfd-7081-31b7-f15c-f9a174bf4d7f", "gpu_util_percent": 25.0, "gpu_mem_util_percent": 4.0, "gpu_mem_used_mib": 13661.0, "gpu_mem_total_mib": 49140.0, "gpu_power_w": 90.38, "process_present": true, "process_mem_mib": 13356.0, "process_mem_share_percent": 27.17948717948718, "process_util_available": true, "process_util_backend": "nvml", "process_sm_util_percent": 24.0, "process_mem_util_percent": 3.0}
{"timestamp_unix": 1772436941.4554825, "pid": 81832, "device_index": 0, "gpu_uuid": "GPU-6f954bfd-7081-31b7-f15c-f9a174bf4d7f", "gpu_util_percent": 25.0, "gpu_mem_util_percent": 4.0, "gpu_mem_used_mib": 15393.0, "gpu_mem_total_mib": 49140.0, "gpu_power_w": 90.7, "process_present": true, "process_mem_mib": 15132.0, "process_mem_share_percent": 30.793650793650794, "process_util_available": true, "process_util_backend": "nvml", "process_sm_util_percent": 23.0, "process_mem_util_percent": 3.0}
{"timestamp_unix": 1772436941.7656689, "pid": 81832, "device_index": 0, "gpu_uuid": "GPU-6f954bfd-7081-31b7-f15c-f9a174bf4d7f", "gpu_util_percent": 25.0, "gpu_mem_util_percent": 4.0, "gpu_mem_used_mib": 17243.0, "gpu_mem_total_mib": 49140.0, "gpu_power_w": 90.7, "process_present": true, "process_mem_mib": 16980.0, "process_mem_share_percent": 34.55433455433455, "process_util_available": true, "process_util_backend": "nvml", "process_sm_util_percent": 24.0, "process_mem_util_percent": 3.0}
{"timestamp_unix": 1772436942.0661466, "pid": 81832, "device_index": 0, "gpu_uuid": "GPU-6f954bfd-7081-31b7-f15c-f9a174bf4d7f", "gpu_util_percent": 22.0, "gpu_mem_util_percent": 3.0, "gpu_mem_used_mib": 19107.0, "gpu_mem_total_mib": 49140.0, "gpu_power_w": 90.87, "process_present": true, "process_mem_mib": 18844.0, "process_mem_share_percent": 38.34757834757835, "process_util_available": true, "process_util_backend": "nvml", "process_sm_util_percent": 23.0, "process_mem_util_percent": 3.0}
{"timestamp_unix": 1772436942.36428, "pid": 81832, "device_index": 0, "gpu_uuid": "GPU-6f954bfd-7081-31b7-f15c-f9a174bf4d7f", "gpu_util_percent": 22.0, "gpu_mem_util_percent": 3.0, "gpu_mem_used_mib": 21094.0, "gpu_mem_total_mib": 49140.0, "gpu_power_w": 90.92, "process_present": true, "process_mem_mib": 20876.0, "process_mem_share_percent": 42.482702482702486, "process_util_available": true, "process_util_backend": "nvml", "process_sm_util_percent": 24.0, "process_mem_util_percent": 3.0}
{"timestamp_unix": 1772436942.6556222, "pid": 81832, "device_index": 0, "gpu_uuid": "GPU-6f954bfd-7081-31b7-f15c-f9a174bf4d7f", "gpu_util_percent": 22.0, "gpu_mem_util_percent": 3.0, "gpu_mem_used_mib": 23120.0, "gpu_mem_total_mib": 49140.0, "gpu_power_w": 90.92, "process_present": true, "process_mem_mib": 22878.0, "process_mem_share_percent": 46.556776556776555, "process_util_available": true, "process_util_backend": "nvml", "process_sm_util_percent": 23.0, "process_mem_util_percent": 3.0}
{"timestamp_unix": 1772436942.9442556, "pid": 81832, "device_index": 0, "gpu_uuid": "GPU-6f954bfd-7081-31b7-f15c-f9a174bf4d7f", "gpu_util_percent": 25.0, "gpu_mem_util_percent": 4.0, "gpu_mem_used_mib": 24202.0, "gpu_mem_total_mib": 49140.0, "gpu_power_w": 90.82, "process_present": true, "process_mem_mib": 23720.0, "process_mem_share_percent": 48.270248270248274, "process_util_available": true, "process_util_backend": "nvml", "process_sm_util_percent": null, "process_mem_util_percent": null}
{"timestamp_unix": 1772436943.2410378, "pid": 81832, "device_index": 0, "gpu_uuid": "GPU-6f954bfd-7081-31b7-f15c-f9a174bf4d7f", "gpu_util_percent": 25.0, "gpu_mem_util_percent": 4.0, "gpu_mem_used_mib": 24281.0, "gpu_mem_total_mib": 49140.0, "gpu_power_w": 90.82, "process_present": true, "process_mem_mib": 23796.0, "process_mem_share_percent": 48.42490842490842, "process_util_available": true, "process_util_backend": "nvml", "process_sm_util_percent": 20.0, "process_mem_util_percent": 2.0}
{"timestamp_unix": 1772436943.5311968, "pid": 81832, "device_index": 0, "gpu_uuid": "GPU-6f954bfd-7081-31b7-f15c-f9a174bf4d7f", "gpu_util_percent": 25.0, "gpu_mem_util_percent": 4.0, "gpu_mem_used_mib": 24281.0, "gpu_mem_total_mib": 49140.0, "gpu_power_w": 90.08, "process_present": true, "process_mem_mib": 23796.0, "process_mem_share_percent": 48.42490842490842, "process_util_available": true, "process_util_backend": "nvml", "process_sm_util_percent": 27.0, "process_mem_util_percent": 4.0}
{"timestamp_unix": 1772436943.8177485, "pid": 81832, "device_index": 0, "gpu_uuid": "GPU-6f954bfd-7081-31b7-f15c-f9a174bf4d7f", "gpu_util_percent": 25.0, "gpu_mem_util_percent": 4.0, "gpu_mem_used_mib": 24281.0, "gpu_mem_total_mib": 49140.0, "gpu_power_w": 90.08, "process_present": true, "process_mem_mib": 23796.0, "process_mem_share_percent": 48.42490842490842, "process_util_available": true, "process_util_backend": "nvml", "process_sm_util_percent": 27.0, "process_mem_util_percent": 4.0}
{"timestamp_unix": 1772436944.107568, "pid": 81832, "device_index": 0, "gpu_uuid": "GPU-6f954bfd-7081-31b7-f15c-f9a174bf4d7f", "gpu_util_percent": 28.0, "gpu_mem_util_percent": 4.0, "gpu_mem_used_mib": 24281.0, "gpu_mem_total_mib": 49140.0, "gpu_power_w": 91.51, "process_present": true, "process_mem_mib": 23796.0, "process_mem_share_percent": 48.42490842490842, "process_util_available": true, "process_util_backend": "nvml", "process_sm_util_percent": 27.0, "process_mem_util_percent": 3.0}
{"timestamp_unix": 1772436944.4230542, "pid": 81832, "device_index": 0, "gpu_uuid": "GPU-6f954bfd-7081-31b7-f15c-f9a174bf4d7f", "gpu_util_percent": 28.0, "gpu_mem_util_percent": 4.0, "gpu_mem_used_mib": 24281.0, "gpu_mem_total_mib": 49140.0, "gpu_power_w": 94.21, "process_present": true, "process_mem_mib": 23796.0, "process_mem_share_percent": 48.42490842490842, "process_util_available": true, "process_util_backend": "nvml", "process_sm_util_percent": 27.0, "process_mem_util_percent": 3.0}
{"timestamp_unix": 1772436944.7168095, "pid": 81832, "device_index": 0, "gpu_uuid": "GPU-6f954bfd-7081-31b7-f15c-f9a174bf4d7f", "gpu_util_percent": 28.0, "gpu_mem_util_percent": 4.0, "gpu_mem_used_mib": 24285.0, "gpu_mem_total_mib": 49140.0, "gpu_power_w": 94.21, "process_present": true, "process_mem_mib": 23796.0, "process_mem_share_percent": 48.42490842490842, "process_util_available": true, "process_util_backend": "nvml", "process_sm_util_percent": 26.0, "process_mem_util_percent": 3.0}
{"timestamp_unix": 1772436945.0180833, "pid": 81832, "device_index": 0, "gpu_uuid": "GPU-6f954bfd-7081-31b7-f15c-f9a174bf4d7f", "gpu_util_percent": 26.0, "gpu_mem_util_percent": 4.0, "gpu_mem_used_mib": 24284.0, "gpu_mem_total_mib": 49140.0, "gpu_power_w": 93.99, "process_present": true, "process_mem_mib": 23796.0, "process_mem_share_percent": 48.42490842490842, "process_util_available": true, "process_util_backend": "nvml", "process_sm_util_percent": 25.0, "process_mem_util_percent": 3.0}
{"timestamp_unix": 1772436945.3171782, "pid": 81832, "device_index": 0, "gpu_uuid": "GPU-6f954bfd-7081-31b7-f15c-f9a174bf4d7f", "gpu_util_percent": 26.0, "gpu_mem_util_percent": 4.0, "gpu_mem_used_mib": 24284.0, "gpu_mem_total_mib": 49140.0, "gpu_power_w": 93.99, "process_present": true, "process_mem_mib": 23796.0, "process_mem_share_percent": 48.42490842490842, "process_util_available": true, "process_util_backend": "nvml", "process_sm_util_percent": 25.0, "process_mem_util_percent": 3.0}
{"timestamp_unix": 1772436945.6085808, "pid": 81832, "device_index": 0, "gpu_uuid": "GPU-6f954bfd-7081-31b7-f15c-f9a174bf4d7f", "gpu_util_percent": 26.0, "gpu_mem_util_percent": 4.0, "gpu_mem_used_mib": 24284.0, "gpu_mem_total_mib": 49140.0, "gpu_power_w": 93.79, "process_present": true, "process_mem_mib": 23796.0, "process_mem_share_percent": 48.42490842490842, "process_util_available": true, "process_util_backend": "nvml", "process_sm_util_percent": 24.0, "process_mem_util_percent": 3.0}
{"timestamp_unix": 1772436945.900825, "pid": 81832, "device_index": 0, "gpu_uuid": "GPU-6f954bfd-7081-31b7-f15c-f9a174bf4d7f", "gpu_util_percent": 25.0, "gpu_mem_util_percent": 4.0, "gpu_mem_used_mib": 24284.0, "gpu_mem_total_mib": 49140.0, "gpu_power_w": 93.62, "process_present": true, "process_mem_mib": 23796.0, "process_mem_share_percent": 48.42490842490842, "process_util_available": true, "process_util_backend": "nvml", "process_sm_util_percent": 24.0, "process_mem_util_percent": 3.0}
{"timestamp_unix": 1772436946.1940086, "pid": 81832, "device_index": 0, "gpu_uuid": "GPU-6f954bfd-7081-31b7-f15c-f9a174bf4d7f", "gpu_util_percent": 25.0, "gpu_mem_util_percent": 4.0, "gpu_mem_used_mib": 24284.0, "gpu_mem_total_mib": 49140.0, "gpu_power_w": 93.62, "process_present": true, "process_mem_mib": 23796.0, "process_mem_share_percent": 48.42490842490842, "process_util_available": true, "process_util_backend": "nvml", "process_sm_util_percent": 24.0, "process_mem_util_percent": 3.0}
{"timestamp_unix": 1772436946.486242, "pid": 81832, "device_index": 0, "gpu_uuid": "GPU-6f954bfd-7081-31b7-f15c-f9a174bf4d7f", "gpu_util_percent": 25.0, "gpu_mem_util_percent": 4.0, "gpu_mem_used_mib": 24284.0, "gpu_mem_total_mib": 49140.0, "gpu_power_w": 93.51, "process_present": true, "process_mem_mib": 23796.0, "process_mem_share_percent": 48.42490842490842, "process_util_available": true, "process_util_backend": "nvml", "process_sm_util_percent": 24.0, "process_mem_util_percent": 3.0}
{"timestamp_unix": 1772436946.7772217, "pid": 81832, "device_index": 0, "gpu_uuid": "GPU-6f954bfd-7081-31b7-f15c-f9a174bf4d7f", "gpu_util_percent": 25.0, "gpu_mem_util_percent": 4.0, "gpu_mem_used_mib": 24284.0, "gpu_mem_total_mib": 49140.0, "gpu_power_w": 93.51, "process_present": true, "process_mem_mib": 23796.0, "process_mem_share_percent": 48.42490842490842, "process_util_available": true, "process_util_backend": "nvml", "process_sm_util_percent": null, "process_mem_util_percent": null}
{"timestamp_unix": 1772436947.068794, "pid": 81832, "device_index": 0, "gpu_uuid": "GPU-6f954bfd-7081-31b7-f15c-f9a174bf4d7f", "gpu_util_percent": 26.0, "gpu_mem_util_percent": 3.0, "gpu_mem_used_mib": 24284.0, "gpu_mem_total_mib": 49140.0, "gpu_power_w": 93.16, "process_present": true, "process_mem_mib": 23796.0, "process_mem_share_percent": 48.42490842490842, "process_util_available": true, "process_util_backend": "nvml", "process_sm_util_percent": null, "process_mem_util_percent": null}
{"timestamp_unix": 1772436947.3768322, "pid": 81832, "device_index": 0, "gpu_uuid": "GPU-6f954bfd-7081-31b7-f15c-f9a174bf4d7f", "gpu_util_percent": 26.0, "gpu_mem_util_percent": 3.0, "gpu_mem_used_mib": 24284.0, "gpu_mem_total_mib": 49140.0, "gpu_power_w": 92.78, "process_present": true, "process_mem_mib": 23796.0, "process_mem_share_percent": 48.42490842490842, "process_util_available": true, "process_util_backend": "nvml", "process_sm_util_percent": null, "process_mem_util_percent": null}
{"timestamp_unix": 1772436947.6816382, "pid": 81832, "device_index": 0, "gpu_uuid": "GPU-6f954bfd-7081-31b7-f15c-f9a174bf4d7f", "gpu_util_percent": 26.0, "gpu_mem_util_percent": 3.0, "gpu_mem_used_mib": 24284.0, "gpu_mem_total_mib": 49140.0, "gpu_power_w": 92.78, "process_present": true, "process_mem_mib": 23796.0, "process_mem_share_percent": 48.42490842490842, "process_util_available": true, "process_util_backend": "nvml", "process_sm_util_percent": 26.0, "process_mem_util_percent": 3.0}
{"timestamp_unix": 1772436947.9823267, "pid": 81832, "device_index": 0, "gpu_uuid": "GPU-6f954bfd-7081-31b7-f15c-f9a174bf4d7f", "gpu_util_percent": 18.0, "gpu_mem_util_percent": 2.0, "gpu_mem_used_mib": 24284.0, "gpu_mem_total_mib": 49140.0, "gpu_power_w": 91.77, "process_present": true, "process_mem_mib": 23796.0, "process_mem_share_percent": 48.42490842490842, "process_util_available": true, "process_util_backend": "nvml", "process_sm_util_percent": 21.0, "process_mem_util_percent": 2.0}
{"timestamp_unix": 1772436948.2714794, "pid": 81832, "device_index": 0, "gpu_uuid": "GPU-6f954bfd-7081-31b7-f15c-f9a174bf4d7f", "gpu_util_percent": 18.0, "gpu_mem_util_percent": 2.0, "gpu_mem_used_mib": 24284.0, "gpu_mem_total_mib": 49140.0, "gpu_power_w": 91.77, "process_present": true, "process_mem_mib": 23796.0, "process_mem_share_percent": 48.42490842490842, "process_util_available": true, "process_util_backend": "nvml", "process_sm_util_percent": 25.0, "process_mem_util_percent": 3.0}
{"timestamp_unix": 1772436948.5602138, "pid": 81832, "device_index": 0, "gpu_uuid": "GPU-6f954bfd-7081-31b7-f15c-f9a174bf4d7f", "gpu_util_percent": 18.0, "gpu_mem_util_percent": 2.0, "gpu_mem_used_mib": 24284.0, "gpu_mem_total_mib": 49140.0, "gpu_power_w": 91.88, "process_present": true, "process_mem_mib": 23796.0, "process_mem_share_percent": 48.42490842490842, "process_util_available": true, "process_util_backend": "nvml", "process_sm_util_percent": 25.0, "process_mem_util_percent": 3.0}
{"timestamp_unix": 1772436948.8507168, "pid": 81832, "device_index": 0, "gpu_uuid": "GPU-6f954bfd-7081-31b7-f15c-f9a174bf4d7f", "gpu_util_percent": 25.0, "gpu_mem_util_percent": 4.0, "gpu_mem_used_mib": 24284.0, "gpu_mem_total_mib": 49140.0, "gpu_power_w": 92.19, "process_present": true, "process_mem_mib": 23796.0, "process_mem_share_percent": 48.42490842490842, "process_util_available": true, "process_util_backend": "nvml", "process_sm_util_percent": 25.0, "process_mem_util_percent": 3.0}
{"timestamp_unix": 1772436949.1393423, "pid": 81832, "device_index": 0, "gpu_uuid": "GPU-6f954bfd-7081-31b7-f15c-f9a174bf4d7f", "gpu_util_percent": 25.0, "gpu_mem_util_percent": 4.0, "gpu_mem_used_mib": 24284.0, "gpu_mem_total_mib": 49140.0, "gpu_power_w": 92.19, "process_present": true, "process_mem_mib": 23796.0, "process_mem_share_percent": 48.42490842490842, "process_util_available": true, "process_util_backend": "nvml", "process_sm_util_percent": 25.0, "process_mem_util_percent": 3.0}
{"timestamp_unix": 1772436949.431839, "pid": 81832, "device_index": 0, "gpu_uuid": "GPU-6f954bfd-7081-31b7-f15c-f9a174bf4d7f", "gpu_util_percent": 25.0, "gpu_mem_util_percent": 4.0, "gpu_mem_used_mib": 24284.0, "gpu_mem_total_mib": 49140.0, "gpu_power_w": 93.14, "process_present": true, "process_mem_mib": 23796.0, "process_mem_share_percent": 48.42490842490842, "process_util_available": true, "process_util_backend": "nvml", "process_sm_util_percent": 25.0, "process_mem_util_percent": 4.0}
{"timestamp_unix": 1772436949.7217991, "pid": 81832, "device_index": 0, "gpu_uuid": "GPU-6f954bfd-7081-31b7-f15c-f9a174bf4d7f", "gpu_util_percent": 25.0, "gpu_mem_util_percent": 4.0, "gpu_mem_used_mib": 24284.0, "gpu_mem_total_mib": 49140.0, "gpu_power_w": 93.14, "process_present": true, "process_mem_mib": 23796.0, "process_mem_share_percent": 48.42490842490842, "process_util_available": true, "process_util_backend": "nvml", "process_sm_util_percent": 25.0, "process_mem_util_percent": 3.0}
{"timestamp_unix": 1772436950.0262346, "pid": 81832, "device_index": 0, "gpu_uuid": "GPU-6f954bfd-7081-31b7-f15c-f9a174bf4d7f", "gpu_util_percent": 23.0, "gpu_mem_util_percent": 4.0, "gpu_mem_used_mib": 24284.0, "gpu_mem_total_mib": 49140.0, "gpu_power_w": 93.27, "process_present": true, "process_mem_mib": 23796.0, "process_mem_share_percent": 48.42490842490842, "process_util_available": true, "process_util_backend": "nvml", "process_sm_util_percent": 24.0, "process_mem_util_percent": 4.0}
{"timestamp_unix": 1772436950.3326674, "pid": 81832, "device_index": 0, "gpu_uuid": "GPU-6f954bfd-7081-31b7-f15c-f9a174bf4d7f", "gpu_util_percent": 23.0, "gpu_mem_util_percent": 4.0, "gpu_mem_used_mib": 24284.0, "gpu_mem_total_mib": 49140.0, "gpu_power_w": 93.27, "process_present": true, "process_mem_mib": 23796.0, "process_mem_share_percent": 48.42490842490842, "process_util_available": true, "process_util_backend": "nvml", "process_sm_util_percent": 24.0, "process_mem_util_percent": 4.0}
{"timestamp_unix": 1772436950.6324532, "pid": 81832, "device_index": 0, "gpu_uuid": "GPU-6f954bfd-7081-31b7-f15c-f9a174bf4d7f", "gpu_util_percent": 23.0, "gpu_mem_util_percent": 4.0, "gpu_mem_used_mib": 24284.0, "gpu_mem_total_mib": 49140.0, "gpu_power_w": 93.73, "process_present": true, "process_mem_mib": 23796.0, "process_mem_share_percent": 48.42490842490842, "process_util_available": true, "process_util_backend": "nvml", "process_sm_util_percent": 24.0, "process_mem_util_percent": 4.0}
{"timestamp_unix": 1772436951.024647, "pid": 81832, "device_index": 0, "gpu_uuid": "GPU-6f954bfd-7081-31b7-f15c-f9a174bf4d7f", "gpu_util_percent": 21.0, "gpu_mem_util_percent": 4.0, "gpu_mem_used_mib": 24284.0, "gpu_mem_total_mib": 49140.0, "gpu_power_w": 93.94, "process_present": true, "process_mem_mib": 23796.0, "process_mem_share_percent": 48.42490842490842, "process_util_available": true, "process_util_backend": "nvml", "process_sm_util_percent": 12.0, "process_mem_util_percent": 2.0}
{"timestamp_unix": 1772436951.316708, "pid": 81832, "device_index": 0, "gpu_uuid": "GPU-6f954bfd-7081-31b7-f15c-f9a174bf4d7f", "gpu_util_percent": 21.0, "gpu_mem_util_percent": 4.0, "gpu_mem_used_mib": 24284.0, "gpu_mem_total_mib": 49140.0, "gpu_power_w": 93.94, "process_present": true, "process_mem_mib": 23796.0, "process_mem_share_percent": 48.42490842490842, "process_util_available": true, "process_util_backend": "nvml", "process_sm_util_percent": 22.0, "process_mem_util_percent": 3.0}
{"timestamp_unix": 1772436951.6051145, "pid": 81832, "device_index": 0, "gpu_uuid": "GPU-6f954bfd-7081-31b7-f15c-f9a174bf4d7f", "gpu_util_percent": 21.0, "gpu_mem_util_percent": 4.0, "gpu_mem_used_mib": 24284.0, "gpu_mem_total_mib": 49140.0, "gpu_power_w": 92.12, "process_present": true, "process_mem_mib": 23796.0, "process_mem_share_percent": 48.42490842490842, "process_util_available": true, "process_util_backend": "nvml", "process_sm_util_percent": 24.0, "process_mem_util_percent": 4.0}
{"timestamp_unix": 1772436951.8955135, "pid": 81832, "device_index": 0, "gpu_uuid": "GPU-6f954bfd-7081-31b7-f15c-f9a174bf4d7f", "gpu_util_percent": 24.0, "gpu_mem_util_percent": 4.0, "gpu_mem_used_mib": 24562.0, "gpu_mem_total_mib": 49140.0, "gpu_power_w": 92.12, "process_present": true, "process_mem_mib": 24074.0, "process_mem_share_percent": 48.99063899063899, "process_util_available": true, "process_util_backend": "nvml", "process_sm_util_percent": 12.0, "process_mem_util_percent": 2.0}
{"timestamp_unix": 1772436952.1867447, "pid": 81832, "device_index": 0, "gpu_uuid": "GPU-6f954bfd-7081-31b7-f15c-f9a174bf4d7f", "gpu_util_percent": 24.0, "gpu_mem_util_percent": 4.0, "gpu_mem_used_mib": 24636.0, "gpu_mem_total_mib": 49140.0, "gpu_power_w": 92.12, "process_present": true, "process_mem_mib": 24148.0, "process_mem_share_percent": 49.14122914122914, "process_util_available": true, "process_util_backend": "nvml", "process_sm_util_percent": 18.0, "process_mem_util_percent": 2.0}
{"timestamp_unix": 1772436952.4769413, "pid": 81832, "device_index": 0, "gpu_uuid": "GPU-6f954bfd-7081-31b7-f15c-f9a174bf4d7f", "gpu_util_percent": 24.0, "gpu_mem_util_percent": 4.0, "gpu_mem_used_mib": 24636.0, "gpu_mem_total_mib": 49140.0, "gpu_power_w": 92.14, "process_present": true, "process_mem_mib": 24148.0, "process_mem_share_percent": 49.14122914122914, "process_util_available": true, "process_util_backend": "nvml", "process_sm_util_percent": 13.0, "process_mem_util_percent": 2.0}
{"timestamp_unix": 1772436952.78514, "pid": 81832, "device_index": 0, "gpu_uuid": "GPU-6f954bfd-7081-31b7-f15c-f9a174bf4d7f", "gpu_util_percent": 24.0, "gpu_mem_util_percent": 4.0, "gpu_mem_used_mib": 24636.0, "gpu_mem_total_mib": 49140.0, "gpu_power_w": 92.14, "process_present": true, "process_mem_mib": 24148.0, "process_mem_share_percent": 49.14122914122914, "process_util_available": true, "process_util_backend": "nvml", "process_sm_util_percent": null, "process_mem_util_percent": null}
{"timestamp_unix": 1772436953.0837295, "pid": 81832, "device_index": 0, "gpu_uuid": "GPU-6f954bfd-7081-31b7-f15c-f9a174bf4d7f", "gpu_util_percent": 25.0, "gpu_mem_util_percent": 4.0, "gpu_mem_used_mib": 24636.0, "gpu_mem_total_mib": 49140.0, "gpu_power_w": 92.38, "process_present": true, "process_mem_mib": 24148.0, "process_mem_share_percent": 49.14122914122914, "process_util_available": true, "process_util_backend": "nvml", "process_sm_util_percent": 13.0, "process_mem_util_percent": 2.0}
{"timestamp_unix": 1772436953.3880975, "pid": 81832, "device_index": 0, "gpu_uuid": "GPU-6f954bfd-7081-31b7-f15c-f9a174bf4d7f", "gpu_util_percent": 25.0, "gpu_mem_util_percent": 4.0, "gpu_mem_used_mib": 24635.0, "gpu_mem_total_mib": 49140.0, "gpu_power_w": 94.84, "process_present": true, "process_mem_mib": 24148.0, "process_mem_share_percent": 49.14122914122914, "process_util_available": true, "process_util_backend": "nvml", "process_sm_util_percent": 26.0, "process_mem_util_percent": 4.0}
{"timestamp_unix": 1772436953.691661, "pid": 81832, "device_index": 0, "gpu_uuid": "GPU-6f954bfd-7081-31b7-f15c-f9a174bf4d7f", "gpu_util_percent": 25.0, "gpu_mem_util_percent": 4.0, "gpu_mem_used_mib": 24635.0, "gpu_mem_total_mib": 49140.0, "gpu_power_w": 94.84, "process_present": true, "process_mem_mib": 24148.0, "process_mem_share_percent": 49.14122914122914, "process_util_available": true, "process_util_backend": "nvml", "process_sm_util_percent": 26.0, "process_mem_util_percent": 4.0}
{"timestamp_unix": 1772436953.9842713, "pid": 81832, "device_index": 0, "gpu_uuid": "GPU-6f954bfd-7081-31b7-f15c-f9a174bf4d7f", "gpu_util_percent": 26.0, "gpu_mem_util_percent": 4.0, "gpu_mem_used_mib": 24635.0, "gpu_mem_total_mib": 49140.0, "gpu_power_w": 94.81, "process_present": true, "process_mem_mib": 24148.0, "process_mem_share_percent": 49.14122914122914, "process_util_available": true, "process_util_backend": "nvml", "process_sm_util_percent": 26.0, "process_mem_util_percent": 4.0}
{"timestamp_unix": 1772436954.2727723, "pid": 81832, "device_index": 0, "gpu_uuid": "GPU-6f954bfd-7081-31b7-f15c-f9a174bf4d7f", "gpu_util_percent": 26.0, "gpu_mem_util_percent": 4.0, "gpu_mem_used_mib": 24635.0, "gpu_mem_total_mib": 49140.0, "gpu_power_w": 94.81, "process_present": true, "process_mem_mib": 24148.0, "process_mem_share_percent": 49.14122914122914, "process_util_available": true, "process_util_backend": "nvml", "process_sm_util_percent": 26.0, "process_mem_util_percent": 3.0}
{"timestamp_unix": 1772436954.5647705, "pid": 81832, "device_index": 0, "gpu_uuid": "GPU-6f954bfd-7081-31b7-f15c-f9a174bf4d7f", "gpu_util_percent": 26.0, "gpu_mem_util_percent": 4.0, "gpu_mem_used_mib": 24635.0, "gpu_mem_total_mib": 49140.0, "gpu_power_w": 94.62, "process_present": true, "process_mem_mib": 24148.0, "process_mem_share_percent": 49.14122914122914, "process_util_available": true, "process_util_backend": "nvml", "process_sm_util_percent": 26.0, "process_mem_util_percent": 3.0}
{"timestamp_unix": 1772436954.8542345, "pid": 81832, "device_index": 0, "gpu_uuid": "GPU-6f954bfd-7081-31b7-f15c-f9a174bf4d7f", "gpu_util_percent": 26.0, "gpu_mem_util_percent": 4.0, "gpu_mem_used_mib": 24635.0, "gpu_mem_total_mib": 49140.0, "gpu_power_w": 94.56, "process_present": true, "process_mem_mib": 24148.0, "process_mem_share_percent": 49.14122914122914, "process_util_available": true, "process_util_backend": "nvml", "process_sm_util_percent": 26.0, "process_mem_util_percent": 3.0}
{"timestamp_unix": 1772436955.1427414, "pid": 81832, "device_index": 0, "gpu_uuid": "GPU-6f954bfd-7081-31b7-f15c-f9a174bf4d7f", "gpu_util_percent": 26.0, "gpu_mem_util_percent": 4.0, "gpu_mem_used_mib": 24635.0, "gpu_mem_total_mib": 49140.0, "gpu_power_w": 94.56, "process_present": true, "process_mem_mib": 24148.0, "process_mem_share_percent": 49.14122914122914, "process_util_available": true, "process_util_backend": "nvml", "process_sm_util_percent": 26.0, "process_mem_util_percent": 3.0}
{"timestamp_unix": 1772436955.4491177, "pid": 81832, "device_index": 0, "gpu_uuid": "GPU-6f954bfd-7081-31b7-f15c-f9a174bf4d7f", "gpu_util_percent": 26.0, "gpu_mem_util_percent": 4.0, "gpu_mem_used_mib": 24635.0, "gpu_mem_total_mib": 49140.0, "gpu_power_w": 94.39, "process_present": true, "process_mem_mib": 24148.0, "process_mem_share_percent": 49.14122914122914, "process_util_available": true, "process_util_backend": "nvml", "process_sm_util_percent": 26.0, "process_mem_util_percent": 3.0}
{"timestamp_unix": 1772436955.763021, "pid": 81832, "device_index": 0, "gpu_uuid": "GPU-6f954bfd-7081-31b7-f15c-f9a174bf4d7f", "gpu_util_percent": 26.0, "gpu_mem_util_percent": 4.0, "gpu_mem_used_mib": 24635.0, "gpu_mem_total_mib": 49140.0, "gpu_power_w": 94.39, "process_present": true, "process_mem_mib": 24148.0, "process_mem_share_percent": 49.14122914122914, "process_util_available": true, "process_util_backend": "nvml", "process_sm_util_percent": 26.0, "process_mem_util_percent": 3.0}
{"timestamp_unix": 1772436956.0551531, "pid": 81832, "device_index": 0, "gpu_uuid": "GPU-6f954bfd-7081-31b7-f15c-f9a174bf4d7f", "gpu_util_percent": 25.0, "gpu_mem_util_percent": 4.0, "gpu_mem_used_mib": 24635.0, "gpu_mem_total_mib": 49140.0, "gpu_power_w": 94.11, "process_present": true, "process_mem_mib": 24148.0, "process_mem_share_percent": 49.14122914122914, "process_util_available": true, "process_util_backend": "nvml", "process_sm_util_percent": 26.0, "process_mem_util_percent": 3.0}
{"timestamp_unix": 1772436956.3445063, "pid": 81832, "device_index": 0, "gpu_uuid": "GPU-6f954bfd-7081-31b7-f15c-f9a174bf4d7f", "gpu_util_percent": 25.0, "gpu_mem_util_percent": 4.0, "gpu_mem_used_mib": 24635.0, "gpu_mem_total_mib": 49140.0, "gpu_power_w": 94.11, "process_present": true, "process_mem_mib": 24148.0, "process_mem_share_percent": 49.14122914122914, "process_util_available": true, "process_util_backend": "nvml", "process_sm_util_percent": 25.0, "process_mem_util_percent": 3.0}
{"timestamp_unix": 1772436956.6358588, "pid": 81832, "device_index": 0, "gpu_uuid": "GPU-6f954bfd-7081-31b7-f15c-f9a174bf4d7f", "gpu_util_percent": 25.0, "gpu_mem_util_percent": 4.0, "gpu_mem_used_mib": 24635.0, "gpu_mem_total_mib": 49140.0, "gpu_power_w": 93.97, "process_present": true, "process_mem_mib": 24148.0, "process_mem_share_percent": 49.14122914122914, "process_util_available": true, "process_util_backend": "nvml", "process_sm_util_percent": 25.0, "process_mem_util_percent": 3.0}
{"timestamp_unix": 1772436956.925975, "pid": 81832, "device_index": 0, "gpu_uuid": "GPU-6f954bfd-7081-31b7-f15c-f9a174bf4d7f", "gpu_util_percent": 25.0, "gpu_mem_util_percent": 3.0, "gpu_mem_used_mib": 24635.0, "gpu_mem_total_mib": 49140.0, "gpu_power_w": 93.71, "process_present": true, "process_mem_mib": 24148.0, "process_mem_share_percent": 49.14122914122914, "process_util_available": true, "process_util_backend": "nvml", "process_sm_util_percent": 25.0, "process_mem_util_percent": 3.0}
{"timestamp_unix": 1772436957.2187653, "pid": 81832, "device_index": 0, "gpu_uuid": "GPU-6f954bfd-7081-31b7-f15c-f9a174bf4d7f", "gpu_util_percent": 25.0, "gpu_mem_util_percent": 3.0, "gpu_mem_used_mib": 24635.0, "gpu_mem_total_mib": 49140.0, "gpu_power_w": 93.71, "process_present": true, "process_mem_mib": 24148.0, "process_mem_share_percent": 49.14122914122914, "process_util_available": true, "process_util_backend": "nvml", "process_sm_util_percent": 25.0, "process_mem_util_percent": 3.0}
{"timestamp_unix": 1772436957.5089126, "pid": 81832, "device_index": 0, "gpu_uuid": "GPU-6f954bfd-7081-31b7-f15c-f9a174bf4d7f", "gpu_util_percent": 25.0, "gpu_mem_util_percent": 3.0, "gpu_mem_used_mib": 24635.0, "gpu_mem_total_mib": 49140.0, "gpu_power_w": 93.42, "process_present": true, "process_mem_mib": 24148.0, "process_mem_share_percent": 49.14122914122914, "process_util_available": true, "process_util_backend": "nvml", "process_sm_util_percent": 23.0, "process_mem_util_percent": 2.0}
{"timestamp_unix": 1772436957.8127444, "pid": 81832, "device_index": 0, "gpu_uuid": "GPU-6f954bfd-7081-31b7-f15c-f9a174bf4d7f", "gpu_util_percent": 25.0, "gpu_mem_util_percent": 3.0, "gpu_mem_used_mib": 24635.0, "gpu_mem_total_mib": 49140.0, "gpu_power_w": 93.42, "process_present": true, "process_mem_mib": 24148.0, "process_mem_share_percent": 49.14122914122914, "process_util_available": true, "process_util_backend": "nvml", "process_sm_util_percent": 24.0, "process_mem_util_percent": 4.0}
{"timestamp_unix": 1772436958.1173842, "pid": 81832, "device_index": 0, "gpu_uuid": "GPU-6f954bfd-7081-31b7-f15c-f9a174bf4d7f", "gpu_util_percent": 24.0, "gpu_mem_util_percent": 4.0, "gpu_mem_used_mib": 24635.0, "gpu_mem_total_mib": 49140.0, "gpu_power_w": 92.64, "process_present": true, "process_mem_mib": 24148.0, "process_mem_share_percent": 49.14122914122914, "process_util_available": true, "process_util_backend": "nvml", "process_sm_util_percent": 24.0, "process_mem_util_percent": 4.0}
{"timestamp_unix": 1772436958.417647, "pid": 81832, "device_index": 0, "gpu_uuid": "GPU-6f954bfd-7081-31b7-f15c-f9a174bf4d7f", "gpu_util_percent": 24.0, "gpu_mem_util_percent": 4.0, "gpu_mem_used_mib": 24635.0, "gpu_mem_total_mib": 49140.0, "gpu_power_w": 92.9, "process_present": true, "process_mem_mib": 24148.0, "process_mem_share_percent": 49.14122914122914, "process_util_available": true, "process_util_backend": "nvml", "process_sm_util_percent": 25.0, "process_mem_util_percent": 4.0}
{"timestamp_unix": 1772436958.7068174, "pid": 81832, "device_index": 0, "gpu_uuid": "GPU-6f954bfd-7081-31b7-f15c-f9a174bf4d7f", "gpu_util_percent": 24.0, "gpu_mem_util_percent": 4.0, "gpu_mem_used_mib": 24635.0, "gpu_mem_total_mib": 49140.0, "gpu_power_w": 92.9, "process_present": true, "process_mem_mib": 24148.0, "process_mem_share_percent": 49.14122914122914, "process_util_available": true, "process_util_backend": "nvml", "process_sm_util_percent": 25.0, "process_mem_util_percent": 4.0}
{"timestamp_unix": 1772436958.9984848, "pid": 81832, "device_index": 0, "gpu_uuid": "GPU-6f954bfd-7081-31b7-f15c-f9a174bf4d7f", "gpu_util_percent": 25.0, "gpu_mem_util_percent": 4.0, "gpu_mem_used_mib": 24635.0, "gpu_mem_total_mib": 49140.0, "gpu_power_w": 94.0, "process_present": true, "process_mem_mib": 24148.0, "process_mem_share_percent": 49.14122914122914, "process_util_available": true, "process_util_backend": "nvml", "process_sm_util_percent": 25.0, "process_mem_util_percent": 4.0}
{"timestamp_unix": 1772436959.2875123, "pid": 81832, "device_index": 0, "gpu_uuid": "GPU-6f954bfd-7081-31b7-f15c-f9a174bf4d7f", "gpu_util_percent": 25.0, "gpu_mem_util_percent": 4.0, "gpu_mem_used_mib": 24635.0, "gpu_mem_total_mib": 49140.0, "gpu_power_w": 94.0, "process_present": true, "process_mem_mib": 24148.0, "process_mem_share_percent": 49.14122914122914, "process_util_available": true, "process_util_backend": "nvml", "process_sm_util_percent": 25.0, "process_mem_util_percent": 4.0}
{"timestamp_unix": 1772436959.5758235, "pid": 81832, "device_index": 0, "gpu_uuid": "GPU-6f954bfd-7081-31b7-f15c-f9a174bf4d7f", "gpu_util_percent": 25.0, "gpu_mem_util_percent": 4.0, "gpu_mem_used_mib": 24631.0, "gpu_mem_total_mib": 49140.0, "gpu_power_w": 94.37, "process_present": true, "process_mem_mib": 24148.0, "process_mem_share_percent": 49.14122914122914, "process_util_available": true, "process_util_backend": "nvml", "process_sm_util_percent": 25.0, "process_mem_util_percent": 4.0}
{"timestamp_unix": 1772436959.867379, "pid": 81832, "device_index": 0, "gpu_uuid": "GPU-6f954bfd-7081-31b7-f15c-f9a174bf4d7f", "gpu_util_percent": 25.0, "gpu_mem_util_percent": 5.0, "gpu_mem_used_mib": 24631.0, "gpu_mem_total_mib": 49140.0, "gpu_power_w": 94.74, "process_present": true, "process_mem_mib": 24148.0, "process_mem_share_percent": 49.14122914122914, "process_util_available": true, "process_util_backend": "nvml", "process_sm_util_percent": 25.0, "process_mem_util_percent": 4.0}
{"timestamp_unix": 1772436960.1561935, "pid": 81832, "device_index": 0, "gpu_uuid": "GPU-6f954bfd-7081-31b7-f15c-f9a174bf4d7f", "gpu_util_percent": 25.0, "gpu_mem_util_percent": 5.0, "gpu_mem_used_mib": 24633.0, "gpu_mem_total_mib": 49140.0, "gpu_power_w": 94.74, "process_present": true, "process_mem_mib": 24148.0, "process_mem_share_percent": 49.14122914122914, "process_util_available": true, "process_util_backend": "nvml", "process_sm_util_percent": 27.0, "process_mem_util_percent": 5.0}
{"timestamp_unix": 1772436960.460815, "pid": 81832, "device_index": 0, "gpu_uuid": "GPU-6f954bfd-7081-31b7-f15c-f9a174bf4d7f", "gpu_util_percent": 25.0, "gpu_mem_util_percent": 5.0, "gpu_mem_used_mib": 24633.0, "gpu_mem_total_mib": 49140.0, "gpu_power_w": 95.07, "process_present": true, "process_mem_mib": 24148.0, "process_mem_share_percent": 49.14122914122914, "process_util_available": true, "process_util_backend": "nvml", "process_sm_util_percent": 24.0, "process_mem_util_percent": 4.0}
{"timestamp_unix": 1772436960.7708063, "pid": 81832, "device_index": 0, "gpu_uuid": "GPU-6f954bfd-7081-31b7-f15c-f9a174bf4d7f", "gpu_util_percent": 25.0, "gpu_mem_util_percent": 5.0, "gpu_mem_used_mib": 24633.0, "gpu_mem_total_mib": 49140.0, "gpu_power_w": 95.07, "process_present": true, "process_mem_mib": 24148.0, "process_mem_share_percent": 49.14122914122914, "process_util_available": true, "process_util_backend": "nvml", "process_sm_util_percent": 24.0, "process_mem_util_percent": 5.0}
{"timestamp_unix": 1772436961.071012, "pid": 81832, "device_index": 0, "gpu_uuid": "GPU-6f954bfd-7081-31b7-f15c-f9a174bf4d7f", "gpu_util_percent": 24.0, "gpu_mem_util_percent": 5.0, "gpu_mem_used_mib": 24680.0, "gpu_mem_total_mib": 49140.0, "gpu_power_w": 95.35, "process_present": true, "process_mem_mib": 24386.0, "process_mem_share_percent": 49.625559625559625, "process_util_available": true, "process_util_backend": "nvml", "process_sm_util_percent": 25.0, "process_mem_util_percent": 4.0}
{"timestamp_unix": 1772436961.3580432, "pid": 81832, "device_index": 0, "gpu_uuid": "GPU-6f954bfd-7081-31b7-f15c-f9a174bf4d7f", "gpu_util_percent": 24.0, "gpu_mem_util_percent": 5.0, "gpu_mem_used_mib": 24898.0, "gpu_mem_total_mib": 49140.0, "gpu_power_w": 93.47, "process_present": true, "process_mem_mib": 24466.0, "process_mem_share_percent": 49.788359788359784, "process_util_available": true, "process_util_backend": "nvml", "process_sm_util_percent": null, "process_mem_util_percent": null}
{"timestamp_unix": 1772436961.6500444, "pid": 81832, "device_index": 0, "gpu_uuid": "GPU-6f954bfd-7081-31b7-f15c-f9a174bf4d7f", "gpu_util_percent": 24.0, "gpu_mem_util_percent": 5.0, "gpu_mem_used_mib": 24958.0, "gpu_mem_total_mib": 49140.0, "gpu_power_w": 93.47, "process_present": true, "process_mem_mib": 24466.0, "process_mem_share_percent": 49.788359788359784, "process_util_available": true, "process_util_backend": "nvml", "process_sm_util_percent": 24.0, "process_mem_util_percent": 4.0}
{"timestamp_unix": 1772436961.9388583, "pid": 81832, "device_index": 0, "gpu_uuid": "GPU-6f954bfd-7081-31b7-f15c-f9a174bf4d7f", "gpu_util_percent": 26.0, "gpu_mem_util_percent": 5.0, "gpu_mem_used_mib": 24958.0, "gpu_mem_total_mib": 49140.0, "gpu_power_w": 93.36, "process_present": true, "process_mem_mib": 24466.0, "process_mem_share_percent": 49.788359788359784, "process_util_available": true, "process_util_backend": "nvml", "process_sm_util_percent": 26.0, "process_mem_util_percent": 5.0}
{"timestamp_unix": 1772436962.2305222, "pid": 81832, "device_index": 0, "gpu_uuid": "GPU-6f954bfd-7081-31b7-f15c-f9a174bf4d7f", "gpu_util_percent": 26.0, "gpu_mem_util_percent": 5.0, "gpu_mem_used_mib": 24958.0, "gpu_mem_total_mib": 49140.0, "gpu_power_w": 93.36, "process_present": true, "process_mem_mib": 24466.0, "process_mem_share_percent": 49.788359788359784, "process_util_available": true, "process_util_backend": "nvml", "process_sm_util_percent": null, "process_mem_util_percent": null}
{"timestamp_unix": 1772436962.520707, "pid": 81832, "device_index": 0, "gpu_uuid": "GPU-6f954bfd-7081-31b7-f15c-f9a174bf4d7f", "gpu_util_percent": 26.0, "gpu_mem_util_percent": 5.0, "gpu_mem_used_mib": 24958.0, "gpu_mem_total_mib": 49140.0, "gpu_power_w": 95.2, "process_present": true, "process_mem_mib": 24466.0, "process_mem_share_percent": 49.788359788359784, "process_util_available": true, "process_util_backend": "nvml", "process_sm_util_percent": 13.0, "process_mem_util_percent": 2.0}
{"timestamp_unix": 1772436962.8097904, "pid": 81832, "device_index": 0, "gpu_uuid": "GPU-6f954bfd-7081-31b7-f15c-f9a174bf4d7f", "gpu_util_percent": 26.0, "gpu_mem_util_percent": 5.0, "gpu_mem_used_mib": 24958.0, "gpu_mem_total_mib": 49140.0, "gpu_power_w": 95.2, "process_present": true, "process_mem_mib": 24466.0, "process_mem_share_percent": 49.788359788359784, "process_util_available": true, "process_util_backend": "nvml", "process_sm_util_percent": null, "process_mem_util_percent": null}
{"timestamp_unix": 1772436963.1164918, "pid": 81832, "device_index": 0, "gpu_uuid": "GPU-6f954bfd-7081-31b7-f15c-f9a174bf4d7f", "gpu_util_percent": 25.0, "gpu_mem_util_percent": 5.0, "gpu_mem_used_mib": 24958.0, "gpu_mem_total_mib": 49140.0, "gpu_power_w": 96.94, "process_present": true, "process_mem_mib": 24466.0, "process_mem_share_percent": 49.788359788359784, "process_util_available": true, "process_util_backend": "nvml", "process_sm_util_percent": 26.0, "process_mem_util_percent": 4.0}
{"timestamp_unix": 1772436963.4173598, "pid": 81832, "device_index": 0, "gpu_uuid": "GPU-6f954bfd-7081-31b7-f15c-f9a174bf4d7f", "gpu_util_percent": 25.0, "gpu_mem_util_percent": 5.0, "gpu_mem_used_mib": 24958.0, "gpu_mem_total_mib": 49140.0, "gpu_power_w": 96.68, "process_present": true, "process_mem_mib": 24466.0, "process_mem_share_percent": 49.788359788359784, "process_util_available": true, "process_util_backend": "nvml", "process_sm_util_percent": 26.0, "process_mem_util_percent": 4.0}
{"timestamp_unix": 1772436963.72799, "pid": 81832, "device_index": 0, "gpu_uuid": "GPU-6f954bfd-7081-31b7-f15c-f9a174bf4d7f", "gpu_util_percent": 25.0, "gpu_mem_util_percent": 5.0, "gpu_mem_used_mib": 24958.0, "gpu_mem_total_mib": 49140.0, "gpu_power_w": 96.68, "process_present": true, "process_mem_mib": 24466.0, "process_mem_share_percent": 49.788359788359784, "process_util_available": true, "process_util_backend": "nvml", "process_sm_util_percent": 25.0, "process_mem_util_percent": 4.0}
{"timestamp_unix": 1772436964.017317, "pid": 81832, "device_index": 0, "gpu_uuid": "GPU-6f954bfd-7081-31b7-f15c-f9a174bf4d7f", "gpu_util_percent": 25.0, "gpu_mem_util_percent": 5.0, "gpu_mem_used_mib": 24958.0, "gpu_mem_total_mib": 49140.0, "gpu_power_w": 96.54, "process_present": true, "process_mem_mib": 24466.0, "process_mem_share_percent": 49.788359788359784, "process_util_available": true, "process_util_backend": "nvml", "process_sm_util_percent": 25.0, "process_mem_util_percent": 4.0}
{"timestamp_unix": 1772436964.3047464, "pid": 81832, "device_index": 0, "gpu_uuid": "GPU-6f954bfd-7081-31b7-f15c-f9a174bf4d7f", "gpu_util_percent": 25.0, "gpu_mem_util_percent": 5.0, "gpu_mem_used_mib": 24958.0, "gpu_mem_total_mib": 49140.0, "gpu_power_w": 96.54, "process_present": true, "process_mem_mib": 24466.0, "process_mem_share_percent": 49.788359788359784, "process_util_available": true, "process_util_backend": "nvml", "process_sm_util_percent": 25.0, "process_mem_util_percent": 4.0}
{"timestamp_unix": 1772436964.6004736, "pid": 81832, "device_index": 0, "gpu_uuid": "GPU-6f954bfd-7081-31b7-f15c-f9a174bf4d7f", "gpu_util_percent": 25.0, "gpu_mem_util_percent": 5.0, "gpu_mem_used_mib": 24958.0, "gpu_mem_total_mib": 49140.0, "gpu_power_w": 96.2, "process_present": true, "process_mem_mib": 24466.0, "process_mem_share_percent": 49.788359788359784, "process_util_available": true, "process_util_backend": "nvml", "process_sm_util_percent": 25.0, "process_mem_util_percent": 4.0}
{"timestamp_unix": 1772436964.8896601, "pid": 81832, "device_index": 0, "gpu_uuid": "GPU-6f954bfd-7081-31b7-f15c-f9a174bf4d7f", "gpu_util_percent": 25.0, "gpu_mem_util_percent": 4.0, "gpu_mem_used_mib": 24958.0, "gpu_mem_total_mib": 49140.0, "gpu_power_w": 95.58, "process_present": true, "process_mem_mib": 24466.0, "process_mem_share_percent": 49.788359788359784, "process_util_available": true, "process_util_backend": "nvml", "process_sm_util_percent": 25.0, "process_mem_util_percent": 4.0}
{"timestamp_unix": 1772436965.1814888, "pid": 81832, "device_index": 0, "gpu_uuid": "GPU-6f954bfd-7081-31b7-f15c-f9a174bf4d7f", "gpu_util_percent": 25.0, "gpu_mem_util_percent": 4.0, "gpu_mem_used_mib": 24956.0, "gpu_mem_total_mib": 49140.0, "gpu_power_w": 95.58, "process_present": true, "process_mem_mib": 24466.0, "process_mem_share_percent": 49.788359788359784, "process_util_available": true, "process_util_backend": "nvml", "process_sm_util_percent": 25.0, "process_mem_util_percent": 4.0}
{"timestamp_unix": 1772436965.472563, "pid": 81832, "device_index": 0, "gpu_uuid": "GPU-6f954bfd-7081-31b7-f15c-f9a174bf4d7f", "gpu_util_percent": 25.0, "gpu_mem_util_percent": 4.0, "gpu_mem_used_mib": 24956.0, "gpu_mem_total_mib": 49140.0, "gpu_power_w": 95.16, "process_present": true, "process_mem_mib": 24466.0, "process_mem_share_percent": 49.788359788359784, "process_util_available": true, "process_util_backend": "nvml", "process_sm_util_percent": 25.0, "process_mem_util_percent": 4.0}
{"timestamp_unix": 1772436965.7829566, "pid": 81832, "device_index": 0, "gpu_uuid": "GPU-6f954bfd-7081-31b7-f15c-f9a174bf4d7f", "gpu_util_percent": 25.0, "gpu_mem_util_percent": 4.0, "gpu_mem_used_mib": 24956.0, "gpu_mem_total_mib": 49140.0, "gpu_power_w": 95.16, "process_present": true, "process_mem_mib": 24466.0, "process_mem_share_percent": 49.788359788359784, "process_util_available": true, "process_util_backend": "nvml", "process_sm_util_percent": 25.0, "process_mem_util_percent": 4.0}
{"timestamp_unix": 1772436966.0861816, "pid": 81832, "device_index": 0, "gpu_uuid": "GPU-6f954bfd-7081-31b7-f15c-f9a174bf4d7f", "gpu_util_percent": 25.0, "gpu_mem_util_percent": 4.0, "gpu_mem_used_mib": 24957.0, "gpu_mem_total_mib": 49140.0, "gpu_power_w": 95.04, "process_present": true, "process_mem_mib": 24466.0, "process_mem_share_percent": 49.788359788359784, "process_util_available": true, "process_util_backend": "nvml", "process_sm_util_percent": 24.0, "process_mem_util_percent": 3.0}
{"timestamp_unix": 1772436966.3742769, "pid": 81832, "device_index": 0, "gpu_uuid": "GPU-6f954bfd-7081-31b7-f15c-f9a174bf4d7f", "gpu_util_percent": 25.0, "gpu_mem_util_percent": 4.0, "gpu_mem_used_mib": 24958.0, "gpu_mem_total_mib": 49140.0, "gpu_power_w": 94.72, "process_present": true, "process_mem_mib": 24466.0, "process_mem_share_percent": 49.788359788359784, "process_util_available": true, "process_util_backend": "nvml", "process_sm_util_percent": 22.0, "process_mem_util_percent": 3.0}
{"timestamp_unix": 1772436966.664205, "pid": 81832, "device_index": 0, "gpu_uuid": "GPU-6f954bfd-7081-31b7-f15c-f9a174bf4d7f", "gpu_util_percent": 25.0, "gpu_mem_util_percent": 4.0, "gpu_mem_used_mib": 24958.0, "gpu_mem_total_mib": 49140.0, "gpu_power_w": 94.72, "process_present": true, "process_mem_mib": 24466.0, "process_mem_share_percent": 49.788359788359784, "process_util_available": true, "process_util_backend": "nvml", "process_sm_util_percent": 22.0, "process_mem_util_percent": 3.0}
{"timestamp_unix": 1772436966.954415, "pid": 81832, "device_index": 0, "gpu_uuid": "GPU-6f954bfd-7081-31b7-f15c-f9a174bf4d7f", "gpu_util_percent": 14.0, "gpu_mem_util_percent": 3.0, "gpu_mem_used_mib": 24958.0, "gpu_mem_total_mib": 49140.0, "gpu_power_w": 94.21, "process_present": true, "process_mem_mib": 24466.0, "process_mem_share_percent": 49.788359788359784, "process_util_available": true, "process_util_backend": "nvml", "process_sm_util_percent": 17.0, "process_mem_util_percent": 3.0}
{"timestamp_unix": 1772436967.242128, "pid": 81832, "device_index": 0, "gpu_uuid": "GPU-6f954bfd-7081-31b7-f15c-f9a174bf4d7f", "gpu_util_percent": 14.0, "gpu_mem_util_percent": 3.0, "gpu_mem_used_mib": 24958.0, "gpu_mem_total_mib": 49140.0, "gpu_power_w": 94.21, "process_present": true, "process_mem_mib": 24466.0, "process_mem_share_percent": 49.788359788359784, "process_util_available": true, "process_util_backend": "nvml", "process_sm_util_percent": 21.0, "process_mem_util_percent": 4.0}
{"timestamp_unix": 1772436967.53409, "pid": 81832, "device_index": 0, "gpu_uuid": "GPU-6f954bfd-7081-31b7-f15c-f9a174bf4d7f", "gpu_util_percent": 14.0, "gpu_mem_util_percent": 3.0, "gpu_mem_used_mib": 24958.0, "gpu_mem_total_mib": 49140.0, "gpu_power_w": 94.42, "process_present": true, "process_mem_mib": 24466.0, "process_mem_share_percent": 49.788359788359784, "process_util_available": true, "process_util_backend": "nvml", "process_sm_util_percent": 20.0, "process_mem_util_percent": 4.0}
{"timestamp_unix": 1772436967.8218458, "pid": 81832, "device_index": 0, "gpu_uuid": "GPU-6f954bfd-7081-31b7-f15c-f9a174bf4d7f", "gpu_util_percent": 14.0, "gpu_mem_util_percent": 3.0, "gpu_mem_used_mib": 24958.0, "gpu_mem_total_mib": 49140.0, "gpu_power_w": 94.42, "process_present": true, "process_mem_mib": 24466.0, "process_mem_share_percent": 49.788359788359784, "process_util_available": true, "process_util_backend": "nvml", "process_sm_util_percent": 20.0, "process_mem_util_percent": 4.0}
{"timestamp_unix": 1772436968.1283314, "pid": 81832, "device_index": 0, "gpu_uuid": "GPU-6f954bfd-7081-31b7-f15c-f9a174bf4d7f", "gpu_util_percent": 22.0, "gpu_mem_util_percent": 5.0, "gpu_mem_used_mib": 24958.0, "gpu_mem_total_mib": 49140.0, "gpu_power_w": 94.63, "process_present": true, "process_mem_mib": 24466.0, "process_mem_share_percent": 49.788359788359784, "process_util_available": true, "process_util_backend": "nvml", "process_sm_util_percent": 22.0, "process_mem_util_percent": 4.0}
{"timestamp_unix": 1772436968.4332693, "pid": 81832, "device_index": 0, "gpu_uuid": "GPU-6f954bfd-7081-31b7-f15c-f9a174bf4d7f", "gpu_util_percent": 22.0, "gpu_mem_util_percent": 5.0, "gpu_mem_used_mib": 24958.0, "gpu_mem_total_mib": 49140.0, "gpu_power_w": 95.3, "process_present": true, "process_mem_mib": 24466.0, "process_mem_share_percent": 49.788359788359784, "process_util_available": true, "process_util_backend": "nvml", "process_sm_util_percent": 23.0, "process_mem_util_percent": 5.0}
{"timestamp_unix": 1772436968.7376938, "pid": 81832, "device_index": 0, "gpu_uuid": "GPU-6f954bfd-7081-31b7-f15c-f9a174bf4d7f", "gpu_util_percent": 22.0, "gpu_mem_util_percent": 5.0, "gpu_mem_used_mib": 24958.0, "gpu_mem_total_mib": 49140.0, "gpu_power_w": 95.3, "process_present": true, "process_mem_mib": 24466.0, "process_mem_share_percent": 49.788359788359784, "process_util_available": true, "process_util_backend": "nvml", "process_sm_util_percent": 24.0, "process_mem_util_percent": 5.0}
{"timestamp_unix": 1772436969.0251787, "pid": 81832, "device_index": 0, "gpu_uuid": "GPU-6f954bfd-7081-31b7-f15c-f9a174bf4d7f", "gpu_util_percent": 23.0, "gpu_mem_util_percent": 5.0, "gpu_mem_used_mib": 24958.0, "gpu_mem_total_mib": 49140.0, "gpu_power_w": 95.5, "process_present": true, "process_mem_mib": 24466.0, "process_mem_share_percent": 49.788359788359784, "process_util_available": true, "process_util_backend": "nvml", "process_sm_util_percent": 24.0, "process_mem_util_percent": 5.0}
{"timestamp_unix": 1772436969.3167145, "pid": 81832, "device_index": 0, "gpu_uuid": "GPU-6f954bfd-7081-31b7-f15c-f9a174bf4d7f", "gpu_util_percent": 23.0, "gpu_mem_util_percent": 5.0, "gpu_mem_used_mib": 24958.0, "gpu_mem_total_mib": 49140.0, "gpu_power_w": 95.5, "process_present": true, "process_mem_mib": 24466.0, "process_mem_share_percent": 49.788359788359784, "process_util_available": true, "process_util_backend": "nvml", "process_sm_util_percent": 25.0, "process_mem_util_percent": 5.0}
{"timestamp_unix": 1772436969.618927, "pid": 81832, "device_index": 0, "gpu_uuid": "GPU-6f954bfd-7081-31b7-f15c-f9a174bf4d7f", "gpu_util_percent": 23.0, "gpu_mem_util_percent": 5.0, "gpu_mem_used_mib": 24958.0, "gpu_mem_total_mib": 49140.0, "gpu_power_w": 95.75, "process_present": true, "process_mem_mib": 24466.0, "process_mem_share_percent": 49.788359788359784, "process_util_available": true, "process_util_backend": "nvml", "process_sm_util_percent": 25.0, "process_mem_util_percent": 5.0}
{"timestamp_unix": 1772436969.9078329, "pid": 81832, "device_index": 0, "gpu_uuid": "GPU-6f954bfd-7081-31b7-f15c-f9a174bf4d7f", "gpu_util_percent": 25.0, "gpu_mem_util_percent": 6.0, "gpu_mem_used_mib": 24962.0, "gpu_mem_total_mib": 49140.0, "gpu_power_w": 96.06, "process_present": true, "process_mem_mib": 24466.0, "process_mem_share_percent": 49.788359788359784, "process_util_available": true, "process_util_backend": "nvml", "process_sm_util_percent": 25.0, "process_mem_util_percent": 5.0}
{"timestamp_unix": 1772436970.1981368, "pid": 81832, "device_index": 0, "gpu_uuid": "GPU-6f954bfd-7081-31b7-f15c-f9a174bf4d7f", "gpu_util_percent": 25.0, "gpu_mem_util_percent": 6.0, "gpu_mem_used_mib": 24960.0, "gpu_mem_total_mib": 49140.0, "gpu_power_w": 96.06, "process_present": true, "process_mem_mib": 24466.0, "process_mem_share_percent": 49.788359788359784, "process_util_available": true, "process_util_backend": "nvml", "process_sm_util_percent": 25.0, "process_mem_util_percent": 5.0}
{"timestamp_unix": 1772436970.4883895, "pid": 81832, "device_index": 0, "gpu_uuid": "GPU-6f954bfd-7081-31b7-f15c-f9a174bf4d7f", "gpu_util_percent": 25.0, "gpu_mem_util_percent": 6.0, "gpu_mem_used_mib": 25078.0, "gpu_mem_total_mib": 49140.0, "gpu_power_w": 96.33, "process_present": true, "process_mem_mib": 24584.0, "process_mem_share_percent": 50.028490028490026, "process_util_available": true, "process_util_backend": "nvml", "process_sm_util_percent": 13.0, "process_mem_util_percent": 2.0}
{"timestamp_unix": 1772436970.793469, "pid": 81832, "device_index": 0, "gpu_uuid": "GPU-6f954bfd-7081-31b7-f15c-f9a174bf4d7f", "gpu_util_percent": 25.0, "gpu_mem_util_percent": 6.0, "gpu_mem_used_mib": 25150.0, "gpu_mem_total_mib": 49140.0, "gpu_power_w": 96.33, "process_present": true, "process_mem_mib": 24656.0, "process_mem_share_percent": 50.17501017501017, "process_util_available": true, "process_util_backend": "nvml", "process_sm_util_percent": null, "process_mem_util_percent": null}
{"timestamp_unix": 1772436971.0999155, "pid": 81832, "device_index": 0, "gpu_uuid": "GPU-6f954bfd-7081-31b7-f15c-f9a174bf4d7f", "gpu_util_percent": 25.0, "gpu_mem_util_percent": 5.0, "gpu_mem_used_mib": 25151.0, "gpu_mem_total_mib": 49140.0, "gpu_power_w": 92.73, "process_present": true, "process_mem_mib": 24656.0, "process_mem_share_percent": 50.17501017501017, "process_util_available": true, "process_util_backend": "nvml", "process_sm_util_percent": 27.0, "process_mem_util_percent": 5.0}
{"timestamp_unix": 1772436971.3876822, "pid": 81832, "device_index": 0, "gpu_uuid": "GPU-6f954bfd-7081-31b7-f15c-f9a174bf4d7f", "gpu_util_percent": 25.0, "gpu_mem_util_percent": 5.0, "gpu_mem_used_mib": 25151.0, "gpu_mem_total_mib": 49140.0, "gpu_power_w": 93.5, "process_present": true, "process_mem_mib": 24656.0, "process_mem_share_percent": 50.17501017501017, "process_util_available": true, "process_util_backend": "nvml", "process_sm_util_percent": 27.0, "process_mem_util_percent": 5.0}
{"timestamp_unix": 1772436971.6771765, "pid": 81832, "device_index": 0, "gpu_uuid": "GPU-6f954bfd-7081-31b7-f15c-f9a174bf4d7f", "gpu_util_percent": 25.0, "gpu_mem_util_percent": 5.0, "gpu_mem_used_mib": 25151.0, "gpu_mem_total_mib": 49140.0, "gpu_power_w": 93.5, "process_present": true, "process_mem_mib": 24656.0, "process_mem_share_percent": 50.17501017501017, "process_util_available": true, "process_util_backend": "nvml", "process_sm_util_percent": 27.0, "process_mem_util_percent": 5.0}
{"timestamp_unix": 1772436971.9670916, "pid": 81832, "device_index": 0, "gpu_uuid": "GPU-6f954bfd-7081-31b7-f15c-f9a174bf4d7f", "gpu_util_percent": 28.0, "gpu_mem_util_percent": 6.0, "gpu_mem_used_mib": 25151.0, "gpu_mem_total_mib": 49140.0, "gpu_power_w": 97.48, "process_present": true, "process_mem_mib": 24656.0, "process_mem_share_percent": 50.17501017501017, "process_util_available": true, "process_util_backend": "nvml", "process_sm_util_percent": 28.0, "process_mem_util_percent": 5.0}
{"timestamp_unix": 1772436972.2554057, "pid": 81832, "device_index": 0, "gpu_uuid": "GPU-6f954bfd-7081-31b7-f15c-f9a174bf4d7f", "gpu_util_percent": 28.0, "gpu_mem_util_percent": 6.0, "gpu_mem_used_mib": 25150.0, "gpu_mem_total_mib": 49140.0, "gpu_power_w": 97.48, "process_present": true, "process_mem_mib": 24656.0, "process_mem_share_percent": 50.17501017501017, "process_util_available": true, "process_util_backend": "nvml", "process_sm_util_percent": 27.0, "process_mem_util_percent": 5.0}
{"timestamp_unix": 1772436972.548889, "pid": 81832, "device_index": 0, "gpu_uuid": "GPU-6f954bfd-7081-31b7-f15c-f9a174bf4d7f", "gpu_util_percent": 28.0, "gpu_mem_util_percent": 6.0, "gpu_mem_used_mib": 25150.0, "gpu_mem_total_mib": 49140.0, "gpu_power_w": 97.74, "process_present": true, "process_mem_mib": 24656.0, "process_mem_share_percent": 50.17501017501017, "process_util_available": true, "process_util_backend": "nvml", "process_sm_util_percent": 27.0, "process_mem_util_percent": 5.0}
{"timestamp_unix": 1772436972.8385587, "pid": 81832, "device_index": 0, "gpu_uuid": "GPU-6f954bfd-7081-31b7-f15c-f9a174bf4d7f", "gpu_util_percent": 28.0, "gpu_mem_util_percent": 6.0, "gpu_mem_used_mib": 25150.0, "gpu_mem_total_mib": 49140.0, "gpu_power_w": 97.74, "process_present": true, "process_mem_mib": 24656.0, "process_mem_share_percent": 50.17501017501017, "process_util_available": true, "process_util_backend": "nvml", "process_sm_util_percent": 27.0, "process_mem_util_percent": 5.0}
{"timestamp_unix": 1772436973.1435711, "pid": 81832, "device_index": 0, "gpu_uuid": "GPU-6f954bfd-7081-31b7-f15c-f9a174bf4d7f", "gpu_util_percent": 28.0, "gpu_mem_util_percent": 6.0, "gpu_mem_used_mib": 25150.0, "gpu_mem_total_mib": 49140.0, "gpu_power_w": 97.68, "process_present": true, "process_mem_mib": 24656.0, "process_mem_share_percent": 50.17501017501017, "process_util_available": true, "process_util_backend": "nvml", "process_sm_util_percent": 27.0, "process_mem_util_percent": 5.0}
{"timestamp_unix": 1772436973.4504857, "pid": 81832, "device_index": 0, "gpu_uuid": "GPU-6f954bfd-7081-31b7-f15c-f9a174bf4d7f", "gpu_util_percent": 28.0, "gpu_mem_util_percent": 6.0, "gpu_mem_used_mib": 25150.0, "gpu_mem_total_mib": 49140.0, "gpu_power_w": 97.51, "process_present": true, "process_mem_mib": 24656.0, "process_mem_share_percent": 50.17501017501017, "process_util_available": true, "process_util_backend": "nvml", "process_sm_util_percent": 27.0, "process_mem_util_percent": 5.0}
{"timestamp_unix": 1772436973.7671404, "pid": 81832, "device_index": 0, "gpu_uuid": "GPU-6f954bfd-7081-31b7-f15c-f9a174bf4d7f", "gpu_util_percent": 28.0, "gpu_mem_util_percent": 6.0, "gpu_mem_used_mib": 25150.0, "gpu_mem_total_mib": 49140.0, "gpu_power_w": 97.51, "process_present": true, "process_mem_mib": 24656.0, "process_mem_share_percent": 50.17501017501017, "process_util_available": true, "process_util_backend": "nvml", "process_sm_util_percent": 27.0, "process_mem_util_percent": 5.0}
{"timestamp_unix": 1772436974.0558605, "pid": 81832, "device_index": 0, "gpu_uuid": "GPU-6f954bfd-7081-31b7-f15c-f9a174bf4d7f", "gpu_util_percent": 28.0, "gpu_mem_util_percent": 5.0, "gpu_mem_used_mib": 25150.0, "gpu_mem_total_mib": 49140.0, "gpu_power_w": 97.3, "process_present": true, "process_mem_mib": 24656.0, "process_mem_share_percent": 50.17501017501017, "process_util_available": true, "process_util_backend": "nvml", "process_sm_util_percent": 27.0, "process_mem_util_percent": 5.0}
{"timestamp_unix": 1772436974.3421392, "pid": 81832, "device_index": 0, "gpu_uuid": "GPU-6f954bfd-7081-31b7-f15c-f9a174bf4d7f", "gpu_util_percent": 28.0, "gpu_mem_util_percent": 5.0, "gpu_mem_used_mib": 25145.0, "gpu_mem_total_mib": 49140.0, "gpu_power_w": 97.3, "process_present": true, "process_mem_mib": 24656.0, "process_mem_share_percent": 50.17501017501017, "process_util_available": true, "process_util_backend": "nvml", "process_sm_util_percent": 27.0, "process_mem_util_percent": 5.0}
{"timestamp_unix": 1772436974.6391127, "pid": 81832, "device_index": 0, "gpu_uuid": "GPU-6f954bfd-7081-31b7-f15c-f9a174bf4d7f", "gpu_util_percent": 28.0, "gpu_mem_util_percent": 5.0, "gpu_mem_used_mib": 25145.0, "gpu_mem_total_mib": 49140.0, "gpu_power_w": 97.1, "process_present": true, "process_mem_mib": 24656.0, "process_mem_share_percent": 50.17501017501017, "process_util_available": true, "process_util_backend": "nvml", "process_sm_util_percent": 28.0, "process_mem_util_percent": 5.0}
{"timestamp_unix": 1772436974.9274595, "pid": 81832, "device_index": 0, "gpu_uuid": "GPU-6f954bfd-7081-31b7-f15c-f9a174bf4d7f", "gpu_util_percent": 28.0, "gpu_mem_util_percent": 5.0, "gpu_mem_used_mib": 25141.0, "gpu_mem_total_mib": 49140.0, "gpu_power_w": 96.91, "process_present": true, "process_mem_mib": 24656.0, "process_mem_share_percent": 50.17501017501017, "process_util_available": true, "process_util_backend": "nvml", "process_sm_util_percent": 27.0, "process_mem_util_percent": 5.0}
{"timestamp_unix": 1772436975.2167242, "pid": 81832, "device_index": 0, "gpu_uuid": "GPU-6f954bfd-7081-31b7-f15c-f9a174bf4d7f", "gpu_util_percent": 28.0, "gpu_mem_util_percent": 5.0, "gpu_mem_used_mib": 25141.0, "gpu_mem_total_mib": 49140.0, "gpu_power_w": 96.91, "process_present": true, "process_mem_mib": 24656.0, "process_mem_share_percent": 50.17501017501017, "process_util_available": true, "process_util_backend": "nvml", "process_sm_util_percent": 27.0, "process_mem_util_percent": 5.0}
{"timestamp_unix": 1772436975.5027778, "pid": 81832, "device_index": 0, "gpu_uuid": "GPU-6f954bfd-7081-31b7-f15c-f9a174bf4d7f", "gpu_util_percent": 28.0, "gpu_mem_util_percent": 5.0, "gpu_mem_used_mib": 25141.0, "gpu_mem_total_mib": 49140.0, "gpu_power_w": 96.84, "process_present": true, "process_mem_mib": 24656.0, "process_mem_share_percent": 50.17501017501017, "process_util_available": true, "process_util_backend": "nvml", "process_sm_util_percent": 27.0, "process_mem_util_percent": 4.0}
{"timestamp_unix": 1772436975.800771, "pid": 81832, "device_index": 0, "gpu_uuid": "GPU-6f954bfd-7081-31b7-f15c-f9a174bf4d7f", "gpu_util_percent": 28.0, "gpu_mem_util_percent": 5.0, "gpu_mem_used_mib": 25141.0, "gpu_mem_total_mib": 49140.0, "gpu_power_w": 96.84, "process_present": true, "process_mem_mib": 24656.0, "process_mem_share_percent": 50.17501017501017, "process_util_available": true, "process_util_backend": "nvml", "process_sm_util_percent": 27.0, "process_mem_util_percent": 4.0}
{"timestamp_unix": 1772436976.0998554, "pid": 81832, "device_index": 0, "gpu_uuid": "GPU-6f954bfd-7081-31b7-f15c-f9a174bf4d7f", "gpu_util_percent": 28.0, "gpu_mem_util_percent": 5.0, "gpu_mem_used_mib": 25139.0, "gpu_mem_total_mib": 49140.0, "gpu_power_w": 96.82, "process_present": true, "process_mem_mib": 24656.0, "process_mem_share_percent": 50.17501017501017, "process_util_available": true, "process_util_backend": "nvml", "process_sm_util_percent": 27.0, "process_mem_util_percent": 4.0}
{"timestamp_unix": 1772436976.3890033, "pid": 81832, "device_index": 0, "gpu_uuid": "GPU-6f954bfd-7081-31b7-f15c-f9a174bf4d7f", "gpu_util_percent": 28.0, "gpu_mem_util_percent": 5.0, "gpu_mem_used_mib": 25139.0, "gpu_mem_total_mib": 49140.0, "gpu_power_w": 95.42, "process_present": true, "process_mem_mib": 24656.0, "process_mem_share_percent": 50.17501017501017, "process_util_available": true, "process_util_backend": "nvml", "process_sm_util_percent": 20.0, "process_mem_util_percent": 3.0}
{"timestamp_unix": 1772436976.680897, "pid": 81832, "device_index": 0, "gpu_uuid": "GPU-6f954bfd-7081-31b7-f15c-f9a174bf4d7f", "gpu_util_percent": 28.0, "gpu_mem_util_percent": 5.0, "gpu_mem_used_mib": 25139.0, "gpu_mem_total_mib": 49140.0, "gpu_power_w": 95.42, "process_present": true, "process_mem_mib": 24656.0, "process_mem_share_percent": 50.17501017501017, "process_util_available": true, "process_util_backend": "nvml", "process_sm_util_percent": 26.0, "process_mem_util_percent": 4.0}
{"timestamp_unix": 1772436976.9721885, "pid": 81832, "device_index": 0, "gpu_uuid": "GPU-6f954bfd-7081-31b7-f15c-f9a174bf4d7f", "gpu_util_percent": 27.0, "gpu_mem_util_percent": 5.0, "gpu_mem_used_mib": 25139.0, "gpu_mem_total_mib": 49140.0, "gpu_power_w": 94.9, "process_present": true, "process_mem_mib": 24656.0, "process_mem_share_percent": 50.17501017501017, "process_util_available": true, "process_util_backend": "nvml", "process_sm_util_percent": 26.0, "process_mem_util_percent": 5.0}
{"timestamp_unix": 1772436977.2645874, "pid": 81832, "device_index": 0, "gpu_uuid": "GPU-6f954bfd-7081-31b7-f15c-f9a174bf4d7f", "gpu_util_percent": 27.0, "gpu_mem_util_percent": 5.0, "gpu_mem_used_mib": 25139.0, "gpu_mem_total_mib": 49140.0, "gpu_power_w": 94.9, "process_present": true, "process_mem_mib": 24656.0, "process_mem_share_percent": 50.17501017501017, "process_util_available": true, "process_util_backend": "nvml", "process_sm_util_percent": 26.0, "process_mem_util_percent": 5.0}
{"timestamp_unix": 1772436977.5546227, "pid": 81832, "device_index": 0, "gpu_uuid": "GPU-6f954bfd-7081-31b7-f15c-f9a174bf4d7f", "gpu_util_percent": 27.0, "gpu_mem_util_percent": 5.0, "gpu_mem_used_mib": 25139.0, "gpu_mem_total_mib": 49140.0, "gpu_power_w": 95.35, "process_present": true, "process_mem_mib": 24656.0, "process_mem_share_percent": 50.17501017501017, "process_util_available": true, "process_util_backend": "nvml", "process_sm_util_percent": 26.0, "process_mem_util_percent": 5.0}
{"timestamp_unix": 1772436977.8423858, "pid": 81832, "device_index": 0, "gpu_uuid": "GPU-6f954bfd-7081-31b7-f15c-f9a174bf4d7f", "gpu_util_percent": 27.0, "gpu_mem_util_percent": 5.0, "gpu_mem_used_mib": 25139.0, "gpu_mem_total_mib": 49140.0, "gpu_power_w": 95.35, "process_present": true, "process_mem_mib": 24656.0, "process_mem_share_percent": 50.17501017501017, "process_util_available": true, "process_util_backend": "nvml", "process_sm_util_percent": null, "process_mem_util_percent": null}
{"timestamp_unix": 1772436978.1475172, "pid": 81832, "device_index": 0, "gpu_uuid": "GPU-6f954bfd-7081-31b7-f15c-f9a174bf4d7f", "gpu_util_percent": 27.0, "gpu_mem_util_percent": 6.0, "gpu_mem_used_mib": 25139.0, "gpu_mem_total_mib": 49140.0, "gpu_power_w": 96.07, "process_present": true, "process_mem_mib": 24656.0, "process_mem_share_percent": 50.17501017501017, "process_util_available": true, "process_util_backend": "nvml", "process_sm_util_percent": null, "process_mem_util_percent": null}
{"timestamp_unix": 1772436978.4603288, "pid": 81832, "device_index": 0, "gpu_uuid": "GPU-6f954bfd-7081-31b7-f15c-f9a174bf4d7f", "gpu_util_percent": 27.0, "gpu_mem_util_percent": 6.0, "gpu_mem_used_mib": 25139.0, "gpu_mem_total_mib": 49140.0, "gpu_power_w": 96.37, "process_present": true, "process_mem_mib": 24656.0, "process_mem_share_percent": 50.17501017501017, "process_util_available": true, "process_util_backend": "nvml", "process_sm_util_percent": 27.0, "process_mem_util_percent": 5.0}
{"timestamp_unix": 1772436978.7671795, "pid": 81832, "device_index": 0, "gpu_uuid": "GPU-6f954bfd-7081-31b7-f15c-f9a174bf4d7f", "gpu_util_percent": 27.0, "gpu_mem_util_percent": 6.0, "gpu_mem_used_mib": 25139.0, "gpu_mem_total_mib": 49140.0, "gpu_power_w": 96.37, "process_present": true, "process_mem_mib": 24656.0, "process_mem_share_percent": 50.17501017501017, "process_util_available": true, "process_util_backend": "nvml", "process_sm_util_percent": 27.0, "process_mem_util_percent": 5.0}
{"timestamp_unix": 1772436979.0670938, "pid": 81832, "device_index": 0, "gpu_uuid": "GPU-6f954bfd-7081-31b7-f15c-f9a174bf4d7f", "gpu_util_percent": 27.0, "gpu_mem_util_percent": 6.0, "gpu_mem_used_mib": 25139.0, "gpu_mem_total_mib": 49140.0, "gpu_power_w": 96.86, "process_present": true, "process_mem_mib": 24656.0, "process_mem_share_percent": 50.17501017501017, "process_util_available": true, "process_util_backend": "nvml", "process_sm_util_percent": 27.0, "process_mem_util_percent": 5.0}
{"timestamp_unix": 1772436979.3550847, "pid": 81832, "device_index": 0, "gpu_uuid": "GPU-6f954bfd-7081-31b7-f15c-f9a174bf4d7f", "gpu_util_percent": 27.0, "gpu_mem_util_percent": 6.0, "gpu_mem_used_mib": 25139.0, "gpu_mem_total_mib": 49140.0, "gpu_power_w": 97.06, "process_present": true, "process_mem_mib": 24656.0, "process_mem_share_percent": 50.17501017501017, "process_util_available": true, "process_util_backend": "nvml", "process_sm_util_percent": 26.0, "process_mem_util_percent": 5.0}
{"timestamp_unix": 1772436979.6513827, "pid": 81832, "device_index": 0, "gpu_uuid": "GPU-6f954bfd-7081-31b7-f15c-f9a174bf4d7f", "gpu_util_percent": 27.0, "gpu_mem_util_percent": 6.0, "gpu_mem_used_mib": 25139.0, "gpu_mem_total_mib": 49140.0, "gpu_power_w": 97.06, "process_present": true, "process_mem_mib": 24656.0, "process_mem_share_percent": 50.17501017501017, "process_util_available": true, "process_util_backend": "nvml", "process_sm_util_percent": 27.0, "process_mem_util_percent": 5.0}
{"timestamp_unix": 1772436979.9411697, "pid": 81832, "device_index": 0, "gpu_uuid": "GPU-6f954bfd-7081-31b7-f15c-f9a174bf4d7f", "gpu_util_percent": 28.0, "gpu_mem_util_percent": 6.0, "gpu_mem_used_mib": 25277.0, "gpu_mem_total_mib": 49140.0, "gpu_power_w": 97.26, "process_present": true, "process_mem_mib": 24794.0, "process_mem_share_percent": 50.45584045584045, "process_util_available": true, "process_util_backend": "nvml", "process_sm_util_percent": 28.0, "process_mem_util_percent": 6.0}
{"timestamp_unix": 1772436980.2335796, "pid": 81832, "device_index": 0, "gpu_uuid": "GPU-6f954bfd-7081-31b7-f15c-f9a174bf4d7f", "gpu_util_percent": 28.0, "gpu_mem_util_percent": 6.0, "gpu_mem_used_mib": 25337.0, "gpu_mem_total_mib": 49140.0, "gpu_power_w": 97.26, "process_present": true, "process_mem_mib": 24894.0, "process_mem_share_percent": 50.65934065934066, "process_util_available": true, "process_util_backend": "nvml", "process_sm_util_percent": null, "process_mem_util_percent": null}
{"timestamp_unix": 1772436980.5218787, "pid": 81832, "device_index": 0, "gpu_uuid": "GPU-6f954bfd-7081-31b7-f15c-f9a174bf4d7f", "gpu_util_percent": 28.0, "gpu_mem_util_percent": 6.0, "gpu_mem_used_mib": 25373.0, "gpu_mem_total_mib": 49140.0, "gpu_power_w": 93.93, "process_present": true, "process_mem_mib": 24894.0, "process_mem_share_percent": 50.65934065934066, "process_util_available": true, "process_util_backend": "nvml", "process_sm_util_percent": 24.0, "process_mem_util_percent": 4.0}
{"timestamp_unix": 1772436980.8109348, "pid": 81832, "device_index": 0, "gpu_uuid": "GPU-6f954bfd-7081-31b7-f15c-f9a174bf4d7f", "gpu_util_percent": 28.0, "gpu_mem_util_percent": 6.0, "gpu_mem_used_mib": 25373.0, "gpu_mem_total_mib": 49140.0, "gpu_power_w": 93.93, "process_present": true, "process_mem_mib": 24894.0, "process_mem_share_percent": 50.65934065934066, "process_util_available": true, "process_util_backend": "nvml", "process_sm_util_percent": 28.0, "process_mem_util_percent": 6.0}
{"timestamp_unix": 1772436981.1209779, "pid": 81832, "device_index": 0, "gpu_uuid": "GPU-6f954bfd-7081-31b7-f15c-f9a174bf4d7f", "gpu_util_percent": 29.0, "gpu_mem_util_percent": 6.0, "gpu_mem_used_mib": 25373.0, "gpu_mem_total_mib": 49140.0, "gpu_power_w": 95.03, "process_present": true, "process_mem_mib": 24894.0, "process_mem_share_percent": 50.65934065934066, "process_util_available": true, "process_util_backend": "nvml", "process_sm_util_percent": 28.0, "process_mem_util_percent": 6.0}
{"timestamp_unix": 1772436981.4271002, "pid": 81832, "device_index": 0, "gpu_uuid": "GPU-6f954bfd-7081-31b7-f15c-f9a174bf4d7f", "gpu_util_percent": 29.0, "gpu_mem_util_percent": 6.0, "gpu_mem_used_mib": 25374.0, "gpu_mem_total_mib": 49140.0, "gpu_power_w": 99.42, "process_present": true, "process_mem_mib": 24894.0, "process_mem_share_percent": 50.65934065934066, "process_util_available": true, "process_util_backend": "nvml", "process_sm_util_percent": 31.0, "process_mem_util_percent": 6.0}
{"timestamp_unix": 1772436981.7191718, "pid": 81832, "device_index": 0, "gpu_uuid": "GPU-6f954bfd-7081-31b7-f15c-f9a174bf4d7f", "gpu_util_percent": 29.0, "gpu_mem_util_percent": 6.0, "gpu_mem_used_mib": 25374.0, "gpu_mem_total_mib": 49140.0, "gpu_power_w": 99.42, "process_present": true, "process_mem_mib": 24894.0, "process_mem_share_percent": 50.65934065934066, "process_util_available": true, "process_util_backend": "nvml", "process_sm_util_percent": 28.0, "process_mem_util_percent": 6.0}
{"timestamp_unix": 1772436982.0091264, "pid": 81832, "device_index": 0, "gpu_uuid": "GPU-6f954bfd-7081-31b7-f15c-f9a174bf4d7f", "gpu_util_percent": 29.0, "gpu_mem_util_percent": 6.0, "gpu_mem_used_mib": 25374.0, "gpu_mem_total_mib": 49140.0, "gpu_power_w": 99.54, "process_present": true, "process_mem_mib": 24894.0, "process_mem_share_percent": 50.65934065934066, "process_util_available": true, "process_util_backend": "nvml", "process_sm_util_percent": 28.0, "process_mem_util_percent": 6.0}
{"timestamp_unix": 1772436982.3027017, "pid": 81832, "device_index": 0, "gpu_uuid": "GPU-6f954bfd-7081-31b7-f15c-f9a174bf4d7f", "gpu_util_percent": 29.0, "gpu_mem_util_percent": 6.0, "gpu_mem_used_mib": 25374.0, "gpu_mem_total_mib": 49140.0, "gpu_power_w": 99.54, "process_present": true, "process_mem_mib": 24894.0, "process_mem_share_percent": 50.65934065934066, "process_util_available": true, "process_util_backend": "nvml", "process_sm_util_percent": 28.0, "process_mem_util_percent": 6.0}
{"timestamp_unix": 1772436982.591675, "pid": 81832, "device_index": 0, "gpu_uuid": "GPU-6f954bfd-7081-31b7-f15c-f9a174bf4d7f", "gpu_util_percent": 29.0, "gpu_mem_util_percent": 6.0, "gpu_mem_used_mib": 25374.0, "gpu_mem_total_mib": 49140.0, "gpu_power_w": 99.26, "process_present": true, "process_mem_mib": 24894.0, "process_mem_share_percent": 50.65934065934066, "process_util_available": true, "process_util_backend": "nvml", "process_sm_util_percent": 28.0, "process_mem_util_percent": 6.0}
{"timestamp_unix": 1772436982.883733, "pid": 81832, "device_index": 0, "gpu_uuid": "GPU-6f954bfd-7081-31b7-f15c-f9a174bf4d7f", "gpu_util_percent": 28.0, "gpu_mem_util_percent": 6.0, "gpu_mem_used_mib": 25374.0, "gpu_mem_total_mib": 49140.0, "gpu_power_w": 99.06, "process_present": true, "process_mem_mib": 24894.0, "process_mem_share_percent": 50.65934065934066, "process_util_available": true, "process_util_backend": "nvml", "process_sm_util_percent": 28.0, "process_mem_util_percent": 6.0}
{"timestamp_unix": 1772436983.1754634, "pid": 81832, "device_index": 0, "gpu_uuid": "GPU-6f954bfd-7081-31b7-f15c-f9a174bf4d7f", "gpu_util_percent": 28.0, "gpu_mem_util_percent": 6.0, "gpu_mem_used_mib": 25376.0, "gpu_mem_total_mib": 49140.0, "gpu_power_w": 99.06, "process_present": true, "process_mem_mib": 24894.0, "process_mem_share_percent": 50.65934065934066, "process_util_available": true, "process_util_backend": "nvml", "process_sm_util_percent": 30.0, "process_mem_util_percent": 6.0}
{"timestamp_unix": 1772436983.4776607, "pid": 81832, "device_index": 0, "gpu_uuid": "GPU-6f954bfd-7081-31b7-f15c-f9a174bf4d7f", "gpu_util_percent": 28.0, "gpu_mem_util_percent": 6.0, "gpu_mem_used_mib": 25376.0, "gpu_mem_total_mib": 49140.0, "gpu_power_w": 98.96, "process_present": true, "process_mem_mib": 24894.0, "process_mem_share_percent": 50.65934065934066, "process_util_available": true, "process_util_backend": "nvml", "process_sm_util_percent": 28.0, "process_mem_util_percent": 5.0}
{"timestamp_unix": 1772436983.7826014, "pid": 81832, "device_index": 0, "gpu_uuid": "GPU-6f954bfd-7081-31b7-f15c-f9a174bf4d7f", "gpu_util_percent": 28.0, "gpu_mem_util_percent": 6.0, "gpu_mem_used_mib": 25376.0, "gpu_mem_total_mib": 49140.0, "gpu_power_w": 98.96, "process_present": true, "process_mem_mib": 24894.0, "process_mem_share_percent": 50.65934065934066, "process_util_available": true, "process_util_backend": "nvml", "process_sm_util_percent": 28.0, "process_mem_util_percent": 5.0}
{"timestamp_unix": 1772436984.085176, "pid": 81832, "device_index": 0, "gpu_uuid": "GPU-6f954bfd-7081-31b7-f15c-f9a174bf4d7f", "gpu_util_percent": 29.0, "gpu_mem_util_percent": 6.0, "gpu_mem_used_mib": 25376.0, "gpu_mem_total_mib": 49140.0, "gpu_power_w": 98.82, "process_present": true, "process_mem_mib": 24894.0, "process_mem_share_percent": 50.65934065934066, "process_util_available": true, "process_util_backend": "nvml", "process_sm_util_percent": 27.0, "process_mem_util_percent": 5.0}
{"timestamp_unix": 1772436984.3750613, "pid": 81832, "device_index": 0, "gpu_uuid": "GPU-6f954bfd-7081-31b7-f15c-f9a174bf4d7f", "gpu_util_percent": 29.0, "gpu_mem_util_percent": 6.0, "gpu_mem_used_mib": 25376.0, "gpu_mem_total_mib": 49140.0, "gpu_power_w": 98.5, "process_present": true, "process_mem_mib": 24894.0, "process_mem_share_percent": 50.65934065934066, "process_util_available": true, "process_util_backend": "nvml", "process_sm_util_percent": 27.0, "process_mem_util_percent": 5.0}
{"timestamp_unix": 1772436984.6715453, "pid": 81832, "device_index": 0, "gpu_uuid": "GPU-6f954bfd-7081-31b7-f15c-f9a174bf4d7f", "gpu_util_percent": 29.0, "gpu_mem_util_percent": 6.0, "gpu_mem_used_mib": 25376.0, "gpu_mem_total_mib": 49140.0, "gpu_power_w": 98.5, "process_present": true, "process_mem_mib": 24894.0, "process_mem_share_percent": 50.65934065934066, "process_util_available": true, "process_util_backend": "nvml", "process_sm_util_percent": 27.0, "process_mem_util_percent": 5.0}
{"timestamp_unix": 1772436984.9622922, "pid": 81832, "device_index": 0, "gpu_uuid": "GPU-6f954bfd-7081-31b7-f15c-f9a174bf4d7f", "gpu_util_percent": 30.0, "gpu_mem_util_percent": 6.0, "gpu_mem_used_mib": 25380.0, "gpu_mem_total_mib": 49140.0, "gpu_power_w": 98.04, "process_present": true, "process_mem_mib": 24894.0, "process_mem_share_percent": 50.65934065934066, "process_util_available": true, "process_util_backend": "nvml", "process_sm_util_percent": 28.0, "process_mem_util_percent": 5.0}
{"timestamp_unix": 1772436985.253265, "pid": 81832, "device_index": 0, "gpu_uuid": "GPU-6f954bfd-7081-31b7-f15c-f9a174bf4d7f", "gpu_util_percent": 30.0, "gpu_mem_util_percent": 6.0, "gpu_mem_used_mib": 25380.0, "gpu_mem_total_mib": 49140.0, "gpu_power_w": 98.04, "process_present": true, "process_mem_mib": 24894.0, "process_mem_share_percent": 50.65934065934066, "process_util_available": true, "process_util_backend": "nvml", "process_sm_util_percent": 27.0, "process_mem_util_percent": 5.0}
{"timestamp_unix": 1772436985.5424898, "pid": 81832, "device_index": 0, "gpu_uuid": "GPU-6f954bfd-7081-31b7-f15c-f9a174bf4d7f", "gpu_util_percent": 30.0, "gpu_mem_util_percent": 6.0, "gpu_mem_used_mib": 25380.0, "gpu_mem_total_mib": 49140.0, "gpu_power_w": 97.76, "process_present": true, "process_mem_mib": 24894.0, "process_mem_share_percent": 50.65934065934066, "process_util_available": true, "process_util_backend": "nvml", "process_sm_util_percent": 27.0, "process_mem_util_percent": 5.0}
{"timestamp_unix": 1772436985.8361247, "pid": 81832, "device_index": 0, "gpu_uuid": "GPU-6f954bfd-7081-31b7-f15c-f9a174bf4d7f", "gpu_util_percent": 30.0, "gpu_mem_util_percent": 6.0, "gpu_mem_used_mib": 25380.0, "gpu_mem_total_mib": 49140.0, "gpu_power_w": 97.76, "process_present": true, "process_mem_mib": 24894.0, "process_mem_share_percent": 50.65934065934066, "process_util_available": true, "process_util_backend": "nvml", "process_sm_util_percent": 23.0, "process_mem_util_percent": 4.0}
{"timestamp_unix": 1772436986.1449227, "pid": 81832, "device_index": 0, "gpu_uuid": "GPU-6f954bfd-7081-31b7-f15c-f9a174bf4d7f", "gpu_util_percent": 27.0, "gpu_mem_util_percent": 6.0, "gpu_mem_used_mib": 25387.0, "gpu_mem_total_mib": 49140.0, "gpu_power_w": 96.56, "process_present": true, "process_mem_mib": 24894.0, "process_mem_share_percent": 50.65934065934066, "process_util_available": true, "process_util_backend": "nvml", "process_sm_util_percent": 27.0, "process_mem_util_percent": 5.0}
{"timestamp_unix": 1772436986.4479208, "pid": 81832, "device_index": 0, "gpu_uuid": "GPU-6f954bfd-7081-31b7-f15c-f9a174bf4d7f", "gpu_util_percent": 27.0, "gpu_mem_util_percent": 6.0, "gpu_mem_used_mib": 25386.0, "gpu_mem_total_mib": 49140.0, "gpu_power_w": 96.12, "process_present": true, "process_mem_mib": 24894.0, "process_mem_share_percent": 50.65934065934066, "process_util_available": true, "process_util_backend": "nvml", "process_sm_util_percent": 25.0, "process_mem_util_percent": 5.0}
{"timestamp_unix": 1772436986.7603335, "pid": 81832, "device_index": 0, "gpu_uuid": "GPU-6f954bfd-7081-31b7-f15c-f9a174bf4d7f", "gpu_util_percent": 27.0, "gpu_mem_util_percent": 6.0, "gpu_mem_used_mib": 25386.0, "gpu_mem_total_mib": 49140.0, "gpu_power_w": 96.12, "process_present": true, "process_mem_mib": 24894.0, "process_mem_share_percent": 50.65934065934066, "process_util_available": true, "process_util_backend": "nvml", "process_sm_util_percent": 25.0, "process_mem_util_percent": 5.0}
{"timestamp_unix": 1772436987.0508158, "pid": 81832, "device_index": 0, "gpu_uuid": "GPU-6f954bfd-7081-31b7-f15c-f9a174bf4d7f", "gpu_util_percent": 26.0, "gpu_mem_util_percent": 6.0, "gpu_mem_used_mib": 25386.0, "gpu_mem_total_mib": 49140.0, "gpu_power_w": 96.94, "process_present": true, "process_mem_mib": 24894.0, "process_mem_share_percent": 50.65934065934066, "process_util_available": true, "process_util_backend": "nvml", "process_sm_util_percent": 26.0, "process_mem_util_percent": 5.0}
{"timestamp_unix": 1772436987.3415534, "pid": 81832, "device_index": 0, "gpu_uuid": "GPU-6f954bfd-7081-31b7-f15c-f9a174bf4d7f", "gpu_util_percent": 26.0, "gpu_mem_util_percent": 6.0, "gpu_mem_used_mib": 25386.0, "gpu_mem_total_mib": 49140.0, "gpu_power_w": 96.94, "process_present": true, "process_mem_mib": 24894.0, "process_mem_share_percent": 50.65934065934066, "process_util_available": true, "process_util_backend": "nvml", "process_sm_util_percent": 25.0, "process_mem_util_percent": 6.0}
{"timestamp_unix": 1772436987.63447, "pid": 81832, "device_index": 0, "gpu_uuid": "GPU-6f954bfd-7081-31b7-f15c-f9a174bf4d7f", "gpu_util_percent": 26.0, "gpu_mem_util_percent": 6.0, "gpu_mem_used_mib": 25386.0, "gpu_mem_total_mib": 49140.0, "gpu_power_w": 97.31, "process_present": true, "process_mem_mib": 24894.0, "process_mem_share_percent": 50.65934065934066, "process_util_available": true, "process_util_backend": "nvml", "process_sm_util_percent": 24.0, "process_mem_util_percent": 5.0}
{"timestamp_unix": 1772436987.9247055, "pid": 81832, "device_index": 0, "gpu_uuid": "GPU-6f954bfd-7081-31b7-f15c-f9a174bf4d7f", "gpu_util_percent": 24.0, "gpu_mem_util_percent": 6.0, "gpu_mem_used_mib": 25386.0, "gpu_mem_total_mib": 49140.0, "gpu_power_w": 97.64, "process_present": true, "process_mem_mib": 24894.0, "process_mem_share_percent": 50.65934065934066, "process_util_available": true, "process_util_backend": "nvml", "process_sm_util_percent": 22.0, "process_mem_util_percent": 6.0}
{"timestamp_unix": 1772436988.2175584, "pid": 81832, "device_index": 0, "gpu_uuid": "GPU-6f954bfd-7081-31b7-f15c-f9a174bf4d7f", "gpu_util_percent": 24.0, "gpu_mem_util_percent": 6.0, "gpu_mem_used_mib": 25386.0, "gpu_mem_total_mib": 49140.0, "gpu_power_w": 97.64, "process_present": true, "process_mem_mib": 24894.0, "process_mem_share_percent": 50.65934065934066, "process_util_available": true, "process_util_backend": "nvml", "process_sm_util_percent": 24.0, "process_mem_util_percent": 6.0}
{"timestamp_unix": 1772436988.508209, "pid": 81832, "device_index": 0, "gpu_uuid": "GPU-6f954bfd-7081-31b7-f15c-f9a174bf4d7f", "gpu_util_percent": 24.0, "gpu_mem_util_percent": 6.0, "gpu_mem_used_mib": 25386.0, "gpu_mem_total_mib": 49140.0, "gpu_power_w": 98.03, "process_present": true, "process_mem_mib": 24894.0, "process_mem_share_percent": 50.65934065934066, "process_util_available": true, "process_util_backend": "nvml", "process_sm_util_percent": 23.0, "process_mem_util_percent": 6.0}
{"timestamp_unix": 1772436988.8136852, "pid": 81832, "device_index": 0, "gpu_uuid": "GPU-6f954bfd-7081-31b7-f15c-f9a174bf4d7f", "gpu_util_percent": 24.0, "gpu_mem_util_percent": 6.0, "gpu_mem_used_mib": 25386.0, "gpu_mem_total_mib": 49140.0, "gpu_power_w": 98.03, "process_present": true, "process_mem_mib": 24894.0, "process_mem_share_percent": 50.65934065934066, "process_util_available": true, "process_util_backend": "nvml", "process_sm_util_percent": 22.0, "process_mem_util_percent": 6.0}
{"timestamp_unix": 1772436989.1159413, "pid": 81832, "device_index": 0, "gpu_uuid": "GPU-6f954bfd-7081-31b7-f15c-f9a174bf4d7f", "gpu_util_percent": 23.0, "gpu_mem_util_percent": 7.0, "gpu_mem_used_mib": 25386.0, "gpu_mem_total_mib": 49140.0, "gpu_power_w": 98.58, "process_present": true, "process_mem_mib": 24894.0, "process_mem_share_percent": 50.65934065934066, "process_util_available": true, "process_util_backend": "nvml", "process_sm_util_percent": 22.0, "process_mem_util_percent": 6.0}
{"timestamp_unix": 1772436989.4164674, "pid": 81832, "device_index": 0, "gpu_uuid": "GPU-6f954bfd-7081-31b7-f15c-f9a174bf4d7f", "gpu_util_percent": 23.0, "gpu_mem_util_percent": 7.0, "gpu_mem_used_mib": 25464.0, "gpu_mem_total_mib": 49140.0, "gpu_power_w": 98.59, "process_present": true, "process_mem_mib": 24974.0, "process_mem_share_percent": 50.822140822140824, "process_util_available": true, "process_util_backend": "nvml", "process_sm_util_percent": null, "process_mem_util_percent": null}
{"timestamp_unix": 1772436989.7105916, "pid": 81832, "device_index": 0, "gpu_uuid": "GPU-6f954bfd-7081-31b7-f15c-f9a174bf4d7f", "gpu_util_percent": 23.0, "gpu_mem_util_percent": 7.0, "gpu_mem_used_mib": 25544.0, "gpu_mem_total_mib": 49140.0, "gpu_power_w": 98.59, "process_present": true, "process_mem_mib": 25054.0, "process_mem_share_percent": 50.984940984940984, "process_util_available": true, "process_util_backend": "nvml", "process_sm_util_percent": 10.0, "process_mem_util_percent": 2.0}
{"timestamp_unix": 1772436990.0011356, "pid": 81832, "device_index": 0, "gpu_uuid": "GPU-6f954bfd-7081-31b7-f15c-f9a174bf4d7f", "gpu_util_percent": 29.0, "gpu_mem_util_percent": 8.0, "gpu_mem_used_mib": 25545.0, "gpu_mem_total_mib": 49140.0, "gpu_power_w": 95.75, "process_present": true, "process_mem_mib": 25054.0, "process_mem_share_percent": 50.984940984940984, "process_util_available": true, "process_util_backend": "nvml", "process_sm_util_percent": 27.0, "process_mem_util_percent": 7.0}
{"timestamp_unix": 1772436990.2894835, "pid": 81832, "device_index": 0, "gpu_uuid": "GPU-6f954bfd-7081-31b7-f15c-f9a174bf4d7f", "gpu_util_percent": 29.0, "gpu_mem_util_percent": 8.0, "gpu_mem_used_mib": 25546.0, "gpu_mem_total_mib": 49140.0, "gpu_power_w": 95.75, "process_present": true, "process_mem_mib": 25054.0, "process_mem_share_percent": 50.984940984940984, "process_util_available": true, "process_util_backend": "nvml", "process_sm_util_percent": 27.0, "process_mem_util_percent": 6.0}
{"timestamp_unix": 1772436990.5815344, "pid": 81832, "device_index": 0, "gpu_uuid": "GPU-6f954bfd-7081-31b7-f15c-f9a174bf4d7f", "gpu_util_percent": 29.0, "gpu_mem_util_percent": 8.0, "gpu_mem_used_mib": 25546.0, "gpu_mem_total_mib": 49140.0, "gpu_power_w": 96.53, "process_present": true, "process_mem_mib": 25054.0, "process_mem_share_percent": 50.984940984940984, "process_util_available": true, "process_util_backend": "nvml", "process_sm_util_percent": 27.0, "process_mem_util_percent": 7.0}
{"timestamp_unix": 1772436990.8715267, "pid": 81832, "device_index": 0, "gpu_uuid": "GPU-6f954bfd-7081-31b7-f15c-f9a174bf4d7f", "gpu_util_percent": 29.0, "gpu_mem_util_percent": 7.0, "gpu_mem_used_mib": 25546.0, "gpu_mem_total_mib": 49140.0, "gpu_power_w": 100.78, "process_present": true, "process_mem_mib": 25054.0, "process_mem_share_percent": 50.984940984940984, "process_util_available": true, "process_util_backend": "nvml", "process_sm_util_percent": 27.0, "process_mem_util_percent": 6.0}
{"timestamp_unix": 1772436991.1617157, "pid": 81832, "device_index": 0, "gpu_uuid": "GPU-6f954bfd-7081-31b7-f15c-f9a174bf4d7f", "gpu_util_percent": 29.0, "gpu_mem_util_percent": 7.0, "gpu_mem_used_mib": 25548.0, "gpu_mem_total_mib": 49140.0, "gpu_power_w": 100.78, "process_present": true, "process_mem_mib": 25054.0, "process_mem_share_percent": 50.984940984940984, "process_util_available": true, "process_util_backend": "nvml", "process_sm_util_percent": 26.0, "process_mem_util_percent": 6.0}
{"timestamp_unix": 1772436991.4674602, "pid": 81832, "device_index": 0, "gpu_uuid": "GPU-6f954bfd-7081-31b7-f15c-f9a174bf4d7f", "gpu_util_percent": 29.0, "gpu_mem_util_percent": 7.0, "gpu_mem_used_mib": 25548.0, "gpu_mem_total_mib": 49140.0, "gpu_power_w": 100.54, "process_present": true, "process_mem_mib": 25054.0, "process_mem_share_percent": 50.984940984940984, "process_util_available": true, "process_util_backend": "nvml", "process_sm_util_percent": 28.0, "process_mem_util_percent": 6.0}
{"timestamp_unix": 1772436991.7771578, "pid": 81832, "device_index": 0, "gpu_uuid": "GPU-6f954bfd-7081-31b7-f15c-f9a174bf4d7f", "gpu_util_percent": 29.0, "gpu_mem_util_percent": 7.0, "gpu_mem_used_mib": 25548.0, "gpu_mem_total_mib": 49140.0, "gpu_power_w": 100.54, "process_present": true, "process_mem_mib": 25054.0, "process_mem_share_percent": 50.984940984940984, "process_util_available": true, "process_util_backend": "nvml", "process_sm_util_percent": 27.0, "process_mem_util_percent": 6.0}
{"timestamp_unix": 1772436992.0801733, "pid": 81832, "device_index": 0, "gpu_uuid": "GPU-6f954bfd-7081-31b7-f15c-f9a174bf4d7f", "gpu_util_percent": 28.0, "gpu_mem_util_percent": 6.0, "gpu_mem_used_mib": 25548.0, "gpu_mem_total_mib": 49140.0, "gpu_power_w": 100.42, "process_present": true, "process_mem_mib": 25054.0, "process_mem_share_percent": 50.984940984940984, "process_util_available": true, "process_util_backend": "nvml", "process_sm_util_percent": 27.0, "process_mem_util_percent": 6.0}
{"timestamp_unix": 1772436992.3718514, "pid": 81832, "device_index": 0, "gpu_uuid": "GPU-6f954bfd-7081-31b7-f15c-f9a174bf4d7f", "gpu_util_percent": 28.0, "gpu_mem_util_percent": 6.0, "gpu_mem_used_mib": 25548.0, "gpu_mem_total_mib": 49140.0, "gpu_power_w": 100.25, "process_present": true, "process_mem_mib": 25054.0, "process_mem_share_percent": 50.984940984940984, "process_util_available": true, "process_util_backend": "nvml", "process_sm_util_percent": 27.0, "process_mem_util_percent": 6.0}
{"timestamp_unix": 1772436992.6624277, "pid": 81832, "device_index": 0, "gpu_uuid": "GPU-6f954bfd-7081-31b7-f15c-f9a174bf4d7f", "gpu_util_percent": 28.0, "gpu_mem_util_percent": 6.0, "gpu_mem_used_mib": 25547.0, "gpu_mem_total_mib": 49140.0, "gpu_power_w": 100.25, "process_present": true, "process_mem_mib": 25054.0, "process_mem_share_percent": 50.984940984940984, "process_util_available": true, "process_util_backend": "nvml", "process_sm_util_percent": 27.0, "process_mem_util_percent": 6.0}
{"timestamp_unix": 1772436992.9552443, "pid": 81832, "device_index": 0, "gpu_uuid": "GPU-6f954bfd-7081-31b7-f15c-f9a174bf4d7f", "gpu_util_percent": 28.0, "gpu_mem_util_percent": 6.0, "gpu_mem_used_mib": 25547.0, "gpu_mem_total_mib": 49140.0, "gpu_power_w": 99.79, "process_present": true, "process_mem_mib": 25054.0, "process_mem_share_percent": 50.984940984940984, "process_util_available": true, "process_util_backend": "nvml", "process_sm_util_percent": null, "process_mem_util_percent": null}
{"timestamp_unix": 1772436993.2501132, "pid": 81832, "device_index": 0, "gpu_uuid": "GPU-6f954bfd-7081-31b7-f15c-f9a174bf4d7f", "gpu_util_percent": 28.0, "gpu_mem_util_percent": 6.0, "gpu_mem_used_mib": 25547.0, "gpu_mem_total_mib": 49140.0, "gpu_power_w": 99.79, "process_present": true, "process_mem_mib": 25054.0, "process_mem_share_percent": 50.984940984940984, "process_util_available": true, "process_util_backend": "nvml", "process_sm_util_percent": 13.0, "process_mem_util_percent": 3.0}
{"timestamp_unix": 1772436993.5390656, "pid": 81832, "device_index": 0, "gpu_uuid": "GPU-6f954bfd-7081-31b7-f15c-f9a174bf4d7f", "gpu_util_percent": 28.0, "gpu_mem_util_percent": 6.0, "gpu_mem_used_mib": 25547.0, "gpu_mem_total_mib": 49140.0, "gpu_power_w": 99.36, "process_present": true, "process_mem_mib": 25054.0, "process_mem_share_percent": 50.984940984940984, "process_util_available": true, "process_util_backend": "nvml", "process_sm_util_percent": null, "process_mem_util_percent": null}
{"timestamp_unix": 1772436993.831026, "pid": 81832, "device_index": 0, "gpu_uuid": "GPU-6f954bfd-7081-31b7-f15c-f9a174bf4d7f", "gpu_util_percent": 28.0, "gpu_mem_util_percent": 6.0, "gpu_mem_used_mib": 25547.0, "gpu_mem_total_mib": 49140.0, "gpu_power_w": 99.36, "process_present": true, "process_mem_mib": 25054.0, "process_mem_share_percent": 50.984940984940984, "process_util_available": true, "process_util_backend": "nvml", "process_sm_util_percent": 26.0, "process_mem_util_percent": 6.0}
{"timestamp_unix": 1772436994.1333501, "pid": 81832, "device_index": 0, "gpu_uuid": "GPU-6f954bfd-7081-31b7-f15c-f9a174bf4d7f", "gpu_util_percent": 27.0, "gpu_mem_util_percent": 7.0, "gpu_mem_used_mib": 25547.0, "gpu_mem_total_mib": 49140.0, "gpu_power_w": 99.24, "process_present": true, "process_mem_mib": 25054.0, "process_mem_share_percent": 50.984940984940984, "process_util_available": true, "process_util_backend": "nvml", "process_sm_util_percent": 27.0, "process_mem_util_percent": 6.0}
{"timestamp_unix": 1772436994.4323132, "pid": 81832, "device_index": 0, "gpu_uuid": "GPU-6f954bfd-7081-31b7-f15c-f9a174bf4d7f", "gpu_util_percent": 27.0, "gpu_mem_util_percent": 7.0, "gpu_mem_used_mib": 25547.0, "gpu_mem_total_mib": 49140.0, "gpu_power_w": 99.72, "process_present": true, "process_mem_mib": 25054.0, "process_mem_share_percent": 50.984940984940984, "process_util_available": true, "process_util_backend": "nvml", "process_sm_util_percent": 27.0, "process_mem_util_percent": 6.0}
{"timestamp_unix": 1772436994.7522154, "pid": 81832, "device_index": 0, "gpu_uuid": "GPU-6f954bfd-7081-31b7-f15c-f9a174bf4d7f", "gpu_util_percent": 27.0, "gpu_mem_util_percent": 7.0, "gpu_mem_used_mib": 25547.0, "gpu_mem_total_mib": 49140.0, "gpu_power_w": 99.72, "process_present": true, "process_mem_mib": 25054.0, "process_mem_share_percent": 50.984940984940984, "process_util_available": true, "process_util_backend": "nvml", "process_sm_util_percent": 27.0, "process_mem_util_percent": 6.0}
{"timestamp_unix": 1772436995.0436022, "pid": 81832, "device_index": 0, "gpu_uuid": "GPU-6f954bfd-7081-31b7-f15c-f9a174bf4d7f", "gpu_util_percent": 27.0, "gpu_mem_util_percent": 6.0, "gpu_mem_used_mib": 25547.0, "gpu_mem_total_mib": 49140.0, "gpu_power_w": 99.89, "process_present": true, "process_mem_mib": 25054.0, "process_mem_share_percent": 50.984940984940984, "process_util_available": true, "process_util_backend": "nvml", "process_sm_util_percent": 14.0, "process_mem_util_percent": 3.0}
{"timestamp_unix": 1772436995.3345957, "pid": 81832, "device_index": 0, "gpu_uuid": "GPU-6f954bfd-7081-31b7-f15c-f9a174bf4d7f", "gpu_util_percent": 27.0, "gpu_mem_util_percent": 6.0, "gpu_mem_used_mib": 26123.0, "gpu_mem_total_mib": 49140.0, "gpu_power_w": 99.89, "process_present": true, "process_mem_mib": 25630.0, "process_mem_share_percent": 52.15710215710215, "process_util_available": true, "process_util_backend": "nvml", "process_sm_util_percent": 21.0, "process_mem_util_percent": 4.0}
{"timestamp_unix": 1772436995.6257167, "pid": 81832, "device_index": 0, "gpu_uuid": "GPU-6f954bfd-7081-31b7-f15c-f9a174bf4d7f", "gpu_util_percent": 27.0, "gpu_mem_util_percent": 6.0, "gpu_mem_used_mib": 26123.0, "gpu_mem_total_mib": 49140.0, "gpu_power_w": 98.19, "process_present": true, "process_mem_mib": 25630.0, "process_mem_share_percent": 52.15710215710215, "process_util_available": true, "process_util_backend": "nvml", "process_sm_util_percent": 25.0, "process_mem_util_percent": 5.0}
{"timestamp_unix": 1772436995.9187903, "pid": 81832, "device_index": 0, "gpu_uuid": "GPU-6f954bfd-7081-31b7-f15c-f9a174bf4d7f", "gpu_util_percent": 25.0, "gpu_mem_util_percent": 6.0, "gpu_mem_used_mib": 26123.0, "gpu_mem_total_mib": 49140.0, "gpu_power_w": 97.32, "process_present": true, "process_mem_mib": 25630.0, "process_mem_share_percent": 52.15710215710215, "process_util_available": true, "process_util_backend": "nvml", "process_sm_util_percent": 25.0, "process_mem_util_percent": 5.0}
{"timestamp_unix": 1772436996.2106826, "pid": 81832, "device_index": 0, "gpu_uuid": "GPU-6f954bfd-7081-31b7-f15c-f9a174bf4d7f", "gpu_util_percent": 25.0, "gpu_mem_util_percent": 6.0, "gpu_mem_used_mib": 26120.0, "gpu_mem_total_mib": 49140.0, "gpu_power_w": 97.32, "process_present": true, "process_mem_mib": 25630.0, "process_mem_share_percent": 52.15710215710215, "process_util_available": true, "process_util_backend": "nvml", "process_sm_util_percent": 25.0, "process_mem_util_percent": 6.0}
{"timestamp_unix": 1772436996.5015213, "pid": 81832, "device_index": 0, "gpu_uuid": "GPU-6f954bfd-7081-31b7-f15c-f9a174bf4d7f", "gpu_util_percent": 25.0, "gpu_mem_util_percent": 6.0, "gpu_mem_used_mib": 26120.0, "gpu_mem_total_mib": 49140.0, "gpu_power_w": 98.06, "process_present": true, "process_mem_mib": 25630.0, "process_mem_share_percent": 52.15710215710215, "process_util_available": true, "process_util_backend": "nvml", "process_sm_util_percent": 26.0, "process_mem_util_percent": 6.0}
{"timestamp_unix": 1772436996.8001423, "pid": 81832, "device_index": 0, "gpu_uuid": "GPU-6f954bfd-7081-31b7-f15c-f9a174bf4d7f", "gpu_util_percent": 25.0, "gpu_mem_util_percent": 6.0, "gpu_mem_used_mib": 26120.0, "gpu_mem_total_mib": 49140.0, "gpu_power_w": 98.06, "process_present": true, "process_mem_mib": 25630.0, "process_mem_share_percent": 52.15710215710215, "process_util_available": true, "process_util_backend": "nvml", "process_sm_util_percent": 26.0, "process_mem_util_percent": 6.0}
{"timestamp_unix": 1772436997.1003478, "pid": 81832, "device_index": 0, "gpu_uuid": "GPU-6f954bfd-7081-31b7-f15c-f9a174bf4d7f", "gpu_util_percent": 26.0, "gpu_mem_util_percent": 7.0, "gpu_mem_used_mib": 26122.0, "gpu_mem_total_mib": 49140.0, "gpu_power_w": 98.61, "process_present": true, "process_mem_mib": 25630.0, "process_mem_share_percent": 52.15710215710215, "process_util_available": true, "process_util_backend": "nvml", "process_sm_util_percent": 27.0, "process_mem_util_percent": 6.0}
{"timestamp_unix": 1772436997.431101, "pid": 81832, "device_index": 0, "gpu_uuid": "GPU-6f954bfd-7081-31b7-f15c-f9a174bf4d7f", "gpu_util_percent": 26.0, "gpu_mem_util_percent": 7.0, "gpu_mem_used_mib": 26122.0, "gpu_mem_total_mib": 49140.0, "gpu_power_w": 97.81, "process_present": true, "process_mem_mib": 25630.0, "process_mem_share_percent": 52.15710215710215, "process_util_available": true, "process_util_backend": "nvml", "process_sm_util_percent": 10.0, "process_mem_util_percent": 2.0}
{"timestamp_unix": 1772436997.7258346, "pid": 81832, "device_index": 0, "gpu_uuid": "GPU-6f954bfd-7081-31b7-f15c-f9a174bf4d7f", "gpu_util_percent": 26.0, "gpu_mem_util_percent": 7.0, "gpu_mem_used_mib": 26122.0, "gpu_mem_total_mib": 49140.0, "gpu_power_w": 97.81, "process_present": true, "process_mem_mib": 25630.0, "process_mem_share_percent": 52.15710215710215, "process_util_available": true, "process_util_backend": "nvml", "process_sm_util_percent": 26.0, "process_mem_util_percent": 6.0}
{"timestamp_unix": 1772436998.0175185, "pid": 81832, "device_index": 0, "gpu_uuid": "GPU-6f954bfd-7081-31b7-f15c-f9a174bf4d7f", "gpu_util_percent": 27.0, "gpu_mem_util_percent": 7.0, "gpu_mem_used_mib": 26122.0, "gpu_mem_total_mib": 49140.0, "gpu_power_w": 96.9, "process_present": true, "process_mem_mib": 25630.0, "process_mem_share_percent": 52.15710215710215, "process_util_available": true, "process_util_backend": "nvml", "process_sm_util_percent": 26.0, "process_mem_util_percent": 6.0}
{"timestamp_unix": 1772436998.3080382, "pid": 81832, "device_index": 0, "gpu_uuid": "GPU-6f954bfd-7081-31b7-f15c-f9a174bf4d7f", "gpu_util_percent": 27.0, "gpu_mem_util_percent": 7.0, "gpu_mem_used_mib": 26122.0, "gpu_mem_total_mib": 49140.0, "gpu_power_w": 96.9, "process_present": true, "process_mem_mib": 25630.0, "process_mem_share_percent": 52.15710215710215, "process_util_available": true, "process_util_backend": "nvml", "process_sm_util_percent": 27.0, "process_mem_util_percent": 6.0}
{"timestamp_unix": 1772436998.6008842, "pid": 81832, "device_index": 0, "gpu_uuid": "GPU-6f954bfd-7081-31b7-f15c-f9a174bf4d7f", "gpu_util_percent": 27.0, "gpu_mem_util_percent": 7.0, "gpu_mem_used_mib": 26122.0, "gpu_mem_total_mib": 49140.0, "gpu_power_w": 96.99, "process_present": true, "process_mem_mib": 25630.0, "process_mem_share_percent": 52.15710215710215, "process_util_available": true, "process_util_backend": "nvml", "process_sm_util_percent": 26.0, "process_mem_util_percent": 7.0}
{"timestamp_unix": 1772436998.8916588, "pid": 81832, "device_index": 0, "gpu_uuid": "GPU-6f954bfd-7081-31b7-f15c-f9a174bf4d7f", "gpu_util_percent": 28.0, "gpu_mem_util_percent": 7.0, "gpu_mem_used_mib": 26122.0, "gpu_mem_total_mib": 49140.0, "gpu_power_w": 99.68, "process_present": true, "process_mem_mib": 25630.0, "process_mem_share_percent": 52.15710215710215, "process_util_available": true, "process_util_backend": "nvml", "process_sm_util_percent": 27.0, "process_mem_util_percent": 7.0}
{"timestamp_unix": 1772436999.1844552, "pid": 81832, "device_index": 0, "gpu_uuid": "GPU-6f954bfd-7081-31b7-f15c-f9a174bf4d7f", "gpu_util_percent": 28.0, "gpu_mem_util_percent": 7.0, "gpu_mem_used_mib": 26124.0, "gpu_mem_total_mib": 49140.0, "gpu_power_w": 99.68, "process_present": true, "process_mem_mib": 25630.0, "process_mem_share_percent": 52.15710215710215, "process_util_available": true, "process_util_backend": "nvml", "process_sm_util_percent": null, "process_mem_util_percent": null}
{"timestamp_unix": 1772436999.4828575, "pid": 81832, "device_index": 0, "gpu_uuid": "GPU-6f954bfd-7081-31b7-f15c-f9a174bf4d7f", "gpu_util_percent": 28.0, "gpu_mem_util_percent": 7.0, "gpu_mem_used_mib": 26172.0, "gpu_mem_total_mib": 49140.0, "gpu_power_w": 96.19, "process_present": true, "process_mem_mib": 25678.0, "process_mem_share_percent": 52.25478225478225, "process_util_available": true, "process_util_backend": "nvml", "process_sm_util_percent": 22.0, "process_mem_util_percent": 4.0}
{"timestamp_unix": 1772436999.7955976, "pid": 81832, "device_index": 0, "gpu_uuid": "GPU-6f954bfd-7081-31b7-f15c-f9a174bf4d7f", "gpu_util_percent": 28.0, "gpu_mem_util_percent": 7.0, "gpu_mem_used_mib": 26172.0, "gpu_mem_total_mib": 49140.0, "gpu_power_w": 96.19, "process_present": true, "process_mem_mib": 25678.0, "process_mem_share_percent": 52.25478225478225, "process_util_available": true, "process_util_backend": "nvml", "process_sm_util_percent": 28.0, "process_mem_util_percent": 8.0}
{"timestamp_unix": 1772437000.0884764, "pid": 81832, "device_index": 0, "gpu_uuid": "GPU-6f954bfd-7081-31b7-f15c-f9a174bf4d7f", "gpu_util_percent": 29.0, "gpu_mem_util_percent": 8.0, "gpu_mem_used_mib": 26172.0, "gpu_mem_total_mib": 49140.0, "gpu_power_w": 97.42, "process_present": true, "process_mem_mib": 25678.0, "process_mem_share_percent": 52.25478225478225, "process_util_available": true, "process_util_backend": "nvml", "process_sm_util_percent": 28.0, "process_mem_util_percent": 7.0}
{"timestamp_unix": 1772437000.3784294, "pid": 81832, "device_index": 0, "gpu_uuid": "GPU-6f954bfd-7081-31b7-f15c-f9a174bf4d7f", "gpu_util_percent": 29.0, "gpu_mem_util_percent": 8.0, "gpu_mem_used_mib": 26172.0, "gpu_mem_total_mib": 49140.0, "gpu_power_w": 101.56, "process_present": true, "process_mem_mib": 25678.0, "process_mem_share_percent": 52.25478225478225, "process_util_available": true, "process_util_backend": "nvml", "process_sm_util_percent": 28.0, "process_mem_util_percent": 8.0}
{"timestamp_unix": 1772437000.672773, "pid": 81832, "device_index": 0, "gpu_uuid": "GPU-6f954bfd-7081-31b7-f15c-f9a174bf4d7f", "gpu_util_percent": 29.0, "gpu_mem_util_percent": 8.0, "gpu_mem_used_mib": 26171.0, "gpu_mem_total_mib": 49140.0, "gpu_power_w": 101.56, "process_present": true, "process_mem_mib": 25678.0, "process_mem_share_percent": 52.25478225478225, "process_util_available": true, "process_util_backend": "nvml", "process_sm_util_percent": 28.0, "process_mem_util_percent": 7.0}
{"timestamp_unix": 1772437000.962027, "pid": 81832, "device_index": 0, "gpu_uuid": "GPU-6f954bfd-7081-31b7-f15c-f9a174bf4d7f", "gpu_util_percent": 28.0, "gpu_mem_util_percent": 7.0, "gpu_mem_used_mib": 26171.0, "gpu_mem_total_mib": 49140.0, "gpu_power_w": 102.14, "process_present": true, "process_mem_mib": 25678.0, "process_mem_share_percent": 52.25478225478225, "process_util_available": true, "process_util_backend": "nvml", "process_sm_util_percent": 28.0, "process_mem_util_percent": 7.0}
{"timestamp_unix": 1772437001.2599845, "pid": 81832, "device_index": 0, "gpu_uuid": "GPU-6f954bfd-7081-31b7-f15c-f9a174bf4d7f", "gpu_util_percent": 28.0, "gpu_mem_util_percent": 7.0, "gpu_mem_used_mib": 26171.0, "gpu_mem_total_mib": 49140.0, "gpu_power_w": 102.14, "process_present": true, "process_mem_mib": 25678.0, "process_mem_share_percent": 52.25478225478225, "process_util_available": true, "process_util_backend": "nvml", "process_sm_util_percent": 28.0, "process_mem_util_percent": 7.0}
{"timestamp_unix": 1772437001.5509987, "pid": 81832, "device_index": 0, "gpu_uuid": "GPU-6f954bfd-7081-31b7-f15c-f9a174bf4d7f", "gpu_util_percent": 28.0, "gpu_mem_util_percent": 7.0, "gpu_mem_used_mib": 26171.0, "gpu_mem_total_mib": 49140.0, "gpu_power_w": 102.29, "process_present": true, "process_mem_mib": 25678.0, "process_mem_share_percent": 52.25478225478225, "process_util_available": true, "process_util_backend": "nvml", "process_sm_util_percent": 28.0, "process_mem_util_percent": 7.0}
{"timestamp_unix": 1772437001.850322, "pid": 81832, "device_index": 0, "gpu_uuid": "GPU-6f954bfd-7081-31b7-f15c-f9a174bf4d7f", "gpu_util_percent": 28.0, "gpu_mem_util_percent": 7.0, "gpu_mem_used_mib": 26171.0, "gpu_mem_total_mib": 49140.0, "gpu_power_w": 102.29, "process_present": true, "process_mem_mib": 25678.0, "process_mem_share_percent": 52.25478225478225, "process_util_available": true, "process_util_backend": "nvml", "process_sm_util_percent": 28.0, "process_mem_util_percent": 7.0}
{"timestamp_unix": 1772437002.1506722, "pid": 81832, "device_index": 0, "gpu_uuid": "GPU-6f954bfd-7081-31b7-f15c-f9a174bf4d7f", "gpu_util_percent": 28.0, "gpu_mem_util_percent": 8.0, "gpu_mem_used_mib": 26171.0, "gpu_mem_total_mib": 49140.0, "gpu_power_w": 101.98, "process_present": true, "process_mem_mib": 25678.0, "process_mem_share_percent": 52.25478225478225, "process_util_available": true, "process_util_backend": "nvml", "process_sm_util_percent": 27.0, "process_mem_util_percent": 7.0}
{"timestamp_unix": 1772437002.4477537, "pid": 81832, "device_index": 0, "gpu_uuid": "GPU-6f954bfd-7081-31b7-f15c-f9a174bf4d7f", "gpu_util_percent": 28.0, "gpu_mem_util_percent": 8.0, "gpu_mem_used_mib": 26171.0, "gpu_mem_total_mib": 49140.0, "gpu_power_w": 101.79, "process_present": true, "process_mem_mib": 25678.0, "process_mem_share_percent": 52.25478225478225, "process_util_available": true, "process_util_backend": "nvml", "process_sm_util_percent": 27.0, "process_mem_util_percent": 7.0}
{"timestamp_unix": 1772437002.737591, "pid": 81832, "device_index": 0, "gpu_uuid": "GPU-6f954bfd-7081-31b7-f15c-f9a174bf4d7f", "gpu_util_percent": 28.0, "gpu_mem_util_percent": 8.0, "gpu_mem_used_mib": 26171.0, "gpu_mem_total_mib": 49140.0, "gpu_power_w": 101.79, "process_present": true, "process_mem_mib": 25678.0, "process_mem_share_percent": 52.25478225478225, "process_util_available": true, "process_util_backend": "nvml", "process_sm_util_percent": 27.0, "process_mem_util_percent": 7.0}
{"timestamp_unix": 1772437003.0255759, "pid": 81832, "device_index": 0, "gpu_uuid": "GPU-6f954bfd-7081-31b7-f15c-f9a174bf4d7f", "gpu_util_percent": 28.0, "gpu_mem_util_percent": 7.0, "gpu_mem_used_mib": 26171.0, "gpu_mem_total_mib": 49140.0, "gpu_power_w": 101.53, "process_present": true, "process_mem_mib": 25678.0, "process_mem_share_percent": 52.25478225478225, "process_util_available": true, "process_util_backend": "nvml", "process_sm_util_percent": 27.0, "process_mem_util_percent": 7.0}
{"timestamp_unix": 1772437003.3170085, "pid": 81832, "device_index": 0, "gpu_uuid": "GPU-6f954bfd-7081-31b7-f15c-f9a174bf4d7f", "gpu_util_percent": 28.0, "gpu_mem_util_percent": 7.0, "gpu_mem_used_mib": 26171.0, "gpu_mem_total_mib": 49140.0, "gpu_power_w": 101.53, "process_present": true, "process_mem_mib": 25678.0, "process_mem_share_percent": 52.25478225478225, "process_util_available": true, "process_util_backend": "nvml", "process_sm_util_percent": 28.0, "process_mem_util_percent": 7.0}
{"timestamp_unix": 1772437003.6070175, "pid": 81832, "device_index": 0, "gpu_uuid": "GPU-6f954bfd-7081-31b7-f15c-f9a174bf4d7f", "gpu_util_percent": 28.0, "gpu_mem_util_percent": 7.0, "gpu_mem_used_mib": 26171.0, "gpu_mem_total_mib": 49140.0, "gpu_power_w": 101.15, "process_present": true, "process_mem_mib": 25678.0, "process_mem_share_percent": 52.25478225478225, "process_util_available": true, "process_util_backend": "nvml", "process_sm_util_percent": 27.0, "process_mem_util_percent": 6.0}
{"timestamp_unix": 1772437003.9009016, "pid": 81832, "device_index": 0, "gpu_uuid": "GPU-6f954bfd-7081-31b7-f15c-f9a174bf4d7f", "gpu_util_percent": 28.0, "gpu_mem_util_percent": 7.0, "gpu_mem_used_mib": 26171.0, "gpu_mem_total_mib": 49140.0, "gpu_power_w": 100.69, "process_present": true, "process_mem_mib": 25678.0, "process_mem_share_percent": 52.25478225478225, "process_util_available": true, "process_util_backend": "nvml", "process_sm_util_percent": 27.0, "process_mem_util_percent": 6.0}
{"timestamp_unix": 1772437004.190309, "pid": 81832, "device_index": 0, "gpu_uuid": "GPU-6f954bfd-7081-31b7-f15c-f9a174bf4d7f", "gpu_util_percent": 28.0, "gpu_mem_util_percent": 7.0, "gpu_mem_used_mib": 26171.0, "gpu_mem_total_mib": 49140.0, "gpu_power_w": 100.69, "process_present": true, "process_mem_mib": 25678.0, "process_mem_share_percent": 52.25478225478225, "process_util_available": true, "process_util_backend": "nvml", "process_sm_util_percent": 26.0, "process_mem_util_percent": 6.0}
{"timestamp_unix": 1772437004.497369, "pid": 81832, "device_index": 0, "gpu_uuid": "GPU-6f954bfd-7081-31b7-f15c-f9a174bf4d7f", "gpu_util_percent": 28.0, "gpu_mem_util_percent": 7.0, "gpu_mem_used_mib": 26170.0, "gpu_mem_total_mib": 49140.0, "gpu_power_w": 100.25, "process_present": true, "process_mem_mib": 25678.0, "process_mem_share_percent": 52.25478225478225, "process_util_available": true, "process_util_backend": "nvml", "process_sm_util_percent": 27.0, "process_mem_util_percent": 6.0}
{"timestamp_unix": 1772437004.8192706, "pid": 81832, "device_index": 0, "gpu_uuid": "GPU-6f954bfd-7081-31b7-f15c-f9a174bf4d7f", "gpu_util_percent": 28.0, "gpu_mem_util_percent": 7.0, "gpu_mem_used_mib": 26842.0, "gpu_mem_total_mib": 49140.0, "gpu_power_w": 100.25, "process_present": true, "process_mem_mib": 26350.0, "process_mem_share_percent": 53.622303622303626, "process_util_available": true, "process_util_backend": "nvml", "process_sm_util_percent": 19.0, "process_mem_util_percent": 4.0}
{"timestamp_unix": 1772437005.1126294, "pid": 81832, "device_index": 0, "gpu_uuid": "GPU-6f954bfd-7081-31b7-f15c-f9a174bf4d7f", "gpu_util_percent": 25.0, "gpu_mem_util_percent": 7.0, "gpu_mem_used_mib": 26842.0, "gpu_mem_total_mib": 49140.0, "gpu_power_w": 98.74, "process_present": true, "process_mem_mib": 26350.0, "process_mem_share_percent": 53.622303622303626, "process_util_available": true, "process_util_backend": "nvml", "process_sm_util_percent": 14.0, "process_mem_util_percent": 3.0}
{"timestamp_unix": 1772437005.4054914, "pid": 81832, "device_index": 0, "gpu_uuid": "GPU-6f954bfd-7081-31b7-f15c-f9a174bf4d7f", "gpu_util_percent": 25.0, "gpu_mem_util_percent": 7.0, "gpu_mem_used_mib": 26842.0, "gpu_mem_total_mib": 49140.0, "gpu_power_w": 98.09, "process_present": true, "process_mem_mib": 26350.0, "process_mem_share_percent": 53.622303622303626, "process_util_available": true, "process_util_backend": "nvml", "process_sm_util_percent": 27.0, "process_mem_util_percent": 6.0}
{"timestamp_unix": 1772437005.7009504, "pid": 81832, "device_index": 0, "gpu_uuid": "GPU-6f954bfd-7081-31b7-f15c-f9a174bf4d7f", "gpu_util_percent": 25.0, "gpu_mem_util_percent": 7.0, "gpu_mem_used_mib": 26842.0, "gpu_mem_total_mib": 49140.0, "gpu_power_w": 98.09, "process_present": true, "process_mem_mib": 26350.0, "process_mem_share_percent": 53.622303622303626, "process_util_available": true, "process_util_backend": "nvml", "process_sm_util_percent": 26.0, "process_mem_util_percent": 6.0}
{"timestamp_unix": 1772437005.9917803, "pid": 81832, "device_index": 0, "gpu_uuid": "GPU-6f954bfd-7081-31b7-f15c-f9a174bf4d7f", "gpu_util_percent": 25.0, "gpu_mem_util_percent": 7.0, "gpu_mem_used_mib": 26842.0, "gpu_mem_total_mib": 49140.0, "gpu_power_w": 98.72, "process_present": true, "process_mem_mib": 26350.0, "process_mem_share_percent": 53.622303622303626, "process_util_available": true, "process_util_backend": "nvml", "process_sm_util_percent": 25.0, "process_mem_util_percent": 6.0}
{"timestamp_unix": 1772437006.2861295, "pid": 81832, "device_index": 0, "gpu_uuid": "GPU-6f954bfd-7081-31b7-f15c-f9a174bf4d7f", "gpu_util_percent": 25.0, "gpu_mem_util_percent": 7.0, "gpu_mem_used_mib": 26842.0, "gpu_mem_total_mib": 49140.0, "gpu_power_w": 98.72, "process_present": true, "process_mem_mib": 26350.0, "process_mem_share_percent": 53.622303622303626, "process_util_available": true, "process_util_backend": "nvml", "process_sm_util_percent": 26.0, "process_mem_util_percent": 6.0}
{"timestamp_unix": 1772437006.575831, "pid": 81832, "device_index": 0, "gpu_uuid": "GPU-6f954bfd-7081-31b7-f15c-f9a174bf4d7f", "gpu_util_percent": 25.0, "gpu_mem_util_percent": 7.0, "gpu_mem_used_mib": 26842.0, "gpu_mem_total_mib": 49140.0, "gpu_power_w": 98.98, "process_present": true, "process_mem_mib": 26350.0, "process_mem_share_percent": 53.622303622303626, "process_util_available": true, "process_util_backend": "nvml", "process_sm_util_percent": 26.0, "process_mem_util_percent": 7.0}
{"timestamp_unix": 1772437006.8782444, "pid": 81832, "device_index": 0, "gpu_uuid": "GPU-6f954bfd-7081-31b7-f15c-f9a174bf4d7f", "gpu_util_percent": 25.0, "gpu_mem_util_percent": 7.0, "gpu_mem_used_mib": 26842.0, "gpu_mem_total_mib": 49140.0, "gpu_power_w": 99.45, "process_present": true, "process_mem_mib": 26350.0, "process_mem_share_percent": 53.622303622303626, "process_util_available": true, "process_util_backend": "nvml", "process_sm_util_percent": 13.0, "process_mem_util_percent": 3.0}
{"timestamp_unix": 1772437007.1827013, "pid": 81832, "device_index": 0, "gpu_uuid": "GPU-6f954bfd-7081-31b7-f15c-f9a174bf4d7f", "gpu_util_percent": 25.0, "gpu_mem_util_percent": 7.0, "gpu_mem_used_mib": 26842.0, "gpu_mem_total_mib": 49140.0, "gpu_power_w": 99.45, "process_present": true, "process_mem_mib": 26350.0, "process_mem_share_percent": 53.622303622303626, "process_util_available": true, "process_util_backend": "nvml", "process_sm_util_percent": 27.0, "process_mem_util_percent": 7.0}
{"timestamp_unix": 1772437007.4835694, "pid": 81832, "device_index": 0, "gpu_uuid": "GPU-6f954bfd-7081-31b7-f15c-f9a174bf4d7f", "gpu_util_percent": 25.0, "gpu_mem_util_percent": 7.0, "gpu_mem_used_mib": 26842.0, "gpu_mem_total_mib": 49140.0, "gpu_power_w": 100.05, "process_present": true, "process_mem_mib": 26350.0, "process_mem_share_percent": 53.622303622303626, "process_util_available": true, "process_util_backend": "nvml", "process_sm_util_percent": 14.0, "process_mem_util_percent": 3.0}
{"timestamp_unix": 1772437007.7724044, "pid": 81832, "device_index": 0, "gpu_uuid": "GPU-6f954bfd-7081-31b7-f15c-f9a174bf4d7f", "gpu_util_percent": 25.0, "gpu_mem_util_percent": 7.0, "gpu_mem_used_mib": 26842.0, "gpu_mem_total_mib": 49140.0, "gpu_power_w": 100.05, "process_present": true, "process_mem_mib": 26350.0, "process_mem_share_percent": 53.622303622303626, "process_util_available": true, "process_util_backend": "nvml", "process_sm_util_percent": 26.0, "process_mem_util_percent": 7.0}
{"timestamp_unix": 1772437008.0668297, "pid": 81832, "device_index": 0, "gpu_uuid": "GPU-6f954bfd-7081-31b7-f15c-f9a174bf4d7f", "gpu_util_percent": 25.0, "gpu_mem_util_percent": 7.0, "gpu_mem_used_mib": 26842.0, "gpu_mem_total_mib": 49140.0, "gpu_power_w": 100.27, "process_present": true, "process_mem_mib": 26350.0, "process_mem_share_percent": 53.622303622303626, "process_util_available": true, "process_util_backend": "nvml", "process_sm_util_percent": 13.0, "process_mem_util_percent": 3.0}
{"timestamp_unix": 1772437008.356393, "pid": 81832, "device_index": 0, "gpu_uuid": "GPU-6f954bfd-7081-31b7-f15c-f9a174bf4d7f", "gpu_util_percent": 25.0, "gpu_mem_util_percent": 7.0, "gpu_mem_used_mib": 26842.0, "gpu_mem_total_mib": 49140.0, "gpu_power_w": 100.09, "process_present": true, "process_mem_mib": 26350.0, "process_mem_share_percent": 53.622303622303626, "process_util_available": true, "process_util_backend": "nvml", "process_sm_util_percent": null, "process_mem_util_percent": null}
{"timestamp_unix": 1772437008.6454003, "pid": 81832, "device_index": 0, "gpu_uuid": "GPU-6f954bfd-7081-31b7-f15c-f9a174bf4d7f", "gpu_util_percent": 25.0, "gpu_mem_util_percent": 7.0, "gpu_mem_used_mib": 26898.0, "gpu_mem_total_mib": 49140.0, "gpu_power_w": 100.09, "process_present": true, "process_mem_mib": 26406.0, "process_mem_share_percent": 53.73626373626374, "process_util_available": true, "process_util_backend": "nvml", "process_sm_util_percent": null, "process_mem_util_percent": null}
{"timestamp_unix": 1772437008.9358141, "pid": 81832, "device_index": 0, "gpu_uuid": "GPU-6f954bfd-7081-31b7-f15c-f9a174bf4d7f", "gpu_util_percent": 26.0, "gpu_mem_util_percent": 8.0, "gpu_mem_used_mib": 26898.0, "gpu_mem_total_mib": 49140.0, "gpu_power_w": 97.05, "process_present": true, "process_mem_mib": 26406.0, "process_mem_share_percent": 53.73626373626374, "process_util_available": true, "process_util_backend": "nvml", "process_sm_util_percent": null, "process_mem_util_percent": null}
{"timestamp_unix": 1772437009.2258441, "pid": 81832, "device_index": 0, "gpu_uuid": "GPU-6f954bfd-7081-31b7-f15c-f9a174bf4d7f", "gpu_util_percent": 26.0, "gpu_mem_util_percent": 8.0, "gpu_mem_used_mib": 26900.0, "gpu_mem_total_mib": 49140.0, "gpu_power_w": 97.05, "process_present": true, "process_mem_mib": 26406.0, "process_mem_share_percent": 53.73626373626374, "process_util_available": true, "process_util_backend": "nvml", "process_sm_util_percent": 28.0, "process_mem_util_percent": 8.0}
{"timestamp_unix": 1772437009.5275877, "pid": 81832, "device_index": 0, "gpu_uuid": "GPU-6f954bfd-7081-31b7-f15c-f9a174bf4d7f", "gpu_util_percent": 26.0, "gpu_mem_util_percent": 8.0, "gpu_mem_used_mib": 26900.0, "gpu_mem_total_mib": 49140.0, "gpu_power_w": 98.46, "process_present": true, "process_mem_mib": 26406.0, "process_mem_share_percent": 53.73626373626374, "process_util_available": true, "process_util_backend": "nvml", "process_sm_util_percent": 27.0, "process_mem_util_percent": 8.0}
{"timestamp_unix": 1772437009.8506603, "pid": 81832, "device_index": 0, "gpu_uuid": "GPU-6f954bfd-7081-31b7-f15c-f9a174bf4d7f", "gpu_util_percent": 26.0, "gpu_mem_util_percent": 8.0, "gpu_mem_used_mib": 26900.0, "gpu_mem_total_mib": 49140.0, "gpu_power_w": 98.46, "process_present": true, "process_mem_mib": 26406.0, "process_mem_share_percent": 53.73626373626374, "process_util_available": true, "process_util_backend": "nvml", "process_sm_util_percent": 27.0, "process_mem_util_percent": 8.0}
{"timestamp_unix": 1772437010.150316, "pid": 81832, "device_index": 0, "gpu_uuid": "GPU-6f954bfd-7081-31b7-f15c-f9a174bf4d7f", "gpu_util_percent": 26.0, "gpu_mem_util_percent": 8.0, "gpu_mem_used_mib": 26896.0, "gpu_mem_total_mib": 49140.0, "gpu_power_w": 103.85, "process_present": true, "process_mem_mib": 26406.0, "process_mem_share_percent": 53.73626373626374, "process_util_available": true, "process_util_backend": "nvml", "process_sm_util_percent": 26.0, "process_mem_util_percent": 8.0}
{"timestamp_unix": 1772437010.4383593, "pid": 81832, "device_index": 0, "gpu_uuid": "GPU-6f954bfd-7081-31b7-f15c-f9a174bf4d7f", "gpu_util_percent": 26.0, "gpu_mem_util_percent": 8.0, "gpu_mem_used_mib": 26896.0, "gpu_mem_total_mib": 49140.0, "gpu_power_w": 104.01, "process_present": true, "process_mem_mib": 26406.0, "process_mem_share_percent": 53.73626373626374, "process_util_available": true, "process_util_backend": "nvml", "process_sm_util_percent": 25.0, "process_mem_util_percent": 8.0}
{"timestamp_unix": 1772437010.7278695, "pid": 81832, "device_index": 0, "gpu_uuid": "GPU-6f954bfd-7081-31b7-f15c-f9a174bf4d7f", "gpu_util_percent": 26.0, "gpu_mem_util_percent": 8.0, "gpu_mem_used_mib": 26895.0, "gpu_mem_total_mib": 49140.0, "gpu_power_w": 104.01, "process_present": true, "process_mem_mib": 26406.0, "process_mem_share_percent": 53.73626373626374, "process_util_available": true, "process_util_backend": "nvml", "process_sm_util_percent": 24.0, "process_mem_util_percent": 8.0}
{"timestamp_unix": 1772437011.0169277, "pid": 81832, "device_index": 0, "gpu_uuid": "GPU-6f954bfd-7081-31b7-f15c-f9a174bf4d7f", "gpu_util_percent": 24.0, "gpu_mem_util_percent": 8.0, "gpu_mem_used_mib": 26895.0, "gpu_mem_total_mib": 49140.0, "gpu_power_w": 103.58, "process_present": true, "process_mem_mib": 26406.0, "process_mem_share_percent": 53.73626373626374, "process_util_available": true, "process_util_backend": "nvml", "process_sm_util_percent": 25.0, "process_mem_util_percent": 8.0}
{"timestamp_unix": 1772437011.305606, "pid": 81832, "device_index": 0, "gpu_uuid": "GPU-6f954bfd-7081-31b7-f15c-f9a174bf4d7f", "gpu_util_percent": 24.0, "gpu_mem_util_percent": 8.0, "gpu_mem_used_mib": 26897.0, "gpu_mem_total_mib": 49140.0, "gpu_power_w": 103.58, "process_present": true, "process_mem_mib": 26406.0, "process_mem_share_percent": 53.73626373626374, "process_util_available": true, "process_util_backend": "nvml", "process_sm_util_percent": 24.0, "process_mem_util_percent": 7.0}
{"timestamp_unix": 1772437011.5938127, "pid": 81832, "device_index": 0, "gpu_uuid": "GPU-6f954bfd-7081-31b7-f15c-f9a174bf4d7f", "gpu_util_percent": 24.0, "gpu_mem_util_percent": 8.0, "gpu_mem_used_mib": 26897.0, "gpu_mem_total_mib": 49140.0, "gpu_power_w": 102.43, "process_present": true, "process_mem_mib": 26406.0, "process_mem_share_percent": 53.73626373626374, "process_util_available": true, "process_util_backend": "nvml", "process_sm_util_percent": 24.0, "process_mem_util_percent": 7.0}
{"timestamp_unix": 1772437011.8842893, "pid": 81832, "device_index": 0, "gpu_uuid": "GPU-6f954bfd-7081-31b7-f15c-f9a174bf4d7f", "gpu_util_percent": 26.0, "gpu_mem_util_percent": 8.0, "gpu_mem_used_mib": 26897.0, "gpu_mem_total_mib": 49140.0, "gpu_power_w": 101.72, "process_present": true, "process_mem_mib": 26406.0, "process_mem_share_percent": 53.73626373626374, "process_util_available": true, "process_util_backend": "nvml", "process_sm_util_percent": 27.0, "process_mem_util_percent": 7.0}
{"timestamp_unix": 1772437012.1839097, "pid": 81832, "device_index": 0, "gpu_uuid": "GPU-6f954bfd-7081-31b7-f15c-f9a174bf4d7f", "gpu_util_percent": 26.0, "gpu_mem_util_percent": 8.0, "gpu_mem_used_mib": 26897.0, "gpu_mem_total_mib": 49140.0, "gpu_power_w": 101.72, "process_present": true, "process_mem_mib": 26406.0, "process_mem_share_percent": 53.73626373626374, "process_util_available": true, "process_util_backend": "nvml", "process_sm_util_percent": 28.0, "process_mem_util_percent": 7.0}
{"timestamp_unix": 1772437012.4837523, "pid": 81832, "device_index": 0, "gpu_uuid": "GPU-6f954bfd-7081-31b7-f15c-f9a174bf4d7f", "gpu_util_percent": 26.0, "gpu_mem_util_percent": 8.0, "gpu_mem_used_mib": 26897.0, "gpu_mem_total_mib": 49140.0, "gpu_power_w": 101.83, "process_present": true, "process_mem_mib": 26406.0, "process_mem_share_percent": 53.73626373626374, "process_util_available": true, "process_util_backend": "nvml", "process_sm_util_percent": 27.0, "process_mem_util_percent": 7.0}
{"timestamp_unix": 1772437012.791158, "pid": 81832, "device_index": 0, "gpu_uuid": "GPU-6f954bfd-7081-31b7-f15c-f9a174bf4d7f", "gpu_util_percent": 26.0, "gpu_mem_util_percent": 8.0, "gpu_mem_used_mib": 26897.0, "gpu_mem_total_mib": 49140.0, "gpu_power_w": 101.83, "process_present": true, "process_mem_mib": 26406.0, "process_mem_share_percent": 53.73626373626374, "process_util_available": true, "process_util_backend": "nvml", "process_sm_util_percent": 27.0, "process_mem_util_percent": 7.0}
{"timestamp_unix": 1772437013.0836432, "pid": 81832, "device_index": 0, "gpu_uuid": "GPU-6f954bfd-7081-31b7-f15c-f9a174bf4d7f", "gpu_util_percent": 26.0, "gpu_mem_util_percent": 8.0, "gpu_mem_used_mib": 26897.0, "gpu_mem_total_mib": 49140.0, "gpu_power_w": 102.19, "process_present": true, "process_mem_mib": 26406.0, "process_mem_share_percent": 53.73626373626374, "process_util_available": true, "process_util_backend": "nvml", "process_sm_util_percent": 28.0, "process_mem_util_percent": 7.0}
{"timestamp_unix": 1772437013.374399, "pid": 81832, "device_index": 0, "gpu_uuid": "GPU-6f954bfd-7081-31b7-f15c-f9a174bf4d7f", "gpu_util_percent": 26.0, "gpu_mem_util_percent": 8.0, "gpu_mem_used_mib": 26896.0, "gpu_mem_total_mib": 49140.0, "gpu_power_w": 101.91, "process_present": true, "process_mem_mib": 26406.0, "process_mem_share_percent": 53.73626373626374, "process_util_available": true, "process_util_backend": "nvml", "process_sm_util_percent": 28.0, "process_mem_util_percent": 7.0}
{"timestamp_unix": 1772437013.6673846, "pid": 81832, "device_index": 0, "gpu_uuid": "GPU-6f954bfd-7081-31b7-f15c-f9a174bf4d7f", "gpu_util_percent": 26.0, "gpu_mem_util_percent": 8.0, "gpu_mem_used_mib": 26896.0, "gpu_mem_total_mib": 49140.0, "gpu_power_w": 101.91, "process_present": true, "process_mem_mib": 26406.0, "process_mem_share_percent": 53.73626373626374, "process_util_available": true, "process_util_backend": "nvml", "process_sm_util_percent": 28.0, "process_mem_util_percent": 7.0}
{"timestamp_unix": 1772437013.9618413, "pid": 81832, "device_index": 0, "gpu_uuid": "GPU-6f954bfd-7081-31b7-f15c-f9a174bf4d7f", "gpu_util_percent": 26.0, "gpu_mem_util_percent": 7.0, "gpu_mem_used_mib": 26896.0, "gpu_mem_total_mib": 49140.0, "gpu_power_w": 101.71, "process_present": true, "process_mem_mib": 26406.0, "process_mem_share_percent": 53.73626373626374, "process_util_available": true, "process_util_backend": "nvml", "process_sm_util_percent": 27.0, "process_mem_util_percent": 7.0}
{"timestamp_unix": 1772437014.2577953, "pid": 81832, "device_index": 0, "gpu_uuid": "GPU-6f954bfd-7081-31b7-f15c-f9a174bf4d7f", "gpu_util_percent": 26.0, "gpu_mem_util_percent": 7.0, "gpu_mem_used_mib": 26896.0, "gpu_mem_total_mib": 49140.0, "gpu_power_w": 101.71, "process_present": true, "process_mem_mib": 26406.0, "process_mem_share_percent": 53.73626373626374, "process_util_available": true, "process_util_backend": "nvml", "process_sm_util_percent": 7.0, "process_mem_util_percent": 0.0}
