{"timestamp_unix": 1772432409.5352354, "pid": 42724, "device_index": 0, "gpu_uuid": "GPU-6f954bfd-7081-31b7-f15c-f9a174bf4d7f", "gpu_util_percent": 33.0, "gpu_mem_util_percent": 16.0, "gpu_mem_used_mib": 992.0, "gpu_mem_total_mib": 49140.0, "gpu_power_w": 44.44, "process_present": true, "process_mem_mib": 500.0, "process_mem_share_percent": 1.0175010175010175, "process_util_available": true, "process_util_backend": "nvml", "process_sm_util_percent": null, "process_mem_util_percent": null}
{"timestamp_unix": 1772432409.883196, "pid": 42724, "device_index": 0, "gpu_uuid": "GPU-6f954bfd-7081-31b7-f15c-f9a174bf4d7f", "gpu_util_percent": 33.0, "gpu_mem_util_percent": 16.0, "gpu_mem_used_mib": 992.0, "gpu_mem_total_mib": 49140.0, "gpu_power_w": 55.84, "process_present": true, "process_mem_mib": 500.0, "process_mem_share_percent": 1.0175010175010175, "process_util_available": true, "process_util_backend": "nvml", "process_sm_util_percent": null, "process_mem_util_percent": null}
{"timestamp_unix": 1772432410.204136, "pid": 42724, "device_index": 0, "gpu_uuid": "GPU-6f954bfd-7081-31b7-f15c-f9a174bf4d7f", "gpu_util_percent": 11.0, "gpu_mem_util_percent": 1.0, "gpu_mem_used_mib": 991.0, "gpu_mem_total_mib": 49140.0, "gpu_power_w": 73.48, "process_present": true, "process_mem_mib": 500.0, "process_mem_share_percent": 1.0175010175010175, "process_util_available": true, "process_util_backend": "nvml", "process_sm_util_percent": null, "process_mem_util_percent": null}
{"timestamp_unix": 1772432410.5413, "pid": 42724, "device_index": 0, "gpu_uuid": "GPU-6f954bfd-7081-31b7-f15c-f9a174bf4d7f", "gpu_util_percent": 11.0, "gpu_mem_util_percent": 1.0, "gpu_mem_used_mib": 991.0, "gpu_mem_total_mib": 49140.0, "gpu_power_w": 73.48, "process_present": true, "process_mem_mib": 500.0, "process_mem_share_percent": 1.0175010175010175, "process_util_available": true, "process_util_backend": "nvml", "process_sm_util_percent": null, "process_mem_util_percent": null}
{"timestamp_unix": 1772432410.8350544, "pid": 42724, "device_index": 0, "gpu_uuid": "GPU-6f954bfd-7081-31b7-f15c-f9a174bf4d7f", "gpu_util_percent": 11.0, "gpu_mem_util_percent": 1.0, "gpu_mem_used_mib": 1079.0, "gpu_mem_total_mib": 49140.0, "gpu_power_w": 83.06, "process_present": true, "process_mem_mib": 584.0, "process_mem_share_percent": 1.1884411884411885, "process_util_available": true, "process_util_backend": "nvml", "process_sm_util_percent": 16.0, "process_mem_util_percent": 1.0}
{"timestamp_unix": 1772432411.1234899, "pid": 42724, "device_index": 0, "gpu_uuid": "GPU-6f954bfd-7081-31b7-f15c-f9a174bf4d7f", "gpu_util_percent": 11.0, "gpu_mem_util_percent": 1.0, "gpu_mem_used_mib": 1171.0, "gpu_mem_total_mib": 49140.0, "gpu_power_w": 83.06, "process_present": true, "process_mem_mib": 676.0, "process_mem_share_percent": 1.3756613756613756, "process_util_available": true, "process_util_backend": "nvml", "process_sm_util_percent": 16.0, "process_mem_util_percent": 1.0}
{"timestamp_unix": 1772432411.4152408, "pid": 42724, "device_index": 0, "gpu_uuid": "GPU-6f954bfd-7081-31b7-f15c-f9a174bf4d7f", "gpu_util_percent": 15.0, "gpu_mem_util_percent": 2.0, "gpu_mem_used_mib": 1465.0, "gpu_mem_total_mib": 49140.0, "gpu_power_w": 83.27, "process_present": true, "process_mem_mib": 1008.0, "process_mem_share_percent": 2.051282051282051, "process_util_available": true, "process_util_backend": "nvml", "process_sm_util_percent": 18.0, "process_mem_util_percent": 1.0}
{"timestamp_unix": 1772432411.7272997, "pid": 42724, "device_index": 0, "gpu_uuid": "GPU-6f954bfd-7081-31b7-f15c-f9a174bf4d7f", "gpu_util_percent": 15.0, "gpu_mem_util_percent": 2.0, "gpu_mem_used_mib": 1799.0, "gpu_mem_total_mib": 49140.0, "gpu_power_w": 85.86, "process_present": true, "process_mem_mib": 1364.0, "process_mem_share_percent": 2.7757427757427755, "process_util_available": true, "process_util_backend": "nvml", "process_sm_util_percent": 10.0, "process_mem_util_percent": 1.0}
{"timestamp_unix": 1772432412.0334048, "pid": 42724, "device_index": 0, "gpu_uuid": "GPU-6f954bfd-7081-31b7-f15c-f9a174bf4d7f", "gpu_util_percent": 15.0, "gpu_mem_util_percent": 2.0, "gpu_mem_used_mib": 2169.0, "gpu_mem_total_mib": 49140.0, "gpu_power_w": 85.86, "process_present": true, "process_mem_mib": 1736.0, "process_mem_share_percent": 3.5327635327635325, "process_util_available": true, "process_util_backend": "nvml", "process_sm_util_percent": 19.0, "process_mem_util_percent": 2.0}
{"timestamp_unix": 1772432412.3338015, "pid": 42724, "device_index": 0, "gpu_uuid": "GPU-6f954bfd-7081-31b7-f15c-f9a174bf4d7f", "gpu_util_percent": 21.0, "gpu_mem_util_percent": 2.0, "gpu_mem_used_mib": 2566.0, "gpu_mem_total_mib": 49140.0, "gpu_power_w": 88.46, "process_present": true, "process_mem_mib": 2118.0, "process_mem_share_percent": 4.31013431013431, "process_util_available": true, "process_util_backend": "nvml", "process_sm_util_percent": 22.0, "process_mem_util_percent": 2.0}
{"timestamp_unix": 1772432412.6248844, "pid": 42724, "device_index": 0, "gpu_uuid": "GPU-6f954bfd-7081-31b7-f15c-f9a174bf4d7f", "gpu_util_percent": 21.0, "gpu_mem_util_percent": 2.0, "gpu_mem_used_mib": 2994.0, "gpu_mem_total_mib": 49140.0, "gpu_power_w": 88.46, "process_present": true, "process_mem_mib": 2542.0, "process_mem_share_percent": 5.172975172975173, "process_util_available": true, "process_util_backend": "nvml", "process_sm_util_percent": 21.0, "process_mem_util_percent": 2.0}
{"timestamp_unix": 1772432412.91475, "pid": 42724, "device_index": 0, "gpu_uuid": "GPU-6f954bfd-7081-31b7-f15c-f9a174bf4d7f", "gpu_util_percent": 21.0, "gpu_mem_util_percent": 2.0, "gpu_mem_used_mib": 3402.0, "gpu_mem_total_mib": 49140.0, "gpu_power_w": 89.32, "process_present": true, "process_mem_mib": 2978.0, "process_mem_share_percent": 6.06023606023606, "process_util_available": true, "process_util_backend": "nvml", "process_sm_util_percent": 11.0, "process_mem_util_percent": 1.0}
{"timestamp_unix": 1772432413.2049644, "pid": 42724, "device_index": 0, "gpu_uuid": "GPU-6f954bfd-7081-31b7-f15c-f9a174bf4d7f", "gpu_util_percent": 25.0, "gpu_mem_util_percent": 2.0, "gpu_mem_used_mib": 3876.0, "gpu_mem_total_mib": 49140.0, "gpu_power_w": 89.45, "process_present": true, "process_mem_mib": 3436.0, "process_mem_share_percent": 6.992266992266992, "process_util_available": true, "process_util_backend": "nvml", "process_sm_util_percent": 23.0, "process_mem_util_percent": 2.0}
{"timestamp_unix": 1772432413.492513, "pid": 42724, "device_index": 0, "gpu_uuid": "GPU-6f954bfd-7081-31b7-f15c-f9a174bf4d7f", "gpu_util_percent": 25.0, "gpu_mem_util_percent": 2.0, "gpu_mem_used_mib": 4336.0, "gpu_mem_total_mib": 49140.0, "gpu_power_w": 89.45, "process_present": true, "process_mem_mib": 3910.0, "process_mem_share_percent": 7.956857956857958, "process_util_available": true, "process_util_backend": "nvml", "process_sm_util_percent": 22.0, "process_mem_util_percent": 2.0}
{"timestamp_unix": 1772432413.7839396, "pid": 42724, "device_index": 0, "gpu_uuid": "GPU-6f954bfd-7081-31b7-f15c-f9a174bf4d7f", "gpu_util_percent": 25.0, "gpu_mem_util_percent": 2.0, "gpu_mem_used_mib": 4816.0, "gpu_mem_total_mib": 49140.0, "gpu_power_w": 89.67, "process_present": true, "process_mem_mib": 4396.0, "process_mem_share_percent": 8.945868945868945, "process_util_available": true, "process_util_backend": "nvml", "process_sm_util_percent": 22.0, "process_mem_util_percent": 2.0}
{"timestamp_unix": 1772432414.0723822, "pid": 42724, "device_index": 0, "gpu_uuid": "GPU-6f954bfd-7081-31b7-f15c-f9a174bf4d7f", "gpu_util_percent": 25.0, "gpu_mem_util_percent": 2.0, "gpu_mem_used_mib": 5330.0, "gpu_mem_total_mib": 49140.0, "gpu_power_w": 89.67, "process_present": true, "process_mem_mib": 4900.0, "process_mem_share_percent": 9.971509971509972, "process_util_available": true, "process_util_backend": "nvml", "process_sm_util_percent": 11.0, "process_mem_util_percent": 1.0}
{"timestamp_unix": 1772432414.377999, "pid": 42724, "device_index": 0, "gpu_uuid": "GPU-6f954bfd-7081-31b7-f15c-f9a174bf4d7f", "gpu_util_percent": 22.0, "gpu_mem_util_percent": 2.0, "gpu_mem_used_mib": 5840.0, "gpu_mem_total_mib": 49140.0, "gpu_power_w": 89.92, "process_present": true, "process_mem_mib": 5428.0, "process_mem_share_percent": 11.045991045991046, "process_util_available": true, "process_util_backend": "nvml", "process_sm_util_percent": 22.0, "process_mem_util_percent": 2.0}
{"timestamp_unix": 1772432414.6939845, "pid": 42724, "device_index": 0, "gpu_uuid": "GPU-6f954bfd-7081-31b7-f15c-f9a174bf4d7f", "gpu_util_percent": 22.0, "gpu_mem_util_percent": 2.0, "gpu_mem_used_mib": 6370.0, "gpu_mem_total_mib": 49140.0, "gpu_power_w": 89.86, "process_present": true, "process_mem_mib": 5936.0, "process_mem_share_percent": 12.07977207977208, "process_util_available": true, "process_util_backend": "nvml", "process_sm_util_percent": null, "process_mem_util_percent": null}
{"timestamp_unix": 1772432415.0015616, "pid": 42724, "device_index": 0, "gpu_uuid": "GPU-6f954bfd-7081-31b7-f15c-f9a174bf4d7f", "gpu_util_percent": 22.0, "gpu_mem_util_percent": 2.0, "gpu_mem_used_mib": 6608.0, "gpu_mem_total_mib": 49140.0, "gpu_power_w": 89.86, "process_present": true, "process_mem_mib": 6190.0, "process_mem_share_percent": 12.596662596662597, "process_util_available": true, "process_util_backend": "nvml", "process_sm_util_percent": 18.0, "process_mem_util_percent": 1.0}
{"timestamp_unix": 1772432415.2987804, "pid": 42724, "device_index": 0, "gpu_uuid": "GPU-6f954bfd-7081-31b7-f15c-f9a174bf4d7f", "gpu_util_percent": 24.0, "gpu_mem_util_percent": 3.0, "gpu_mem_used_mib": 6679.0, "gpu_mem_total_mib": 49140.0, "gpu_power_w": 88.64, "process_present": true, "process_mem_mib": 6190.0, "process_mem_share_percent": 12.596662596662597, "process_util_available": true, "process_util_backend": "nvml", "process_sm_util_percent": 23.0, "process_mem_util_percent": 2.0}
{"timestamp_unix": 1772432415.5903237, "pid": 42724, "device_index": 0, "gpu_uuid": "GPU-6f954bfd-7081-31b7-f15c-f9a174bf4d7f", "gpu_util_percent": 24.0, "gpu_mem_util_percent": 3.0, "gpu_mem_used_mib": 6679.0, "gpu_mem_total_mib": 49140.0, "gpu_power_w": 88.64, "process_present": true, "process_mem_mib": 6190.0, "process_mem_share_percent": 12.596662596662597, "process_util_available": true, "process_util_backend": "nvml", "process_sm_util_percent": 26.0, "process_mem_util_percent": 2.0}
{"timestamp_unix": 1772432415.8775415, "pid": 42724, "device_index": 0, "gpu_uuid": "GPU-6f954bfd-7081-31b7-f15c-f9a174bf4d7f", "gpu_util_percent": 24.0, "gpu_mem_util_percent": 3.0, "gpu_mem_used_mib": 6679.0, "gpu_mem_total_mib": 49140.0, "gpu_power_w": 90.16, "process_present": true, "process_mem_mib": 6190.0, "process_mem_share_percent": 12.596662596662597, "process_util_available": true, "process_util_backend": "nvml", "process_sm_util_percent": 26.0, "process_mem_util_percent": 2.0}
{"timestamp_unix": 1772432416.167781, "pid": 42724, "device_index": 0, "gpu_uuid": "GPU-6f954bfd-7081-31b7-f15c-f9a174bf4d7f", "gpu_util_percent": 27.0, "gpu_mem_util_percent": 3.0, "gpu_mem_used_mib": 6679.0, "gpu_mem_total_mib": 49140.0, "gpu_power_w": 92.65, "process_present": true, "process_mem_mib": 6190.0, "process_mem_share_percent": 12.596662596662597, "process_util_available": true, "process_util_backend": "nvml", "process_sm_util_percent": 26.0, "process_mem_util_percent": 3.0}
{"timestamp_unix": 1772432416.4554877, "pid": 42724, "device_index": 0, "gpu_uuid": "GPU-6f954bfd-7081-31b7-f15c-f9a174bf4d7f", "gpu_util_percent": 27.0, "gpu_mem_util_percent": 3.0, "gpu_mem_used_mib": 6679.0, "gpu_mem_total_mib": 49140.0, "gpu_power_w": 92.65, "process_present": true, "process_mem_mib": 6190.0, "process_mem_share_percent": 12.596662596662597, "process_util_available": true, "process_util_backend": "nvml", "process_sm_util_percent": 26.0, "process_mem_util_percent": 2.0}
{"timestamp_unix": 1772432416.746257, "pid": 42724, "device_index": 0, "gpu_uuid": "GPU-6f954bfd-7081-31b7-f15c-f9a174bf4d7f", "gpu_util_percent": 27.0, "gpu_mem_util_percent": 3.0, "gpu_mem_used_mib": 6679.0, "gpu_mem_total_mib": 49140.0, "gpu_power_w": 92.66, "process_present": true, "process_mem_mib": 6190.0, "process_mem_share_percent": 12.596662596662597, "process_util_available": true, "process_util_backend": "nvml", "process_sm_util_percent": 26.0, "process_mem_util_percent": 2.0}
{"timestamp_unix": 1772432417.0365298, "pid": 42724, "device_index": 0, "gpu_uuid": "GPU-6f954bfd-7081-31b7-f15c-f9a174bf4d7f", "gpu_util_percent": 27.0, "gpu_mem_util_percent": 3.0, "gpu_mem_used_mib": 6679.0, "gpu_mem_total_mib": 49140.0, "gpu_power_w": 92.66, "process_present": true, "process_mem_mib": 6190.0, "process_mem_share_percent": 12.596662596662597, "process_util_available": true, "process_util_backend": "nvml", "process_sm_util_percent": 26.0, "process_mem_util_percent": 2.0}
{"timestamp_unix": 1772432417.344191, "pid": 42724, "device_index": 0, "gpu_uuid": "GPU-6f954bfd-7081-31b7-f15c-f9a174bf4d7f", "gpu_util_percent": 25.0, "gpu_mem_util_percent": 3.0, "gpu_mem_used_mib": 6678.0, "gpu_mem_total_mib": 49140.0, "gpu_power_w": 92.42, "process_present": true, "process_mem_mib": 6190.0, "process_mem_share_percent": 12.596662596662597, "process_util_available": true, "process_util_backend": "nvml", "process_sm_util_percent": 26.0, "process_mem_util_percent": 2.0}
{"timestamp_unix": 1772432417.6491768, "pid": 42724, "device_index": 0, "gpu_uuid": "GPU-6f954bfd-7081-31b7-f15c-f9a174bf4d7f", "gpu_util_percent": 25.0, "gpu_mem_util_percent": 3.0, "gpu_mem_used_mib": 6678.0, "gpu_mem_total_mib": 49140.0, "gpu_power_w": 92.25, "process_present": true, "process_mem_mib": 6190.0, "process_mem_share_percent": 12.596662596662597, "process_util_available": true, "process_util_backend": "nvml", "process_sm_util_percent": 26.0, "process_mem_util_percent": 2.0}
{"timestamp_unix": 1772432417.9491346, "pid": 42724, "device_index": 0, "gpu_uuid": "GPU-6f954bfd-7081-31b7-f15c-f9a174bf4d7f", "gpu_util_percent": 25.0, "gpu_mem_util_percent": 3.0, "gpu_mem_used_mib": 6678.0, "gpu_mem_total_mib": 49140.0, "gpu_power_w": 92.25, "process_present": true, "process_mem_mib": 6190.0, "process_mem_share_percent": 12.596662596662597, "process_util_available": true, "process_util_backend": "nvml", "process_sm_util_percent": 26.0, "process_mem_util_percent": 2.0}
{"timestamp_unix": 1772432418.2394745, "pid": 42724, "device_index": 0, "gpu_uuid": "GPU-6f954bfd-7081-31b7-f15c-f9a174bf4d7f", "gpu_util_percent": 27.0, "gpu_mem_util_percent": 3.0, "gpu_mem_used_mib": 6680.0, "gpu_mem_total_mib": 49140.0, "gpu_power_w": 92.14, "process_present": true, "process_mem_mib": 6190.0, "process_mem_share_percent": 12.596662596662597, "process_util_available": true, "process_util_backend": "nvml", "process_sm_util_percent": 27.0, "process_mem_util_percent": 2.0}
{"timestamp_unix": 1772432418.5337818, "pid": 42724, "device_index": 0, "gpu_uuid": "GPU-6f954bfd-7081-31b7-f15c-f9a174bf4d7f", "gpu_util_percent": 27.0, "gpu_mem_util_percent": 3.0, "gpu_mem_used_mib": 6680.0, "gpu_mem_total_mib": 49140.0, "gpu_power_w": 92.14, "process_present": true, "process_mem_mib": 6190.0, "process_mem_share_percent": 12.596662596662597, "process_util_available": true, "process_util_backend": "nvml", "process_sm_util_percent": 26.0, "process_mem_util_percent": 2.0}
{"timestamp_unix": 1772432418.8202825, "pid": 42724, "device_index": 0, "gpu_uuid": "GPU-6f954bfd-7081-31b7-f15c-f9a174bf4d7f", "gpu_util_percent": 27.0, "gpu_mem_util_percent": 3.0, "gpu_mem_used_mib": 6680.0, "gpu_mem_total_mib": 49140.0, "gpu_power_w": 92.12, "process_present": true, "process_mem_mib": 6190.0, "process_mem_share_percent": 12.596662596662597, "process_util_available": true, "process_util_backend": "nvml", "process_sm_util_percent": 26.0, "process_mem_util_percent": 2.0}
{"timestamp_unix": 1772432419.1098225, "pid": 42724, "device_index": 0, "gpu_uuid": "GPU-6f954bfd-7081-31b7-f15c-f9a174bf4d7f", "gpu_util_percent": 27.0, "gpu_mem_util_percent": 3.0, "gpu_mem_used_mib": 6680.0, "gpu_mem_total_mib": 49140.0, "gpu_power_w": 92.12, "process_present": true, "process_mem_mib": 6190.0, "process_mem_share_percent": 12.596662596662597, "process_util_available": true, "process_util_backend": "nvml", "process_sm_util_percent": 26.0, "process_mem_util_percent": 2.0}
{"timestamp_unix": 1772432419.4010117, "pid": 42724, "device_index": 0, "gpu_uuid": "GPU-6f954bfd-7081-31b7-f15c-f9a174bf4d7f", "gpu_util_percent": 26.0, "gpu_mem_util_percent": 3.0, "gpu_mem_used_mib": 6680.0, "gpu_mem_total_mib": 49140.0, "gpu_power_w": 92.12, "process_present": true, "process_mem_mib": 6190.0, "process_mem_share_percent": 12.596662596662597, "process_util_available": true, "process_util_backend": "nvml", "process_sm_util_percent": 23.0, "process_mem_util_percent": 2.0}
{"timestamp_unix": 1772432419.6903543, "pid": 42724, "device_index": 0, "gpu_uuid": "GPU-6f954bfd-7081-31b7-f15c-f9a174bf4d7f", "gpu_util_percent": 26.0, "gpu_mem_util_percent": 3.0, "gpu_mem_used_mib": 6680.0, "gpu_mem_total_mib": 49140.0, "gpu_power_w": 91.45, "process_present": true, "process_mem_mib": 6190.0, "process_mem_share_percent": 12.596662596662597, "process_util_available": true, "process_util_backend": "nvml", "process_sm_util_percent": 24.0, "process_mem_util_percent": 2.0}
{"timestamp_unix": 1772432419.996115, "pid": 42724, "device_index": 0, "gpu_uuid": "GPU-6f954bfd-7081-31b7-f15c-f9a174bf4d7f", "gpu_util_percent": 26.0, "gpu_mem_util_percent": 3.0, "gpu_mem_used_mib": 6880.0, "gpu_mem_total_mib": 49140.0, "gpu_power_w": 91.45, "process_present": true, "process_mem_mib": 6450.0, "process_mem_share_percent": 13.125763125763127, "process_util_available": true, "process_util_backend": "nvml", "process_sm_util_percent": 24.0, "process_mem_util_percent": 2.0}
{"timestamp_unix": 1772432420.2987535, "pid": 42724, "device_index": 0, "gpu_uuid": "GPU-6f954bfd-7081-31b7-f15c-f9a174bf4d7f", "gpu_util_percent": 25.0, "gpu_mem_util_percent": 3.0, "gpu_mem_used_mib": 7360.0, "gpu_mem_total_mib": 49140.0, "gpu_power_w": 91.09, "process_present": true, "process_mem_mib": 6950.0, "process_mem_share_percent": 14.143264143264142, "process_util_available": true, "process_util_backend": "nvml", "process_sm_util_percent": 24.0, "process_mem_util_percent": 2.0}
{"timestamp_unix": 1772432420.627372, "pid": 42724, "device_index": 0, "gpu_uuid": "GPU-6f954bfd-7081-31b7-f15c-f9a174bf4d7f", "gpu_util_percent": 25.0, "gpu_mem_util_percent": 3.0, "gpu_mem_used_mib": 7896.0, "gpu_mem_total_mib": 49140.0, "gpu_power_w": 91.09, "process_present": true, "process_mem_mib": 7490.0, "process_mem_share_percent": 15.242165242165242, "process_util_available": true, "process_util_backend": "nvml", "process_sm_util_percent": 23.0, "process_mem_util_percent": 2.0}
{"timestamp_unix": 1772432420.918006, "pid": 42724, "device_index": 0, "gpu_uuid": "GPU-6f954bfd-7081-31b7-f15c-f9a174bf4d7f", "gpu_util_percent": 25.0, "gpu_mem_util_percent": 3.0, "gpu_mem_used_mib": 8440.0, "gpu_mem_total_mib": 49140.0, "gpu_power_w": 91.26, "process_present": true, "process_mem_mib": 8030.0, "process_mem_share_percent": 16.34106634106634, "process_util_available": true, "process_util_backend": "nvml", "process_sm_util_percent": 24.0, "process_mem_util_percent": 2.0}
{"timestamp_unix": 1772432421.2072072, "pid": 42724, "device_index": 0, "gpu_uuid": "GPU-6f954bfd-7081-31b7-f15c-f9a174bf4d7f", "gpu_util_percent": 24.0, "gpu_mem_util_percent": 3.0, "gpu_mem_used_mib": 8980.0, "gpu_mem_total_mib": 49140.0, "gpu_power_w": 91.18, "process_present": true, "process_mem_mib": 8570.0, "process_mem_share_percent": 17.43996743996744, "process_util_available": true, "process_util_backend": "nvml", "process_sm_util_percent": 23.0, "process_mem_util_percent": 2.0}
{"timestamp_unix": 1772432421.498927, "pid": 42724, "device_index": 0, "gpu_uuid": "GPU-6f954bfd-7081-31b7-f15c-f9a174bf4d7f", "gpu_util_percent": 24.0, "gpu_mem_util_percent": 3.0, "gpu_mem_used_mib": 9560.0, "gpu_mem_total_mib": 49140.0, "gpu_power_w": 91.18, "process_present": true, "process_mem_mib": 9150.0, "process_mem_share_percent": 18.62026862026862, "process_util_available": true, "process_util_backend": "nvml", "process_sm_util_percent": 23.0, "process_mem_util_percent": 2.0}
{"timestamp_unix": 1772432421.78962, "pid": 42724, "device_index": 0, "gpu_uuid": "GPU-6f954bfd-7081-31b7-f15c-f9a174bf4d7f", "gpu_util_percent": 24.0, "gpu_mem_util_percent": 3.0, "gpu_mem_used_mib": 10160.0, "gpu_mem_total_mib": 49140.0, "gpu_power_w": 91.19, "process_present": true, "process_mem_mib": 9750.0, "process_mem_share_percent": 19.841269841269842, "process_util_available": true, "process_util_backend": "nvml", "process_sm_util_percent": 24.0, "process_mem_util_percent": 2.0}
{"timestamp_unix": 1772432422.0856953, "pid": 42724, "device_index": 0, "gpu_uuid": "GPU-6f954bfd-7081-31b7-f15c-f9a174bf4d7f", "gpu_util_percent": 24.0, "gpu_mem_util_percent": 3.0, "gpu_mem_used_mib": 10780.0, "gpu_mem_total_mib": 49140.0, "gpu_power_w": 91.19, "process_present": true, "process_mem_mib": 10390.0, "process_mem_share_percent": 21.143671143671146, "process_util_available": true, "process_util_backend": "nvml", "process_sm_util_percent": 24.0, "process_mem_util_percent": 2.0}
{"timestamp_unix": 1772432422.3768673, "pid": 42724, "device_index": 0, "gpu_uuid": "GPU-6f954bfd-7081-31b7-f15c-f9a174bf4d7f", "gpu_util_percent": 25.0, "gpu_mem_util_percent": 3.0, "gpu_mem_used_mib": 11420.0, "gpu_mem_total_mib": 49140.0, "gpu_power_w": 91.44, "process_present": true, "process_mem_mib": 10990.0, "process_mem_share_percent": 22.364672364672362, "process_util_available": true, "process_util_backend": "nvml", "process_sm_util_percent": 24.0, "process_mem_util_percent": 2.0}
{"timestamp_unix": 1772432422.6869345, "pid": 42724, "device_index": 0, "gpu_uuid": "GPU-6f954bfd-7081-31b7-f15c-f9a174bf4d7f", "gpu_util_percent": 25.0, "gpu_mem_util_percent": 3.0, "gpu_mem_used_mib": 11520.0, "gpu_mem_total_mib": 49140.0, "gpu_power_w": 90.22, "process_present": true, "process_mem_mib": 11030.0, "process_mem_share_percent": 22.446072446072446, "process_util_available": true, "process_util_backend": "nvml", "process_sm_util_percent": 11.0, "process_mem_util_percent": 1.0}
{"timestamp_unix": 1772432422.9948006, "pid": 42724, "device_index": 0, "gpu_uuid": "GPU-6f954bfd-7081-31b7-f15c-f9a174bf4d7f", "gpu_util_percent": 25.0, "gpu_mem_util_percent": 3.0, "gpu_mem_used_mib": 11520.0, "gpu_mem_total_mib": 49140.0, "gpu_power_w": 90.22, "process_present": true, "process_mem_mib": 11030.0, "process_mem_share_percent": 22.446072446072446, "process_util_available": true, "process_util_backend": "nvml", "process_sm_util_percent": 26.0, "process_mem_util_percent": 3.0}
{"timestamp_unix": 1772432423.3008816, "pid": 42724, "device_index": 0, "gpu_uuid": "GPU-6f954bfd-7081-31b7-f15c-f9a174bf4d7f", "gpu_util_percent": 27.0, "gpu_mem_util_percent": 3.0, "gpu_mem_used_mib": 11520.0, "gpu_mem_total_mib": 49140.0, "gpu_power_w": 90.84, "process_present": true, "process_mem_mib": 11030.0, "process_mem_share_percent": 22.446072446072446, "process_util_available": true, "process_util_backend": "nvml", "process_sm_util_percent": 25.0, "process_mem_util_percent": 2.0}
{"timestamp_unix": 1772432423.5891533, "pid": 42724, "device_index": 0, "gpu_uuid": "GPU-6f954bfd-7081-31b7-f15c-f9a174bf4d7f", "gpu_util_percent": 27.0, "gpu_mem_util_percent": 3.0, "gpu_mem_used_mib": 11522.0, "gpu_mem_total_mib": 49140.0, "gpu_power_w": 90.84, "process_present": true, "process_mem_mib": 11030.0, "process_mem_share_percent": 22.446072446072446, "process_util_available": true, "process_util_backend": "nvml", "process_sm_util_percent": 24.0, "process_mem_util_percent": 2.0}
{"timestamp_unix": 1772432423.8774915, "pid": 42724, "device_index": 0, "gpu_uuid": "GPU-6f954bfd-7081-31b7-f15c-f9a174bf4d7f", "gpu_util_percent": 27.0, "gpu_mem_util_percent": 3.0, "gpu_mem_used_mib": 11522.0, "gpu_mem_total_mib": 49140.0, "gpu_power_w": 92.12, "process_present": true, "process_mem_mib": 11030.0, "process_mem_share_percent": 22.446072446072446, "process_util_available": true, "process_util_backend": "nvml", "process_sm_util_percent": 24.0, "process_mem_util_percent": 2.0}
{"timestamp_unix": 1772432424.167732, "pid": 42724, "device_index": 0, "gpu_uuid": "GPU-6f954bfd-7081-31b7-f15c-f9a174bf4d7f", "gpu_util_percent": 27.0, "gpu_mem_util_percent": 3.0, "gpu_mem_used_mib": 11522.0, "gpu_mem_total_mib": 49140.0, "gpu_power_w": 92.67, "process_present": true, "process_mem_mib": 11030.0, "process_mem_share_percent": 22.446072446072446, "process_util_available": true, "process_util_backend": "nvml", "process_sm_util_percent": 25.0, "process_mem_util_percent": 3.0}
{"timestamp_unix": 1772432424.4560153, "pid": 42724, "device_index": 0, "gpu_uuid": "GPU-6f954bfd-7081-31b7-f15c-f9a174bf4d7f", "gpu_util_percent": 27.0, "gpu_mem_util_percent": 3.0, "gpu_mem_used_mib": 11522.0, "gpu_mem_total_mib": 49140.0, "gpu_power_w": 92.67, "process_present": true, "process_mem_mib": 11030.0, "process_mem_share_percent": 22.446072446072446, "process_util_available": true, "process_util_backend": "nvml", "process_sm_util_percent": 25.0, "process_mem_util_percent": 2.0}
{"timestamp_unix": 1772432424.7518892, "pid": 42724, "device_index": 0, "gpu_uuid": "GPU-6f954bfd-7081-31b7-f15c-f9a174bf4d7f", "gpu_util_percent": 27.0, "gpu_mem_util_percent": 3.0, "gpu_mem_used_mib": 11522.0, "gpu_mem_total_mib": 49140.0, "gpu_power_w": 92.57, "process_present": true, "process_mem_mib": 11030.0, "process_mem_share_percent": 22.446072446072446, "process_util_available": true, "process_util_backend": "nvml", "process_sm_util_percent": 24.0, "process_mem_util_percent": 2.0}
{"timestamp_unix": 1772432425.040808, "pid": 42724, "device_index": 0, "gpu_uuid": "GPU-6f954bfd-7081-31b7-f15c-f9a174bf4d7f", "gpu_util_percent": 27.0, "gpu_mem_util_percent": 3.0, "gpu_mem_used_mib": 11522.0, "gpu_mem_total_mib": 49140.0, "gpu_power_w": 92.57, "process_present": true, "process_mem_mib": 11030.0, "process_mem_share_percent": 22.446072446072446, "process_util_available": true, "process_util_backend": "nvml", "process_sm_util_percent": 24.0, "process_mem_util_percent": 2.0}
{"timestamp_unix": 1772432425.3445003, "pid": 42724, "device_index": 0, "gpu_uuid": "GPU-6f954bfd-7081-31b7-f15c-f9a174bf4d7f", "gpu_util_percent": 26.0, "gpu_mem_util_percent": 3.0, "gpu_mem_used_mib": 11522.0, "gpu_mem_total_mib": 49140.0, "gpu_power_w": 92.55, "process_present": true, "process_mem_mib": 11030.0, "process_mem_share_percent": 22.446072446072446, "process_util_available": true, "process_util_backend": "nvml", "process_sm_util_percent": 24.0, "process_mem_util_percent": 2.0}
{"timestamp_unix": 1772432425.671791, "pid": 42724, "device_index": 0, "gpu_uuid": "GPU-6f954bfd-7081-31b7-f15c-f9a174bf4d7f", "gpu_util_percent": 26.0, "gpu_mem_util_percent": 3.0, "gpu_mem_used_mib": 11522.0, "gpu_mem_total_mib": 49140.0, "gpu_power_w": 92.31, "process_present": true, "process_mem_mib": 11030.0, "process_mem_share_percent": 22.446072446072446, "process_util_available": true, "process_util_backend": "nvml", "process_sm_util_percent": 24.0, "process_mem_util_percent": 2.0}
{"timestamp_unix": 1772432425.977383, "pid": 42724, "device_index": 0, "gpu_uuid": "GPU-6f954bfd-7081-31b7-f15c-f9a174bf4d7f", "gpu_util_percent": 26.0, "gpu_mem_util_percent": 3.0, "gpu_mem_used_mib": 11522.0, "gpu_mem_total_mib": 49140.0, "gpu_power_w": 92.31, "process_present": true, "process_mem_mib": 11030.0, "process_mem_share_percent": 22.446072446072446, "process_util_available": true, "process_util_backend": "nvml", "process_sm_util_percent": 23.0, "process_mem_util_percent": 2.0}
{"timestamp_unix": 1772432426.2675364, "pid": 42724, "device_index": 0, "gpu_uuid": "GPU-6f954bfd-7081-31b7-f15c-f9a174bf4d7f", "gpu_util_percent": 24.0, "gpu_mem_util_percent": 3.0, "gpu_mem_used_mib": 11521.0, "gpu_mem_total_mib": 49140.0, "gpu_power_w": 92.19, "process_present": true, "process_mem_mib": 11030.0, "process_mem_share_percent": 22.446072446072446, "process_util_available": true, "process_util_backend": "nvml", "process_sm_util_percent": 23.0, "process_mem_util_percent": 2.0}
{"timestamp_unix": 1772432426.5555089, "pid": 42724, "device_index": 0, "gpu_uuid": "GPU-6f954bfd-7081-31b7-f15c-f9a174bf4d7f", "gpu_util_percent": 24.0, "gpu_mem_util_percent": 3.0, "gpu_mem_used_mib": 11521.0, "gpu_mem_total_mib": 49140.0, "gpu_power_w": 92.19, "process_present": true, "process_mem_mib": 11030.0, "process_mem_share_percent": 22.446072446072446, "process_util_available": true, "process_util_backend": "nvml", "process_sm_util_percent": 24.0, "process_mem_util_percent": 2.0}
{"timestamp_unix": 1772432426.841877, "pid": 42724, "device_index": 0, "gpu_uuid": "GPU-6f954bfd-7081-31b7-f15c-f9a174bf4d7f", "gpu_util_percent": 24.0, "gpu_mem_util_percent": 3.0, "gpu_mem_used_mib": 11521.0, "gpu_mem_total_mib": 49140.0, "gpu_power_w": 92.06, "process_present": true, "process_mem_mib": 11030.0, "process_mem_share_percent": 22.446072446072446, "process_util_available": true, "process_util_backend": "nvml", "process_sm_util_percent": 23.0, "process_mem_util_percent": 2.0}
{"timestamp_unix": 1772432427.1337113, "pid": 42724, "device_index": 0, "gpu_uuid": "GPU-6f954bfd-7081-31b7-f15c-f9a174bf4d7f", "gpu_util_percent": 24.0, "gpu_mem_util_percent": 3.0, "gpu_mem_used_mib": 11521.0, "gpu_mem_total_mib": 49140.0, "gpu_power_w": 91.42, "process_present": true, "process_mem_mib": 11030.0, "process_mem_share_percent": 22.446072446072446, "process_util_available": true, "process_util_backend": "nvml", "process_sm_util_percent": 10.0, "process_mem_util_percent": 1.0}
{"timestamp_unix": 1772432427.4204564, "pid": 42724, "device_index": 0, "gpu_uuid": "GPU-6f954bfd-7081-31b7-f15c-f9a174bf4d7f", "gpu_util_percent": 22.0, "gpu_mem_util_percent": 3.0, "gpu_mem_used_mib": 11521.0, "gpu_mem_total_mib": 49140.0, "gpu_power_w": 91.42, "process_present": true, "process_mem_mib": 11030.0, "process_mem_share_percent": 22.446072446072446, "process_util_available": true, "process_util_backend": "nvml", "process_sm_util_percent": 21.0, "process_mem_util_percent": 2.0}
{"timestamp_unix": 1772432427.708795, "pid": 42724, "device_index": 0, "gpu_uuid": "GPU-6f954bfd-7081-31b7-f15c-f9a174bf4d7f", "gpu_util_percent": 22.0, "gpu_mem_util_percent": 3.0, "gpu_mem_used_mib": 11521.0, "gpu_mem_total_mib": 49140.0, "gpu_power_w": 91.39, "process_present": true, "process_mem_mib": 11030.0, "process_mem_share_percent": 22.446072446072446, "process_util_available": true, "process_util_backend": "nvml", "process_sm_util_percent": 21.0, "process_mem_util_percent": 2.0}
{"timestamp_unix": 1772432428.0106966, "pid": 42724, "device_index": 0, "gpu_uuid": "GPU-6f954bfd-7081-31b7-f15c-f9a174bf4d7f", "gpu_util_percent": 22.0, "gpu_mem_util_percent": 3.0, "gpu_mem_used_mib": 11521.0, "gpu_mem_total_mib": 49140.0, "gpu_power_w": 91.39, "process_present": true, "process_mem_mib": 11030.0, "process_mem_share_percent": 22.446072446072446, "process_util_available": true, "process_util_backend": "nvml", "process_sm_util_percent": 21.0, "process_mem_util_percent": 2.0}
{"timestamp_unix": 1772432428.3163197, "pid": 42724, "device_index": 0, "gpu_uuid": "GPU-6f954bfd-7081-31b7-f15c-f9a174bf4d7f", "gpu_util_percent": 24.0, "gpu_mem_util_percent": 3.0, "gpu_mem_used_mib": 11521.0, "gpu_mem_total_mib": 49140.0, "gpu_power_w": 91.98, "process_present": true, "process_mem_mib": 11030.0, "process_mem_share_percent": 22.446072446072446, "process_util_available": true, "process_util_backend": "nvml", "process_sm_util_percent": 22.0, "process_mem_util_percent": 3.0}
{"timestamp_unix": 1772432428.6163685, "pid": 42724, "device_index": 0, "gpu_uuid": "GPU-6f954bfd-7081-31b7-f15c-f9a174bf4d7f", "gpu_util_percent": 24.0, "gpu_mem_util_percent": 3.0, "gpu_mem_used_mib": 11520.0, "gpu_mem_total_mib": 49140.0, "gpu_power_w": 91.98, "process_present": true, "process_mem_mib": 11030.0, "process_mem_share_percent": 22.446072446072446, "process_util_available": true, "process_util_backend": "nvml", "process_sm_util_percent": 22.0, "process_mem_util_percent": 3.0}
{"timestamp_unix": 1772432428.9984684, "pid": 42724, "device_index": 0, "gpu_uuid": "GPU-6f954bfd-7081-31b7-f15c-f9a174bf4d7f", "gpu_util_percent": 24.0, "gpu_mem_util_percent": 3.0, "gpu_mem_used_mib": 11520.0, "gpu_mem_total_mib": 49140.0, "gpu_power_w": 92.13, "process_present": true, "process_mem_mib": 11030.0, "process_mem_share_percent": 22.446072446072446, "process_util_available": true, "process_util_backend": "nvml", "process_sm_util_percent": 11.0, "process_mem_util_percent": 1.0}
{"timestamp_unix": 1772432429.2883453, "pid": 42724, "device_index": 0, "gpu_uuid": "GPU-6f954bfd-7081-31b7-f15c-f9a174bf4d7f", "gpu_util_percent": 25.0, "gpu_mem_util_percent": 3.0, "gpu_mem_used_mib": 12060.0, "gpu_mem_total_mib": 49140.0, "gpu_power_w": 90.78, "process_present": true, "process_mem_mib": 11710.0, "process_mem_share_percent": 23.82987382987383, "process_util_available": true, "process_util_backend": "nvml", "process_sm_util_percent": 22.0, "process_mem_util_percent": 2.0}
{"timestamp_unix": 1772432429.5769396, "pid": 42724, "device_index": 0, "gpu_uuid": "GPU-6f954bfd-7081-31b7-f15c-f9a174bf4d7f", "gpu_util_percent": 25.0, "gpu_mem_util_percent": 3.0, "gpu_mem_used_mib": 13000.0, "gpu_mem_total_mib": 49140.0, "gpu_power_w": 90.78, "process_present": true, "process_mem_mib": 12610.0, "process_mem_share_percent": 25.66137566137566, "process_util_available": true, "process_util_backend": "nvml", "process_sm_util_percent": 22.0, "process_mem_util_percent": 3.0}
{"timestamp_unix": 1772432429.8671002, "pid": 42724, "device_index": 0, "gpu_uuid": "GPU-6f954bfd-7081-31b7-f15c-f9a174bf4d7f", "gpu_util_percent": 25.0, "gpu_mem_util_percent": 3.0, "gpu_mem_used_mib": 13940.0, "gpu_mem_total_mib": 49140.0, "gpu_power_w": 90.62, "process_present": true, "process_mem_mib": 13570.0, "process_mem_share_percent": 27.614977614977615, "process_util_available": true, "process_util_backend": "nvml", "process_sm_util_percent": 11.0, "process_mem_util_percent": 1.0}
{"timestamp_unix": 1772432430.1559608, "pid": 42724, "device_index": 0, "gpu_uuid": "GPU-6f954bfd-7081-31b7-f15c-f9a174bf4d7f", "gpu_util_percent": 21.0, "gpu_mem_util_percent": 3.0, "gpu_mem_used_mib": 14620.0, "gpu_mem_total_mib": 49140.0, "gpu_power_w": 91.69, "process_present": true, "process_mem_mib": 14130.0, "process_mem_share_percent": 28.754578754578752, "process_util_available": true, "process_util_backend": "nvml", "process_sm_util_percent": null, "process_mem_util_percent": null}
{"timestamp_unix": 1772432430.4458032, "pid": 42724, "device_index": 0, "gpu_uuid": "GPU-6f954bfd-7081-31b7-f15c-f9a174bf4d7f", "gpu_util_percent": 21.0, "gpu_mem_util_percent": 3.0, "gpu_mem_used_mib": 14660.0, "gpu_mem_total_mib": 49140.0, "gpu_power_w": 91.69, "process_present": true, "process_mem_mib": 14170.0, "process_mem_share_percent": 28.835978835978835, "process_util_available": true, "process_util_backend": "nvml", "process_sm_util_percent": 15.0, "process_mem_util_percent": 1.0}
{"timestamp_unix": 1772432430.7394314, "pid": 42724, "device_index": 0, "gpu_uuid": "GPU-6f954bfd-7081-31b7-f15c-f9a174bf4d7f", "gpu_util_percent": 21.0, "gpu_mem_util_percent": 3.0, "gpu_mem_used_mib": 14660.0, "gpu_mem_total_mib": 49140.0, "gpu_power_w": 90.75, "process_present": true, "process_mem_mib": 14170.0, "process_mem_share_percent": 28.835978835978835, "process_util_available": true, "process_util_backend": "nvml", "process_sm_util_percent": 25.0, "process_mem_util_percent": 2.0}
{"timestamp_unix": 1772432431.044394, "pid": 42724, "device_index": 0, "gpu_uuid": "GPU-6f954bfd-7081-31b7-f15c-f9a174bf4d7f", "gpu_util_percent": 21.0, "gpu_mem_util_percent": 3.0, "gpu_mem_used_mib": 14660.0, "gpu_mem_total_mib": 49140.0, "gpu_power_w": 90.75, "process_present": true, "process_mem_mib": 14170.0, "process_mem_share_percent": 28.835978835978835, "process_util_available": true, "process_util_backend": "nvml", "process_sm_util_percent": 25.0, "process_mem_util_percent": 2.0}
{"timestamp_unix": 1772432431.3511398, "pid": 42724, "device_index": 0, "gpu_uuid": "GPU-6f954bfd-7081-31b7-f15c-f9a174bf4d7f", "gpu_util_percent": 27.0, "gpu_mem_util_percent": 3.0, "gpu_mem_used_mib": 14660.0, "gpu_mem_total_mib": 49140.0, "gpu_power_w": 91.31, "process_present": true, "process_mem_mib": 14170.0, "process_mem_share_percent": 28.835978835978835, "process_util_available": true, "process_util_backend": "nvml", "process_sm_util_percent": 25.0, "process_mem_util_percent": 2.0}
{"timestamp_unix": 1772432431.6468053, "pid": 42724, "device_index": 0, "gpu_uuid": "GPU-6f954bfd-7081-31b7-f15c-f9a174bf4d7f", "gpu_util_percent": 27.0, "gpu_mem_util_percent": 3.0, "gpu_mem_used_mib": 14660.0, "gpu_mem_total_mib": 49140.0, "gpu_power_w": 92.77, "process_present": true, "process_mem_mib": 14170.0, "process_mem_share_percent": 28.835978835978835, "process_util_available": true, "process_util_backend": "nvml", "process_sm_util_percent": 24.0, "process_mem_util_percent": 2.0}
{"timestamp_unix": 1772432431.9483445, "pid": 42724, "device_index": 0, "gpu_uuid": "GPU-6f954bfd-7081-31b7-f15c-f9a174bf4d7f", "gpu_util_percent": 27.0, "gpu_mem_util_percent": 3.0, "gpu_mem_used_mib": 14660.0, "gpu_mem_total_mib": 49140.0, "gpu_power_w": 92.77, "process_present": true, "process_mem_mib": 14170.0, "process_mem_share_percent": 28.835978835978835, "process_util_available": true, "process_util_backend": "nvml", "process_sm_util_percent": 22.0, "process_mem_util_percent": 2.0}
{"timestamp_unix": 1772432432.2426178, "pid": 42724, "device_index": 0, "gpu_uuid": "GPU-6f954bfd-7081-31b7-f15c-f9a174bf4d7f", "gpu_util_percent": 24.0, "gpu_mem_util_percent": 3.0, "gpu_mem_used_mib": 14660.0, "gpu_mem_total_mib": 49140.0, "gpu_power_w": 92.55, "process_present": true, "process_mem_mib": 14170.0, "process_mem_share_percent": 28.835978835978835, "process_util_available": true, "process_util_backend": "nvml", "process_sm_util_percent": 23.0, "process_mem_util_percent": 3.0}
{"timestamp_unix": 1772432432.5344777, "pid": 42724, "device_index": 0, "gpu_uuid": "GPU-6f954bfd-7081-31b7-f15c-f9a174bf4d7f", "gpu_util_percent": 24.0, "gpu_mem_util_percent": 3.0, "gpu_mem_used_mib": 14660.0, "gpu_mem_total_mib": 49140.0, "gpu_power_w": 92.55, "process_present": true, "process_mem_mib": 14170.0, "process_mem_share_percent": 28.835978835978835, "process_util_available": true, "process_util_backend": "nvml", "process_sm_util_percent": 22.0, "process_mem_util_percent": 2.0}
{"timestamp_unix": 1772432432.8247004, "pid": 42724, "device_index": 0, "gpu_uuid": "GPU-6f954bfd-7081-31b7-f15c-f9a174bf4d7f", "gpu_util_percent": 24.0, "gpu_mem_util_percent": 3.0, "gpu_mem_used_mib": 14660.0, "gpu_mem_total_mib": 49140.0, "gpu_power_w": 92.65, "process_present": true, "process_mem_mib": 14170.0, "process_mem_share_percent": 28.835978835978835, "process_util_available": true, "process_util_backend": "nvml", "process_sm_util_percent": 21.0, "process_mem_util_percent": 2.0}
{"timestamp_unix": 1772432433.1169384, "pid": 42724, "device_index": 0, "gpu_uuid": "GPU-6f954bfd-7081-31b7-f15c-f9a174bf4d7f", "gpu_util_percent": 24.0, "gpu_mem_util_percent": 3.0, "gpu_mem_used_mib": 14660.0, "gpu_mem_total_mib": 49140.0, "gpu_power_w": 92.65, "process_present": true, "process_mem_mib": 14170.0, "process_mem_share_percent": 28.835978835978835, "process_util_available": true, "process_util_backend": "nvml", "process_sm_util_percent": 21.0, "process_mem_util_percent": 2.0}
{"timestamp_unix": 1772432433.4049652, "pid": 42724, "device_index": 0, "gpu_uuid": "GPU-6f954bfd-7081-31b7-f15c-f9a174bf4d7f", "gpu_util_percent": 22.0, "gpu_mem_util_percent": 3.0, "gpu_mem_used_mib": 14660.0, "gpu_mem_total_mib": 49140.0, "gpu_power_w": 92.8, "process_present": true, "process_mem_mib": 14170.0, "process_mem_share_percent": 28.835978835978835, "process_util_available": true, "process_util_backend": "nvml", "process_sm_util_percent": 21.0, "process_mem_util_percent": 2.0}
{"timestamp_unix": 1772432433.695722, "pid": 42724, "device_index": 0, "gpu_uuid": "GPU-6f954bfd-7081-31b7-f15c-f9a174bf4d7f", "gpu_util_percent": 22.0, "gpu_mem_util_percent": 3.0, "gpu_mem_used_mib": 14660.0, "gpu_mem_total_mib": 49140.0, "gpu_power_w": 92.79, "process_present": true, "process_mem_mib": 14170.0, "process_mem_share_percent": 28.835978835978835, "process_util_available": true, "process_util_backend": "nvml", "process_sm_util_percent": 22.0, "process_mem_util_percent": 2.0}
{"timestamp_unix": 1772432434.000984, "pid": 42724, "device_index": 0, "gpu_uuid": "GPU-6f954bfd-7081-31b7-f15c-f9a174bf4d7f", "gpu_util_percent": 22.0, "gpu_mem_util_percent": 3.0, "gpu_mem_used_mib": 14660.0, "gpu_mem_total_mib": 49140.0, "gpu_power_w": 92.79, "process_present": true, "process_mem_mib": 14170.0, "process_mem_share_percent": 28.835978835978835, "process_util_available": true, "process_util_backend": "nvml", "process_sm_util_percent": 23.0, "process_mem_util_percent": 2.0}
{"timestamp_unix": 1772432434.3003416, "pid": 42724, "device_index": 0, "gpu_uuid": "GPU-6f954bfd-7081-31b7-f15c-f9a174bf4d7f", "gpu_util_percent": 24.0, "gpu_mem_util_percent": 3.0, "gpu_mem_used_mib": 14659.0, "gpu_mem_total_mib": 49140.0, "gpu_power_w": 92.82, "process_present": true, "process_mem_mib": 14170.0, "process_mem_share_percent": 28.835978835978835, "process_util_available": true, "process_util_backend": "nvml", "process_sm_util_percent": 24.0, "process_mem_util_percent": 2.0}
{"timestamp_unix": 1772432434.599633, "pid": 42724, "device_index": 0, "gpu_uuid": "GPU-6f954bfd-7081-31b7-f15c-f9a174bf4d7f", "gpu_util_percent": 24.0, "gpu_mem_util_percent": 3.0, "gpu_mem_used_mib": 14659.0, "gpu_mem_total_mib": 49140.0, "gpu_power_w": 92.82, "process_present": true, "process_mem_mib": 14170.0, "process_mem_share_percent": 28.835978835978835, "process_util_available": true, "process_util_backend": "nvml", "process_sm_util_percent": 24.0, "process_mem_util_percent": 2.0}
{"timestamp_unix": 1772432434.9055593, "pid": 42724, "device_index": 0, "gpu_uuid": "GPU-6f954bfd-7081-31b7-f15c-f9a174bf4d7f", "gpu_util_percent": 24.0, "gpu_mem_util_percent": 3.0, "gpu_mem_used_mib": 14659.0, "gpu_mem_total_mib": 49140.0, "gpu_power_w": 92.76, "process_present": true, "process_mem_mib": 14170.0, "process_mem_share_percent": 28.835978835978835, "process_util_available": true, "process_util_backend": "nvml", "process_sm_util_percent": 21.0, "process_mem_util_percent": 2.0}
{"timestamp_unix": 1772432435.1934628, "pid": 42724, "device_index": 0, "gpu_uuid": "GPU-6f954bfd-7081-31b7-f15c-f9a174bf4d7f", "gpu_util_percent": 26.0, "gpu_mem_util_percent": 3.0, "gpu_mem_used_mib": 14660.0, "gpu_mem_total_mib": 49140.0, "gpu_power_w": 92.12, "process_present": true, "process_mem_mib": 14170.0, "process_mem_share_percent": 28.835978835978835, "process_util_available": true, "process_util_backend": "nvml", "process_sm_util_percent": 23.0, "process_mem_util_percent": 3.0}
{"timestamp_unix": 1772432435.4831877, "pid": 42724, "device_index": 0, "gpu_uuid": "GPU-6f954bfd-7081-31b7-f15c-f9a174bf4d7f", "gpu_util_percent": 26.0, "gpu_mem_util_percent": 3.0, "gpu_mem_used_mib": 14660.0, "gpu_mem_total_mib": 49140.0, "gpu_power_w": 92.12, "process_present": true, "process_mem_mib": 14170.0, "process_mem_share_percent": 28.835978835978835, "process_util_available": true, "process_util_backend": "nvml", "process_sm_util_percent": 23.0, "process_mem_util_percent": 3.0}
{"timestamp_unix": 1772432435.769786, "pid": 42724, "device_index": 0, "gpu_uuid": "GPU-6f954bfd-7081-31b7-f15c-f9a174bf4d7f", "gpu_util_percent": 26.0, "gpu_mem_util_percent": 3.0, "gpu_mem_used_mib": 14656.0, "gpu_mem_total_mib": 49140.0, "gpu_power_w": 92.13, "process_present": true, "process_mem_mib": 14170.0, "process_mem_share_percent": 28.835978835978835, "process_util_available": true, "process_util_backend": "nvml", "process_sm_util_percent": 22.0, "process_mem_util_percent": 3.0}
{"timestamp_unix": 1772432436.058844, "pid": 42724, "device_index": 0, "gpu_uuid": "GPU-6f954bfd-7081-31b7-f15c-f9a174bf4d7f", "gpu_util_percent": 26.0, "gpu_mem_util_percent": 3.0, "gpu_mem_used_mib": 14656.0, "gpu_mem_total_mib": 49140.0, "gpu_power_w": 92.13, "process_present": true, "process_mem_mib": 14170.0, "process_mem_share_percent": 28.835978835978835, "process_util_available": true, "process_util_backend": "nvml", "process_sm_util_percent": 23.0, "process_mem_util_percent": 3.0}
{"timestamp_unix": 1772432436.3510933, "pid": 42724, "device_index": 0, "gpu_uuid": "GPU-6f954bfd-7081-31b7-f15c-f9a174bf4d7f", "gpu_util_percent": 23.0, "gpu_mem_util_percent": 3.0, "gpu_mem_used_mib": 14656.0, "gpu_mem_total_mib": 49140.0, "gpu_power_w": 92.66, "process_present": true, "process_mem_mib": 14170.0, "process_mem_share_percent": 28.835978835978835, "process_util_available": true, "process_util_backend": "nvml", "process_sm_util_percent": 23.0, "process_mem_util_percent": 3.0}
{"timestamp_unix": 1772432436.6394475, "pid": 42724, "device_index": 0, "gpu_uuid": "GPU-6f954bfd-7081-31b7-f15c-f9a174bf4d7f", "gpu_util_percent": 23.0, "gpu_mem_util_percent": 3.0, "gpu_mem_used_mib": 14656.0, "gpu_mem_total_mib": 49140.0, "gpu_power_w": 92.69, "process_present": true, "process_mem_mib": 14170.0, "process_mem_share_percent": 28.835978835978835, "process_util_available": true, "process_util_backend": "nvml", "process_sm_util_percent": 23.0, "process_mem_util_percent": 3.0}
{"timestamp_unix": 1772432436.9460382, "pid": 42724, "device_index": 0, "gpu_uuid": "GPU-6f954bfd-7081-31b7-f15c-f9a174bf4d7f", "gpu_util_percent": 23.0, "gpu_mem_util_percent": 3.0, "gpu_mem_used_mib": 14756.0, "gpu_mem_total_mib": 49140.0, "gpu_power_w": 92.69, "process_present": true, "process_mem_mib": 14470.0, "process_mem_share_percent": 29.446479446479444, "process_util_available": true, "process_util_backend": "nvml", "process_sm_util_percent": 23.0, "process_mem_util_percent": 3.0}
{"timestamp_unix": 1772432437.2612503, "pid": 42724, "device_index": 0, "gpu_uuid": "GPU-6f954bfd-7081-31b7-f15c-f9a174bf4d7f", "gpu_util_percent": 25.0, "gpu_mem_util_percent": 4.0, "gpu_mem_used_mib": 15996.0, "gpu_mem_total_mib": 49140.0, "gpu_power_w": 92.66, "process_present": true, "process_mem_mib": 15710.0, "process_mem_share_percent": 31.969881969881968, "process_util_available": true, "process_util_backend": "nvml", "process_sm_util_percent": 23.0, "process_mem_util_percent": 3.0}
{"timestamp_unix": 1772432437.5535462, "pid": 42724, "device_index": 0, "gpu_uuid": "GPU-6f954bfd-7081-31b7-f15c-f9a174bf4d7f", "gpu_util_percent": 25.0, "gpu_mem_util_percent": 4.0, "gpu_mem_used_mib": 17236.0, "gpu_mem_total_mib": 49140.0, "gpu_power_w": 92.66, "process_present": true, "process_mem_mib": 16930.0, "process_mem_share_percent": 34.45258445258445, "process_util_available": true, "process_util_backend": "nvml", "process_sm_util_percent": 22.0, "process_mem_util_percent": 3.0}
{"timestamp_unix": 1772432437.8435564, "pid": 42724, "device_index": 0, "gpu_uuid": "GPU-6f954bfd-7081-31b7-f15c-f9a174bf4d7f", "gpu_util_percent": 25.0, "gpu_mem_util_percent": 4.0, "gpu_mem_used_mib": 17816.0, "gpu_mem_total_mib": 49140.0, "gpu_power_w": 92.43, "process_present": true, "process_mem_mib": 17330.0, "process_mem_share_percent": 35.26658526658527, "process_util_available": true, "process_util_backend": "nvml", "process_sm_util_percent": null, "process_mem_util_percent": null}
{"timestamp_unix": 1772432438.1363037, "pid": 42724, "device_index": 0, "gpu_uuid": "GPU-6f954bfd-7081-31b7-f15c-f9a174bf4d7f", "gpu_util_percent": 27.0, "gpu_mem_util_percent": 3.0, "gpu_mem_used_mib": 17856.0, "gpu_mem_total_mib": 49140.0, "gpu_power_w": 90.7, "process_present": true, "process_mem_mib": 17370.0, "process_mem_share_percent": 35.34798534798535, "process_util_available": true, "process_util_backend": "nvml", "process_sm_util_percent": 12.0, "process_mem_util_percent": 1.0}
{"timestamp_unix": 1772432438.4257119, "pid": 42724, "device_index": 0, "gpu_uuid": "GPU-6f954bfd-7081-31b7-f15c-f9a174bf4d7f", "gpu_util_percent": 27.0, "gpu_mem_util_percent": 3.0, "gpu_mem_used_mib": 17856.0, "gpu_mem_total_mib": 49140.0, "gpu_power_w": 90.7, "process_present": true, "process_mem_mib": 17370.0, "process_mem_share_percent": 35.34798534798535, "process_util_available": true, "process_util_backend": "nvml", "process_sm_util_percent": 25.0, "process_mem_util_percent": 3.0}
{"timestamp_unix": 1772432438.719583, "pid": 42724, "device_index": 0, "gpu_uuid": "GPU-6f954bfd-7081-31b7-f15c-f9a174bf4d7f", "gpu_util_percent": 27.0, "gpu_mem_util_percent": 3.0, "gpu_mem_used_mib": 17856.0, "gpu_mem_total_mib": 49140.0, "gpu_power_w": 91.14, "process_present": true, "process_mem_mib": 17370.0, "process_mem_share_percent": 35.34798534798535, "process_util_available": true, "process_util_backend": "nvml", "process_sm_util_percent": 25.0, "process_mem_util_percent": 3.0}
{"timestamp_unix": 1772432439.0084312, "pid": 42724, "device_index": 0, "gpu_uuid": "GPU-6f954bfd-7081-31b7-f15c-f9a174bf4d7f", "gpu_util_percent": 27.0, "gpu_mem_util_percent": 3.0, "gpu_mem_used_mib": 17856.0, "gpu_mem_total_mib": 49140.0, "gpu_power_w": 91.14, "process_present": true, "process_mem_mib": 17370.0, "process_mem_share_percent": 35.34798534798535, "process_util_available": true, "process_util_backend": "nvml", "process_sm_util_percent": 25.0, "process_mem_util_percent": 3.0}
{"timestamp_unix": 1772432439.3037465, "pid": 42724, "device_index": 0, "gpu_uuid": "GPU-6f954bfd-7081-31b7-f15c-f9a174bf4d7f", "gpu_util_percent": 27.0, "gpu_mem_util_percent": 3.0, "gpu_mem_used_mib": 17856.0, "gpu_mem_total_mib": 49140.0, "gpu_power_w": 93.57, "process_present": true, "process_mem_mib": 17370.0, "process_mem_share_percent": 35.34798534798535, "process_util_available": true, "process_util_backend": "nvml", "process_sm_util_percent": 25.0, "process_mem_util_percent": 3.0}
{"timestamp_unix": 1772432439.601971, "pid": 42724, "device_index": 0, "gpu_uuid": "GPU-6f954bfd-7081-31b7-f15c-f9a174bf4d7f", "gpu_util_percent": 27.0, "gpu_mem_util_percent": 3.0, "gpu_mem_used_mib": 17856.0, "gpu_mem_total_mib": 49140.0, "gpu_power_w": 93.57, "process_present": true, "process_mem_mib": 17370.0, "process_mem_share_percent": 35.34798534798535, "process_util_available": true, "process_util_backend": "nvml", "process_sm_util_percent": 24.0, "process_mem_util_percent": 3.0}
{"timestamp_unix": 1772432439.8994253, "pid": 42724, "device_index": 0, "gpu_uuid": "GPU-6f954bfd-7081-31b7-f15c-f9a174bf4d7f", "gpu_util_percent": 27.0, "gpu_mem_util_percent": 3.0, "gpu_mem_used_mib": 17856.0, "gpu_mem_total_mib": 49140.0, "gpu_power_w": 93.55, "process_present": true, "process_mem_mib": 17370.0, "process_mem_share_percent": 35.34798534798535, "process_util_available": true, "process_util_backend": "nvml", "process_sm_util_percent": 24.0, "process_mem_util_percent": 3.0}
{"timestamp_unix": 1772432440.2041948, "pid": 42724, "device_index": 0, "gpu_uuid": "GPU-6f954bfd-7081-31b7-f15c-f9a174bf4d7f", "gpu_util_percent": 27.0, "gpu_mem_util_percent": 3.0, "gpu_mem_used_mib": 17856.0, "gpu_mem_total_mib": 49140.0, "gpu_power_w": 93.62, "process_present": true, "process_mem_mib": 17370.0, "process_mem_share_percent": 35.34798534798535, "process_util_available": true, "process_util_backend": "nvml", "process_sm_util_percent": 25.0, "process_mem_util_percent": 3.0}
{"timestamp_unix": 1772432440.492788, "pid": 42724, "device_index": 0, "gpu_uuid": "GPU-6f954bfd-7081-31b7-f15c-f9a174bf4d7f", "gpu_util_percent": 27.0, "gpu_mem_util_percent": 3.0, "gpu_mem_used_mib": 17856.0, "gpu_mem_total_mib": 49140.0, "gpu_power_w": 93.62, "process_present": true, "process_mem_mib": 17370.0, "process_mem_share_percent": 35.34798534798535, "process_util_available": true, "process_util_backend": "nvml", "process_sm_util_percent": 25.0, "process_mem_util_percent": 3.0}
{"timestamp_unix": 1772432440.789783, "pid": 42724, "device_index": 0, "gpu_uuid": "GPU-6f954bfd-7081-31b7-f15c-f9a174bf4d7f", "gpu_util_percent": 27.0, "gpu_mem_util_percent": 3.0, "gpu_mem_used_mib": 17856.0, "gpu_mem_total_mib": 49140.0, "gpu_power_w": 93.36, "process_present": true, "process_mem_mib": 17370.0, "process_mem_share_percent": 35.34798534798535, "process_util_available": true, "process_util_backend": "nvml", "process_sm_util_percent": 25.0, "process_mem_util_percent": 3.0}
{"timestamp_unix": 1772432441.079535, "pid": 42724, "device_index": 0, "gpu_uuid": "GPU-6f954bfd-7081-31b7-f15c-f9a174bf4d7f", "gpu_util_percent": 27.0, "gpu_mem_util_percent": 3.0, "gpu_mem_used_mib": 17862.0, "gpu_mem_total_mib": 49140.0, "gpu_power_w": 93.36, "process_present": true, "process_mem_mib": 17370.0, "process_mem_share_percent": 35.34798534798535, "process_util_available": true, "process_util_backend": "nvml", "process_sm_util_percent": 26.0, "process_mem_util_percent": 3.0}
{"timestamp_unix": 1772432441.3717608, "pid": 42724, "device_index": 0, "gpu_uuid": "GPU-6f954bfd-7081-31b7-f15c-f9a174bf4d7f", "gpu_util_percent": 26.0, "gpu_mem_util_percent": 3.0, "gpu_mem_used_mib": 17862.0, "gpu_mem_total_mib": 49140.0, "gpu_power_w": 93.35, "process_present": true, "process_mem_mib": 17370.0, "process_mem_share_percent": 35.34798534798535, "process_util_available": true, "process_util_backend": "nvml", "process_sm_util_percent": 25.0, "process_mem_util_percent": 3.0}
{"timestamp_unix": 1772432441.659912, "pid": 42724, "device_index": 0, "gpu_uuid": "GPU-6f954bfd-7081-31b7-f15c-f9a174bf4d7f", "gpu_util_percent": 26.0, "gpu_mem_util_percent": 3.0, "gpu_mem_used_mib": 17862.0, "gpu_mem_total_mib": 49140.0, "gpu_power_w": 93.25, "process_present": true, "process_mem_mib": 17370.0, "process_mem_share_percent": 35.34798534798535, "process_util_available": true, "process_util_backend": "nvml", "process_sm_util_percent": 24.0, "process_mem_util_percent": 2.0}
{"timestamp_unix": 1772432441.951582, "pid": 42724, "device_index": 0, "gpu_uuid": "GPU-6f954bfd-7081-31b7-f15c-f9a174bf4d7f", "gpu_util_percent": 26.0, "gpu_mem_util_percent": 3.0, "gpu_mem_used_mib": 17862.0, "gpu_mem_total_mib": 49140.0, "gpu_power_w": 93.25, "process_present": true, "process_mem_mib": 17370.0, "process_mem_share_percent": 35.34798534798535, "process_util_available": true, "process_util_backend": "nvml", "process_sm_util_percent": 24.0, "process_mem_util_percent": 2.0}
{"timestamp_unix": 1772432442.2614095, "pid": 42724, "device_index": 0, "gpu_uuid": "GPU-6f954bfd-7081-31b7-f15c-f9a174bf4d7f", "gpu_util_percent": 26.0, "gpu_mem_util_percent": 3.0, "gpu_mem_used_mib": 17862.0, "gpu_mem_total_mib": 49140.0, "gpu_power_w": 93.21, "process_present": true, "process_mem_mib": 17370.0, "process_mem_share_percent": 35.34798534798535, "process_util_available": true, "process_util_backend": "nvml", "process_sm_util_percent": 13.0, "process_mem_util_percent": 1.0}
{"timestamp_unix": 1772432442.5772645, "pid": 42724, "device_index": 0, "gpu_uuid": "GPU-6f954bfd-7081-31b7-f15c-f9a174bf4d7f", "gpu_util_percent": 26.0, "gpu_mem_util_percent": 3.0, "gpu_mem_used_mib": 17862.0, "gpu_mem_total_mib": 49140.0, "gpu_power_w": 93.21, "process_present": true, "process_mem_mib": 17370.0, "process_mem_share_percent": 35.34798534798535, "process_util_available": true, "process_util_backend": "nvml", "process_sm_util_percent": 21.0, "process_mem_util_percent": 2.0}
{"timestamp_unix": 1772432442.883206, "pid": 42724, "device_index": 0, "gpu_uuid": "GPU-6f954bfd-7081-31b7-f15c-f9a174bf4d7f", "gpu_util_percent": 26.0, "gpu_mem_util_percent": 3.0, "gpu_mem_used_mib": 17862.0, "gpu_mem_total_mib": 49140.0, "gpu_power_w": 92.26, "process_present": true, "process_mem_mib": 17370.0, "process_mem_share_percent": 35.34798534798535, "process_util_available": true, "process_util_backend": "nvml", "process_sm_util_percent": 22.0, "process_mem_util_percent": 3.0}
{"timestamp_unix": 1772432443.1727896, "pid": 42724, "device_index": 0, "gpu_uuid": "GPU-6f954bfd-7081-31b7-f15c-f9a174bf4d7f", "gpu_util_percent": 24.0, "gpu_mem_util_percent": 4.0, "gpu_mem_used_mib": 17862.0, "gpu_mem_total_mib": 49140.0, "gpu_power_w": 92.13, "process_present": true, "process_mem_mib": 17370.0, "process_mem_share_percent": 35.34798534798535, "process_util_available": true, "process_util_backend": "nvml", "process_sm_util_percent": 23.0, "process_mem_util_percent": 3.0}
{"timestamp_unix": 1772432443.4626276, "pid": 42724, "device_index": 0, "gpu_uuid": "GPU-6f954bfd-7081-31b7-f15c-f9a174bf4d7f", "gpu_util_percent": 24.0, "gpu_mem_util_percent": 4.0, "gpu_mem_used_mib": 17861.0, "gpu_mem_total_mib": 49140.0, "gpu_power_w": 92.13, "process_present": true, "process_mem_mib": 17370.0, "process_mem_share_percent": 35.34798534798535, "process_util_available": true, "process_util_backend": "nvml", "process_sm_util_percent": 23.0, "process_mem_util_percent": 3.0}
{"timestamp_unix": 1772432443.7549186, "pid": 42724, "device_index": 0, "gpu_uuid": "GPU-6f954bfd-7081-31b7-f15c-f9a174bf4d7f", "gpu_util_percent": 24.0, "gpu_mem_util_percent": 4.0, "gpu_mem_used_mib": 17861.0, "gpu_mem_total_mib": 49140.0, "gpu_power_w": 92.89, "process_present": true, "process_mem_mib": 17370.0, "process_mem_share_percent": 35.34798534798535, "process_util_available": true, "process_util_backend": "nvml", "process_sm_util_percent": 23.0, "process_mem_util_percent": 3.0}
{"timestamp_unix": 1772432444.044217, "pid": 42724, "device_index": 0, "gpu_uuid": "GPU-6f954bfd-7081-31b7-f15c-f9a174bf4d7f", "gpu_util_percent": 24.0, "gpu_mem_util_percent": 4.0, "gpu_mem_used_mib": 17861.0, "gpu_mem_total_mib": 49140.0, "gpu_power_w": 92.89, "process_present": true, "process_mem_mib": 17370.0, "process_mem_share_percent": 35.34798534798535, "process_util_available": true, "process_util_backend": "nvml", "process_sm_util_percent": 23.0, "process_mem_util_percent": 3.0}
{"timestamp_unix": 1772432444.3349714, "pid": 42724, "device_index": 0, "gpu_uuid": "GPU-6f954bfd-7081-31b7-f15c-f9a174bf4d7f", "gpu_util_percent": 24.0, "gpu_mem_util_percent": 4.0, "gpu_mem_used_mib": 17861.0, "gpu_mem_total_mib": 49140.0, "gpu_power_w": 93.21, "process_present": true, "process_mem_mib": 17370.0, "process_mem_share_percent": 35.34798534798535, "process_util_available": true, "process_util_backend": "nvml", "process_sm_util_percent": 23.0, "process_mem_util_percent": 3.0}
{"timestamp_unix": 1772432444.625534, "pid": 42724, "device_index": 0, "gpu_uuid": "GPU-6f954bfd-7081-31b7-f15c-f9a174bf4d7f", "gpu_util_percent": 24.0, "gpu_mem_util_percent": 4.0, "gpu_mem_used_mib": 17861.0, "gpu_mem_total_mib": 49140.0, "gpu_power_w": 93.21, "process_present": true, "process_mem_mib": 17370.0, "process_mem_share_percent": 35.34798534798535, "process_util_available": true, "process_util_backend": "nvml", "process_sm_util_percent": 22.0, "process_mem_util_percent": 3.0}
{"timestamp_unix": 1772432444.9303045, "pid": 42724, "device_index": 0, "gpu_uuid": "GPU-6f954bfd-7081-31b7-f15c-f9a174bf4d7f", "gpu_util_percent": 24.0, "gpu_mem_util_percent": 4.0, "gpu_mem_used_mib": 18981.0, "gpu_mem_total_mib": 49140.0, "gpu_power_w": 93.34, "process_present": true, "process_mem_mib": 18690.0, "process_mem_share_percent": 38.034188034188034, "process_util_available": true, "process_util_backend": "nvml", "process_sm_util_percent": 22.0, "process_mem_util_percent": 3.0}
{"timestamp_unix": 1772432445.2439053, "pid": 42724, "device_index": 0, "gpu_uuid": "GPU-6f954bfd-7081-31b7-f15c-f9a174bf4d7f", "gpu_util_percent": 23.0, "gpu_mem_util_percent": 4.0, "gpu_mem_used_mib": 20361.0, "gpu_mem_total_mib": 49140.0, "gpu_power_w": 93.05, "process_present": true, "process_mem_mib": 20090.0, "process_mem_share_percent": 40.883190883190885, "process_util_available": true, "process_util_backend": "nvml", "process_sm_util_percent": null, "process_mem_util_percent": null}
{"timestamp_unix": 1772432445.5510275, "pid": 42724, "device_index": 0, "gpu_uuid": "GPU-6f954bfd-7081-31b7-f15c-f9a174bf4d7f", "gpu_util_percent": 23.0, "gpu_mem_util_percent": 4.0, "gpu_mem_used_mib": 21181.0, "gpu_mem_total_mib": 49140.0, "gpu_power_w": 93.05, "process_present": true, "process_mem_mib": 20690.0, "process_mem_share_percent": 42.10419210419211, "process_util_available": true, "process_util_backend": "nvml", "process_sm_util_percent": null, "process_mem_util_percent": null}
{"timestamp_unix": 1772432445.8421493, "pid": 42724, "device_index": 0, "gpu_uuid": "GPU-6f954bfd-7081-31b7-f15c-f9a174bf4d7f", "gpu_util_percent": 23.0, "gpu_mem_util_percent": 4.0, "gpu_mem_used_mib": 21197.0, "gpu_mem_total_mib": 49140.0, "gpu_power_w": 91.25, "process_present": true, "process_mem_mib": 20710.0, "process_mem_share_percent": 42.14489214489214, "process_util_available": true, "process_util_backend": "nvml", "process_sm_util_percent": 16.0, "process_mem_util_percent": 1.0}
{"timestamp_unix": 1772432446.1332457, "pid": 42724, "device_index": 0, "gpu_uuid": "GPU-6f954bfd-7081-31b7-f15c-f9a174bf4d7f", "gpu_util_percent": 23.0, "gpu_mem_util_percent": 4.0, "gpu_mem_used_mib": 21195.0, "gpu_mem_total_mib": 49140.0, "gpu_power_w": 91.25, "process_present": true, "process_mem_mib": 20710.0, "process_mem_share_percent": 42.14489214489214, "process_util_available": true, "process_util_backend": "nvml", "process_sm_util_percent": 24.0, "process_mem_util_percent": 3.0}
{"timestamp_unix": 1772432446.4216971, "pid": 42724, "device_index": 0, "gpu_uuid": "GPU-6f954bfd-7081-31b7-f15c-f9a174bf4d7f", "gpu_util_percent": 25.0, "gpu_mem_util_percent": 4.0, "gpu_mem_used_mib": 21195.0, "gpu_mem_total_mib": 49140.0, "gpu_power_w": 91.25, "process_present": true, "process_mem_mib": 20710.0, "process_mem_share_percent": 42.14489214489214, "process_util_available": true, "process_util_backend": "nvml", "process_sm_util_percent": 24.0, "process_mem_util_percent": 3.0}
{"timestamp_unix": 1772432446.7087407, "pid": 42724, "device_index": 0, "gpu_uuid": "GPU-6f954bfd-7081-31b7-f15c-f9a174bf4d7f", "gpu_util_percent": 25.0, "gpu_mem_util_percent": 4.0, "gpu_mem_used_mib": 21195.0, "gpu_mem_total_mib": 49140.0, "gpu_power_w": 92.67, "process_present": true, "process_mem_mib": 20710.0, "process_mem_share_percent": 42.14489214489214, "process_util_available": true, "process_util_backend": "nvml", "process_sm_util_percent": 24.0, "process_mem_util_percent": 3.0}
{"timestamp_unix": 1772432447.0014827, "pid": 42724, "device_index": 0, "gpu_uuid": "GPU-6f954bfd-7081-31b7-f15c-f9a174bf4d7f", "gpu_util_percent": 25.0, "gpu_mem_util_percent": 4.0, "gpu_mem_used_mib": 21195.0, "gpu_mem_total_mib": 49140.0, "gpu_power_w": 92.67, "process_present": true, "process_mem_mib": 20710.0, "process_mem_share_percent": 42.14489214489214, "process_util_available": true, "process_util_backend": "nvml", "process_sm_util_percent": 24.0, "process_mem_util_percent": 3.0}
{"timestamp_unix": 1772432447.290212, "pid": 42724, "device_index": 0, "gpu_uuid": "GPU-6f954bfd-7081-31b7-f15c-f9a174bf4d7f", "gpu_util_percent": 25.0, "gpu_mem_util_percent": 4.0, "gpu_mem_used_mib": 21194.0, "gpu_mem_total_mib": 49140.0, "gpu_power_w": 94.03, "process_present": true, "process_mem_mib": 20710.0, "process_mem_share_percent": 42.14489214489214, "process_util_available": true, "process_util_backend": "nvml", "process_sm_util_percent": 24.0, "process_mem_util_percent": 3.0}
{"timestamp_unix": 1772432447.5935657, "pid": 42724, "device_index": 0, "gpu_uuid": "GPU-6f954bfd-7081-31b7-f15c-f9a174bf4d7f", "gpu_util_percent": 25.0, "gpu_mem_util_percent": 4.0, "gpu_mem_used_mib": 21194.0, "gpu_mem_total_mib": 49140.0, "gpu_power_w": 94.03, "process_present": true, "process_mem_mib": 20710.0, "process_mem_share_percent": 42.14489214489214, "process_util_available": true, "process_util_backend": "nvml", "process_sm_util_percent": 24.0, "process_mem_util_percent": 3.0}
{"timestamp_unix": 1772432447.8989813, "pid": 42724, "device_index": 0, "gpu_uuid": "GPU-6f954bfd-7081-31b7-f15c-f9a174bf4d7f", "gpu_util_percent": 25.0, "gpu_mem_util_percent": 4.0, "gpu_mem_used_mib": 21194.0, "gpu_mem_total_mib": 49140.0, "gpu_power_w": 93.92, "process_present": true, "process_mem_mib": 20710.0, "process_mem_share_percent": 42.14489214489214, "process_util_available": true, "process_util_backend": "nvml", "process_sm_util_percent": 24.0, "process_mem_util_percent": 3.0}
{"timestamp_unix": 1772432448.199107, "pid": 42724, "device_index": 0, "gpu_uuid": "GPU-6f954bfd-7081-31b7-f15c-f9a174bf4d7f", "gpu_util_percent": 25.0, "gpu_mem_util_percent": 4.0, "gpu_mem_used_mib": 21194.0, "gpu_mem_total_mib": 49140.0, "gpu_power_w": 93.85, "process_present": true, "process_mem_mib": 20710.0, "process_mem_share_percent": 42.14489214489214, "process_util_available": true, "process_util_backend": "nvml", "process_sm_util_percent": 24.0, "process_mem_util_percent": 3.0}
{"timestamp_unix": 1772432448.489356, "pid": 42724, "device_index": 0, "gpu_uuid": "GPU-6f954bfd-7081-31b7-f15c-f9a174bf4d7f", "gpu_util_percent": 25.0, "gpu_mem_util_percent": 4.0, "gpu_mem_used_mib": 21194.0, "gpu_mem_total_mib": 49140.0, "gpu_power_w": 93.85, "process_present": true, "process_mem_mib": 20710.0, "process_mem_share_percent": 42.14489214489214, "process_util_available": true, "process_util_backend": "nvml", "process_sm_util_percent": 24.0, "process_mem_util_percent": 3.0}
{"timestamp_unix": 1772432448.779295, "pid": 42724, "device_index": 0, "gpu_uuid": "GPU-6f954bfd-7081-31b7-f15c-f9a174bf4d7f", "gpu_util_percent": 25.0, "gpu_mem_util_percent": 4.0, "gpu_mem_used_mib": 21194.0, "gpu_mem_total_mib": 49140.0, "gpu_power_w": 93.82, "process_present": true, "process_mem_mib": 20710.0, "process_mem_share_percent": 42.14489214489214, "process_util_available": true, "process_util_backend": "nvml", "process_sm_util_percent": 24.0, "process_mem_util_percent": 3.0}
{"timestamp_unix": 1772432449.0703657, "pid": 42724, "device_index": 0, "gpu_uuid": "GPU-6f954bfd-7081-31b7-f15c-f9a174bf4d7f", "gpu_util_percent": 25.0, "gpu_mem_util_percent": 4.0, "gpu_mem_used_mib": 21194.0, "gpu_mem_total_mib": 49140.0, "gpu_power_w": 93.82, "process_present": true, "process_mem_mib": 20710.0, "process_mem_share_percent": 42.14489214489214, "process_util_available": true, "process_util_backend": "nvml", "process_sm_util_percent": 24.0, "process_mem_util_percent": 3.0}
{"timestamp_unix": 1772432449.3601367, "pid": 42724, "device_index": 0, "gpu_uuid": "GPU-6f954bfd-7081-31b7-f15c-f9a174bf4d7f", "gpu_util_percent": 24.0, "gpu_mem_util_percent": 3.0, "gpu_mem_used_mib": 21194.0, "gpu_mem_total_mib": 49140.0, "gpu_power_w": 93.71, "process_present": true, "process_mem_mib": 20710.0, "process_mem_share_percent": 42.14489214489214, "process_util_available": true, "process_util_backend": "nvml", "process_sm_util_percent": 23.0, "process_mem_util_percent": 3.0}
{"timestamp_unix": 1772432449.6514642, "pid": 42724, "device_index": 0, "gpu_uuid": "GPU-6f954bfd-7081-31b7-f15c-f9a174bf4d7f", "gpu_util_percent": 24.0, "gpu_mem_util_percent": 3.0, "gpu_mem_used_mib": 21194.0, "gpu_mem_total_mib": 49140.0, "gpu_power_w": 93.62, "process_present": true, "process_mem_mib": 20710.0, "process_mem_share_percent": 42.14489214489214, "process_util_available": true, "process_util_backend": "nvml", "process_sm_util_percent": 23.0, "process_mem_util_percent": 3.0}
{"timestamp_unix": 1772432449.9436932, "pid": 42724, "device_index": 0, "gpu_uuid": "GPU-6f954bfd-7081-31b7-f15c-f9a174bf4d7f", "gpu_util_percent": 24.0, "gpu_mem_util_percent": 3.0, "gpu_mem_used_mib": 21194.0, "gpu_mem_total_mib": 49140.0, "gpu_power_w": 93.62, "process_present": true, "process_mem_mib": 20710.0, "process_mem_share_percent": 42.14489214489214, "process_util_available": true, "process_util_backend": "nvml", "process_sm_util_percent": 23.0, "process_mem_util_percent": 3.0}
{"timestamp_unix": 1772432450.266343, "pid": 42724, "device_index": 0, "gpu_uuid": "GPU-6f954bfd-7081-31b7-f15c-f9a174bf4d7f", "gpu_util_percent": 19.0, "gpu_mem_util_percent": 2.0, "gpu_mem_used_mib": 21196.0, "gpu_mem_total_mib": 49140.0, "gpu_power_w": 93.16, "process_present": true, "process_mem_mib": 20710.0, "process_mem_share_percent": 42.14489214489214, "process_util_available": true, "process_util_backend": "nvml", "process_sm_util_percent": 11.0, "process_mem_util_percent": 1.0}
{"timestamp_unix": 1772432450.568083, "pid": 42724, "device_index": 0, "gpu_uuid": "GPU-6f954bfd-7081-31b7-f15c-f9a174bf4d7f", "gpu_util_percent": 19.0, "gpu_mem_util_percent": 2.0, "gpu_mem_used_mib": 21196.0, "gpu_mem_total_mib": 49140.0, "gpu_power_w": 93.16, "process_present": true, "process_mem_mib": 20710.0, "process_mem_share_percent": 42.14489214489214, "process_util_available": true, "process_util_backend": "nvml", "process_sm_util_percent": 22.0, "process_mem_util_percent": 3.0}
{"timestamp_unix": 1772432450.8601048, "pid": 42724, "device_index": 0, "gpu_uuid": "GPU-6f954bfd-7081-31b7-f15c-f9a174bf4d7f", "gpu_util_percent": 19.0, "gpu_mem_util_percent": 2.0, "gpu_mem_used_mib": 21196.0, "gpu_mem_total_mib": 49140.0, "gpu_power_w": 93.02, "process_present": true, "process_mem_mib": 20710.0, "process_mem_share_percent": 42.14489214489214, "process_util_available": true, "process_util_backend": "nvml", "process_sm_util_percent": 22.0, "process_mem_util_percent": 3.0}
{"timestamp_unix": 1772432451.1508517, "pid": 42724, "device_index": 0, "gpu_uuid": "GPU-6f954bfd-7081-31b7-f15c-f9a174bf4d7f", "gpu_util_percent": 24.0, "gpu_mem_util_percent": 4.0, "gpu_mem_used_mib": 21196.0, "gpu_mem_total_mib": 49140.0, "gpu_power_w": 93.07, "process_present": true, "process_mem_mib": 20710.0, "process_mem_share_percent": 42.14489214489214, "process_util_available": true, "process_util_backend": "nvml", "process_sm_util_percent": 23.0, "process_mem_util_percent": 3.0}
{"timestamp_unix": 1772432451.4389331, "pid": 42724, "device_index": 0, "gpu_uuid": "GPU-6f954bfd-7081-31b7-f15c-f9a174bf4d7f", "gpu_util_percent": 24.0, "gpu_mem_util_percent": 4.0, "gpu_mem_used_mib": 21196.0, "gpu_mem_total_mib": 49140.0, "gpu_power_w": 93.07, "process_present": true, "process_mem_mib": 20710.0, "process_mem_share_percent": 42.14489214489214, "process_util_available": true, "process_util_backend": "nvml", "process_sm_util_percent": 23.0, "process_mem_util_percent": 3.0}
{"timestamp_unix": 1772432451.7284365, "pid": 42724, "device_index": 0, "gpu_uuid": "GPU-6f954bfd-7081-31b7-f15c-f9a174bf4d7f", "gpu_util_percent": 24.0, "gpu_mem_util_percent": 4.0, "gpu_mem_used_mib": 21196.0, "gpu_mem_total_mib": 49140.0, "gpu_power_w": 93.8, "process_present": true, "process_mem_mib": 20710.0, "process_mem_share_percent": 42.14489214489214, "process_util_available": true, "process_util_backend": "nvml", "process_sm_util_percent": 23.0, "process_mem_util_percent": 3.0}
{"timestamp_unix": 1772432452.0203612, "pid": 42724, "device_index": 0, "gpu_uuid": "GPU-6f954bfd-7081-31b7-f15c-f9a174bf4d7f", "gpu_util_percent": 24.0, "gpu_mem_util_percent": 4.0, "gpu_mem_used_mib": 21196.0, "gpu_mem_total_mib": 49140.0, "gpu_power_w": 93.8, "process_present": true, "process_mem_mib": 20710.0, "process_mem_share_percent": 42.14489214489214, "process_util_available": true, "process_util_backend": "nvml", "process_sm_util_percent": 23.0, "process_mem_util_percent": 3.0}
{"timestamp_unix": 1772432452.3102226, "pid": 42724, "device_index": 0, "gpu_uuid": "GPU-6f954bfd-7081-31b7-f15c-f9a174bf4d7f", "gpu_util_percent": 24.0, "gpu_mem_util_percent": 4.0, "gpu_mem_used_mib": 21376.0, "gpu_mem_total_mib": 49140.0, "gpu_power_w": 94.04, "process_present": true, "process_mem_mib": 21170.0, "process_mem_share_percent": 43.08099308099308, "process_util_available": true, "process_util_backend": "nvml", "process_sm_util_percent": 24.0, "process_mem_util_percent": 4.0}
{"timestamp_unix": 1772432452.6021857, "pid": 42724, "device_index": 0, "gpu_uuid": "GPU-6f954bfd-7081-31b7-f15c-f9a174bf4d7f", "gpu_util_percent": 24.0, "gpu_mem_util_percent": 4.0, "gpu_mem_used_mib": 23236.0, "gpu_mem_total_mib": 49140.0, "gpu_power_w": 94.04, "process_present": true, "process_mem_mib": 23010.0, "process_mem_share_percent": 46.82539682539682, "process_util_available": true, "process_util_backend": "nvml", "process_sm_util_percent": 22.0, "process_mem_util_percent": 3.0}
{"timestamp_unix": 1772432452.9007323, "pid": 42724, "device_index": 0, "gpu_uuid": "GPU-6f954bfd-7081-31b7-f15c-f9a174bf4d7f", "gpu_util_percent": 24.0, "gpu_mem_util_percent": 4.0, "gpu_mem_used_mib": 25056.0, "gpu_mem_total_mib": 49140.0, "gpu_power_w": 93.87, "process_present": true, "process_mem_mib": 24850.0, "process_mem_share_percent": 50.56980056980057, "process_util_available": true, "process_util_backend": "nvml", "process_sm_util_percent": 22.0, "process_mem_util_percent": 3.0}
{"timestamp_unix": 1772432453.200881, "pid": 42724, "device_index": 0, "gpu_uuid": "GPU-6f954bfd-7081-31b7-f15c-f9a174bf4d7f", "gpu_util_percent": 19.0, "gpu_mem_util_percent": 4.0, "gpu_mem_used_mib": 26296.0, "gpu_mem_total_mib": 49140.0, "gpu_power_w": 93.45, "process_present": true, "process_mem_mib": 25810.0, "process_mem_share_percent": 52.52340252340252, "process_util_available": true, "process_util_backend": "nvml", "process_sm_util_percent": null, "process_mem_util_percent": null}
{"timestamp_unix": 1772432453.5017436, "pid": 42724, "device_index": 0, "gpu_uuid": "GPU-6f954bfd-7081-31b7-f15c-f9a174bf4d7f", "gpu_util_percent": 19.0, "gpu_mem_util_percent": 4.0, "gpu_mem_used_mib": 26316.0, "gpu_mem_total_mib": 49140.0, "gpu_power_w": 93.45, "process_present": true, "process_mem_mib": 25830.0, "process_mem_share_percent": 52.56410256410257, "process_util_available": true, "process_util_backend": "nvml", "process_sm_util_percent": 10.0, "process_mem_util_percent": 1.0}
{"timestamp_unix": 1772432453.800735, "pid": 42724, "device_index": 0, "gpu_uuid": "GPU-6f954bfd-7081-31b7-f15c-f9a174bf4d7f", "gpu_util_percent": 19.0, "gpu_mem_util_percent": 4.0, "gpu_mem_used_mib": 26316.0, "gpu_mem_total_mib": 49140.0, "gpu_power_w": 91.63, "process_present": true, "process_mem_mib": 25830.0, "process_mem_share_percent": 52.56410256410257, "process_util_available": true, "process_util_backend": "nvml", "process_sm_util_percent": 23.0, "process_mem_util_percent": 3.0}
{"timestamp_unix": 1772432454.1021352, "pid": 42724, "device_index": 0, "gpu_uuid": "GPU-6f954bfd-7081-31b7-f15c-f9a174bf4d7f", "gpu_util_percent": 19.0, "gpu_mem_util_percent": 4.0, "gpu_mem_used_mib": 26316.0, "gpu_mem_total_mib": 49140.0, "gpu_power_w": 91.63, "process_present": true, "process_mem_mib": 25830.0, "process_mem_share_percent": 52.56410256410257, "process_util_available": true, "process_util_backend": "nvml", "process_sm_util_percent": 22.0, "process_mem_util_percent": 3.0}
{"timestamp_unix": 1772432454.3921034, "pid": 42724, "device_index": 0, "gpu_uuid": "GPU-6f954bfd-7081-31b7-f15c-f9a174bf4d7f", "gpu_util_percent": 22.0, "gpu_mem_util_percent": 4.0, "gpu_mem_used_mib": 26316.0, "gpu_mem_total_mib": 49140.0, "gpu_power_w": 92.34, "process_present": true, "process_mem_mib": 25830.0, "process_mem_share_percent": 52.56410256410257, "process_util_available": true, "process_util_backend": "nvml", "process_sm_util_percent": 22.0, "process_mem_util_percent": 3.0}
{"timestamp_unix": 1772432454.6851902, "pid": 42724, "device_index": 0, "gpu_uuid": "GPU-6f954bfd-7081-31b7-f15c-f9a174bf4d7f", "gpu_util_percent": 22.0, "gpu_mem_util_percent": 4.0, "gpu_mem_used_mib": 26316.0, "gpu_mem_total_mib": 49140.0, "gpu_power_w": 94.68, "process_present": true, "process_mem_mib": 25830.0, "process_mem_share_percent": 52.56410256410257, "process_util_available": true, "process_util_backend": "nvml", "process_sm_util_percent": 22.0, "process_mem_util_percent": 3.0}
{"timestamp_unix": 1772432454.976111, "pid": 42724, "device_index": 0, "gpu_uuid": "GPU-6f954bfd-7081-31b7-f15c-f9a174bf4d7f", "gpu_util_percent": 22.0, "gpu_mem_util_percent": 4.0, "gpu_mem_used_mib": 26316.0, "gpu_mem_total_mib": 49140.0, "gpu_power_w": 94.68, "process_present": true, "process_mem_mib": 25830.0, "process_mem_share_percent": 52.56410256410257, "process_util_available": true, "process_util_backend": "nvml", "process_sm_util_percent": 22.0, "process_mem_util_percent": 3.0}
{"timestamp_unix": 1772432455.271915, "pid": 42724, "device_index": 0, "gpu_uuid": "GPU-6f954bfd-7081-31b7-f15c-f9a174bf4d7f", "gpu_util_percent": 22.0, "gpu_mem_util_percent": 4.0, "gpu_mem_used_mib": 26316.0, "gpu_mem_total_mib": 49140.0, "gpu_power_w": 94.68, "process_present": true, "process_mem_mib": 25830.0, "process_mem_share_percent": 52.56410256410257, "process_util_available": true, "process_util_backend": "nvml", "process_sm_util_percent": 23.0, "process_mem_util_percent": 3.0}
{"timestamp_unix": 1772432455.5612142, "pid": 42724, "device_index": 0, "gpu_uuid": "GPU-6f954bfd-7081-31b7-f15c-f9a174bf4d7f", "gpu_util_percent": 22.0, "gpu_mem_util_percent": 4.0, "gpu_mem_used_mib": 26316.0, "gpu_mem_total_mib": 49140.0, "gpu_power_w": 94.68, "process_present": true, "process_mem_mib": 25830.0, "process_mem_share_percent": 52.56410256410257, "process_util_available": true, "process_util_backend": "nvml", "process_sm_util_percent": 24.0, "process_mem_util_percent": 3.0}
{"timestamp_unix": 1772432455.8685308, "pid": 42724, "device_index": 0, "gpu_uuid": "GPU-6f954bfd-7081-31b7-f15c-f9a174bf4d7f", "gpu_util_percent": 22.0, "gpu_mem_util_percent": 4.0, "gpu_mem_used_mib": 26316.0, "gpu_mem_total_mib": 49140.0, "gpu_power_w": 94.58, "process_present": true, "process_mem_mib": 25830.0, "process_mem_share_percent": 52.56410256410257, "process_util_available": true, "process_util_backend": "nvml", "process_sm_util_percent": 25.0, "process_mem_util_percent": 3.0}
{"timestamp_unix": 1772432456.1664066, "pid": 42724, "device_index": 0, "gpu_uuid": "GPU-6f954bfd-7081-31b7-f15c-f9a174bf4d7f", "gpu_util_percent": 24.0, "gpu_mem_util_percent": 4.0, "gpu_mem_used_mib": 26318.0, "gpu_mem_total_mib": 49140.0, "gpu_power_w": 94.45, "process_present": true, "process_mem_mib": 25830.0, "process_mem_share_percent": 52.56410256410257, "process_util_available": true, "process_util_backend": "nvml", "process_sm_util_percent": 24.0, "process_mem_util_percent": 3.0}
{"timestamp_unix": 1772432456.4671986, "pid": 42724, "device_index": 0, "gpu_uuid": "GPU-6f954bfd-7081-31b7-f15c-f9a174bf4d7f", "gpu_util_percent": 24.0, "gpu_mem_util_percent": 4.0, "gpu_mem_used_mib": 26318.0, "gpu_mem_total_mib": 49140.0, "gpu_power_w": 94.45, "process_present": true, "process_mem_mib": 25830.0, "process_mem_share_percent": 52.56410256410257, "process_util_available": true, "process_util_backend": "nvml", "process_sm_util_percent": 24.0, "process_mem_util_percent": 3.0}
{"timestamp_unix": 1772432456.7683697, "pid": 42724, "device_index": 0, "gpu_uuid": "GPU-6f954bfd-7081-31b7-f15c-f9a174bf4d7f", "gpu_util_percent": 24.0, "gpu_mem_util_percent": 4.0, "gpu_mem_used_mib": 26318.0, "gpu_mem_total_mib": 49140.0, "gpu_power_w": 94.29, "process_present": true, "process_mem_mib": 25830.0, "process_mem_share_percent": 52.56410256410257, "process_util_available": true, "process_util_backend": "nvml", "process_sm_util_percent": 25.0, "process_mem_util_percent": 3.0}
{"timestamp_unix": 1772432457.067545, "pid": 42724, "device_index": 0, "gpu_uuid": "GPU-6f954bfd-7081-31b7-f15c-f9a174bf4d7f", "gpu_util_percent": 24.0, "gpu_mem_util_percent": 4.0, "gpu_mem_used_mib": 26318.0, "gpu_mem_total_mib": 49140.0, "gpu_power_w": 94.29, "process_present": true, "process_mem_mib": 25830.0, "process_mem_share_percent": 52.56410256410257, "process_util_available": true, "process_util_backend": "nvml", "process_sm_util_percent": 24.0, "process_mem_util_percent": 3.0}
{"timestamp_unix": 1772432457.3566854, "pid": 42724, "device_index": 0, "gpu_uuid": "GPU-6f954bfd-7081-31b7-f15c-f9a174bf4d7f", "gpu_util_percent": 24.0, "gpu_mem_util_percent": 3.0, "gpu_mem_used_mib": 26318.0, "gpu_mem_total_mib": 49140.0, "gpu_power_w": 94.12, "process_present": true, "process_mem_mib": 25830.0, "process_mem_share_percent": 52.56410256410257, "process_util_available": true, "process_util_backend": "nvml", "process_sm_util_percent": 24.0, "process_mem_util_percent": 3.0}
{"timestamp_unix": 1772432457.649585, "pid": 42724, "device_index": 0, "gpu_uuid": "GPU-6f954bfd-7081-31b7-f15c-f9a174bf4d7f", "gpu_util_percent": 24.0, "gpu_mem_util_percent": 3.0, "gpu_mem_used_mib": 26318.0, "gpu_mem_total_mib": 49140.0, "gpu_power_w": 94.04, "process_present": true, "process_mem_mib": 25830.0, "process_mem_share_percent": 52.56410256410257, "process_util_available": true, "process_util_backend": "nvml", "process_sm_util_percent": 24.0, "process_mem_util_percent": 3.0}
{"timestamp_unix": 1772432457.9445832, "pid": 42724, "device_index": 0, "gpu_uuid": "GPU-6f954bfd-7081-31b7-f15c-f9a174bf4d7f", "gpu_util_percent": 24.0, "gpu_mem_util_percent": 3.0, "gpu_mem_used_mib": 26318.0, "gpu_mem_total_mib": 49140.0, "gpu_power_w": 94.04, "process_present": true, "process_mem_mib": 25830.0, "process_mem_share_percent": 52.56410256410257, "process_util_available": true, "process_util_backend": "nvml", "process_sm_util_percent": 11.0, "process_mem_util_percent": 1.0}
{"timestamp_unix": 1772432458.2404344, "pid": 42724, "device_index": 0, "gpu_uuid": "GPU-6f954bfd-7081-31b7-f15c-f9a174bf4d7f", "gpu_util_percent": 28.0, "gpu_mem_util_percent": 4.0, "gpu_mem_used_mib": 26320.0, "gpu_mem_total_mib": 49140.0, "gpu_power_w": 93.39, "process_present": true, "process_mem_mib": 25830.0, "process_mem_share_percent": 52.56410256410257, "process_util_available": true, "process_util_backend": "nvml", "process_sm_util_percent": 26.0, "process_mem_util_percent": 3.0}
{"timestamp_unix": 1772432458.532688, "pid": 42724, "device_index": 0, "gpu_uuid": "GPU-6f954bfd-7081-31b7-f15c-f9a174bf4d7f", "gpu_util_percent": 28.0, "gpu_mem_util_percent": 4.0, "gpu_mem_used_mib": 26320.0, "gpu_mem_total_mib": 49140.0, "gpu_power_w": 93.39, "process_present": true, "process_mem_mib": 25830.0, "process_mem_share_percent": 52.56410256410257, "process_util_available": true, "process_util_backend": "nvml", "process_sm_util_percent": 23.0, "process_mem_util_percent": 3.0}
{"timestamp_unix": 1772432458.8236947, "pid": 42724, "device_index": 0, "gpu_uuid": "GPU-6f954bfd-7081-31b7-f15c-f9a174bf4d7f", "gpu_util_percent": 28.0, "gpu_mem_util_percent": 4.0, "gpu_mem_used_mib": 26323.0, "gpu_mem_total_mib": 49140.0, "gpu_power_w": 93.59, "process_present": true, "process_mem_mib": 25830.0, "process_mem_share_percent": 52.56410256410257, "process_util_available": true, "process_util_backend": "nvml", "process_sm_util_percent": 23.0, "process_mem_util_percent": 4.0}
{"timestamp_unix": 1772432459.121181, "pid": 42724, "device_index": 0, "gpu_uuid": "GPU-6f954bfd-7081-31b7-f15c-f9a174bf4d7f", "gpu_util_percent": 28.0, "gpu_mem_util_percent": 4.0, "gpu_mem_used_mib": 26323.0, "gpu_mem_total_mib": 49140.0, "gpu_power_w": 93.59, "process_present": true, "process_mem_mib": 25830.0, "process_mem_share_percent": 52.56410256410257, "process_util_available": true, "process_util_backend": "nvml", "process_sm_util_percent": 23.0, "process_mem_util_percent": 3.0}
{"timestamp_unix": 1772432459.4169006, "pid": 42724, "device_index": 0, "gpu_uuid": "GPU-6f954bfd-7081-31b7-f15c-f9a174bf4d7f", "gpu_util_percent": 23.0, "gpu_mem_util_percent": 4.0, "gpu_mem_used_mib": 26323.0, "gpu_mem_total_mib": 49140.0, "gpu_power_w": 94.51, "process_present": true, "process_mem_mib": 25830.0, "process_mem_share_percent": 52.56410256410257, "process_util_available": true, "process_util_backend": "nvml", "process_sm_util_percent": 23.0, "process_mem_util_percent": 4.0}
{"timestamp_unix": 1772432459.717052, "pid": 42724, "device_index": 0, "gpu_uuid": "GPU-6f954bfd-7081-31b7-f15c-f9a174bf4d7f", "gpu_util_percent": 23.0, "gpu_mem_util_percent": 4.0, "gpu_mem_used_mib": 26323.0, "gpu_mem_total_mib": 49140.0, "gpu_power_w": 94.49, "process_present": true, "process_mem_mib": 25830.0, "process_mem_share_percent": 52.56410256410257, "process_util_available": true, "process_util_backend": "nvml", "process_sm_util_percent": 23.0, "process_mem_util_percent": 4.0}
{"timestamp_unix": 1772432460.01711, "pid": 42724, "device_index": 0, "gpu_uuid": "GPU-6f954bfd-7081-31b7-f15c-f9a174bf4d7f", "gpu_util_percent": 23.0, "gpu_mem_util_percent": 4.0, "gpu_mem_used_mib": 26323.0, "gpu_mem_total_mib": 49140.0, "gpu_power_w": 94.49, "process_present": true, "process_mem_mib": 25830.0, "process_mem_share_percent": 52.56410256410257, "process_util_available": true, "process_util_backend": "nvml", "process_sm_util_percent": 23.0, "process_mem_util_percent": 4.0}
{"timestamp_unix": 1772432460.307235, "pid": 42724, "device_index": 0, "gpu_uuid": "GPU-6f954bfd-7081-31b7-f15c-f9a174bf4d7f", "gpu_util_percent": 24.0, "gpu_mem_util_percent": 4.0, "gpu_mem_used_mib": 26322.0, "gpu_mem_total_mib": 49140.0, "gpu_power_w": 94.55, "process_present": true, "process_mem_mib": 26070.0, "process_mem_share_percent": 53.052503052503056, "process_util_available": true, "process_util_backend": "nvml", "process_sm_util_percent": 24.0, "process_mem_util_percent": 4.0}
{"timestamp_unix": 1772432460.601638, "pid": 42724, "device_index": 0, "gpu_uuid": "GPU-6f954bfd-7081-31b7-f15c-f9a174bf4d7f", "gpu_util_percent": 24.0, "gpu_mem_util_percent": 4.0, "gpu_mem_used_mib": 28722.0, "gpu_mem_total_mib": 49140.0, "gpu_power_w": 94.55, "process_present": true, "process_mem_mib": 28590.0, "process_mem_share_percent": 58.18070818070819, "process_util_available": true, "process_util_backend": "nvml", "process_sm_util_percent": 22.0, "process_mem_util_percent": 3.0}
{"timestamp_unix": 1772432460.9106798, "pid": 42724, "device_index": 0, "gpu_uuid": "GPU-6f954bfd-7081-31b7-f15c-f9a174bf4d7f", "gpu_util_percent": 24.0, "gpu_mem_util_percent": 4.0, "gpu_mem_used_mib": 30058.0, "gpu_mem_total_mib": 49140.0, "gpu_power_w": 94.35, "process_present": true, "process_mem_mib": 29570.0, "process_mem_share_percent": 60.17501017501018, "process_util_available": true, "process_util_backend": "nvml", "process_sm_util_percent": null, "process_mem_util_percent": null}
{"timestamp_unix": 1772432461.2032168, "pid": 42724, "device_index": 0, "gpu_uuid": "GPU-6f954bfd-7081-31b7-f15c-f9a174bf4d7f", "gpu_util_percent": 24.0, "gpu_mem_util_percent": 3.0, "gpu_mem_used_mib": 30078.0, "gpu_mem_total_mib": 49140.0, "gpu_power_w": 91.83, "process_present": true, "process_mem_mib": 29590.0, "process_mem_share_percent": 60.21571021571022, "process_util_available": true, "process_util_backend": "nvml", "process_sm_util_percent": null, "process_mem_util_percent": null}
{"timestamp_unix": 1772432461.492719, "pid": 42724, "device_index": 0, "gpu_uuid": "GPU-6f954bfd-7081-31b7-f15c-f9a174bf4d7f", "gpu_util_percent": 24.0, "gpu_mem_util_percent": 3.0, "gpu_mem_used_mib": 30077.0, "gpu_mem_total_mib": 49140.0, "gpu_power_w": 91.83, "process_present": true, "process_mem_mib": 29590.0, "process_mem_share_percent": 60.21571021571022, "process_util_available": true, "process_util_backend": "nvml", "process_sm_util_percent": 25.0, "process_mem_util_percent": 3.0}
{"timestamp_unix": 1772432461.7849991, "pid": 42724, "device_index": 0, "gpu_uuid": "GPU-6f954bfd-7081-31b7-f15c-f9a174bf4d7f", "gpu_util_percent": 24.0, "gpu_mem_util_percent": 3.0, "gpu_mem_used_mib": 30077.0, "gpu_mem_total_mib": 49140.0, "gpu_power_w": 92.0, "process_present": true, "process_mem_mib": 29590.0, "process_mem_share_percent": 60.21571021571022, "process_util_available": true, "process_util_backend": "nvml", "process_sm_util_percent": 24.0, "process_mem_util_percent": 3.0}
{"timestamp_unix": 1772432462.0842366, "pid": 42724, "device_index": 0, "gpu_uuid": "GPU-6f954bfd-7081-31b7-f15c-f9a174bf4d7f", "gpu_util_percent": 24.0, "gpu_mem_util_percent": 3.0, "gpu_mem_used_mib": 30077.0, "gpu_mem_total_mib": 49140.0, "gpu_power_w": 92.0, "process_present": true, "process_mem_mib": 29590.0, "process_mem_share_percent": 60.21571021571022, "process_util_available": true, "process_util_backend": "nvml", "process_sm_util_percent": 25.0, "process_mem_util_percent": 3.0}
{"timestamp_unix": 1772432462.3827825, "pid": 42724, "device_index": 0, "gpu_uuid": "GPU-6f954bfd-7081-31b7-f15c-f9a174bf4d7f", "gpu_util_percent": 25.0, "gpu_mem_util_percent": 4.0, "gpu_mem_used_mib": 30077.0, "gpu_mem_total_mib": 49140.0, "gpu_power_w": 94.45, "process_present": true, "process_mem_mib": 29590.0, "process_mem_share_percent": 60.21571021571022, "process_util_available": true, "process_util_backend": "nvml", "process_sm_util_percent": 24.0, "process_mem_util_percent": 3.0}
{"timestamp_unix": 1772432462.6848722, "pid": 42724, "device_index": 0, "gpu_uuid": "GPU-6f954bfd-7081-31b7-f15c-f9a174bf4d7f", "gpu_util_percent": 25.0, "gpu_mem_util_percent": 4.0, "gpu_mem_used_mib": 30077.0, "gpu_mem_total_mib": 49140.0, "gpu_power_w": 94.6, "process_present": true, "process_mem_mib": 29590.0, "process_mem_share_percent": 60.21571021571022, "process_util_available": true, "process_util_backend": "nvml", "process_sm_util_percent": 24.0, "process_mem_util_percent": 3.0}
{"timestamp_unix": 1772432462.984632, "pid": 42724, "device_index": 0, "gpu_uuid": "GPU-6f954bfd-7081-31b7-f15c-f9a174bf4d7f", "gpu_util_percent": 25.0, "gpu_mem_util_percent": 4.0, "gpu_mem_used_mib": 30077.0, "gpu_mem_total_mib": 49140.0, "gpu_power_w": 94.6, "process_present": true, "process_mem_mib": 29590.0, "process_mem_share_percent": 60.21571021571022, "process_util_available": true, "process_util_backend": "nvml", "process_sm_util_percent": 25.0, "process_mem_util_percent": 3.0}
{"timestamp_unix": 1772432463.275977, "pid": 42724, "device_index": 0, "gpu_uuid": "GPU-6f954bfd-7081-31b7-f15c-f9a174bf4d7f", "gpu_util_percent": 27.0, "gpu_mem_util_percent": 4.0, "gpu_mem_used_mib": 30078.0, "gpu_mem_total_mib": 49140.0, "gpu_power_w": 94.77, "process_present": true, "process_mem_mib": 29590.0, "process_mem_share_percent": 60.21571021571022, "process_util_available": true, "process_util_backend": "nvml", "process_sm_util_percent": 26.0, "process_mem_util_percent": 3.0}
{"timestamp_unix": 1772432463.5673633, "pid": 42724, "device_index": 0, "gpu_uuid": "GPU-6f954bfd-7081-31b7-f15c-f9a174bf4d7f", "gpu_util_percent": 27.0, "gpu_mem_util_percent": 4.0, "gpu_mem_used_mib": 30078.0, "gpu_mem_total_mib": 49140.0, "gpu_power_w": 94.77, "process_present": true, "process_mem_mib": 29590.0, "process_mem_share_percent": 60.21571021571022, "process_util_available": true, "process_util_backend": "nvml", "process_sm_util_percent": 24.0, "process_mem_util_percent": 3.0}
{"timestamp_unix": 1772432463.8558173, "pid": 42724, "device_index": 0, "gpu_uuid": "GPU-6f954bfd-7081-31b7-f15c-f9a174bf4d7f", "gpu_util_percent": 27.0, "gpu_mem_util_percent": 4.0, "gpu_mem_used_mib": 30078.0, "gpu_mem_total_mib": 49140.0, "gpu_power_w": 94.94, "process_present": true, "process_mem_mib": 29590.0, "process_mem_share_percent": 60.21571021571022, "process_util_available": true, "process_util_backend": "nvml", "process_sm_util_percent": 25.0, "process_mem_util_percent": 3.0}
{"timestamp_unix": 1772432464.1446393, "pid": 42724, "device_index": 0, "gpu_uuid": "GPU-6f954bfd-7081-31b7-f15c-f9a174bf4d7f", "gpu_util_percent": 26.0, "gpu_mem_util_percent": 4.0, "gpu_mem_used_mib": 30076.0, "gpu_mem_total_mib": 49140.0, "gpu_power_w": 94.85, "process_present": true, "process_mem_mib": 29590.0, "process_mem_share_percent": 60.21571021571022, "process_util_available": true, "process_util_backend": "nvml", "process_sm_util_percent": 25.0, "process_mem_util_percent": 3.0}
{"timestamp_unix": 1772432464.43489, "pid": 42724, "device_index": 0, "gpu_uuid": "GPU-6f954bfd-7081-31b7-f15c-f9a174bf4d7f", "gpu_util_percent": 26.0, "gpu_mem_util_percent": 4.0, "gpu_mem_used_mib": 30076.0, "gpu_mem_total_mib": 49140.0, "gpu_power_w": 94.85, "process_present": true, "process_mem_mib": 29590.0, "process_mem_share_percent": 60.21571021571022, "process_util_available": true, "process_util_backend": "nvml", "process_sm_util_percent": 25.0, "process_mem_util_percent": 3.0}
{"timestamp_unix": 1772432464.7227182, "pid": 42724, "device_index": 0, "gpu_uuid": "GPU-6f954bfd-7081-31b7-f15c-f9a174bf4d7f", "gpu_util_percent": 26.0, "gpu_mem_util_percent": 4.0, "gpu_mem_used_mib": 30076.0, "gpu_mem_total_mib": 49140.0, "gpu_power_w": 94.74, "process_present": true, "process_mem_mib": 29590.0, "process_mem_share_percent": 60.21571021571022, "process_util_available": true, "process_util_backend": "nvml", "process_sm_util_percent": 24.0, "process_mem_util_percent": 3.0}
{"timestamp_unix": 1772432465.0279033, "pid": 42724, "device_index": 0, "gpu_uuid": "GPU-6f954bfd-7081-31b7-f15c-f9a174bf4d7f", "gpu_util_percent": 26.0, "gpu_mem_util_percent": 4.0, "gpu_mem_used_mib": 30076.0, "gpu_mem_total_mib": 49140.0, "gpu_power_w": 94.74, "process_present": true, "process_mem_mib": 29590.0, "process_mem_share_percent": 60.21571021571022, "process_util_available": true, "process_util_backend": "nvml", "process_sm_util_percent": 24.0, "process_mem_util_percent": 3.0}
{"timestamp_unix": 1772432465.3337772, "pid": 42724, "device_index": 0, "gpu_uuid": "GPU-6f954bfd-7081-31b7-f15c-f9a174bf4d7f", "gpu_util_percent": 25.0, "gpu_mem_util_percent": 4.0, "gpu_mem_used_mib": 30076.0, "gpu_mem_total_mib": 49140.0, "gpu_power_w": 94.7, "process_present": true, "process_mem_mib": 29590.0, "process_mem_share_percent": 60.21571021571022, "process_util_available": true, "process_util_backend": "nvml", "process_sm_util_percent": 25.0, "process_mem_util_percent": 3.0}
{"timestamp_unix": 1772432465.634835, "pid": 42724, "device_index": 0, "gpu_uuid": "GPU-6f954bfd-7081-31b7-f15c-f9a174bf4d7f", "gpu_util_percent": 25.0, "gpu_mem_util_percent": 4.0, "gpu_mem_used_mib": 30076.0, "gpu_mem_total_mib": 49140.0, "gpu_power_w": 94.7, "process_present": true, "process_mem_mib": 29590.0, "process_mem_share_percent": 60.21571021571022, "process_util_available": true, "process_util_backend": "nvml", "process_sm_util_percent": 19.0, "process_mem_util_percent": 2.0}
{"timestamp_unix": 1772432465.9484334, "pid": 42724, "device_index": 0, "gpu_uuid": "GPU-6f954bfd-7081-31b7-f15c-f9a174bf4d7f", "gpu_util_percent": 25.0, "gpu_mem_util_percent": 4.0, "gpu_mem_used_mib": 30076.0, "gpu_mem_total_mib": 49140.0, "gpu_power_w": 93.82, "process_present": true, "process_mem_mib": 29590.0, "process_mem_share_percent": 60.21571021571022, "process_util_available": true, "process_util_backend": "nvml", "process_sm_util_percent": 23.0, "process_mem_util_percent": 3.0}
{"timestamp_unix": 1772432466.2395096, "pid": 42724, "device_index": 0, "gpu_uuid": "GPU-6f954bfd-7081-31b7-f15c-f9a174bf4d7f", "gpu_util_percent": 23.0, "gpu_mem_util_percent": 4.0, "gpu_mem_used_mib": 30080.0, "gpu_mem_total_mib": 49140.0, "gpu_power_w": 93.93, "process_present": true, "process_mem_mib": 29590.0, "process_mem_share_percent": 60.21571021571022, "process_util_available": true, "process_util_backend": "nvml", "process_sm_util_percent": 23.0, "process_mem_util_percent": 4.0}
{"timestamp_unix": 1772432466.5311832, "pid": 42724, "device_index": 0, "gpu_uuid": "GPU-6f954bfd-7081-31b7-f15c-f9a174bf4d7f", "gpu_util_percent": 23.0, "gpu_mem_util_percent": 4.0, "gpu_mem_used_mib": 30080.0, "gpu_mem_total_mib": 49140.0, "gpu_power_w": 93.93, "process_present": true, "process_mem_mib": 29590.0, "process_mem_share_percent": 60.21571021571022, "process_util_available": true, "process_util_backend": "nvml", "process_sm_util_percent": 23.0, "process_mem_util_percent": 4.0}
{"timestamp_unix": 1772432466.8230162, "pid": 42724, "device_index": 0, "gpu_uuid": "GPU-6f954bfd-7081-31b7-f15c-f9a174bf4d7f", "gpu_util_percent": 23.0, "gpu_mem_util_percent": 4.0, "gpu_mem_used_mib": 30080.0, "gpu_mem_total_mib": 49140.0, "gpu_power_w": 94.81, "process_present": true, "process_mem_mib": 29590.0, "process_mem_share_percent": 60.21571021571022, "process_util_available": true, "process_util_backend": "nvml", "process_sm_util_percent": 23.0, "process_mem_util_percent": 4.0}
{"timestamp_unix": 1772432467.1158605, "pid": 42724, "device_index": 0, "gpu_uuid": "GPU-6f954bfd-7081-31b7-f15c-f9a174bf4d7f", "gpu_util_percent": 23.0, "gpu_mem_util_percent": 4.0, "gpu_mem_used_mib": 30080.0, "gpu_mem_total_mib": 49140.0, "gpu_power_w": 94.81, "process_present": true, "process_mem_mib": 29590.0, "process_mem_share_percent": 60.21571021571022, "process_util_available": true, "process_util_backend": "nvml", "process_sm_util_percent": 24.0, "process_mem_util_percent": 4.0}
{"timestamp_unix": 1772432467.4065044, "pid": 42724, "device_index": 0, "gpu_uuid": "GPU-6f954bfd-7081-31b7-f15c-f9a174bf4d7f", "gpu_util_percent": 23.0, "gpu_mem_util_percent": 5.0, "gpu_mem_used_mib": 30080.0, "gpu_mem_total_mib": 49140.0, "gpu_power_w": 95.12, "process_present": true, "process_mem_mib": 29590.0, "process_mem_share_percent": 60.21571021571022, "process_util_available": true, "process_util_backend": "nvml", "process_sm_util_percent": 23.0, "process_mem_util_percent": 4.0}
{"timestamp_unix": 1772432467.7097988, "pid": 42724, "device_index": 0, "gpu_uuid": "GPU-6f954bfd-7081-31b7-f15c-f9a174bf4d7f", "gpu_util_percent": 23.0, "gpu_mem_util_percent": 5.0, "gpu_mem_used_mib": 30080.0, "gpu_mem_total_mib": 49140.0, "gpu_power_w": 95.23, "process_present": true, "process_mem_mib": 29770.0, "process_mem_share_percent": 60.58201058201058, "process_util_available": true, "process_util_backend": "nvml", "process_sm_util_percent": 23.0, "process_mem_util_percent": 4.0}
{"timestamp_unix": 1772432468.0184197, "pid": 42724, "device_index": 0, "gpu_uuid": "GPU-6f954bfd-7081-31b7-f15c-f9a174bf4d7f", "gpu_util_percent": 23.0, "gpu_mem_util_percent": 5.0, "gpu_mem_used_mib": 32420.0, "gpu_mem_total_mib": 49140.0, "gpu_power_w": 95.23, "process_present": true, "process_mem_mib": 32330.0, "process_mem_share_percent": 65.79161579161578, "process_util_available": true, "process_util_backend": "nvml", "process_sm_util_percent": 22.0, "process_mem_util_percent": 3.0}
{"timestamp_unix": 1772432468.3192008, "pid": 42724, "device_index": 0, "gpu_uuid": "GPU-6f954bfd-7081-31b7-f15c-f9a174bf4d7f", "gpu_util_percent": 21.0, "gpu_mem_util_percent": 4.0, "gpu_mem_used_mib": 35038.0, "gpu_mem_total_mib": 49140.0, "gpu_power_w": 94.74, "process_present": true, "process_mem_mib": 34850.0, "process_mem_share_percent": 70.91982091982092, "process_util_available": true, "process_util_backend": "nvml", "process_sm_util_percent": 22.0, "process_mem_util_percent": 3.0}
{"timestamp_unix": 1772432468.628122, "pid": 42724, "device_index": 0, "gpu_uuid": "GPU-6f954bfd-7081-31b7-f15c-f9a174bf4d7f", "gpu_util_percent": 21.0, "gpu_mem_util_percent": 4.0, "gpu_mem_used_mib": 36538.0, "gpu_mem_total_mib": 49140.0, "gpu_power_w": 94.74, "process_present": true, "process_mem_mib": 36050.0, "process_mem_share_percent": 73.36182336182337, "process_util_available": true, "process_util_backend": "nvml", "process_sm_util_percent": null, "process_mem_util_percent": null}
{"timestamp_unix": 1772432468.9186945, "pid": 42724, "device_index": 0, "gpu_uuid": "GPU-6f954bfd-7081-31b7-f15c-f9a174bf4d7f", "gpu_util_percent": 21.0, "gpu_mem_util_percent": 4.0, "gpu_mem_used_mib": 36558.0, "gpu_mem_total_mib": 49140.0, "gpu_power_w": 93.32, "process_present": true, "process_mem_mib": 36070.0, "process_mem_share_percent": 73.4025234025234, "process_util_available": true, "process_util_backend": "nvml", "process_sm_util_percent": 10.0, "process_mem_util_percent": 1.0}
{"timestamp_unix": 1772432469.2085817, "pid": 42724, "device_index": 0, "gpu_uuid": "GPU-6f954bfd-7081-31b7-f15c-f9a174bf4d7f", "gpu_util_percent": 24.0, "gpu_mem_util_percent": 4.0, "gpu_mem_used_mib": 36559.0, "gpu_mem_total_mib": 49140.0, "gpu_power_w": 92.12, "process_present": true, "process_mem_mib": 36070.0, "process_mem_share_percent": 73.4025234025234, "process_util_available": true, "process_util_backend": "nvml", "process_sm_util_percent": 25.0, "process_mem_util_percent": 3.0}
{"timestamp_unix": 1772432469.5013337, "pid": 42724, "device_index": 0, "gpu_uuid": "GPU-6f954bfd-7081-31b7-f15c-f9a174bf4d7f", "gpu_util_percent": 24.0, "gpu_mem_util_percent": 4.0, "gpu_mem_used_mib": 36559.0, "gpu_mem_total_mib": 49140.0, "gpu_power_w": 92.12, "process_present": true, "process_mem_mib": 36070.0, "process_mem_share_percent": 73.4025234025234, "process_util_available": true, "process_util_backend": "nvml", "process_sm_util_percent": 25.0, "process_mem_util_percent": 3.0}
{"timestamp_unix": 1772432469.789494, "pid": 42724, "device_index": 0, "gpu_uuid": "GPU-6f954bfd-7081-31b7-f15c-f9a174bf4d7f", "gpu_util_percent": 24.0, "gpu_mem_util_percent": 4.0, "gpu_mem_used_mib": 36559.0, "gpu_mem_total_mib": 49140.0, "gpu_power_w": 92.93, "process_present": true, "process_mem_mib": 36070.0, "process_mem_share_percent": 73.4025234025234, "process_util_available": true, "process_util_backend": "nvml", "process_sm_util_percent": 25.0, "process_mem_util_percent": 3.0}
{"timestamp_unix": 1772432470.0790532, "pid": 42724, "device_index": 0, "gpu_uuid": "GPU-6f954bfd-7081-31b7-f15c-f9a174bf4d7f", "gpu_util_percent": 24.0, "gpu_mem_util_percent": 4.0, "gpu_mem_used_mib": 36560.0, "gpu_mem_total_mib": 49140.0, "gpu_power_w": 92.93, "process_present": true, "process_mem_mib": 36070.0, "process_mem_share_percent": 73.4025234025234, "process_util_available": true, "process_util_backend": "nvml", "process_sm_util_percent": 26.0, "process_mem_util_percent": 3.0}
{"timestamp_unix": 1772432470.3680432, "pid": 42724, "device_index": 0, "gpu_uuid": "GPU-6f954bfd-7081-31b7-f15c-f9a174bf4d7f", "gpu_util_percent": 27.0, "gpu_mem_util_percent": 4.0, "gpu_mem_used_mib": 36560.0, "gpu_mem_total_mib": 49140.0, "gpu_power_w": 95.36, "process_present": true, "process_mem_mib": 36070.0, "process_mem_share_percent": 73.4025234025234, "process_util_available": true, "process_util_backend": "nvml", "process_sm_util_percent": 25.0, "process_mem_util_percent": 3.0}
{"timestamp_unix": 1772432470.6660628, "pid": 42724, "device_index": 0, "gpu_uuid": "GPU-6f954bfd-7081-31b7-f15c-f9a174bf4d7f", "gpu_util_percent": 27.0, "gpu_mem_util_percent": 4.0, "gpu_mem_used_mib": 36560.0, "gpu_mem_total_mib": 49140.0, "gpu_power_w": 95.23, "process_present": true, "process_mem_mib": 36070.0, "process_mem_share_percent": 73.4025234025234, "process_util_available": true, "process_util_backend": "nvml", "process_sm_util_percent": 25.0, "process_mem_util_percent": 3.0}
{"timestamp_unix": 1772432470.9795954, "pid": 42724, "device_index": 0, "gpu_uuid": "GPU-6f954bfd-7081-31b7-f15c-f9a174bf4d7f", "gpu_util_percent": 27.0, "gpu_mem_util_percent": 4.0, "gpu_mem_used_mib": 36560.0, "gpu_mem_total_mib": 49140.0, "gpu_power_w": 95.23, "process_present": true, "process_mem_mib": 36070.0, "process_mem_share_percent": 73.4025234025234, "process_util_available": true, "process_util_backend": "nvml", "process_sm_util_percent": 26.0, "process_mem_util_percent": 3.0}
{"timestamp_unix": 1772432471.2835555, "pid": 42724, "device_index": 0, "gpu_uuid": "GPU-6f954bfd-7081-31b7-f15c-f9a174bf4d7f", "gpu_util_percent": 29.0, "gpu_mem_util_percent": 4.0, "gpu_mem_used_mib": 36556.0, "gpu_mem_total_mib": 49140.0, "gpu_power_w": 95.43, "process_present": true, "process_mem_mib": 36070.0, "process_mem_share_percent": 73.4025234025234, "process_util_available": true, "process_util_backend": "nvml", "process_sm_util_percent": 28.0, "process_mem_util_percent": 3.0}
{"timestamp_unix": 1772432471.575334, "pid": 42724, "device_index": 0, "gpu_uuid": "GPU-6f954bfd-7081-31b7-f15c-f9a174bf4d7f", "gpu_util_percent": 29.0, "gpu_mem_util_percent": 4.0, "gpu_mem_used_mib": 36556.0, "gpu_mem_total_mib": 49140.0, "gpu_power_w": 95.43, "process_present": true, "process_mem_mib": 36070.0, "process_mem_share_percent": 73.4025234025234, "process_util_available": true, "process_util_backend": "nvml", "process_sm_util_percent": 26.0, "process_mem_util_percent": 3.0}
{"timestamp_unix": 1772432471.86821, "pid": 42724, "device_index": 0, "gpu_uuid": "GPU-6f954bfd-7081-31b7-f15c-f9a174bf4d7f", "gpu_util_percent": 29.0, "gpu_mem_util_percent": 4.0, "gpu_mem_used_mib": 36556.0, "gpu_mem_total_mib": 49140.0, "gpu_power_w": 95.4, "process_present": true, "process_mem_mib": 36070.0, "process_mem_share_percent": 73.4025234025234, "process_util_available": true, "process_util_backend": "nvml", "process_sm_util_percent": 26.0, "process_mem_util_percent": 3.0}
{"timestamp_unix": 1772432472.1600935, "pid": 42724, "device_index": 0, "gpu_uuid": "GPU-6f954bfd-7081-31b7-f15c-f9a174bf4d7f", "gpu_util_percent": 26.0, "gpu_mem_util_percent": 4.0, "gpu_mem_used_mib": 36556.0, "gpu_mem_total_mib": 49140.0, "gpu_power_w": 95.3, "process_present": true, "process_mem_mib": 36070.0, "process_mem_share_percent": 73.4025234025234, "process_util_available": true, "process_util_backend": "nvml", "process_sm_util_percent": 26.0, "process_mem_util_percent": 3.0}
{"timestamp_unix": 1772432472.451914, "pid": 42724, "device_index": 0, "gpu_uuid": "GPU-6f954bfd-7081-31b7-f15c-f9a174bf4d7f", "gpu_util_percent": 26.0, "gpu_mem_util_percent": 4.0, "gpu_mem_used_mib": 36556.0, "gpu_mem_total_mib": 49140.0, "gpu_power_w": 95.3, "process_present": true, "process_mem_mib": 36070.0, "process_mem_share_percent": 73.4025234025234, "process_util_available": true, "process_util_backend": "nvml", "process_sm_util_percent": 25.0, "process_mem_util_percent": 3.0}
{"timestamp_unix": 1772432472.7463162, "pid": 42724, "device_index": 0, "gpu_uuid": "GPU-6f954bfd-7081-31b7-f15c-f9a174bf4d7f", "gpu_util_percent": 26.0, "gpu_mem_util_percent": 4.0, "gpu_mem_used_mib": 36556.0, "gpu_mem_total_mib": 49140.0, "gpu_power_w": 95.04, "process_present": true, "process_mem_mib": 36070.0, "process_mem_share_percent": 73.4025234025234, "process_util_available": true, "process_util_backend": "nvml", "process_sm_util_percent": 25.0, "process_mem_util_percent": 3.0}
{"timestamp_unix": 1772432473.0397294, "pid": 42724, "device_index": 0, "gpu_uuid": "GPU-6f954bfd-7081-31b7-f15c-f9a174bf4d7f", "gpu_util_percent": 26.0, "gpu_mem_util_percent": 4.0, "gpu_mem_used_mib": 36556.0, "gpu_mem_total_mib": 49140.0, "gpu_power_w": 95.04, "process_present": true, "process_mem_mib": 36070.0, "process_mem_share_percent": 73.4025234025234, "process_util_available": true, "process_util_backend": "nvml", "process_sm_util_percent": 25.0, "process_mem_util_percent": 3.0}
{"timestamp_unix": 1772432473.3443623, "pid": 42724, "device_index": 0, "gpu_uuid": "GPU-6f954bfd-7081-31b7-f15c-f9a174bf4d7f", "gpu_util_percent": 26.0, "gpu_mem_util_percent": 4.0, "gpu_mem_used_mib": 36556.0, "gpu_mem_total_mib": 49140.0, "gpu_power_w": 95.01, "process_present": true, "process_mem_mib": 36070.0, "process_mem_share_percent": 73.4025234025234, "process_util_available": true, "process_util_backend": "nvml", "process_sm_util_percent": 13.0, "process_mem_util_percent": 1.0}
