{"timestamp_unix": 1772433830.0675788, "pid": 53230, "device_index": 0, "gpu_uuid": "GPU-6f954bfd-7081-31b7-f15c-f9a174bf4d7f", "gpu_util_percent": 49.0, "gpu_mem_util_percent": 13.0, "gpu_mem_used_mib": 1002.0, "gpu_mem_total_mib": 49140.0, "gpu_power_w": 43.11, "process_present": true, "process_mem_mib": 500.0, "process_mem_share_percent": 1.0175010175010175, "process_util_available": true, "process_util_backend": "nvml", "process_sm_util_percent": null, "process_mem_util_percent": null}
{"timestamp_unix": 1772433830.4485762, "pid": 53230, "device_index": 0, "gpu_uuid": "GPU-6f954bfd-7081-31b7-f15c-f9a174bf4d7f", "gpu_util_percent": 15.0, "gpu_mem_util_percent": 1.0, "gpu_mem_used_mib": 1002.0, "gpu_mem_total_mib": 49140.0, "gpu_power_w": 57.47, "process_present": true, "process_mem_mib": 500.0, "process_mem_share_percent": 1.0175010175010175, "process_util_available": true, "process_util_backend": "nvml", "process_sm_util_percent": null, "process_mem_util_percent": null}
{"timestamp_unix": 1772433830.771947, "pid": 53230, "device_index": 0, "gpu_uuid": "GPU-6f954bfd-7081-31b7-f15c-f9a174bf4d7f", "gpu_util_percent": 15.0, "gpu_mem_util_percent": 1.0, "gpu_mem_used_mib": 1001.0, "gpu_mem_total_mib": 49140.0, "gpu_power_w": 57.47, "process_present": true, "process_mem_mib": 500.0, "process_mem_share_percent": 1.0175010175010175, "process_util_available": true, "process_util_backend": "nvml", "process_sm_util_percent": null, "process_mem_util_percent": null}
{"timestamp_unix": 1772433831.0843387, "pid": 53230, "device_index": 0, "gpu_uuid": "GPU-6f954bfd-7081-31b7-f15c-f9a174bf4d7f", "gpu_util_percent": 15.0, "gpu_mem_util_percent": 1.0, "gpu_mem_used_mib": 1001.0, "gpu_mem_total_mib": 49140.0, "gpu_power_w": 73.09, "process_present": true, "process_mem_mib": 500.0, "process_mem_share_percent": 1.0175010175010175, "process_util_available": true, "process_util_backend": "nvml", "process_sm_util_percent": null, "process_mem_util_percent": null}
{"timestamp_unix": 1772433831.392307, "pid": 53230, "device_index": 0, "gpu_uuid": "GPU-6f954bfd-7081-31b7-f15c-f9a174bf4d7f", "gpu_util_percent": 21.0, "gpu_mem_util_percent": 2.0, "gpu_mem_used_mib": 1089.0, "gpu_mem_total_mib": 49140.0, "gpu_power_w": 77.72, "process_present": true, "process_mem_mib": 588.0, "process_mem_share_percent": 1.1965811965811968, "process_util_available": true, "process_util_backend": "nvml", "process_sm_util_percent": null, "process_mem_util_percent": null}
{"timestamp_unix": 1772433831.6810498, "pid": 53230, "device_index": 0, "gpu_uuid": "GPU-6f954bfd-7081-31b7-f15c-f9a174bf4d7f", "gpu_util_percent": 21.0, "gpu_mem_util_percent": 2.0, "gpu_mem_used_mib": 1157.0, "gpu_mem_total_mib": 49140.0, "gpu_power_w": 77.72, "process_present": true, "process_mem_mib": 696.0, "process_mem_share_percent": 1.4163614163614164, "process_util_available": true, "process_util_backend": "nvml", "process_sm_util_percent": 7.0, "process_mem_util_percent": 0.0}
{"timestamp_unix": 1772433831.976614, "pid": 53230, "device_index": 0, "gpu_uuid": "GPU-6f954bfd-7081-31b7-f15c-f9a174bf4d7f", "gpu_util_percent": 21.0, "gpu_mem_util_percent": 2.0, "gpu_mem_used_mib": 1391.0, "gpu_mem_total_mib": 49140.0, "gpu_power_w": 78.77, "process_present": true, "process_mem_mib": 926.0, "process_mem_share_percent": 1.8844118844118845, "process_util_available": true, "process_util_backend": "nvml", "process_sm_util_percent": 19.0, "process_mem_util_percent": 1.0}
{"timestamp_unix": 1772433832.2829247, "pid": 53230, "device_index": 0, "gpu_uuid": "GPU-6f954bfd-7081-31b7-f15c-f9a174bf4d7f", "gpu_util_percent": 21.0, "gpu_mem_util_percent": 2.0, "gpu_mem_used_mib": 1708.0, "gpu_mem_total_mib": 49140.0, "gpu_power_w": 78.77, "process_present": true, "process_mem_mib": 1248.0, "process_mem_share_percent": 2.5396825396825395, "process_util_available": true, "process_util_backend": "nvml", "process_sm_util_percent": 12.0, "process_mem_util_percent": 1.0}
{"timestamp_unix": 1772433832.587297, "pid": 53230, "device_index": 0, "gpu_uuid": "GPU-6f954bfd-7081-31b7-f15c-f9a174bf4d7f", "gpu_util_percent": 24.0, "gpu_mem_util_percent": 2.0, "gpu_mem_used_mib": 2050.0, "gpu_mem_total_mib": 49140.0, "gpu_power_w": 82.89, "process_present": true, "process_mem_mib": 1596.0, "process_mem_share_percent": 3.2478632478632483, "process_util_available": true, "process_util_backend": "nvml", "process_sm_util_percent": 22.0, "process_mem_util_percent": 1.0}
{"timestamp_unix": 1772433832.888019, "pid": 53230, "device_index": 0, "gpu_uuid": "GPU-6f954bfd-7081-31b7-f15c-f9a174bf4d7f", "gpu_util_percent": 24.0, "gpu_mem_util_percent": 2.0, "gpu_mem_used_mib": 2408.0, "gpu_mem_total_mib": 49140.0, "gpu_power_w": 86.13, "process_present": true, "process_mem_mib": 1954.0, "process_mem_share_percent": 3.976393976393976, "process_util_available": true, "process_util_backend": "nvml", "process_sm_util_percent": 23.0, "process_mem_util_percent": 1.0}
{"timestamp_unix": 1772433833.1758158, "pid": 53230, "device_index": 0, "gpu_uuid": "GPU-6f954bfd-7081-31b7-f15c-f9a174bf4d7f", "gpu_util_percent": 24.0, "gpu_mem_util_percent": 2.0, "gpu_mem_used_mib": 2760.0, "gpu_mem_total_mib": 49140.0, "gpu_power_w": 86.13, "process_present": true, "process_mem_mib": 2328.0, "process_mem_share_percent": 4.7374847374847375, "process_util_available": true, "process_util_backend": "nvml", "process_sm_util_percent": null, "process_mem_util_percent": null}
{"timestamp_unix": 1772433833.464353, "pid": 53230, "device_index": 0, "gpu_uuid": "GPU-6f954bfd-7081-31b7-f15c-f9a174bf4d7f", "gpu_util_percent": 25.0, "gpu_mem_util_percent": 2.0, "gpu_mem_used_mib": 3150.0, "gpu_mem_total_mib": 49140.0, "gpu_power_w": 86.66, "process_present": true, "process_mem_mib": 2700.0, "process_mem_share_percent": 5.4945054945054945, "process_util_available": true, "process_util_backend": "nvml", "process_sm_util_percent": 24.0, "process_mem_util_percent": 2.0}
{"timestamp_unix": 1772433833.7551575, "pid": 53230, "device_index": 0, "gpu_uuid": "GPU-6f954bfd-7081-31b7-f15c-f9a174bf4d7f", "gpu_util_percent": 25.0, "gpu_mem_util_percent": 2.0, "gpu_mem_used_mib": 3542.0, "gpu_mem_total_mib": 49140.0, "gpu_power_w": 86.66, "process_present": true, "process_mem_mib": 3098.0, "process_mem_share_percent": 6.3044363044363045, "process_util_available": true, "process_util_backend": "nvml", "process_sm_util_percent": 23.0, "process_mem_util_percent": 2.0}
{"timestamp_unix": 1772433834.0448842, "pid": 53230, "device_index": 0, "gpu_uuid": "GPU-6f954bfd-7081-31b7-f15c-f9a174bf4d7f", "gpu_util_percent": 25.0, "gpu_mem_util_percent": 2.0, "gpu_mem_used_mib": 3990.0, "gpu_mem_total_mib": 49140.0, "gpu_power_w": 86.83, "process_present": true, "process_mem_mib": 3548.0, "process_mem_share_percent": 7.22018722018722, "process_util_available": true, "process_util_backend": "nvml", "process_sm_util_percent": 23.0, "process_mem_util_percent": 2.0}
{"timestamp_unix": 1772433834.3359442, "pid": 53230, "device_index": 0, "gpu_uuid": "GPU-6f954bfd-7081-31b7-f15c-f9a174bf4d7f", "gpu_util_percent": 25.0, "gpu_mem_util_percent": 2.0, "gpu_mem_used_mib": 4418.0, "gpu_mem_total_mib": 49140.0, "gpu_power_w": 86.83, "process_present": true, "process_mem_mib": 3996.0, "process_mem_share_percent": 8.131868131868131, "process_util_available": true, "process_util_backend": "nvml", "process_sm_util_percent": 23.0, "process_mem_util_percent": 2.0}
{"timestamp_unix": 1772433834.6276278, "pid": 53230, "device_index": 0, "gpu_uuid": "GPU-6f954bfd-7081-31b7-f15c-f9a174bf4d7f", "gpu_util_percent": 25.0, "gpu_mem_util_percent": 2.0, "gpu_mem_used_mib": 4862.0, "gpu_mem_total_mib": 49140.0, "gpu_power_w": 87.07, "process_present": true, "process_mem_mib": 4420.0, "process_mem_share_percent": 8.994708994708994, "process_util_available": true, "process_util_backend": "nvml", "process_sm_util_percent": 23.0, "process_mem_util_percent": 2.0}
{"timestamp_unix": 1772433834.9327908, "pid": 53230, "device_index": 0, "gpu_uuid": "GPU-6f954bfd-7081-31b7-f15c-f9a174bf4d7f", "gpu_util_percent": 25.0, "gpu_mem_util_percent": 2.0, "gpu_mem_used_mib": 5304.0, "gpu_mem_total_mib": 49140.0, "gpu_power_w": 87.12, "process_present": true, "process_mem_mib": 4868.0, "process_mem_share_percent": 9.906389906389906, "process_util_available": true, "process_util_backend": "nvml", "process_sm_util_percent": 23.0, "process_mem_util_percent": 2.0}
{"timestamp_unix": 1772433835.2373004, "pid": 53230, "device_index": 0, "gpu_uuid": "GPU-6f954bfd-7081-31b7-f15c-f9a174bf4d7f", "gpu_util_percent": 25.0, "gpu_mem_util_percent": 2.0, "gpu_mem_used_mib": 5764.0, "gpu_mem_total_mib": 49140.0, "gpu_power_w": 87.12, "process_present": true, "process_mem_mib": 5326.0, "process_mem_share_percent": 10.838420838420838, "process_util_available": true, "process_util_backend": "nvml", "process_sm_util_percent": 21.0, "process_mem_util_percent": 2.0}
{"timestamp_unix": 1772433835.5499756, "pid": 53230, "device_index": 0, "gpu_uuid": "GPU-6f954bfd-7081-31b7-f15c-f9a174bf4d7f", "gpu_util_percent": 23.0, "gpu_mem_util_percent": 2.0, "gpu_mem_used_mib": 6238.0, "gpu_mem_total_mib": 49140.0, "gpu_power_w": 86.81, "process_present": true, "process_mem_mib": 5804.0, "process_mem_share_percent": 11.811151811151811, "process_util_available": true, "process_util_backend": "nvml", "process_sm_util_percent": 22.0, "process_mem_util_percent": 2.0}
{"timestamp_unix": 1772433835.8556447, "pid": 53230, "device_index": 0, "gpu_uuid": "GPU-6f954bfd-7081-31b7-f15c-f9a174bf4d7f", "gpu_util_percent": 23.0, "gpu_mem_util_percent": 2.0, "gpu_mem_used_mib": 6702.0, "gpu_mem_total_mib": 49140.0, "gpu_power_w": 86.81, "process_present": true, "process_mem_mib": 6288.0, "process_mem_share_percent": 12.796092796092795, "process_util_available": true, "process_util_backend": "nvml", "process_sm_util_percent": 22.0, "process_mem_util_percent": 2.0}
{"timestamp_unix": 1772433836.1447005, "pid": 53230, "device_index": 0, "gpu_uuid": "GPU-6f954bfd-7081-31b7-f15c-f9a174bf4d7f", "gpu_util_percent": 23.0, "gpu_mem_util_percent": 2.0, "gpu_mem_used_mib": 6872.0, "gpu_mem_total_mib": 49140.0, "gpu_power_w": 86.84, "process_present": true, "process_mem_mib": 6382.0, "process_mem_share_percent": 12.987382987382986, "process_util_available": true, "process_util_backend": "nvml", "process_sm_util_percent": 16.0, "process_mem_util_percent": 1.0}
{"timestamp_unix": 1772433836.4344366, "pid": 53230, "device_index": 0, "gpu_uuid": "GPU-6f954bfd-7081-31b7-f15c-f9a174bf4d7f", "gpu_util_percent": 26.0, "gpu_mem_util_percent": 3.0, "gpu_mem_used_mib": 6872.0, "gpu_mem_total_mib": 49140.0, "gpu_power_w": 85.88, "process_present": true, "process_mem_mib": 6382.0, "process_mem_share_percent": 12.987382987382986, "process_util_available": true, "process_util_backend": "nvml", "process_sm_util_percent": 24.0, "process_mem_util_percent": 2.0}
{"timestamp_unix": 1772433836.7272341, "pid": 53230, "device_index": 0, "gpu_uuid": "GPU-6f954bfd-7081-31b7-f15c-f9a174bf4d7f", "gpu_util_percent": 26.0, "gpu_mem_util_percent": 3.0, "gpu_mem_used_mib": 6872.0, "gpu_mem_total_mib": 49140.0, "gpu_power_w": 85.88, "process_present": true, "process_mem_mib": 6382.0, "process_mem_share_percent": 12.987382987382986, "process_util_available": true, "process_util_backend": "nvml", "process_sm_util_percent": 24.0, "process_mem_util_percent": 2.0}
{"timestamp_unix": 1772433837.0254, "pid": 53230, "device_index": 0, "gpu_uuid": "GPU-6f954bfd-7081-31b7-f15c-f9a174bf4d7f", "gpu_util_percent": 26.0, "gpu_mem_util_percent": 3.0, "gpu_mem_used_mib": 6872.0, "gpu_mem_total_mib": 49140.0, "gpu_power_w": 87.34, "process_present": true, "process_mem_mib": 6382.0, "process_mem_share_percent": 12.987382987382986, "process_util_available": true, "process_util_backend": "nvml", "process_sm_util_percent": 24.0, "process_mem_util_percent": 2.0}
{"timestamp_unix": 1772433837.3138459, "pid": 53230, "device_index": 0, "gpu_uuid": "GPU-6f954bfd-7081-31b7-f15c-f9a174bf4d7f", "gpu_util_percent": 26.0, "gpu_mem_util_percent": 3.0, "gpu_mem_used_mib": 6872.0, "gpu_mem_total_mib": 49140.0, "gpu_power_w": 87.34, "process_present": true, "process_mem_mib": 6382.0, "process_mem_share_percent": 12.987382987382986, "process_util_available": true, "process_util_backend": "nvml", "process_sm_util_percent": 24.0, "process_mem_util_percent": 2.0}
{"timestamp_unix": 1772433837.6062236, "pid": 53230, "device_index": 0, "gpu_uuid": "GPU-6f954bfd-7081-31b7-f15c-f9a174bf4d7f", "gpu_util_percent": 24.0, "gpu_mem_util_percent": 3.0, "gpu_mem_used_mib": 6872.0, "gpu_mem_total_mib": 49140.0, "gpu_power_w": 89.8, "process_present": true, "process_mem_mib": 6382.0, "process_mem_share_percent": 12.987382987382986, "process_util_available": true, "process_util_backend": "nvml", "process_sm_util_percent": 24.0, "process_mem_util_percent": 2.0}
{"timestamp_unix": 1772433837.8993685, "pid": 53230, "device_index": 0, "gpu_uuid": "GPU-6f954bfd-7081-31b7-f15c-f9a174bf4d7f", "gpu_util_percent": 24.0, "gpu_mem_util_percent": 3.0, "gpu_mem_used_mib": 6872.0, "gpu_mem_total_mib": 49140.0, "gpu_power_w": 89.88, "process_present": true, "process_mem_mib": 6382.0, "process_mem_share_percent": 12.987382987382986, "process_util_available": true, "process_util_backend": "nvml", "process_sm_util_percent": 25.0, "process_mem_util_percent": 2.0}
{"timestamp_unix": 1772433838.2061045, "pid": 53230, "device_index": 0, "gpu_uuid": "GPU-6f954bfd-7081-31b7-f15c-f9a174bf4d7f", "gpu_util_percent": 24.0, "gpu_mem_util_percent": 3.0, "gpu_mem_used_mib": 6872.0, "gpu_mem_total_mib": 49140.0, "gpu_power_w": 89.88, "process_present": true, "process_mem_mib": 6382.0, "process_mem_share_percent": 12.987382987382986, "process_util_available": true, "process_util_backend": "nvml", "process_sm_util_percent": 26.0, "process_mem_util_percent": 2.0}
{"timestamp_unix": 1772433838.5045314, "pid": 53230, "device_index": 0, "gpu_uuid": "GPU-6f954bfd-7081-31b7-f15c-f9a174bf4d7f", "gpu_util_percent": 28.0, "gpu_mem_util_percent": 3.0, "gpu_mem_used_mib": 6872.0, "gpu_mem_total_mib": 49140.0, "gpu_power_w": 89.88, "process_present": true, "process_mem_mib": 6382.0, "process_mem_share_percent": 12.987382987382986, "process_util_available": true, "process_util_backend": "nvml", "process_sm_util_percent": 26.0, "process_mem_util_percent": 2.0}
{"timestamp_unix": 1772433838.7936313, "pid": 53230, "device_index": 0, "gpu_uuid": "GPU-6f954bfd-7081-31b7-f15c-f9a174bf4d7f", "gpu_util_percent": 28.0, "gpu_mem_util_percent": 3.0, "gpu_mem_used_mib": 6872.0, "gpu_mem_total_mib": 49140.0, "gpu_power_w": 89.88, "process_present": true, "process_mem_mib": 6382.0, "process_mem_share_percent": 12.987382987382986, "process_util_available": true, "process_util_backend": "nvml", "process_sm_util_percent": 26.0, "process_mem_util_percent": 2.0}
{"timestamp_unix": 1772433839.0813491, "pid": 53230, "device_index": 0, "gpu_uuid": "GPU-6f954bfd-7081-31b7-f15c-f9a174bf4d7f", "gpu_util_percent": 28.0, "gpu_mem_util_percent": 3.0, "gpu_mem_used_mib": 6872.0, "gpu_mem_total_mib": 49140.0, "gpu_power_w": 89.84, "process_present": true, "process_mem_mib": 6382.0, "process_mem_share_percent": 12.987382987382986, "process_util_available": true, "process_util_backend": "nvml", "process_sm_util_percent": 27.0, "process_mem_util_percent": 2.0}
{"timestamp_unix": 1772433839.3728328, "pid": 53230, "device_index": 0, "gpu_uuid": "GPU-6f954bfd-7081-31b7-f15c-f9a174bf4d7f", "gpu_util_percent": 26.0, "gpu_mem_util_percent": 2.0, "gpu_mem_used_mib": 6872.0, "gpu_mem_total_mib": 49140.0, "gpu_power_w": 89.75, "process_present": true, "process_mem_mib": 6382.0, "process_mem_share_percent": 12.987382987382986, "process_util_available": true, "process_util_backend": "nvml", "process_sm_util_percent": 26.0, "process_mem_util_percent": 2.0}
{"timestamp_unix": 1772433839.6621017, "pid": 53230, "device_index": 0, "gpu_uuid": "GPU-6f954bfd-7081-31b7-f15c-f9a174bf4d7f", "gpu_util_percent": 26.0, "gpu_mem_util_percent": 2.0, "gpu_mem_used_mib": 6872.0, "gpu_mem_total_mib": 49140.0, "gpu_power_w": 89.75, "process_present": true, "process_mem_mib": 6382.0, "process_mem_share_percent": 12.987382987382986, "process_util_available": true, "process_util_backend": "nvml", "process_sm_util_percent": 26.0, "process_mem_util_percent": 2.0}
{"timestamp_unix": 1772433839.952492, "pid": 53230, "device_index": 0, "gpu_uuid": "GPU-6f954bfd-7081-31b7-f15c-f9a174bf4d7f", "gpu_util_percent": 26.0, "gpu_mem_util_percent": 2.0, "gpu_mem_used_mib": 6872.0, "gpu_mem_total_mib": 49140.0, "gpu_power_w": 89.63, "process_present": true, "process_mem_mib": 6382.0, "process_mem_share_percent": 12.987382987382986, "process_util_available": true, "process_util_backend": "nvml", "process_sm_util_percent": 26.0, "process_mem_util_percent": 2.0}
{"timestamp_unix": 1772433840.2432795, "pid": 53230, "device_index": 0, "gpu_uuid": "GPU-6f954bfd-7081-31b7-f15c-f9a174bf4d7f", "gpu_util_percent": 26.0, "gpu_mem_util_percent": 2.0, "gpu_mem_used_mib": 6872.0, "gpu_mem_total_mib": 49140.0, "gpu_power_w": 89.63, "process_present": true, "process_mem_mib": 6382.0, "process_mem_share_percent": 12.987382987382986, "process_util_available": true, "process_util_backend": "nvml", "process_sm_util_percent": 25.0, "process_mem_util_percent": 2.0}
{"timestamp_unix": 1772433840.5491786, "pid": 53230, "device_index": 0, "gpu_uuid": "GPU-6f954bfd-7081-31b7-f15c-f9a174bf4d7f", "gpu_util_percent": 24.0, "gpu_mem_util_percent": 2.0, "gpu_mem_used_mib": 6872.0, "gpu_mem_total_mib": 49140.0, "gpu_power_w": 89.51, "process_present": true, "process_mem_mib": 6382.0, "process_mem_share_percent": 12.987382987382986, "process_util_available": true, "process_util_backend": "nvml", "process_sm_util_percent": 25.0, "process_mem_util_percent": 2.0}
{"timestamp_unix": 1772433840.8551934, "pid": 53230, "device_index": 0, "gpu_uuid": "GPU-6f954bfd-7081-31b7-f15c-f9a174bf4d7f", "gpu_util_percent": 24.0, "gpu_mem_util_percent": 2.0, "gpu_mem_used_mib": 6872.0, "gpu_mem_total_mib": 49140.0, "gpu_power_w": 89.51, "process_present": true, "process_mem_mib": 6382.0, "process_mem_share_percent": 12.987382987382986, "process_util_available": true, "process_util_backend": "nvml", "process_sm_util_percent": 25.0, "process_mem_util_percent": 2.0}
{"timestamp_unix": 1772433841.156253, "pid": 53230, "device_index": 0, "gpu_uuid": "GPU-6f954bfd-7081-31b7-f15c-f9a174bf4d7f", "gpu_util_percent": 24.0, "gpu_mem_util_percent": 2.0, "gpu_mem_used_mib": 6875.0, "gpu_mem_total_mib": 49140.0, "gpu_power_w": 89.41, "process_present": true, "process_mem_mib": 6382.0, "process_mem_share_percent": 12.987382987382986, "process_util_available": true, "process_util_backend": "nvml", "process_sm_util_percent": 27.0, "process_mem_util_percent": 2.0}
{"timestamp_unix": 1772433841.4576876, "pid": 53230, "device_index": 0, "gpu_uuid": "GPU-6f954bfd-7081-31b7-f15c-f9a174bf4d7f", "gpu_util_percent": 22.0, "gpu_mem_util_percent": 2.0, "gpu_mem_used_mib": 6875.0, "gpu_mem_total_mib": 49140.0, "gpu_power_w": 89.3, "process_present": true, "process_mem_mib": 6382.0, "process_mem_share_percent": 12.987382987382986, "process_util_available": true, "process_util_backend": "nvml", "process_sm_util_percent": 11.0, "process_mem_util_percent": 1.0}
{"timestamp_unix": 1772433841.7584133, "pid": 53230, "device_index": 0, "gpu_uuid": "GPU-6f954bfd-7081-31b7-f15c-f9a174bf4d7f", "gpu_util_percent": 22.0, "gpu_mem_util_percent": 2.0, "gpu_mem_used_mib": 6875.0, "gpu_mem_total_mib": 49140.0, "gpu_power_w": 89.3, "process_present": true, "process_mem_mib": 6382.0, "process_mem_share_percent": 12.987382987382986, "process_util_available": true, "process_util_backend": "nvml", "process_sm_util_percent": 23.0, "process_mem_util_percent": 2.0}
{"timestamp_unix": 1772433842.047262, "pid": 53230, "device_index": 0, "gpu_uuid": "GPU-6f954bfd-7081-31b7-f15c-f9a174bf4d7f", "gpu_util_percent": 22.0, "gpu_mem_util_percent": 2.0, "gpu_mem_used_mib": 7121.0, "gpu_mem_total_mib": 49140.0, "gpu_power_w": 88.57, "process_present": true, "process_mem_mib": 6682.0, "process_mem_share_percent": 13.597883597883598, "process_util_available": true, "process_util_backend": "nvml", "process_sm_util_percent": 24.0, "process_mem_util_percent": 2.0}
{"timestamp_unix": 1772433842.3395588, "pid": 53230, "device_index": 0, "gpu_uuid": "GPU-6f954bfd-7081-31b7-f15c-f9a174bf4d7f", "gpu_util_percent": 22.0, "gpu_mem_util_percent": 2.0, "gpu_mem_used_mib": 7521.0, "gpu_mem_total_mib": 49140.0, "gpu_power_w": 88.57, "process_present": true, "process_mem_mib": 7082.0, "process_mem_share_percent": 14.411884411884412, "process_util_available": true, "process_util_backend": "nvml", "process_sm_util_percent": 24.0, "process_mem_util_percent": 2.0}
{"timestamp_unix": 1772433842.6280072, "pid": 53230, "device_index": 0, "gpu_uuid": "GPU-6f954bfd-7081-31b7-f15c-f9a174bf4d7f", "gpu_util_percent": 25.0, "gpu_mem_util_percent": 2.0, "gpu_mem_used_mib": 7921.0, "gpu_mem_total_mib": 49140.0, "gpu_power_w": 88.01, "process_present": true, "process_mem_mib": 7502.0, "process_mem_share_percent": 15.266585266585267, "process_util_available": true, "process_util_backend": "nvml", "process_sm_util_percent": 23.0, "process_mem_util_percent": 2.0}
{"timestamp_unix": 1772433842.9166715, "pid": 53230, "device_index": 0, "gpu_uuid": "GPU-6f954bfd-7081-31b7-f15c-f9a174bf4d7f", "gpu_util_percent": 25.0, "gpu_mem_util_percent": 2.0, "gpu_mem_used_mib": 8361.0, "gpu_mem_total_mib": 49140.0, "gpu_power_w": 88.6, "process_present": true, "process_mem_mib": 7922.0, "process_mem_share_percent": 16.121286121286122, "process_util_available": true, "process_util_backend": "nvml", "process_sm_util_percent": 23.0, "process_mem_util_percent": 2.0}
{"timestamp_unix": 1772433843.2064295, "pid": 53230, "device_index": 0, "gpu_uuid": "GPU-6f954bfd-7081-31b7-f15c-f9a174bf4d7f", "gpu_util_percent": 25.0, "gpu_mem_util_percent": 2.0, "gpu_mem_used_mib": 8761.0, "gpu_mem_total_mib": 49140.0, "gpu_power_w": 88.6, "process_present": true, "process_mem_mib": 8322.0, "process_mem_share_percent": 16.935286935286936, "process_util_available": true, "process_util_backend": "nvml", "process_sm_util_percent": 22.0, "process_mem_util_percent": 2.0}
{"timestamp_unix": 1772433843.494459, "pid": 53230, "device_index": 0, "gpu_uuid": "GPU-6f954bfd-7081-31b7-f15c-f9a174bf4d7f", "gpu_util_percent": 24.0, "gpu_mem_util_percent": 2.0, "gpu_mem_used_mib": 9221.0, "gpu_mem_total_mib": 49140.0, "gpu_power_w": 88.67, "process_present": true, "process_mem_mib": 8802.0, "process_mem_share_percent": 17.912087912087912, "process_util_available": true, "process_util_backend": "nvml", "process_sm_util_percent": 24.0, "process_mem_util_percent": 2.0}
{"timestamp_unix": 1772433843.7994986, "pid": 53230, "device_index": 0, "gpu_uuid": "GPU-6f954bfd-7081-31b7-f15c-f9a174bf4d7f", "gpu_util_percent": 24.0, "gpu_mem_util_percent": 2.0, "gpu_mem_used_mib": 9721.0, "gpu_mem_total_mib": 49140.0, "gpu_power_w": 88.67, "process_present": true, "process_mem_mib": 9302.0, "process_mem_share_percent": 18.92958892958893, "process_util_available": true, "process_util_backend": "nvml", "process_sm_util_percent": 23.0, "process_mem_util_percent": 2.0}
{"timestamp_unix": 1772433844.10725, "pid": 53230, "device_index": 0, "gpu_uuid": "GPU-6f954bfd-7081-31b7-f15c-f9a174bf4d7f", "gpu_util_percent": 24.0, "gpu_mem_util_percent": 2.0, "gpu_mem_used_mib": 10241.0, "gpu_mem_total_mib": 49140.0, "gpu_power_w": 88.63, "process_present": true, "process_mem_mib": 9842.0, "process_mem_share_percent": 20.02849002849003, "process_util_available": true, "process_util_backend": "nvml", "process_sm_util_percent": 23.0, "process_mem_util_percent": 2.0}
{"timestamp_unix": 1772433844.4045289, "pid": 53230, "device_index": 0, "gpu_uuid": "GPU-6f954bfd-7081-31b7-f15c-f9a174bf4d7f", "gpu_util_percent": 23.0, "gpu_mem_util_percent": 2.0, "gpu_mem_used_mib": 10781.0, "gpu_mem_total_mib": 49140.0, "gpu_power_w": 88.69, "process_present": true, "process_mem_mib": 10362.0, "process_mem_share_percent": 21.086691086691086, "process_util_available": true, "process_util_backend": "nvml", "process_sm_util_percent": 23.0, "process_mem_util_percent": 2.0}
{"timestamp_unix": 1772433844.7044334, "pid": 53230, "device_index": 0, "gpu_uuid": "GPU-6f954bfd-7081-31b7-f15c-f9a174bf4d7f", "gpu_util_percent": 23.0, "gpu_mem_util_percent": 2.0, "gpu_mem_used_mib": 11321.0, "gpu_mem_total_mib": 49140.0, "gpu_power_w": 88.69, "process_present": true, "process_mem_mib": 10922.0, "process_mem_share_percent": 22.226292226292227, "process_util_available": true, "process_util_backend": "nvml", "process_sm_util_percent": 23.0, "process_mem_util_percent": 2.0}
{"timestamp_unix": 1772433844.9976645, "pid": 53230, "device_index": 0, "gpu_uuid": "GPU-6f954bfd-7081-31b7-f15c-f9a174bf4d7f", "gpu_util_percent": 23.0, "gpu_mem_util_percent": 2.0, "gpu_mem_used_mib": 11685.0, "gpu_mem_total_mib": 49140.0, "gpu_power_w": 88.7, "process_present": true, "process_mem_mib": 11182.0, "process_mem_share_percent": 22.755392755392755, "process_util_available": true, "process_util_backend": "nvml", "process_sm_util_percent": 22.0, "process_mem_util_percent": 2.0}
{"timestamp_unix": 1772433845.2897785, "pid": 53230, "device_index": 0, "gpu_uuid": "GPU-6f954bfd-7081-31b7-f15c-f9a174bf4d7f", "gpu_util_percent": 23.0, "gpu_mem_util_percent": 2.0, "gpu_mem_used_mib": 11743.0, "gpu_mem_total_mib": 49140.0, "gpu_power_w": 88.7, "process_present": true, "process_mem_mib": 11242.0, "process_mem_share_percent": 22.877492877492877, "process_util_available": true, "process_util_backend": "nvml", "process_sm_util_percent": 11.0, "process_mem_util_percent": 1.0}
{"timestamp_unix": 1772433845.5777721, "pid": 53230, "device_index": 0, "gpu_uuid": "GPU-6f954bfd-7081-31b7-f15c-f9a174bf4d7f", "gpu_util_percent": 25.0, "gpu_mem_util_percent": 3.0, "gpu_mem_used_mib": 11743.0, "gpu_mem_total_mib": 49140.0, "gpu_power_w": 86.98, "process_present": true, "process_mem_mib": 11242.0, "process_mem_share_percent": 22.877492877492877, "process_util_available": true, "process_util_backend": "nvml", "process_sm_util_percent": 25.0, "process_mem_util_percent": 2.0}
{"timestamp_unix": 1772433845.867642, "pid": 53230, "device_index": 0, "gpu_uuid": "GPU-6f954bfd-7081-31b7-f15c-f9a174bf4d7f", "gpu_util_percent": 25.0, "gpu_mem_util_percent": 3.0, "gpu_mem_used_mib": 11743.0, "gpu_mem_total_mib": 49140.0, "gpu_power_w": 87.59, "process_present": true, "process_mem_mib": 11242.0, "process_mem_share_percent": 22.877492877492877, "process_util_available": true, "process_util_backend": "nvml", "process_sm_util_percent": 25.0, "process_mem_util_percent": 2.0}
{"timestamp_unix": 1772433846.1569993, "pid": 53230, "device_index": 0, "gpu_uuid": "GPU-6f954bfd-7081-31b7-f15c-f9a174bf4d7f", "gpu_util_percent": 25.0, "gpu_mem_util_percent": 3.0, "gpu_mem_used_mib": 11744.0, "gpu_mem_total_mib": 49140.0, "gpu_power_w": 87.59, "process_present": true, "process_mem_mib": 11242.0, "process_mem_share_percent": 22.877492877492877, "process_util_available": true, "process_util_backend": "nvml", "process_sm_util_percent": 26.0, "process_mem_util_percent": 2.0}
{"timestamp_unix": 1772433846.444334, "pid": 53230, "device_index": 0, "gpu_uuid": "GPU-6f954bfd-7081-31b7-f15c-f9a174bf4d7f", "gpu_util_percent": 25.0, "gpu_mem_util_percent": 3.0, "gpu_mem_used_mib": 11744.0, "gpu_mem_total_mib": 49140.0, "gpu_power_w": 90.27, "process_present": true, "process_mem_mib": 11242.0, "process_mem_share_percent": 22.877492877492877, "process_util_available": true, "process_util_backend": "nvml", "process_sm_util_percent": 25.0, "process_mem_util_percent": 2.0}
{"timestamp_unix": 1772433846.7492776, "pid": 53230, "device_index": 0, "gpu_uuid": "GPU-6f954bfd-7081-31b7-f15c-f9a174bf4d7f", "gpu_util_percent": 25.0, "gpu_mem_util_percent": 3.0, "gpu_mem_used_mib": 11744.0, "gpu_mem_total_mib": 49140.0, "gpu_power_w": 90.27, "process_present": true, "process_mem_mib": 11242.0, "process_mem_share_percent": 22.877492877492877, "process_util_available": true, "process_util_backend": "nvml", "process_sm_util_percent": 25.0, "process_mem_util_percent": 2.0}
{"timestamp_unix": 1772433847.0542736, "pid": 53230, "device_index": 0, "gpu_uuid": "GPU-6f954bfd-7081-31b7-f15c-f9a174bf4d7f", "gpu_util_percent": 25.0, "gpu_mem_util_percent": 3.0, "gpu_mem_used_mib": 11743.0, "gpu_mem_total_mib": 49140.0, "gpu_power_w": 90.4, "process_present": true, "process_mem_mib": 11242.0, "process_mem_share_percent": 22.877492877492877, "process_util_available": true, "process_util_backend": "nvml", "process_sm_util_percent": 25.0, "process_mem_util_percent": 2.0}
{"timestamp_unix": 1772433847.3544023, "pid": 53230, "device_index": 0, "gpu_uuid": "GPU-6f954bfd-7081-31b7-f15c-f9a174bf4d7f", "gpu_util_percent": 25.0, "gpu_mem_util_percent": 3.0, "gpu_mem_used_mib": 11743.0, "gpu_mem_total_mib": 49140.0, "gpu_power_w": 90.4, "process_present": true, "process_mem_mib": 11242.0, "process_mem_share_percent": 22.877492877492877, "process_util_available": true, "process_util_backend": "nvml", "process_sm_util_percent": 24.0, "process_mem_util_percent": 2.0}
{"timestamp_unix": 1772433847.6548243, "pid": 53230, "device_index": 0, "gpu_uuid": "GPU-6f954bfd-7081-31b7-f15c-f9a174bf4d7f", "gpu_util_percent": 25.0, "gpu_mem_util_percent": 3.0, "gpu_mem_used_mib": 11743.0, "gpu_mem_total_mib": 49140.0, "gpu_power_w": 90.3, "process_present": true, "process_mem_mib": 11242.0, "process_mem_share_percent": 22.877492877492877, "process_util_available": true, "process_util_backend": "nvml", "process_sm_util_percent": 25.0, "process_mem_util_percent": 2.0}
{"timestamp_unix": 1772433847.9444096, "pid": 53230, "device_index": 0, "gpu_uuid": "GPU-6f954bfd-7081-31b7-f15c-f9a174bf4d7f", "gpu_util_percent": 25.0, "gpu_mem_util_percent": 3.0, "gpu_mem_used_mib": 11743.0, "gpu_mem_total_mib": 49140.0, "gpu_power_w": 90.2, "process_present": true, "process_mem_mib": 11242.0, "process_mem_share_percent": 22.877492877492877, "process_util_available": true, "process_util_backend": "nvml", "process_sm_util_percent": 24.0, "process_mem_util_percent": 2.0}
{"timestamp_unix": 1772433848.2355344, "pid": 53230, "device_index": 0, "gpu_uuid": "GPU-6f954bfd-7081-31b7-f15c-f9a174bf4d7f", "gpu_util_percent": 25.0, "gpu_mem_util_percent": 3.0, "gpu_mem_used_mib": 11743.0, "gpu_mem_total_mib": 49140.0, "gpu_power_w": 90.2, "process_present": true, "process_mem_mib": 11242.0, "process_mem_share_percent": 22.877492877492877, "process_util_available": true, "process_util_backend": "nvml", "process_sm_util_percent": 12.0, "process_mem_util_percent": 1.0}
{"timestamp_unix": 1772433848.532226, "pid": 53230, "device_index": 0, "gpu_uuid": "GPU-6f954bfd-7081-31b7-f15c-f9a174bf4d7f", "gpu_util_percent": 25.0, "gpu_mem_util_percent": 3.0, "gpu_mem_used_mib": 11743.0, "gpu_mem_total_mib": 49140.0, "gpu_power_w": 90.07, "process_present": true, "process_mem_mib": 11242.0, "process_mem_share_percent": 22.877492877492877, "process_util_available": true, "process_util_backend": "nvml", "process_sm_util_percent": null, "process_mem_util_percent": null}
{"timestamp_unix": 1772433848.8228705, "pid": 53230, "device_index": 0, "gpu_uuid": "GPU-6f954bfd-7081-31b7-f15c-f9a174bf4d7f", "gpu_util_percent": 25.0, "gpu_mem_util_percent": 3.0, "gpu_mem_used_mib": 11743.0, "gpu_mem_total_mib": 49140.0, "gpu_power_w": 90.07, "process_present": true, "process_mem_mib": 11242.0, "process_mem_share_percent": 22.877492877492877, "process_util_available": true, "process_util_backend": "nvml", "process_sm_util_percent": 25.0, "process_mem_util_percent": 2.0}
{"timestamp_unix": 1772433849.1121502, "pid": 53230, "device_index": 0, "gpu_uuid": "GPU-6f954bfd-7081-31b7-f15c-f9a174bf4d7f", "gpu_util_percent": 25.0, "gpu_mem_util_percent": 3.0, "gpu_mem_used_mib": 11738.0, "gpu_mem_total_mib": 49140.0, "gpu_power_w": 89.93, "process_present": true, "process_mem_mib": 11242.0, "process_mem_share_percent": 22.877492877492877, "process_util_available": true, "process_util_backend": "nvml", "process_sm_util_percent": 25.0, "process_mem_util_percent": 2.0}
{"timestamp_unix": 1772433849.4040408, "pid": 53230, "device_index": 0, "gpu_uuid": "GPU-6f954bfd-7081-31b7-f15c-f9a174bf4d7f", "gpu_util_percent": 25.0, "gpu_mem_util_percent": 3.0, "gpu_mem_used_mib": 11738.0, "gpu_mem_total_mib": 49140.0, "gpu_power_w": 89.89, "process_present": true, "process_mem_mib": 11242.0, "process_mem_share_percent": 22.877492877492877, "process_util_available": true, "process_util_backend": "nvml", "process_sm_util_percent": 25.0, "process_mem_util_percent": 2.0}
{"timestamp_unix": 1772433849.703997, "pid": 53230, "device_index": 0, "gpu_uuid": "GPU-6f954bfd-7081-31b7-f15c-f9a174bf4d7f", "gpu_util_percent": 25.0, "gpu_mem_util_percent": 3.0, "gpu_mem_used_mib": 11738.0, "gpu_mem_total_mib": 49140.0, "gpu_power_w": 89.89, "process_present": true, "process_mem_mib": 11242.0, "process_mem_share_percent": 22.877492877492877, "process_util_available": true, "process_util_backend": "nvml", "process_sm_util_percent": 24.0, "process_mem_util_percent": 2.0}
{"timestamp_unix": 1772433850.0114608, "pid": 53230, "device_index": 0, "gpu_uuid": "GPU-6f954bfd-7081-31b7-f15c-f9a174bf4d7f", "gpu_util_percent": 25.0, "gpu_mem_util_percent": 3.0, "gpu_mem_used_mib": 11738.0, "gpu_mem_total_mib": 49140.0, "gpu_power_w": 89.92, "process_present": true, "process_mem_mib": 11242.0, "process_mem_share_percent": 22.877492877492877, "process_util_available": true, "process_util_backend": "nvml", "process_sm_util_percent": 25.0, "process_mem_util_percent": 2.0}
{"timestamp_unix": 1772433850.3160994, "pid": 53230, "device_index": 0, "gpu_uuid": "GPU-6f954bfd-7081-31b7-f15c-f9a174bf4d7f", "gpu_util_percent": 25.0, "gpu_mem_util_percent": 3.0, "gpu_mem_used_mib": 11738.0, "gpu_mem_total_mib": 49140.0, "gpu_power_w": 89.92, "process_present": true, "process_mem_mib": 11242.0, "process_mem_share_percent": 22.877492877492877, "process_util_available": true, "process_util_backend": "nvml", "process_sm_util_percent": 25.0, "process_mem_util_percent": 2.0}
{"timestamp_unix": 1772433850.619686, "pid": 53230, "device_index": 0, "gpu_uuid": "GPU-6f954bfd-7081-31b7-f15c-f9a174bf4d7f", "gpu_util_percent": 25.0, "gpu_mem_util_percent": 3.0, "gpu_mem_used_mib": 11738.0, "gpu_mem_total_mib": 49140.0, "gpu_power_w": 89.91, "process_present": true, "process_mem_mib": 11242.0, "process_mem_share_percent": 22.877492877492877, "process_util_available": true, "process_util_backend": "nvml", "process_sm_util_percent": 23.0, "process_mem_util_percent": 2.0}
{"timestamp_unix": 1772433850.9103873, "pid": 53230, "device_index": 0, "gpu_uuid": "GPU-6f954bfd-7081-31b7-f15c-f9a174bf4d7f", "gpu_util_percent": 25.0, "gpu_mem_util_percent": 3.0, "gpu_mem_used_mib": 11738.0, "gpu_mem_total_mib": 49140.0, "gpu_power_w": 88.85, "process_present": true, "process_mem_mib": 11242.0, "process_mem_share_percent": 22.877492877492877, "process_util_available": true, "process_util_backend": "nvml", "process_sm_util_percent": 25.0, "process_mem_util_percent": 2.0}
{"timestamp_unix": 1772433851.1991773, "pid": 53230, "device_index": 0, "gpu_uuid": "GPU-6f954bfd-7081-31b7-f15c-f9a174bf4d7f", "gpu_util_percent": 25.0, "gpu_mem_util_percent": 3.0, "gpu_mem_used_mib": 11736.0, "gpu_mem_total_mib": 49140.0, "gpu_power_w": 88.85, "process_present": true, "process_mem_mib": 11242.0, "process_mem_share_percent": 22.877492877492877, "process_util_available": true, "process_util_backend": "nvml", "process_sm_util_percent": 25.0, "process_mem_util_percent": 2.0}
{"timestamp_unix": 1772433851.493447, "pid": 53230, "device_index": 0, "gpu_uuid": "GPU-6f954bfd-7081-31b7-f15c-f9a174bf4d7f", "gpu_util_percent": 25.0, "gpu_mem_util_percent": 3.0, "gpu_mem_used_mib": 11736.0, "gpu_mem_total_mib": 49140.0, "gpu_power_w": 88.75, "process_present": true, "process_mem_mib": 11242.0, "process_mem_share_percent": 22.877492877492877, "process_util_available": true, "process_util_backend": "nvml", "process_sm_util_percent": 25.0, "process_mem_util_percent": 2.0}
{"timestamp_unix": 1772433851.7823303, "pid": 53230, "device_index": 0, "gpu_uuid": "GPU-6f954bfd-7081-31b7-f15c-f9a174bf4d7f", "gpu_util_percent": 25.0, "gpu_mem_util_percent": 3.0, "gpu_mem_used_mib": 11736.0, "gpu_mem_total_mib": 49140.0, "gpu_power_w": 88.75, "process_present": true, "process_mem_mib": 11242.0, "process_mem_share_percent": 22.877492877492877, "process_util_available": true, "process_util_backend": "nvml", "process_sm_util_percent": 25.0, "process_mem_util_percent": 2.0}
{"timestamp_unix": 1772433852.2150538, "pid": 53230, "device_index": 0, "gpu_uuid": "GPU-6f954bfd-7081-31b7-f15c-f9a174bf4d7f", "gpu_util_percent": 25.0, "gpu_mem_util_percent": 3.0, "gpu_mem_used_mib": 11736.0, "gpu_mem_total_mib": 49140.0, "gpu_power_w": 89.58, "process_present": true, "process_mem_mib": 11242.0, "process_mem_share_percent": 22.877492877492877, "process_util_available": true, "process_util_backend": "nvml", "process_sm_util_percent": 15.0, "process_mem_util_percent": 1.0}
{"timestamp_unix": 1772433852.5263412, "pid": 53230, "device_index": 0, "gpu_uuid": "GPU-6f954bfd-7081-31b7-f15c-f9a174bf4d7f", "gpu_util_percent": 23.0, "gpu_mem_util_percent": 3.0, "gpu_mem_used_mib": 11736.0, "gpu_mem_total_mib": 49140.0, "gpu_power_w": 87.44, "process_present": true, "process_mem_mib": 11242.0, "process_mem_share_percent": 22.877492877492877, "process_util_available": true, "process_util_backend": "nvml", "process_sm_util_percent": 24.0, "process_mem_util_percent": 2.0}
{"timestamp_unix": 1772433852.823294, "pid": 53230, "device_index": 0, "gpu_uuid": "GPU-6f954bfd-7081-31b7-f15c-f9a174bf4d7f", "gpu_util_percent": 23.0, "gpu_mem_util_percent": 3.0, "gpu_mem_used_mib": 11736.0, "gpu_mem_total_mib": 49140.0, "gpu_power_w": 87.44, "process_present": true, "process_mem_mib": 11242.0, "process_mem_share_percent": 22.877492877492877, "process_util_available": true, "process_util_backend": "nvml", "process_sm_util_percent": 23.0, "process_mem_util_percent": 2.0}
{"timestamp_unix": 1772433853.1237485, "pid": 53230, "device_index": 0, "gpu_uuid": "GPU-6f954bfd-7081-31b7-f15c-f9a174bf4d7f", "gpu_util_percent": 23.0, "gpu_mem_util_percent": 3.0, "gpu_mem_used_mib": 12156.0, "gpu_mem_total_mib": 49140.0, "gpu_power_w": 87.58, "process_present": true, "process_mem_mib": 11782.0, "process_mem_share_percent": 23.976393976393975, "process_util_available": true, "process_util_backend": "nvml", "process_sm_util_percent": 23.0, "process_mem_util_percent": 2.0}
{"timestamp_unix": 1772433853.4218588, "pid": 53230, "device_index": 0, "gpu_uuid": "GPU-6f954bfd-7081-31b7-f15c-f9a174bf4d7f", "gpu_util_percent": 22.0, "gpu_mem_util_percent": 3.0, "gpu_mem_used_mib": 12916.0, "gpu_mem_total_mib": 49140.0, "gpu_power_w": 89.44, "process_present": true, "process_mem_mib": 12562.0, "process_mem_share_percent": 25.563695563695564, "process_util_available": true, "process_util_backend": "nvml", "process_sm_util_percent": 23.0, "process_mem_util_percent": 2.0}
{"timestamp_unix": 1772433853.710154, "pid": 53230, "device_index": 0, "gpu_uuid": "GPU-6f954bfd-7081-31b7-f15c-f9a174bf4d7f", "gpu_util_percent": 22.0, "gpu_mem_util_percent": 3.0, "gpu_mem_used_mib": 13776.0, "gpu_mem_total_mib": 49140.0, "gpu_power_w": 89.44, "process_present": true, "process_mem_mib": 13422.0, "process_mem_share_percent": 27.313797313797313, "process_util_available": true, "process_util_backend": "nvml", "process_sm_util_percent": 23.0, "process_mem_util_percent": 3.0}
{"timestamp_unix": 1772433853.9986436, "pid": 53230, "device_index": 0, "gpu_uuid": "GPU-6f954bfd-7081-31b7-f15c-f9a174bf4d7f", "gpu_util_percent": 22.0, "gpu_mem_util_percent": 3.0, "gpu_mem_used_mib": 14639.0, "gpu_mem_total_mib": 49140.0, "gpu_power_w": 89.48, "process_present": true, "process_mem_mib": 14262.0, "process_mem_share_percent": 29.023199023199027, "process_util_available": true, "process_util_backend": "nvml", "process_sm_util_percent": 22.0, "process_mem_util_percent": 2.0}
{"timestamp_unix": 1772433854.2897995, "pid": 53230, "device_index": 0, "gpu_uuid": "GPU-6f954bfd-7081-31b7-f15c-f9a174bf4d7f", "gpu_util_percent": 22.0, "gpu_mem_util_percent": 3.0, "gpu_mem_used_mib": 14965.0, "gpu_mem_total_mib": 49140.0, "gpu_power_w": 89.48, "process_present": true, "process_mem_mib": 14462.0, "process_mem_share_percent": 29.430199430199433, "process_util_available": true, "process_util_backend": "nvml", "process_sm_util_percent": 13.0, "process_mem_util_percent": 1.0}
{"timestamp_unix": 1772433854.5771322, "pid": 53230, "device_index": 0, "gpu_uuid": "GPU-6f954bfd-7081-31b7-f15c-f9a174bf4d7f", "gpu_util_percent": 14.0, "gpu_mem_util_percent": 1.0, "gpu_mem_used_mib": 15005.0, "gpu_mem_total_mib": 49140.0, "gpu_power_w": 88.31, "process_present": true, "process_mem_mib": 14502.0, "process_mem_share_percent": 29.511599511599513, "process_util_available": true, "process_util_backend": "nvml", "process_sm_util_percent": 20.0, "process_mem_util_percent": 1.0}
{"timestamp_unix": 1772433854.86526, "pid": 53230, "device_index": 0, "gpu_uuid": "GPU-6f954bfd-7081-31b7-f15c-f9a174bf4d7f", "gpu_util_percent": 14.0, "gpu_mem_util_percent": 1.0, "gpu_mem_used_mib": 15005.0, "gpu_mem_total_mib": 49140.0, "gpu_power_w": 87.72, "process_present": true, "process_mem_mib": 14502.0, "process_mem_share_percent": 29.511599511599513, "process_util_available": true, "process_util_backend": "nvml", "process_sm_util_percent": 25.0, "process_mem_util_percent": 2.0}
{"timestamp_unix": 1772433855.155684, "pid": 53230, "device_index": 0, "gpu_uuid": "GPU-6f954bfd-7081-31b7-f15c-f9a174bf4d7f", "gpu_util_percent": 14.0, "gpu_mem_util_percent": 1.0, "gpu_mem_used_mib": 15005.0, "gpu_mem_total_mib": 49140.0, "gpu_power_w": 87.72, "process_present": true, "process_mem_mib": 14502.0, "process_mem_share_percent": 29.511599511599513, "process_util_available": true, "process_util_backend": "nvml", "process_sm_util_percent": 27.0, "process_mem_util_percent": 2.0}
{"timestamp_unix": 1772433855.4545505, "pid": 53230, "device_index": 0, "gpu_uuid": "GPU-6f954bfd-7081-31b7-f15c-f9a174bf4d7f", "gpu_util_percent": 27.0, "gpu_mem_util_percent": 3.0, "gpu_mem_used_mib": 15005.0, "gpu_mem_total_mib": 49140.0, "gpu_power_w": 88.6, "process_present": true, "process_mem_mib": 14502.0, "process_mem_share_percent": 29.511599511599513, "process_util_available": true, "process_util_backend": "nvml", "process_sm_util_percent": 27.0, "process_mem_util_percent": 2.0}
{"timestamp_unix": 1772433855.7570353, "pid": 53230, "device_index": 0, "gpu_uuid": "GPU-6f954bfd-7081-31b7-f15c-f9a174bf4d7f", "gpu_util_percent": 27.0, "gpu_mem_util_percent": 3.0, "gpu_mem_used_mib": 15005.0, "gpu_mem_total_mib": 49140.0, "gpu_power_w": 88.6, "process_present": true, "process_mem_mib": 14502.0, "process_mem_share_percent": 29.511599511599513, "process_util_available": true, "process_util_backend": "nvml", "process_sm_util_percent": 26.0, "process_mem_util_percent": 2.0}
{"timestamp_unix": 1772433856.0651655, "pid": 53230, "device_index": 0, "gpu_uuid": "GPU-6f954bfd-7081-31b7-f15c-f9a174bf4d7f", "gpu_util_percent": 27.0, "gpu_mem_util_percent": 3.0, "gpu_mem_used_mib": 15005.0, "gpu_mem_total_mib": 49140.0, "gpu_power_w": 90.78, "process_present": true, "process_mem_mib": 14502.0, "process_mem_share_percent": 29.511599511599513, "process_util_available": true, "process_util_backend": "nvml", "process_sm_util_percent": 27.0, "process_mem_util_percent": 2.0}
{"timestamp_unix": 1772433856.356498, "pid": 53230, "device_index": 0, "gpu_uuid": "GPU-6f954bfd-7081-31b7-f15c-f9a174bf4d7f", "gpu_util_percent": 27.0, "gpu_mem_util_percent": 3.0, "gpu_mem_used_mib": 15005.0, "gpu_mem_total_mib": 49140.0, "gpu_power_w": 90.78, "process_present": true, "process_mem_mib": 14502.0, "process_mem_share_percent": 29.511599511599513, "process_util_available": true, "process_util_backend": "nvml", "process_sm_util_percent": 27.0, "process_mem_util_percent": 2.0}
{"timestamp_unix": 1772433856.6470387, "pid": 53230, "device_index": 0, "gpu_uuid": "GPU-6f954bfd-7081-31b7-f15c-f9a174bf4d7f", "gpu_util_percent": 26.0, "gpu_mem_util_percent": 3.0, "gpu_mem_used_mib": 15005.0, "gpu_mem_total_mib": 49140.0, "gpu_power_w": 90.92, "process_present": true, "process_mem_mib": 14502.0, "process_mem_share_percent": 29.511599511599513, "process_util_available": true, "process_util_backend": "nvml", "process_sm_util_percent": 26.0, "process_mem_util_percent": 2.0}
{"timestamp_unix": 1772433856.9363534, "pid": 53230, "device_index": 0, "gpu_uuid": "GPU-6f954bfd-7081-31b7-f15c-f9a174bf4d7f", "gpu_util_percent": 26.0, "gpu_mem_util_percent": 3.0, "gpu_mem_used_mib": 15006.0, "gpu_mem_total_mib": 49140.0, "gpu_power_w": 90.9, "process_present": true, "process_mem_mib": 14502.0, "process_mem_share_percent": 29.511599511599513, "process_util_available": true, "process_util_backend": "nvml", "process_sm_util_percent": 27.0, "process_mem_util_percent": 2.0}
{"timestamp_unix": 1772433857.2276971, "pid": 53230, "device_index": 0, "gpu_uuid": "GPU-6f954bfd-7081-31b7-f15c-f9a174bf4d7f", "gpu_util_percent": 26.0, "gpu_mem_util_percent": 3.0, "gpu_mem_used_mib": 15006.0, "gpu_mem_total_mib": 49140.0, "gpu_power_w": 90.9, "process_present": true, "process_mem_mib": 14502.0, "process_mem_share_percent": 29.511599511599513, "process_util_available": true, "process_util_backend": "nvml", "process_sm_util_percent": 25.0, "process_mem_util_percent": 2.0}
{"timestamp_unix": 1772433857.5203216, "pid": 53230, "device_index": 0, "gpu_uuid": "GPU-6f954bfd-7081-31b7-f15c-f9a174bf4d7f", "gpu_util_percent": 24.0, "gpu_mem_util_percent": 3.0, "gpu_mem_used_mib": 15006.0, "gpu_mem_total_mib": 49140.0, "gpu_power_w": 90.69, "process_present": true, "process_mem_mib": 14502.0, "process_mem_share_percent": 29.511599511599513, "process_util_available": true, "process_util_backend": "nvml", "process_sm_util_percent": 24.0, "process_mem_util_percent": 2.0}
{"timestamp_unix": 1772433857.8111386, "pid": 53230, "device_index": 0, "gpu_uuid": "GPU-6f954bfd-7081-31b7-f15c-f9a174bf4d7f", "gpu_util_percent": 24.0, "gpu_mem_util_percent": 3.0, "gpu_mem_used_mib": 15006.0, "gpu_mem_total_mib": 49140.0, "gpu_power_w": 90.69, "process_present": true, "process_mem_mib": 14502.0, "process_mem_share_percent": 29.511599511599513, "process_util_available": true, "process_util_backend": "nvml", "process_sm_util_percent": 25.0, "process_mem_util_percent": 2.0}
{"timestamp_unix": 1772433858.1189039, "pid": 53230, "device_index": 0, "gpu_uuid": "GPU-6f954bfd-7081-31b7-f15c-f9a174bf4d7f", "gpu_util_percent": 24.0, "gpu_mem_util_percent": 3.0, "gpu_mem_used_mib": 15006.0, "gpu_mem_total_mib": 49140.0, "gpu_power_w": 90.35, "process_present": true, "process_mem_mib": 14502.0, "process_mem_share_percent": 29.511599511599513, "process_util_available": true, "process_util_backend": "nvml", "process_sm_util_percent": null, "process_mem_util_percent": null}
{"timestamp_unix": 1772433858.4235373, "pid": 53230, "device_index": 0, "gpu_uuid": "GPU-6f954bfd-7081-31b7-f15c-f9a174bf4d7f", "gpu_util_percent": 24.0, "gpu_mem_util_percent": 3.0, "gpu_mem_used_mib": 15006.0, "gpu_mem_total_mib": 49140.0, "gpu_power_w": 90.3, "process_present": true, "process_mem_mib": 14502.0, "process_mem_share_percent": 29.511599511599513, "process_util_available": true, "process_util_backend": "nvml", "process_sm_util_percent": 24.0, "process_mem_util_percent": 2.0}
{"timestamp_unix": 1772433858.7216678, "pid": 53230, "device_index": 0, "gpu_uuid": "GPU-6f954bfd-7081-31b7-f15c-f9a174bf4d7f", "gpu_util_percent": 24.0, "gpu_mem_util_percent": 3.0, "gpu_mem_used_mib": 15006.0, "gpu_mem_total_mib": 49140.0, "gpu_power_w": 90.3, "process_present": true, "process_mem_mib": 14502.0, "process_mem_share_percent": 29.511599511599513, "process_util_available": true, "process_util_backend": "nvml", "process_sm_util_percent": 24.0, "process_mem_util_percent": 2.0}
{"timestamp_unix": 1772433859.0327547, "pid": 53230, "device_index": 0, "gpu_uuid": "GPU-6f954bfd-7081-31b7-f15c-f9a174bf4d7f", "gpu_util_percent": 24.0, "gpu_mem_util_percent": 3.0, "gpu_mem_used_mib": 15006.0, "gpu_mem_total_mib": 49140.0, "gpu_power_w": 90.55, "process_present": true, "process_mem_mib": 14502.0, "process_mem_share_percent": 29.511599511599513, "process_util_available": true, "process_util_backend": "nvml", "process_sm_util_percent": 24.0, "process_mem_util_percent": 2.0}
{"timestamp_unix": 1772433859.32816, "pid": 53230, "device_index": 0, "gpu_uuid": "GPU-6f954bfd-7081-31b7-f15c-f9a174bf4d7f", "gpu_util_percent": 24.0, "gpu_mem_util_percent": 3.0, "gpu_mem_used_mib": 15006.0, "gpu_mem_total_mib": 49140.0, "gpu_power_w": 90.55, "process_present": true, "process_mem_mib": 14502.0, "process_mem_share_percent": 29.511599511599513, "process_util_available": true, "process_util_backend": "nvml", "process_sm_util_percent": 25.0, "process_mem_util_percent": 2.0}
{"timestamp_unix": 1772433859.6199644, "pid": 53230, "device_index": 0, "gpu_uuid": "GPU-6f954bfd-7081-31b7-f15c-f9a174bf4d7f", "gpu_util_percent": 25.0, "gpu_mem_util_percent": 3.0, "gpu_mem_used_mib": 15006.0, "gpu_mem_total_mib": 49140.0, "gpu_power_w": 90.63, "process_present": true, "process_mem_mib": 14502.0, "process_mem_share_percent": 29.511599511599513, "process_util_available": true, "process_util_backend": "nvml", "process_sm_util_percent": 25.0, "process_mem_util_percent": 2.0}
{"timestamp_unix": 1772433859.9077213, "pid": 53230, "device_index": 0, "gpu_uuid": "GPU-6f954bfd-7081-31b7-f15c-f9a174bf4d7f", "gpu_util_percent": 25.0, "gpu_mem_util_percent": 3.0, "gpu_mem_used_mib": 15002.0, "gpu_mem_total_mib": 49140.0, "gpu_power_w": 90.38, "process_present": true, "process_mem_mib": 14502.0, "process_mem_share_percent": 29.511599511599513, "process_util_available": true, "process_util_backend": "nvml", "process_sm_util_percent": null, "process_mem_util_percent": null}
{"timestamp_unix": 1772433860.1966856, "pid": 53230, "device_index": 0, "gpu_uuid": "GPU-6f954bfd-7081-31b7-f15c-f9a174bf4d7f", "gpu_util_percent": 25.0, "gpu_mem_util_percent": 3.0, "gpu_mem_used_mib": 15002.0, "gpu_mem_total_mib": 49140.0, "gpu_power_w": 90.38, "process_present": true, "process_mem_mib": 14502.0, "process_mem_share_percent": 29.511599511599513, "process_util_available": true, "process_util_backend": "nvml", "process_sm_util_percent": 25.0, "process_mem_util_percent": 2.0}
{"timestamp_unix": 1772433860.4891167, "pid": 53230, "device_index": 0, "gpu_uuid": "GPU-6f954bfd-7081-31b7-f15c-f9a174bf4d7f", "gpu_util_percent": 25.0, "gpu_mem_util_percent": 3.0, "gpu_mem_used_mib": 15002.0, "gpu_mem_total_mib": 49140.0, "gpu_power_w": 89.67, "process_present": true, "process_mem_mib": 14502.0, "process_mem_share_percent": 29.511599511599513, "process_util_available": true, "process_util_backend": "nvml", "process_sm_util_percent": 26.0, "process_mem_util_percent": 2.0}
{"timestamp_unix": 1772433860.778481, "pid": 53230, "device_index": 0, "gpu_uuid": "GPU-6f954bfd-7081-31b7-f15c-f9a174bf4d7f", "gpu_util_percent": 25.0, "gpu_mem_util_percent": 3.0, "gpu_mem_used_mib": 15002.0, "gpu_mem_total_mib": 49140.0, "gpu_power_w": 89.67, "process_present": true, "process_mem_mib": 14502.0, "process_mem_share_percent": 29.511599511599513, "process_util_available": true, "process_util_backend": "nvml", "process_sm_util_percent": 25.0, "process_mem_util_percent": 3.0}
{"timestamp_unix": 1772433861.070822, "pid": 53230, "device_index": 0, "gpu_uuid": "GPU-6f954bfd-7081-31b7-f15c-f9a174bf4d7f", "gpu_util_percent": 25.0, "gpu_mem_util_percent": 3.0, "gpu_mem_used_mib": 15002.0, "gpu_mem_total_mib": 49140.0, "gpu_power_w": 89.96, "process_present": true, "process_mem_mib": 14502.0, "process_mem_share_percent": 29.511599511599513, "process_util_available": true, "process_util_backend": "nvml", "process_sm_util_percent": 27.0, "process_mem_util_percent": 3.0}
{"timestamp_unix": 1772433861.3838773, "pid": 53230, "device_index": 0, "gpu_uuid": "GPU-6f954bfd-7081-31b7-f15c-f9a174bf4d7f", "gpu_util_percent": 27.0, "gpu_mem_util_percent": 3.0, "gpu_mem_used_mib": 15002.0, "gpu_mem_total_mib": 49140.0, "gpu_power_w": 90.78, "process_present": true, "process_mem_mib": 14502.0, "process_mem_share_percent": 29.511599511599513, "process_util_available": true, "process_util_backend": "nvml", "process_sm_util_percent": 26.0, "process_mem_util_percent": 3.0}
{"timestamp_unix": 1772433861.6884189, "pid": 53230, "device_index": 0, "gpu_uuid": "GPU-6f954bfd-7081-31b7-f15c-f9a174bf4d7f", "gpu_util_percent": 27.0, "gpu_mem_util_percent": 3.0, "gpu_mem_used_mib": 15002.0, "gpu_mem_total_mib": 49140.0, "gpu_power_w": 90.78, "process_present": true, "process_mem_mib": 14502.0, "process_mem_share_percent": 29.511599511599513, "process_util_available": true, "process_util_backend": "nvml", "process_sm_util_percent": 26.0, "process_mem_util_percent": 3.0}
{"timestamp_unix": 1772433861.9783833, "pid": 53230, "device_index": 0, "gpu_uuid": "GPU-6f954bfd-7081-31b7-f15c-f9a174bf4d7f", "gpu_util_percent": 27.0, "gpu_mem_util_percent": 3.0, "gpu_mem_used_mib": 15002.0, "gpu_mem_total_mib": 49140.0, "gpu_power_w": 90.87, "process_present": true, "process_mem_mib": 14502.0, "process_mem_share_percent": 29.511599511599513, "process_util_available": true, "process_util_backend": "nvml", "process_sm_util_percent": 26.0, "process_mem_util_percent": 3.0}
{"timestamp_unix": 1772433862.2721295, "pid": 53230, "device_index": 0, "gpu_uuid": "GPU-6f954bfd-7081-31b7-f15c-f9a174bf4d7f", "gpu_util_percent": 27.0, "gpu_mem_util_percent": 3.0, "gpu_mem_used_mib": 15001.0, "gpu_mem_total_mib": 49140.0, "gpu_power_w": 90.87, "process_present": true, "process_mem_mib": 14502.0, "process_mem_share_percent": 29.511599511599513, "process_util_available": true, "process_util_backend": "nvml", "process_sm_util_percent": 26.0, "process_mem_util_percent": 3.0}
{"timestamp_unix": 1772433862.5623505, "pid": 53230, "device_index": 0, "gpu_uuid": "GPU-6f954bfd-7081-31b7-f15c-f9a174bf4d7f", "gpu_util_percent": 27.0, "gpu_mem_util_percent": 3.0, "gpu_mem_used_mib": 15701.0, "gpu_mem_total_mib": 49140.0, "gpu_power_w": 91.06, "process_present": true, "process_mem_mib": 15322.0, "process_mem_share_percent": 31.18030118030118, "process_util_available": true, "process_util_backend": "nvml", "process_sm_util_percent": null, "process_mem_util_percent": null}
{"timestamp_unix": 1772433862.8584857, "pid": 53230, "device_index": 0, "gpu_uuid": "GPU-6f954bfd-7081-31b7-f15c-f9a174bf4d7f", "gpu_util_percent": 27.0, "gpu_mem_util_percent": 3.0, "gpu_mem_used_mib": 16741.0, "gpu_mem_total_mib": 49140.0, "gpu_power_w": 91.06, "process_present": true, "process_mem_mib": 16402.0, "process_mem_share_percent": 33.37810337810338, "process_util_available": true, "process_util_backend": "nvml", "process_sm_util_percent": 13.0, "process_mem_util_percent": 1.0}
{"timestamp_unix": 1772433863.1494539, "pid": 53230, "device_index": 0, "gpu_uuid": "GPU-6f954bfd-7081-31b7-f15c-f9a174bf4d7f", "gpu_util_percent": 27.0, "gpu_mem_util_percent": 3.0, "gpu_mem_used_mib": 17821.0, "gpu_mem_total_mib": 49140.0, "gpu_power_w": 90.91, "process_present": true, "process_mem_mib": 17502.0, "process_mem_share_percent": 35.61660561660562, "process_util_available": true, "process_util_backend": "nvml", "process_sm_util_percent": null, "process_mem_util_percent": null}
{"timestamp_unix": 1772433863.4412587, "pid": 53230, "device_index": 0, "gpu_uuid": "GPU-6f954bfd-7081-31b7-f15c-f9a174bf4d7f", "gpu_util_percent": 22.0, "gpu_mem_util_percent": 3.0, "gpu_mem_used_mib": 18121.0, "gpu_mem_total_mib": 49140.0, "gpu_power_w": 90.44, "process_present": true, "process_mem_mib": 17622.0, "process_mem_share_percent": 35.86080586080586, "process_util_available": true, "process_util_backend": "nvml", "process_sm_util_percent": null, "process_mem_util_percent": null}
{"timestamp_unix": 1772433863.7352765, "pid": 53230, "device_index": 0, "gpu_uuid": "GPU-6f954bfd-7081-31b7-f15c-f9a174bf4d7f", "gpu_util_percent": 22.0, "gpu_mem_util_percent": 3.0, "gpu_mem_used_mib": 18182.0, "gpu_mem_total_mib": 49140.0, "gpu_power_w": 90.44, "process_present": true, "process_mem_mib": 17682.0, "process_mem_share_percent": 35.98290598290598, "process_util_available": true, "process_util_backend": "nvml", "process_sm_util_percent": null, "process_mem_util_percent": null}
{"timestamp_unix": 1772433864.0519962, "pid": 53230, "device_index": 0, "gpu_uuid": "GPU-6f954bfd-7081-31b7-f15c-f9a174bf4d7f", "gpu_util_percent": 22.0, "gpu_mem_util_percent": 3.0, "gpu_mem_used_mib": 18182.0, "gpu_mem_total_mib": 49140.0, "gpu_power_w": 88.05, "process_present": true, "process_mem_mib": 17682.0, "process_mem_share_percent": 35.98290598290598, "process_util_available": true, "process_util_backend": "nvml", "process_sm_util_percent": 14.0, "process_mem_util_percent": 1.0}
{"timestamp_unix": 1772433864.3569949, "pid": 53230, "device_index": 0, "gpu_uuid": "GPU-6f954bfd-7081-31b7-f15c-f9a174bf4d7f", "gpu_util_percent": 22.0, "gpu_mem_util_percent": 3.0, "gpu_mem_used_mib": 18181.0, "gpu_mem_total_mib": 49140.0, "gpu_power_w": 88.05, "process_present": true, "process_mem_mib": 17682.0, "process_mem_share_percent": 35.98290598290598, "process_util_available": true, "process_util_backend": "nvml", "process_sm_util_percent": 26.0, "process_mem_util_percent": 2.0}
{"timestamp_unix": 1772433864.6543887, "pid": 53230, "device_index": 0, "gpu_uuid": "GPU-6f954bfd-7081-31b7-f15c-f9a174bf4d7f", "gpu_util_percent": 28.0, "gpu_mem_util_percent": 3.0, "gpu_mem_used_mib": 18181.0, "gpu_mem_total_mib": 49140.0, "gpu_power_w": 88.52, "process_present": true, "process_mem_mib": 17682.0, "process_mem_share_percent": 35.98290598290598, "process_util_available": true, "process_util_backend": "nvml", "process_sm_util_percent": 27.0, "process_mem_util_percent": 2.0}
{"timestamp_unix": 1772433864.9521961, "pid": 53230, "device_index": 0, "gpu_uuid": "GPU-6f954bfd-7081-31b7-f15c-f9a174bf4d7f", "gpu_util_percent": 28.0, "gpu_mem_util_percent": 3.0, "gpu_mem_used_mib": 18185.0, "gpu_mem_total_mib": 49140.0, "gpu_power_w": 91.47, "process_present": true, "process_mem_mib": 17682.0, "process_mem_share_percent": 35.98290598290598, "process_util_available": true, "process_util_backend": "nvml", "process_sm_util_percent": 27.0, "process_mem_util_percent": 2.0}
{"timestamp_unix": 1772433865.2438164, "pid": 53230, "device_index": 0, "gpu_uuid": "GPU-6f954bfd-7081-31b7-f15c-f9a174bf4d7f", "gpu_util_percent": 28.0, "gpu_mem_util_percent": 3.0, "gpu_mem_used_mib": 18185.0, "gpu_mem_total_mib": 49140.0, "gpu_power_w": 91.47, "process_present": true, "process_mem_mib": 17682.0, "process_mem_share_percent": 35.98290598290598, "process_util_available": true, "process_util_backend": "nvml", "process_sm_util_percent": 13.0, "process_mem_util_percent": 1.0}
{"timestamp_unix": 1772433865.5388777, "pid": 53230, "device_index": 0, "gpu_uuid": "GPU-6f954bfd-7081-31b7-f15c-f9a174bf4d7f", "gpu_util_percent": 26.0, "gpu_mem_util_percent": 3.0, "gpu_mem_used_mib": 18185.0, "gpu_mem_total_mib": 49140.0, "gpu_power_w": 91.31, "process_present": true, "process_mem_mib": 17682.0, "process_mem_share_percent": 35.98290598290598, "process_util_available": true, "process_util_backend": "nvml", "process_sm_util_percent": 25.0, "process_mem_util_percent": 2.0}
{"timestamp_unix": 1772433865.8273566, "pid": 53230, "device_index": 0, "gpu_uuid": "GPU-6f954bfd-7081-31b7-f15c-f9a174bf4d7f", "gpu_util_percent": 26.0, "gpu_mem_util_percent": 3.0, "gpu_mem_used_mib": 18185.0, "gpu_mem_total_mib": 49140.0, "gpu_power_w": 91.31, "process_present": true, "process_mem_mib": 17682.0, "process_mem_share_percent": 35.98290598290598, "process_util_available": true, "process_util_backend": "nvml", "process_sm_util_percent": 25.0, "process_mem_util_percent": 2.0}
{"timestamp_unix": 1772433866.118213, "pid": 53230, "device_index": 0, "gpu_uuid": "GPU-6f954bfd-7081-31b7-f15c-f9a174bf4d7f", "gpu_util_percent": 26.0, "gpu_mem_util_percent": 3.0, "gpu_mem_used_mib": 18184.0, "gpu_mem_total_mib": 49140.0, "gpu_power_w": 91.15, "process_present": true, "process_mem_mib": 17682.0, "process_mem_share_percent": 35.98290598290598, "process_util_available": true, "process_util_backend": "nvml", "process_sm_util_percent": 25.0, "process_mem_util_percent": 2.0}
{"timestamp_unix": 1772433866.4086618, "pid": 53230, "device_index": 0, "gpu_uuid": "GPU-6f954bfd-7081-31b7-f15c-f9a174bf4d7f", "gpu_util_percent": 26.0, "gpu_mem_util_percent": 3.0, "gpu_mem_used_mib": 18184.0, "gpu_mem_total_mib": 49140.0, "gpu_power_w": 91.07, "process_present": true, "process_mem_mib": 17682.0, "process_mem_share_percent": 35.98290598290598, "process_util_available": true, "process_util_backend": "nvml", "process_sm_util_percent": 25.0, "process_mem_util_percent": 2.0}
{"timestamp_unix": 1772433866.6984942, "pid": 53230, "device_index": 0, "gpu_uuid": "GPU-6f954bfd-7081-31b7-f15c-f9a174bf4d7f", "gpu_util_percent": 26.0, "gpu_mem_util_percent": 3.0, "gpu_mem_used_mib": 18184.0, "gpu_mem_total_mib": 49140.0, "gpu_power_w": 91.07, "process_present": true, "process_mem_mib": 17682.0, "process_mem_share_percent": 35.98290598290598, "process_util_available": true, "process_util_backend": "nvml", "process_sm_util_percent": 25.0, "process_mem_util_percent": 2.0}
{"timestamp_unix": 1772433867.0099108, "pid": 53230, "device_index": 0, "gpu_uuid": "GPU-6f954bfd-7081-31b7-f15c-f9a174bf4d7f", "gpu_util_percent": 26.0, "gpu_mem_util_percent": 3.0, "gpu_mem_used_mib": 18184.0, "gpu_mem_total_mib": 49140.0, "gpu_power_w": 91.02, "process_present": true, "process_mem_mib": 17682.0, "process_mem_share_percent": 35.98290598290598, "process_util_available": true, "process_util_backend": "nvml", "process_sm_util_percent": 25.0, "process_mem_util_percent": 2.0}
{"timestamp_unix": 1772433867.3153126, "pid": 53230, "device_index": 0, "gpu_uuid": "GPU-6f954bfd-7081-31b7-f15c-f9a174bf4d7f", "gpu_util_percent": 26.0, "gpu_mem_util_percent": 3.0, "gpu_mem_used_mib": 18184.0, "gpu_mem_total_mib": 49140.0, "gpu_power_w": 91.02, "process_present": true, "process_mem_mib": 17682.0, "process_mem_share_percent": 35.98290598290598, "process_util_available": true, "process_util_backend": "nvml", "process_sm_util_percent": 25.0, "process_mem_util_percent": 2.0}
{"timestamp_unix": 1772433867.6119604, "pid": 53230, "device_index": 0, "gpu_uuid": "GPU-6f954bfd-7081-31b7-f15c-f9a174bf4d7f", "gpu_util_percent": 25.0, "gpu_mem_util_percent": 3.0, "gpu_mem_used_mib": 18184.0, "gpu_mem_total_mib": 49140.0, "gpu_power_w": 90.99, "process_present": true, "process_mem_mib": 17682.0, "process_mem_share_percent": 35.98290598290598, "process_util_available": true, "process_util_backend": "nvml", "process_sm_util_percent": 25.0, "process_mem_util_percent": 2.0}
{"timestamp_unix": 1772433867.9062247, "pid": 53230, "device_index": 0, "gpu_uuid": "GPU-6f954bfd-7081-31b7-f15c-f9a174bf4d7f", "gpu_util_percent": 25.0, "gpu_mem_util_percent": 3.0, "gpu_mem_used_mib": 18184.0, "gpu_mem_total_mib": 49140.0, "gpu_power_w": 91.08, "process_present": true, "process_mem_mib": 17682.0, "process_mem_share_percent": 35.98290598290598, "process_util_available": true, "process_util_backend": "nvml", "process_sm_util_percent": 25.0, "process_mem_util_percent": 2.0}
{"timestamp_unix": 1772433868.1952994, "pid": 53230, "device_index": 0, "gpu_uuid": "GPU-6f954bfd-7081-31b7-f15c-f9a174bf4d7f", "gpu_util_percent": 25.0, "gpu_mem_util_percent": 3.0, "gpu_mem_used_mib": 18179.0, "gpu_mem_total_mib": 49140.0, "gpu_power_w": 91.08, "process_present": true, "process_mem_mib": 17682.0, "process_mem_share_percent": 35.98290598290598, "process_util_available": true, "process_util_backend": "nvml", "process_sm_util_percent": 25.0, "process_mem_util_percent": 2.0}
{"timestamp_unix": 1772433868.490138, "pid": 53230, "device_index": 0, "gpu_uuid": "GPU-6f954bfd-7081-31b7-f15c-f9a174bf4d7f", "gpu_util_percent": 25.0, "gpu_mem_util_percent": 2.0, "gpu_mem_used_mib": 18179.0, "gpu_mem_total_mib": 49140.0, "gpu_power_w": 91.04, "process_present": true, "process_mem_mib": 17682.0, "process_mem_share_percent": 35.98290598290598, "process_util_available": true, "process_util_backend": "nvml", "process_sm_util_percent": 25.0, "process_mem_util_percent": 2.0}
{"timestamp_unix": 1772433868.7804039, "pid": 53230, "device_index": 0, "gpu_uuid": "GPU-6f954bfd-7081-31b7-f15c-f9a174bf4d7f", "gpu_util_percent": 25.0, "gpu_mem_util_percent": 2.0, "gpu_mem_used_mib": 18178.0, "gpu_mem_total_mib": 49140.0, "gpu_power_w": 91.04, "process_present": true, "process_mem_mib": 17682.0, "process_mem_share_percent": 35.98290598290598, "process_util_available": true, "process_util_backend": "nvml", "process_sm_util_percent": 25.0, "process_mem_util_percent": 2.0}
{"timestamp_unix": 1772433869.073324, "pid": 53230, "device_index": 0, "gpu_uuid": "GPU-6f954bfd-7081-31b7-f15c-f9a174bf4d7f", "gpu_util_percent": 25.0, "gpu_mem_util_percent": 2.0, "gpu_mem_used_mib": 18178.0, "gpu_mem_total_mib": 49140.0, "gpu_power_w": 89.81, "process_present": true, "process_mem_mib": 17682.0, "process_mem_share_percent": 35.98290598290598, "process_util_available": true, "process_util_backend": "nvml", "process_sm_util_percent": 21.0, "process_mem_util_percent": 2.0}
{"timestamp_unix": 1772433869.3666878, "pid": 53230, "device_index": 0, "gpu_uuid": "GPU-6f954bfd-7081-31b7-f15c-f9a174bf4d7f", "gpu_util_percent": 24.0, "gpu_mem_util_percent": 3.0, "gpu_mem_used_mib": 18178.0, "gpu_mem_total_mib": 49140.0, "gpu_power_w": 89.59, "process_present": true, "process_mem_mib": 17682.0, "process_mem_share_percent": 35.98290598290598, "process_util_available": true, "process_util_backend": "nvml", "process_sm_util_percent": 23.0, "process_mem_util_percent": 3.0}
{"timestamp_unix": 1772433869.6734216, "pid": 53230, "device_index": 0, "gpu_uuid": "GPU-6f954bfd-7081-31b7-f15c-f9a174bf4d7f", "gpu_util_percent": 24.0, "gpu_mem_util_percent": 3.0, "gpu_mem_used_mib": 18178.0, "gpu_mem_total_mib": 49140.0, "gpu_power_w": 89.59, "process_present": true, "process_mem_mib": 17682.0, "process_mem_share_percent": 35.98290598290598, "process_util_available": true, "process_util_backend": "nvml", "process_sm_util_percent": 24.0, "process_mem_util_percent": 3.0}
{"timestamp_unix": 1772433869.9746323, "pid": 53230, "device_index": 0, "gpu_uuid": "GPU-6f954bfd-7081-31b7-f15c-f9a174bf4d7f", "gpu_util_percent": 24.0, "gpu_mem_util_percent": 3.0, "gpu_mem_used_mib": 18174.0, "gpu_mem_total_mib": 49140.0, "gpu_power_w": 90.13, "process_present": true, "process_mem_mib": 17682.0, "process_mem_share_percent": 35.98290598290598, "process_util_available": true, "process_util_backend": "nvml", "process_sm_util_percent": 24.0, "process_mem_util_percent": 3.0}
{"timestamp_unix": 1772433870.2727027, "pid": 53230, "device_index": 0, "gpu_uuid": "GPU-6f954bfd-7081-31b7-f15c-f9a174bf4d7f", "gpu_util_percent": 24.0, "gpu_mem_util_percent": 3.0, "gpu_mem_used_mib": 18186.0, "gpu_mem_total_mib": 49140.0, "gpu_power_w": 90.13, "process_present": true, "process_mem_mib": 17682.0, "process_mem_share_percent": 35.98290598290598, "process_util_available": true, "process_util_backend": "nvml", "process_sm_util_percent": 27.0, "process_mem_util_percent": 3.0}
{"timestamp_unix": 1772433870.5617356, "pid": 53230, "device_index": 0, "gpu_uuid": "GPU-6f954bfd-7081-31b7-f15c-f9a174bf4d7f", "gpu_util_percent": 25.0, "gpu_mem_util_percent": 3.0, "gpu_mem_used_mib": 18186.0, "gpu_mem_total_mib": 49140.0, "gpu_power_w": 90.71, "process_present": true, "process_mem_mib": 17682.0, "process_mem_share_percent": 35.98290598290598, "process_util_available": true, "process_util_backend": "nvml", "process_sm_util_percent": 24.0, "process_mem_util_percent": 3.0}
{"timestamp_unix": 1772433870.8542423, "pid": 53230, "device_index": 0, "gpu_uuid": "GPU-6f954bfd-7081-31b7-f15c-f9a174bf4d7f", "gpu_util_percent": 25.0, "gpu_mem_util_percent": 3.0, "gpu_mem_used_mib": 18186.0, "gpu_mem_total_mib": 49140.0, "gpu_power_w": 90.71, "process_present": true, "process_mem_mib": 17682.0, "process_mem_share_percent": 35.98290598290598, "process_util_available": true, "process_util_backend": "nvml", "process_sm_util_percent": 24.0, "process_mem_util_percent": 3.0}
{"timestamp_unix": 1772433871.1451778, "pid": 53230, "device_index": 0, "gpu_uuid": "GPU-6f954bfd-7081-31b7-f15c-f9a174bf4d7f", "gpu_util_percent": 25.0, "gpu_mem_util_percent": 3.0, "gpu_mem_used_mib": 18186.0, "gpu_mem_total_mib": 49140.0, "gpu_power_w": 90.9, "process_present": true, "process_mem_mib": 17682.0, "process_mem_share_percent": 35.98290598290598, "process_util_available": true, "process_util_backend": "nvml", "process_sm_util_percent": 23.0, "process_mem_util_percent": 3.0}
{"timestamp_unix": 1772433871.4397516, "pid": 53230, "device_index": 0, "gpu_uuid": "GPU-6f954bfd-7081-31b7-f15c-f9a174bf4d7f", "gpu_util_percent": 24.0, "gpu_mem_util_percent": 3.0, "gpu_mem_used_mib": 18186.0, "gpu_mem_total_mib": 49140.0, "gpu_power_w": 90.97, "process_present": true, "process_mem_mib": 17682.0, "process_mem_share_percent": 35.98290598290598, "process_util_available": true, "process_util_backend": "nvml", "process_sm_util_percent": 25.0, "process_mem_util_percent": 3.0}
{"timestamp_unix": 1772433871.7303987, "pid": 53230, "device_index": 0, "gpu_uuid": "GPU-6f954bfd-7081-31b7-f15c-f9a174bf4d7f", "gpu_util_percent": 24.0, "gpu_mem_util_percent": 3.0, "gpu_mem_used_mib": 19046.0, "gpu_mem_total_mib": 49140.0, "gpu_power_w": 90.97, "process_present": true, "process_mem_mib": 18742.0, "process_mem_share_percent": 38.14000814000814, "process_util_available": true, "process_util_backend": "nvml", "process_sm_util_percent": 24.0, "process_mem_util_percent": 3.0}
{"timestamp_unix": 1772433872.0281026, "pid": 53230, "device_index": 0, "gpu_uuid": "GPU-6f954bfd-7081-31b7-f15c-f9a174bf4d7f", "gpu_util_percent": 24.0, "gpu_mem_util_percent": 3.0, "gpu_mem_used_mib": 20266.0, "gpu_mem_total_mib": 49140.0, "gpu_power_w": 90.82, "process_present": true, "process_mem_mib": 19962.0, "process_mem_share_percent": 40.62271062271062, "process_util_available": true, "process_util_backend": "nvml", "process_sm_util_percent": 23.0, "process_mem_util_percent": 3.0}
{"timestamp_unix": 1772433872.3331318, "pid": 53230, "device_index": 0, "gpu_uuid": "GPU-6f954bfd-7081-31b7-f15c-f9a174bf4d7f", "gpu_util_percent": 24.0, "gpu_mem_util_percent": 3.0, "gpu_mem_used_mib": 21486.0, "gpu_mem_total_mib": 49140.0, "gpu_power_w": 90.82, "process_present": true, "process_mem_mib": 21042.0, "process_mem_share_percent": 42.82051282051282, "process_util_available": true, "process_util_backend": "nvml", "process_sm_util_percent": 23.0, "process_mem_util_percent": 3.0}
{"timestamp_unix": 1772433872.6427238, "pid": 53230, "device_index": 0, "gpu_uuid": "GPU-6f954bfd-7081-31b7-f15c-f9a174bf4d7f", "gpu_util_percent": 23.0, "gpu_mem_util_percent": 3.0, "gpu_mem_used_mib": 21546.0, "gpu_mem_total_mib": 49140.0, "gpu_power_w": 90.42, "process_present": true, "process_mem_mib": 21062.0, "process_mem_share_percent": 42.86121286121286, "process_util_available": true, "process_util_backend": "nvml", "process_sm_util_percent": 7.0, "process_mem_util_percent": 0.0}
{"timestamp_unix": 1772433872.949756, "pid": 53230, "device_index": 0, "gpu_uuid": "GPU-6f954bfd-7081-31b7-f15c-f9a174bf4d7f", "gpu_util_percent": 23.0, "gpu_mem_util_percent": 3.0, "gpu_mem_used_mib": 21566.0, "gpu_mem_total_mib": 49140.0, "gpu_power_w": 87.72, "process_present": true, "process_mem_mib": 21062.0, "process_mem_share_percent": 42.86121286121286, "process_util_available": true, "process_util_backend": "nvml", "process_sm_util_percent": 24.0, "process_mem_util_percent": 3.0}
{"timestamp_unix": 1772433873.2556238, "pid": 53230, "device_index": 0, "gpu_uuid": "GPU-6f954bfd-7081-31b7-f15c-f9a174bf4d7f", "gpu_util_percent": 23.0, "gpu_mem_util_percent": 3.0, "gpu_mem_used_mib": 21564.0, "gpu_mem_total_mib": 49140.0, "gpu_power_w": 87.72, "process_present": true, "process_mem_mib": 21062.0, "process_mem_share_percent": 42.86121286121286, "process_util_available": true, "process_util_backend": "nvml", "process_sm_util_percent": 25.0, "process_mem_util_percent": 3.0}
{"timestamp_unix": 1772433873.5440118, "pid": 53230, "device_index": 0, "gpu_uuid": "GPU-6f954bfd-7081-31b7-f15c-f9a174bf4d7f", "gpu_util_percent": 25.0, "gpu_mem_util_percent": 3.0, "gpu_mem_used_mib": 21564.0, "gpu_mem_total_mib": 49140.0, "gpu_power_w": 88.33, "process_present": true, "process_mem_mib": 21062.0, "process_mem_share_percent": 42.86121286121286, "process_util_available": true, "process_util_backend": "nvml", "process_sm_util_percent": 24.0, "process_mem_util_percent": 3.0}
{"timestamp_unix": 1772433873.8339958, "pid": 53230, "device_index": 0, "gpu_uuid": "GPU-6f954bfd-7081-31b7-f15c-f9a174bf4d7f", "gpu_util_percent": 25.0, "gpu_mem_util_percent": 3.0, "gpu_mem_used_mib": 21564.0, "gpu_mem_total_mib": 49140.0, "gpu_power_w": 88.33, "process_present": true, "process_mem_mib": 21062.0, "process_mem_share_percent": 42.86121286121286, "process_util_available": true, "process_util_backend": "nvml", "process_sm_util_percent": 24.0, "process_mem_util_percent": 3.0}
{"timestamp_unix": 1772433874.124401, "pid": 53230, "device_index": 0, "gpu_uuid": "GPU-6f954bfd-7081-31b7-f15c-f9a174bf4d7f", "gpu_util_percent": 25.0, "gpu_mem_util_percent": 3.0, "gpu_mem_used_mib": 21564.0, "gpu_mem_total_mib": 49140.0, "gpu_power_w": 91.72, "process_present": true, "process_mem_mib": 21062.0, "process_mem_share_percent": 42.86121286121286, "process_util_available": true, "process_util_backend": "nvml", "process_sm_util_percent": 25.0, "process_mem_util_percent": 3.0}
{"timestamp_unix": 1772433874.4144833, "pid": 53230, "device_index": 0, "gpu_uuid": "GPU-6f954bfd-7081-31b7-f15c-f9a174bf4d7f", "gpu_util_percent": 24.0, "gpu_mem_util_percent": 3.0, "gpu_mem_used_mib": 21564.0, "gpu_mem_total_mib": 49140.0, "gpu_power_w": 91.67, "process_present": true, "process_mem_mib": 21062.0, "process_mem_share_percent": 42.86121286121286, "process_util_available": true, "process_util_backend": "nvml", "process_sm_util_percent": 24.0, "process_mem_util_percent": 3.0}
{"timestamp_unix": 1772433874.7056708, "pid": 53230, "device_index": 0, "gpu_uuid": "GPU-6f954bfd-7081-31b7-f15c-f9a174bf4d7f", "gpu_util_percent": 24.0, "gpu_mem_util_percent": 3.0, "gpu_mem_used_mib": 21564.0, "gpu_mem_total_mib": 49140.0, "gpu_power_w": 91.67, "process_present": true, "process_mem_mib": 21062.0, "process_mem_share_percent": 42.86121286121286, "process_util_available": true, "process_util_backend": "nvml", "process_sm_util_percent": 23.0, "process_mem_util_percent": 3.0}
{"timestamp_unix": 1772433874.9974418, "pid": 53230, "device_index": 0, "gpu_uuid": "GPU-6f954bfd-7081-31b7-f15c-f9a174bf4d7f", "gpu_util_percent": 24.0, "gpu_mem_util_percent": 3.0, "gpu_mem_used_mib": 21560.0, "gpu_mem_total_mib": 49140.0, "gpu_power_w": 91.62, "process_present": true, "process_mem_mib": 21062.0, "process_mem_share_percent": 42.86121286121286, "process_util_available": true, "process_util_backend": "nvml", "process_sm_util_percent": 23.0, "process_mem_util_percent": 3.0}
{"timestamp_unix": 1772433875.301868, "pid": 53230, "device_index": 0, "gpu_uuid": "GPU-6f954bfd-7081-31b7-f15c-f9a174bf4d7f", "gpu_util_percent": 24.0, "gpu_mem_util_percent": 3.0, "gpu_mem_used_mib": 21560.0, "gpu_mem_total_mib": 49140.0, "gpu_power_w": 91.62, "process_present": true, "process_mem_mib": 21062.0, "process_mem_share_percent": 42.86121286121286, "process_util_available": true, "process_util_backend": "nvml", "process_sm_util_percent": 23.0, "process_mem_util_percent": 3.0}
{"timestamp_unix": 1772433875.6045182, "pid": 53230, "device_index": 0, "gpu_uuid": "GPU-6f954bfd-7081-31b7-f15c-f9a174bf4d7f", "gpu_util_percent": 24.0, "gpu_mem_util_percent": 3.0, "gpu_mem_used_mib": 21560.0, "gpu_mem_total_mib": 49140.0, "gpu_power_w": 91.43, "process_present": true, "process_mem_mib": 21062.0, "process_mem_share_percent": 42.86121286121286, "process_util_available": true, "process_util_backend": "nvml", "process_sm_util_percent": 12.0, "process_mem_util_percent": 1.0}
{"timestamp_unix": 1772433875.9032657, "pid": 53230, "device_index": 0, "gpu_uuid": "GPU-6f954bfd-7081-31b7-f15c-f9a174bf4d7f", "gpu_util_percent": 24.0, "gpu_mem_util_percent": 3.0, "gpu_mem_used_mib": 21560.0, "gpu_mem_total_mib": 49140.0, "gpu_power_w": 91.24, "process_present": true, "process_mem_mib": 21062.0, "process_mem_share_percent": 42.86121286121286, "process_util_available": true, "process_util_backend": "nvml", "process_sm_util_percent": 24.0, "process_mem_util_percent": 3.0}
{"timestamp_unix": 1772433876.203339, "pid": 53230, "device_index": 0, "gpu_uuid": "GPU-6f954bfd-7081-31b7-f15c-f9a174bf4d7f", "gpu_util_percent": 24.0, "gpu_mem_util_percent": 3.0, "gpu_mem_used_mib": 21560.0, "gpu_mem_total_mib": 49140.0, "gpu_power_w": 91.24, "process_present": true, "process_mem_mib": 21062.0, "process_mem_share_percent": 42.86121286121286, "process_util_available": true, "process_util_backend": "nvml", "process_sm_util_percent": 24.0, "process_mem_util_percent": 3.0}
{"timestamp_unix": 1772433876.4965756, "pid": 53230, "device_index": 0, "gpu_uuid": "GPU-6f954bfd-7081-31b7-f15c-f9a174bf4d7f", "gpu_util_percent": 25.0, "gpu_mem_util_percent": 3.0, "gpu_mem_used_mib": 21553.0, "gpu_mem_total_mib": 49140.0, "gpu_power_w": 91.23, "process_present": true, "process_mem_mib": 21062.0, "process_mem_share_percent": 42.86121286121286, "process_util_available": true, "process_util_backend": "nvml", "process_sm_util_percent": 24.0, "process_mem_util_percent": 3.0}
{"timestamp_unix": 1772433876.788712, "pid": 53230, "device_index": 0, "gpu_uuid": "GPU-6f954bfd-7081-31b7-f15c-f9a174bf4d7f", "gpu_util_percent": 25.0, "gpu_mem_util_percent": 3.0, "gpu_mem_used_mib": 21553.0, "gpu_mem_total_mib": 49140.0, "gpu_power_w": 91.23, "process_present": true, "process_mem_mib": 21062.0, "process_mem_share_percent": 42.86121286121286, "process_util_available": true, "process_util_backend": "nvml", "process_sm_util_percent": 24.0, "process_mem_util_percent": 3.0}
{"timestamp_unix": 1772433877.076739, "pid": 53230, "device_index": 0, "gpu_uuid": "GPU-6f954bfd-7081-31b7-f15c-f9a174bf4d7f", "gpu_util_percent": 25.0, "gpu_mem_util_percent": 3.0, "gpu_mem_used_mib": 21553.0, "gpu_mem_total_mib": 49140.0, "gpu_power_w": 91.22, "process_present": true, "process_mem_mib": 21062.0, "process_mem_share_percent": 42.86121286121286, "process_util_available": true, "process_util_backend": "nvml", "process_sm_util_percent": 24.0, "process_mem_util_percent": 3.0}
{"timestamp_unix": 1772433877.3650038, "pid": 53230, "device_index": 0, "gpu_uuid": "GPU-6f954bfd-7081-31b7-f15c-f9a174bf4d7f", "gpu_util_percent": 25.0, "gpu_mem_util_percent": 3.0, "gpu_mem_used_mib": 21553.0, "gpu_mem_total_mib": 49140.0, "gpu_power_w": 91.25, "process_present": true, "process_mem_mib": 21062.0, "process_mem_share_percent": 42.86121286121286, "process_util_available": true, "process_util_backend": "nvml", "process_sm_util_percent": 24.0, "process_mem_util_percent": 3.0}
{"timestamp_unix": 1772433877.6565478, "pid": 53230, "device_index": 0, "gpu_uuid": "GPU-6f954bfd-7081-31b7-f15c-f9a174bf4d7f", "gpu_util_percent": 25.0, "gpu_mem_util_percent": 3.0, "gpu_mem_used_mib": 21553.0, "gpu_mem_total_mib": 49140.0, "gpu_power_w": 91.25, "process_present": true, "process_mem_mib": 21062.0, "process_mem_share_percent": 42.86121286121286, "process_util_available": true, "process_util_backend": "nvml", "process_sm_util_percent": 25.0, "process_mem_util_percent": 3.0}
{"timestamp_unix": 1772433877.9477699, "pid": 53230, "device_index": 0, "gpu_uuid": "GPU-6f954bfd-7081-31b7-f15c-f9a174bf4d7f", "gpu_util_percent": 25.0, "gpu_mem_util_percent": 3.0, "gpu_mem_used_mib": 21553.0, "gpu_mem_total_mib": 49140.0, "gpu_power_w": 90.95, "process_present": true, "process_mem_mib": 21062.0, "process_mem_share_percent": 42.86121286121286, "process_util_available": true, "process_util_backend": "nvml", "process_sm_util_percent": null, "process_mem_util_percent": null}
{"timestamp_unix": 1772433878.2528193, "pid": 53230, "device_index": 0, "gpu_uuid": "GPU-6f954bfd-7081-31b7-f15c-f9a174bf4d7f", "gpu_util_percent": 25.0, "gpu_mem_util_percent": 3.0, "gpu_mem_used_mib": 21553.0, "gpu_mem_total_mib": 49140.0, "gpu_power_w": 90.95, "process_present": true, "process_mem_mib": 21062.0, "process_mem_share_percent": 42.86121286121286, "process_util_available": true, "process_util_backend": "nvml", "process_sm_util_percent": 22.0, "process_mem_util_percent": 2.0}
{"timestamp_unix": 1772433878.5499952, "pid": 53230, "device_index": 0, "gpu_uuid": "GPU-6f954bfd-7081-31b7-f15c-f9a174bf4d7f", "gpu_util_percent": 23.0, "gpu_mem_util_percent": 3.0, "gpu_mem_used_mib": 21553.0, "gpu_mem_total_mib": 49140.0, "gpu_power_w": 90.06, "process_present": true, "process_mem_mib": 21062.0, "process_mem_share_percent": 42.86121286121286, "process_util_available": true, "process_util_backend": "nvml", "process_sm_util_percent": 23.0, "process_mem_util_percent": 3.0}
{"timestamp_unix": 1772433878.857279, "pid": 53230, "device_index": 0, "gpu_uuid": "GPU-6f954bfd-7081-31b7-f15c-f9a174bf4d7f", "gpu_util_percent": 23.0, "gpu_mem_util_percent": 3.0, "gpu_mem_used_mib": 21553.0, "gpu_mem_total_mib": 49140.0, "gpu_power_w": 90.06, "process_present": true, "process_mem_mib": 21062.0, "process_mem_share_percent": 42.86121286121286, "process_util_available": true, "process_util_backend": "nvml", "process_sm_util_percent": 11.0, "process_mem_util_percent": 1.0}
{"timestamp_unix": 1772433879.1573365, "pid": 53230, "device_index": 0, "gpu_uuid": "GPU-6f954bfd-7081-31b7-f15c-f9a174bf4d7f", "gpu_util_percent": 23.0, "gpu_mem_util_percent": 3.0, "gpu_mem_used_mib": 21553.0, "gpu_mem_total_mib": 49140.0, "gpu_power_w": 89.97, "process_present": true, "process_mem_mib": 21062.0, "process_mem_share_percent": 42.86121286121286, "process_util_available": true, "process_util_backend": "nvml", "process_sm_util_percent": null, "process_mem_util_percent": null}
{"timestamp_unix": 1772433879.4552958, "pid": 53230, "device_index": 0, "gpu_uuid": "GPU-6f954bfd-7081-31b7-f15c-f9a174bf4d7f", "gpu_util_percent": 20.0, "gpu_mem_util_percent": 3.0, "gpu_mem_used_mib": 21553.0, "gpu_mem_total_mib": 49140.0, "gpu_power_w": 91.21, "process_present": true, "process_mem_mib": 21062.0, "process_mem_share_percent": 42.86121286121286, "process_util_available": true, "process_util_backend": "nvml", "process_sm_util_percent": 11.0, "process_mem_util_percent": 1.0}
{"timestamp_unix": 1772433879.7443686, "pid": 53230, "device_index": 0, "gpu_uuid": "GPU-6f954bfd-7081-31b7-f15c-f9a174bf4d7f", "gpu_util_percent": 20.0, "gpu_mem_util_percent": 3.0, "gpu_mem_used_mib": 21553.0, "gpu_mem_total_mib": 49140.0, "gpu_power_w": 91.21, "process_present": true, "process_mem_mib": 21062.0, "process_mem_share_percent": 42.86121286121286, "process_util_available": true, "process_util_backend": "nvml", "process_sm_util_percent": 21.0, "process_mem_util_percent": 3.0}
{"timestamp_unix": 1772433880.0393507, "pid": 53230, "device_index": 0, "gpu_uuid": "GPU-6f954bfd-7081-31b7-f15c-f9a174bf4d7f", "gpu_util_percent": 20.0, "gpu_mem_util_percent": 3.0, "gpu_mem_used_mib": 21553.0, "gpu_mem_total_mib": 49140.0, "gpu_power_w": 91.42, "process_present": true, "process_mem_mib": 21062.0, "process_mem_share_percent": 42.86121286121286, "process_util_available": true, "process_util_backend": "nvml", "process_sm_util_percent": 21.0, "process_mem_util_percent": 3.0}
{"timestamp_unix": 1772433880.3303077, "pid": 53230, "device_index": 0, "gpu_uuid": "GPU-6f954bfd-7081-31b7-f15c-f9a174bf4d7f", "gpu_util_percent": 20.0, "gpu_mem_util_percent": 3.0, "gpu_mem_used_mib": 21553.0, "gpu_mem_total_mib": 49140.0, "gpu_power_w": 91.42, "process_present": true, "process_mem_mib": 21062.0, "process_mem_share_percent": 42.86121286121286, "process_util_available": true, "process_util_backend": "nvml", "process_sm_util_percent": 21.0, "process_mem_util_percent": 3.0}
{"timestamp_unix": 1772433880.6229968, "pid": 53230, "device_index": 0, "gpu_uuid": "GPU-6f954bfd-7081-31b7-f15c-f9a174bf4d7f", "gpu_util_percent": 21.0, "gpu_mem_util_percent": 4.0, "gpu_mem_used_mib": 21933.0, "gpu_mem_total_mib": 49140.0, "gpu_power_w": 91.48, "process_present": true, "process_mem_mib": 21662.0, "process_mem_share_percent": 44.08221408221408, "process_util_available": true, "process_util_backend": "nvml", "process_sm_util_percent": 21.0, "process_mem_util_percent": 3.0}
{"timestamp_unix": 1772433880.9134445, "pid": 53230, "device_index": 0, "gpu_uuid": "GPU-6f954bfd-7081-31b7-f15c-f9a174bf4d7f", "gpu_util_percent": 21.0, "gpu_mem_util_percent": 4.0, "gpu_mem_used_mib": 23453.0, "gpu_mem_total_mib": 49140.0, "gpu_power_w": 91.14, "process_present": true, "process_mem_mib": 23182.0, "process_mem_share_percent": 47.17541717541718, "process_util_available": true, "process_util_backend": "nvml", "process_sm_util_percent": 22.0, "process_mem_util_percent": 3.0}
{"timestamp_unix": 1772433881.2066288, "pid": 53230, "device_index": 0, "gpu_uuid": "GPU-6f954bfd-7081-31b7-f15c-f9a174bf4d7f", "gpu_util_percent": 21.0, "gpu_mem_util_percent": 4.0, "gpu_mem_used_mib": 24993.0, "gpu_mem_total_mib": 49140.0, "gpu_power_w": 91.14, "process_present": true, "process_mem_mib": 24722.0, "process_mem_share_percent": 50.309320309320306, "process_util_available": true, "process_util_backend": "nvml", "process_sm_util_percent": 23.0, "process_mem_util_percent": 3.0}
{"timestamp_unix": 1772433881.5155125, "pid": 53230, "device_index": 0, "gpu_uuid": "GPU-6f954bfd-7081-31b7-f15c-f9a174bf4d7f", "gpu_util_percent": 22.0, "gpu_mem_util_percent": 3.0, "gpu_mem_used_mib": 26513.0, "gpu_mem_total_mib": 49140.0, "gpu_power_w": 90.84, "process_present": true, "process_mem_mib": 26162.0, "process_mem_share_percent": 53.23972323972323, "process_util_available": true, "process_util_backend": "nvml", "process_sm_util_percent": 24.0, "process_mem_util_percent": 3.0}
{"timestamp_unix": 1772433881.8225691, "pid": 53230, "device_index": 0, "gpu_uuid": "GPU-6f954bfd-7081-31b7-f15c-f9a174bf4d7f", "gpu_util_percent": 22.0, "gpu_mem_util_percent": 3.0, "gpu_mem_used_mib": 26653.0, "gpu_mem_total_mib": 49140.0, "gpu_power_w": 90.84, "process_present": true, "process_mem_mib": 26182.0, "process_mem_share_percent": 53.280423280423285, "process_util_available": true, "process_util_backend": "nvml", "process_sm_util_percent": 8.0, "process_mem_util_percent": 0.0}
{"timestamp_unix": 1772433882.1214788, "pid": 53230, "device_index": 0, "gpu_uuid": "GPU-6f954bfd-7081-31b7-f15c-f9a174bf4d7f", "gpu_util_percent": 22.0, "gpu_mem_util_percent": 3.0, "gpu_mem_used_mib": 26673.0, "gpu_mem_total_mib": 49140.0, "gpu_power_w": 87.85, "process_present": true, "process_mem_mib": 26182.0, "process_mem_share_percent": 53.280423280423285, "process_util_available": true, "process_util_backend": "nvml", "process_sm_util_percent": 25.0, "process_mem_util_percent": 3.0}
{"timestamp_unix": 1772433882.4118233, "pid": 53230, "device_index": 0, "gpu_uuid": "GPU-6f954bfd-7081-31b7-f15c-f9a174bf4d7f", "gpu_util_percent": 24.0, "gpu_mem_util_percent": 3.0, "gpu_mem_used_mib": 26673.0, "gpu_mem_total_mib": 49140.0, "gpu_power_w": 88.54, "process_present": true, "process_mem_mib": 26182.0, "process_mem_share_percent": 53.280423280423285, "process_util_available": true, "process_util_backend": "nvml", "process_sm_util_percent": 25.0, "process_mem_util_percent": 3.0}
{"timestamp_unix": 1772433882.7038412, "pid": 53230, "device_index": 0, "gpu_uuid": "GPU-6f954bfd-7081-31b7-f15c-f9a174bf4d7f", "gpu_util_percent": 24.0, "gpu_mem_util_percent": 3.0, "gpu_mem_used_mib": 26673.0, "gpu_mem_total_mib": 49140.0, "gpu_power_w": 88.54, "process_present": true, "process_mem_mib": 26182.0, "process_mem_share_percent": 53.280423280423285, "process_util_available": true, "process_util_backend": "nvml", "process_sm_util_percent": 25.0, "process_mem_util_percent": 3.0}
{"timestamp_unix": 1772433882.9998949, "pid": 53230, "device_index": 0, "gpu_uuid": "GPU-6f954bfd-7081-31b7-f15c-f9a174bf4d7f", "gpu_util_percent": 24.0, "gpu_mem_util_percent": 3.0, "gpu_mem_used_mib": 26673.0, "gpu_mem_total_mib": 49140.0, "gpu_power_w": 91.15, "process_present": true, "process_mem_mib": 26182.0, "process_mem_share_percent": 53.280423280423285, "process_util_available": true, "process_util_backend": "nvml", "process_sm_util_percent": 25.0, "process_mem_util_percent": 3.0}
{"timestamp_unix": 1772433883.2912288, "pid": 53230, "device_index": 0, "gpu_uuid": "GPU-6f954bfd-7081-31b7-f15c-f9a174bf4d7f", "gpu_util_percent": 24.0, "gpu_mem_util_percent": 3.0, "gpu_mem_used_mib": 26673.0, "gpu_mem_total_mib": 49140.0, "gpu_power_w": 91.15, "process_present": true, "process_mem_mib": 26182.0, "process_mem_share_percent": 53.280423280423285, "process_util_available": true, "process_util_backend": "nvml", "process_sm_util_percent": 25.0, "process_mem_util_percent": 3.0}
{"timestamp_unix": 1772433883.5812926, "pid": 53230, "device_index": 0, "gpu_uuid": "GPU-6f954bfd-7081-31b7-f15c-f9a174bf4d7f", "gpu_util_percent": 25.0, "gpu_mem_util_percent": 4.0, "gpu_mem_used_mib": 26673.0, "gpu_mem_total_mib": 49140.0, "gpu_power_w": 92.15, "process_present": true, "process_mem_mib": 26182.0, "process_mem_share_percent": 53.280423280423285, "process_util_available": true, "process_util_backend": "nvml", "process_sm_util_percent": 25.0, "process_mem_util_percent": 3.0}
{"timestamp_unix": 1772433883.87232, "pid": 53230, "device_index": 0, "gpu_uuid": "GPU-6f954bfd-7081-31b7-f15c-f9a174bf4d7f", "gpu_util_percent": 25.0, "gpu_mem_util_percent": 4.0, "gpu_mem_used_mib": 26673.0, "gpu_mem_total_mib": 49140.0, "gpu_power_w": 92.09, "process_present": true, "process_mem_mib": 26182.0, "process_mem_share_percent": 53.280423280423285, "process_util_available": true, "process_util_backend": "nvml", "process_sm_util_percent": 25.0, "process_mem_util_percent": 3.0}
{"timestamp_unix": 1772433884.171982, "pid": 53230, "device_index": 0, "gpu_uuid": "GPU-6f954bfd-7081-31b7-f15c-f9a174bf4d7f", "gpu_util_percent": 25.0, "gpu_mem_util_percent": 4.0, "gpu_mem_used_mib": 26673.0, "gpu_mem_total_mib": 49140.0, "gpu_power_w": 92.09, "process_present": true, "process_mem_mib": 26182.0, "process_mem_share_percent": 53.280423280423285, "process_util_available": true, "process_util_backend": "nvml", "process_sm_util_percent": 25.0, "process_mem_util_percent": 3.0}
{"timestamp_unix": 1772433884.470617, "pid": 53230, "device_index": 0, "gpu_uuid": "GPU-6f954bfd-7081-31b7-f15c-f9a174bf4d7f", "gpu_util_percent": 25.0, "gpu_mem_util_percent": 3.0, "gpu_mem_used_mib": 26673.0, "gpu_mem_total_mib": 49140.0, "gpu_power_w": 92.01, "process_present": true, "process_mem_mib": 26182.0, "process_mem_share_percent": 53.280423280423285, "process_util_available": true, "process_util_backend": "nvml", "process_sm_util_percent": 25.0, "process_mem_util_percent": 3.0}
{"timestamp_unix": 1772433884.7730486, "pid": 53230, "device_index": 0, "gpu_uuid": "GPU-6f954bfd-7081-31b7-f15c-f9a174bf4d7f", "gpu_util_percent": 25.0, "gpu_mem_util_percent": 3.0, "gpu_mem_used_mib": 26673.0, "gpu_mem_total_mib": 49140.0, "gpu_power_w": 92.01, "process_present": true, "process_mem_mib": 26182.0, "process_mem_share_percent": 53.280423280423285, "process_util_available": true, "process_util_backend": "nvml", "process_sm_util_percent": 25.0, "process_mem_util_percent": 3.0}
{"timestamp_unix": 1772433885.0701592, "pid": 53230, "device_index": 0, "gpu_uuid": "GPU-6f954bfd-7081-31b7-f15c-f9a174bf4d7f", "gpu_util_percent": 25.0, "gpu_mem_util_percent": 3.0, "gpu_mem_used_mib": 26677.0, "gpu_mem_total_mib": 49140.0, "gpu_power_w": 91.98, "process_present": true, "process_mem_mib": 26182.0, "process_mem_share_percent": 53.280423280423285, "process_util_available": true, "process_util_backend": "nvml", "process_sm_util_percent": 25.0, "process_mem_util_percent": 3.0}
{"timestamp_unix": 1772433885.3600929, "pid": 53230, "device_index": 0, "gpu_uuid": "GPU-6f954bfd-7081-31b7-f15c-f9a174bf4d7f", "gpu_util_percent": 25.0, "gpu_mem_util_percent": 3.0, "gpu_mem_used_mib": 26677.0, "gpu_mem_total_mib": 49140.0, "gpu_power_w": 91.75, "process_present": true, "process_mem_mib": 26182.0, "process_mem_share_percent": 53.280423280423285, "process_util_available": true, "process_util_backend": "nvml", "process_sm_util_percent": 25.0, "process_mem_util_percent": 3.0}
{"timestamp_unix": 1772433885.6481657, "pid": 53230, "device_index": 0, "gpu_uuid": "GPU-6f954bfd-7081-31b7-f15c-f9a174bf4d7f", "gpu_util_percent": 25.0, "gpu_mem_util_percent": 3.0, "gpu_mem_used_mib": 26677.0, "gpu_mem_total_mib": 49140.0, "gpu_power_w": 91.75, "process_present": true, "process_mem_mib": 26182.0, "process_mem_share_percent": 53.280423280423285, "process_util_available": true, "process_util_backend": "nvml", "process_sm_util_percent": 25.0, "process_mem_util_percent": 3.0}
{"timestamp_unix": 1772433885.9392788, "pid": 53230, "device_index": 0, "gpu_uuid": "GPU-6f954bfd-7081-31b7-f15c-f9a174bf4d7f", "gpu_util_percent": 25.0, "gpu_mem_util_percent": 3.0, "gpu_mem_used_mib": 26677.0, "gpu_mem_total_mib": 49140.0, "gpu_power_w": 91.61, "process_present": true, "process_mem_mib": 26182.0, "process_mem_share_percent": 53.280423280423285, "process_util_available": true, "process_util_backend": "nvml", "process_sm_util_percent": 25.0, "process_mem_util_percent": 3.0}
{"timestamp_unix": 1772433886.2301443, "pid": 53230, "device_index": 0, "gpu_uuid": "GPU-6f954bfd-7081-31b7-f15c-f9a174bf4d7f", "gpu_util_percent": 25.0, "gpu_mem_util_percent": 3.0, "gpu_mem_used_mib": 26677.0, "gpu_mem_total_mib": 49140.0, "gpu_power_w": 91.61, "process_present": true, "process_mem_mib": 26182.0, "process_mem_share_percent": 53.280423280423285, "process_util_available": true, "process_util_backend": "nvml", "process_sm_util_percent": 25.0, "process_mem_util_percent": 3.0}
{"timestamp_unix": 1772433886.5228157, "pid": 53230, "device_index": 0, "gpu_uuid": "GPU-6f954bfd-7081-31b7-f15c-f9a174bf4d7f", "gpu_util_percent": 25.0, "gpu_mem_util_percent": 3.0, "gpu_mem_used_mib": 26677.0, "gpu_mem_total_mib": 49140.0, "gpu_power_w": 91.73, "process_present": true, "process_mem_mib": 26182.0, "process_mem_share_percent": 53.280423280423285, "process_util_available": true, "process_util_backend": "nvml", "process_sm_util_percent": 25.0, "process_mem_util_percent": 3.0}
{"timestamp_unix": 1772433886.8134267, "pid": 53230, "device_index": 0, "gpu_uuid": "GPU-6f954bfd-7081-31b7-f15c-f9a174bf4d7f", "gpu_util_percent": 25.0, "gpu_mem_util_percent": 3.0, "gpu_mem_used_mib": 26677.0, "gpu_mem_total_mib": 49140.0, "gpu_power_w": 91.73, "process_present": true, "process_mem_mib": 26182.0, "process_mem_share_percent": 53.280423280423285, "process_util_available": true, "process_util_backend": "nvml", "process_sm_util_percent": 25.0, "process_mem_util_percent": 3.0}
{"timestamp_unix": 1772433887.118231, "pid": 53230, "device_index": 0, "gpu_uuid": "GPU-6f954bfd-7081-31b7-f15c-f9a174bf4d7f", "gpu_util_percent": 25.0, "gpu_mem_util_percent": 3.0, "gpu_mem_used_mib": 26677.0, "gpu_mem_total_mib": 49140.0, "gpu_power_w": 91.7, "process_present": true, "process_mem_mib": 26182.0, "process_mem_share_percent": 53.280423280423285, "process_util_available": true, "process_util_backend": "nvml", "process_sm_util_percent": null, "process_mem_util_percent": null}
{"timestamp_unix": 1772433887.4199538, "pid": 53230, "device_index": 0, "gpu_uuid": "GPU-6f954bfd-7081-31b7-f15c-f9a174bf4d7f", "gpu_util_percent": 22.0, "gpu_mem_util_percent": 3.0, "gpu_mem_used_mib": 26677.0, "gpu_mem_total_mib": 49140.0, "gpu_power_w": 90.41, "process_present": true, "process_mem_mib": 26182.0, "process_mem_share_percent": 53.280423280423285, "process_util_available": true, "process_util_backend": "nvml", "process_sm_util_percent": 21.0, "process_mem_util_percent": 2.0}
{"timestamp_unix": 1772433887.7207887, "pid": 53230, "device_index": 0, "gpu_uuid": "GPU-6f954bfd-7081-31b7-f15c-f9a174bf4d7f", "gpu_util_percent": 22.0, "gpu_mem_util_percent": 3.0, "gpu_mem_used_mib": 26677.0, "gpu_mem_total_mib": 49140.0, "gpu_power_w": 90.41, "process_present": true, "process_mem_mib": 26182.0, "process_mem_share_percent": 53.280423280423285, "process_util_available": true, "process_util_backend": "nvml", "process_sm_util_percent": 23.0, "process_mem_util_percent": 3.0}
{"timestamp_unix": 1772433888.0115497, "pid": 53230, "device_index": 0, "gpu_uuid": "GPU-6f954bfd-7081-31b7-f15c-f9a174bf4d7f", "gpu_util_percent": 22.0, "gpu_mem_util_percent": 3.0, "gpu_mem_used_mib": 26677.0, "gpu_mem_total_mib": 49140.0, "gpu_power_w": 90.41, "process_present": true, "process_mem_mib": 26182.0, "process_mem_share_percent": 53.280423280423285, "process_util_available": true, "process_util_backend": "nvml", "process_sm_util_percent": 24.0, "process_mem_util_percent": 3.0}
{"timestamp_unix": 1772433888.3058846, "pid": 53230, "device_index": 0, "gpu_uuid": "GPU-6f954bfd-7081-31b7-f15c-f9a174bf4d7f", "gpu_util_percent": 22.0, "gpu_mem_util_percent": 3.0, "gpu_mem_used_mib": 26677.0, "gpu_mem_total_mib": 49140.0, "gpu_power_w": 90.41, "process_present": true, "process_mem_mib": 26182.0, "process_mem_share_percent": 53.280423280423285, "process_util_available": true, "process_util_backend": "nvml", "process_sm_util_percent": 24.0, "process_mem_util_percent": 3.0}
{"timestamp_unix": 1772433888.5974443, "pid": 53230, "device_index": 0, "gpu_uuid": "GPU-6f954bfd-7081-31b7-f15c-f9a174bf4d7f", "gpu_util_percent": 24.0, "gpu_mem_util_percent": 4.0, "gpu_mem_used_mib": 26677.0, "gpu_mem_total_mib": 49140.0, "gpu_power_w": 91.67, "process_present": true, "process_mem_mib": 26182.0, "process_mem_share_percent": 53.280423280423285, "process_util_available": true, "process_util_backend": "nvml", "process_sm_util_percent": 24.0, "process_mem_util_percent": 3.0}
{"timestamp_unix": 1772433888.8918836, "pid": 53230, "device_index": 0, "gpu_uuid": "GPU-6f954bfd-7081-31b7-f15c-f9a174bf4d7f", "gpu_util_percent": 24.0, "gpu_mem_util_percent": 4.0, "gpu_mem_used_mib": 26677.0, "gpu_mem_total_mib": 49140.0, "gpu_power_w": 92.0, "process_present": true, "process_mem_mib": 26182.0, "process_mem_share_percent": 53.280423280423285, "process_util_available": true, "process_util_backend": "nvml", "process_sm_util_percent": 24.0, "process_mem_util_percent": 3.0}
{"timestamp_unix": 1772433889.1816835, "pid": 53230, "device_index": 0, "gpu_uuid": "GPU-6f954bfd-7081-31b7-f15c-f9a174bf4d7f", "gpu_util_percent": 24.0, "gpu_mem_util_percent": 4.0, "gpu_mem_used_mib": 26677.0, "gpu_mem_total_mib": 49140.0, "gpu_power_w": 92.0, "process_present": true, "process_mem_mib": 26182.0, "process_mem_share_percent": 53.280423280423285, "process_util_available": true, "process_util_backend": "nvml", "process_sm_util_percent": 24.0, "process_mem_util_percent": 3.0}
{"timestamp_unix": 1772433889.4736023, "pid": 53230, "device_index": 0, "gpu_uuid": "GPU-6f954bfd-7081-31b7-f15c-f9a174bf4d7f", "gpu_util_percent": 24.0, "gpu_mem_util_percent": 4.0, "gpu_mem_used_mib": 26677.0, "gpu_mem_total_mib": 49140.0, "gpu_power_w": 92.12, "process_present": true, "process_mem_mib": 26182.0, "process_mem_share_percent": 53.280423280423285, "process_util_available": true, "process_util_backend": "nvml", "process_sm_util_percent": 24.0, "process_mem_util_percent": 3.0}
{"timestamp_unix": 1772433889.76974, "pid": 53230, "device_index": 0, "gpu_uuid": "GPU-6f954bfd-7081-31b7-f15c-f9a174bf4d7f", "gpu_util_percent": 24.0, "gpu_mem_util_percent": 4.0, "gpu_mem_used_mib": 26677.0, "gpu_mem_total_mib": 49140.0, "gpu_power_w": 92.12, "process_present": true, "process_mem_mib": 26182.0, "process_mem_share_percent": 53.280423280423285, "process_util_available": true, "process_util_backend": "nvml", "process_sm_util_percent": 24.0, "process_mem_util_percent": 3.0}
{"timestamp_unix": 1772433890.0835395, "pid": 53230, "device_index": 0, "gpu_uuid": "GPU-6f954bfd-7081-31b7-f15c-f9a174bf4d7f", "gpu_util_percent": 24.0, "gpu_mem_util_percent": 4.0, "gpu_mem_used_mib": 26673.0, "gpu_mem_total_mib": 49140.0, "gpu_power_w": 92.06, "process_present": true, "process_mem_mib": 26182.0, "process_mem_share_percent": 53.280423280423285, "process_util_available": true, "process_util_backend": "nvml", "process_sm_util_percent": 12.0, "process_mem_util_percent": 1.0}
{"timestamp_unix": 1772433890.3893514, "pid": 53230, "device_index": 0, "gpu_uuid": "GPU-6f954bfd-7081-31b7-f15c-f9a174bf4d7f", "gpu_util_percent": 24.0, "gpu_mem_util_percent": 4.0, "gpu_mem_used_mib": 28337.0, "gpu_mem_total_mib": 49140.0, "gpu_power_w": 91.86, "process_present": true, "process_mem_mib": 28142.0, "process_mem_share_percent": 57.269027269027276, "process_util_available": true, "process_util_backend": "nvml", "process_sm_util_percent": 24.0, "process_mem_util_percent": 3.0}
{"timestamp_unix": 1772433890.6900468, "pid": 53230, "device_index": 0, "gpu_uuid": "GPU-6f954bfd-7081-31b7-f15c-f9a174bf4d7f", "gpu_util_percent": 24.0, "gpu_mem_util_percent": 4.0, "gpu_mem_used_mib": 30497.0, "gpu_mem_total_mib": 49140.0, "gpu_power_w": 91.86, "process_present": true, "process_mem_mib": 30002.0, "process_mem_share_percent": 61.054131054131055, "process_util_available": true, "process_util_backend": "nvml", "process_sm_util_percent": 23.0, "process_mem_util_percent": 3.0}
{"timestamp_unix": 1772433890.9801602, "pid": 53230, "device_index": 0, "gpu_uuid": "GPU-6f954bfd-7081-31b7-f15c-f9a174bf4d7f", "gpu_util_percent": 24.0, "gpu_mem_util_percent": 4.0, "gpu_mem_used_mib": 30497.0, "gpu_mem_total_mib": 49140.0, "gpu_power_w": 89.65, "process_present": true, "process_mem_mib": 30022.0, "process_mem_share_percent": 61.09483109483109, "process_util_available": true, "process_util_backend": "nvml", "process_sm_util_percent": null, "process_mem_util_percent": null}
{"timestamp_unix": 1772433891.277117, "pid": 53230, "device_index": 0, "gpu_uuid": "GPU-6f954bfd-7081-31b7-f15c-f9a174bf4d7f", "gpu_util_percent": 24.0, "gpu_mem_util_percent": 4.0, "gpu_mem_used_mib": 30517.0, "gpu_mem_total_mib": 49140.0, "gpu_power_w": 89.65, "process_present": true, "process_mem_mib": 30022.0, "process_mem_share_percent": 61.09483109483109, "process_util_available": true, "process_util_backend": "nvml", "process_sm_util_percent": 20.0, "process_mem_util_percent": 2.0}
{"timestamp_unix": 1772433891.5706189, "pid": 53230, "device_index": 0, "gpu_uuid": "GPU-6f954bfd-7081-31b7-f15c-f9a174bf4d7f", "gpu_util_percent": 24.0, "gpu_mem_util_percent": 3.0, "gpu_mem_used_mib": 30517.0, "gpu_mem_total_mib": 49140.0, "gpu_power_w": 87.96, "process_present": true, "process_mem_mib": 30022.0, "process_mem_share_percent": 61.09483109483109, "process_util_available": true, "process_util_backend": "nvml", "process_sm_util_percent": 24.0, "process_mem_util_percent": 3.0}
{"timestamp_unix": 1772433891.8612528, "pid": 53230, "device_index": 0, "gpu_uuid": "GPU-6f954bfd-7081-31b7-f15c-f9a174bf4d7f", "gpu_util_percent": 24.0, "gpu_mem_util_percent": 3.0, "gpu_mem_used_mib": 30517.0, "gpu_mem_total_mib": 49140.0, "gpu_power_w": 89.11, "process_present": true, "process_mem_mib": 30022.0, "process_mem_share_percent": 61.09483109483109, "process_util_available": true, "process_util_backend": "nvml", "process_sm_util_percent": 25.0, "process_mem_util_percent": 3.0}
{"timestamp_unix": 1772433892.1562696, "pid": 53230, "device_index": 0, "gpu_uuid": "GPU-6f954bfd-7081-31b7-f15c-f9a174bf4d7f", "gpu_util_percent": 24.0, "gpu_mem_util_percent": 3.0, "gpu_mem_used_mib": 30517.0, "gpu_mem_total_mib": 49140.0, "gpu_power_w": 89.11, "process_present": true, "process_mem_mib": 30022.0, "process_mem_share_percent": 61.09483109483109, "process_util_available": true, "process_util_backend": "nvml", "process_sm_util_percent": 25.0, "process_mem_util_percent": 3.0}
{"timestamp_unix": 1772433892.4479609, "pid": 53230, "device_index": 0, "gpu_uuid": "GPU-6f954bfd-7081-31b7-f15c-f9a174bf4d7f", "gpu_util_percent": 25.0, "gpu_mem_util_percent": 3.0, "gpu_mem_used_mib": 30517.0, "gpu_mem_total_mib": 49140.0, "gpu_power_w": 91.89, "process_present": true, "process_mem_mib": 30022.0, "process_mem_share_percent": 61.09483109483109, "process_util_available": true, "process_util_backend": "nvml", "process_sm_util_percent": 13.0, "process_mem_util_percent": 1.0}
{"timestamp_unix": 1772433892.7571735, "pid": 53230, "device_index": 0, "gpu_uuid": "GPU-6f954bfd-7081-31b7-f15c-f9a174bf4d7f", "gpu_util_percent": 25.0, "gpu_mem_util_percent": 3.0, "gpu_mem_used_mib": 30517.0, "gpu_mem_total_mib": 49140.0, "gpu_power_w": 91.89, "process_present": true, "process_mem_mib": 30022.0, "process_mem_share_percent": 61.09483109483109, "process_util_available": true, "process_util_backend": "nvml", "process_sm_util_percent": 25.0, "process_mem_util_percent": 3.0}
{"timestamp_unix": 1772433893.065945, "pid": 53230, "device_index": 0, "gpu_uuid": "GPU-6f954bfd-7081-31b7-f15c-f9a174bf4d7f", "gpu_util_percent": 25.0, "gpu_mem_util_percent": 3.0, "gpu_mem_used_mib": 30517.0, "gpu_mem_total_mib": 49140.0, "gpu_power_w": 92.03, "process_present": true, "process_mem_mib": 30022.0, "process_mem_share_percent": 61.09483109483109, "process_util_available": true, "process_util_backend": "nvml", "process_sm_util_percent": 25.0, "process_mem_util_percent": 3.0}
{"timestamp_unix": 1772433893.3738, "pid": 53230, "device_index": 0, "gpu_uuid": "GPU-6f954bfd-7081-31b7-f15c-f9a174bf4d7f", "gpu_util_percent": 25.0, "gpu_mem_util_percent": 3.0, "gpu_mem_used_mib": 30517.0, "gpu_mem_total_mib": 49140.0, "gpu_power_w": 92.14, "process_present": true, "process_mem_mib": 30022.0, "process_mem_share_percent": 61.09483109483109, "process_util_available": true, "process_util_backend": "nvml", "process_sm_util_percent": 25.0, "process_mem_util_percent": 3.0}
{"timestamp_unix": 1772433893.6647732, "pid": 53230, "device_index": 0, "gpu_uuid": "GPU-6f954bfd-7081-31b7-f15c-f9a174bf4d7f", "gpu_util_percent": 24.0, "gpu_mem_util_percent": 3.0, "gpu_mem_used_mib": 30517.0, "gpu_mem_total_mib": 49140.0, "gpu_power_w": 92.14, "process_present": true, "process_mem_mib": 30022.0, "process_mem_share_percent": 61.09483109483109, "process_util_available": true, "process_util_backend": "nvml", "process_sm_util_percent": 12.0, "process_mem_util_percent": 1.0}
{"timestamp_unix": 1772433893.9580972, "pid": 53230, "device_index": 0, "gpu_uuid": "GPU-6f954bfd-7081-31b7-f15c-f9a174bf4d7f", "gpu_util_percent": 24.0, "gpu_mem_util_percent": 3.0, "gpu_mem_used_mib": 30516.0, "gpu_mem_total_mib": 49140.0, "gpu_power_w": 92.16, "process_present": true, "process_mem_mib": 30022.0, "process_mem_share_percent": 61.09483109483109, "process_util_available": true, "process_util_backend": "nvml", "process_sm_util_percent": 25.0, "process_mem_util_percent": 3.0}
{"timestamp_unix": 1772433894.2475052, "pid": 53230, "device_index": 0, "gpu_uuid": "GPU-6f954bfd-7081-31b7-f15c-f9a174bf4d7f", "gpu_util_percent": 24.0, "gpu_mem_util_percent": 3.0, "gpu_mem_used_mib": 30516.0, "gpu_mem_total_mib": 49140.0, "gpu_power_w": 92.16, "process_present": true, "process_mem_mib": 30022.0, "process_mem_share_percent": 61.09483109483109, "process_util_available": true, "process_util_backend": "nvml", "process_sm_util_percent": 12.0, "process_mem_util_percent": 1.0}
{"timestamp_unix": 1772433894.5465536, "pid": 53230, "device_index": 0, "gpu_uuid": "GPU-6f954bfd-7081-31b7-f15c-f9a174bf4d7f", "gpu_util_percent": 25.0, "gpu_mem_util_percent": 3.0, "gpu_mem_used_mib": 30516.0, "gpu_mem_total_mib": 49140.0, "gpu_power_w": 92.1, "process_present": true, "process_mem_mib": 30022.0, "process_mem_share_percent": 61.09483109483109, "process_util_available": true, "process_util_backend": "nvml", "process_sm_util_percent": null, "process_mem_util_percent": null}
{"timestamp_unix": 1772433894.8401797, "pid": 53230, "device_index": 0, "gpu_uuid": "GPU-6f954bfd-7081-31b7-f15c-f9a174bf4d7f", "gpu_util_percent": 25.0, "gpu_mem_util_percent": 3.0, "gpu_mem_used_mib": 30516.0, "gpu_mem_total_mib": 49140.0, "gpu_power_w": 92.1, "process_present": true, "process_mem_mib": 30022.0, "process_mem_share_percent": 61.09483109483109, "process_util_available": true, "process_util_backend": "nvml", "process_sm_util_percent": null, "process_mem_util_percent": null}
{"timestamp_unix": 1772433895.131765, "pid": 53230, "device_index": 0, "gpu_uuid": "GPU-6f954bfd-7081-31b7-f15c-f9a174bf4d7f", "gpu_util_percent": 25.0, "gpu_mem_util_percent": 3.0, "gpu_mem_used_mib": 30512.0, "gpu_mem_total_mib": 49140.0, "gpu_power_w": 92.06, "process_present": true, "process_mem_mib": 30022.0, "process_mem_share_percent": 61.09483109483109, "process_util_available": true, "process_util_backend": "nvml", "process_sm_util_percent": 25.0, "process_mem_util_percent": 3.0}
{"timestamp_unix": 1772433895.4339454, "pid": 53230, "device_index": 0, "gpu_uuid": "GPU-6f954bfd-7081-31b7-f15c-f9a174bf4d7f", "gpu_util_percent": 24.0, "gpu_mem_util_percent": 3.0, "gpu_mem_used_mib": 30512.0, "gpu_mem_total_mib": 49140.0, "gpu_power_w": 91.85, "process_present": true, "process_mem_mib": 30022.0, "process_mem_share_percent": 61.09483109483109, "process_util_available": true, "process_util_backend": "nvml", "process_sm_util_percent": 25.0, "process_mem_util_percent": 3.0}
{"timestamp_unix": 1772433895.739232, "pid": 53230, "device_index": 0, "gpu_uuid": "GPU-6f954bfd-7081-31b7-f15c-f9a174bf4d7f", "gpu_util_percent": 24.0, "gpu_mem_util_percent": 3.0, "gpu_mem_used_mib": 30512.0, "gpu_mem_total_mib": 49140.0, "gpu_power_w": 91.85, "process_present": true, "process_mem_mib": 30022.0, "process_mem_share_percent": 61.09483109483109, "process_util_available": true, "process_util_backend": "nvml", "process_sm_util_percent": 25.0, "process_mem_util_percent": 3.0}
{"timestamp_unix": 1772433896.0511785, "pid": 53230, "device_index": 0, "gpu_uuid": "GPU-6f954bfd-7081-31b7-f15c-f9a174bf4d7f", "gpu_util_percent": 24.0, "gpu_mem_util_percent": 3.0, "gpu_mem_used_mib": 30512.0, "gpu_mem_total_mib": 49140.0, "gpu_power_w": 91.78, "process_present": true, "process_mem_mib": 30022.0, "process_mem_share_percent": 61.09483109483109, "process_util_available": true, "process_util_backend": "nvml", "process_sm_util_percent": 24.0, "process_mem_util_percent": 3.0}
{"timestamp_unix": 1772433896.3433418, "pid": 53230, "device_index": 0, "gpu_uuid": "GPU-6f954bfd-7081-31b7-f15c-f9a174bf4d7f", "gpu_util_percent": 24.0, "gpu_mem_util_percent": 3.0, "gpu_mem_used_mib": 30512.0, "gpu_mem_total_mib": 49140.0, "gpu_power_w": 91.78, "process_present": true, "process_mem_mib": 30022.0, "process_mem_share_percent": 61.09483109483109, "process_util_available": true, "process_util_backend": "nvml", "process_sm_util_percent": 25.0, "process_mem_util_percent": 3.0}
{"timestamp_unix": 1772433896.6342487, "pid": 53230, "device_index": 0, "gpu_uuid": "GPU-6f954bfd-7081-31b7-f15c-f9a174bf4d7f", "gpu_util_percent": 24.0, "gpu_mem_util_percent": 3.0, "gpu_mem_used_mib": 30512.0, "gpu_mem_total_mib": 49140.0, "gpu_power_w": 91.78, "process_present": true, "process_mem_mib": 30022.0, "process_mem_share_percent": 61.09483109483109, "process_util_available": true, "process_util_backend": "nvml", "process_sm_util_percent": 21.0, "process_mem_util_percent": 2.0}
{"timestamp_unix": 1772433896.9248817, "pid": 53230, "device_index": 0, "gpu_uuid": "GPU-6f954bfd-7081-31b7-f15c-f9a174bf4d7f", "gpu_util_percent": 24.0, "gpu_mem_util_percent": 3.0, "gpu_mem_used_mib": 30512.0, "gpu_mem_total_mib": 49140.0, "gpu_power_w": 90.78, "process_present": true, "process_mem_mib": 30022.0, "process_mem_share_percent": 61.09483109483109, "process_util_available": true, "process_util_backend": "nvml", "process_sm_util_percent": 22.0, "process_mem_util_percent": 3.0}
{"timestamp_unix": 1772433897.214814, "pid": 53230, "device_index": 0, "gpu_uuid": "GPU-6f954bfd-7081-31b7-f15c-f9a174bf4d7f", "gpu_util_percent": 24.0, "gpu_mem_util_percent": 3.0, "gpu_mem_used_mib": 30512.0, "gpu_mem_total_mib": 49140.0, "gpu_power_w": 90.78, "process_present": true, "process_mem_mib": 30022.0, "process_mem_share_percent": 61.09483109483109, "process_util_available": true, "process_util_backend": "nvml", "process_sm_util_percent": 21.0, "process_mem_util_percent": 3.0}
{"timestamp_unix": 1772433897.5105712, "pid": 53230, "device_index": 0, "gpu_uuid": "GPU-6f954bfd-7081-31b7-f15c-f9a174bf4d7f", "gpu_util_percent": 21.0, "gpu_mem_util_percent": 4.0, "gpu_mem_used_mib": 30512.0, "gpu_mem_total_mib": 49140.0, "gpu_power_w": 91.05, "process_present": true, "process_mem_mib": 30022.0, "process_mem_share_percent": 61.09483109483109, "process_util_available": true, "process_util_backend": "nvml", "process_sm_util_percent": 21.0, "process_mem_util_percent": 3.0}
{"timestamp_unix": 1772433897.8011665, "pid": 53230, "device_index": 0, "gpu_uuid": "GPU-6f954bfd-7081-31b7-f15c-f9a174bf4d7f", "gpu_util_percent": 21.0, "gpu_mem_util_percent": 4.0, "gpu_mem_used_mib": 30512.0, "gpu_mem_total_mib": 49140.0, "gpu_power_w": 91.05, "process_present": true, "process_mem_mib": 30022.0, "process_mem_share_percent": 61.09483109483109, "process_util_available": true, "process_util_backend": "nvml", "process_sm_util_percent": 22.0, "process_mem_util_percent": 3.0}
{"timestamp_unix": 1772433898.106263, "pid": 53230, "device_index": 0, "gpu_uuid": "GPU-6f954bfd-7081-31b7-f15c-f9a174bf4d7f", "gpu_util_percent": 21.0, "gpu_mem_util_percent": 4.0, "gpu_mem_used_mib": 30512.0, "gpu_mem_total_mib": 49140.0, "gpu_power_w": 92.49, "process_present": true, "process_mem_mib": 30022.0, "process_mem_share_percent": 61.09483109483109, "process_util_available": true, "process_util_backend": "nvml", "process_sm_util_percent": 23.0, "process_mem_util_percent": 4.0}
{"timestamp_unix": 1772433898.405649, "pid": 53230, "device_index": 0, "gpu_uuid": "GPU-6f954bfd-7081-31b7-f15c-f9a174bf4d7f", "gpu_util_percent": 23.0, "gpu_mem_util_percent": 4.0, "gpu_mem_used_mib": 30512.0, "gpu_mem_total_mib": 49140.0, "gpu_power_w": 93.11, "process_present": true, "process_mem_mib": 30022.0, "process_mem_share_percent": 61.09483109483109, "process_util_available": true, "process_util_backend": "nvml", "process_sm_util_percent": 22.0, "process_mem_util_percent": 3.0}
{"timestamp_unix": 1772433898.7057674, "pid": 53230, "device_index": 0, "gpu_uuid": "GPU-6f954bfd-7081-31b7-f15c-f9a174bf4d7f", "gpu_util_percent": 23.0, "gpu_mem_util_percent": 4.0, "gpu_mem_used_mib": 30512.0, "gpu_mem_total_mib": 49140.0, "gpu_power_w": 93.11, "process_present": true, "process_mem_mib": 30022.0, "process_mem_share_percent": 61.09483109483109, "process_util_available": true, "process_util_backend": "nvml", "process_sm_util_percent": 23.0, "process_mem_util_percent": 4.0}
{"timestamp_unix": 1772433899.0028355, "pid": 53230, "device_index": 0, "gpu_uuid": "GPU-6f954bfd-7081-31b7-f15c-f9a174bf4d7f", "gpu_util_percent": 23.0, "gpu_mem_util_percent": 4.0, "gpu_mem_used_mib": 30512.0, "gpu_mem_total_mib": 49140.0, "gpu_power_w": 93.61, "process_present": true, "process_mem_mib": 30022.0, "process_mem_share_percent": 61.09483109483109, "process_util_available": true, "process_util_backend": "nvml", "process_sm_util_percent": 24.0, "process_mem_util_percent": 4.0}
{"timestamp_unix": 1772433899.2967014, "pid": 53230, "device_index": 0, "gpu_uuid": "GPU-6f954bfd-7081-31b7-f15c-f9a174bf4d7f", "gpu_util_percent": 23.0, "gpu_mem_util_percent": 4.0, "gpu_mem_used_mib": 30512.0, "gpu_mem_total_mib": 49140.0, "gpu_power_w": 93.61, "process_present": true, "process_mem_mib": 30022.0, "process_mem_share_percent": 61.09483109483109, "process_util_available": true, "process_util_backend": "nvml", "process_sm_util_percent": 24.0, "process_mem_util_percent": 4.0}
{"timestamp_unix": 1772433899.5901954, "pid": 53230, "device_index": 0, "gpu_uuid": "GPU-6f954bfd-7081-31b7-f15c-f9a174bf4d7f", "gpu_util_percent": 24.0, "gpu_mem_util_percent": 4.0, "gpu_mem_used_mib": 32332.0, "gpu_mem_total_mib": 49140.0, "gpu_power_w": 93.64, "process_present": true, "process_mem_mib": 32122.0, "process_mem_share_percent": 65.36833536833538, "process_util_available": true, "process_util_backend": "nvml", "process_sm_util_percent": 23.0, "process_mem_util_percent": 4.0}
{"timestamp_unix": 1772433899.8814473, "pid": 53230, "device_index": 0, "gpu_uuid": "GPU-6f954bfd-7081-31b7-f15c-f9a174bf4d7f", "gpu_util_percent": 24.0, "gpu_mem_util_percent": 4.0, "gpu_mem_used_mib": 34512.0, "gpu_mem_total_mib": 49140.0, "gpu_power_w": 93.04, "process_present": true, "process_mem_mib": 34302.0, "process_mem_share_percent": 69.8046398046398, "process_util_available": true, "process_util_backend": "nvml", "process_sm_util_percent": 23.0, "process_mem_util_percent": 3.0}
{"timestamp_unix": 1772433900.174805, "pid": 53230, "device_index": 0, "gpu_uuid": "GPU-6f954bfd-7081-31b7-f15c-f9a174bf4d7f", "gpu_util_percent": 24.0, "gpu_mem_util_percent": 4.0, "gpu_mem_used_mib": 36656.0, "gpu_mem_total_mib": 49140.0, "gpu_power_w": 93.04, "process_present": true, "process_mem_mib": 36402.0, "process_mem_share_percent": 74.07814407814408, "process_util_available": true, "process_util_backend": "nvml", "process_sm_util_percent": 22.0, "process_mem_util_percent": 3.0}
{"timestamp_unix": 1772433900.4646306, "pid": 53230, "device_index": 0, "gpu_uuid": "GPU-6f954bfd-7081-31b7-f15c-f9a174bf4d7f", "gpu_util_percent": 14.0, "gpu_mem_util_percent": 1.0, "gpu_mem_used_mib": 36896.0, "gpu_mem_total_mib": 49140.0, "gpu_power_w": 91.04, "process_present": true, "process_mem_mib": 36402.0, "process_mem_share_percent": 74.07814407814408, "process_util_available": true, "process_util_backend": "nvml", "process_sm_util_percent": null, "process_mem_util_percent": null}
{"timestamp_unix": 1772433900.7717872, "pid": 53230, "device_index": 0, "gpu_uuid": "GPU-6f954bfd-7081-31b7-f15c-f9a174bf4d7f", "gpu_util_percent": 14.0, "gpu_mem_util_percent": 1.0, "gpu_mem_used_mib": 36916.0, "gpu_mem_total_mib": 49140.0, "gpu_power_w": 91.04, "process_present": true, "process_mem_mib": 36422.0, "process_mem_share_percent": 74.11884411884412, "process_util_available": true, "process_util_backend": "nvml", "process_sm_util_percent": 18.0, "process_mem_util_percent": 2.0}
{"timestamp_unix": 1772433901.0736215, "pid": 53230, "device_index": 0, "gpu_uuid": "GPU-6f954bfd-7081-31b7-f15c-f9a174bf4d7f", "gpu_util_percent": 14.0, "gpu_mem_util_percent": 1.0, "gpu_mem_used_mib": 36916.0, "gpu_mem_total_mib": 49140.0, "gpu_power_w": 89.55, "process_present": true, "process_mem_mib": 36422.0, "process_mem_share_percent": 74.11884411884412, "process_util_available": true, "process_util_backend": "nvml", "process_sm_util_percent": 23.0, "process_mem_util_percent": 3.0}
{"timestamp_unix": 1772433901.371118, "pid": 53230, "device_index": 0, "gpu_uuid": "GPU-6f954bfd-7081-31b7-f15c-f9a174bf4d7f", "gpu_util_percent": 23.0, "gpu_mem_util_percent": 4.0, "gpu_mem_used_mib": 36916.0, "gpu_mem_total_mib": 49140.0, "gpu_power_w": 90.63, "process_present": true, "process_mem_mib": 36422.0, "process_mem_share_percent": 74.11884411884412, "process_util_available": true, "process_util_backend": "nvml", "process_sm_util_percent": 22.0, "process_mem_util_percent": 3.0}
{"timestamp_unix": 1772433901.6718466, "pid": 53230, "device_index": 0, "gpu_uuid": "GPU-6f954bfd-7081-31b7-f15c-f9a174bf4d7f", "gpu_util_percent": 23.0, "gpu_mem_util_percent": 4.0, "gpu_mem_used_mib": 36916.0, "gpu_mem_total_mib": 49140.0, "gpu_power_w": 90.63, "process_present": true, "process_mem_mib": 36422.0, "process_mem_share_percent": 74.11884411884412, "process_util_available": true, "process_util_backend": "nvml", "process_sm_util_percent": 22.0, "process_mem_util_percent": 3.0}
{"timestamp_unix": 1772433901.9631817, "pid": 53230, "device_index": 0, "gpu_uuid": "GPU-6f954bfd-7081-31b7-f15c-f9a174bf4d7f", "gpu_util_percent": 23.0, "gpu_mem_util_percent": 4.0, "gpu_mem_used_mib": 36916.0, "gpu_mem_total_mib": 49140.0, "gpu_power_w": 93.61, "process_present": true, "process_mem_mib": 36422.0, "process_mem_share_percent": 74.11884411884412, "process_util_available": true, "process_util_backend": "nvml", "process_sm_util_percent": 22.0, "process_mem_util_percent": 3.0}
{"timestamp_unix": 1772433902.2569273, "pid": 53230, "device_index": 0, "gpu_uuid": "GPU-6f954bfd-7081-31b7-f15c-f9a174bf4d7f", "gpu_util_percent": 23.0, "gpu_mem_util_percent": 4.0, "gpu_mem_used_mib": 36925.0, "gpu_mem_total_mib": 49140.0, "gpu_power_w": 93.61, "process_present": true, "process_mem_mib": 36422.0, "process_mem_share_percent": 74.11884411884412, "process_util_available": true, "process_util_backend": "nvml", "process_sm_util_percent": 25.0, "process_mem_util_percent": 3.0}
{"timestamp_unix": 1772433902.5475438, "pid": 53230, "device_index": 0, "gpu_uuid": "GPU-6f954bfd-7081-31b7-f15c-f9a174bf4d7f", "gpu_util_percent": 25.0, "gpu_mem_util_percent": 3.0, "gpu_mem_used_mib": 36925.0, "gpu_mem_total_mib": 49140.0, "gpu_power_w": 93.75, "process_present": true, "process_mem_mib": 36422.0, "process_mem_share_percent": 74.11884411884412, "process_util_available": true, "process_util_backend": "nvml", "process_sm_util_percent": 23.0, "process_mem_util_percent": 3.0}
{"timestamp_unix": 1772433902.8391557, "pid": 53230, "device_index": 0, "gpu_uuid": "GPU-6f954bfd-7081-31b7-f15c-f9a174bf4d7f", "gpu_util_percent": 25.0, "gpu_mem_util_percent": 3.0, "gpu_mem_used_mib": 36925.0, "gpu_mem_total_mib": 49140.0, "gpu_power_w": 93.75, "process_present": true, "process_mem_mib": 36422.0, "process_mem_share_percent": 74.11884411884412, "process_util_available": true, "process_util_backend": "nvml", "process_sm_util_percent": 24.0, "process_mem_util_percent": 3.0}
{"timestamp_unix": 1772433903.1300032, "pid": 53230, "device_index": 0, "gpu_uuid": "GPU-6f954bfd-7081-31b7-f15c-f9a174bf4d7f", "gpu_util_percent": 25.0, "gpu_mem_util_percent": 3.0, "gpu_mem_used_mib": 36925.0, "gpu_mem_total_mib": 49140.0, "gpu_power_w": 93.61, "process_present": true, "process_mem_mib": 36422.0, "process_mem_share_percent": 74.11884411884412, "process_util_available": true, "process_util_backend": "nvml", "process_sm_util_percent": 25.0, "process_mem_util_percent": 3.0}
{"timestamp_unix": 1772433903.4224422, "pid": 53230, "device_index": 0, "gpu_uuid": "GPU-6f954bfd-7081-31b7-f15c-f9a174bf4d7f", "gpu_util_percent": 26.0, "gpu_mem_util_percent": 4.0, "gpu_mem_used_mib": 36925.0, "gpu_mem_total_mib": 49140.0, "gpu_power_w": 93.29, "process_present": true, "process_mem_mib": 36422.0, "process_mem_share_percent": 74.11884411884412, "process_util_available": true, "process_util_backend": "nvml", "process_sm_util_percent": 26.0, "process_mem_util_percent": 3.0}
{"timestamp_unix": 1772433903.7218153, "pid": 53230, "device_index": 0, "gpu_uuid": "GPU-6f954bfd-7081-31b7-f15c-f9a174bf4d7f", "gpu_util_percent": 26.0, "gpu_mem_util_percent": 4.0, "gpu_mem_used_mib": 36925.0, "gpu_mem_total_mib": 49140.0, "gpu_power_w": 93.29, "process_present": true, "process_mem_mib": 36422.0, "process_mem_share_percent": 74.11884411884412, "process_util_available": true, "process_util_backend": "nvml", "process_sm_util_percent": 24.0, "process_mem_util_percent": 3.0}
{"timestamp_unix": 1772433904.0317996, "pid": 53230, "device_index": 0, "gpu_uuid": "GPU-6f954bfd-7081-31b7-f15c-f9a174bf4d7f", "gpu_util_percent": 26.0, "gpu_mem_util_percent": 4.0, "gpu_mem_used_mib": 36925.0, "gpu_mem_total_mib": 49140.0, "gpu_power_w": 93.22, "process_present": true, "process_mem_mib": 36422.0, "process_mem_share_percent": 74.11884411884412, "process_util_available": true, "process_util_backend": "nvml", "process_sm_util_percent": 25.0, "process_mem_util_percent": 3.0}
{"timestamp_unix": 1772433904.3246264, "pid": 53230, "device_index": 0, "gpu_uuid": "GPU-6f954bfd-7081-31b7-f15c-f9a174bf4d7f", "gpu_util_percent": 26.0, "gpu_mem_util_percent": 4.0, "gpu_mem_used_mib": 36925.0, "gpu_mem_total_mib": 49140.0, "gpu_power_w": 93.22, "process_present": true, "process_mem_mib": 36422.0, "process_mem_share_percent": 74.11884411884412, "process_util_available": true, "process_util_backend": "nvml", "process_sm_util_percent": 25.0, "process_mem_util_percent": 3.0}
{"timestamp_unix": 1772433904.6145616, "pid": 53230, "device_index": 0, "gpu_uuid": "GPU-6f954bfd-7081-31b7-f15c-f9a174bf4d7f", "gpu_util_percent": 26.0, "gpu_mem_util_percent": 3.0, "gpu_mem_used_mib": 36925.0, "gpu_mem_total_mib": 49140.0, "gpu_power_w": 93.31, "process_present": true, "process_mem_mib": 36422.0, "process_mem_share_percent": 74.11884411884412, "process_util_available": true, "process_util_backend": "nvml", "process_sm_util_percent": 24.0, "process_mem_util_percent": 3.0}
{"timestamp_unix": 1772433904.9068072, "pid": 53230, "device_index": 0, "gpu_uuid": "GPU-6f954bfd-7081-31b7-f15c-f9a174bf4d7f", "gpu_util_percent": 26.0, "gpu_mem_util_percent": 3.0, "gpu_mem_used_mib": 36925.0, "gpu_mem_total_mib": 49140.0, "gpu_power_w": 93.2, "process_present": true, "process_mem_mib": 36422.0, "process_mem_share_percent": 74.11884411884412, "process_util_available": true, "process_util_backend": "nvml", "process_sm_util_percent": 23.0, "process_mem_util_percent": 3.0}
{"timestamp_unix": 1772433905.1982107, "pid": 53230, "device_index": 0, "gpu_uuid": "GPU-6f954bfd-7081-31b7-f15c-f9a174bf4d7f", "gpu_util_percent": 26.0, "gpu_mem_util_percent": 3.0, "gpu_mem_used_mib": 36925.0, "gpu_mem_total_mib": 49140.0, "gpu_power_w": 93.2, "process_present": true, "process_mem_mib": 36422.0, "process_mem_share_percent": 74.11884411884412, "process_util_available": true, "process_util_backend": "nvml", "process_sm_util_percent": 25.0, "process_mem_util_percent": 3.0}
{"timestamp_unix": 1772433905.4894445, "pid": 53230, "device_index": 0, "gpu_uuid": "GPU-6f954bfd-7081-31b7-f15c-f9a174bf4d7f", "gpu_util_percent": 26.0, "gpu_mem_util_percent": 3.0, "gpu_mem_used_mib": 36925.0, "gpu_mem_total_mib": 49140.0, "gpu_power_w": 93.16, "process_present": true, "process_mem_mib": 36422.0, "process_mem_share_percent": 74.11884411884412, "process_util_available": true, "process_util_backend": "nvml", "process_sm_util_percent": 25.0, "process_mem_util_percent": 3.0}
{"timestamp_unix": 1772433905.7797608, "pid": 53230, "device_index": 0, "gpu_uuid": "GPU-6f954bfd-7081-31b7-f15c-f9a174bf4d7f", "gpu_util_percent": 26.0, "gpu_mem_util_percent": 3.0, "gpu_mem_used_mib": 36925.0, "gpu_mem_total_mib": 49140.0, "gpu_power_w": 93.16, "process_present": true, "process_mem_mib": 36422.0, "process_mem_share_percent": 74.11884411884412, "process_util_available": true, "process_util_backend": "nvml", "process_sm_util_percent": 25.0, "process_mem_util_percent": 3.0}
{"timestamp_unix": 1772433906.0851457, "pid": 53230, "device_index": 0, "gpu_uuid": "GPU-6f954bfd-7081-31b7-f15c-f9a174bf4d7f", "gpu_util_percent": 26.0, "gpu_mem_util_percent": 3.0, "gpu_mem_used_mib": 36923.0, "gpu_mem_total_mib": 49140.0, "gpu_power_w": 93.31, "process_present": true, "process_mem_mib": 36422.0, "process_mem_share_percent": 74.11884411884412, "process_util_available": true, "process_util_backend": "nvml", "process_sm_util_percent": 13.0, "process_mem_util_percent": 1.0}
{"timestamp_unix": 1772433906.389579, "pid": 53230, "device_index": 0, "gpu_uuid": "GPU-6f954bfd-7081-31b7-f15c-f9a174bf4d7f", "gpu_util_percent": 15.0, "gpu_mem_util_percent": 1.0, "gpu_mem_used_mib": 36923.0, "gpu_mem_total_mib": 49140.0, "gpu_power_w": 90.56, "process_present": true, "process_mem_mib": 36422.0, "process_mem_share_percent": 74.11884411884412, "process_util_available": true, "process_util_backend": "nvml", "process_sm_util_percent": null, "process_mem_util_percent": null}
