{"timestamp_unix": 1772436447.0698826, "pid": 75541, "device_index": 0, "gpu_uuid": "GPU-6f954bfd-7081-31b7-f15c-f9a174bf4d7f", "gpu_util_percent": 35.0, "gpu_mem_util_percent": 15.0, "gpu_mem_used_mib": 1006.0, "gpu_mem_total_mib": 49140.0, "gpu_power_w": 44.48, "process_present": true, "process_mem_mib": 500.0, "process_mem_share_percent": 1.0175010175010175, "process_util_available": true, "process_util_backend": "nvml", "process_sm_util_percent": null, "process_mem_util_percent": null}
{"timestamp_unix": 1772436447.4498248, "pid": 75541, "device_index": 0, "gpu_uuid": "GPU-6f954bfd-7081-31b7-f15c-f9a174bf4d7f", "gpu_util_percent": 35.0, "gpu_mem_util_percent": 15.0, "gpu_mem_used_mib": 1006.0, "gpu_mem_total_mib": 49140.0, "gpu_power_w": 58.65, "process_present": true, "process_mem_mib": 500.0, "process_mem_share_percent": 1.0175010175010175, "process_util_available": true, "process_util_backend": "nvml", "process_sm_util_percent": null, "process_mem_util_percent": null}
{"timestamp_unix": 1772436447.7686093, "pid": 75541, "device_index": 0, "gpu_uuid": "GPU-6f954bfd-7081-31b7-f15c-f9a174bf4d7f", "gpu_util_percent": 35.0, "gpu_mem_util_percent": 15.0, "gpu_mem_used_mib": 1006.0, "gpu_mem_total_mib": 49140.0, "gpu_power_w": 58.65, "process_present": true, "process_mem_mib": 500.0, "process_mem_share_percent": 1.0175010175010175, "process_util_available": true, "process_util_backend": "nvml", "process_sm_util_percent": null, "process_mem_util_percent": null}
{"timestamp_unix": 1772436448.074719, "pid": 75541, "device_index": 0, "gpu_uuid": "GPU-6f954bfd-7081-31b7-f15c-f9a174bf4d7f", "gpu_util_percent": 14.0, "gpu_mem_util_percent": 1.0, "gpu_mem_used_mib": 1005.0, "gpu_mem_total_mib": 49140.0, "gpu_power_w": 74.21, "process_present": true, "process_mem_mib": 500.0, "process_mem_share_percent": 1.0175010175010175, "process_util_available": true, "process_util_backend": "nvml", "process_sm_util_percent": null, "process_mem_util_percent": null}
{"timestamp_unix": 1772436448.3625596, "pid": 75541, "device_index": 0, "gpu_uuid": "GPU-6f954bfd-7081-31b7-f15c-f9a174bf4d7f", "gpu_util_percent": 14.0, "gpu_mem_util_percent": 1.0, "gpu_mem_used_mib": 1073.0, "gpu_mem_total_mib": 49140.0, "gpu_power_w": 78.79, "process_present": true, "process_mem_mib": 590.0, "process_mem_share_percent": 1.2006512006512007, "process_util_available": true, "process_util_backend": "nvml", "process_sm_util_percent": 16.0, "process_mem_util_percent": 1.0}
{"timestamp_unix": 1772436448.6523147, "pid": 75541, "device_index": 0, "gpu_uuid": "GPU-6f954bfd-7081-31b7-f15c-f9a174bf4d7f", "gpu_util_percent": 14.0, "gpu_mem_util_percent": 1.0, "gpu_mem_used_mib": 1147.0, "gpu_mem_total_mib": 49140.0, "gpu_power_w": 78.79, "process_present": true, "process_mem_mib": 646.0, "process_mem_share_percent": 1.3146113146113148, "process_util_available": true, "process_util_backend": "nvml", "process_sm_util_percent": null, "process_mem_util_percent": null}
{"timestamp_unix": 1772436448.940629, "pid": 75541, "device_index": 0, "gpu_uuid": "GPU-6f954bfd-7081-31b7-f15c-f9a174bf4d7f", "gpu_util_percent": 16.0, "gpu_mem_util_percent": 2.0, "gpu_mem_used_mib": 1379.0, "gpu_mem_total_mib": 49140.0, "gpu_power_w": 79.97, "process_present": true, "process_mem_mib": 930.0, "process_mem_share_percent": 1.8925518925518925, "process_util_available": true, "process_util_backend": "nvml", "process_sm_util_percent": 16.0, "process_mem_util_percent": 1.0}
{"timestamp_unix": 1772436449.22869, "pid": 75541, "device_index": 0, "gpu_uuid": "GPU-6f954bfd-7081-31b7-f15c-f9a174bf4d7f", "gpu_util_percent": 16.0, "gpu_mem_util_percent": 2.0, "gpu_mem_used_mib": 1766.0, "gpu_mem_total_mib": 49140.0, "gpu_power_w": 79.97, "process_present": true, "process_mem_mib": 1316.0, "process_mem_share_percent": 2.678062678062678, "process_util_available": true, "process_util_backend": "nvml", "process_sm_util_percent": 18.0, "process_mem_util_percent": 2.0}
{"timestamp_unix": 1772436449.53233, "pid": 75541, "device_index": 0, "gpu_uuid": "GPU-6f954bfd-7081-31b7-f15c-f9a174bf4d7f", "gpu_util_percent": 16.0, "gpu_mem_util_percent": 2.0, "gpu_mem_used_mib": 2144.0, "gpu_mem_total_mib": 49140.0, "gpu_power_w": 83.96, "process_present": true, "process_mem_mib": 1696.0, "process_mem_share_percent": 3.4513634513634512, "process_util_available": true, "process_util_backend": "nvml", "process_sm_util_percent": 18.0, "process_mem_util_percent": 2.0}
{"timestamp_unix": 1772436449.832854, "pid": 75541, "device_index": 0, "gpu_uuid": "GPU-6f954bfd-7081-31b7-f15c-f9a174bf4d7f", "gpu_util_percent": 19.0, "gpu_mem_util_percent": 2.0, "gpu_mem_used_mib": 2546.0, "gpu_mem_total_mib": 49140.0, "gpu_power_w": 87.43, "process_present": true, "process_mem_mib": 2104.0, "process_mem_share_percent": 4.281644281644282, "process_util_available": true, "process_util_backend": "nvml", "process_sm_util_percent": 17.0, "process_mem_util_percent": 2.0}
{"timestamp_unix": 1772436450.1321926, "pid": 75541, "device_index": 0, "gpu_uuid": "GPU-6f954bfd-7081-31b7-f15c-f9a174bf4d7f", "gpu_util_percent": 19.0, "gpu_mem_util_percent": 2.0, "gpu_mem_used_mib": 2967.0, "gpu_mem_total_mib": 49140.0, "gpu_power_w": 87.43, "process_present": true, "process_mem_mib": 2522.0, "process_mem_share_percent": 5.132275132275133, "process_util_available": true, "process_util_backend": "nvml", "process_sm_util_percent": 21.0, "process_mem_util_percent": 2.0}
{"timestamp_unix": 1772436450.4194088, "pid": 75541, "device_index": 0, "gpu_uuid": "GPU-6f954bfd-7081-31b7-f15c-f9a174bf4d7f", "gpu_util_percent": 19.0, "gpu_mem_util_percent": 2.0, "gpu_mem_used_mib": 3397.0, "gpu_mem_total_mib": 49140.0, "gpu_power_w": 88.14, "process_present": true, "process_mem_mib": 2952.0, "process_mem_share_percent": 6.007326007326007, "process_util_available": true, "process_util_backend": "nvml", "process_sm_util_percent": 20.0, "process_mem_util_percent": 2.0}
{"timestamp_unix": 1772436450.7078357, "pid": 75541, "device_index": 0, "gpu_uuid": "GPU-6f954bfd-7081-31b7-f15c-f9a174bf4d7f", "gpu_util_percent": 19.0, "gpu_mem_util_percent": 2.0, "gpu_mem_used_mib": 3831.0, "gpu_mem_total_mib": 49140.0, "gpu_power_w": 88.14, "process_present": true, "process_mem_mib": 3392.0, "process_mem_share_percent": 6.9027269027269025, "process_util_available": true, "process_util_backend": "nvml", "process_sm_util_percent": 20.0, "process_mem_util_percent": 2.0}
{"timestamp_unix": 1772436450.9987133, "pid": 75541, "device_index": 0, "gpu_uuid": "GPU-6f954bfd-7081-31b7-f15c-f9a174bf4d7f", "gpu_util_percent": 21.0, "gpu_mem_util_percent": 2.0, "gpu_mem_used_mib": 4315.0, "gpu_mem_total_mib": 49140.0, "gpu_power_w": 87.98, "process_present": true, "process_mem_mib": 3874.0, "process_mem_share_percent": 7.883597883597885, "process_util_available": true, "process_util_backend": "nvml", "process_sm_util_percent": 20.0, "process_mem_util_percent": 2.0}
{"timestamp_unix": 1772436451.2859924, "pid": 75541, "device_index": 0, "gpu_uuid": "GPU-6f954bfd-7081-31b7-f15c-f9a174bf4d7f", "gpu_util_percent": 21.0, "gpu_mem_util_percent": 2.0, "gpu_mem_used_mib": 4797.0, "gpu_mem_total_mib": 49140.0, "gpu_power_w": 88.04, "process_present": true, "process_mem_mib": 4358.0, "process_mem_share_percent": 8.868538868538868, "process_util_available": true, "process_util_backend": "nvml", "process_sm_util_percent": 22.0, "process_mem_util_percent": 2.0}
{"timestamp_unix": 1772436451.574206, "pid": 75541, "device_index": 0, "gpu_uuid": "GPU-6f954bfd-7081-31b7-f15c-f9a174bf4d7f", "gpu_util_percent": 21.0, "gpu_mem_util_percent": 2.0, "gpu_mem_used_mib": 5224.0, "gpu_mem_total_mib": 49140.0, "gpu_power_w": 88.04, "process_present": true, "process_mem_mib": 4782.0, "process_mem_share_percent": 9.731379731379732, "process_util_available": true, "process_util_backend": "nvml", "process_sm_util_percent": 21.0, "process_mem_util_percent": 2.0}
{"timestamp_unix": 1772436451.8661537, "pid": 75541, "device_index": 0, "gpu_uuid": "GPU-6f954bfd-7081-31b7-f15c-f9a174bf4d7f", "gpu_util_percent": 22.0, "gpu_mem_util_percent": 2.0, "gpu_mem_used_mib": 5744.0, "gpu_mem_total_mib": 49140.0, "gpu_power_w": 87.99, "process_present": true, "process_mem_mib": 5314.0, "process_mem_share_percent": 10.814000814000813, "process_util_available": true, "process_util_backend": "nvml", "process_sm_util_percent": 21.0, "process_mem_util_percent": 2.0}
{"timestamp_unix": 1772436452.1686559, "pid": 75541, "device_index": 0, "gpu_uuid": "GPU-6f954bfd-7081-31b7-f15c-f9a174bf4d7f", "gpu_util_percent": 22.0, "gpu_mem_util_percent": 2.0, "gpu_mem_used_mib": 6276.0, "gpu_mem_total_mib": 49140.0, "gpu_power_w": 87.99, "process_present": true, "process_mem_mib": 5848.0, "process_mem_share_percent": 11.900691900691902, "process_util_available": true, "process_util_backend": "nvml", "process_sm_util_percent": 20.0, "process_mem_util_percent": 2.0}
{"timestamp_unix": 1772436452.4656334, "pid": 75541, "device_index": 0, "gpu_uuid": "GPU-6f954bfd-7081-31b7-f15c-f9a174bf4d7f", "gpu_util_percent": 22.0, "gpu_mem_util_percent": 2.0, "gpu_mem_used_mib": 6814.0, "gpu_mem_total_mib": 49140.0, "gpu_power_w": 88.02, "process_present": true, "process_mem_mib": 6366.0, "process_mem_share_percent": 12.954822954822957, "process_util_available": true, "process_util_backend": "nvml", "process_sm_util_percent": 21.0, "process_mem_util_percent": 2.0}
{"timestamp_unix": 1772436452.7655225, "pid": 75541, "device_index": 0, "gpu_uuid": "GPU-6f954bfd-7081-31b7-f15c-f9a174bf4d7f", "gpu_util_percent": 22.0, "gpu_mem_util_percent": 2.0, "gpu_mem_used_mib": 7138.0, "gpu_mem_total_mib": 49140.0, "gpu_power_w": 88.02, "process_present": true, "process_mem_mib": 6680.0, "process_mem_share_percent": 13.593813593813595, "process_util_available": true, "process_util_backend": "nvml", "process_sm_util_percent": null, "process_mem_util_percent": null}
{"timestamp_unix": 1772436453.0526721, "pid": 75541, "device_index": 0, "gpu_uuid": "GPU-6f954bfd-7081-31b7-f15c-f9a174bf4d7f", "gpu_util_percent": 15.0, "gpu_mem_util_percent": 1.0, "gpu_mem_used_mib": 7220.0, "gpu_mem_total_mib": 49140.0, "gpu_power_w": 87.12, "process_present": true, "process_mem_mib": 6718.0, "process_mem_share_percent": 13.671143671143671, "process_util_available": true, "process_util_backend": "nvml", "process_sm_util_percent": 20.0, "process_mem_util_percent": 1.0}
{"timestamp_unix": 1772436453.3407269, "pid": 75541, "device_index": 0, "gpu_uuid": "GPU-6f954bfd-7081-31b7-f15c-f9a174bf4d7f", "gpu_util_percent": 15.0, "gpu_mem_util_percent": 1.0, "gpu_mem_used_mib": 7220.0, "gpu_mem_total_mib": 49140.0, "gpu_power_w": 87.57, "process_present": true, "process_mem_mib": 6718.0, "process_mem_share_percent": 13.671143671143671, "process_util_available": true, "process_util_backend": "nvml", "process_sm_util_percent": 24.0, "process_mem_util_percent": 2.0}
{"timestamp_unix": 1772436453.6300967, "pid": 75541, "device_index": 0, "gpu_uuid": "GPU-6f954bfd-7081-31b7-f15c-f9a174bf4d7f", "gpu_util_percent": 15.0, "gpu_mem_util_percent": 1.0, "gpu_mem_used_mib": 7220.0, "gpu_mem_total_mib": 49140.0, "gpu_power_w": 87.57, "process_present": true, "process_mem_mib": 6718.0, "process_mem_share_percent": 13.671143671143671, "process_util_available": true, "process_util_backend": "nvml", "process_sm_util_percent": 12.0, "process_mem_util_percent": 1.0}
{"timestamp_unix": 1772436453.9186077, "pid": 75541, "device_index": 0, "gpu_uuid": "GPU-6f954bfd-7081-31b7-f15c-f9a174bf4d7f", "gpu_util_percent": 25.0, "gpu_mem_util_percent": 3.0, "gpu_mem_used_mib": 7220.0, "gpu_mem_total_mib": 49140.0, "gpu_power_w": 88.99, "process_present": true, "process_mem_mib": 6718.0, "process_mem_share_percent": 13.671143671143671, "process_util_available": true, "process_util_backend": "nvml", "process_sm_util_percent": null, "process_mem_util_percent": null}
{"timestamp_unix": 1772436454.2069392, "pid": 75541, "device_index": 0, "gpu_uuid": "GPU-6f954bfd-7081-31b7-f15c-f9a174bf4d7f", "gpu_util_percent": 25.0, "gpu_mem_util_percent": 3.0, "gpu_mem_used_mib": 7219.0, "gpu_mem_total_mib": 49140.0, "gpu_power_w": 88.99, "process_present": true, "process_mem_mib": 6718.0, "process_mem_share_percent": 13.671143671143671, "process_util_available": true, "process_util_backend": "nvml", "process_sm_util_percent": 24.0, "process_mem_util_percent": 2.0}
{"timestamp_unix": 1772436454.4970453, "pid": 75541, "device_index": 0, "gpu_uuid": "GPU-6f954bfd-7081-31b7-f15c-f9a174bf4d7f", "gpu_util_percent": 25.0, "gpu_mem_util_percent": 3.0, "gpu_mem_used_mib": 7219.0, "gpu_mem_total_mib": 49140.0, "gpu_power_w": 90.75, "process_present": true, "process_mem_mib": 6718.0, "process_mem_share_percent": 13.671143671143671, "process_util_available": true, "process_util_backend": "nvml", "process_sm_util_percent": 24.0, "process_mem_util_percent": 2.0}
{"timestamp_unix": 1772436454.8003306, "pid": 75541, "device_index": 0, "gpu_uuid": "GPU-6f954bfd-7081-31b7-f15c-f9a174bf4d7f", "gpu_util_percent": 24.0, "gpu_mem_util_percent": 3.0, "gpu_mem_used_mib": 7219.0, "gpu_mem_total_mib": 49140.0, "gpu_power_w": 90.72, "process_present": true, "process_mem_mib": 6718.0, "process_mem_share_percent": 13.671143671143671, "process_util_available": true, "process_util_backend": "nvml", "process_sm_util_percent": 24.0, "process_mem_util_percent": 2.0}
{"timestamp_unix": 1772436455.109652, "pid": 75541, "device_index": 0, "gpu_uuid": "GPU-6f954bfd-7081-31b7-f15c-f9a174bf4d7f", "gpu_util_percent": 24.0, "gpu_mem_util_percent": 3.0, "gpu_mem_used_mib": 7218.0, "gpu_mem_total_mib": 49140.0, "gpu_power_w": 90.72, "process_present": true, "process_mem_mib": 6718.0, "process_mem_share_percent": 13.671143671143671, "process_util_available": true, "process_util_backend": "nvml", "process_sm_util_percent": 24.0, "process_mem_util_percent": 2.0}
{"timestamp_unix": 1772436455.400492, "pid": 75541, "device_index": 0, "gpu_uuid": "GPU-6f954bfd-7081-31b7-f15c-f9a174bf4d7f", "gpu_util_percent": 24.0, "gpu_mem_util_percent": 3.0, "gpu_mem_used_mib": 7218.0, "gpu_mem_total_mib": 49140.0, "gpu_power_w": 90.79, "process_present": true, "process_mem_mib": 6718.0, "process_mem_share_percent": 13.671143671143671, "process_util_available": true, "process_util_backend": "nvml", "process_sm_util_percent": 24.0, "process_mem_util_percent": 2.0}
{"timestamp_unix": 1772436455.6882443, "pid": 75541, "device_index": 0, "gpu_uuid": "GPU-6f954bfd-7081-31b7-f15c-f9a174bf4d7f", "gpu_util_percent": 24.0, "gpu_mem_util_percent": 3.0, "gpu_mem_used_mib": 7218.0, "gpu_mem_total_mib": 49140.0, "gpu_power_w": 90.79, "process_present": true, "process_mem_mib": 6718.0, "process_mem_share_percent": 13.671143671143671, "process_util_available": true, "process_util_backend": "nvml", "process_sm_util_percent": 24.0, "process_mem_util_percent": 2.0}
{"timestamp_unix": 1772436455.9778414, "pid": 75541, "device_index": 0, "gpu_uuid": "GPU-6f954bfd-7081-31b7-f15c-f9a174bf4d7f", "gpu_util_percent": 24.0, "gpu_mem_util_percent": 3.0, "gpu_mem_used_mib": 7218.0, "gpu_mem_total_mib": 49140.0, "gpu_power_w": 90.81, "process_present": true, "process_mem_mib": 6718.0, "process_mem_share_percent": 13.671143671143671, "process_util_available": true, "process_util_backend": "nvml", "process_sm_util_percent": 24.0, "process_mem_util_percent": 2.0}
{"timestamp_unix": 1772436456.268828, "pid": 75541, "device_index": 0, "gpu_uuid": "GPU-6f954bfd-7081-31b7-f15c-f9a174bf4d7f", "gpu_util_percent": 24.0, "gpu_mem_util_percent": 3.0, "gpu_mem_used_mib": 7218.0, "gpu_mem_total_mib": 49140.0, "gpu_power_w": 90.81, "process_present": true, "process_mem_mib": 6718.0, "process_mem_share_percent": 13.671143671143671, "process_util_available": true, "process_util_backend": "nvml", "process_sm_util_percent": 24.0, "process_mem_util_percent": 2.0}
{"timestamp_unix": 1772436456.5586522, "pid": 75541, "device_index": 0, "gpu_uuid": "GPU-6f954bfd-7081-31b7-f15c-f9a174bf4d7f", "gpu_util_percent": 24.0, "gpu_mem_util_percent": 3.0, "gpu_mem_used_mib": 7218.0, "gpu_mem_total_mib": 49140.0, "gpu_power_w": 90.72, "process_present": true, "process_mem_mib": 6718.0, "process_mem_share_percent": 13.671143671143671, "process_util_available": true, "process_util_backend": "nvml", "process_sm_util_percent": 24.0, "process_mem_util_percent": 2.0}
{"timestamp_unix": 1772436456.849882, "pid": 75541, "device_index": 0, "gpu_uuid": "GPU-6f954bfd-7081-31b7-f15c-f9a174bf4d7f", "gpu_util_percent": 24.0, "gpu_mem_util_percent": 2.0, "gpu_mem_used_mib": 7218.0, "gpu_mem_total_mib": 49140.0, "gpu_power_w": 90.64, "process_present": true, "process_mem_mib": 6718.0, "process_mem_share_percent": 13.671143671143671, "process_util_available": true, "process_util_backend": "nvml", "process_sm_util_percent": 24.0, "process_mem_util_percent": 2.0}
{"timestamp_unix": 1772436457.1490023, "pid": 75541, "device_index": 0, "gpu_uuid": "GPU-6f954bfd-7081-31b7-f15c-f9a174bf4d7f", "gpu_util_percent": 24.0, "gpu_mem_util_percent": 2.0, "gpu_mem_used_mib": 7218.0, "gpu_mem_total_mib": 49140.0, "gpu_power_w": 90.64, "process_present": true, "process_mem_mib": 6718.0, "process_mem_share_percent": 13.671143671143671, "process_util_available": true, "process_util_backend": "nvml", "process_sm_util_percent": 24.0, "process_mem_util_percent": 2.0}
{"timestamp_unix": 1772436457.4595327, "pid": 75541, "device_index": 0, "gpu_uuid": "GPU-6f954bfd-7081-31b7-f15c-f9a174bf4d7f", "gpu_util_percent": 24.0, "gpu_mem_util_percent": 2.0, "gpu_mem_used_mib": 7211.0, "gpu_mem_total_mib": 49140.0, "gpu_power_w": 90.63, "process_present": true, "process_mem_mib": 6718.0, "process_mem_share_percent": 13.671143671143671, "process_util_available": true, "process_util_backend": "nvml", "process_sm_util_percent": 12.0, "process_mem_util_percent": 1.0}
{"timestamp_unix": 1772436457.767037, "pid": 75541, "device_index": 0, "gpu_uuid": "GPU-6f954bfd-7081-31b7-f15c-f9a174bf4d7f", "gpu_util_percent": 24.0, "gpu_mem_util_percent": 2.0, "gpu_mem_used_mib": 7211.0, "gpu_mem_total_mib": 49140.0, "gpu_power_w": 90.63, "process_present": true, "process_mem_mib": 6718.0, "process_mem_share_percent": 13.671143671143671, "process_util_available": true, "process_util_backend": "nvml", "process_sm_util_percent": 21.0, "process_mem_util_percent": 2.0}
{"timestamp_unix": 1772436458.0549848, "pid": 75541, "device_index": 0, "gpu_uuid": "GPU-6f954bfd-7081-31b7-f15c-f9a174bf4d7f", "gpu_util_percent": 23.0, "gpu_mem_util_percent": 2.0, "gpu_mem_used_mib": 7211.0, "gpu_mem_total_mib": 49140.0, "gpu_power_w": 89.78, "process_present": true, "process_mem_mib": 6718.0, "process_mem_share_percent": 13.671143671143671, "process_util_available": true, "process_util_backend": "nvml", "process_sm_util_percent": 22.0, "process_mem_util_percent": 2.0}
{"timestamp_unix": 1772436458.3434808, "pid": 75541, "device_index": 0, "gpu_uuid": "GPU-6f954bfd-7081-31b7-f15c-f9a174bf4d7f", "gpu_util_percent": 23.0, "gpu_mem_util_percent": 2.0, "gpu_mem_used_mib": 7211.0, "gpu_mem_total_mib": 49140.0, "gpu_power_w": 89.28, "process_present": true, "process_mem_mib": 6718.0, "process_mem_share_percent": 13.671143671143671, "process_util_available": true, "process_util_backend": "nvml", "process_sm_util_percent": 22.0, "process_mem_util_percent": 2.0}
{"timestamp_unix": 1772436458.6345603, "pid": 75541, "device_index": 0, "gpu_uuid": "GPU-6f954bfd-7081-31b7-f15c-f9a174bf4d7f", "gpu_util_percent": 23.0, "gpu_mem_util_percent": 2.0, "gpu_mem_used_mib": 7511.0, "gpu_mem_total_mib": 49140.0, "gpu_power_w": 89.28, "process_present": true, "process_mem_mib": 7078.0, "process_mem_share_percent": 14.403744403744403, "process_util_available": true, "process_util_backend": "nvml", "process_sm_util_percent": 22.0, "process_mem_util_percent": 2.0}
{"timestamp_unix": 1772436458.9241457, "pid": 75541, "device_index": 0, "gpu_uuid": "GPU-6f954bfd-7081-31b7-f15c-f9a174bf4d7f", "gpu_util_percent": 23.0, "gpu_mem_util_percent": 2.0, "gpu_mem_used_mib": 7971.0, "gpu_mem_total_mib": 49140.0, "gpu_power_w": 89.44, "process_present": true, "process_mem_mib": 7558.0, "process_mem_share_percent": 15.38054538054538, "process_util_available": true, "process_util_backend": "nvml", "process_sm_util_percent": 22.0, "process_mem_util_percent": 2.0}
{"timestamp_unix": 1772436459.219348, "pid": 75541, "device_index": 0, "gpu_uuid": "GPU-6f954bfd-7081-31b7-f15c-f9a174bf4d7f", "gpu_util_percent": 23.0, "gpu_mem_util_percent": 2.0, "gpu_mem_used_mib": 8491.0, "gpu_mem_total_mib": 49140.0, "gpu_power_w": 89.44, "process_present": true, "process_mem_mib": 8078.0, "process_mem_share_percent": 16.43874643874644, "process_util_available": true, "process_util_backend": "nvml", "process_sm_util_percent": 21.0, "process_mem_util_percent": 2.0}
{"timestamp_unix": 1772436459.5078812, "pid": 75541, "device_index": 0, "gpu_uuid": "GPU-6f954bfd-7081-31b7-f15c-f9a174bf4d7f", "gpu_util_percent": 23.0, "gpu_mem_util_percent": 2.0, "gpu_mem_used_mib": 9011.0, "gpu_mem_total_mib": 49140.0, "gpu_power_w": 89.32, "process_present": true, "process_mem_mib": 8598.0, "process_mem_share_percent": 17.496947496947495, "process_util_available": true, "process_util_backend": "nvml", "process_sm_util_percent": 21.0, "process_mem_util_percent": 2.0}
{"timestamp_unix": 1772436459.811314, "pid": 75541, "device_index": 0, "gpu_uuid": "GPU-6f954bfd-7081-31b7-f15c-f9a174bf4d7f", "gpu_util_percent": 22.0, "gpu_mem_util_percent": 3.0, "gpu_mem_used_mib": 9531.0, "gpu_mem_total_mib": 49140.0, "gpu_power_w": 89.25, "process_present": true, "process_mem_mib": 9118.0, "process_mem_share_percent": 18.555148555148556, "process_util_available": true, "process_util_backend": "nvml", "process_sm_util_percent": 21.0, "process_mem_util_percent": 2.0}
{"timestamp_unix": 1772436460.1171, "pid": 75541, "device_index": 0, "gpu_uuid": "GPU-6f954bfd-7081-31b7-f15c-f9a174bf4d7f", "gpu_util_percent": 22.0, "gpu_mem_util_percent": 3.0, "gpu_mem_used_mib": 10091.0, "gpu_mem_total_mib": 49140.0, "gpu_power_w": 89.25, "process_present": true, "process_mem_mib": 9698.0, "process_mem_share_percent": 19.735449735449738, "process_util_available": true, "process_util_backend": "nvml", "process_sm_util_percent": 21.0, "process_mem_util_percent": 2.0}
{"timestamp_unix": 1772436460.4153485, "pid": 75541, "device_index": 0, "gpu_uuid": "GPU-6f954bfd-7081-31b7-f15c-f9a174bf4d7f", "gpu_util_percent": 22.0, "gpu_mem_util_percent": 3.0, "gpu_mem_used_mib": 10671.0, "gpu_mem_total_mib": 49140.0, "gpu_power_w": 88.96, "process_present": true, "process_mem_mib": 10278.0, "process_mem_share_percent": 20.915750915750916, "process_util_available": true, "process_util_backend": "nvml", "process_sm_util_percent": 20.0, "process_mem_util_percent": 2.0}
{"timestamp_unix": 1772436460.7042944, "pid": 75541, "device_index": 0, "gpu_uuid": "GPU-6f954bfd-7081-31b7-f15c-f9a174bf4d7f", "gpu_util_percent": 22.0, "gpu_mem_util_percent": 3.0, "gpu_mem_used_mib": 11271.0, "gpu_mem_total_mib": 49140.0, "gpu_power_w": 88.96, "process_present": true, "process_mem_mib": 10878.0, "process_mem_share_percent": 22.136752136752136, "process_util_available": true, "process_util_backend": "nvml", "process_sm_util_percent": 20.0, "process_mem_util_percent": 2.0}
{"timestamp_unix": 1772436460.9921603, "pid": 75541, "device_index": 0, "gpu_uuid": "GPU-6f954bfd-7081-31b7-f15c-f9a174bf4d7f", "gpu_util_percent": 21.0, "gpu_mem_util_percent": 3.0, "gpu_mem_used_mib": 11891.0, "gpu_mem_total_mib": 49140.0, "gpu_power_w": 88.96, "process_present": true, "process_mem_mib": 11478.0, "process_mem_share_percent": 23.357753357753356, "process_util_available": true, "process_util_backend": "nvml", "process_sm_util_percent": 21.0, "process_mem_util_percent": 2.0}
{"timestamp_unix": 1772436461.282438, "pid": 75541, "device_index": 0, "gpu_uuid": "GPU-6f954bfd-7081-31b7-f15c-f9a174bf4d7f", "gpu_util_percent": 21.0, "gpu_mem_util_percent": 3.0, "gpu_mem_used_mib": 12071.0, "gpu_mem_total_mib": 49140.0, "gpu_power_w": 88.07, "process_present": true, "process_mem_mib": 11578.0, "process_mem_share_percent": 23.56125356125356, "process_util_available": true, "process_util_backend": "nvml", "process_sm_util_percent": 18.0, "process_mem_util_percent": 1.0}
{"timestamp_unix": 1772436461.5692878, "pid": 75541, "device_index": 0, "gpu_uuid": "GPU-6f954bfd-7081-31b7-f15c-f9a174bf4d7f", "gpu_util_percent": 21.0, "gpu_mem_util_percent": 3.0, "gpu_mem_used_mib": 12067.0, "gpu_mem_total_mib": 49140.0, "gpu_power_w": 88.07, "process_present": true, "process_mem_mib": 11578.0, "process_mem_share_percent": 23.56125356125356, "process_util_available": true, "process_util_backend": "nvml", "process_sm_util_percent": 24.0, "process_mem_util_percent": 2.0}
{"timestamp_unix": 1772436461.8572228, "pid": 75541, "device_index": 0, "gpu_uuid": "GPU-6f954bfd-7081-31b7-f15c-f9a174bf4d7f", "gpu_util_percent": 26.0, "gpu_mem_util_percent": 3.0, "gpu_mem_used_mib": 12067.0, "gpu_mem_total_mib": 49140.0, "gpu_power_w": 89.05, "process_present": true, "process_mem_mib": 11578.0, "process_mem_share_percent": 23.56125356125356, "process_util_available": true, "process_util_backend": "nvml", "process_sm_util_percent": 25.0, "process_mem_util_percent": 2.0}
{"timestamp_unix": 1772436462.1493213, "pid": 75541, "device_index": 0, "gpu_uuid": "GPU-6f954bfd-7081-31b7-f15c-f9a174bf4d7f", "gpu_util_percent": 26.0, "gpu_mem_util_percent": 3.0, "gpu_mem_used_mib": 12067.0, "gpu_mem_total_mib": 49140.0, "gpu_power_w": 89.05, "process_present": true, "process_mem_mib": 11578.0, "process_mem_share_percent": 23.56125356125356, "process_util_available": true, "process_util_backend": "nvml", "process_sm_util_percent": 24.0, "process_mem_util_percent": 2.0}
{"timestamp_unix": 1772436462.4422145, "pid": 75541, "device_index": 0, "gpu_uuid": "GPU-6f954bfd-7081-31b7-f15c-f9a174bf4d7f", "gpu_util_percent": 26.0, "gpu_mem_util_percent": 3.0, "gpu_mem_used_mib": 12067.0, "gpu_mem_total_mib": 49140.0, "gpu_power_w": 90.49, "process_present": true, "process_mem_mib": 11578.0, "process_mem_share_percent": 23.56125356125356, "process_util_available": true, "process_util_backend": "nvml", "process_sm_util_percent": 25.0, "process_mem_util_percent": 2.0}
{"timestamp_unix": 1772436462.7466931, "pid": 75541, "device_index": 0, "gpu_uuid": "GPU-6f954bfd-7081-31b7-f15c-f9a174bf4d7f", "gpu_util_percent": 26.0, "gpu_mem_util_percent": 3.0, "gpu_mem_used_mib": 12067.0, "gpu_mem_total_mib": 49140.0, "gpu_power_w": 90.49, "process_present": true, "process_mem_mib": 11578.0, "process_mem_share_percent": 23.56125356125356, "process_util_available": true, "process_util_backend": "nvml", "process_sm_util_percent": 24.0, "process_mem_util_percent": 2.0}
{"timestamp_unix": 1772436463.059943, "pid": 75541, "device_index": 0, "gpu_uuid": "GPU-6f954bfd-7081-31b7-f15c-f9a174bf4d7f", "gpu_util_percent": 25.0, "gpu_mem_util_percent": 3.0, "gpu_mem_used_mib": 12067.0, "gpu_mem_total_mib": 49140.0, "gpu_power_w": 91.42, "process_present": true, "process_mem_mib": 11578.0, "process_mem_share_percent": 23.56125356125356, "process_util_available": true, "process_util_backend": "nvml", "process_sm_util_percent": 24.0, "process_mem_util_percent": 2.0}
{"timestamp_unix": 1772436463.3501844, "pid": 75541, "device_index": 0, "gpu_uuid": "GPU-6f954bfd-7081-31b7-f15c-f9a174bf4d7f", "gpu_util_percent": 25.0, "gpu_mem_util_percent": 3.0, "gpu_mem_used_mib": 12067.0, "gpu_mem_total_mib": 49140.0, "gpu_power_w": 91.46, "process_present": true, "process_mem_mib": 11578.0, "process_mem_share_percent": 23.56125356125356, "process_util_available": true, "process_util_backend": "nvml", "process_sm_util_percent": 24.0, "process_mem_util_percent": 2.0}
{"timestamp_unix": 1772436463.6357937, "pid": 75541, "device_index": 0, "gpu_uuid": "GPU-6f954bfd-7081-31b7-f15c-f9a174bf4d7f", "gpu_util_percent": 25.0, "gpu_mem_util_percent": 3.0, "gpu_mem_used_mib": 12067.0, "gpu_mem_total_mib": 49140.0, "gpu_power_w": 91.46, "process_present": true, "process_mem_mib": 11578.0, "process_mem_share_percent": 23.56125356125356, "process_util_available": true, "process_util_backend": "nvml", "process_sm_util_percent": 25.0, "process_mem_util_percent": 2.0}
{"timestamp_unix": 1772436463.9236221, "pid": 75541, "device_index": 0, "gpu_uuid": "GPU-6f954bfd-7081-31b7-f15c-f9a174bf4d7f", "gpu_util_percent": 26.0, "gpu_mem_util_percent": 3.0, "gpu_mem_used_mib": 12067.0, "gpu_mem_total_mib": 49140.0, "gpu_power_w": 91.43, "process_present": true, "process_mem_mib": 11578.0, "process_mem_share_percent": 23.56125356125356, "process_util_available": true, "process_util_backend": "nvml", "process_sm_util_percent": 25.0, "process_mem_util_percent": 2.0}
{"timestamp_unix": 1772436464.2143025, "pid": 75541, "device_index": 0, "gpu_uuid": "GPU-6f954bfd-7081-31b7-f15c-f9a174bf4d7f", "gpu_util_percent": 26.0, "gpu_mem_util_percent": 3.0, "gpu_mem_used_mib": 12067.0, "gpu_mem_total_mib": 49140.0, "gpu_power_w": 91.43, "process_present": true, "process_mem_mib": 11578.0, "process_mem_share_percent": 23.56125356125356, "process_util_available": true, "process_util_backend": "nvml", "process_sm_util_percent": 25.0, "process_mem_util_percent": 2.0}
{"timestamp_unix": 1772436464.502436, "pid": 75541, "device_index": 0, "gpu_uuid": "GPU-6f954bfd-7081-31b7-f15c-f9a174bf4d7f", "gpu_util_percent": 26.0, "gpu_mem_util_percent": 3.0, "gpu_mem_used_mib": 12067.0, "gpu_mem_total_mib": 49140.0, "gpu_power_w": 91.37, "process_present": true, "process_mem_mib": 11578.0, "process_mem_share_percent": 23.56125356125356, "process_util_available": true, "process_util_backend": "nvml", "process_sm_util_percent": 25.0, "process_mem_util_percent": 2.0}
{"timestamp_unix": 1772436464.792667, "pid": 75541, "device_index": 0, "gpu_uuid": "GPU-6f954bfd-7081-31b7-f15c-f9a174bf4d7f", "gpu_util_percent": 25.0, "gpu_mem_util_percent": 3.0, "gpu_mem_used_mib": 12067.0, "gpu_mem_total_mib": 49140.0, "gpu_power_w": 91.25, "process_present": true, "process_mem_mib": 11578.0, "process_mem_share_percent": 23.56125356125356, "process_util_available": true, "process_util_backend": "nvml", "process_sm_util_percent": 24.0, "process_mem_util_percent": 2.0}
{"timestamp_unix": 1772436465.086723, "pid": 75541, "device_index": 0, "gpu_uuid": "GPU-6f954bfd-7081-31b7-f15c-f9a174bf4d7f", "gpu_util_percent": 25.0, "gpu_mem_util_percent": 3.0, "gpu_mem_used_mib": 12067.0, "gpu_mem_total_mib": 49140.0, "gpu_power_w": 91.25, "process_present": true, "process_mem_mib": 11578.0, "process_mem_share_percent": 23.56125356125356, "process_util_available": true, "process_util_backend": "nvml", "process_sm_util_percent": 24.0, "process_mem_util_percent": 2.0}
{"timestamp_unix": 1772436465.38327, "pid": 75541, "device_index": 0, "gpu_uuid": "GPU-6f954bfd-7081-31b7-f15c-f9a174bf4d7f", "gpu_util_percent": 25.0, "gpu_mem_util_percent": 3.0, "gpu_mem_used_mib": 12067.0, "gpu_mem_total_mib": 49140.0, "gpu_power_w": 91.19, "process_present": true, "process_mem_mib": 11578.0, "process_mem_share_percent": 23.56125356125356, "process_util_available": true, "process_util_backend": "nvml", "process_sm_util_percent": 25.0, "process_mem_util_percent": 2.0}
{"timestamp_unix": 1772436465.68402, "pid": 75541, "device_index": 0, "gpu_uuid": "GPU-6f954bfd-7081-31b7-f15c-f9a174bf4d7f", "gpu_util_percent": 25.0, "gpu_mem_util_percent": 3.0, "gpu_mem_used_mib": 12067.0, "gpu_mem_total_mib": 49140.0, "gpu_power_w": 91.19, "process_present": true, "process_mem_mib": 11578.0, "process_mem_share_percent": 23.56125356125356, "process_util_available": true, "process_util_backend": "nvml", "process_sm_util_percent": 24.0, "process_mem_util_percent": 2.0}
{"timestamp_unix": 1772436465.9744244, "pid": 75541, "device_index": 0, "gpu_uuid": "GPU-6f954bfd-7081-31b7-f15c-f9a174bf4d7f", "gpu_util_percent": 25.0, "gpu_mem_util_percent": 3.0, "gpu_mem_used_mib": 12067.0, "gpu_mem_total_mib": 49140.0, "gpu_power_w": 91.13, "process_present": true, "process_mem_mib": 11578.0, "process_mem_share_percent": 23.56125356125356, "process_util_available": true, "process_util_backend": "nvml", "process_sm_util_percent": 24.0, "process_mem_util_percent": 2.0}
{"timestamp_unix": 1772436466.2670622, "pid": 75541, "device_index": 0, "gpu_uuid": "GPU-6f954bfd-7081-31b7-f15c-f9a174bf4d7f", "gpu_util_percent": 25.0, "gpu_mem_util_percent": 3.0, "gpu_mem_used_mib": 12067.0, "gpu_mem_total_mib": 49140.0, "gpu_power_w": 91.13, "process_present": true, "process_mem_mib": 11578.0, "process_mem_share_percent": 23.56125356125356, "process_util_available": true, "process_util_backend": "nvml", "process_sm_util_percent": 10.0, "process_mem_util_percent": 1.0}
{"timestamp_unix": 1772436466.5607781, "pid": 75541, "device_index": 0, "gpu_uuid": "GPU-6f954bfd-7081-31b7-f15c-f9a174bf4d7f", "gpu_util_percent": 25.0, "gpu_mem_util_percent": 3.0, "gpu_mem_used_mib": 12067.0, "gpu_mem_total_mib": 49140.0, "gpu_power_w": 90.36, "process_present": true, "process_mem_mib": 11578.0, "process_mem_share_percent": 23.56125356125356, "process_util_available": true, "process_util_backend": "nvml", "process_sm_util_percent": 22.0, "process_mem_util_percent": 2.0}
{"timestamp_unix": 1772436467.0296397, "pid": 75541, "device_index": 0, "gpu_uuid": "GPU-6f954bfd-7081-31b7-f15c-f9a174bf4d7f", "gpu_util_percent": 23.0, "gpu_mem_util_percent": 3.0, "gpu_mem_used_mib": 12067.0, "gpu_mem_total_mib": 49140.0, "gpu_power_w": 90.07, "process_present": true, "process_mem_mib": 11578.0, "process_mem_share_percent": 23.56125356125356, "process_util_available": true, "process_util_backend": "nvml", "process_sm_util_percent": 16.0, "process_mem_util_percent": 1.0}
{"timestamp_unix": 1772436467.3193257, "pid": 75541, "device_index": 0, "gpu_uuid": "GPU-6f954bfd-7081-31b7-f15c-f9a174bf4d7f", "gpu_util_percent": 23.0, "gpu_mem_util_percent": 3.0, "gpu_mem_used_mib": 12067.0, "gpu_mem_total_mib": 49140.0, "gpu_power_w": 88.84, "process_present": true, "process_mem_mib": 11578.0, "process_mem_share_percent": 23.56125356125356, "process_util_available": true, "process_util_backend": "nvml", "process_sm_util_percent": 21.0, "process_mem_util_percent": 2.0}
{"timestamp_unix": 1772436467.6276486, "pid": 75541, "device_index": 0, "gpu_uuid": "GPU-6f954bfd-7081-31b7-f15c-f9a174bf4d7f", "gpu_util_percent": 23.0, "gpu_mem_util_percent": 3.0, "gpu_mem_used_mib": 12067.0, "gpu_mem_total_mib": 49140.0, "gpu_power_w": 88.84, "process_present": true, "process_mem_mib": 11578.0, "process_mem_share_percent": 23.56125356125356, "process_util_available": true, "process_util_backend": "nvml", "process_sm_util_percent": 12.0, "process_mem_util_percent": 1.0}
{"timestamp_unix": 1772436467.9332366, "pid": 75541, "device_index": 0, "gpu_uuid": "GPU-6f954bfd-7081-31b7-f15c-f9a174bf4d7f", "gpu_util_percent": 22.0, "gpu_mem_util_percent": 3.0, "gpu_mem_used_mib": 12067.0, "gpu_mem_total_mib": 49140.0, "gpu_power_w": 89.05, "process_present": true, "process_mem_mib": 11578.0, "process_mem_share_percent": 23.56125356125356, "process_util_available": true, "process_util_backend": "nvml", "process_sm_util_percent": 23.0, "process_mem_util_percent": 2.0}
{"timestamp_unix": 1772436468.233571, "pid": 75541, "device_index": 0, "gpu_uuid": "GPU-6f954bfd-7081-31b7-f15c-f9a174bf4d7f", "gpu_util_percent": 22.0, "gpu_mem_util_percent": 3.0, "gpu_mem_used_mib": 12067.0, "gpu_mem_total_mib": 49140.0, "gpu_power_w": 89.05, "process_present": true, "process_mem_mib": 11578.0, "process_mem_share_percent": 23.56125356125356, "process_util_available": true, "process_util_backend": "nvml", "process_sm_util_percent": 12.0, "process_mem_util_percent": 1.0}
{"timestamp_unix": 1772436468.5245297, "pid": 75541, "device_index": 0, "gpu_uuid": "GPU-6f954bfd-7081-31b7-f15c-f9a174bf4d7f", "gpu_util_percent": 22.0, "gpu_mem_util_percent": 3.0, "gpu_mem_used_mib": 12067.0, "gpu_mem_total_mib": 49140.0, "gpu_power_w": 90.98, "process_present": true, "process_mem_mib": 11578.0, "process_mem_share_percent": 23.56125356125356, "process_util_available": true, "process_util_backend": "nvml", "process_sm_util_percent": null, "process_mem_util_percent": null}
{"timestamp_unix": 1772436468.8168266, "pid": 75541, "device_index": 0, "gpu_uuid": "GPU-6f954bfd-7081-31b7-f15c-f9a174bf4d7f", "gpu_util_percent": 21.0, "gpu_mem_util_percent": 3.0, "gpu_mem_used_mib": 12467.0, "gpu_mem_total_mib": 49140.0, "gpu_power_w": 90.93, "process_present": true, "process_mem_mib": 12098.0, "process_mem_share_percent": 24.61945461945462, "process_util_available": true, "process_util_backend": "nvml", "process_sm_util_percent": 11.0, "process_mem_util_percent": 1.0}
{"timestamp_unix": 1772436469.1057694, "pid": 75541, "device_index": 0, "gpu_uuid": "GPU-6f954bfd-7081-31b7-f15c-f9a174bf4d7f", "gpu_util_percent": 21.0, "gpu_mem_util_percent": 3.0, "gpu_mem_used_mib": 13307.0, "gpu_mem_total_mib": 49140.0, "gpu_power_w": 90.93, "process_present": true, "process_mem_mib": 12938.0, "process_mem_share_percent": 26.328856328856332, "process_util_available": true, "process_util_backend": "nvml", "process_sm_util_percent": null, "process_mem_util_percent": null}
{"timestamp_unix": 1772436469.3939095, "pid": 75541, "device_index": 0, "gpu_uuid": "GPU-6f954bfd-7081-31b7-f15c-f9a174bf4d7f", "gpu_util_percent": 21.0, "gpu_mem_util_percent": 3.0, "gpu_mem_used_mib": 14167.0, "gpu_mem_total_mib": 49140.0, "gpu_power_w": 90.55, "process_present": true, "process_mem_mib": 13818.0, "process_mem_share_percent": 28.11965811965812, "process_util_available": true, "process_util_backend": "nvml", "process_sm_util_percent": null, "process_mem_util_percent": null}
{"timestamp_unix": 1772436469.6847405, "pid": 75541, "device_index": 0, "gpu_uuid": "GPU-6f954bfd-7081-31b7-f15c-f9a174bf4d7f", "gpu_util_percent": 21.0, "gpu_mem_util_percent": 3.0, "gpu_mem_used_mib": 15047.0, "gpu_mem_total_mib": 49140.0, "gpu_power_w": 90.55, "process_present": true, "process_mem_mib": 14698.0, "process_mem_share_percent": 29.910459910459906, "process_util_available": true, "process_util_backend": "nvml", "process_sm_util_percent": 22.0, "process_mem_util_percent": 2.0}
{"timestamp_unix": 1772436469.971246, "pid": 75541, "device_index": 0, "gpu_uuid": "GPU-6f954bfd-7081-31b7-f15c-f9a174bf4d7f", "gpu_util_percent": 18.0, "gpu_mem_util_percent": 2.0, "gpu_mem_used_mib": 15207.0, "gpu_mem_total_mib": 49140.0, "gpu_power_w": 90.28, "process_present": true, "process_mem_mib": 14738.0, "process_mem_share_percent": 29.991859991859993, "process_util_available": true, "process_util_backend": "nvml", "process_sm_util_percent": null, "process_mem_util_percent": null}
{"timestamp_unix": 1772436470.2779043, "pid": 75541, "device_index": 0, "gpu_uuid": "GPU-6f954bfd-7081-31b7-f15c-f9a174bf4d7f", "gpu_util_percent": 18.0, "gpu_mem_util_percent": 2.0, "gpu_mem_used_mib": 15227.0, "gpu_mem_total_mib": 49140.0, "gpu_power_w": 90.28, "process_present": true, "process_mem_mib": 14738.0, "process_mem_share_percent": 29.991859991859993, "process_util_available": true, "process_util_backend": "nvml", "process_sm_util_percent": 20.0, "process_mem_util_percent": 1.0}
{"timestamp_unix": 1772436470.5839276, "pid": 75541, "device_index": 0, "gpu_uuid": "GPU-6f954bfd-7081-31b7-f15c-f9a174bf4d7f", "gpu_util_percent": 18.0, "gpu_mem_util_percent": 2.0, "gpu_mem_used_mib": 15227.0, "gpu_mem_total_mib": 49140.0, "gpu_power_w": 88.7, "process_present": true, "process_mem_mib": 14738.0, "process_mem_share_percent": 29.991859991859993, "process_util_available": true, "process_util_backend": "nvml", "process_sm_util_percent": 23.0, "process_mem_util_percent": 2.0}
{"timestamp_unix": 1772436470.8837357, "pid": 75541, "device_index": 0, "gpu_uuid": "GPU-6f954bfd-7081-31b7-f15c-f9a174bf4d7f", "gpu_util_percent": 21.0, "gpu_mem_util_percent": 3.0, "gpu_mem_used_mib": 15227.0, "gpu_mem_total_mib": 49140.0, "gpu_power_w": 89.28, "process_present": true, "process_mem_mib": 14738.0, "process_mem_share_percent": 29.991859991859993, "process_util_available": true, "process_util_backend": "nvml", "process_sm_util_percent": 22.0, "process_mem_util_percent": 2.0}
{"timestamp_unix": 1772436471.1740375, "pid": 75541, "device_index": 0, "gpu_uuid": "GPU-6f954bfd-7081-31b7-f15c-f9a174bf4d7f", "gpu_util_percent": 21.0, "gpu_mem_util_percent": 3.0, "gpu_mem_used_mib": 15236.0, "gpu_mem_total_mib": 49140.0, "gpu_power_w": 89.28, "process_present": true, "process_mem_mib": 14738.0, "process_mem_share_percent": 29.991859991859993, "process_util_available": true, "process_util_backend": "nvml", "process_sm_util_percent": 24.0, "process_mem_util_percent": 2.0}
{"timestamp_unix": 1772436471.4650404, "pid": 75541, "device_index": 0, "gpu_uuid": "GPU-6f954bfd-7081-31b7-f15c-f9a174bf4d7f", "gpu_util_percent": 21.0, "gpu_mem_util_percent": 3.0, "gpu_mem_used_mib": 15236.0, "gpu_mem_total_mib": 49140.0, "gpu_power_w": 92.02, "process_present": true, "process_mem_mib": 14738.0, "process_mem_share_percent": 29.991859991859993, "process_util_available": true, "process_util_backend": "nvml", "process_sm_util_percent": 23.0, "process_mem_util_percent": 2.0}
{"timestamp_unix": 1772436471.754256, "pid": 75541, "device_index": 0, "gpu_uuid": "GPU-6f954bfd-7081-31b7-f15c-f9a174bf4d7f", "gpu_util_percent": 21.0, "gpu_mem_util_percent": 3.0, "gpu_mem_used_mib": 15236.0, "gpu_mem_total_mib": 49140.0, "gpu_power_w": 92.02, "process_present": true, "process_mem_mib": 14738.0, "process_mem_share_percent": 29.991859991859993, "process_util_available": true, "process_util_backend": "nvml", "process_sm_util_percent": 23.0, "process_mem_util_percent": 2.0}
{"timestamp_unix": 1772436472.044286, "pid": 75541, "device_index": 0, "gpu_uuid": "GPU-6f954bfd-7081-31b7-f15c-f9a174bf4d7f", "gpu_util_percent": 22.0, "gpu_mem_util_percent": 3.0, "gpu_mem_used_mib": 15236.0, "gpu_mem_total_mib": 49140.0, "gpu_power_w": 92.01, "process_present": true, "process_mem_mib": 14738.0, "process_mem_share_percent": 29.991859991859993, "process_util_available": true, "process_util_backend": "nvml", "process_sm_util_percent": 23.0, "process_mem_util_percent": 2.0}
{"timestamp_unix": 1772436472.3336105, "pid": 75541, "device_index": 0, "gpu_uuid": "GPU-6f954bfd-7081-31b7-f15c-f9a174bf4d7f", "gpu_util_percent": 22.0, "gpu_mem_util_percent": 3.0, "gpu_mem_used_mib": 15235.0, "gpu_mem_total_mib": 49140.0, "gpu_power_w": 91.85, "process_present": true, "process_mem_mib": 14738.0, "process_mem_share_percent": 29.991859991859993, "process_util_available": true, "process_util_backend": "nvml", "process_sm_util_percent": 25.0, "process_mem_util_percent": 2.0}
{"timestamp_unix": 1772436472.6216218, "pid": 75541, "device_index": 0, "gpu_uuid": "GPU-6f954bfd-7081-31b7-f15c-f9a174bf4d7f", "gpu_util_percent": 22.0, "gpu_mem_util_percent": 3.0, "gpu_mem_used_mib": 15235.0, "gpu_mem_total_mib": 49140.0, "gpu_power_w": 91.85, "process_present": true, "process_mem_mib": 14738.0, "process_mem_share_percent": 29.991859991859993, "process_util_available": true, "process_util_backend": "nvml", "process_sm_util_percent": 25.0, "process_mem_util_percent": 2.0}
{"timestamp_unix": 1772436472.9101303, "pid": 75541, "device_index": 0, "gpu_uuid": "GPU-6f954bfd-7081-31b7-f15c-f9a174bf4d7f", "gpu_util_percent": 24.0, "gpu_mem_util_percent": 3.0, "gpu_mem_used_mib": 15235.0, "gpu_mem_total_mib": 49140.0, "gpu_power_w": 91.76, "process_present": true, "process_mem_mib": 14738.0, "process_mem_share_percent": 29.991859991859993, "process_util_available": true, "process_util_backend": "nvml", "process_sm_util_percent": 25.0, "process_mem_util_percent": 2.0}
{"timestamp_unix": 1772436473.215477, "pid": 75541, "device_index": 0, "gpu_uuid": "GPU-6f954bfd-7081-31b7-f15c-f9a174bf4d7f", "gpu_util_percent": 24.0, "gpu_mem_util_percent": 3.0, "gpu_mem_used_mib": 15235.0, "gpu_mem_total_mib": 49140.0, "gpu_power_w": 91.76, "process_present": true, "process_mem_mib": 14738.0, "process_mem_share_percent": 29.991859991859993, "process_util_available": true, "process_util_backend": "nvml", "process_sm_util_percent": 24.0, "process_mem_util_percent": 2.0}
{"timestamp_unix": 1772436473.5166912, "pid": 75541, "device_index": 0, "gpu_uuid": "GPU-6f954bfd-7081-31b7-f15c-f9a174bf4d7f", "gpu_util_percent": 24.0, "gpu_mem_util_percent": 3.0, "gpu_mem_used_mib": 15235.0, "gpu_mem_total_mib": 49140.0, "gpu_power_w": 91.66, "process_present": true, "process_mem_mib": 14738.0, "process_mem_share_percent": 29.991859991859993, "process_util_available": true, "process_util_backend": "nvml", "process_sm_util_percent": 24.0, "process_mem_util_percent": 2.0}
{"timestamp_unix": 1772436473.807802, "pid": 75541, "device_index": 0, "gpu_uuid": "GPU-6f954bfd-7081-31b7-f15c-f9a174bf4d7f", "gpu_util_percent": 23.0, "gpu_mem_util_percent": 3.0, "gpu_mem_used_mib": 15235.0, "gpu_mem_total_mib": 49140.0, "gpu_power_w": 91.49, "process_present": true, "process_mem_mib": 14738.0, "process_mem_share_percent": 29.991859991859993, "process_util_available": true, "process_util_backend": "nvml", "process_sm_util_percent": 24.0, "process_mem_util_percent": 2.0}
{"timestamp_unix": 1772436474.1060135, "pid": 75541, "device_index": 0, "gpu_uuid": "GPU-6f954bfd-7081-31b7-f15c-f9a174bf4d7f", "gpu_util_percent": 23.0, "gpu_mem_util_percent": 3.0, "gpu_mem_used_mib": 15235.0, "gpu_mem_total_mib": 49140.0, "gpu_power_w": 91.49, "process_present": true, "process_mem_mib": 14738.0, "process_mem_share_percent": 29.991859991859993, "process_util_available": true, "process_util_backend": "nvml", "process_sm_util_percent": 25.0, "process_mem_util_percent": 2.0}
{"timestamp_unix": 1772436474.3938715, "pid": 75541, "device_index": 0, "gpu_uuid": "GPU-6f954bfd-7081-31b7-f15c-f9a174bf4d7f", "gpu_util_percent": 23.0, "gpu_mem_util_percent": 3.0, "gpu_mem_used_mib": 15235.0, "gpu_mem_total_mib": 49140.0, "gpu_power_w": 91.4, "process_present": true, "process_mem_mib": 14738.0, "process_mem_share_percent": 29.991859991859993, "process_util_available": true, "process_util_backend": "nvml", "process_sm_util_percent": 24.0, "process_mem_util_percent": 2.0}
{"timestamp_unix": 1772436474.6835158, "pid": 75541, "device_index": 0, "gpu_uuid": "GPU-6f954bfd-7081-31b7-f15c-f9a174bf4d7f", "gpu_util_percent": 23.0, "gpu_mem_util_percent": 3.0, "gpu_mem_used_mib": 15235.0, "gpu_mem_total_mib": 49140.0, "gpu_power_w": 91.4, "process_present": true, "process_mem_mib": 14738.0, "process_mem_share_percent": 29.991859991859993, "process_util_available": true, "process_util_backend": "nvml", "process_sm_util_percent": 23.0, "process_mem_util_percent": 2.0}
{"timestamp_unix": 1772436474.9721882, "pid": 75541, "device_index": 0, "gpu_uuid": "GPU-6f954bfd-7081-31b7-f15c-f9a174bf4d7f", "gpu_util_percent": 22.0, "gpu_mem_util_percent": 2.0, "gpu_mem_used_mib": 15235.0, "gpu_mem_total_mib": 49140.0, "gpu_power_w": 91.23, "process_present": true, "process_mem_mib": 14738.0, "process_mem_share_percent": 29.991859991859993, "process_util_available": true, "process_util_backend": "nvml", "process_sm_util_percent": 23.0, "process_mem_util_percent": 2.0}
{"timestamp_unix": 1772436475.2620277, "pid": 75541, "device_index": 0, "gpu_uuid": "GPU-6f954bfd-7081-31b7-f15c-f9a174bf4d7f", "gpu_util_percent": 22.0, "gpu_mem_util_percent": 2.0, "gpu_mem_used_mib": 15235.0, "gpu_mem_total_mib": 49140.0, "gpu_power_w": 91.23, "process_present": true, "process_mem_mib": 14738.0, "process_mem_share_percent": 29.991859991859993, "process_util_available": true, "process_util_backend": "nvml", "process_sm_util_percent": 10.0, "process_mem_util_percent": 1.0}
{"timestamp_unix": 1772436475.579096, "pid": 75541, "device_index": 0, "gpu_uuid": "GPU-6f954bfd-7081-31b7-f15c-f9a174bf4d7f", "gpu_util_percent": 22.0, "gpu_mem_util_percent": 2.0, "gpu_mem_used_mib": 15235.0, "gpu_mem_total_mib": 49140.0, "gpu_power_w": 90.79, "process_present": true, "process_mem_mib": 14738.0, "process_mem_share_percent": 29.991859991859993, "process_util_available": true, "process_util_backend": "nvml", "process_sm_util_percent": 22.0, "process_mem_util_percent": 2.0}
{"timestamp_unix": 1772436475.882617, "pid": 75541, "device_index": 0, "gpu_uuid": "GPU-6f954bfd-7081-31b7-f15c-f9a174bf4d7f", "gpu_util_percent": 23.0, "gpu_mem_util_percent": 3.0, "gpu_mem_used_mib": 15235.0, "gpu_mem_total_mib": 49140.0, "gpu_power_w": 90.88, "process_present": true, "process_mem_mib": 14738.0, "process_mem_share_percent": 29.991859991859993, "process_util_available": true, "process_util_backend": "nvml", "process_sm_util_percent": 23.0, "process_mem_util_percent": 2.0}
{"timestamp_unix": 1772436476.1832674, "pid": 75541, "device_index": 0, "gpu_uuid": "GPU-6f954bfd-7081-31b7-f15c-f9a174bf4d7f", "gpu_util_percent": 23.0, "gpu_mem_util_percent": 3.0, "gpu_mem_used_mib": 15235.0, "gpu_mem_total_mib": 49140.0, "gpu_power_w": 90.88, "process_present": true, "process_mem_mib": 14738.0, "process_mem_share_percent": 29.991859991859993, "process_util_available": true, "process_util_backend": "nvml", "process_sm_util_percent": 23.0, "process_mem_util_percent": 3.0}
{"timestamp_unix": 1772436476.4743345, "pid": 75541, "device_index": 0, "gpu_uuid": "GPU-6f954bfd-7081-31b7-f15c-f9a174bf4d7f", "gpu_util_percent": 23.0, "gpu_mem_util_percent": 3.0, "gpu_mem_used_mib": 15235.0, "gpu_mem_total_mib": 49140.0, "gpu_power_w": 91.28, "process_present": true, "process_mem_mib": 14738.0, "process_mem_share_percent": 29.991859991859993, "process_util_available": true, "process_util_backend": "nvml", "process_sm_util_percent": 23.0, "process_mem_util_percent": 3.0}
{"timestamp_unix": 1772436476.7670426, "pid": 75541, "device_index": 0, "gpu_uuid": "GPU-6f954bfd-7081-31b7-f15c-f9a174bf4d7f", "gpu_util_percent": 23.0, "gpu_mem_util_percent": 3.0, "gpu_mem_used_mib": 15239.0, "gpu_mem_total_mib": 49140.0, "gpu_power_w": 91.28, "process_present": true, "process_mem_mib": 14738.0, "process_mem_share_percent": 29.991859991859993, "process_util_available": true, "process_util_backend": "nvml", "process_sm_util_percent": 23.0, "process_mem_util_percent": 3.0}
{"timestamp_unix": 1772436477.059703, "pid": 75541, "device_index": 0, "gpu_uuid": "GPU-6f954bfd-7081-31b7-f15c-f9a174bf4d7f", "gpu_util_percent": 22.0, "gpu_mem_util_percent": 3.0, "gpu_mem_used_mib": 15239.0, "gpu_mem_total_mib": 49140.0, "gpu_power_w": 91.47, "process_present": true, "process_mem_mib": 14738.0, "process_mem_share_percent": 29.991859991859993, "process_util_available": true, "process_util_backend": "nvml", "process_sm_util_percent": 22.0, "process_mem_util_percent": 3.0}
{"timestamp_unix": 1772436477.352409, "pid": 75541, "device_index": 0, "gpu_uuid": "GPU-6f954bfd-7081-31b7-f15c-f9a174bf4d7f", "gpu_util_percent": 22.0, "gpu_mem_util_percent": 3.0, "gpu_mem_used_mib": 15239.0, "gpu_mem_total_mib": 49140.0, "gpu_power_w": 91.58, "process_present": true, "process_mem_mib": 14738.0, "process_mem_share_percent": 29.991859991859993, "process_util_available": true, "process_util_backend": "nvml", "process_sm_util_percent": 23.0, "process_mem_util_percent": 3.0}
{"timestamp_unix": 1772436477.6418653, "pid": 75541, "device_index": 0, "gpu_uuid": "GPU-6f954bfd-7081-31b7-f15c-f9a174bf4d7f", "gpu_util_percent": 22.0, "gpu_mem_util_percent": 3.0, "gpu_mem_used_mib": 15239.0, "gpu_mem_total_mib": 49140.0, "gpu_power_w": 91.58, "process_present": true, "process_mem_mib": 14818.0, "process_mem_share_percent": 30.154660154660156, "process_util_available": true, "process_util_backend": "nvml", "process_sm_util_percent": 22.0, "process_mem_util_percent": 3.0}
{"timestamp_unix": 1772436477.9344108, "pid": 75541, "device_index": 0, "gpu_uuid": "GPU-6f954bfd-7081-31b7-f15c-f9a174bf4d7f", "gpu_util_percent": 23.0, "gpu_mem_util_percent": 3.0, "gpu_mem_used_mib": 16281.0, "gpu_mem_total_mib": 49140.0, "gpu_power_w": 91.65, "process_present": true, "process_mem_mib": 15938.0, "process_mem_share_percent": 32.43386243386243, "process_util_available": true, "process_util_backend": "nvml", "process_sm_util_percent": 22.0, "process_mem_util_percent": 3.0}
{"timestamp_unix": 1772436478.2363403, "pid": 75541, "device_index": 0, "gpu_uuid": "GPU-6f954bfd-7081-31b7-f15c-f9a174bf4d7f", "gpu_util_percent": 23.0, "gpu_mem_util_percent": 3.0, "gpu_mem_used_mib": 17421.0, "gpu_mem_total_mib": 49140.0, "gpu_power_w": 91.65, "process_present": true, "process_mem_mib": 17078.0, "process_mem_share_percent": 34.753764753764756, "process_util_available": true, "process_util_backend": "nvml", "process_sm_util_percent": 22.0, "process_mem_util_percent": 3.0}
{"timestamp_unix": 1772436478.543214, "pid": 75541, "device_index": 0, "gpu_uuid": "GPU-6f954bfd-7081-31b7-f15c-f9a174bf4d7f", "gpu_util_percent": 23.0, "gpu_mem_util_percent": 3.0, "gpu_mem_used_mib": 18401.0, "gpu_mem_total_mib": 49140.0, "gpu_power_w": 91.62, "process_present": true, "process_mem_mib": 17898.0, "process_mem_share_percent": 36.42246642246642, "process_util_available": true, "process_util_backend": "nvml", "process_sm_util_percent": 22.0, "process_mem_util_percent": 3.0}
{"timestamp_unix": 1772436478.8484719, "pid": 75541, "device_index": 0, "gpu_uuid": "GPU-6f954bfd-7081-31b7-f15c-f9a174bf4d7f", "gpu_util_percent": 13.0, "gpu_mem_util_percent": 1.0, "gpu_mem_used_mib": 18441.0, "gpu_mem_total_mib": 49140.0, "gpu_power_w": 89.52, "process_present": true, "process_mem_mib": 17938.0, "process_mem_share_percent": 36.503866503866504, "process_util_available": true, "process_util_backend": "nvml", "process_sm_util_percent": 9.0, "process_mem_util_percent": 1.0}
{"timestamp_unix": 1772436479.1379013, "pid": 75541, "device_index": 0, "gpu_uuid": "GPU-6f954bfd-7081-31b7-f15c-f9a174bf4d7f", "gpu_util_percent": 13.0, "gpu_mem_util_percent": 1.0, "gpu_mem_used_mib": 18440.0, "gpu_mem_total_mib": 49140.0, "gpu_power_w": 89.52, "process_present": true, "process_mem_mib": 17938.0, "process_mem_share_percent": 36.503866503866504, "process_util_available": true, "process_util_backend": "nvml", "process_sm_util_percent": 23.0, "process_mem_util_percent": 2.0}
{"timestamp_unix": 1772436479.4260542, "pid": 75541, "device_index": 0, "gpu_uuid": "GPU-6f954bfd-7081-31b7-f15c-f9a174bf4d7f", "gpu_util_percent": 13.0, "gpu_mem_util_percent": 1.0, "gpu_mem_used_mib": 18440.0, "gpu_mem_total_mib": 49140.0, "gpu_power_w": 89.81, "process_present": true, "process_mem_mib": 17938.0, "process_mem_share_percent": 36.503866503866504, "process_util_available": true, "process_util_backend": "nvml", "process_sm_util_percent": 24.0, "process_mem_util_percent": 2.0}
{"timestamp_unix": 1772436479.716064, "pid": 75541, "device_index": 0, "gpu_uuid": "GPU-6f954bfd-7081-31b7-f15c-f9a174bf4d7f", "gpu_util_percent": 13.0, "gpu_mem_util_percent": 1.0, "gpu_mem_used_mib": 18440.0, "gpu_mem_total_mib": 49140.0, "gpu_power_w": 89.81, "process_present": true, "process_mem_mib": 17938.0, "process_mem_share_percent": 36.503866503866504, "process_util_available": true, "process_util_backend": "nvml", "process_sm_util_percent": 24.0, "process_mem_util_percent": 2.0}
{"timestamp_unix": 1772436480.004176, "pid": 75541, "device_index": 0, "gpu_uuid": "GPU-6f954bfd-7081-31b7-f15c-f9a174bf4d7f", "gpu_util_percent": 24.0, "gpu_mem_util_percent": 3.0, "gpu_mem_used_mib": 18440.0, "gpu_mem_total_mib": 49140.0, "gpu_power_w": 91.5, "process_present": true, "process_mem_mib": 17938.0, "process_mem_share_percent": 36.503866503866504, "process_util_available": true, "process_util_backend": "nvml", "process_sm_util_percent": 24.0, "process_mem_util_percent": 2.0}
{"timestamp_unix": 1772436480.2923558, "pid": 75541, "device_index": 0, "gpu_uuid": "GPU-6f954bfd-7081-31b7-f15c-f9a174bf4d7f", "gpu_util_percent": 24.0, "gpu_mem_util_percent": 3.0, "gpu_mem_used_mib": 18440.0, "gpu_mem_total_mib": 49140.0, "gpu_power_w": 92.49, "process_present": true, "process_mem_mib": 17938.0, "process_mem_share_percent": 36.503866503866504, "process_util_available": true, "process_util_backend": "nvml", "process_sm_util_percent": 25.0, "process_mem_util_percent": 3.0}
{"timestamp_unix": 1772436480.5844953, "pid": 75541, "device_index": 0, "gpu_uuid": "GPU-6f954bfd-7081-31b7-f15c-f9a174bf4d7f", "gpu_util_percent": 24.0, "gpu_mem_util_percent": 3.0, "gpu_mem_used_mib": 18440.0, "gpu_mem_total_mib": 49140.0, "gpu_power_w": 92.49, "process_present": true, "process_mem_mib": 17938.0, "process_mem_share_percent": 36.503866503866504, "process_util_available": true, "process_util_backend": "nvml", "process_sm_util_percent": 23.0, "process_mem_util_percent": 2.0}
{"timestamp_unix": 1772436480.8832097, "pid": 75541, "device_index": 0, "gpu_uuid": "GPU-6f954bfd-7081-31b7-f15c-f9a174bf4d7f", "gpu_util_percent": 23.0, "gpu_mem_util_percent": 3.0, "gpu_mem_used_mib": 18440.0, "gpu_mem_total_mib": 49140.0, "gpu_power_w": 92.3, "process_present": true, "process_mem_mib": 17938.0, "process_mem_share_percent": 36.503866503866504, "process_util_available": true, "process_util_backend": "nvml", "process_sm_util_percent": 23.0, "process_mem_util_percent": 2.0}
{"timestamp_unix": 1772436481.1837163, "pid": 75541, "device_index": 0, "gpu_uuid": "GPU-6f954bfd-7081-31b7-f15c-f9a174bf4d7f", "gpu_util_percent": 23.0, "gpu_mem_util_percent": 3.0, "gpu_mem_used_mib": 18440.0, "gpu_mem_total_mib": 49140.0, "gpu_power_w": 92.3, "process_present": true, "process_mem_mib": 17938.0, "process_mem_share_percent": 36.503866503866504, "process_util_available": true, "process_util_backend": "nvml", "process_sm_util_percent": 24.0, "process_mem_util_percent": 2.0}
{"timestamp_unix": 1772436481.4819374, "pid": 75541, "device_index": 0, "gpu_uuid": "GPU-6f954bfd-7081-31b7-f15c-f9a174bf4d7f", "gpu_util_percent": 23.0, "gpu_mem_util_percent": 3.0, "gpu_mem_used_mib": 18440.0, "gpu_mem_total_mib": 49140.0, "gpu_power_w": 92.26, "process_present": true, "process_mem_mib": 17938.0, "process_mem_share_percent": 36.503866503866504, "process_util_available": true, "process_util_backend": "nvml", "process_sm_util_percent": 24.0, "process_mem_util_percent": 2.0}
{"timestamp_unix": 1772436481.7824788, "pid": 75541, "device_index": 0, "gpu_uuid": "GPU-6f954bfd-7081-31b7-f15c-f9a174bf4d7f", "gpu_util_percent": 23.0, "gpu_mem_util_percent": 3.0, "gpu_mem_used_mib": 18436.0, "gpu_mem_total_mib": 49140.0, "gpu_power_w": 92.26, "process_present": true, "process_mem_mib": 17938.0, "process_mem_share_percent": 36.503866503866504, "process_util_available": true, "process_util_backend": "nvml", "process_sm_util_percent": 24.0, "process_mem_util_percent": 2.0}
{"timestamp_unix": 1772436482.0718117, "pid": 75541, "device_index": 0, "gpu_uuid": "GPU-6f954bfd-7081-31b7-f15c-f9a174bf4d7f", "gpu_util_percent": 25.0, "gpu_mem_util_percent": 3.0, "gpu_mem_used_mib": 18436.0, "gpu_mem_total_mib": 49140.0, "gpu_power_w": 92.19, "process_present": true, "process_mem_mib": 17938.0, "process_mem_share_percent": 36.503866503866504, "process_util_available": true, "process_util_backend": "nvml", "process_sm_util_percent": 24.0, "process_mem_util_percent": 2.0}
{"timestamp_unix": 1772436482.3580537, "pid": 75541, "device_index": 0, "gpu_uuid": "GPU-6f954bfd-7081-31b7-f15c-f9a174bf4d7f", "gpu_util_percent": 25.0, "gpu_mem_util_percent": 3.0, "gpu_mem_used_mib": 18436.0, "gpu_mem_total_mib": 49140.0, "gpu_power_w": 92.21, "process_present": true, "process_mem_mib": 17938.0, "process_mem_share_percent": 36.503866503866504, "process_util_available": true, "process_util_backend": "nvml", "process_sm_util_percent": 25.0, "process_mem_util_percent": 2.0}
{"timestamp_unix": 1772436482.6491833, "pid": 75541, "device_index": 0, "gpu_uuid": "GPU-6f954bfd-7081-31b7-f15c-f9a174bf4d7f", "gpu_util_percent": 25.0, "gpu_mem_util_percent": 3.0, "gpu_mem_used_mib": 18436.0, "gpu_mem_total_mib": 49140.0, "gpu_power_w": 92.21, "process_present": true, "process_mem_mib": 17938.0, "process_mem_share_percent": 36.503866503866504, "process_util_available": true, "process_util_backend": "nvml", "process_sm_util_percent": 24.0, "process_mem_util_percent": 2.0}
{"timestamp_unix": 1772436482.9358733, "pid": 75541, "device_index": 0, "gpu_uuid": "GPU-6f954bfd-7081-31b7-f15c-f9a174bf4d7f", "gpu_util_percent": 25.0, "gpu_mem_util_percent": 3.0, "gpu_mem_used_mib": 18435.0, "gpu_mem_total_mib": 49140.0, "gpu_power_w": 92.18, "process_present": true, "process_mem_mib": 17938.0, "process_mem_share_percent": 36.503866503866504, "process_util_available": true, "process_util_backend": "nvml", "process_sm_util_percent": 23.0, "process_mem_util_percent": 2.0}
{"timestamp_unix": 1772436483.223945, "pid": 75541, "device_index": 0, "gpu_uuid": "GPU-6f954bfd-7081-31b7-f15c-f9a174bf4d7f", "gpu_util_percent": 25.0, "gpu_mem_util_percent": 3.0, "gpu_mem_used_mib": 18435.0, "gpu_mem_total_mib": 49140.0, "gpu_power_w": 92.18, "process_present": true, "process_mem_mib": 17938.0, "process_mem_share_percent": 36.503866503866504, "process_util_available": true, "process_util_backend": "nvml", "process_sm_util_percent": 24.0, "process_mem_util_percent": 2.0}
{"timestamp_unix": 1772436483.5144792, "pid": 75541, "device_index": 0, "gpu_uuid": "GPU-6f954bfd-7081-31b7-f15c-f9a174bf4d7f", "gpu_util_percent": 25.0, "gpu_mem_util_percent": 3.0, "gpu_mem_used_mib": 18435.0, "gpu_mem_total_mib": 49140.0, "gpu_power_w": 92.06, "process_present": true, "process_mem_mib": 17938.0, "process_mem_share_percent": 36.503866503866504, "process_util_available": true, "process_util_backend": "nvml", "process_sm_util_percent": 23.0, "process_mem_util_percent": 2.0}
{"timestamp_unix": 1772436483.8178735, "pid": 75541, "device_index": 0, "gpu_uuid": "GPU-6f954bfd-7081-31b7-f15c-f9a174bf4d7f", "gpu_util_percent": 13.0, "gpu_mem_util_percent": 1.0, "gpu_mem_used_mib": 18435.0, "gpu_mem_total_mib": 49140.0, "gpu_power_w": 91.24, "process_present": true, "process_mem_mib": 17938.0, "process_mem_share_percent": 36.503866503866504, "process_util_available": true, "process_util_backend": "nvml", "process_sm_util_percent": 20.0, "process_mem_util_percent": 2.0}
{"timestamp_unix": 1772436484.1268353, "pid": 75541, "device_index": 0, "gpu_uuid": "GPU-6f954bfd-7081-31b7-f15c-f9a174bf4d7f", "gpu_util_percent": 13.0, "gpu_mem_util_percent": 1.0, "gpu_mem_used_mib": 18435.0, "gpu_mem_total_mib": 49140.0, "gpu_power_w": 91.24, "process_present": true, "process_mem_mib": 17938.0, "process_mem_share_percent": 36.503866503866504, "process_util_available": true, "process_util_backend": "nvml", "process_sm_util_percent": null, "process_mem_util_percent": null}
{"timestamp_unix": 1772436484.4355717, "pid": 75541, "device_index": 0, "gpu_uuid": "GPU-6f954bfd-7081-31b7-f15c-f9a174bf4d7f", "gpu_util_percent": 13.0, "gpu_mem_util_percent": 1.0, "gpu_mem_used_mib": 18434.0, "gpu_mem_total_mib": 49140.0, "gpu_power_w": 91.08, "process_present": true, "process_mem_mib": 17938.0, "process_mem_share_percent": 36.503866503866504, "process_util_available": true, "process_util_backend": "nvml", "process_sm_util_percent": 11.0, "process_mem_util_percent": 1.0}
{"timestamp_unix": 1772436484.7251275, "pid": 75541, "device_index": 0, "gpu_uuid": "GPU-6f954bfd-7081-31b7-f15c-f9a174bf4d7f", "gpu_util_percent": 13.0, "gpu_mem_util_percent": 1.0, "gpu_mem_used_mib": 18434.0, "gpu_mem_total_mib": 49140.0, "gpu_power_w": 91.08, "process_present": true, "process_mem_mib": 17938.0, "process_mem_share_percent": 36.503866503866504, "process_util_available": true, "process_util_backend": "nvml", "process_sm_util_percent": null, "process_mem_util_percent": null}
{"timestamp_unix": 1772436485.0187347, "pid": 75541, "device_index": 0, "gpu_uuid": "GPU-6f954bfd-7081-31b7-f15c-f9a174bf4d7f", "gpu_util_percent": 22.0, "gpu_mem_util_percent": 3.0, "gpu_mem_used_mib": 18434.0, "gpu_mem_total_mib": 49140.0, "gpu_power_w": 91.12, "process_present": true, "process_mem_mib": 17938.0, "process_mem_share_percent": 36.503866503866504, "process_util_available": true, "process_util_backend": "nvml", "process_sm_util_percent": 22.0, "process_mem_util_percent": 3.0}
{"timestamp_unix": 1772436485.3081343, "pid": 75541, "device_index": 0, "gpu_uuid": "GPU-6f954bfd-7081-31b7-f15c-f9a174bf4d7f", "gpu_util_percent": 22.0, "gpu_mem_util_percent": 3.0, "gpu_mem_used_mib": 18433.0, "gpu_mem_total_mib": 49140.0, "gpu_power_w": 91.96, "process_present": true, "process_mem_mib": 17938.0, "process_mem_share_percent": 36.503866503866504, "process_util_available": true, "process_util_backend": "nvml", "process_sm_util_percent": 22.0, "process_mem_util_percent": 3.0}
{"timestamp_unix": 1772436485.6088464, "pid": 75541, "device_index": 0, "gpu_uuid": "GPU-6f954bfd-7081-31b7-f15c-f9a174bf4d7f", "gpu_util_percent": 22.0, "gpu_mem_util_percent": 3.0, "gpu_mem_used_mib": 18433.0, "gpu_mem_total_mib": 49140.0, "gpu_power_w": 91.96, "process_present": true, "process_mem_mib": 17938.0, "process_mem_share_percent": 36.503866503866504, "process_util_available": true, "process_util_backend": "nvml", "process_sm_util_percent": 22.0, "process_mem_util_percent": 3.0}
{"timestamp_unix": 1772436485.9021266, "pid": 75541, "device_index": 0, "gpu_uuid": "GPU-6f954bfd-7081-31b7-f15c-f9a174bf4d7f", "gpu_util_percent": 23.0, "gpu_mem_util_percent": 3.0, "gpu_mem_used_mib": 18433.0, "gpu_mem_total_mib": 49140.0, "gpu_power_w": 92.05, "process_present": true, "process_mem_mib": 17938.0, "process_mem_share_percent": 36.503866503866504, "process_util_available": true, "process_util_backend": "nvml", "process_sm_util_percent": 22.0, "process_mem_util_percent": 3.0}
{"timestamp_unix": 1772436486.1919947, "pid": 75541, "device_index": 0, "gpu_uuid": "GPU-6f954bfd-7081-31b7-f15c-f9a174bf4d7f", "gpu_util_percent": 23.0, "gpu_mem_util_percent": 3.0, "gpu_mem_used_mib": 18433.0, "gpu_mem_total_mib": 49140.0, "gpu_power_w": 92.05, "process_present": true, "process_mem_mib": 17938.0, "process_mem_share_percent": 36.503866503866504, "process_util_available": true, "process_util_backend": "nvml", "process_sm_util_percent": 22.0, "process_mem_util_percent": 3.0}
{"timestamp_unix": 1772436486.497865, "pid": 75541, "device_index": 0, "gpu_uuid": "GPU-6f954bfd-7081-31b7-f15c-f9a174bf4d7f", "gpu_util_percent": 23.0, "gpu_mem_util_percent": 3.0, "gpu_mem_used_mib": 18553.0, "gpu_mem_total_mib": 49140.0, "gpu_power_w": 92.28, "process_present": true, "process_mem_mib": 18298.0, "process_mem_share_percent": 37.236467236467234, "process_util_available": true, "process_util_backend": "nvml", "process_sm_util_percent": 22.0, "process_mem_util_percent": 3.0}
{"timestamp_unix": 1772436486.8006146, "pid": 75541, "device_index": 0, "gpu_uuid": "GPU-6f954bfd-7081-31b7-f15c-f9a174bf4d7f", "gpu_util_percent": 23.0, "gpu_mem_util_percent": 3.0, "gpu_mem_used_mib": 19817.0, "gpu_mem_total_mib": 49140.0, "gpu_power_w": 92.13, "process_present": true, "process_mem_mib": 19518.0, "process_mem_share_percent": 39.71916971916972, "process_util_available": true, "process_util_backend": "nvml", "process_sm_util_percent": 22.0, "process_mem_util_percent": 3.0}
{"timestamp_unix": 1772436487.1163566, "pid": 75541, "device_index": 0, "gpu_uuid": "GPU-6f954bfd-7081-31b7-f15c-f9a174bf4d7f", "gpu_util_percent": 23.0, "gpu_mem_util_percent": 3.0, "gpu_mem_used_mib": 21097.0, "gpu_mem_total_mib": 49140.0, "gpu_power_w": 92.13, "process_present": true, "process_mem_mib": 20818.0, "process_mem_share_percent": 42.36467236467236, "process_util_available": true, "process_util_backend": "nvml", "process_sm_util_percent": 22.0, "process_mem_util_percent": 3.0}
{"timestamp_unix": 1772436487.4084706, "pid": 75541, "device_index": 0, "gpu_uuid": "GPU-6f954bfd-7081-31b7-f15c-f9a174bf4d7f", "gpu_util_percent": 23.0, "gpu_mem_util_percent": 3.0, "gpu_mem_used_mib": 21557.0, "gpu_mem_total_mib": 49140.0, "gpu_power_w": 91.38, "process_present": true, "process_mem_mib": 21058.0, "process_mem_share_percent": 42.85307285307285, "process_util_available": true, "process_util_backend": "nvml", "process_sm_util_percent": null, "process_mem_util_percent": null}
{"timestamp_unix": 1772436487.700856, "pid": 75541, "device_index": 0, "gpu_uuid": "GPU-6f954bfd-7081-31b7-f15c-f9a174bf4d7f", "gpu_util_percent": 23.0, "gpu_mem_util_percent": 3.0, "gpu_mem_used_mib": 21617.0, "gpu_mem_total_mib": 49140.0, "gpu_power_w": 91.38, "process_present": true, "process_mem_mib": 21118.0, "process_mem_share_percent": 42.975172975172974, "process_util_available": true, "process_util_backend": "nvml", "process_sm_util_percent": 20.0, "process_mem_util_percent": 2.0}
{"timestamp_unix": 1772436487.991213, "pid": 75541, "device_index": 0, "gpu_uuid": "GPU-6f954bfd-7081-31b7-f15c-f9a174bf4d7f", "gpu_util_percent": 24.0, "gpu_mem_util_percent": 3.0, "gpu_mem_used_mib": 21617.0, "gpu_mem_total_mib": 49140.0, "gpu_power_w": 89.49, "process_present": true, "process_mem_mib": 21118.0, "process_mem_share_percent": 42.975172975172974, "process_util_available": true, "process_util_backend": "nvml", "process_sm_util_percent": 24.0, "process_mem_util_percent": 3.0}
{"timestamp_unix": 1772436488.2830343, "pid": 75541, "device_index": 0, "gpu_uuid": "GPU-6f954bfd-7081-31b7-f15c-f9a174bf4d7f", "gpu_util_percent": 24.0, "gpu_mem_util_percent": 3.0, "gpu_mem_used_mib": 21612.0, "gpu_mem_total_mib": 49140.0, "gpu_power_w": 90.26, "process_present": true, "process_mem_mib": 21118.0, "process_mem_share_percent": 42.975172975172974, "process_util_available": true, "process_util_backend": "nvml", "process_sm_util_percent": 24.0, "process_mem_util_percent": 3.0}
{"timestamp_unix": 1772436488.5746965, "pid": 75541, "device_index": 0, "gpu_uuid": "GPU-6f954bfd-7081-31b7-f15c-f9a174bf4d7f", "gpu_util_percent": 24.0, "gpu_mem_util_percent": 3.0, "gpu_mem_used_mib": 21612.0, "gpu_mem_total_mib": 49140.0, "gpu_power_w": 90.26, "process_present": true, "process_mem_mib": 21118.0, "process_mem_share_percent": 42.975172975172974, "process_util_available": true, "process_util_backend": "nvml", "process_sm_util_percent": 24.0, "process_mem_util_percent": 3.0}
{"timestamp_unix": 1772436488.8670442, "pid": 75541, "device_index": 0, "gpu_uuid": "GPU-6f954bfd-7081-31b7-f15c-f9a174bf4d7f", "gpu_util_percent": 25.0, "gpu_mem_util_percent": 3.0, "gpu_mem_used_mib": 21612.0, "gpu_mem_total_mib": 49140.0, "gpu_power_w": 92.74, "process_present": true, "process_mem_mib": 21118.0, "process_mem_share_percent": 42.975172975172974, "process_util_available": true, "process_util_backend": "nvml", "process_sm_util_percent": 24.0, "process_mem_util_percent": 3.0}
{"timestamp_unix": 1772436489.166732, "pid": 75541, "device_index": 0, "gpu_uuid": "GPU-6f954bfd-7081-31b7-f15c-f9a174bf4d7f", "gpu_util_percent": 25.0, "gpu_mem_util_percent": 3.0, "gpu_mem_used_mib": 21610.0, "gpu_mem_total_mib": 49140.0, "gpu_power_w": 92.74, "process_present": true, "process_mem_mib": 21118.0, "process_mem_share_percent": 42.975172975172974, "process_util_available": true, "process_util_backend": "nvml", "process_sm_util_percent": 24.0, "process_mem_util_percent": 3.0}
{"timestamp_unix": 1772436489.4655206, "pid": 75541, "device_index": 0, "gpu_uuid": "GPU-6f954bfd-7081-31b7-f15c-f9a174bf4d7f", "gpu_util_percent": 25.0, "gpu_mem_util_percent": 3.0, "gpu_mem_used_mib": 21610.0, "gpu_mem_total_mib": 49140.0, "gpu_power_w": 92.72, "process_present": true, "process_mem_mib": 21118.0, "process_mem_share_percent": 42.975172975172974, "process_util_available": true, "process_util_backend": "nvml", "process_sm_util_percent": 24.0, "process_mem_util_percent": 3.0}
{"timestamp_unix": 1772436489.7547302, "pid": 75541, "device_index": 0, "gpu_uuid": "GPU-6f954bfd-7081-31b7-f15c-f9a174bf4d7f", "gpu_util_percent": 25.0, "gpu_mem_util_percent": 3.0, "gpu_mem_used_mib": 21610.0, "gpu_mem_total_mib": 49140.0, "gpu_power_w": 92.72, "process_present": true, "process_mem_mib": 21118.0, "process_mem_share_percent": 42.975172975172974, "process_util_available": true, "process_util_backend": "nvml", "process_sm_util_percent": 24.0, "process_mem_util_percent": 3.0}
{"timestamp_unix": 1772436490.0417206, "pid": 75541, "device_index": 0, "gpu_uuid": "GPU-6f954bfd-7081-31b7-f15c-f9a174bf4d7f", "gpu_util_percent": 25.0, "gpu_mem_util_percent": 3.0, "gpu_mem_used_mib": 21610.0, "gpu_mem_total_mib": 49140.0, "gpu_power_w": 92.76, "process_present": true, "process_mem_mib": 21118.0, "process_mem_share_percent": 42.975172975172974, "process_util_available": true, "process_util_backend": "nvml", "process_sm_util_percent": 24.0, "process_mem_util_percent": 3.0}
{"timestamp_unix": 1772436490.3333528, "pid": 75541, "device_index": 0, "gpu_uuid": "GPU-6f954bfd-7081-31b7-f15c-f9a174bf4d7f", "gpu_util_percent": 25.0, "gpu_mem_util_percent": 3.0, "gpu_mem_used_mib": 21610.0, "gpu_mem_total_mib": 49140.0, "gpu_power_w": 92.59, "process_present": true, "process_mem_mib": 21118.0, "process_mem_share_percent": 42.975172975172974, "process_util_available": true, "process_util_backend": "nvml", "process_sm_util_percent": 24.0, "process_mem_util_percent": 2.0}
{"timestamp_unix": 1772436490.6218572, "pid": 75541, "device_index": 0, "gpu_uuid": "GPU-6f954bfd-7081-31b7-f15c-f9a174bf4d7f", "gpu_util_percent": 25.0, "gpu_mem_util_percent": 3.0, "gpu_mem_used_mib": 21610.0, "gpu_mem_total_mib": 49140.0, "gpu_power_w": 92.59, "process_present": true, "process_mem_mib": 21118.0, "process_mem_share_percent": 42.975172975172974, "process_util_available": true, "process_util_backend": "nvml", "process_sm_util_percent": 24.0, "process_mem_util_percent": 3.0}
{"timestamp_unix": 1772436490.9112265, "pid": 75541, "device_index": 0, "gpu_uuid": "GPU-6f954bfd-7081-31b7-f15c-f9a174bf4d7f", "gpu_util_percent": 26.0, "gpu_mem_util_percent": 3.0, "gpu_mem_used_mib": 21610.0, "gpu_mem_total_mib": 49140.0, "gpu_power_w": 92.49, "process_present": true, "process_mem_mib": 21118.0, "process_mem_share_percent": 42.975172975172974, "process_util_available": true, "process_util_backend": "nvml", "process_sm_util_percent": 26.0, "process_mem_util_percent": 3.0}
{"timestamp_unix": 1772436491.201583, "pid": 75541, "device_index": 0, "gpu_uuid": "GPU-6f954bfd-7081-31b7-f15c-f9a174bf4d7f", "gpu_util_percent": 26.0, "gpu_mem_util_percent": 3.0, "gpu_mem_used_mib": 21610.0, "gpu_mem_total_mib": 49140.0, "gpu_power_w": 92.49, "process_present": true, "process_mem_mib": 21118.0, "process_mem_share_percent": 42.975172975172974, "process_util_available": true, "process_util_backend": "nvml", "process_sm_util_percent": 25.0, "process_mem_util_percent": 2.0}
{"timestamp_unix": 1772436491.4911366, "pid": 75541, "device_index": 0, "gpu_uuid": "GPU-6f954bfd-7081-31b7-f15c-f9a174bf4d7f", "gpu_util_percent": 26.0, "gpu_mem_util_percent": 3.0, "gpu_mem_used_mib": 21610.0, "gpu_mem_total_mib": 49140.0, "gpu_power_w": 92.52, "process_present": true, "process_mem_mib": 21118.0, "process_mem_share_percent": 42.975172975172974, "process_util_available": true, "process_util_backend": "nvml", "process_sm_util_percent": 24.0, "process_mem_util_percent": 3.0}
{"timestamp_unix": 1772436491.7966323, "pid": 75541, "device_index": 0, "gpu_uuid": "GPU-6f954bfd-7081-31b7-f15c-f9a174bf4d7f", "gpu_util_percent": 28.0, "gpu_mem_util_percent": 3.0, "gpu_mem_used_mib": 21606.0, "gpu_mem_total_mib": 49140.0, "gpu_power_w": 92.47, "process_present": true, "process_mem_mib": 21118.0, "process_mem_share_percent": 42.975172975172974, "process_util_available": true, "process_util_backend": "nvml", "process_sm_util_percent": 24.0, "process_mem_util_percent": 2.0}
{"timestamp_unix": 1772436492.1125765, "pid": 75541, "device_index": 0, "gpu_uuid": "GPU-6f954bfd-7081-31b7-f15c-f9a174bf4d7f", "gpu_util_percent": 28.0, "gpu_mem_util_percent": 3.0, "gpu_mem_used_mib": 21606.0, "gpu_mem_total_mib": 49140.0, "gpu_power_w": 92.47, "process_present": true, "process_mem_mib": 21118.0, "process_mem_share_percent": 42.975172975172974, "process_util_available": true, "process_util_backend": "nvml", "process_sm_util_percent": 23.0, "process_mem_util_percent": 3.0}
{"timestamp_unix": 1772436492.4026487, "pid": 75541, "device_index": 0, "gpu_uuid": "GPU-6f954bfd-7081-31b7-f15c-f9a174bf4d7f", "gpu_util_percent": 28.0, "gpu_mem_util_percent": 3.0, "gpu_mem_used_mib": 21606.0, "gpu_mem_total_mib": 49140.0, "gpu_power_w": 92.53, "process_present": true, "process_mem_mib": 21118.0, "process_mem_share_percent": 42.975172975172974, "process_util_available": true, "process_util_backend": "nvml", "process_sm_util_percent": 12.0, "process_mem_util_percent": 1.0}
{"timestamp_unix": 1772436492.6921942, "pid": 75541, "device_index": 0, "gpu_uuid": "GPU-6f954bfd-7081-31b7-f15c-f9a174bf4d7f", "gpu_util_percent": 28.0, "gpu_mem_util_percent": 3.0, "gpu_mem_used_mib": 21606.0, "gpu_mem_total_mib": 49140.0, "gpu_power_w": 92.53, "process_present": true, "process_mem_mib": 21118.0, "process_mem_share_percent": 42.975172975172974, "process_util_available": true, "process_util_backend": "nvml", "process_sm_util_percent": 17.0, "process_mem_util_percent": 2.0}
{"timestamp_unix": 1772436492.9842763, "pid": 75541, "device_index": 0, "gpu_uuid": "GPU-6f954bfd-7081-31b7-f15c-f9a174bf4d7f", "gpu_util_percent": 22.0, "gpu_mem_util_percent": 4.0, "gpu_mem_used_mib": 21606.0, "gpu_mem_total_mib": 49140.0, "gpu_power_w": 91.62, "process_present": true, "process_mem_mib": 21118.0, "process_mem_share_percent": 42.975172975172974, "process_util_available": true, "process_util_backend": "nvml", "process_sm_util_percent": 20.0, "process_mem_util_percent": 3.0}
{"timestamp_unix": 1772436493.2721026, "pid": 75541, "device_index": 0, "gpu_uuid": "GPU-6f954bfd-7081-31b7-f15c-f9a174bf4d7f", "gpu_util_percent": 22.0, "gpu_mem_util_percent": 4.0, "gpu_mem_used_mib": 21606.0, "gpu_mem_total_mib": 49140.0, "gpu_power_w": 91.62, "process_present": true, "process_mem_mib": 21118.0, "process_mem_share_percent": 42.975172975172974, "process_util_available": true, "process_util_backend": "nvml", "process_sm_util_percent": 21.0, "process_mem_util_percent": 3.0}
{"timestamp_unix": 1772436493.5666335, "pid": 75541, "device_index": 0, "gpu_uuid": "GPU-6f954bfd-7081-31b7-f15c-f9a174bf4d7f", "gpu_util_percent": 22.0, "gpu_mem_util_percent": 4.0, "gpu_mem_used_mib": 21606.0, "gpu_mem_total_mib": 49140.0, "gpu_power_w": 91.61, "process_present": true, "process_mem_mib": 21118.0, "process_mem_share_percent": 42.975172975172974, "process_util_available": true, "process_util_backend": "nvml", "process_sm_util_percent": 22.0, "process_mem_util_percent": 3.0}
{"timestamp_unix": 1772436493.8557894, "pid": 75541, "device_index": 0, "gpu_uuid": "GPU-6f954bfd-7081-31b7-f15c-f9a174bf4d7f", "gpu_util_percent": 25.0, "gpu_mem_util_percent": 4.0, "gpu_mem_used_mib": 21606.0, "gpu_mem_total_mib": 49140.0, "gpu_power_w": 92.63, "process_present": true, "process_mem_mib": 21118.0, "process_mem_share_percent": 42.975172975172974, "process_util_available": true, "process_util_backend": "nvml", "process_sm_util_percent": 23.0, "process_mem_util_percent": 3.0}
{"timestamp_unix": 1772436494.150495, "pid": 75541, "device_index": 0, "gpu_uuid": "GPU-6f954bfd-7081-31b7-f15c-f9a174bf4d7f", "gpu_util_percent": 25.0, "gpu_mem_util_percent": 4.0, "gpu_mem_used_mib": 21606.0, "gpu_mem_total_mib": 49140.0, "gpu_power_w": 92.63, "process_present": true, "process_mem_mib": 21118.0, "process_mem_share_percent": 42.975172975172974, "process_util_available": true, "process_util_backend": "nvml", "process_sm_util_percent": 24.0, "process_mem_util_percent": 3.0}
{"timestamp_unix": 1772436494.4507847, "pid": 75541, "device_index": 0, "gpu_uuid": "GPU-6f954bfd-7081-31b7-f15c-f9a174bf4d7f", "gpu_util_percent": 25.0, "gpu_mem_util_percent": 4.0, "gpu_mem_used_mib": 21606.0, "gpu_mem_total_mib": 49140.0, "gpu_power_w": 92.78, "process_present": true, "process_mem_mib": 21118.0, "process_mem_share_percent": 42.975172975172974, "process_util_available": true, "process_util_backend": "nvml", "process_sm_util_percent": 24.0, "process_mem_util_percent": 3.0}
{"timestamp_unix": 1772436494.753693, "pid": 75541, "device_index": 0, "gpu_uuid": "GPU-6f954bfd-7081-31b7-f15c-f9a174bf4d7f", "gpu_util_percent": 25.0, "gpu_mem_util_percent": 4.0, "gpu_mem_used_mib": 21606.0, "gpu_mem_total_mib": 49140.0, "gpu_power_w": 92.78, "process_present": true, "process_mem_mib": 21118.0, "process_mem_share_percent": 42.975172975172974, "process_util_available": true, "process_util_backend": "nvml", "process_sm_util_percent": 24.0, "process_mem_util_percent": 3.0}
{"timestamp_unix": 1772436495.042917, "pid": 75541, "device_index": 0, "gpu_uuid": "GPU-6f954bfd-7081-31b7-f15c-f9a174bf4d7f", "gpu_util_percent": 25.0, "gpu_mem_util_percent": 4.0, "gpu_mem_used_mib": 21606.0, "gpu_mem_total_mib": 49140.0, "gpu_power_w": 92.95, "process_present": true, "process_mem_mib": 21118.0, "process_mem_share_percent": 42.975172975172974, "process_util_available": true, "process_util_backend": "nvml", "process_sm_util_percent": 24.0, "process_mem_util_percent": 3.0}
{"timestamp_unix": 1772436495.3349588, "pid": 75541, "device_index": 0, "gpu_uuid": "GPU-6f954bfd-7081-31b7-f15c-f9a174bf4d7f", "gpu_util_percent": 25.0, "gpu_mem_util_percent": 4.0, "gpu_mem_used_mib": 22546.0, "gpu_mem_total_mib": 49140.0, "gpu_power_w": 92.94, "process_present": true, "process_mem_mib": 22278.0, "process_mem_share_percent": 45.33577533577534, "process_util_available": true, "process_util_backend": "nvml", "process_sm_util_percent": 24.0, "process_mem_util_percent": 3.0}
{"timestamp_unix": 1772436495.626233, "pid": 75541, "device_index": 0, "gpu_uuid": "GPU-6f954bfd-7081-31b7-f15c-f9a174bf4d7f", "gpu_util_percent": 25.0, "gpu_mem_util_percent": 4.0, "gpu_mem_used_mib": 24086.0, "gpu_mem_total_mib": 49140.0, "gpu_power_w": 92.94, "process_present": true, "process_mem_mib": 23838.0, "process_mem_share_percent": 48.51037851037851, "process_util_available": true, "process_util_backend": "nvml", "process_sm_util_percent": 23.0, "process_mem_util_percent": 3.0}
{"timestamp_unix": 1772436495.9194572, "pid": 75541, "device_index": 0, "gpu_uuid": "GPU-6f954bfd-7081-31b7-f15c-f9a174bf4d7f", "gpu_util_percent": 25.0, "gpu_mem_util_percent": 4.0, "gpu_mem_used_mib": 25686.0, "gpu_mem_total_mib": 49140.0, "gpu_power_w": 92.38, "process_present": true, "process_mem_mib": 25418.0, "process_mem_share_percent": 51.725681725681724, "process_util_available": true, "process_util_backend": "nvml", "process_sm_util_percent": 24.0, "process_mem_util_percent": 3.0}
{"timestamp_unix": 1772436496.2107568, "pid": 75541, "device_index": 0, "gpu_uuid": "GPU-6f954bfd-7081-31b7-f15c-f9a174bf4d7f", "gpu_util_percent": 25.0, "gpu_mem_util_percent": 4.0, "gpu_mem_used_mib": 26166.0, "gpu_mem_total_mib": 49140.0, "gpu_power_w": 92.38, "process_present": true, "process_mem_mib": 25678.0, "process_mem_share_percent": 52.25478225478225, "process_util_available": true, "process_util_backend": "nvml", "process_sm_util_percent": null, "process_mem_util_percent": null}
{"timestamp_unix": 1772436496.5038052, "pid": 75541, "device_index": 0, "gpu_uuid": "GPU-6f954bfd-7081-31b7-f15c-f9a174bf4d7f", "gpu_util_percent": 25.0, "gpu_mem_util_percent": 4.0, "gpu_mem_used_mib": 26186.0, "gpu_mem_total_mib": 49140.0, "gpu_power_w": 90.03, "process_present": true, "process_mem_mib": 25698.0, "process_mem_share_percent": 52.2954822954823, "process_util_available": true, "process_util_backend": "nvml", "process_sm_util_percent": 21.0, "process_mem_util_percent": 2.0}
{"timestamp_unix": 1772436496.8103468, "pid": 75541, "device_index": 0, "gpu_uuid": "GPU-6f954bfd-7081-31b7-f15c-f9a174bf4d7f", "gpu_util_percent": 29.0, "gpu_mem_util_percent": 4.0, "gpu_mem_used_mib": 26186.0, "gpu_mem_total_mib": 49140.0, "gpu_power_w": 89.95, "process_present": true, "process_mem_mib": 25698.0, "process_mem_share_percent": 52.2954822954823, "process_util_available": true, "process_util_backend": "nvml", "process_sm_util_percent": 26.0, "process_mem_util_percent": 3.0}
{"timestamp_unix": 1772436497.129446, "pid": 75541, "device_index": 0, "gpu_uuid": "GPU-6f954bfd-7081-31b7-f15c-f9a174bf4d7f", "gpu_util_percent": 29.0, "gpu_mem_util_percent": 4.0, "gpu_mem_used_mib": 26189.0, "gpu_mem_total_mib": 49140.0, "gpu_power_w": 89.95, "process_present": true, "process_mem_mib": 25698.0, "process_mem_share_percent": 52.2954822954823, "process_util_available": true, "process_util_backend": "nvml", "process_sm_util_percent": 28.0, "process_mem_util_percent": 3.0}
{"timestamp_unix": 1772436497.4322832, "pid": 75541, "device_index": 0, "gpu_uuid": "GPU-6f954bfd-7081-31b7-f15c-f9a174bf4d7f", "gpu_util_percent": 29.0, "gpu_mem_util_percent": 4.0, "gpu_mem_used_mib": 26189.0, "gpu_mem_total_mib": 49140.0, "gpu_power_w": 91.61, "process_present": true, "process_mem_mib": 25698.0, "process_mem_share_percent": 52.2954822954823, "process_util_available": true, "process_util_backend": "nvml", "process_sm_util_percent": 26.0, "process_mem_util_percent": 3.0}
{"timestamp_unix": 1772436497.7334907, "pid": 75541, "device_index": 0, "gpu_uuid": "GPU-6f954bfd-7081-31b7-f15c-f9a174bf4d7f", "gpu_util_percent": 29.0, "gpu_mem_util_percent": 4.0, "gpu_mem_used_mib": 26189.0, "gpu_mem_total_mib": 49140.0, "gpu_power_w": 91.61, "process_present": true, "process_mem_mib": 25698.0, "process_mem_share_percent": 52.2954822954823, "process_util_available": true, "process_util_backend": "nvml", "process_sm_util_percent": 26.0, "process_mem_util_percent": 3.0}
{"timestamp_unix": 1772436498.0256004, "pid": 75541, "device_index": 0, "gpu_uuid": "GPU-6f954bfd-7081-31b7-f15c-f9a174bf4d7f", "gpu_util_percent": 27.0, "gpu_mem_util_percent": 4.0, "gpu_mem_used_mib": 26189.0, "gpu_mem_total_mib": 49140.0, "gpu_power_w": 93.48, "process_present": true, "process_mem_mib": 25698.0, "process_mem_share_percent": 52.2954822954823, "process_util_available": true, "process_util_backend": "nvml", "process_sm_util_percent": 26.0, "process_mem_util_percent": 3.0}
{"timestamp_unix": 1772436498.3166776, "pid": 75541, "device_index": 0, "gpu_uuid": "GPU-6f954bfd-7081-31b7-f15c-f9a174bf4d7f", "gpu_util_percent": 27.0, "gpu_mem_util_percent": 4.0, "gpu_mem_used_mib": 26195.0, "gpu_mem_total_mib": 49140.0, "gpu_power_w": 93.64, "process_present": true, "process_mem_mib": 25698.0, "process_mem_share_percent": 52.2954822954823, "process_util_available": true, "process_util_backend": "nvml", "process_sm_util_percent": null, "process_mem_util_percent": null}
{"timestamp_unix": 1772436498.6100028, "pid": 75541, "device_index": 0, "gpu_uuid": "GPU-6f954bfd-7081-31b7-f15c-f9a174bf4d7f", "gpu_util_percent": 27.0, "gpu_mem_util_percent": 4.0, "gpu_mem_used_mib": 26195.0, "gpu_mem_total_mib": 49140.0, "gpu_power_w": 93.64, "process_present": true, "process_mem_mib": 25698.0, "process_mem_share_percent": 52.2954822954823, "process_util_available": true, "process_util_backend": "nvml", "process_sm_util_percent": 13.0, "process_mem_util_percent": 1.0}
{"timestamp_unix": 1772436498.900525, "pid": 75541, "device_index": 0, "gpu_uuid": "GPU-6f954bfd-7081-31b7-f15c-f9a174bf4d7f", "gpu_util_percent": 27.0, "gpu_mem_util_percent": 3.0, "gpu_mem_used_mib": 26195.0, "gpu_mem_total_mib": 49140.0, "gpu_power_w": 93.51, "process_present": true, "process_mem_mib": 25698.0, "process_mem_share_percent": 52.2954822954823, "process_util_available": true, "process_util_backend": "nvml", "process_sm_util_percent": 25.0, "process_mem_util_percent": 3.0}
{"timestamp_unix": 1772436499.1911178, "pid": 75541, "device_index": 0, "gpu_uuid": "GPU-6f954bfd-7081-31b7-f15c-f9a174bf4d7f", "gpu_util_percent": 27.0, "gpu_mem_util_percent": 3.0, "gpu_mem_used_mib": 26195.0, "gpu_mem_total_mib": 49140.0, "gpu_power_w": 93.51, "process_present": true, "process_mem_mib": 25698.0, "process_mem_share_percent": 52.2954822954823, "process_util_available": true, "process_util_backend": "nvml", "process_sm_util_percent": 26.0, "process_mem_util_percent": 3.0}
{"timestamp_unix": 1772436499.4823723, "pid": 75541, "device_index": 0, "gpu_uuid": "GPU-6f954bfd-7081-31b7-f15c-f9a174bf4d7f", "gpu_util_percent": 27.0, "gpu_mem_util_percent": 3.0, "gpu_mem_used_mib": 26195.0, "gpu_mem_total_mib": 49140.0, "gpu_power_w": 93.26, "process_present": true, "process_mem_mib": 25698.0, "process_mem_share_percent": 52.2954822954823, "process_util_available": true, "process_util_backend": "nvml", "process_sm_util_percent": 25.0, "process_mem_util_percent": 3.0}
{"timestamp_unix": 1772436499.7835636, "pid": 75541, "device_index": 0, "gpu_uuid": "GPU-6f954bfd-7081-31b7-f15c-f9a174bf4d7f", "gpu_util_percent": 27.0, "gpu_mem_util_percent": 3.0, "gpu_mem_used_mib": 26195.0, "gpu_mem_total_mib": 49140.0, "gpu_power_w": 93.26, "process_present": true, "process_mem_mib": 25698.0, "process_mem_share_percent": 52.2954822954823, "process_util_available": true, "process_util_backend": "nvml", "process_sm_util_percent": 25.0, "process_mem_util_percent": 3.0}
{"timestamp_unix": 1772436500.0846152, "pid": 75541, "device_index": 0, "gpu_uuid": "GPU-6f954bfd-7081-31b7-f15c-f9a174bf4d7f", "gpu_util_percent": 26.0, "gpu_mem_util_percent": 3.0, "gpu_mem_used_mib": 26195.0, "gpu_mem_total_mib": 49140.0, "gpu_power_w": 93.2, "process_present": true, "process_mem_mib": 25698.0, "process_mem_share_percent": 52.2954822954823, "process_util_available": true, "process_util_backend": "nvml", "process_sm_util_percent": null, "process_mem_util_percent": null}
{"timestamp_unix": 1772436500.3843286, "pid": 75541, "device_index": 0, "gpu_uuid": "GPU-6f954bfd-7081-31b7-f15c-f9a174bf4d7f", "gpu_util_percent": 26.0, "gpu_mem_util_percent": 3.0, "gpu_mem_used_mib": 26196.0, "gpu_mem_total_mib": 49140.0, "gpu_power_w": 93.05, "process_present": true, "process_mem_mib": 25698.0, "process_mem_share_percent": 52.2954822954823, "process_util_available": true, "process_util_backend": "nvml", "process_sm_util_percent": 13.0, "process_mem_util_percent": 1.0}
{"timestamp_unix": 1772436500.6720083, "pid": 75541, "device_index": 0, "gpu_uuid": "GPU-6f954bfd-7081-31b7-f15c-f9a174bf4d7f", "gpu_util_percent": 26.0, "gpu_mem_util_percent": 3.0, "gpu_mem_used_mib": 26196.0, "gpu_mem_total_mib": 49140.0, "gpu_power_w": 93.05, "process_present": true, "process_mem_mib": 25698.0, "process_mem_share_percent": 52.2954822954823, "process_util_available": true, "process_util_backend": "nvml", "process_sm_util_percent": 23.0, "process_mem_util_percent": 3.0}
{"timestamp_unix": 1772436500.9626584, "pid": 75541, "device_index": 0, "gpu_uuid": "GPU-6f954bfd-7081-31b7-f15c-f9a174bf4d7f", "gpu_util_percent": 24.0, "gpu_mem_util_percent": 3.0, "gpu_mem_used_mib": 26196.0, "gpu_mem_total_mib": 49140.0, "gpu_power_w": 92.94, "process_present": true, "process_mem_mib": 25698.0, "process_mem_share_percent": 52.2954822954823, "process_util_available": true, "process_util_backend": "nvml", "process_sm_util_percent": 24.0, "process_mem_util_percent": 3.0}
{"timestamp_unix": 1772436501.255446, "pid": 75541, "device_index": 0, "gpu_uuid": "GPU-6f954bfd-7081-31b7-f15c-f9a174bf4d7f", "gpu_util_percent": 24.0, "gpu_mem_util_percent": 3.0, "gpu_mem_used_mib": 26195.0, "gpu_mem_total_mib": 49140.0, "gpu_power_w": 92.94, "process_present": true, "process_mem_mib": 25698.0, "process_mem_share_percent": 52.2954822954823, "process_util_available": true, "process_util_backend": "nvml", "process_sm_util_percent": 13.0, "process_mem_util_percent": 1.0}
{"timestamp_unix": 1772436501.5503278, "pid": 75541, "device_index": 0, "gpu_uuid": "GPU-6f954bfd-7081-31b7-f15c-f9a174bf4d7f", "gpu_util_percent": 24.0, "gpu_mem_util_percent": 3.0, "gpu_mem_used_mib": 26195.0, "gpu_mem_total_mib": 49140.0, "gpu_power_w": 92.4, "process_present": true, "process_mem_mib": 25698.0, "process_mem_share_percent": 52.2954822954823, "process_util_available": true, "process_util_backend": "nvml", "process_sm_util_percent": null, "process_mem_util_percent": null}
{"timestamp_unix": 1772436501.8428519, "pid": 75541, "device_index": 0, "gpu_uuid": "GPU-6f954bfd-7081-31b7-f15c-f9a174bf4d7f", "gpu_util_percent": 23.0, "gpu_mem_util_percent": 3.0, "gpu_mem_used_mib": 26199.0, "gpu_mem_total_mib": 49140.0, "gpu_power_w": 91.54, "process_present": true, "process_mem_mib": 25698.0, "process_mem_share_percent": 52.2954822954823, "process_util_available": true, "process_util_backend": "nvml", "process_sm_util_percent": 23.0, "process_mem_util_percent": 3.0}
{"timestamp_unix": 1772436502.1334589, "pid": 75541, "device_index": 0, "gpu_uuid": "GPU-6f954bfd-7081-31b7-f15c-f9a174bf4d7f", "gpu_util_percent": 23.0, "gpu_mem_util_percent": 3.0, "gpu_mem_used_mib": 26199.0, "gpu_mem_total_mib": 49140.0, "gpu_power_w": 91.54, "process_present": true, "process_mem_mib": 25698.0, "process_mem_share_percent": 52.2954822954823, "process_util_available": true, "process_util_backend": "nvml", "process_sm_util_percent": 22.0, "process_mem_util_percent": 3.0}
{"timestamp_unix": 1772436502.4268334, "pid": 75541, "device_index": 0, "gpu_uuid": "GPU-6f954bfd-7081-31b7-f15c-f9a174bf4d7f", "gpu_util_percent": 23.0, "gpu_mem_util_percent": 3.0, "gpu_mem_used_mib": 26199.0, "gpu_mem_total_mib": 49140.0, "gpu_power_w": 91.47, "process_present": true, "process_mem_mib": 25698.0, "process_mem_share_percent": 52.2954822954823, "process_util_available": true, "process_util_backend": "nvml", "process_sm_util_percent": 22.0, "process_mem_util_percent": 3.0}
{"timestamp_unix": 1772436502.73353, "pid": 75541, "device_index": 0, "gpu_uuid": "GPU-6f954bfd-7081-31b7-f15c-f9a174bf4d7f", "gpu_util_percent": 23.0, "gpu_mem_util_percent": 3.0, "gpu_mem_used_mib": 26199.0, "gpu_mem_total_mib": 49140.0, "gpu_power_w": 91.47, "process_present": true, "process_mem_mib": 25698.0, "process_mem_share_percent": 52.2954822954823, "process_util_available": true, "process_util_backend": "nvml", "process_sm_util_percent": 22.0, "process_mem_util_percent": 3.0}
{"timestamp_unix": 1772436503.0338464, "pid": 75541, "device_index": 0, "gpu_uuid": "GPU-6f954bfd-7081-31b7-f15c-f9a174bf4d7f", "gpu_util_percent": 22.0, "gpu_mem_util_percent": 4.0, "gpu_mem_used_mib": 26198.0, "gpu_mem_total_mib": 49140.0, "gpu_power_w": 92.57, "process_present": true, "process_mem_mib": 25698.0, "process_mem_share_percent": 52.2954822954823, "process_util_available": true, "process_util_backend": "nvml", "process_sm_util_percent": 23.0, "process_mem_util_percent": 3.0}
{"timestamp_unix": 1772436503.3334203, "pid": 75541, "device_index": 0, "gpu_uuid": "GPU-6f954bfd-7081-31b7-f15c-f9a174bf4d7f", "gpu_util_percent": 22.0, "gpu_mem_util_percent": 4.0, "gpu_mem_used_mib": 26198.0, "gpu_mem_total_mib": 49140.0, "gpu_power_w": 92.7, "process_present": true, "process_mem_mib": 25698.0, "process_mem_share_percent": 52.2954822954823, "process_util_available": true, "process_util_backend": "nvml", "process_sm_util_percent": 22.0, "process_mem_util_percent": 3.0}
{"timestamp_unix": 1772436503.6256356, "pid": 75541, "device_index": 0, "gpu_uuid": "GPU-6f954bfd-7081-31b7-f15c-f9a174bf4d7f", "gpu_util_percent": 22.0, "gpu_mem_util_percent": 4.0, "gpu_mem_used_mib": 26198.0, "gpu_mem_total_mib": 49140.0, "gpu_power_w": 92.7, "process_present": true, "process_mem_mib": 25698.0, "process_mem_share_percent": 52.2954822954823, "process_util_available": true, "process_util_backend": "nvml", "process_sm_util_percent": 22.0, "process_mem_util_percent": 3.0}
{"timestamp_unix": 1772436503.9178338, "pid": 75541, "device_index": 0, "gpu_uuid": "GPU-6f954bfd-7081-31b7-f15c-f9a174bf4d7f", "gpu_util_percent": 23.0, "gpu_mem_util_percent": 4.0, "gpu_mem_used_mib": 26198.0, "gpu_mem_total_mib": 49140.0, "gpu_power_w": 92.83, "process_present": true, "process_mem_mib": 25698.0, "process_mem_share_percent": 52.2954822954823, "process_util_available": true, "process_util_backend": "nvml", "process_sm_util_percent": 23.0, "process_mem_util_percent": 3.0}
{"timestamp_unix": 1772436504.2076585, "pid": 75541, "device_index": 0, "gpu_uuid": "GPU-6f954bfd-7081-31b7-f15c-f9a174bf4d7f", "gpu_util_percent": 23.0, "gpu_mem_util_percent": 4.0, "gpu_mem_used_mib": 26198.0, "gpu_mem_total_mib": 49140.0, "gpu_power_w": 92.83, "process_present": true, "process_mem_mib": 25698.0, "process_mem_share_percent": 52.2954822954823, "process_util_available": true, "process_util_backend": "nvml", "process_sm_util_percent": 22.0, "process_mem_util_percent": 3.0}
{"timestamp_unix": 1772436504.5006118, "pid": 75541, "device_index": 0, "gpu_uuid": "GPU-6f954bfd-7081-31b7-f15c-f9a174bf4d7f", "gpu_util_percent": 23.0, "gpu_mem_util_percent": 4.0, "gpu_mem_used_mib": 27858.0, "gpu_mem_total_mib": 49140.0, "gpu_power_w": 92.96, "process_present": true, "process_mem_mib": 27658.0, "process_mem_share_percent": 56.284086284086285, "process_util_available": true, "process_util_backend": "nvml", "process_sm_util_percent": 22.0, "process_mem_util_percent": 3.0}
{"timestamp_unix": 1772436504.7912536, "pid": 75541, "device_index": 0, "gpu_uuid": "GPU-6f954bfd-7081-31b7-f15c-f9a174bf4d7f", "gpu_util_percent": 22.0, "gpu_mem_util_percent": 4.0, "gpu_mem_used_mib": 29998.0, "gpu_mem_total_mib": 49140.0, "gpu_power_w": 92.43, "process_present": true, "process_mem_mib": 29798.0, "process_mem_share_percent": 60.63899063899064, "process_util_available": true, "process_util_backend": "nvml", "process_sm_util_percent": 21.0, "process_mem_util_percent": 3.0}
{"timestamp_unix": 1772436505.0856333, "pid": 75541, "device_index": 0, "gpu_uuid": "GPU-6f954bfd-7081-31b7-f15c-f9a174bf4d7f", "gpu_util_percent": 22.0, "gpu_mem_util_percent": 4.0, "gpu_mem_used_mib": 30373.0, "gpu_mem_total_mib": 49140.0, "gpu_power_w": 92.43, "process_present": true, "process_mem_mib": 29878.0, "process_mem_share_percent": 60.8017908017908, "process_util_available": true, "process_util_backend": "nvml", "process_sm_util_percent": null, "process_mem_util_percent": null}
{"timestamp_unix": 1772436505.387278, "pid": 75541, "device_index": 0, "gpu_uuid": "GPU-6f954bfd-7081-31b7-f15c-f9a174bf4d7f", "gpu_util_percent": 22.0, "gpu_mem_util_percent": 4.0, "gpu_mem_used_mib": 30393.0, "gpu_mem_total_mib": 49140.0, "gpu_power_w": 89.64, "process_present": true, "process_mem_mib": 29898.0, "process_mem_share_percent": 60.84249084249084, "process_util_available": true, "process_util_backend": "nvml", "process_sm_util_percent": 21.0, "process_mem_util_percent": 2.0}
{"timestamp_unix": 1772436505.6953113, "pid": 75541, "device_index": 0, "gpu_uuid": "GPU-6f954bfd-7081-31b7-f15c-f9a174bf4d7f", "gpu_util_percent": 22.0, "gpu_mem_util_percent": 4.0, "gpu_mem_used_mib": 30393.0, "gpu_mem_total_mib": 49140.0, "gpu_power_w": 89.64, "process_present": true, "process_mem_mib": 29898.0, "process_mem_share_percent": 60.84249084249084, "process_util_available": true, "process_util_backend": "nvml", "process_sm_util_percent": 24.0, "process_mem_util_percent": 3.0}
{"timestamp_unix": 1772436505.9864776, "pid": 75541, "device_index": 0, "gpu_uuid": "GPU-6f954bfd-7081-31b7-f15c-f9a174bf4d7f", "gpu_util_percent": 24.0, "gpu_mem_util_percent": 4.0, "gpu_mem_used_mib": 30393.0, "gpu_mem_total_mib": 49140.0, "gpu_power_w": 90.34, "process_present": true, "process_mem_mib": 29898.0, "process_mem_share_percent": 60.84249084249084, "process_util_available": true, "process_util_backend": "nvml", "process_sm_util_percent": 24.0, "process_mem_util_percent": 3.0}
{"timestamp_unix": 1772436506.2764378, "pid": 75541, "device_index": 0, "gpu_uuid": "GPU-6f954bfd-7081-31b7-f15c-f9a174bf4d7f", "gpu_util_percent": 24.0, "gpu_mem_util_percent": 4.0, "gpu_mem_used_mib": 30393.0, "gpu_mem_total_mib": 49140.0, "gpu_power_w": 90.34, "process_present": true, "process_mem_mib": 29898.0, "process_mem_share_percent": 60.84249084249084, "process_util_available": true, "process_util_backend": "nvml", "process_sm_util_percent": 24.0, "process_mem_util_percent": 3.0}
{"timestamp_unix": 1772436506.5744703, "pid": 75541, "device_index": 0, "gpu_uuid": "GPU-6f954bfd-7081-31b7-f15c-f9a174bf4d7f", "gpu_util_percent": 24.0, "gpu_mem_util_percent": 4.0, "gpu_mem_used_mib": 30393.0, "gpu_mem_total_mib": 49140.0, "gpu_power_w": 93.27, "process_present": true, "process_mem_mib": 29898.0, "process_mem_share_percent": 60.84249084249084, "process_util_available": true, "process_util_backend": "nvml", "process_sm_util_percent": 24.0, "process_mem_util_percent": 3.0}
{"timestamp_unix": 1772436506.8681712, "pid": 75541, "device_index": 0, "gpu_uuid": "GPU-6f954bfd-7081-31b7-f15c-f9a174bf4d7f", "gpu_util_percent": 24.0, "gpu_mem_util_percent": 3.0, "gpu_mem_used_mib": 30389.0, "gpu_mem_total_mib": 49140.0, "gpu_power_w": 93.36, "process_present": true, "process_mem_mib": 29898.0, "process_mem_share_percent": 60.84249084249084, "process_util_available": true, "process_util_backend": "nvml", "process_sm_util_percent": 24.0, "process_mem_util_percent": 3.0}
{"timestamp_unix": 1772436507.1592414, "pid": 75541, "device_index": 0, "gpu_uuid": "GPU-6f954bfd-7081-31b7-f15c-f9a174bf4d7f", "gpu_util_percent": 24.0, "gpu_mem_util_percent": 3.0, "gpu_mem_used_mib": 30387.0, "gpu_mem_total_mib": 49140.0, "gpu_power_w": 93.36, "process_present": true, "process_mem_mib": 29898.0, "process_mem_share_percent": 60.84249084249084, "process_util_available": true, "process_util_backend": "nvml", "process_sm_util_percent": 24.0, "process_mem_util_percent": 3.0}
{"timestamp_unix": 1772436507.4511263, "pid": 75541, "device_index": 0, "gpu_uuid": "GPU-6f954bfd-7081-31b7-f15c-f9a174bf4d7f", "gpu_util_percent": 24.0, "gpu_mem_util_percent": 3.0, "gpu_mem_used_mib": 30387.0, "gpu_mem_total_mib": 49140.0, "gpu_power_w": 93.51, "process_present": true, "process_mem_mib": 29898.0, "process_mem_share_percent": 60.84249084249084, "process_util_available": true, "process_util_backend": "nvml", "process_sm_util_percent": 24.0, "process_mem_util_percent": 3.0}
{"timestamp_unix": 1772436507.750027, "pid": 75541, "device_index": 0, "gpu_uuid": "GPU-6f954bfd-7081-31b7-f15c-f9a174bf4d7f", "gpu_util_percent": 24.0, "gpu_mem_util_percent": 3.0, "gpu_mem_used_mib": 30387.0, "gpu_mem_total_mib": 49140.0, "gpu_power_w": 93.51, "process_present": true, "process_mem_mib": 29898.0, "process_mem_share_percent": 60.84249084249084, "process_util_available": true, "process_util_backend": "nvml", "process_sm_util_percent": 24.0, "process_mem_util_percent": 3.0}
{"timestamp_unix": 1772436508.050467, "pid": 75541, "device_index": 0, "gpu_uuid": "GPU-6f954bfd-7081-31b7-f15c-f9a174bf4d7f", "gpu_util_percent": 25.0, "gpu_mem_util_percent": 3.0, "gpu_mem_used_mib": 30387.0, "gpu_mem_total_mib": 49140.0, "gpu_power_w": 93.43, "process_present": true, "process_mem_mib": 29898.0, "process_mem_share_percent": 60.84249084249084, "process_util_available": true, "process_util_backend": "nvml", "process_sm_util_percent": 24.0, "process_mem_util_percent": 3.0}
{"timestamp_unix": 1772436508.3508687, "pid": 75541, "device_index": 0, "gpu_uuid": "GPU-6f954bfd-7081-31b7-f15c-f9a174bf4d7f", "gpu_util_percent": 25.0, "gpu_mem_util_percent": 3.0, "gpu_mem_used_mib": 30387.0, "gpu_mem_total_mib": 49140.0, "gpu_power_w": 93.32, "process_present": true, "process_mem_mib": 29898.0, "process_mem_share_percent": 60.84249084249084, "process_util_available": true, "process_util_backend": "nvml", "process_sm_util_percent": 24.0, "process_mem_util_percent": 3.0}
{"timestamp_unix": 1772436508.6510994, "pid": 75541, "device_index": 0, "gpu_uuid": "GPU-6f954bfd-7081-31b7-f15c-f9a174bf4d7f", "gpu_util_percent": 25.0, "gpu_mem_util_percent": 3.0, "gpu_mem_used_mib": 30387.0, "gpu_mem_total_mib": 49140.0, "gpu_power_w": 93.32, "process_present": true, "process_mem_mib": 29898.0, "process_mem_share_percent": 60.84249084249084, "process_util_available": true, "process_util_backend": "nvml", "process_sm_util_percent": 24.0, "process_mem_util_percent": 3.0}
{"timestamp_unix": 1772436508.942127, "pid": 75541, "device_index": 0, "gpu_uuid": "GPU-6f954bfd-7081-31b7-f15c-f9a174bf4d7f", "gpu_util_percent": 24.0, "gpu_mem_util_percent": 4.0, "gpu_mem_used_mib": 30387.0, "gpu_mem_total_mib": 49140.0, "gpu_power_w": 93.29, "process_present": true, "process_mem_mib": 29898.0, "process_mem_share_percent": 60.84249084249084, "process_util_available": true, "process_util_backend": "nvml", "process_sm_util_percent": 24.0, "process_mem_util_percent": 3.0}
{"timestamp_unix": 1772436509.2338872, "pid": 75541, "device_index": 0, "gpu_uuid": "GPU-6f954bfd-7081-31b7-f15c-f9a174bf4d7f", "gpu_util_percent": 24.0, "gpu_mem_util_percent": 4.0, "gpu_mem_used_mib": 30387.0, "gpu_mem_total_mib": 49140.0, "gpu_power_w": 93.29, "process_present": true, "process_mem_mib": 29898.0, "process_mem_share_percent": 60.84249084249084, "process_util_available": true, "process_util_backend": "nvml", "process_sm_util_percent": 24.0, "process_mem_util_percent": 3.0}
{"timestamp_unix": 1772436509.5232549, "pid": 75541, "device_index": 0, "gpu_uuid": "GPU-6f954bfd-7081-31b7-f15c-f9a174bf4d7f", "gpu_util_percent": 24.0, "gpu_mem_util_percent": 4.0, "gpu_mem_used_mib": 30387.0, "gpu_mem_total_mib": 49140.0, "gpu_power_w": 93.31, "process_present": true, "process_mem_mib": 29898.0, "process_mem_share_percent": 60.84249084249084, "process_util_available": true, "process_util_backend": "nvml", "process_sm_util_percent": 24.0, "process_mem_util_percent": 3.0}
{"timestamp_unix": 1772436509.8173594, "pid": 75541, "device_index": 0, "gpu_uuid": "GPU-6f954bfd-7081-31b7-f15c-f9a174bf4d7f", "gpu_util_percent": 25.0, "gpu_mem_util_percent": 3.0, "gpu_mem_used_mib": 30387.0, "gpu_mem_total_mib": 49140.0, "gpu_power_w": 93.22, "process_present": true, "process_mem_mib": 29898.0, "process_mem_share_percent": 60.84249084249084, "process_util_available": true, "process_util_backend": "nvml", "process_sm_util_percent": 24.0, "process_mem_util_percent": 3.0}
{"timestamp_unix": 1772436510.1157575, "pid": 75541, "device_index": 0, "gpu_uuid": "GPU-6f954bfd-7081-31b7-f15c-f9a174bf4d7f", "gpu_util_percent": 25.0, "gpu_mem_util_percent": 3.0, "gpu_mem_used_mib": 30396.0, "gpu_mem_total_mib": 49140.0, "gpu_power_w": 93.22, "process_present": true, "process_mem_mib": 29898.0, "process_mem_share_percent": 60.84249084249084, "process_util_available": true, "process_util_backend": "nvml", "process_sm_util_percent": 25.0, "process_mem_util_percent": 3.0}
{"timestamp_unix": 1772436510.4068544, "pid": 75541, "device_index": 0, "gpu_uuid": "GPU-6f954bfd-7081-31b7-f15c-f9a174bf4d7f", "gpu_util_percent": 25.0, "gpu_mem_util_percent": 3.0, "gpu_mem_used_mib": 30396.0, "gpu_mem_total_mib": 49140.0, "gpu_power_w": 92.26, "process_present": true, "process_mem_mib": 29898.0, "process_mem_share_percent": 60.84249084249084, "process_util_available": true, "process_util_backend": "nvml", "process_sm_util_percent": 22.0, "process_mem_util_percent": 2.0}
{"timestamp_unix": 1772436510.7122447, "pid": 75541, "device_index": 0, "gpu_uuid": "GPU-6f954bfd-7081-31b7-f15c-f9a174bf4d7f", "gpu_util_percent": 25.0, "gpu_mem_util_percent": 3.0, "gpu_mem_used_mib": 30396.0, "gpu_mem_total_mib": 49140.0, "gpu_power_w": 92.26, "process_present": true, "process_mem_mib": 29898.0, "process_mem_share_percent": 60.84249084249084, "process_util_available": true, "process_util_backend": "nvml", "process_sm_util_percent": 22.0, "process_mem_util_percent": 3.0}
{"timestamp_unix": 1772436511.0170448, "pid": 75541, "device_index": 0, "gpu_uuid": "GPU-6f954bfd-7081-31b7-f15c-f9a174bf4d7f", "gpu_util_percent": 23.0, "gpu_mem_util_percent": 4.0, "gpu_mem_used_mib": 30396.0, "gpu_mem_total_mib": 49140.0, "gpu_power_w": 92.06, "process_present": true, "process_mem_mib": 29898.0, "process_mem_share_percent": 60.84249084249084, "process_util_available": true, "process_util_backend": "nvml", "process_sm_util_percent": 23.0, "process_mem_util_percent": 3.0}
{"timestamp_unix": 1772436511.308903, "pid": 75541, "device_index": 0, "gpu_uuid": "GPU-6f954bfd-7081-31b7-f15c-f9a174bf4d7f", "gpu_util_percent": 23.0, "gpu_mem_util_percent": 4.0, "gpu_mem_used_mib": 30396.0, "gpu_mem_total_mib": 49140.0, "gpu_power_w": 92.64, "process_present": true, "process_mem_mib": 29898.0, "process_mem_share_percent": 60.84249084249084, "process_util_available": true, "process_util_backend": "nvml", "process_sm_util_percent": 23.0, "process_mem_util_percent": 4.0}
{"timestamp_unix": 1772436511.6008513, "pid": 75541, "device_index": 0, "gpu_uuid": "GPU-6f954bfd-7081-31b7-f15c-f9a174bf4d7f", "gpu_util_percent": 23.0, "gpu_mem_util_percent": 4.0, "gpu_mem_used_mib": 30396.0, "gpu_mem_total_mib": 49140.0, "gpu_power_w": 92.64, "process_present": true, "process_mem_mib": 29898.0, "process_mem_share_percent": 60.84249084249084, "process_util_available": true, "process_util_backend": "nvml", "process_sm_util_percent": 23.0, "process_mem_util_percent": 4.0}
{"timestamp_unix": 1772436511.8919435, "pid": 75541, "device_index": 0, "gpu_uuid": "GPU-6f954bfd-7081-31b7-f15c-f9a174bf4d7f", "gpu_util_percent": 23.0, "gpu_mem_util_percent": 4.0, "gpu_mem_used_mib": 30396.0, "gpu_mem_total_mib": 49140.0, "gpu_power_w": 93.26, "process_present": true, "process_mem_mib": 29898.0, "process_mem_share_percent": 60.84249084249084, "process_util_available": true, "process_util_backend": "nvml", "process_sm_util_percent": 23.0, "process_mem_util_percent": 4.0}
{"timestamp_unix": 1772436512.1843948, "pid": 75541, "device_index": 0, "gpu_uuid": "GPU-6f954bfd-7081-31b7-f15c-f9a174bf4d7f", "gpu_util_percent": 23.0, "gpu_mem_util_percent": 4.0, "gpu_mem_used_mib": 30396.0, "gpu_mem_total_mib": 49140.0, "gpu_power_w": 93.26, "process_present": true, "process_mem_mib": 29898.0, "process_mem_share_percent": 60.84249084249084, "process_util_available": true, "process_util_backend": "nvml", "process_sm_util_percent": 24.0, "process_mem_util_percent": 4.0}
{"timestamp_unix": 1772436512.4767299, "pid": 75541, "device_index": 0, "gpu_uuid": "GPU-6f954bfd-7081-31b7-f15c-f9a174bf4d7f", "gpu_util_percent": 23.0, "gpu_mem_util_percent": 4.0, "gpu_mem_used_mib": 30396.0, "gpu_mem_total_mib": 49140.0, "gpu_power_w": 93.36, "process_present": true, "process_mem_mib": 29898.0, "process_mem_share_percent": 60.84249084249084, "process_util_available": true, "process_util_backend": "nvml", "process_sm_util_percent": 23.0, "process_mem_util_percent": 4.0}
{"timestamp_unix": 1772436512.7721899, "pid": 75541, "device_index": 0, "gpu_uuid": "GPU-6f954bfd-7081-31b7-f15c-f9a174bf4d7f", "gpu_util_percent": 23.0, "gpu_mem_util_percent": 4.0, "gpu_mem_used_mib": 30396.0, "gpu_mem_total_mib": 49140.0, "gpu_power_w": 93.36, "process_present": true, "process_mem_mib": 29898.0, "process_mem_share_percent": 60.84249084249084, "process_util_available": true, "process_util_backend": "nvml", "process_sm_util_percent": 22.0, "process_mem_util_percent": 4.0}
{"timestamp_unix": 1772436513.0836415, "pid": 75541, "device_index": 0, "gpu_uuid": "GPU-6f954bfd-7081-31b7-f15c-f9a174bf4d7f", "gpu_util_percent": 23.0, "gpu_mem_util_percent": 4.0, "gpu_mem_used_mib": 31636.0, "gpu_mem_total_mib": 49140.0, "gpu_power_w": 93.47, "process_present": true, "process_mem_mib": 31438.0, "process_mem_share_percent": 63.97639397639397, "process_util_available": true, "process_util_backend": "nvml", "process_sm_util_percent": 21.0, "process_mem_util_percent": 4.0}
{"timestamp_unix": 1772436513.3827138, "pid": 75541, "device_index": 0, "gpu_uuid": "GPU-6f954bfd-7081-31b7-f15c-f9a174bf4d7f", "gpu_util_percent": 23.0, "gpu_mem_util_percent": 4.0, "gpu_mem_used_mib": 33776.0, "gpu_mem_total_mib": 49140.0, "gpu_power_w": 92.92, "process_present": true, "process_mem_mib": 33598.0, "process_mem_share_percent": 68.37199837199837, "process_util_available": true, "process_util_backend": "nvml", "process_sm_util_percent": 19.0, "process_mem_util_percent": 3.0}
{"timestamp_unix": 1772436513.6870017, "pid": 75541, "device_index": 0, "gpu_uuid": "GPU-6f954bfd-7081-31b7-f15c-f9a174bf4d7f", "gpu_util_percent": 23.0, "gpu_mem_util_percent": 4.0, "gpu_mem_used_mib": 35956.0, "gpu_mem_total_mib": 49140.0, "gpu_power_w": 92.92, "process_present": true, "process_mem_mib": 35778.0, "process_mem_share_percent": 72.8083028083028, "process_util_available": true, "process_util_backend": "nvml", "process_sm_util_percent": 18.0, "process_mem_util_percent": 3.0}
{"timestamp_unix": 1772436513.9938138, "pid": 75541, "device_index": 0, "gpu_uuid": "GPU-6f954bfd-7081-31b7-f15c-f9a174bf4d7f", "gpu_util_percent": 17.0, "gpu_mem_util_percent": 4.0, "gpu_mem_used_mib": 36416.0, "gpu_mem_total_mib": 49140.0, "gpu_power_w": 92.15, "process_present": true, "process_mem_mib": 35918.0, "process_mem_share_percent": 73.0932030932031, "process_util_available": true, "process_util_backend": "nvml", "process_sm_util_percent": null, "process_mem_util_percent": null}
{"timestamp_unix": 1772436514.2861474, "pid": 75541, "device_index": 0, "gpu_uuid": "GPU-6f954bfd-7081-31b7-f15c-f9a174bf4d7f", "gpu_util_percent": 17.0, "gpu_mem_util_percent": 4.0, "gpu_mem_used_mib": 36435.0, "gpu_mem_total_mib": 49140.0, "gpu_power_w": 89.63, "process_present": true, "process_mem_mib": 35938.0, "process_mem_share_percent": 73.13390313390313, "process_util_available": true, "process_util_backend": "nvml", "process_sm_util_percent": 18.0, "process_mem_util_percent": 3.0}
{"timestamp_unix": 1772436514.5774007, "pid": 75541, "device_index": 0, "gpu_uuid": "GPU-6f954bfd-7081-31b7-f15c-f9a174bf4d7f", "gpu_util_percent": 17.0, "gpu_mem_util_percent": 4.0, "gpu_mem_used_mib": 36435.0, "gpu_mem_total_mib": 49140.0, "gpu_power_w": 89.63, "process_present": true, "process_mem_mib": 35938.0, "process_mem_share_percent": 73.13390313390313, "process_util_available": true, "process_util_backend": "nvml", "process_sm_util_percent": 20.0, "process_mem_util_percent": 3.0}
{"timestamp_unix": 1772436514.869181, "pid": 75541, "device_index": 0, "gpu_uuid": "GPU-6f954bfd-7081-31b7-f15c-f9a174bf4d7f", "gpu_util_percent": 23.0, "gpu_mem_util_percent": 4.0, "gpu_mem_used_mib": 36435.0, "gpu_mem_total_mib": 49140.0, "gpu_power_w": 90.46, "process_present": true, "process_mem_mib": 35938.0, "process_mem_share_percent": 73.13390313390313, "process_util_available": true, "process_util_backend": "nvml", "process_sm_util_percent": 22.0, "process_mem_util_percent": 3.0}
{"timestamp_unix": 1772436515.1582167, "pid": 75541, "device_index": 0, "gpu_uuid": "GPU-6f954bfd-7081-31b7-f15c-f9a174bf4d7f", "gpu_util_percent": 23.0, "gpu_mem_util_percent": 4.0, "gpu_mem_used_mib": 36434.0, "gpu_mem_total_mib": 49140.0, "gpu_power_w": 90.46, "process_present": true, "process_mem_mib": 35938.0, "process_mem_share_percent": 73.13390313390313, "process_util_available": true, "process_util_backend": "nvml", "process_sm_util_percent": null, "process_mem_util_percent": null}
{"timestamp_unix": 1772436515.4506242, "pid": 75541, "device_index": 0, "gpu_uuid": "GPU-6f954bfd-7081-31b7-f15c-f9a174bf4d7f", "gpu_util_percent": 23.0, "gpu_mem_util_percent": 4.0, "gpu_mem_used_mib": 36434.0, "gpu_mem_total_mib": 49140.0, "gpu_power_w": 93.91, "process_present": true, "process_mem_mib": 35938.0, "process_mem_share_percent": 73.13390313390313, "process_util_available": true, "process_util_backend": "nvml", "process_sm_util_percent": 12.0, "process_mem_util_percent": 1.0}
{"timestamp_unix": 1772436515.7382822, "pid": 75541, "device_index": 0, "gpu_uuid": "GPU-6f954bfd-7081-31b7-f15c-f9a174bf4d7f", "gpu_util_percent": 23.0, "gpu_mem_util_percent": 4.0, "gpu_mem_used_mib": 36434.0, "gpu_mem_total_mib": 49140.0, "gpu_power_w": 93.91, "process_present": true, "process_mem_mib": 35938.0, "process_mem_share_percent": 73.13390313390313, "process_util_available": true, "process_util_backend": "nvml", "process_sm_util_percent": null, "process_mem_util_percent": null}
{"timestamp_unix": 1772436516.0439613, "pid": 75541, "device_index": 0, "gpu_uuid": "GPU-6f954bfd-7081-31b7-f15c-f9a174bf4d7f", "gpu_util_percent": 24.0, "gpu_mem_util_percent": 4.0, "gpu_mem_used_mib": 36434.0, "gpu_mem_total_mib": 49140.0, "gpu_power_w": 93.84, "process_present": true, "process_mem_mib": 35938.0, "process_mem_share_percent": 73.13390313390313, "process_util_available": true, "process_util_backend": "nvml", "process_sm_util_percent": 24.0, "process_mem_util_percent": 3.0}
{"timestamp_unix": 1772436516.3519182, "pid": 75541, "device_index": 0, "gpu_uuid": "GPU-6f954bfd-7081-31b7-f15c-f9a174bf4d7f", "gpu_util_percent": 24.0, "gpu_mem_util_percent": 4.0, "gpu_mem_used_mib": 36434.0, "gpu_mem_total_mib": 49140.0, "gpu_power_w": 93.83, "process_present": true, "process_mem_mib": 35938.0, "process_mem_share_percent": 73.13390313390313, "process_util_available": true, "process_util_backend": "nvml", "process_sm_util_percent": 24.0, "process_mem_util_percent": 3.0}
{"timestamp_unix": 1772436516.6427023, "pid": 75541, "device_index": 0, "gpu_uuid": "GPU-6f954bfd-7081-31b7-f15c-f9a174bf4d7f", "gpu_util_percent": 24.0, "gpu_mem_util_percent": 4.0, "gpu_mem_used_mib": 36434.0, "gpu_mem_total_mib": 49140.0, "gpu_power_w": 93.83, "process_present": true, "process_mem_mib": 35938.0, "process_mem_share_percent": 73.13390313390313, "process_util_available": true, "process_util_backend": "nvml", "process_sm_util_percent": 24.0, "process_mem_util_percent": 3.0}
{"timestamp_unix": 1772436516.9349937, "pid": 75541, "device_index": 0, "gpu_uuid": "GPU-6f954bfd-7081-31b7-f15c-f9a174bf4d7f", "gpu_util_percent": 24.0, "gpu_mem_util_percent": 3.0, "gpu_mem_used_mib": 36438.0, "gpu_mem_total_mib": 49140.0, "gpu_power_w": 93.78, "process_present": true, "process_mem_mib": 35938.0, "process_mem_share_percent": 73.13390313390313, "process_util_available": true, "process_util_backend": "nvml", "process_sm_util_percent": 25.0, "process_mem_util_percent": 3.0}
{"timestamp_unix": 1772436517.2263432, "pid": 75541, "device_index": 0, "gpu_uuid": "GPU-6f954bfd-7081-31b7-f15c-f9a174bf4d7f", "gpu_util_percent": 24.0, "gpu_mem_util_percent": 3.0, "gpu_mem_used_mib": 36431.0, "gpu_mem_total_mib": 49140.0, "gpu_power_w": 93.78, "process_present": true, "process_mem_mib": 35938.0, "process_mem_share_percent": 73.13390313390313, "process_util_available": true, "process_util_backend": "nvml", "process_sm_util_percent": 24.0, "process_mem_util_percent": 3.0}
{"timestamp_unix": 1772436517.5172632, "pid": 75541, "device_index": 0, "gpu_uuid": "GPU-6f954bfd-7081-31b7-f15c-f9a174bf4d7f", "gpu_util_percent": 24.0, "gpu_mem_util_percent": 3.0, "gpu_mem_used_mib": 36431.0, "gpu_mem_total_mib": 49140.0, "gpu_power_w": 93.56, "process_present": true, "process_mem_mib": 35938.0, "process_mem_share_percent": 73.13390313390313, "process_util_available": true, "process_util_backend": "nvml", "process_sm_util_percent": 24.0, "process_mem_util_percent": 3.0}
{"timestamp_unix": 1772436517.8081853, "pid": 75541, "device_index": 0, "gpu_uuid": "GPU-6f954bfd-7081-31b7-f15c-f9a174bf4d7f", "gpu_util_percent": 23.0, "gpu_mem_util_percent": 3.0, "gpu_mem_used_mib": 36431.0, "gpu_mem_total_mib": 49140.0, "gpu_power_w": 93.43, "process_present": true, "process_mem_mib": 35938.0, "process_mem_share_percent": 73.13390313390313, "process_util_available": true, "process_util_backend": "nvml", "process_sm_util_percent": 24.0, "process_mem_util_percent": 3.0}
{"timestamp_unix": 1772436518.101369, "pid": 75541, "device_index": 0, "gpu_uuid": "GPU-6f954bfd-7081-31b7-f15c-f9a174bf4d7f", "gpu_util_percent": 23.0, "gpu_mem_util_percent": 3.0, "gpu_mem_used_mib": 36431.0, "gpu_mem_total_mib": 49140.0, "gpu_power_w": 93.43, "process_present": true, "process_mem_mib": 35938.0, "process_mem_share_percent": 73.13390313390313, "process_util_available": true, "process_util_backend": "nvml", "process_sm_util_percent": 24.0, "process_mem_util_percent": 3.0}
{"timestamp_unix": 1772436518.4109428, "pid": 75541, "device_index": 0, "gpu_uuid": "GPU-6f954bfd-7081-31b7-f15c-f9a174bf4d7f", "gpu_util_percent": 23.0, "gpu_mem_util_percent": 3.0, "gpu_mem_used_mib": 36431.0, "gpu_mem_total_mib": 49140.0, "gpu_power_w": 93.44, "process_present": true, "process_mem_mib": 35938.0, "process_mem_share_percent": 73.13390313390313, "process_util_available": true, "process_util_backend": "nvml", "process_sm_util_percent": 24.0, "process_mem_util_percent": 3.0}
{"timestamp_unix": 1772436518.7186468, "pid": 75541, "device_index": 0, "gpu_uuid": "GPU-6f954bfd-7081-31b7-f15c-f9a174bf4d7f", "gpu_util_percent": 23.0, "gpu_mem_util_percent": 3.0, "gpu_mem_used_mib": 36431.0, "gpu_mem_total_mib": 49140.0, "gpu_power_w": 93.44, "process_present": true, "process_mem_mib": 35938.0, "process_mem_share_percent": 73.13390313390313, "process_util_available": true, "process_util_backend": "nvml", "process_sm_util_percent": 24.0, "process_mem_util_percent": 3.0}
{"timestamp_unix": 1772436519.0175445, "pid": 75541, "device_index": 0, "gpu_uuid": "GPU-6f954bfd-7081-31b7-f15c-f9a174bf4d7f", "gpu_util_percent": 24.0, "gpu_mem_util_percent": 4.0, "gpu_mem_used_mib": 36431.0, "gpu_mem_total_mib": 49140.0, "gpu_power_w": 93.45, "process_present": true, "process_mem_mib": 35938.0, "process_mem_share_percent": 73.13390313390313, "process_util_available": true, "process_util_backend": "nvml", "process_sm_util_percent": 12.0, "process_mem_util_percent": 1.0}
{"timestamp_unix": 1772436519.3076365, "pid": 75541, "device_index": 0, "gpu_uuid": "GPU-6f954bfd-7081-31b7-f15c-f9a174bf4d7f", "gpu_util_percent": 24.0, "gpu_mem_util_percent": 4.0, "gpu_mem_used_mib": 36431.0, "gpu_mem_total_mib": 49140.0, "gpu_power_w": 91.81, "process_present": true, "process_mem_mib": 35938.0, "process_mem_share_percent": 73.13390313390313, "process_util_available": true, "process_util_backend": "nvml", "process_sm_util_percent": null, "process_mem_util_percent": null}
