{"timestamp_unix": 1772436832.0438917, "pid": 80154, "device_index": 0, "gpu_uuid": "GPU-6f954bfd-7081-31b7-f15c-f9a174bf4d7f", "gpu_util_percent": 37.0, "gpu_mem_util_percent": 16.0, "gpu_mem_used_mib": 997.0, "gpu_mem_total_mib": 49140.0, "gpu_power_w": 45.6, "process_present": true, "process_mem_mib": 500.0, "process_mem_share_percent": 1.0175010175010175, "process_util_available": true, "process_util_backend": "nvml", "process_sm_util_percent": null, "process_mem_util_percent": null}
{"timestamp_unix": 1772436832.4198482, "pid": 80154, "device_index": 0, "gpu_uuid": "GPU-6f954bfd-7081-31b7-f15c-f9a174bf4d7f", "gpu_util_percent": 37.0, "gpu_mem_util_percent": 16.0, "gpu_mem_used_mib": 997.0, "gpu_mem_total_mib": 49140.0, "gpu_power_w": 62.05, "process_present": true, "process_mem_mib": 500.0, "process_mem_share_percent": 1.0175010175010175, "process_util_available": true, "process_util_backend": "nvml", "process_sm_util_percent": null, "process_mem_util_percent": null}
{"timestamp_unix": 1772436832.7494726, "pid": 80154, "device_index": 0, "gpu_uuid": "GPU-6f954bfd-7081-31b7-f15c-f9a174bf4d7f", "gpu_util_percent": 37.0, "gpu_mem_util_percent": 16.0, "gpu_mem_used_mib": 996.0, "gpu_mem_total_mib": 49140.0, "gpu_power_w": 62.05, "process_present": true, "process_mem_mib": 500.0, "process_mem_share_percent": 1.0175010175010175, "process_util_available": true, "process_util_backend": "nvml", "process_sm_util_percent": null, "process_mem_util_percent": null}
{"timestamp_unix": 1772436833.0877378, "pid": 80154, "device_index": 0, "gpu_uuid": "GPU-6f954bfd-7081-31b7-f15c-f9a174bf4d7f", "gpu_util_percent": 14.0, "gpu_mem_util_percent": 1.0, "gpu_mem_used_mib": 996.0, "gpu_mem_total_mib": 49140.0, "gpu_power_w": 76.82, "process_present": true, "process_mem_mib": 500.0, "process_mem_share_percent": 1.0175010175010175, "process_util_available": true, "process_util_backend": "nvml", "process_sm_util_percent": null, "process_mem_util_percent": null}
{"timestamp_unix": 1772436833.3930025, "pid": 80154, "device_index": 0, "gpu_uuid": "GPU-6f954bfd-7081-31b7-f15c-f9a174bf4d7f", "gpu_util_percent": 14.0, "gpu_mem_util_percent": 1.0, "gpu_mem_used_mib": 1114.0, "gpu_mem_total_mib": 49140.0, "gpu_power_w": 78.8, "process_present": true, "process_mem_mib": 618.0, "process_mem_share_percent": 1.2576312576312576, "process_util_available": true, "process_util_backend": "nvml", "process_sm_util_percent": 19.0, "process_mem_util_percent": 1.0}
{"timestamp_unix": 1772436833.6916957, "pid": 80154, "device_index": 0, "gpu_uuid": "GPU-6f954bfd-7081-31b7-f15c-f9a174bf4d7f", "gpu_util_percent": 14.0, "gpu_mem_util_percent": 1.0, "gpu_mem_used_mib": 1160.0, "gpu_mem_total_mib": 49140.0, "gpu_power_w": 78.8, "process_present": true, "process_mem_mib": 712.0, "process_mem_share_percent": 1.4489214489214488, "process_util_available": true, "process_util_backend": "nvml", "process_sm_util_percent": 8.0, "process_mem_util_percent": 0.0}
{"timestamp_unix": 1772436833.981311, "pid": 80154, "device_index": 0, "gpu_uuid": "GPU-6f954bfd-7081-31b7-f15c-f9a174bf4d7f", "gpu_util_percent": 16.0, "gpu_mem_util_percent": 1.0, "gpu_mem_used_mib": 1460.0, "gpu_mem_total_mib": 49140.0, "gpu_power_w": 80.3, "process_present": true, "process_mem_mib": 1012.0, "process_mem_share_percent": 2.0594220594220594, "process_util_available": true, "process_util_backend": "nvml", "process_sm_util_percent": 20.0, "process_mem_util_percent": 1.0}
{"timestamp_unix": 1772436834.269665, "pid": 80154, "device_index": 0, "gpu_uuid": "GPU-6f954bfd-7081-31b7-f15c-f9a174bf4d7f", "gpu_util_percent": 16.0, "gpu_mem_util_percent": 1.0, "gpu_mem_used_mib": 1862.0, "gpu_mem_total_mib": 49140.0, "gpu_power_w": 80.3, "process_present": true, "process_mem_mib": 1434.0, "process_mem_share_percent": 2.918192918192918, "process_util_available": true, "process_util_backend": "nvml", "process_sm_util_percent": 22.0, "process_mem_util_percent": 2.0}
{"timestamp_unix": 1772436834.5577183, "pid": 80154, "device_index": 0, "gpu_uuid": "GPU-6f954bfd-7081-31b7-f15c-f9a174bf4d7f", "gpu_util_percent": 16.0, "gpu_mem_util_percent": 1.0, "gpu_mem_used_mib": 2292.0, "gpu_mem_total_mib": 49140.0, "gpu_power_w": 84.47, "process_present": true, "process_mem_mib": 1854.0, "process_mem_share_percent": 3.772893772893773, "process_util_available": true, "process_util_backend": "nvml", "process_sm_util_percent": 22.0, "process_mem_util_percent": 2.0}
{"timestamp_unix": 1772436834.8491995, "pid": 80154, "device_index": 0, "gpu_uuid": "GPU-6f954bfd-7081-31b7-f15c-f9a174bf4d7f", "gpu_util_percent": 23.0, "gpu_mem_util_percent": 2.0, "gpu_mem_used_mib": 2726.0, "gpu_mem_total_mib": 49140.0, "gpu_power_w": 87.67, "process_present": true, "process_mem_mib": 2288.0, "process_mem_share_percent": 4.656084656084656, "process_util_available": true, "process_util_backend": "nvml", "process_sm_util_percent": 22.0, "process_mem_util_percent": 2.0}
{"timestamp_unix": 1772436835.1384194, "pid": 80154, "device_index": 0, "gpu_uuid": "GPU-6f954bfd-7081-31b7-f15c-f9a174bf4d7f", "gpu_util_percent": 23.0, "gpu_mem_util_percent": 2.0, "gpu_mem_used_mib": 3169.0, "gpu_mem_total_mib": 49140.0, "gpu_power_w": 87.67, "process_present": true, "process_mem_mib": 2732.0, "process_mem_share_percent": 5.55962555962556, "process_util_available": true, "process_util_backend": "nvml", "process_sm_util_percent": 23.0, "process_mem_util_percent": 2.0}
{"timestamp_unix": 1772436835.4429128, "pid": 80154, "device_index": 0, "gpu_uuid": "GPU-6f954bfd-7081-31b7-f15c-f9a174bf4d7f", "gpu_util_percent": 23.0, "gpu_mem_util_percent": 2.0, "gpu_mem_used_mib": 3633.0, "gpu_mem_total_mib": 49140.0, "gpu_power_w": 88.22, "process_present": true, "process_mem_mib": 3196.0, "process_mem_share_percent": 6.503866503866504, "process_util_available": true, "process_util_backend": "nvml", "process_sm_util_percent": 22.0, "process_mem_util_percent": 2.0}
{"timestamp_unix": 1772436835.7532887, "pid": 80154, "device_index": 0, "gpu_uuid": "GPU-6f954bfd-7081-31b7-f15c-f9a174bf4d7f", "gpu_util_percent": 23.0, "gpu_mem_util_percent": 2.0, "gpu_mem_used_mib": 4093.0, "gpu_mem_total_mib": 49140.0, "gpu_power_w": 88.22, "process_present": true, "process_mem_mib": 3658.0, "process_mem_share_percent": 7.444037444037443, "process_util_available": true, "process_util_backend": "nvml", "process_sm_util_percent": 23.0, "process_mem_util_percent": 2.0}
{"timestamp_unix": 1772436836.0403352, "pid": 80154, "device_index": 0, "gpu_uuid": "GPU-6f954bfd-7081-31b7-f15c-f9a174bf4d7f", "gpu_util_percent": 23.0, "gpu_mem_util_percent": 2.0, "gpu_mem_used_mib": 4575.0, "gpu_mem_total_mib": 49140.0, "gpu_power_w": 87.93, "process_present": true, "process_mem_mib": 4160.0, "process_mem_share_percent": 8.465608465608465, "process_util_available": true, "process_util_backend": "nvml", "process_sm_util_percent": 21.0, "process_mem_util_percent": 2.0}
{"timestamp_unix": 1772436836.3293514, "pid": 80154, "device_index": 0, "gpu_uuid": "GPU-6f954bfd-7081-31b7-f15c-f9a174bf4d7f", "gpu_util_percent": 23.0, "gpu_mem_util_percent": 2.0, "gpu_mem_used_mib": 5096.0, "gpu_mem_total_mib": 49140.0, "gpu_power_w": 87.93, "process_present": true, "process_mem_mib": 4680.0, "process_mem_share_percent": 9.523809523809524, "process_util_available": true, "process_util_backend": "nvml", "process_sm_util_percent": 22.0, "process_mem_util_percent": 2.0}
{"timestamp_unix": 1772436836.6191719, "pid": 80154, "device_index": 0, "gpu_uuid": "GPU-6f954bfd-7081-31b7-f15c-f9a174bf4d7f", "gpu_util_percent": 23.0, "gpu_mem_util_percent": 2.0, "gpu_mem_used_mib": 5610.0, "gpu_mem_total_mib": 49140.0, "gpu_power_w": 88.11, "process_present": true, "process_mem_mib": 5182.0, "process_mem_share_percent": 10.545380545380546, "process_util_available": true, "process_util_backend": "nvml", "process_sm_util_percent": 22.0, "process_mem_util_percent": 2.0}
{"timestamp_unix": 1772436836.9079146, "pid": 80154, "device_index": 0, "gpu_uuid": "GPU-6f954bfd-7081-31b7-f15c-f9a174bf4d7f", "gpu_util_percent": 22.0, "gpu_mem_util_percent": 2.0, "gpu_mem_used_mib": 6134.0, "gpu_mem_total_mib": 49140.0, "gpu_power_w": 88.29, "process_present": true, "process_mem_mib": 5714.0, "process_mem_share_percent": 11.628001628001627, "process_util_available": true, "process_util_backend": "nvml", "process_sm_util_percent": 21.0, "process_mem_util_percent": 2.0}
{"timestamp_unix": 1772436837.2005067, "pid": 80154, "device_index": 0, "gpu_uuid": "GPU-6f954bfd-7081-31b7-f15c-f9a174bf4d7f", "gpu_util_percent": 22.0, "gpu_mem_util_percent": 2.0, "gpu_mem_used_mib": 6696.0, "gpu_mem_total_mib": 49140.0, "gpu_power_w": 88.29, "process_present": true, "process_mem_mib": 6276.0, "process_mem_share_percent": 12.77167277167277, "process_util_available": true, "process_util_backend": "nvml", "process_sm_util_percent": 22.0, "process_mem_util_percent": 2.0}
{"timestamp_unix": 1772436837.4888592, "pid": 80154, "device_index": 0, "gpu_uuid": "GPU-6f954bfd-7081-31b7-f15c-f9a174bf4d7f", "gpu_util_percent": 22.0, "gpu_mem_util_percent": 2.0, "gpu_mem_used_mib": 7238.0, "gpu_mem_total_mib": 49140.0, "gpu_power_w": 88.4, "process_present": true, "process_mem_mib": 6820.0, "process_mem_share_percent": 13.878713878713878, "process_util_available": true, "process_util_backend": "nvml", "process_sm_util_percent": 20.0, "process_mem_util_percent": 2.0}
{"timestamp_unix": 1772436837.7934387, "pid": 80154, "device_index": 0, "gpu_uuid": "GPU-6f954bfd-7081-31b7-f15c-f9a174bf4d7f", "gpu_util_percent": 22.0, "gpu_mem_util_percent": 2.0, "gpu_mem_used_mib": 7786.0, "gpu_mem_total_mib": 49140.0, "gpu_power_w": 88.4, "process_present": true, "process_mem_mib": 7384.0, "process_mem_share_percent": 15.026455026455027, "process_util_available": true, "process_util_backend": "nvml", "process_sm_util_percent": 19.0, "process_mem_util_percent": 2.0}
{"timestamp_unix": 1772436838.0963562, "pid": 80154, "device_index": 0, "gpu_uuid": "GPU-6f954bfd-7081-31b7-f15c-f9a174bf4d7f", "gpu_util_percent": 20.0, "gpu_mem_util_percent": 2.0, "gpu_mem_used_mib": 8128.0, "gpu_mem_total_mib": 49140.0, "gpu_power_w": 88.59, "process_present": true, "process_mem_mib": 7648.0, "process_mem_share_percent": 15.563695563695564, "process_util_available": true, "process_util_backend": "nvml", "process_sm_util_percent": 10.0, "process_mem_util_percent": 1.0}
{"timestamp_unix": 1772436838.3982513, "pid": 80154, "device_index": 0, "gpu_uuid": "GPU-6f954bfd-7081-31b7-f15c-f9a174bf4d7f", "gpu_util_percent": 20.0, "gpu_mem_util_percent": 2.0, "gpu_mem_used_mib": 8218.0, "gpu_mem_total_mib": 49140.0, "gpu_power_w": 87.82, "process_present": true, "process_mem_mib": 7728.0, "process_mem_share_percent": 15.726495726495726, "process_util_available": true, "process_util_backend": "nvml", "process_sm_util_percent": 20.0, "process_mem_util_percent": 2.0}
{"timestamp_unix": 1772436838.6933496, "pid": 80154, "device_index": 0, "gpu_uuid": "GPU-6f954bfd-7081-31b7-f15c-f9a174bf4d7f", "gpu_util_percent": 20.0, "gpu_mem_util_percent": 2.0, "gpu_mem_used_mib": 8218.0, "gpu_mem_total_mib": 49140.0, "gpu_power_w": 87.82, "process_present": true, "process_mem_mib": 7728.0, "process_mem_share_percent": 15.726495726495726, "process_util_available": true, "process_util_backend": "nvml", "process_sm_util_percent": 23.0, "process_mem_util_percent": 2.0}
{"timestamp_unix": 1772436838.9840014, "pid": 80154, "device_index": 0, "gpu_uuid": "GPU-6f954bfd-7081-31b7-f15c-f9a174bf4d7f", "gpu_util_percent": 25.0, "gpu_mem_util_percent": 3.0, "gpu_mem_used_mib": 8218.0, "gpu_mem_total_mib": 49140.0, "gpu_power_w": 88.82, "process_present": true, "process_mem_mib": 7728.0, "process_mem_share_percent": 15.726495726495726, "process_util_available": true, "process_util_backend": "nvml", "process_sm_util_percent": 24.0, "process_mem_util_percent": 2.0}
{"timestamp_unix": 1772436839.2721612, "pid": 80154, "device_index": 0, "gpu_uuid": "GPU-6f954bfd-7081-31b7-f15c-f9a174bf4d7f", "gpu_util_percent": 25.0, "gpu_mem_util_percent": 3.0, "gpu_mem_used_mib": 8212.0, "gpu_mem_total_mib": 49140.0, "gpu_power_w": 88.82, "process_present": true, "process_mem_mib": 7728.0, "process_mem_share_percent": 15.726495726495726, "process_util_available": true, "process_util_backend": "nvml", "process_sm_util_percent": 24.0, "process_mem_util_percent": 2.0}
{"timestamp_unix": 1772436839.5598454, "pid": 80154, "device_index": 0, "gpu_uuid": "GPU-6f954bfd-7081-31b7-f15c-f9a174bf4d7f", "gpu_util_percent": 25.0, "gpu_mem_util_percent": 3.0, "gpu_mem_used_mib": 8212.0, "gpu_mem_total_mib": 49140.0, "gpu_power_w": 90.94, "process_present": true, "process_mem_mib": 7728.0, "process_mem_share_percent": 15.726495726495726, "process_util_available": true, "process_util_backend": "nvml", "process_sm_util_percent": 13.0, "process_mem_util_percent": 1.0}
{"timestamp_unix": 1772436839.850254, "pid": 80154, "device_index": 0, "gpu_uuid": "GPU-6f954bfd-7081-31b7-f15c-f9a174bf4d7f", "gpu_util_percent": 25.0, "gpu_mem_util_percent": 3.0, "gpu_mem_used_mib": 8212.0, "gpu_mem_total_mib": 49140.0, "gpu_power_w": 90.78, "process_present": true, "process_mem_mib": 7728.0, "process_mem_share_percent": 15.726495726495726, "process_util_available": true, "process_util_backend": "nvml", "process_sm_util_percent": 25.0, "process_mem_util_percent": 2.0}
{"timestamp_unix": 1772436840.143837, "pid": 80154, "device_index": 0, "gpu_uuid": "GPU-6f954bfd-7081-31b7-f15c-f9a174bf4d7f", "gpu_util_percent": 25.0, "gpu_mem_util_percent": 3.0, "gpu_mem_used_mib": 8211.0, "gpu_mem_total_mib": 49140.0, "gpu_power_w": 90.78, "process_present": true, "process_mem_mib": 7728.0, "process_mem_share_percent": 15.726495726495726, "process_util_available": true, "process_util_backend": "nvml", "process_sm_util_percent": 25.0, "process_mem_util_percent": 2.0}
{"timestamp_unix": 1772436840.4484918, "pid": 80154, "device_index": 0, "gpu_uuid": "GPU-6f954bfd-7081-31b7-f15c-f9a174bf4d7f", "gpu_util_percent": 25.0, "gpu_mem_util_percent": 3.0, "gpu_mem_used_mib": 8211.0, "gpu_mem_total_mib": 49140.0, "gpu_power_w": 90.68, "process_present": true, "process_mem_mib": 7728.0, "process_mem_share_percent": 15.726495726495726, "process_util_available": true, "process_util_backend": "nvml", "process_sm_util_percent": 25.0, "process_mem_util_percent": 2.0}
{"timestamp_unix": 1772436840.7506082, "pid": 80154, "device_index": 0, "gpu_uuid": "GPU-6f954bfd-7081-31b7-f15c-f9a174bf4d7f", "gpu_util_percent": 25.0, "gpu_mem_util_percent": 3.0, "gpu_mem_used_mib": 8211.0, "gpu_mem_total_mib": 49140.0, "gpu_power_w": 90.68, "process_present": true, "process_mem_mib": 7728.0, "process_mem_share_percent": 15.726495726495726, "process_util_available": true, "process_util_backend": "nvml", "process_sm_util_percent": 25.0, "process_mem_util_percent": 2.0}
{"timestamp_unix": 1772436841.04833, "pid": 80154, "device_index": 0, "gpu_uuid": "GPU-6f954bfd-7081-31b7-f15c-f9a174bf4d7f", "gpu_util_percent": 24.0, "gpu_mem_util_percent": 2.0, "gpu_mem_used_mib": 8211.0, "gpu_mem_total_mib": 49140.0, "gpu_power_w": 90.72, "process_present": true, "process_mem_mib": 7728.0, "process_mem_share_percent": 15.726495726495726, "process_util_available": true, "process_util_backend": "nvml", "process_sm_util_percent": 25.0, "process_mem_util_percent": 2.0}
{"timestamp_unix": 1772436841.3370214, "pid": 80154, "device_index": 0, "gpu_uuid": "GPU-6f954bfd-7081-31b7-f15c-f9a174bf4d7f", "gpu_util_percent": 24.0, "gpu_mem_util_percent": 2.0, "gpu_mem_used_mib": 8211.0, "gpu_mem_total_mib": 49140.0, "gpu_power_w": 90.74, "process_present": true, "process_mem_mib": 7728.0, "process_mem_share_percent": 15.726495726495726, "process_util_available": true, "process_util_backend": "nvml", "process_sm_util_percent": 25.0, "process_mem_util_percent": 2.0}
{"timestamp_unix": 1772436841.625668, "pid": 80154, "device_index": 0, "gpu_uuid": "GPU-6f954bfd-7081-31b7-f15c-f9a174bf4d7f", "gpu_util_percent": 24.0, "gpu_mem_util_percent": 2.0, "gpu_mem_used_mib": 8211.0, "gpu_mem_total_mib": 49140.0, "gpu_power_w": 90.74, "process_present": true, "process_mem_mib": 7728.0, "process_mem_share_percent": 15.726495726495726, "process_util_available": true, "process_util_backend": "nvml", "process_sm_util_percent": 24.0, "process_mem_util_percent": 2.0}
{"timestamp_unix": 1772436841.9158654, "pid": 80154, "device_index": 0, "gpu_uuid": "GPU-6f954bfd-7081-31b7-f15c-f9a174bf4d7f", "gpu_util_percent": 24.0, "gpu_mem_util_percent": 2.0, "gpu_mem_used_mib": 8211.0, "gpu_mem_total_mib": 49140.0, "gpu_power_w": 90.76, "process_present": true, "process_mem_mib": 7728.0, "process_mem_share_percent": 15.726495726495726, "process_util_available": true, "process_util_backend": "nvml", "process_sm_util_percent": 25.0, "process_mem_util_percent": 2.0}
{"timestamp_unix": 1772436842.2045462, "pid": 80154, "device_index": 0, "gpu_uuid": "GPU-6f954bfd-7081-31b7-f15c-f9a174bf4d7f", "gpu_util_percent": 24.0, "gpu_mem_util_percent": 2.0, "gpu_mem_used_mib": 8211.0, "gpu_mem_total_mib": 49140.0, "gpu_power_w": 90.76, "process_present": true, "process_mem_mib": 7728.0, "process_mem_share_percent": 15.726495726495726, "process_util_available": true, "process_util_backend": "nvml", "process_sm_util_percent": 25.0, "process_mem_util_percent": 2.0}
{"timestamp_unix": 1772436842.491288, "pid": 80154, "device_index": 0, "gpu_uuid": "GPU-6f954bfd-7081-31b7-f15c-f9a174bf4d7f", "gpu_util_percent": 24.0, "gpu_mem_util_percent": 2.0, "gpu_mem_used_mib": 8211.0, "gpu_mem_total_mib": 49140.0, "gpu_power_w": 90.86, "process_present": true, "process_mem_mib": 7728.0, "process_mem_share_percent": 15.726495726495726, "process_util_available": true, "process_util_backend": "nvml", "process_sm_util_percent": 25.0, "process_mem_util_percent": 2.0}
{"timestamp_unix": 1772436842.7804706, "pid": 80154, "device_index": 0, "gpu_uuid": "GPU-6f954bfd-7081-31b7-f15c-f9a174bf4d7f", "gpu_util_percent": 24.0, "gpu_mem_util_percent": 2.0, "gpu_mem_used_mib": 8211.0, "gpu_mem_total_mib": 49140.0, "gpu_power_w": 90.86, "process_present": true, "process_mem_mib": 7728.0, "process_mem_share_percent": 15.726495726495726, "process_util_available": true, "process_util_backend": "nvml", "process_sm_util_percent": 25.0, "process_mem_util_percent": 2.0}
{"timestamp_unix": 1772436843.0830982, "pid": 80154, "device_index": 0, "gpu_uuid": "GPU-6f954bfd-7081-31b7-f15c-f9a174bf4d7f", "gpu_util_percent": 23.0, "gpu_mem_util_percent": 2.0, "gpu_mem_used_mib": 8211.0, "gpu_mem_total_mib": 49140.0, "gpu_power_w": 90.96, "process_present": true, "process_mem_mib": 7728.0, "process_mem_share_percent": 15.726495726495726, "process_util_available": true, "process_util_backend": "nvml", "process_sm_util_percent": 25.0, "process_mem_util_percent": 2.0}
{"timestamp_unix": 1772436843.3824775, "pid": 80154, "device_index": 0, "gpu_uuid": "GPU-6f954bfd-7081-31b7-f15c-f9a174bf4d7f", "gpu_util_percent": 23.0, "gpu_mem_util_percent": 2.0, "gpu_mem_used_mib": 8211.0, "gpu_mem_total_mib": 49140.0, "gpu_power_w": 90.24, "process_present": true, "process_mem_mib": 7728.0, "process_mem_share_percent": 15.726495726495726, "process_util_available": true, "process_util_backend": "nvml", "process_sm_util_percent": null, "process_mem_util_percent": null}
{"timestamp_unix": 1772436843.693886, "pid": 80154, "device_index": 0, "gpu_uuid": "GPU-6f954bfd-7081-31b7-f15c-f9a174bf4d7f", "gpu_util_percent": 23.0, "gpu_mem_util_percent": 2.0, "gpu_mem_used_mib": 8211.0, "gpu_mem_total_mib": 49140.0, "gpu_power_w": 90.24, "process_present": true, "process_mem_mib": 7728.0, "process_mem_share_percent": 15.726495726495726, "process_util_available": true, "process_util_backend": "nvml", "process_sm_util_percent": 23.0, "process_mem_util_percent": 2.0}
{"timestamp_unix": 1772436843.9960036, "pid": 80154, "device_index": 0, "gpu_uuid": "GPU-6f954bfd-7081-31b7-f15c-f9a174bf4d7f", "gpu_util_percent": 22.0, "gpu_mem_util_percent": 2.0, "gpu_mem_used_mib": 8211.0, "gpu_mem_total_mib": 49140.0, "gpu_power_w": 89.64, "process_present": true, "process_mem_mib": 7728.0, "process_mem_share_percent": 15.726495726495726, "process_util_available": true, "process_util_backend": "nvml", "process_sm_util_percent": 23.0, "process_mem_util_percent": 2.0}
{"timestamp_unix": 1772436844.2833443, "pid": 80154, "device_index": 0, "gpu_uuid": "GPU-6f954bfd-7081-31b7-f15c-f9a174bf4d7f", "gpu_util_percent": 22.0, "gpu_mem_util_percent": 2.0, "gpu_mem_used_mib": 8211.0, "gpu_mem_total_mib": 49140.0, "gpu_power_w": 89.64, "process_present": true, "process_mem_mib": 7728.0, "process_mem_share_percent": 15.726495726495726, "process_util_available": true, "process_util_backend": "nvml", "process_sm_util_percent": 23.0, "process_mem_util_percent": 2.0}
{"timestamp_unix": 1772436844.5686438, "pid": 80154, "device_index": 0, "gpu_uuid": "GPU-6f954bfd-7081-31b7-f15c-f9a174bf4d7f", "gpu_util_percent": 22.0, "gpu_mem_util_percent": 2.0, "gpu_mem_used_mib": 8211.0, "gpu_mem_total_mib": 49140.0, "gpu_power_w": 89.22, "process_present": true, "process_mem_mib": 7728.0, "process_mem_share_percent": 15.726495726495726, "process_util_available": true, "process_util_backend": "nvml", "process_sm_util_percent": null, "process_mem_util_percent": null}
{"timestamp_unix": 1772436844.8577988, "pid": 80154, "device_index": 0, "gpu_uuid": "GPU-6f954bfd-7081-31b7-f15c-f9a174bf4d7f", "gpu_util_percent": 23.0, "gpu_mem_util_percent": 2.0, "gpu_mem_used_mib": 8211.0, "gpu_mem_total_mib": 49140.0, "gpu_power_w": 89.71, "process_present": true, "process_mem_mib": 7728.0, "process_mem_share_percent": 15.726495726495726, "process_util_available": true, "process_util_backend": "nvml", "process_sm_util_percent": null, "process_mem_util_percent": null}
{"timestamp_unix": 1772436845.1498566, "pid": 80154, "device_index": 0, "gpu_uuid": "GPU-6f954bfd-7081-31b7-f15c-f9a174bf4d7f", "gpu_util_percent": 23.0, "gpu_mem_util_percent": 2.0, "gpu_mem_used_mib": 8211.0, "gpu_mem_total_mib": 49140.0, "gpu_power_w": 89.71, "process_present": true, "process_mem_mib": 7728.0, "process_mem_share_percent": 15.726495726495726, "process_util_available": true, "process_util_backend": "nvml", "process_sm_util_percent": 23.0, "process_mem_util_percent": 2.0}
{"timestamp_unix": 1772436845.4362054, "pid": 80154, "device_index": 0, "gpu_uuid": "GPU-6f954bfd-7081-31b7-f15c-f9a174bf4d7f", "gpu_util_percent": 23.0, "gpu_mem_util_percent": 2.0, "gpu_mem_used_mib": 8211.0, "gpu_mem_total_mib": 49140.0, "gpu_power_w": 89.73, "process_present": true, "process_mem_mib": 7728.0, "process_mem_share_percent": 15.726495726495726, "process_util_available": true, "process_util_backend": "nvml", "process_sm_util_percent": 23.0, "process_mem_util_percent": 2.0}
{"timestamp_unix": 1772436845.7254663, "pid": 80154, "device_index": 0, "gpu_uuid": "GPU-6f954bfd-7081-31b7-f15c-f9a174bf4d7f", "gpu_util_percent": 23.0, "gpu_mem_util_percent": 2.0, "gpu_mem_used_mib": 8211.0, "gpu_mem_total_mib": 49140.0, "gpu_power_w": 89.73, "process_present": true, "process_mem_mib": 7728.0, "process_mem_share_percent": 15.726495726495726, "process_util_available": true, "process_util_backend": "nvml", "process_sm_util_percent": 23.0, "process_mem_util_percent": 2.0}
{"timestamp_unix": 1772436846.0298297, "pid": 80154, "device_index": 0, "gpu_uuid": "GPU-6f954bfd-7081-31b7-f15c-f9a174bf4d7f", "gpu_util_percent": 22.0, "gpu_mem_util_percent": 2.0, "gpu_mem_used_mib": 8211.0, "gpu_mem_total_mib": 49140.0, "gpu_power_w": 89.79, "process_present": true, "process_mem_mib": 7728.0, "process_mem_share_percent": 15.726495726495726, "process_util_available": true, "process_util_backend": "nvml", "process_sm_util_percent": 23.0, "process_mem_util_percent": 2.0}
{"timestamp_unix": 1772436846.3331866, "pid": 80154, "device_index": 0, "gpu_uuid": "GPU-6f954bfd-7081-31b7-f15c-f9a174bf4d7f", "gpu_util_percent": 22.0, "gpu_mem_util_percent": 2.0, "gpu_mem_used_mib": 8211.0, "gpu_mem_total_mib": 49140.0, "gpu_power_w": 89.79, "process_present": true, "process_mem_mib": 7728.0, "process_mem_share_percent": 15.726495726495726, "process_util_available": true, "process_util_backend": "nvml", "process_sm_util_percent": 23.0, "process_mem_util_percent": 2.0}
{"timestamp_unix": 1772436846.8336387, "pid": 80154, "device_index": 0, "gpu_uuid": "GPU-6f954bfd-7081-31b7-f15c-f9a174bf4d7f", "gpu_util_percent": 22.0, "gpu_mem_util_percent": 2.0, "gpu_mem_used_mib": 8211.0, "gpu_mem_total_mib": 49140.0, "gpu_power_w": 89.92, "process_present": true, "process_mem_mib": 7728.0, "process_mem_share_percent": 15.726495726495726, "process_util_available": true, "process_util_backend": "nvml", "process_sm_util_percent": 10.0, "process_mem_util_percent": 1.0}
{"timestamp_unix": 1772436847.120985, "pid": 80154, "device_index": 0, "gpu_uuid": "GPU-6f954bfd-7081-31b7-f15c-f9a174bf4d7f", "gpu_util_percent": 23.0, "gpu_mem_util_percent": 2.0, "gpu_mem_used_mib": 8211.0, "gpu_mem_total_mib": 49140.0, "gpu_power_w": 88.38, "process_present": true, "process_mem_mib": 7728.0, "process_mem_share_percent": 15.726495726495726, "process_util_available": true, "process_util_backend": "nvml", "process_sm_util_percent": 23.0, "process_mem_util_percent": 2.0}
{"timestamp_unix": 1772436847.4098783, "pid": 80154, "device_index": 0, "gpu_uuid": "GPU-6f954bfd-7081-31b7-f15c-f9a174bf4d7f", "gpu_util_percent": 23.0, "gpu_mem_util_percent": 2.0, "gpu_mem_used_mib": 8211.0, "gpu_mem_total_mib": 49140.0, "gpu_power_w": 88.41, "process_present": true, "process_mem_mib": 7728.0, "process_mem_share_percent": 15.726495726495726, "process_util_available": true, "process_util_backend": "nvml", "process_sm_util_percent": 22.0, "process_mem_util_percent": 2.0}
{"timestamp_unix": 1772436847.7002518, "pid": 80154, "device_index": 0, "gpu_uuid": "GPU-6f954bfd-7081-31b7-f15c-f9a174bf4d7f", "gpu_util_percent": 23.0, "gpu_mem_util_percent": 2.0, "gpu_mem_used_mib": 8261.0, "gpu_mem_total_mib": 49140.0, "gpu_power_w": 88.41, "process_present": true, "process_mem_mib": 7778.0, "process_mem_share_percent": 15.82824582824583, "process_util_available": true, "process_util_backend": "nvml", "process_sm_util_percent": 12.0, "process_mem_util_percent": 1.0}
{"timestamp_unix": 1772436847.987953, "pid": 80154, "device_index": 0, "gpu_uuid": "GPU-6f954bfd-7081-31b7-f15c-f9a174bf4d7f", "gpu_util_percent": 21.0, "gpu_mem_util_percent": 2.0, "gpu_mem_used_mib": 8341.0, "gpu_mem_total_mib": 49140.0, "gpu_power_w": 88.23, "process_present": true, "process_mem_mib": 7858.0, "process_mem_share_percent": 15.99104599104599, "process_util_available": true, "process_util_backend": "nvml", "process_sm_util_percent": 23.0, "process_mem_util_percent": 2.0}
{"timestamp_unix": 1772436848.2769995, "pid": 80154, "device_index": 0, "gpu_uuid": "GPU-6f954bfd-7081-31b7-f15c-f9a174bf4d7f", "gpu_util_percent": 21.0, "gpu_mem_util_percent": 2.0, "gpu_mem_used_mib": 8341.0, "gpu_mem_total_mib": 49140.0, "gpu_power_w": 88.23, "process_present": true, "process_mem_mib": 7858.0, "process_mem_share_percent": 15.99104599104599, "process_util_available": true, "process_util_backend": "nvml", "process_sm_util_percent": 25.0, "process_mem_util_percent": 2.0}
{"timestamp_unix": 1772436848.5823436, "pid": 80154, "device_index": 0, "gpu_uuid": "GPU-6f954bfd-7081-31b7-f15c-f9a174bf4d7f", "gpu_util_percent": 21.0, "gpu_mem_util_percent": 2.0, "gpu_mem_used_mib": 8341.0, "gpu_mem_total_mib": 49140.0, "gpu_power_w": 88.56, "process_present": true, "process_mem_mib": 7858.0, "process_mem_share_percent": 15.99104599104599, "process_util_available": true, "process_util_backend": "nvml", "process_sm_util_percent": 24.0, "process_mem_util_percent": 2.0}
{"timestamp_unix": 1772436848.910195, "pid": 80154, "device_index": 0, "gpu_uuid": "GPU-6f954bfd-7081-31b7-f15c-f9a174bf4d7f", "gpu_util_percent": 24.0, "gpu_mem_util_percent": 3.0, "gpu_mem_used_mib": 8341.0, "gpu_mem_total_mib": 49140.0, "gpu_power_w": 90.64, "process_present": true, "process_mem_mib": 7858.0, "process_mem_share_percent": 15.99104599104599, "process_util_available": true, "process_util_backend": "nvml", "process_sm_util_percent": 25.0, "process_mem_util_percent": 2.0}
{"timestamp_unix": 1772436849.2004707, "pid": 80154, "device_index": 0, "gpu_uuid": "GPU-6f954bfd-7081-31b7-f15c-f9a174bf4d7f", "gpu_util_percent": 24.0, "gpu_mem_util_percent": 3.0, "gpu_mem_used_mib": 8341.0, "gpu_mem_total_mib": 49140.0, "gpu_power_w": 90.64, "process_present": true, "process_mem_mib": 7858.0, "process_mem_share_percent": 15.99104599104599, "process_util_available": true, "process_util_backend": "nvml", "process_sm_util_percent": 24.0, "process_mem_util_percent": 2.0}
{"timestamp_unix": 1772436849.4886086, "pid": 80154, "device_index": 0, "gpu_uuid": "GPU-6f954bfd-7081-31b7-f15c-f9a174bf4d7f", "gpu_util_percent": 24.0, "gpu_mem_util_percent": 3.0, "gpu_mem_used_mib": 8341.0, "gpu_mem_total_mib": 49140.0, "gpu_power_w": 90.89, "process_present": true, "process_mem_mib": 7858.0, "process_mem_share_percent": 15.99104599104599, "process_util_available": true, "process_util_backend": "nvml", "process_sm_util_percent": 25.0, "process_mem_util_percent": 2.0}
{"timestamp_unix": 1772436849.782494, "pid": 80154, "device_index": 0, "gpu_uuid": "GPU-6f954bfd-7081-31b7-f15c-f9a174bf4d7f", "gpu_util_percent": 24.0, "gpu_mem_util_percent": 3.0, "gpu_mem_used_mib": 8341.0, "gpu_mem_total_mib": 49140.0, "gpu_power_w": 90.89, "process_present": true, "process_mem_mib": 7858.0, "process_mem_share_percent": 15.99104599104599, "process_util_available": true, "process_util_backend": "nvml", "process_sm_util_percent": 24.0, "process_mem_util_percent": 2.0}
{"timestamp_unix": 1772436850.0710537, "pid": 80154, "device_index": 0, "gpu_uuid": "GPU-6f954bfd-7081-31b7-f15c-f9a174bf4d7f", "gpu_util_percent": 24.0, "gpu_mem_util_percent": 3.0, "gpu_mem_used_mib": 8341.0, "gpu_mem_total_mib": 49140.0, "gpu_power_w": 91.0, "process_present": true, "process_mem_mib": 7858.0, "process_mem_share_percent": 15.99104599104599, "process_util_available": true, "process_util_backend": "nvml", "process_sm_util_percent": 24.0, "process_mem_util_percent": 2.0}
{"timestamp_unix": 1772436850.3588808, "pid": 80154, "device_index": 0, "gpu_uuid": "GPU-6f954bfd-7081-31b7-f15c-f9a174bf4d7f", "gpu_util_percent": 24.0, "gpu_mem_util_percent": 3.0, "gpu_mem_used_mib": 8341.0, "gpu_mem_total_mib": 49140.0, "gpu_power_w": 91.08, "process_present": true, "process_mem_mib": 7858.0, "process_mem_share_percent": 15.99104599104599, "process_util_available": true, "process_util_backend": "nvml", "process_sm_util_percent": 25.0, "process_mem_util_percent": 2.0}
{"timestamp_unix": 1772436850.6549404, "pid": 80154, "device_index": 0, "gpu_uuid": "GPU-6f954bfd-7081-31b7-f15c-f9a174bf4d7f", "gpu_util_percent": 24.0, "gpu_mem_util_percent": 3.0, "gpu_mem_used_mib": 8341.0, "gpu_mem_total_mib": 49140.0, "gpu_power_w": 91.08, "process_present": true, "process_mem_mib": 7858.0, "process_mem_share_percent": 15.99104599104599, "process_util_available": true, "process_util_backend": "nvml", "process_sm_util_percent": 24.0, "process_mem_util_percent": 2.0}
{"timestamp_unix": 1772436850.9607134, "pid": 80154, "device_index": 0, "gpu_uuid": "GPU-6f954bfd-7081-31b7-f15c-f9a174bf4d7f", "gpu_util_percent": 25.0, "gpu_mem_util_percent": 3.0, "gpu_mem_used_mib": 8341.0, "gpu_mem_total_mib": 49140.0, "gpu_power_w": 90.94, "process_present": true, "process_mem_mib": 7858.0, "process_mem_share_percent": 15.99104599104599, "process_util_available": true, "process_util_backend": "nvml", "process_sm_util_percent": 25.0, "process_mem_util_percent": 2.0}
{"timestamp_unix": 1772436851.264978, "pid": 80154, "device_index": 0, "gpu_uuid": "GPU-6f954bfd-7081-31b7-f15c-f9a174bf4d7f", "gpu_util_percent": 25.0, "gpu_mem_util_percent": 3.0, "gpu_mem_used_mib": 8341.0, "gpu_mem_total_mib": 49140.0, "gpu_power_w": 90.94, "process_present": true, "process_mem_mib": 7858.0, "process_mem_share_percent": 15.99104599104599, "process_util_available": true, "process_util_backend": "nvml", "process_sm_util_percent": 25.0, "process_mem_util_percent": 2.0}
{"timestamp_unix": 1772436851.56549, "pid": 80154, "device_index": 0, "gpu_uuid": "GPU-6f954bfd-7081-31b7-f15c-f9a174bf4d7f", "gpu_util_percent": 25.0, "gpu_mem_util_percent": 3.0, "gpu_mem_used_mib": 8341.0, "gpu_mem_total_mib": 49140.0, "gpu_power_w": 90.8, "process_present": true, "process_mem_mib": 7858.0, "process_mem_share_percent": 15.99104599104599, "process_util_available": true, "process_util_backend": "nvml", "process_sm_util_percent": 25.0, "process_mem_util_percent": 2.0}
{"timestamp_unix": 1772436851.855229, "pid": 80154, "device_index": 0, "gpu_uuid": "GPU-6f954bfd-7081-31b7-f15c-f9a174bf4d7f", "gpu_util_percent": 25.0, "gpu_mem_util_percent": 3.0, "gpu_mem_used_mib": 8341.0, "gpu_mem_total_mib": 49140.0, "gpu_power_w": 90.75, "process_present": true, "process_mem_mib": 7858.0, "process_mem_share_percent": 15.99104599104599, "process_util_available": true, "process_util_backend": "nvml", "process_sm_util_percent": 25.0, "process_mem_util_percent": 2.0}
{"timestamp_unix": 1772436852.1434789, "pid": 80154, "device_index": 0, "gpu_uuid": "GPU-6f954bfd-7081-31b7-f15c-f9a174bf4d7f", "gpu_util_percent": 25.0, "gpu_mem_util_percent": 3.0, "gpu_mem_used_mib": 8341.0, "gpu_mem_total_mib": 49140.0, "gpu_power_w": 90.75, "process_present": true, "process_mem_mib": 7858.0, "process_mem_share_percent": 15.99104599104599, "process_util_available": true, "process_util_backend": "nvml", "process_sm_util_percent": null, "process_mem_util_percent": null}
{"timestamp_unix": 1772436852.4335506, "pid": 80154, "device_index": 0, "gpu_uuid": "GPU-6f954bfd-7081-31b7-f15c-f9a174bf4d7f", "gpu_util_percent": 25.0, "gpu_mem_util_percent": 3.0, "gpu_mem_used_mib": 8341.0, "gpu_mem_total_mib": 49140.0, "gpu_power_w": 90.79, "process_present": true, "process_mem_mib": 7858.0, "process_mem_share_percent": 15.99104599104599, "process_util_available": true, "process_util_backend": "nvml", "process_sm_util_percent": null, "process_mem_util_percent": null}
{"timestamp_unix": 1772436852.722097, "pid": 80154, "device_index": 0, "gpu_uuid": "GPU-6f954bfd-7081-31b7-f15c-f9a174bf4d7f", "gpu_util_percent": 25.0, "gpu_mem_util_percent": 3.0, "gpu_mem_used_mib": 8341.0, "gpu_mem_total_mib": 49140.0, "gpu_power_w": 90.79, "process_present": true, "process_mem_mib": 7858.0, "process_mem_share_percent": 15.99104599104599, "process_util_available": true, "process_util_backend": "nvml", "process_sm_util_percent": 25.0, "process_mem_util_percent": 2.0}
{"timestamp_unix": 1772436853.0095696, "pid": 80154, "device_index": 0, "gpu_uuid": "GPU-6f954bfd-7081-31b7-f15c-f9a174bf4d7f", "gpu_util_percent": 25.0, "gpu_mem_util_percent": 2.0, "gpu_mem_used_mib": 8341.0, "gpu_mem_total_mib": 49140.0, "gpu_power_w": 90.82, "process_present": true, "process_mem_mib": 7858.0, "process_mem_share_percent": 15.99104599104599, "process_util_available": true, "process_util_backend": "nvml", "process_sm_util_percent": 25.0, "process_mem_util_percent": 2.0}
{"timestamp_unix": 1772436853.3007116, "pid": 80154, "device_index": 0, "gpu_uuid": "GPU-6f954bfd-7081-31b7-f15c-f9a174bf4d7f", "gpu_util_percent": 25.0, "gpu_mem_util_percent": 2.0, "gpu_mem_used_mib": 8341.0, "gpu_mem_total_mib": 49140.0, "gpu_power_w": 90.82, "process_present": true, "process_mem_mib": 7858.0, "process_mem_share_percent": 15.99104599104599, "process_util_available": true, "process_util_backend": "nvml", "process_sm_util_percent": 13.0, "process_mem_util_percent": 1.0}
{"timestamp_unix": 1772436853.5987053, "pid": 80154, "device_index": 0, "gpu_uuid": "GPU-6f954bfd-7081-31b7-f15c-f9a174bf4d7f", "gpu_util_percent": 25.0, "gpu_mem_util_percent": 2.0, "gpu_mem_used_mib": 8341.0, "gpu_mem_total_mib": 49140.0, "gpu_power_w": 90.52, "process_present": true, "process_mem_mib": 7858.0, "process_mem_share_percent": 15.99104599104599, "process_util_available": true, "process_util_backend": "nvml", "process_sm_util_percent": null, "process_mem_util_percent": null}
{"timestamp_unix": 1772436853.910148, "pid": 80154, "device_index": 0, "gpu_uuid": "GPU-6f954bfd-7081-31b7-f15c-f9a174bf4d7f", "gpu_util_percent": 23.0, "gpu_mem_util_percent": 2.0, "gpu_mem_used_mib": 8341.0, "gpu_mem_total_mib": 49140.0, "gpu_power_w": 89.85, "process_present": true, "process_mem_mib": 7858.0, "process_mem_share_percent": 15.99104599104599, "process_util_available": true, "process_util_backend": "nvml", "process_sm_util_percent": null, "process_mem_util_percent": null}
{"timestamp_unix": 1772436854.2161639, "pid": 80154, "device_index": 0, "gpu_uuid": "GPU-6f954bfd-7081-31b7-f15c-f9a174bf4d7f", "gpu_util_percent": 23.0, "gpu_mem_util_percent": 2.0, "gpu_mem_used_mib": 8345.0, "gpu_mem_total_mib": 49140.0, "gpu_power_w": 89.85, "process_present": true, "process_mem_mib": 7858.0, "process_mem_share_percent": 15.99104599104599, "process_util_available": true, "process_util_backend": "nvml", "process_sm_util_percent": 24.0, "process_mem_util_percent": 2.0}
{"timestamp_unix": 1772436854.5032318, "pid": 80154, "device_index": 0, "gpu_uuid": "GPU-6f954bfd-7081-31b7-f15c-f9a174bf4d7f", "gpu_util_percent": 23.0, "gpu_mem_util_percent": 2.0, "gpu_mem_used_mib": 8345.0, "gpu_mem_total_mib": 49140.0, "gpu_power_w": 89.49, "process_present": true, "process_mem_mib": 7858.0, "process_mem_share_percent": 15.99104599104599, "process_util_available": true, "process_util_backend": "nvml", "process_sm_util_percent": null, "process_mem_util_percent": null}
{"timestamp_unix": 1772436854.792059, "pid": 80154, "device_index": 0, "gpu_uuid": "GPU-6f954bfd-7081-31b7-f15c-f9a174bf4d7f", "gpu_util_percent": 23.0, "gpu_mem_util_percent": 2.0, "gpu_mem_used_mib": 8345.0, "gpu_mem_total_mib": 49140.0, "gpu_power_w": 89.49, "process_present": true, "process_mem_mib": 7858.0, "process_mem_share_percent": 15.99104599104599, "process_util_available": true, "process_util_backend": "nvml", "process_sm_util_percent": null, "process_mem_util_percent": null}
{"timestamp_unix": 1772436855.0829148, "pid": 80154, "device_index": 0, "gpu_uuid": "GPU-6f954bfd-7081-31b7-f15c-f9a174bf4d7f", "gpu_util_percent": 22.0, "gpu_mem_util_percent": 2.0, "gpu_mem_used_mib": 8345.0, "gpu_mem_total_mib": 49140.0, "gpu_power_w": 90.26, "process_present": true, "process_mem_mib": 7858.0, "process_mem_share_percent": 15.99104599104599, "process_util_available": true, "process_util_backend": "nvml", "process_sm_util_percent": 23.0, "process_mem_util_percent": 2.0}
{"timestamp_unix": 1772436855.3695703, "pid": 80154, "device_index": 0, "gpu_uuid": "GPU-6f954bfd-7081-31b7-f15c-f9a174bf4d7f", "gpu_util_percent": 22.0, "gpu_mem_util_percent": 2.0, "gpu_mem_used_mib": 8345.0, "gpu_mem_total_mib": 49140.0, "gpu_power_w": 90.31, "process_present": true, "process_mem_mib": 7858.0, "process_mem_share_percent": 15.99104599104599, "process_util_available": true, "process_util_backend": "nvml", "process_sm_util_percent": 23.0, "process_mem_util_percent": 2.0}
{"timestamp_unix": 1772436855.658109, "pid": 80154, "device_index": 0, "gpu_uuid": "GPU-6f954bfd-7081-31b7-f15c-f9a174bf4d7f", "gpu_util_percent": 22.0, "gpu_mem_util_percent": 2.0, "gpu_mem_used_mib": 8345.0, "gpu_mem_total_mib": 49140.0, "gpu_power_w": 90.31, "process_present": true, "process_mem_mib": 7858.0, "process_mem_share_percent": 15.99104599104599, "process_util_available": true, "process_util_backend": "nvml", "process_sm_util_percent": 23.0, "process_mem_util_percent": 2.0}
{"timestamp_unix": 1772436855.9502547, "pid": 80154, "device_index": 0, "gpu_uuid": "GPU-6f954bfd-7081-31b7-f15c-f9a174bf4d7f", "gpu_util_percent": 23.0, "gpu_mem_util_percent": 2.0, "gpu_mem_used_mib": 8345.0, "gpu_mem_total_mib": 49140.0, "gpu_power_w": 90.35, "process_present": true, "process_mem_mib": 7858.0, "process_mem_share_percent": 15.99104599104599, "process_util_available": true, "process_util_backend": "nvml", "process_sm_util_percent": 23.0, "process_mem_util_percent": 2.0}
{"timestamp_unix": 1772436856.2503536, "pid": 80154, "device_index": 0, "gpu_uuid": "GPU-6f954bfd-7081-31b7-f15c-f9a174bf4d7f", "gpu_util_percent": 23.0, "gpu_mem_util_percent": 2.0, "gpu_mem_used_mib": 8354.0, "gpu_mem_total_mib": 49140.0, "gpu_power_w": 90.35, "process_present": true, "process_mem_mib": 7858.0, "process_mem_share_percent": 15.99104599104599, "process_util_available": true, "process_util_backend": "nvml", "process_sm_util_percent": 26.0, "process_mem_util_percent": 2.0}
{"timestamp_unix": 1772436856.5507412, "pid": 80154, "device_index": 0, "gpu_uuid": "GPU-6f954bfd-7081-31b7-f15c-f9a174bf4d7f", "gpu_util_percent": 23.0, "gpu_mem_util_percent": 2.0, "gpu_mem_used_mib": 8354.0, "gpu_mem_total_mib": 49140.0, "gpu_power_w": 90.42, "process_present": true, "process_mem_mib": 7858.0, "process_mem_share_percent": 15.99104599104599, "process_util_available": true, "process_util_backend": "nvml", "process_sm_util_percent": 22.0, "process_mem_util_percent": 2.0}
{"timestamp_unix": 1772436856.850207, "pid": 80154, "device_index": 0, "gpu_uuid": "GPU-6f954bfd-7081-31b7-f15c-f9a174bf4d7f", "gpu_util_percent": 21.0, "gpu_mem_util_percent": 2.0, "gpu_mem_used_mib": 8354.0, "gpu_mem_total_mib": 49140.0, "gpu_power_w": 90.37, "process_present": true, "process_mem_mib": 7858.0, "process_mem_share_percent": 15.99104599104599, "process_util_available": true, "process_util_backend": "nvml", "process_sm_util_percent": 22.0, "process_mem_util_percent": 2.0}
{"timestamp_unix": 1772436857.1385162, "pid": 80154, "device_index": 0, "gpu_uuid": "GPU-6f954bfd-7081-31b7-f15c-f9a174bf4d7f", "gpu_util_percent": 21.0, "gpu_mem_util_percent": 2.0, "gpu_mem_used_mib": 8354.0, "gpu_mem_total_mib": 49140.0, "gpu_power_w": 90.37, "process_present": true, "process_mem_mib": 7858.0, "process_mem_share_percent": 15.99104599104599, "process_util_available": true, "process_util_backend": "nvml", "process_sm_util_percent": 23.0, "process_mem_util_percent": 2.0}
{"timestamp_unix": 1772436857.4281635, "pid": 80154, "device_index": 0, "gpu_uuid": "GPU-6f954bfd-7081-31b7-f15c-f9a174bf4d7f", "gpu_util_percent": 21.0, "gpu_mem_util_percent": 2.0, "gpu_mem_used_mib": 8374.0, "gpu_mem_total_mib": 49140.0, "gpu_power_w": 90.19, "process_present": true, "process_mem_mib": 7878.0, "process_mem_share_percent": 16.03174603174603, "process_util_available": true, "process_util_backend": "nvml", "process_sm_util_percent": null, "process_mem_util_percent": null}
{"timestamp_unix": 1772436857.7181246, "pid": 80154, "device_index": 0, "gpu_uuid": "GPU-6f954bfd-7081-31b7-f15c-f9a174bf4d7f", "gpu_util_percent": 21.0, "gpu_mem_util_percent": 2.0, "gpu_mem_used_mib": 8438.0, "gpu_mem_total_mib": 49140.0, "gpu_power_w": 90.19, "process_present": true, "process_mem_mib": 7942.0, "process_mem_share_percent": 16.16198616198616, "process_util_available": true, "process_util_backend": "nvml", "process_sm_util_percent": 11.0, "process_mem_util_percent": 1.0}
{"timestamp_unix": 1772436858.0078385, "pid": 80154, "device_index": 0, "gpu_uuid": "GPU-6f954bfd-7081-31b7-f15c-f9a174bf4d7f", "gpu_util_percent": 24.0, "gpu_mem_util_percent": 3.0, "gpu_mem_used_mib": 8438.0, "gpu_mem_total_mib": 49140.0, "gpu_power_w": 88.6, "process_present": true, "process_mem_mib": 7942.0, "process_mem_share_percent": 16.16198616198616, "process_util_available": true, "process_util_backend": "nvml", "process_sm_util_percent": 23.0, "process_mem_util_percent": 2.0}
{"timestamp_unix": 1772436858.2951896, "pid": 80154, "device_index": 0, "gpu_uuid": "GPU-6f954bfd-7081-31b7-f15c-f9a174bf4d7f", "gpu_util_percent": 24.0, "gpu_mem_util_percent": 3.0, "gpu_mem_used_mib": 8439.0, "gpu_mem_total_mib": 49140.0, "gpu_power_w": 88.6, "process_present": true, "process_mem_mib": 7942.0, "process_mem_share_percent": 16.16198616198616, "process_util_available": true, "process_util_backend": "nvml", "process_sm_util_percent": 22.0, "process_mem_util_percent": 2.0}
{"timestamp_unix": 1772436858.586042, "pid": 80154, "device_index": 0, "gpu_uuid": "GPU-6f954bfd-7081-31b7-f15c-f9a174bf4d7f", "gpu_util_percent": 24.0, "gpu_mem_util_percent": 3.0, "gpu_mem_used_mib": 8439.0, "gpu_mem_total_mib": 49140.0, "gpu_power_w": 89.06, "process_present": true, "process_mem_mib": 7942.0, "process_mem_share_percent": 16.16198616198616, "process_util_available": true, "process_util_backend": "nvml", "process_sm_util_percent": 20.0, "process_mem_util_percent": 2.0}
{"timestamp_unix": 1772436858.8815062, "pid": 80154, "device_index": 0, "gpu_uuid": "GPU-6f954bfd-7081-31b7-f15c-f9a174bf4d7f", "gpu_util_percent": 21.0, "gpu_mem_util_percent": 3.0, "gpu_mem_used_mib": 8439.0, "gpu_mem_total_mib": 49140.0, "gpu_power_w": 91.43, "process_present": true, "process_mem_mib": 7942.0, "process_mem_share_percent": 16.16198616198616, "process_util_available": true, "process_util_backend": "nvml", "process_sm_util_percent": 21.0, "process_mem_util_percent": 2.0}
{"timestamp_unix": 1772436859.1823995, "pid": 80154, "device_index": 0, "gpu_uuid": "GPU-6f954bfd-7081-31b7-f15c-f9a174bf4d7f", "gpu_util_percent": 21.0, "gpu_mem_util_percent": 3.0, "gpu_mem_used_mib": 8439.0, "gpu_mem_total_mib": 49140.0, "gpu_power_w": 91.43, "process_present": true, "process_mem_mib": 7942.0, "process_mem_share_percent": 16.16198616198616, "process_util_available": true, "process_util_backend": "nvml", "process_sm_util_percent": 22.0, "process_mem_util_percent": 3.0}
{"timestamp_unix": 1772436859.48292, "pid": 80154, "device_index": 0, "gpu_uuid": "GPU-6f954bfd-7081-31b7-f15c-f9a174bf4d7f", "gpu_util_percent": 21.0, "gpu_mem_util_percent": 3.0, "gpu_mem_used_mib": 8439.0, "gpu_mem_total_mib": 49140.0, "gpu_power_w": 91.61, "process_present": true, "process_mem_mib": 7942.0, "process_mem_share_percent": 16.16198616198616, "process_util_available": true, "process_util_backend": "nvml", "process_sm_util_percent": 20.0, "process_mem_util_percent": 2.0}
{"timestamp_unix": 1772436859.7709792, "pid": 80154, "device_index": 0, "gpu_uuid": "GPU-6f954bfd-7081-31b7-f15c-f9a174bf4d7f", "gpu_util_percent": 21.0, "gpu_mem_util_percent": 3.0, "gpu_mem_used_mib": 8439.0, "gpu_mem_total_mib": 49140.0, "gpu_power_w": 91.61, "process_present": true, "process_mem_mib": 7942.0, "process_mem_share_percent": 16.16198616198616, "process_util_available": true, "process_util_backend": "nvml", "process_sm_util_percent": 20.0, "process_mem_util_percent": 2.0}
{"timestamp_unix": 1772436860.059813, "pid": 80154, "device_index": 0, "gpu_uuid": "GPU-6f954bfd-7081-31b7-f15c-f9a174bf4d7f", "gpu_util_percent": 19.0, "gpu_mem_util_percent": 3.0, "gpu_mem_used_mib": 8439.0, "gpu_mem_total_mib": 49140.0, "gpu_power_w": 91.6, "process_present": true, "process_mem_mib": 7942.0, "process_mem_share_percent": 16.16198616198616, "process_util_available": true, "process_util_backend": "nvml", "process_sm_util_percent": 20.0, "process_mem_util_percent": 2.0}
{"timestamp_unix": 1772436860.3498392, "pid": 80154, "device_index": 0, "gpu_uuid": "GPU-6f954bfd-7081-31b7-f15c-f9a174bf4d7f", "gpu_util_percent": 19.0, "gpu_mem_util_percent": 3.0, "gpu_mem_used_mib": 8439.0, "gpu_mem_total_mib": 49140.0, "gpu_power_w": 91.38, "process_present": true, "process_mem_mib": 7942.0, "process_mem_share_percent": 16.16198616198616, "process_util_available": true, "process_util_backend": "nvml", "process_sm_util_percent": 22.0, "process_mem_util_percent": 2.0}
{"timestamp_unix": 1772436860.6379132, "pid": 80154, "device_index": 0, "gpu_uuid": "GPU-6f954bfd-7081-31b7-f15c-f9a174bf4d7f", "gpu_util_percent": 19.0, "gpu_mem_util_percent": 3.0, "gpu_mem_used_mib": 8438.0, "gpu_mem_total_mib": 49140.0, "gpu_power_w": 91.38, "process_present": true, "process_mem_mib": 7942.0, "process_mem_share_percent": 16.16198616198616, "process_util_available": true, "process_util_backend": "nvml", "process_sm_util_percent": 22.0, "process_mem_util_percent": 2.0}
{"timestamp_unix": 1772436860.9259143, "pid": 80154, "device_index": 0, "gpu_uuid": "GPU-6f954bfd-7081-31b7-f15c-f9a174bf4d7f", "gpu_util_percent": 22.0, "gpu_mem_util_percent": 3.0, "gpu_mem_used_mib": 8439.0, "gpu_mem_total_mib": 49140.0, "gpu_power_w": 91.18, "process_present": true, "process_mem_mib": 7942.0, "process_mem_share_percent": 16.16198616198616, "process_util_available": true, "process_util_backend": "nvml", "process_sm_util_percent": 23.0, "process_mem_util_percent": 2.0}
{"timestamp_unix": 1772436861.2178583, "pid": 80154, "device_index": 0, "gpu_uuid": "GPU-6f954bfd-7081-31b7-f15c-f9a174bf4d7f", "gpu_util_percent": 22.0, "gpu_mem_util_percent": 3.0, "gpu_mem_used_mib": 8439.0, "gpu_mem_total_mib": 49140.0, "gpu_power_w": 91.18, "process_present": true, "process_mem_mib": 7942.0, "process_mem_share_percent": 16.16198616198616, "process_util_available": true, "process_util_backend": "nvml", "process_sm_util_percent": 26.0, "process_mem_util_percent": 2.0}
{"timestamp_unix": 1772436861.5158226, "pid": 80154, "device_index": 0, "gpu_uuid": "GPU-6f954bfd-7081-31b7-f15c-f9a174bf4d7f", "gpu_util_percent": 22.0, "gpu_mem_util_percent": 3.0, "gpu_mem_used_mib": 8439.0, "gpu_mem_total_mib": 49140.0, "gpu_power_w": 90.89, "process_present": true, "process_mem_mib": 7942.0, "process_mem_share_percent": 16.16198616198616, "process_util_available": true, "process_util_backend": "nvml", "process_sm_util_percent": 24.0, "process_mem_util_percent": 2.0}
{"timestamp_unix": 1772436861.817723, "pid": 80154, "device_index": 0, "gpu_uuid": "GPU-6f954bfd-7081-31b7-f15c-f9a174bf4d7f", "gpu_util_percent": 22.0, "gpu_mem_util_percent": 3.0, "gpu_mem_used_mib": 8439.0, "gpu_mem_total_mib": 49140.0, "gpu_power_w": 90.89, "process_present": true, "process_mem_mib": 7942.0, "process_mem_share_percent": 16.16198616198616, "process_util_available": true, "process_util_backend": "nvml", "process_sm_util_percent": 23.0, "process_mem_util_percent": 2.0}
{"timestamp_unix": 1772436862.1166885, "pid": 80154, "device_index": 0, "gpu_uuid": "GPU-6f954bfd-7081-31b7-f15c-f9a174bf4d7f", "gpu_util_percent": 23.0, "gpu_mem_util_percent": 3.0, "gpu_mem_used_mib": 8439.0, "gpu_mem_total_mib": 49140.0, "gpu_power_w": 90.85, "process_present": true, "process_mem_mib": 7942.0, "process_mem_share_percent": 16.16198616198616, "process_util_available": true, "process_util_backend": "nvml", "process_sm_util_percent": 23.0, "process_mem_util_percent": 2.0}
{"timestamp_unix": 1772436862.4057887, "pid": 80154, "device_index": 0, "gpu_uuid": "GPU-6f954bfd-7081-31b7-f15c-f9a174bf4d7f", "gpu_util_percent": 23.0, "gpu_mem_util_percent": 3.0, "gpu_mem_used_mib": 8439.0, "gpu_mem_total_mib": 49140.0, "gpu_power_w": 91.01, "process_present": true, "process_mem_mib": 7942.0, "process_mem_share_percent": 16.16198616198616, "process_util_available": true, "process_util_backend": "nvml", "process_sm_util_percent": 23.0, "process_mem_util_percent": 2.0}
{"timestamp_unix": 1772436862.7027903, "pid": 80154, "device_index": 0, "gpu_uuid": "GPU-6f954bfd-7081-31b7-f15c-f9a174bf4d7f", "gpu_util_percent": 23.0, "gpu_mem_util_percent": 3.0, "gpu_mem_used_mib": 8439.0, "gpu_mem_total_mib": 49140.0, "gpu_power_w": 91.01, "process_present": true, "process_mem_mib": 7942.0, "process_mem_share_percent": 16.16198616198616, "process_util_available": true, "process_util_backend": "nvml", "process_sm_util_percent": 23.0, "process_mem_util_percent": 2.0}
{"timestamp_unix": 1772436862.9943233, "pid": 80154, "device_index": 0, "gpu_uuid": "GPU-6f954bfd-7081-31b7-f15c-f9a174bf4d7f", "gpu_util_percent": 25.0, "gpu_mem_util_percent": 3.0, "gpu_mem_used_mib": 8439.0, "gpu_mem_total_mib": 49140.0, "gpu_power_w": 90.92, "process_present": true, "process_mem_mib": 7942.0, "process_mem_share_percent": 16.16198616198616, "process_util_available": true, "process_util_backend": "nvml", "process_sm_util_percent": 24.0, "process_mem_util_percent": 2.0}
{"timestamp_unix": 1772436863.2842107, "pid": 80154, "device_index": 0, "gpu_uuid": "GPU-6f954bfd-7081-31b7-f15c-f9a174bf4d7f", "gpu_util_percent": 25.0, "gpu_mem_util_percent": 3.0, "gpu_mem_used_mib": 8439.0, "gpu_mem_total_mib": 49140.0, "gpu_power_w": 90.92, "process_present": true, "process_mem_mib": 7942.0, "process_mem_share_percent": 16.16198616198616, "process_util_available": true, "process_util_backend": "nvml", "process_sm_util_percent": 10.0, "process_mem_util_percent": 1.0}
{"timestamp_unix": 1772436863.5729556, "pid": 80154, "device_index": 0, "gpu_uuid": "GPU-6f954bfd-7081-31b7-f15c-f9a174bf4d7f", "gpu_util_percent": 25.0, "gpu_mem_util_percent": 3.0, "gpu_mem_used_mib": 8438.0, "gpu_mem_total_mib": 49140.0, "gpu_power_w": 90.41, "process_present": true, "process_mem_mib": 7942.0, "process_mem_share_percent": 16.16198616198616, "process_util_available": true, "process_util_backend": "nvml", "process_sm_util_percent": 22.0, "process_mem_util_percent": 2.0}
{"timestamp_unix": 1772436863.8645077, "pid": 80154, "device_index": 0, "gpu_uuid": "GPU-6f954bfd-7081-31b7-f15c-f9a174bf4d7f", "gpu_util_percent": 23.0, "gpu_mem_util_percent": 2.0, "gpu_mem_used_mib": 8438.0, "gpu_mem_total_mib": 49140.0, "gpu_power_w": 90.09, "process_present": true, "process_mem_mib": 7942.0, "process_mem_share_percent": 16.16198616198616, "process_util_available": true, "process_util_backend": "nvml", "process_sm_util_percent": 22.0, "process_mem_util_percent": 2.0}
{"timestamp_unix": 1772436864.1796377, "pid": 80154, "device_index": 0, "gpu_uuid": "GPU-6f954bfd-7081-31b7-f15c-f9a174bf4d7f", "gpu_util_percent": 23.0, "gpu_mem_util_percent": 2.0, "gpu_mem_used_mib": 8434.0, "gpu_mem_total_mib": 49140.0, "gpu_power_w": 90.09, "process_present": true, "process_mem_mib": 7942.0, "process_mem_share_percent": 16.16198616198616, "process_util_available": true, "process_util_backend": "nvml", "process_sm_util_percent": 23.0, "process_mem_util_percent": 2.0}
{"timestamp_unix": 1772436864.4831717, "pid": 80154, "device_index": 0, "gpu_uuid": "GPU-6f954bfd-7081-31b7-f15c-f9a174bf4d7f", "gpu_util_percent": 23.0, "gpu_mem_util_percent": 2.0, "gpu_mem_used_mib": 8434.0, "gpu_mem_total_mib": 49140.0, "gpu_power_w": 90.2, "process_present": true, "process_mem_mib": 7942.0, "process_mem_share_percent": 16.16198616198616, "process_util_available": true, "process_util_backend": "nvml", "process_sm_util_percent": 22.0, "process_mem_util_percent": 2.0}
{"timestamp_unix": 1772436864.7875977, "pid": 80154, "device_index": 0, "gpu_uuid": "GPU-6f954bfd-7081-31b7-f15c-f9a174bf4d7f", "gpu_util_percent": 23.0, "gpu_mem_util_percent": 2.0, "gpu_mem_used_mib": 8434.0, "gpu_mem_total_mib": 49140.0, "gpu_power_w": 90.2, "process_present": true, "process_mem_mib": 7942.0, "process_mem_share_percent": 16.16198616198616, "process_util_available": true, "process_util_backend": "nvml", "process_sm_util_percent": 22.0, "process_mem_util_percent": 2.0}
{"timestamp_unix": 1772436865.074546, "pid": 80154, "device_index": 0, "gpu_uuid": "GPU-6f954bfd-7081-31b7-f15c-f9a174bf4d7f", "gpu_util_percent": 22.0, "gpu_mem_util_percent": 2.0, "gpu_mem_used_mib": 8434.0, "gpu_mem_total_mib": 49140.0, "gpu_power_w": 90.29, "process_present": true, "process_mem_mib": 7942.0, "process_mem_share_percent": 16.16198616198616, "process_util_available": true, "process_util_backend": "nvml", "process_sm_util_percent": 23.0, "process_mem_util_percent": 2.0}
{"timestamp_unix": 1772436865.3668308, "pid": 80154, "device_index": 0, "gpu_uuid": "GPU-6f954bfd-7081-31b7-f15c-f9a174bf4d7f", "gpu_util_percent": 22.0, "gpu_mem_util_percent": 2.0, "gpu_mem_used_mib": 8434.0, "gpu_mem_total_mib": 49140.0, "gpu_power_w": 90.28, "process_present": true, "process_mem_mib": 7942.0, "process_mem_share_percent": 16.16198616198616, "process_util_available": true, "process_util_backend": "nvml", "process_sm_util_percent": 22.0, "process_mem_util_percent": 2.0}
{"timestamp_unix": 1772436865.657864, "pid": 80154, "device_index": 0, "gpu_uuid": "GPU-6f954bfd-7081-31b7-f15c-f9a174bf4d7f", "gpu_util_percent": 22.0, "gpu_mem_util_percent": 2.0, "gpu_mem_used_mib": 8434.0, "gpu_mem_total_mib": 49140.0, "gpu_power_w": 90.28, "process_present": true, "process_mem_mib": 7942.0, "process_mem_share_percent": 16.16198616198616, "process_util_available": true, "process_util_backend": "nvml", "process_sm_util_percent": 22.0, "process_mem_util_percent": 2.0}
{"timestamp_unix": 1772436865.949648, "pid": 80154, "device_index": 0, "gpu_uuid": "GPU-6f954bfd-7081-31b7-f15c-f9a174bf4d7f", "gpu_util_percent": 23.0, "gpu_mem_util_percent": 3.0, "gpu_mem_used_mib": 8434.0, "gpu_mem_total_mib": 49140.0, "gpu_power_w": 90.38, "process_present": true, "process_mem_mib": 7942.0, "process_mem_share_percent": 16.16198616198616, "process_util_available": true, "process_util_backend": "nvml", "process_sm_util_percent": 22.0, "process_mem_util_percent": 2.0}
{"timestamp_unix": 1772436866.2382064, "pid": 80154, "device_index": 0, "gpu_uuid": "GPU-6f954bfd-7081-31b7-f15c-f9a174bf4d7f", "gpu_util_percent": 23.0, "gpu_mem_util_percent": 3.0, "gpu_mem_used_mib": 8434.0, "gpu_mem_total_mib": 49140.0, "gpu_power_w": 90.38, "process_present": true, "process_mem_mib": 7942.0, "process_mem_share_percent": 16.16198616198616, "process_util_available": true, "process_util_backend": "nvml", "process_sm_util_percent": 22.0, "process_mem_util_percent": 2.0}
{"timestamp_unix": 1772436866.5253046, "pid": 80154, "device_index": 0, "gpu_uuid": "GPU-6f954bfd-7081-31b7-f15c-f9a174bf4d7f", "gpu_util_percent": 23.0, "gpu_mem_util_percent": 3.0, "gpu_mem_used_mib": 8434.0, "gpu_mem_total_mib": 49140.0, "gpu_power_w": 90.27, "process_present": true, "process_mem_mib": 7942.0, "process_mem_share_percent": 16.16198616198616, "process_util_available": true, "process_util_backend": "nvml", "process_sm_util_percent": 22.0, "process_mem_util_percent": 2.0}
{"timestamp_unix": 1772436866.8438904, "pid": 80154, "device_index": 0, "gpu_uuid": "GPU-6f954bfd-7081-31b7-f15c-f9a174bf4d7f", "gpu_util_percent": 23.0, "gpu_mem_util_percent": 3.0, "gpu_mem_used_mib": 8434.0, "gpu_mem_total_mib": 49140.0, "gpu_power_w": 90.27, "process_present": true, "process_mem_mib": 7942.0, "process_mem_share_percent": 16.16198616198616, "process_util_available": true, "process_util_backend": "nvml", "process_sm_util_percent": 22.0, "process_mem_util_percent": 2.0}
{"timestamp_unix": 1772436867.1468801, "pid": 80154, "device_index": 0, "gpu_uuid": "GPU-6f954bfd-7081-31b7-f15c-f9a174bf4d7f", "gpu_util_percent": 23.0, "gpu_mem_util_percent": 3.0, "gpu_mem_used_mib": 8434.0, "gpu_mem_total_mib": 49140.0, "gpu_power_w": 90.13, "process_present": true, "process_mem_mib": 7942.0, "process_mem_share_percent": 16.16198616198616, "process_util_available": true, "process_util_backend": "nvml", "process_sm_util_percent": 22.0, "process_mem_util_percent": 2.0}
{"timestamp_unix": 1772436867.435409, "pid": 80154, "device_index": 0, "gpu_uuid": "GPU-6f954bfd-7081-31b7-f15c-f9a174bf4d7f", "gpu_util_percent": 23.0, "gpu_mem_util_percent": 3.0, "gpu_mem_used_mib": 8434.0, "gpu_mem_total_mib": 49140.0, "gpu_power_w": 88.99, "process_present": true, "process_mem_mib": 7942.0, "process_mem_share_percent": 16.16198616198616, "process_util_available": true, "process_util_backend": "nvml", "process_sm_util_percent": 15.0, "process_mem_util_percent": 1.0}
{"timestamp_unix": 1772436867.7247434, "pid": 80154, "device_index": 0, "gpu_uuid": "GPU-6f954bfd-7081-31b7-f15c-f9a174bf4d7f", "gpu_util_percent": 23.0, "gpu_mem_util_percent": 3.0, "gpu_mem_used_mib": 8478.0, "gpu_mem_total_mib": 49140.0, "gpu_power_w": 88.99, "process_present": true, "process_mem_mib": 7986.0, "process_mem_share_percent": 16.25152625152625, "process_util_available": true, "process_util_backend": "nvml", "process_sm_util_percent": 19.0, "process_mem_util_percent": 1.0}
{"timestamp_unix": 1772436868.016215, "pid": 80154, "device_index": 0, "gpu_uuid": "GPU-6f954bfd-7081-31b7-f15c-f9a174bf4d7f", "gpu_util_percent": 25.0, "gpu_mem_util_percent": 3.0, "gpu_mem_used_mib": 8478.0, "gpu_mem_total_mib": 49140.0, "gpu_power_w": 88.32, "process_present": true, "process_mem_mib": 7986.0, "process_mem_share_percent": 16.25152625152625, "process_util_available": true, "process_util_backend": "nvml", "process_sm_util_percent": 24.0, "process_mem_util_percent": 2.0}
{"timestamp_unix": 1772436868.3031251, "pid": 80154, "device_index": 0, "gpu_uuid": "GPU-6f954bfd-7081-31b7-f15c-f9a174bf4d7f", "gpu_util_percent": 25.0, "gpu_mem_util_percent": 3.0, "gpu_mem_used_mib": 8478.0, "gpu_mem_total_mib": 49140.0, "gpu_power_w": 88.32, "process_present": true, "process_mem_mib": 7986.0, "process_mem_share_percent": 16.25152625152625, "process_util_available": true, "process_util_backend": "nvml", "process_sm_util_percent": 24.0, "process_mem_util_percent": 2.0}
{"timestamp_unix": 1772436868.5916402, "pid": 80154, "device_index": 0, "gpu_uuid": "GPU-6f954bfd-7081-31b7-f15c-f9a174bf4d7f", "gpu_util_percent": 25.0, "gpu_mem_util_percent": 3.0, "gpu_mem_used_mib": 8478.0, "gpu_mem_total_mib": 49140.0, "gpu_power_w": 89.33, "process_present": true, "process_mem_mib": 7986.0, "process_mem_share_percent": 16.25152625152625, "process_util_available": true, "process_util_backend": "nvml", "process_sm_util_percent": 24.0, "process_mem_util_percent": 2.0}
{"timestamp_unix": 1772436868.8833253, "pid": 80154, "device_index": 0, "gpu_uuid": "GPU-6f954bfd-7081-31b7-f15c-f9a174bf4d7f", "gpu_util_percent": 25.0, "gpu_mem_util_percent": 3.0, "gpu_mem_used_mib": 8478.0, "gpu_mem_total_mib": 49140.0, "gpu_power_w": 91.55, "process_present": true, "process_mem_mib": 7986.0, "process_mem_share_percent": 16.25152625152625, "process_util_available": true, "process_util_backend": "nvml", "process_sm_util_percent": 24.0, "process_mem_util_percent": 2.0}
{"timestamp_unix": 1772436869.1798067, "pid": 80154, "device_index": 0, "gpu_uuid": "GPU-6f954bfd-7081-31b7-f15c-f9a174bf4d7f", "gpu_util_percent": 25.0, "gpu_mem_util_percent": 3.0, "gpu_mem_used_mib": 8476.0, "gpu_mem_total_mib": 49140.0, "gpu_power_w": 91.55, "process_present": true, "process_mem_mib": 7986.0, "process_mem_share_percent": 16.25152625152625, "process_util_available": true, "process_util_backend": "nvml", "process_sm_util_percent": 24.0, "process_mem_util_percent": 2.0}
{"timestamp_unix": 1772436869.4826114, "pid": 80154, "device_index": 0, "gpu_uuid": "GPU-6f954bfd-7081-31b7-f15c-f9a174bf4d7f", "gpu_util_percent": 25.0, "gpu_mem_util_percent": 3.0, "gpu_mem_used_mib": 8476.0, "gpu_mem_total_mib": 49140.0, "gpu_power_w": 91.4, "process_present": true, "process_mem_mib": 7986.0, "process_mem_share_percent": 16.25152625152625, "process_util_available": true, "process_util_backend": "nvml", "process_sm_util_percent": 24.0, "process_mem_util_percent": 2.0}
{"timestamp_unix": 1772436869.7831793, "pid": 80154, "device_index": 0, "gpu_uuid": "GPU-6f954bfd-7081-31b7-f15c-f9a174bf4d7f", "gpu_util_percent": 25.0, "gpu_mem_util_percent": 3.0, "gpu_mem_used_mib": 8476.0, "gpu_mem_total_mib": 49140.0, "gpu_power_w": 91.4, "process_present": true, "process_mem_mib": 7986.0, "process_mem_share_percent": 16.25152625152625, "process_util_available": true, "process_util_backend": "nvml", "process_sm_util_percent": null, "process_mem_util_percent": null}
{"timestamp_unix": 1772436870.0745893, "pid": 80154, "device_index": 0, "gpu_uuid": "GPU-6f954bfd-7081-31b7-f15c-f9a174bf4d7f", "gpu_util_percent": 24.0, "gpu_mem_util_percent": 3.0, "gpu_mem_used_mib": 8478.0, "gpu_mem_total_mib": 49140.0, "gpu_power_w": 91.47, "process_present": true, "process_mem_mib": 7986.0, "process_mem_share_percent": 16.25152625152625, "process_util_available": true, "process_util_backend": "nvml", "process_sm_util_percent": 12.0, "process_mem_util_percent": 1.0}
{"timestamp_unix": 1772436870.3668242, "pid": 80154, "device_index": 0, "gpu_uuid": "GPU-6f954bfd-7081-31b7-f15c-f9a174bf4d7f", "gpu_util_percent": 24.0, "gpu_mem_util_percent": 3.0, "gpu_mem_used_mib": 8478.0, "gpu_mem_total_mib": 49140.0, "gpu_power_w": 91.66, "process_present": true, "process_mem_mib": 7986.0, "process_mem_share_percent": 16.25152625152625, "process_util_available": true, "process_util_backend": "nvml", "process_sm_util_percent": 24.0, "process_mem_util_percent": 2.0}
{"timestamp_unix": 1772436870.6579564, "pid": 80154, "device_index": 0, "gpu_uuid": "GPU-6f954bfd-7081-31b7-f15c-f9a174bf4d7f", "gpu_util_percent": 24.0, "gpu_mem_util_percent": 3.0, "gpu_mem_used_mib": 8478.0, "gpu_mem_total_mib": 49140.0, "gpu_power_w": 91.66, "process_present": true, "process_mem_mib": 7986.0, "process_mem_share_percent": 16.25152625152625, "process_util_available": true, "process_util_backend": "nvml", "process_sm_util_percent": 24.0, "process_mem_util_percent": 2.0}
{"timestamp_unix": 1772436870.9493825, "pid": 80154, "device_index": 0, "gpu_uuid": "GPU-6f954bfd-7081-31b7-f15c-f9a174bf4d7f", "gpu_util_percent": 24.0, "gpu_mem_util_percent": 3.0, "gpu_mem_used_mib": 8478.0, "gpu_mem_total_mib": 49140.0, "gpu_power_w": 91.53, "process_present": true, "process_mem_mib": 7986.0, "process_mem_share_percent": 16.25152625152625, "process_util_available": true, "process_util_backend": "nvml", "process_sm_util_percent": 24.0, "process_mem_util_percent": 2.0}
{"timestamp_unix": 1772436871.2384386, "pid": 80154, "device_index": 0, "gpu_uuid": "GPU-6f954bfd-7081-31b7-f15c-f9a174bf4d7f", "gpu_util_percent": 24.0, "gpu_mem_util_percent": 3.0, "gpu_mem_used_mib": 8478.0, "gpu_mem_total_mib": 49140.0, "gpu_power_w": 91.53, "process_present": true, "process_mem_mib": 7986.0, "process_mem_share_percent": 16.25152625152625, "process_util_available": true, "process_util_backend": "nvml", "process_sm_util_percent": 25.0, "process_mem_util_percent": 2.0}
{"timestamp_unix": 1772436871.5258396, "pid": 80154, "device_index": 0, "gpu_uuid": "GPU-6f954bfd-7081-31b7-f15c-f9a174bf4d7f", "gpu_util_percent": 24.0, "gpu_mem_util_percent": 3.0, "gpu_mem_used_mib": 8478.0, "gpu_mem_total_mib": 49140.0, "gpu_power_w": 91.41, "process_present": true, "process_mem_mib": 7986.0, "process_mem_share_percent": 16.25152625152625, "process_util_available": true, "process_util_backend": "nvml", "process_sm_util_percent": 24.0, "process_mem_util_percent": 2.0}
{"timestamp_unix": 1772436871.8169148, "pid": 80154, "device_index": 0, "gpu_uuid": "GPU-6f954bfd-7081-31b7-f15c-f9a174bf4d7f", "gpu_util_percent": 24.0, "gpu_mem_util_percent": 3.0, "gpu_mem_used_mib": 8478.0, "gpu_mem_total_mib": 49140.0, "gpu_power_w": 91.41, "process_present": true, "process_mem_mib": 7986.0, "process_mem_share_percent": 16.25152625152625, "process_util_available": true, "process_util_backend": "nvml", "process_sm_util_percent": 24.0, "process_mem_util_percent": 2.0}
{"timestamp_unix": 1772436872.1168046, "pid": 80154, "device_index": 0, "gpu_uuid": "GPU-6f954bfd-7081-31b7-f15c-f9a174bf4d7f", "gpu_util_percent": 24.0, "gpu_mem_util_percent": 3.0, "gpu_mem_used_mib": 8478.0, "gpu_mem_total_mib": 49140.0, "gpu_power_w": 91.44, "process_present": true, "process_mem_mib": 7986.0, "process_mem_share_percent": 16.25152625152625, "process_util_available": true, "process_util_backend": "nvml", "process_sm_util_percent": 24.0, "process_mem_util_percent": 2.0}
{"timestamp_unix": 1772436872.4170504, "pid": 80154, "device_index": 0, "gpu_uuid": "GPU-6f954bfd-7081-31b7-f15c-f9a174bf4d7f", "gpu_util_percent": 24.0, "gpu_mem_util_percent": 3.0, "gpu_mem_used_mib": 8478.0, "gpu_mem_total_mib": 49140.0, "gpu_power_w": 91.5, "process_present": true, "process_mem_mib": 7986.0, "process_mem_share_percent": 16.25152625152625, "process_util_available": true, "process_util_backend": "nvml", "process_sm_util_percent": 24.0, "process_mem_util_percent": 2.0}
{"timestamp_unix": 1772436872.7092621, "pid": 80154, "device_index": 0, "gpu_uuid": "GPU-6f954bfd-7081-31b7-f15c-f9a174bf4d7f", "gpu_util_percent": 24.0, "gpu_mem_util_percent": 3.0, "gpu_mem_used_mib": 8478.0, "gpu_mem_total_mib": 49140.0, "gpu_power_w": 91.5, "process_present": true, "process_mem_mib": 7986.0, "process_mem_share_percent": 16.25152625152625, "process_util_available": true, "process_util_backend": "nvml", "process_sm_util_percent": 24.0, "process_mem_util_percent": 2.0}
{"timestamp_unix": 1772436873.001111, "pid": 80154, "device_index": 0, "gpu_uuid": "GPU-6f954bfd-7081-31b7-f15c-f9a174bf4d7f", "gpu_util_percent": 24.0, "gpu_mem_util_percent": 3.0, "gpu_mem_used_mib": 8478.0, "gpu_mem_total_mib": 49140.0, "gpu_power_w": 91.56, "process_present": true, "process_mem_mib": 7986.0, "process_mem_share_percent": 16.25152625152625, "process_util_available": true, "process_util_backend": "nvml", "process_sm_util_percent": 24.0, "process_mem_util_percent": 2.0}
{"timestamp_unix": 1772436873.2894466, "pid": 80154, "device_index": 0, "gpu_uuid": "GPU-6f954bfd-7081-31b7-f15c-f9a174bf4d7f", "gpu_util_percent": 24.0, "gpu_mem_util_percent": 3.0, "gpu_mem_used_mib": 8478.0, "gpu_mem_total_mib": 49140.0, "gpu_power_w": 91.56, "process_present": true, "process_mem_mib": 7986.0, "process_mem_share_percent": 16.25152625152625, "process_util_available": true, "process_util_backend": "nvml", "process_sm_util_percent": 19.0, "process_mem_util_percent": 1.0}
{"timestamp_unix": 1772436873.5839171, "pid": 80154, "device_index": 0, "gpu_uuid": "GPU-6f954bfd-7081-31b7-f15c-f9a174bf4d7f", "gpu_util_percent": 24.0, "gpu_mem_util_percent": 3.0, "gpu_mem_used_mib": 8478.0, "gpu_mem_total_mib": 49140.0, "gpu_power_w": 90.25, "process_present": true, "process_mem_mib": 7986.0, "process_mem_share_percent": 16.25152625152625, "process_util_available": true, "process_util_backend": "nvml", "process_sm_util_percent": 22.0, "process_mem_util_percent": 2.0}
{"timestamp_unix": 1772436873.8720531, "pid": 80154, "device_index": 0, "gpu_uuid": "GPU-6f954bfd-7081-31b7-f15c-f9a174bf4d7f", "gpu_util_percent": 23.0, "gpu_mem_util_percent": 2.0, "gpu_mem_used_mib": 8478.0, "gpu_mem_total_mib": 49140.0, "gpu_power_w": 89.78, "process_present": true, "process_mem_mib": 7986.0, "process_mem_share_percent": 16.25152625152625, "process_util_available": true, "process_util_backend": "nvml", "process_sm_util_percent": 22.0, "process_mem_util_percent": 2.0}
{"timestamp_unix": 1772436874.1699064, "pid": 80154, "device_index": 0, "gpu_uuid": "GPU-6f954bfd-7081-31b7-f15c-f9a174bf4d7f", "gpu_util_percent": 23.0, "gpu_mem_util_percent": 2.0, "gpu_mem_used_mib": 8481.0, "gpu_mem_total_mib": 49140.0, "gpu_power_w": 89.78, "process_present": true, "process_mem_mib": 7986.0, "process_mem_share_percent": 16.25152625152625, "process_util_available": true, "process_util_backend": "nvml", "process_sm_util_percent": 23.0, "process_mem_util_percent": 2.0}
{"timestamp_unix": 1772436874.4648237, "pid": 80154, "device_index": 0, "gpu_uuid": "GPU-6f954bfd-7081-31b7-f15c-f9a174bf4d7f", "gpu_util_percent": 23.0, "gpu_mem_util_percent": 2.0, "gpu_mem_used_mib": 8481.0, "gpu_mem_total_mib": 49140.0, "gpu_power_w": 90.52, "process_present": true, "process_mem_mib": 7986.0, "process_mem_share_percent": 16.25152625152625, "process_util_available": true, "process_util_backend": "nvml", "process_sm_util_percent": 22.0, "process_mem_util_percent": 2.0}
{"timestamp_unix": 1772436874.7665968, "pid": 80154, "device_index": 0, "gpu_uuid": "GPU-6f954bfd-7081-31b7-f15c-f9a174bf4d7f", "gpu_util_percent": 23.0, "gpu_mem_util_percent": 2.0, "gpu_mem_used_mib": 8481.0, "gpu_mem_total_mib": 49140.0, "gpu_power_w": 90.52, "process_present": true, "process_mem_mib": 7986.0, "process_mem_share_percent": 16.25152625152625, "process_util_available": true, "process_util_backend": "nvml", "process_sm_util_percent": 22.0, "process_mem_util_percent": 2.0}
{"timestamp_unix": 1772436875.0670018, "pid": 80154, "device_index": 0, "gpu_uuid": "GPU-6f954bfd-7081-31b7-f15c-f9a174bf4d7f", "gpu_util_percent": 23.0, "gpu_mem_util_percent": 3.0, "gpu_mem_used_mib": 8481.0, "gpu_mem_total_mib": 49140.0, "gpu_power_w": 90.5, "process_present": true, "process_mem_mib": 7986.0, "process_mem_share_percent": 16.25152625152625, "process_util_available": true, "process_util_backend": "nvml", "process_sm_util_percent": 22.0, "process_mem_util_percent": 2.0}
{"timestamp_unix": 1772436875.3579001, "pid": 80154, "device_index": 0, "gpu_uuid": "GPU-6f954bfd-7081-31b7-f15c-f9a174bf4d7f", "gpu_util_percent": 23.0, "gpu_mem_util_percent": 3.0, "gpu_mem_used_mib": 8480.0, "gpu_mem_total_mib": 49140.0, "gpu_power_w": 90.46, "process_present": true, "process_mem_mib": 7986.0, "process_mem_share_percent": 16.25152625152625, "process_util_available": true, "process_util_backend": "nvml", "process_sm_util_percent": 22.0, "process_mem_util_percent": 2.0}
{"timestamp_unix": 1772436875.646969, "pid": 80154, "device_index": 0, "gpu_uuid": "GPU-6f954bfd-7081-31b7-f15c-f9a174bf4d7f", "gpu_util_percent": 23.0, "gpu_mem_util_percent": 3.0, "gpu_mem_used_mib": 8480.0, "gpu_mem_total_mib": 49140.0, "gpu_power_w": 90.46, "process_present": true, "process_mem_mib": 7986.0, "process_mem_share_percent": 16.25152625152625, "process_util_available": true, "process_util_backend": "nvml", "process_sm_util_percent": 22.0, "process_mem_util_percent": 2.0}
{"timestamp_unix": 1772436875.9383614, "pid": 80154, "device_index": 0, "gpu_uuid": "GPU-6f954bfd-7081-31b7-f15c-f9a174bf4d7f", "gpu_util_percent": 23.0, "gpu_mem_util_percent": 3.0, "gpu_mem_used_mib": 8480.0, "gpu_mem_total_mib": 49140.0, "gpu_power_w": 90.45, "process_present": true, "process_mem_mib": 7986.0, "process_mem_share_percent": 16.25152625152625, "process_util_available": true, "process_util_backend": "nvml", "process_sm_util_percent": 22.0, "process_mem_util_percent": 2.0}
{"timestamp_unix": 1772436876.2267733, "pid": 80154, "device_index": 0, "gpu_uuid": "GPU-6f954bfd-7081-31b7-f15c-f9a174bf4d7f", "gpu_util_percent": 23.0, "gpu_mem_util_percent": 3.0, "gpu_mem_used_mib": 8480.0, "gpu_mem_total_mib": 49140.0, "gpu_power_w": 90.45, "process_present": true, "process_mem_mib": 7986.0, "process_mem_share_percent": 16.25152625152625, "process_util_available": true, "process_util_backend": "nvml", "process_sm_util_percent": 22.0, "process_mem_util_percent": 2.0}
{"timestamp_unix": 1772436876.5167258, "pid": 80154, "device_index": 0, "gpu_uuid": "GPU-6f954bfd-7081-31b7-f15c-f9a174bf4d7f", "gpu_util_percent": 23.0, "gpu_mem_util_percent": 3.0, "gpu_mem_used_mib": 8480.0, "gpu_mem_total_mib": 49140.0, "gpu_power_w": 90.49, "process_present": true, "process_mem_mib": 7986.0, "process_mem_share_percent": 16.25152625152625, "process_util_available": true, "process_util_backend": "nvml", "process_sm_util_percent": 22.0, "process_mem_util_percent": 2.0}
{"timestamp_unix": 1772436876.8073347, "pid": 80154, "device_index": 0, "gpu_uuid": "GPU-6f954bfd-7081-31b7-f15c-f9a174bf4d7f", "gpu_util_percent": 23.0, "gpu_mem_util_percent": 3.0, "gpu_mem_used_mib": 8480.0, "gpu_mem_total_mib": 49140.0, "gpu_power_w": 90.49, "process_present": true, "process_mem_mib": 7986.0, "process_mem_share_percent": 16.25152625152625, "process_util_available": true, "process_util_backend": "nvml", "process_sm_util_percent": 22.0, "process_mem_util_percent": 2.0}
{"timestamp_unix": 1772436877.0968692, "pid": 80154, "device_index": 0, "gpu_uuid": "GPU-6f954bfd-7081-31b7-f15c-f9a174bf4d7f", "gpu_util_percent": 23.0, "gpu_mem_util_percent": 3.0, "gpu_mem_used_mib": 8480.0, "gpu_mem_total_mib": 49140.0, "gpu_power_w": 90.59, "process_present": true, "process_mem_mib": 7986.0, "process_mem_share_percent": 16.25152625152625, "process_util_available": true, "process_util_backend": "nvml", "process_sm_util_percent": 11.0, "process_mem_util_percent": 1.0}
{"timestamp_unix": 1772436877.3981376, "pid": 80154, "device_index": 0, "gpu_uuid": "GPU-6f954bfd-7081-31b7-f15c-f9a174bf4d7f", "gpu_util_percent": 23.0, "gpu_mem_util_percent": 3.0, "gpu_mem_used_mib": 8537.0, "gpu_mem_total_mib": 49140.0, "gpu_power_w": 88.33, "process_present": true, "process_mem_mib": 8050.0, "process_mem_share_percent": 16.381766381766383, "process_util_available": true, "process_util_backend": "nvml", "process_sm_util_percent": 14.0, "process_mem_util_percent": 1.0}
{"timestamp_unix": 1772436877.709749, "pid": 80154, "device_index": 0, "gpu_uuid": "GPU-6f954bfd-7081-31b7-f15c-f9a174bf4d7f", "gpu_util_percent": 23.0, "gpu_mem_util_percent": 3.0, "gpu_mem_used_mib": 8537.0, "gpu_mem_total_mib": 49140.0, "gpu_power_w": 88.33, "process_present": true, "process_mem_mib": 8050.0, "process_mem_share_percent": 16.381766381766383, "process_util_available": true, "process_util_backend": "nvml", "process_sm_util_percent": 23.0, "process_mem_util_percent": 2.0}
{"timestamp_unix": 1772436877.9994974, "pid": 80154, "device_index": 0, "gpu_uuid": "GPU-6f954bfd-7081-31b7-f15c-f9a174bf4d7f", "gpu_util_percent": 25.0, "gpu_mem_util_percent": 3.0, "gpu_mem_used_mib": 8537.0, "gpu_mem_total_mib": 49140.0, "gpu_power_w": 88.83, "process_present": true, "process_mem_mib": 8050.0, "process_mem_share_percent": 16.381766381766383, "process_util_available": true, "process_util_backend": "nvml", "process_sm_util_percent": 24.0, "process_mem_util_percent": 2.0}
{"timestamp_unix": 1772436878.2883255, "pid": 80154, "device_index": 0, "gpu_uuid": "GPU-6f954bfd-7081-31b7-f15c-f9a174bf4d7f", "gpu_util_percent": 25.0, "gpu_mem_util_percent": 3.0, "gpu_mem_used_mib": 8537.0, "gpu_mem_total_mib": 49140.0, "gpu_power_w": 88.83, "process_present": true, "process_mem_mib": 8050.0, "process_mem_share_percent": 16.381766381766383, "process_util_available": true, "process_util_backend": "nvml", "process_sm_util_percent": 24.0, "process_mem_util_percent": 2.0}
{"timestamp_unix": 1772436878.5781887, "pid": 80154, "device_index": 0, "gpu_uuid": "GPU-6f954bfd-7081-31b7-f15c-f9a174bf4d7f", "gpu_util_percent": 25.0, "gpu_mem_util_percent": 3.0, "gpu_mem_used_mib": 8537.0, "gpu_mem_total_mib": 49140.0, "gpu_power_w": 91.05, "process_present": true, "process_mem_mib": 8050.0, "process_mem_share_percent": 16.381766381766383, "process_util_available": true, "process_util_backend": "nvml", "process_sm_util_percent": 24.0, "process_mem_util_percent": 2.0}
{"timestamp_unix": 1772436878.8677993, "pid": 80154, "device_index": 0, "gpu_uuid": "GPU-6f954bfd-7081-31b7-f15c-f9a174bf4d7f", "gpu_util_percent": 24.0, "gpu_mem_util_percent": 3.0, "gpu_mem_used_mib": 8537.0, "gpu_mem_total_mib": 49140.0, "gpu_power_w": 91.95, "process_present": true, "process_mem_mib": 8050.0, "process_mem_share_percent": 16.381766381766383, "process_util_available": true, "process_util_backend": "nvml", "process_sm_util_percent": 24.0, "process_mem_util_percent": 2.0}
{"timestamp_unix": 1772436879.1609657, "pid": 80154, "device_index": 0, "gpu_uuid": "GPU-6f954bfd-7081-31b7-f15c-f9a174bf4d7f", "gpu_util_percent": 24.0, "gpu_mem_util_percent": 3.0, "gpu_mem_used_mib": 8533.0, "gpu_mem_total_mib": 49140.0, "gpu_power_w": 91.95, "process_present": true, "process_mem_mib": 8050.0, "process_mem_share_percent": 16.381766381766383, "process_util_available": true, "process_util_backend": "nvml", "process_sm_util_percent": 24.0, "process_mem_util_percent": 2.0}
{"timestamp_unix": 1772436879.4531794, "pid": 80154, "device_index": 0, "gpu_uuid": "GPU-6f954bfd-7081-31b7-f15c-f9a174bf4d7f", "gpu_util_percent": 24.0, "gpu_mem_util_percent": 3.0, "gpu_mem_used_mib": 8533.0, "gpu_mem_total_mib": 49140.0, "gpu_power_w": 91.85, "process_present": true, "process_mem_mib": 8050.0, "process_mem_share_percent": 16.381766381766383, "process_util_available": true, "process_util_backend": "nvml", "process_sm_util_percent": 23.0, "process_mem_util_percent": 2.0}
{"timestamp_unix": 1772436879.759961, "pid": 80154, "device_index": 0, "gpu_uuid": "GPU-6f954bfd-7081-31b7-f15c-f9a174bf4d7f", "gpu_util_percent": 24.0, "gpu_mem_util_percent": 3.0, "gpu_mem_used_mib": 8533.0, "gpu_mem_total_mib": 49140.0, "gpu_power_w": 91.85, "process_present": true, "process_mem_mib": 8050.0, "process_mem_share_percent": 16.381766381766383, "process_util_available": true, "process_util_backend": "nvml", "process_sm_util_percent": 23.0, "process_mem_util_percent": 2.0}
{"timestamp_unix": 1772436880.065443, "pid": 80154, "device_index": 0, "gpu_uuid": "GPU-6f954bfd-7081-31b7-f15c-f9a174bf4d7f", "gpu_util_percent": 22.0, "gpu_mem_util_percent": 3.0, "gpu_mem_used_mib": 8533.0, "gpu_mem_total_mib": 49140.0, "gpu_power_w": 91.85, "process_present": true, "process_mem_mib": 8050.0, "process_mem_share_percent": 16.381766381766383, "process_util_available": true, "process_util_backend": "nvml", "process_sm_util_percent": 21.0, "process_mem_util_percent": 2.0}
{"timestamp_unix": 1772436880.3701322, "pid": 80154, "device_index": 0, "gpu_uuid": "GPU-6f954bfd-7081-31b7-f15c-f9a174bf4d7f", "gpu_util_percent": 22.0, "gpu_mem_util_percent": 3.0, "gpu_mem_used_mib": 8533.0, "gpu_mem_total_mib": 49140.0, "gpu_power_w": 91.88, "process_present": true, "process_mem_mib": 8050.0, "process_mem_share_percent": 16.381766381766383, "process_util_available": true, "process_util_backend": "nvml", "process_sm_util_percent": 21.0, "process_mem_util_percent": 2.0}
{"timestamp_unix": 1772436880.672695, "pid": 80154, "device_index": 0, "gpu_uuid": "GPU-6f954bfd-7081-31b7-f15c-f9a174bf4d7f", "gpu_util_percent": 22.0, "gpu_mem_util_percent": 3.0, "gpu_mem_used_mib": 8533.0, "gpu_mem_total_mib": 49140.0, "gpu_power_w": 91.88, "process_present": true, "process_mem_mib": 8050.0, "process_mem_share_percent": 16.381766381766383, "process_util_available": true, "process_util_backend": "nvml", "process_sm_util_percent": 21.0, "process_mem_util_percent": 2.0}
{"timestamp_unix": 1772436880.9653904, "pid": 80154, "device_index": 0, "gpu_uuid": "GPU-6f954bfd-7081-31b7-f15c-f9a174bf4d7f", "gpu_util_percent": 21.0, "gpu_mem_util_percent": 3.0, "gpu_mem_used_mib": 8533.0, "gpu_mem_total_mib": 49140.0, "gpu_power_w": 91.98, "process_present": true, "process_mem_mib": 8050.0, "process_mem_share_percent": 16.381766381766383, "process_util_available": true, "process_util_backend": "nvml", "process_sm_util_percent": 20.0, "process_mem_util_percent": 2.0}
{"timestamp_unix": 1772436881.2547371, "pid": 80154, "device_index": 0, "gpu_uuid": "GPU-6f954bfd-7081-31b7-f15c-f9a174bf4d7f", "gpu_util_percent": 21.0, "gpu_mem_util_percent": 3.0, "gpu_mem_used_mib": 8533.0, "gpu_mem_total_mib": 49140.0, "gpu_power_w": 91.98, "process_present": true, "process_mem_mib": 8050.0, "process_mem_share_percent": 16.381766381766383, "process_util_available": true, "process_util_backend": "nvml", "process_sm_util_percent": 20.0, "process_mem_util_percent": 2.0}
{"timestamp_unix": 1772436881.5440824, "pid": 80154, "device_index": 0, "gpu_uuid": "GPU-6f954bfd-7081-31b7-f15c-f9a174bf4d7f", "gpu_util_percent": 21.0, "gpu_mem_util_percent": 3.0, "gpu_mem_used_mib": 8533.0, "gpu_mem_total_mib": 49140.0, "gpu_power_w": 92.1, "process_present": true, "process_mem_mib": 8050.0, "process_mem_share_percent": 16.381766381766383, "process_util_available": true, "process_util_backend": "nvml", "process_sm_util_percent": 20.0, "process_mem_util_percent": 2.0}
{"timestamp_unix": 1772436881.8377051, "pid": 80154, "device_index": 0, "gpu_uuid": "GPU-6f954bfd-7081-31b7-f15c-f9a174bf4d7f", "gpu_util_percent": 21.0, "gpu_mem_util_percent": 3.0, "gpu_mem_used_mib": 8533.0, "gpu_mem_total_mib": 49140.0, "gpu_power_w": 92.1, "process_present": true, "process_mem_mib": 8050.0, "process_mem_share_percent": 16.381766381766383, "process_util_available": true, "process_util_backend": "nvml", "process_sm_util_percent": 21.0, "process_mem_util_percent": 2.0}
{"timestamp_unix": 1772436882.1257155, "pid": 80154, "device_index": 0, "gpu_uuid": "GPU-6f954bfd-7081-31b7-f15c-f9a174bf4d7f", "gpu_util_percent": 23.0, "gpu_mem_util_percent": 3.0, "gpu_mem_used_mib": 8533.0, "gpu_mem_total_mib": 49140.0, "gpu_power_w": 92.04, "process_present": true, "process_mem_mib": 8050.0, "process_mem_share_percent": 16.381766381766383, "process_util_available": true, "process_util_backend": "nvml", "process_sm_util_percent": 23.0, "process_mem_util_percent": 2.0}
{"timestamp_unix": 1772436882.4165633, "pid": 80154, "device_index": 0, "gpu_uuid": "GPU-6f954bfd-7081-31b7-f15c-f9a174bf4d7f", "gpu_util_percent": 23.0, "gpu_mem_util_percent": 3.0, "gpu_mem_used_mib": 8533.0, "gpu_mem_total_mib": 49140.0, "gpu_power_w": 91.95, "process_present": true, "process_mem_mib": 8050.0, "process_mem_share_percent": 16.381766381766383, "process_util_available": true, "process_util_backend": "nvml", "process_sm_util_percent": 23.0, "process_mem_util_percent": 2.0}
{"timestamp_unix": 1772436882.7301936, "pid": 80154, "device_index": 0, "gpu_uuid": "GPU-6f954bfd-7081-31b7-f15c-f9a174bf4d7f", "gpu_util_percent": 23.0, "gpu_mem_util_percent": 3.0, "gpu_mem_used_mib": 8533.0, "gpu_mem_total_mib": 49140.0, "gpu_power_w": 91.95, "process_present": true, "process_mem_mib": 8050.0, "process_mem_share_percent": 16.381766381766383, "process_util_available": true, "process_util_backend": "nvml", "process_sm_util_percent": 23.0, "process_mem_util_percent": 2.0}
{"timestamp_unix": 1772436883.0349653, "pid": 80154, "device_index": 0, "gpu_uuid": "GPU-6f954bfd-7081-31b7-f15c-f9a174bf4d7f", "gpu_util_percent": 14.0, "gpu_mem_util_percent": 1.0, "gpu_mem_used_mib": 8533.0, "gpu_mem_total_mib": 49140.0, "gpu_power_w": 91.17, "process_present": true, "process_mem_mib": 8050.0, "process_mem_share_percent": 16.381766381766383, "process_util_available": true, "process_util_backend": "nvml", "process_sm_util_percent": 17.0, "process_mem_util_percent": 1.0}
{"timestamp_unix": 1772436883.3315175, "pid": 80154, "device_index": 0, "gpu_uuid": "GPU-6f954bfd-7081-31b7-f15c-f9a174bf4d7f", "gpu_util_percent": 14.0, "gpu_mem_util_percent": 1.0, "gpu_mem_used_mib": 8533.0, "gpu_mem_total_mib": 49140.0, "gpu_power_w": 91.17, "process_present": true, "process_mem_mib": 8050.0, "process_mem_share_percent": 16.381766381766383, "process_util_available": true, "process_util_backend": "nvml", "process_sm_util_percent": 22.0, "process_mem_util_percent": 2.0}
{"timestamp_unix": 1772436883.6231034, "pid": 80154, "device_index": 0, "gpu_uuid": "GPU-6f954bfd-7081-31b7-f15c-f9a174bf4d7f", "gpu_util_percent": 14.0, "gpu_mem_util_percent": 1.0, "gpu_mem_used_mib": 8533.0, "gpu_mem_total_mib": 49140.0, "gpu_power_w": 90.43, "process_present": true, "process_mem_mib": 8050.0, "process_mem_share_percent": 16.381766381766383, "process_util_available": true, "process_util_backend": "nvml", "process_sm_util_percent": 22.0, "process_mem_util_percent": 2.0}
{"timestamp_unix": 1772436883.9150972, "pid": 80154, "device_index": 0, "gpu_uuid": "GPU-6f954bfd-7081-31b7-f15c-f9a174bf4d7f", "gpu_util_percent": 24.0, "gpu_mem_util_percent": 3.0, "gpu_mem_used_mib": 8533.0, "gpu_mem_total_mib": 49140.0, "gpu_power_w": 90.07, "process_present": true, "process_mem_mib": 8050.0, "process_mem_share_percent": 16.381766381766383, "process_util_available": true, "process_util_backend": "nvml", "process_sm_util_percent": 22.0, "process_mem_util_percent": 2.0}
{"timestamp_unix": 1772436884.2123039, "pid": 80154, "device_index": 0, "gpu_uuid": "GPU-6f954bfd-7081-31b7-f15c-f9a174bf4d7f", "gpu_util_percent": 24.0, "gpu_mem_util_percent": 3.0, "gpu_mem_used_mib": 8533.0, "gpu_mem_total_mib": 49140.0, "gpu_power_w": 90.07, "process_present": true, "process_mem_mib": 8050.0, "process_mem_share_percent": 16.381766381766383, "process_util_available": true, "process_util_backend": "nvml", "process_sm_util_percent": 22.0, "process_mem_util_percent": 2.0}
{"timestamp_unix": 1772436884.505279, "pid": 80154, "device_index": 0, "gpu_uuid": "GPU-6f954bfd-7081-31b7-f15c-f9a174bf4d7f", "gpu_util_percent": 24.0, "gpu_mem_util_percent": 3.0, "gpu_mem_used_mib": 8533.0, "gpu_mem_total_mib": 49140.0, "gpu_power_w": 90.96, "process_present": true, "process_mem_mib": 8050.0, "process_mem_share_percent": 16.381766381766383, "process_util_available": true, "process_util_backend": "nvml", "process_sm_util_percent": 23.0, "process_mem_util_percent": 2.0}
{"timestamp_unix": 1772436884.797344, "pid": 80154, "device_index": 0, "gpu_uuid": "GPU-6f954bfd-7081-31b7-f15c-f9a174bf4d7f", "gpu_util_percent": 24.0, "gpu_mem_util_percent": 3.0, "gpu_mem_used_mib": 8533.0, "gpu_mem_total_mib": 49140.0, "gpu_power_w": 90.96, "process_present": true, "process_mem_mib": 8050.0, "process_mem_share_percent": 16.381766381766383, "process_util_available": true, "process_util_backend": "nvml", "process_sm_util_percent": 22.0, "process_mem_util_percent": 2.0}
{"timestamp_unix": 1772436885.0878587, "pid": 80154, "device_index": 0, "gpu_uuid": "GPU-6f954bfd-7081-31b7-f15c-f9a174bf4d7f", "gpu_util_percent": 23.0, "gpu_mem_util_percent": 3.0, "gpu_mem_used_mib": 8533.0, "gpu_mem_total_mib": 49140.0, "gpu_power_w": 90.93, "process_present": true, "process_mem_mib": 8050.0, "process_mem_share_percent": 16.381766381766383, "process_util_available": true, "process_util_backend": "nvml", "process_sm_util_percent": 11.0, "process_mem_util_percent": 1.0}
{"timestamp_unix": 1772436885.409554, "pid": 80154, "device_index": 0, "gpu_uuid": "GPU-6f954bfd-7081-31b7-f15c-f9a174bf4d7f", "gpu_util_percent": 23.0, "gpu_mem_util_percent": 3.0, "gpu_mem_used_mib": 8533.0, "gpu_mem_total_mib": 49140.0, "gpu_power_w": 90.87, "process_present": true, "process_mem_mib": 8050.0, "process_mem_share_percent": 16.381766381766383, "process_util_available": true, "process_util_backend": "nvml", "process_sm_util_percent": null, "process_mem_util_percent": null}
{"timestamp_unix": 1772436885.7273667, "pid": 80154, "device_index": 0, "gpu_uuid": "GPU-6f954bfd-7081-31b7-f15c-f9a174bf4d7f", "gpu_util_percent": 23.0, "gpu_mem_util_percent": 3.0, "gpu_mem_used_mib": 8534.0, "gpu_mem_total_mib": 49140.0, "gpu_power_w": 90.87, "process_present": true, "process_mem_mib": 8050.0, "process_mem_share_percent": 16.381766381766383, "process_util_available": true, "process_util_backend": "nvml", "process_sm_util_percent": 11.0, "process_mem_util_percent": 1.0}
{"timestamp_unix": 1772436886.0193033, "pid": 80154, "device_index": 0, "gpu_uuid": "GPU-6f954bfd-7081-31b7-f15c-f9a174bf4d7f", "gpu_util_percent": 22.0, "gpu_mem_util_percent": 3.0, "gpu_mem_used_mib": 8534.0, "gpu_mem_total_mib": 49140.0, "gpu_power_w": 90.91, "process_present": true, "process_mem_mib": 8050.0, "process_mem_share_percent": 16.381766381766383, "process_util_available": true, "process_util_backend": "nvml", "process_sm_util_percent": 22.0, "process_mem_util_percent": 2.0}
{"timestamp_unix": 1772436886.3082066, "pid": 80154, "device_index": 0, "gpu_uuid": "GPU-6f954bfd-7081-31b7-f15c-f9a174bf4d7f", "gpu_util_percent": 22.0, "gpu_mem_util_percent": 3.0, "gpu_mem_used_mib": 8534.0, "gpu_mem_total_mib": 49140.0, "gpu_power_w": 90.91, "process_present": true, "process_mem_mib": 8050.0, "process_mem_share_percent": 16.381766381766383, "process_util_available": true, "process_util_backend": "nvml", "process_sm_util_percent": 22.0, "process_mem_util_percent": 2.0}
{"timestamp_unix": 1772436886.786444, "pid": 80154, "device_index": 0, "gpu_uuid": "GPU-6f954bfd-7081-31b7-f15c-f9a174bf4d7f", "gpu_util_percent": 22.0, "gpu_mem_util_percent": 3.0, "gpu_mem_used_mib": 8534.0, "gpu_mem_total_mib": 49140.0, "gpu_power_w": 90.95, "process_present": true, "process_mem_mib": 8050.0, "process_mem_share_percent": 16.381766381766383, "process_util_available": true, "process_util_backend": "nvml", "process_sm_util_percent": 11.0, "process_mem_util_percent": 1.0}
{"timestamp_unix": 1772436887.076504, "pid": 80154, "device_index": 0, "gpu_uuid": "GPU-6f954bfd-7081-31b7-f15c-f9a174bf4d7f", "gpu_util_percent": 20.0, "gpu_mem_util_percent": 2.0, "gpu_mem_used_mib": 8534.0, "gpu_mem_total_mib": 49140.0, "gpu_power_w": 89.22, "process_present": true, "process_mem_mib": 8050.0, "process_mem_share_percent": 16.381766381766383, "process_util_available": true, "process_util_backend": "nvml", "process_sm_util_percent": 10.0, "process_mem_util_percent": 1.0}
{"timestamp_unix": 1772436887.3666532, "pid": 80154, "device_index": 0, "gpu_uuid": "GPU-6f954bfd-7081-31b7-f15c-f9a174bf4d7f", "gpu_util_percent": 20.0, "gpu_mem_util_percent": 2.0, "gpu_mem_used_mib": 8578.0, "gpu_mem_total_mib": 49140.0, "gpu_power_w": 86.84, "process_present": true, "process_mem_mib": 8094.0, "process_mem_share_percent": 16.47130647130647, "process_util_available": true, "process_util_backend": "nvml", "process_sm_util_percent": 17.0, "process_mem_util_percent": 1.0}
{"timestamp_unix": 1772436887.6762547, "pid": 80154, "device_index": 0, "gpu_uuid": "GPU-6f954bfd-7081-31b7-f15c-f9a174bf4d7f", "gpu_util_percent": 20.0, "gpu_mem_util_percent": 2.0, "gpu_mem_used_mib": 8578.0, "gpu_mem_total_mib": 49140.0, "gpu_power_w": 86.84, "process_present": true, "process_mem_mib": 8094.0, "process_mem_share_percent": 16.47130647130647, "process_util_available": true, "process_util_backend": "nvml", "process_sm_util_percent": 24.0, "process_mem_util_percent": 3.0}
{"timestamp_unix": 1772436887.9835503, "pid": 80154, "device_index": 0, "gpu_uuid": "GPU-6f954bfd-7081-31b7-f15c-f9a174bf4d7f", "gpu_util_percent": 24.0, "gpu_mem_util_percent": 3.0, "gpu_mem_used_mib": 8578.0, "gpu_mem_total_mib": 49140.0, "gpu_power_w": 88.73, "process_present": true, "process_mem_mib": 8094.0, "process_mem_share_percent": 16.47130647130647, "process_util_available": true, "process_util_backend": "nvml", "process_sm_util_percent": 24.0, "process_mem_util_percent": 3.0}
{"timestamp_unix": 1772436888.2829933, "pid": 80154, "device_index": 0, "gpu_uuid": "GPU-6f954bfd-7081-31b7-f15c-f9a174bf4d7f", "gpu_util_percent": 24.0, "gpu_mem_util_percent": 3.0, "gpu_mem_used_mib": 8578.0, "gpu_mem_total_mib": 49140.0, "gpu_power_w": 88.73, "process_present": true, "process_mem_mib": 8094.0, "process_mem_share_percent": 16.47130647130647, "process_util_available": true, "process_util_backend": "nvml", "process_sm_util_percent": 24.0, "process_mem_util_percent": 2.0}
{"timestamp_unix": 1772436888.5714846, "pid": 80154, "device_index": 0, "gpu_uuid": "GPU-6f954bfd-7081-31b7-f15c-f9a174bf4d7f", "gpu_util_percent": 24.0, "gpu_mem_util_percent": 3.0, "gpu_mem_used_mib": 8578.0, "gpu_mem_total_mib": 49140.0, "gpu_power_w": 91.89, "process_present": true, "process_mem_mib": 8094.0, "process_mem_share_percent": 16.47130647130647, "process_util_available": true, "process_util_backend": "nvml", "process_sm_util_percent": 24.0, "process_mem_util_percent": 3.0}
{"timestamp_unix": 1772436888.8622582, "pid": 80154, "device_index": 0, "gpu_uuid": "GPU-6f954bfd-7081-31b7-f15c-f9a174bf4d7f", "gpu_util_percent": 24.0, "gpu_mem_util_percent": 3.0, "gpu_mem_used_mib": 8578.0, "gpu_mem_total_mib": 49140.0, "gpu_power_w": 92.19, "process_present": true, "process_mem_mib": 8094.0, "process_mem_share_percent": 16.47130647130647, "process_util_available": true, "process_util_backend": "nvml", "process_sm_util_percent": 23.0, "process_mem_util_percent": 3.0}
{"timestamp_unix": 1772436889.1554728, "pid": 80154, "device_index": 0, "gpu_uuid": "GPU-6f954bfd-7081-31b7-f15c-f9a174bf4d7f", "gpu_util_percent": 24.0, "gpu_mem_util_percent": 3.0, "gpu_mem_used_mib": 8578.0, "gpu_mem_total_mib": 49140.0, "gpu_power_w": 92.19, "process_present": true, "process_mem_mib": 8094.0, "process_mem_share_percent": 16.47130647130647, "process_util_available": true, "process_util_backend": "nvml", "process_sm_util_percent": 24.0, "process_mem_util_percent": 2.0}
{"timestamp_unix": 1772436889.4502943, "pid": 80154, "device_index": 0, "gpu_uuid": "GPU-6f954bfd-7081-31b7-f15c-f9a174bf4d7f", "gpu_util_percent": 24.0, "gpu_mem_util_percent": 3.0, "gpu_mem_used_mib": 8582.0, "gpu_mem_total_mib": 49140.0, "gpu_power_w": 92.23, "process_present": true, "process_mem_mib": 8094.0, "process_mem_share_percent": 16.47130647130647, "process_util_available": true, "process_util_backend": "nvml", "process_sm_util_percent": 24.0, "process_mem_util_percent": 3.0}
{"timestamp_unix": 1772436889.739179, "pid": 80154, "device_index": 0, "gpu_uuid": "GPU-6f954bfd-7081-31b7-f15c-f9a174bf4d7f", "gpu_util_percent": 24.0, "gpu_mem_util_percent": 3.0, "gpu_mem_used_mib": 8582.0, "gpu_mem_total_mib": 49140.0, "gpu_power_w": 92.23, "process_present": true, "process_mem_mib": 8094.0, "process_mem_share_percent": 16.47130647130647, "process_util_available": true, "process_util_backend": "nvml", "process_sm_util_percent": 24.0, "process_mem_util_percent": 2.0}
{"timestamp_unix": 1772436890.0315473, "pid": 80154, "device_index": 0, "gpu_uuid": "GPU-6f954bfd-7081-31b7-f15c-f9a174bf4d7f", "gpu_util_percent": 25.0, "gpu_mem_util_percent": 3.0, "gpu_mem_used_mib": 8582.0, "gpu_mem_total_mib": 49140.0, "gpu_power_w": 92.29, "process_present": true, "process_mem_mib": 8094.0, "process_mem_share_percent": 16.47130647130647, "process_util_available": true, "process_util_backend": "nvml", "process_sm_util_percent": 23.0, "process_mem_util_percent": 2.0}
{"timestamp_unix": 1772436890.3319268, "pid": 80154, "device_index": 0, "gpu_uuid": "GPU-6f954bfd-7081-31b7-f15c-f9a174bf4d7f", "gpu_util_percent": 25.0, "gpu_mem_util_percent": 3.0, "gpu_mem_used_mib": 8582.0, "gpu_mem_total_mib": 49140.0, "gpu_power_w": 92.29, "process_present": true, "process_mem_mib": 8094.0, "process_mem_share_percent": 16.47130647130647, "process_util_available": true, "process_util_backend": "nvml", "process_sm_util_percent": 24.0, "process_mem_util_percent": 2.0}
{"timestamp_unix": 1772436890.6331294, "pid": 80154, "device_index": 0, "gpu_uuid": "GPU-6f954bfd-7081-31b7-f15c-f9a174bf4d7f", "gpu_util_percent": 25.0, "gpu_mem_util_percent": 3.0, "gpu_mem_used_mib": 8582.0, "gpu_mem_total_mib": 49140.0, "gpu_power_w": 92.26, "process_present": true, "process_mem_mib": 8094.0, "process_mem_share_percent": 16.47130647130647, "process_util_available": true, "process_util_backend": "nvml", "process_sm_util_percent": 24.0, "process_mem_util_percent": 2.0}
{"timestamp_unix": 1772436890.933347, "pid": 80154, "device_index": 0, "gpu_uuid": "GPU-6f954bfd-7081-31b7-f15c-f9a174bf4d7f", "gpu_util_percent": 25.0, "gpu_mem_util_percent": 3.0, "gpu_mem_used_mib": 8582.0, "gpu_mem_total_mib": 49140.0, "gpu_power_w": 92.2, "process_present": true, "process_mem_mib": 8094.0, "process_mem_share_percent": 16.47130647130647, "process_util_available": true, "process_util_backend": "nvml", "process_sm_util_percent": 24.0, "process_mem_util_percent": 2.0}
{"timestamp_unix": 1772436891.2260969, "pid": 80154, "device_index": 0, "gpu_uuid": "GPU-6f954bfd-7081-31b7-f15c-f9a174bf4d7f", "gpu_util_percent": 25.0, "gpu_mem_util_percent": 3.0, "gpu_mem_used_mib": 8582.0, "gpu_mem_total_mib": 49140.0, "gpu_power_w": 92.2, "process_present": true, "process_mem_mib": 8094.0, "process_mem_share_percent": 16.47130647130647, "process_util_available": true, "process_util_backend": "nvml", "process_sm_util_percent": 23.0, "process_mem_util_percent": 2.0}
{"timestamp_unix": 1772436891.5169282, "pid": 80154, "device_index": 0, "gpu_uuid": "GPU-6f954bfd-7081-31b7-f15c-f9a174bf4d7f", "gpu_util_percent": 25.0, "gpu_mem_util_percent": 3.0, "gpu_mem_used_mib": 8582.0, "gpu_mem_total_mib": 49140.0, "gpu_power_w": 92.1, "process_present": true, "process_mem_mib": 8094.0, "process_mem_share_percent": 16.47130647130647, "process_util_available": true, "process_util_backend": "nvml", "process_sm_util_percent": 24.0, "process_mem_util_percent": 2.0}
{"timestamp_unix": 1772436891.8060374, "pid": 80154, "device_index": 0, "gpu_uuid": "GPU-6f954bfd-7081-31b7-f15c-f9a174bf4d7f", "gpu_util_percent": 25.0, "gpu_mem_util_percent": 3.0, "gpu_mem_used_mib": 8582.0, "gpu_mem_total_mib": 49140.0, "gpu_power_w": 92.1, "process_present": true, "process_mem_mib": 8094.0, "process_mem_share_percent": 16.47130647130647, "process_util_available": true, "process_util_backend": "nvml", "process_sm_util_percent": 23.0, "process_mem_util_percent": 2.0}
{"timestamp_unix": 1772436892.1031969, "pid": 80154, "device_index": 0, "gpu_uuid": "GPU-6f954bfd-7081-31b7-f15c-f9a174bf4d7f", "gpu_util_percent": 25.0, "gpu_mem_util_percent": 3.0, "gpu_mem_used_mib": 8582.0, "gpu_mem_total_mib": 49140.0, "gpu_power_w": 91.99, "process_present": true, "process_mem_mib": 8094.0, "process_mem_share_percent": 16.47130647130647, "process_util_available": true, "process_util_backend": "nvml", "process_sm_util_percent": 24.0, "process_mem_util_percent": 2.0}
{"timestamp_unix": 1772436892.3928208, "pid": 80154, "device_index": 0, "gpu_uuid": "GPU-6f954bfd-7081-31b7-f15c-f9a174bf4d7f", "gpu_util_percent": 25.0, "gpu_mem_util_percent": 3.0, "gpu_mem_used_mib": 8582.0, "gpu_mem_total_mib": 49140.0, "gpu_power_w": 91.93, "process_present": true, "process_mem_mib": 8094.0, "process_mem_share_percent": 16.47130647130647, "process_util_available": true, "process_util_backend": "nvml", "process_sm_util_percent": 24.0, "process_mem_util_percent": 2.0}
{"timestamp_unix": 1772436892.6859412, "pid": 80154, "device_index": 0, "gpu_uuid": "GPU-6f954bfd-7081-31b7-f15c-f9a174bf4d7f", "gpu_util_percent": 25.0, "gpu_mem_util_percent": 3.0, "gpu_mem_used_mib": 8582.0, "gpu_mem_total_mib": 49140.0, "gpu_power_w": 91.93, "process_present": true, "process_mem_mib": 8094.0, "process_mem_share_percent": 16.47130647130647, "process_util_available": true, "process_util_backend": "nvml", "process_sm_util_percent": 22.0, "process_mem_util_percent": 2.0}
{"timestamp_unix": 1772436892.9828548, "pid": 80154, "device_index": 0, "gpu_uuid": "GPU-6f954bfd-7081-31b7-f15c-f9a174bf4d7f", "gpu_util_percent": 22.0, "gpu_mem_util_percent": 3.0, "gpu_mem_used_mib": 8582.0, "gpu_mem_total_mib": 49140.0, "gpu_power_w": 90.94, "process_present": true, "process_mem_mib": 8094.0, "process_mem_share_percent": 16.47130647130647, "process_util_available": true, "process_util_backend": "nvml", "process_sm_util_percent": 21.0, "process_mem_util_percent": 2.0}
{"timestamp_unix": 1772436893.2806902, "pid": 80154, "device_index": 0, "gpu_uuid": "GPU-6f954bfd-7081-31b7-f15c-f9a174bf4d7f", "gpu_util_percent": 22.0, "gpu_mem_util_percent": 3.0, "gpu_mem_used_mib": 8581.0, "gpu_mem_total_mib": 49140.0, "gpu_power_w": 90.94, "process_present": true, "process_mem_mib": 8094.0, "process_mem_share_percent": 16.47130647130647, "process_util_available": true, "process_util_backend": "nvml", "process_sm_util_percent": 22.0, "process_mem_util_percent": 2.0}
{"timestamp_unix": 1772436893.5813463, "pid": 80154, "device_index": 0, "gpu_uuid": "GPU-6f954bfd-7081-31b7-f15c-f9a174bf4d7f", "gpu_util_percent": 22.0, "gpu_mem_util_percent": 3.0, "gpu_mem_used_mib": 8581.0, "gpu_mem_total_mib": 49140.0, "gpu_power_w": 90.33, "process_present": true, "process_mem_mib": 8094.0, "process_mem_share_percent": 16.47130647130647, "process_util_available": true, "process_util_backend": "nvml", "process_sm_util_percent": 22.0, "process_mem_util_percent": 2.0}
{"timestamp_unix": 1772436893.8830476, "pid": 80154, "device_index": 0, "gpu_uuid": "GPU-6f954bfd-7081-31b7-f15c-f9a174bf4d7f", "gpu_util_percent": 23.0, "gpu_mem_util_percent": 3.0, "gpu_mem_used_mib": 8581.0, "gpu_mem_total_mib": 49140.0, "gpu_power_w": 90.53, "process_present": true, "process_mem_mib": 8094.0, "process_mem_share_percent": 16.47130647130647, "process_util_available": true, "process_util_backend": "nvml", "process_sm_util_percent": 22.0, "process_mem_util_percent": 2.0}
{"timestamp_unix": 1772436894.1722677, "pid": 80154, "device_index": 0, "gpu_uuid": "GPU-6f954bfd-7081-31b7-f15c-f9a174bf4d7f", "gpu_util_percent": 23.0, "gpu_mem_util_percent": 3.0, "gpu_mem_used_mib": 8579.0, "gpu_mem_total_mib": 49140.0, "gpu_power_w": 90.53, "process_present": true, "process_mem_mib": 8094.0, "process_mem_share_percent": 16.47130647130647, "process_util_available": true, "process_util_backend": "nvml", "process_sm_util_percent": 23.0, "process_mem_util_percent": 2.0}
{"timestamp_unix": 1772436894.4608712, "pid": 80154, "device_index": 0, "gpu_uuid": "GPU-6f954bfd-7081-31b7-f15c-f9a174bf4d7f", "gpu_util_percent": 23.0, "gpu_mem_util_percent": 3.0, "gpu_mem_used_mib": 8583.0, "gpu_mem_total_mib": 49140.0, "gpu_power_w": 90.78, "process_present": true, "process_mem_mib": 8094.0, "process_mem_share_percent": 16.47130647130647, "process_util_available": true, "process_util_backend": "nvml", "process_sm_util_percent": 22.0, "process_mem_util_percent": 2.0}
{"timestamp_unix": 1772436894.750144, "pid": 80154, "device_index": 0, "gpu_uuid": "GPU-6f954bfd-7081-31b7-f15c-f9a174bf4d7f", "gpu_util_percent": 23.0, "gpu_mem_util_percent": 3.0, "gpu_mem_used_mib": 8583.0, "gpu_mem_total_mib": 49140.0, "gpu_power_w": 90.78, "process_present": true, "process_mem_mib": 8094.0, "process_mem_share_percent": 16.47130647130647, "process_util_available": true, "process_util_backend": "nvml", "process_sm_util_percent": 22.0, "process_mem_util_percent": 2.0}
{"timestamp_unix": 1772436895.0366344, "pid": 80154, "device_index": 0, "gpu_uuid": "GPU-6f954bfd-7081-31b7-f15c-f9a174bf4d7f", "gpu_util_percent": 23.0, "gpu_mem_util_percent": 3.0, "gpu_mem_used_mib": 8583.0, "gpu_mem_total_mib": 49140.0, "gpu_power_w": 90.78, "process_present": true, "process_mem_mib": 8094.0, "process_mem_share_percent": 16.47130647130647, "process_util_available": true, "process_util_backend": "nvml", "process_sm_util_percent": 22.0, "process_mem_util_percent": 2.0}
{"timestamp_unix": 1772436895.324259, "pid": 80154, "device_index": 0, "gpu_uuid": "GPU-6f954bfd-7081-31b7-f15c-f9a174bf4d7f", "gpu_util_percent": 23.0, "gpu_mem_util_percent": 3.0, "gpu_mem_used_mib": 8590.0, "gpu_mem_total_mib": 49140.0, "gpu_power_w": 90.78, "process_present": true, "process_mem_mib": 8094.0, "process_mem_share_percent": 16.47130647130647, "process_util_available": true, "process_util_backend": "nvml", "process_sm_util_percent": 23.0, "process_mem_util_percent": 2.0}
{"timestamp_unix": 1772436895.6148255, "pid": 80154, "device_index": 0, "gpu_uuid": "GPU-6f954bfd-7081-31b7-f15c-f9a174bf4d7f", "gpu_util_percent": 23.0, "gpu_mem_util_percent": 3.0, "gpu_mem_used_mib": 8590.0, "gpu_mem_total_mib": 49140.0, "gpu_power_w": 90.88, "process_present": true, "process_mem_mib": 8094.0, "process_mem_share_percent": 16.47130647130647, "process_util_available": true, "process_util_backend": "nvml", "process_sm_util_percent": 22.0, "process_mem_util_percent": 2.0}
{"timestamp_unix": 1772436895.9156458, "pid": 80154, "device_index": 0, "gpu_uuid": "GPU-6f954bfd-7081-31b7-f15c-f9a174bf4d7f", "gpu_util_percent": 23.0, "gpu_mem_util_percent": 3.0, "gpu_mem_used_mib": 8590.0, "gpu_mem_total_mib": 49140.0, "gpu_power_w": 91.06, "process_present": true, "process_mem_mib": 8094.0, "process_mem_share_percent": 16.47130647130647, "process_util_available": true, "process_util_backend": "nvml", "process_sm_util_percent": 22.0, "process_mem_util_percent": 2.0}
{"timestamp_unix": 1772436896.2274854, "pid": 80154, "device_index": 0, "gpu_uuid": "GPU-6f954bfd-7081-31b7-f15c-f9a174bf4d7f", "gpu_util_percent": 23.0, "gpu_mem_util_percent": 3.0, "gpu_mem_used_mib": 8590.0, "gpu_mem_total_mib": 49140.0, "gpu_power_w": 91.06, "process_present": true, "process_mem_mib": 8094.0, "process_mem_share_percent": 16.47130647130647, "process_util_available": true, "process_util_backend": "nvml", "process_sm_util_percent": 22.0, "process_mem_util_percent": 2.0}
{"timestamp_unix": 1772436896.5194395, "pid": 80154, "device_index": 0, "gpu_uuid": "GPU-6f954bfd-7081-31b7-f15c-f9a174bf4d7f", "gpu_util_percent": 23.0, "gpu_mem_util_percent": 3.0, "gpu_mem_used_mib": 8590.0, "gpu_mem_total_mib": 49140.0, "gpu_power_w": 91.06, "process_present": true, "process_mem_mib": 8094.0, "process_mem_share_percent": 16.47130647130647, "process_util_available": true, "process_util_backend": "nvml", "process_sm_util_percent": 22.0, "process_mem_util_percent": 2.0}
{"timestamp_unix": 1772436896.8092163, "pid": 80154, "device_index": 0, "gpu_uuid": "GPU-6f954bfd-7081-31b7-f15c-f9a174bf4d7f", "gpu_util_percent": 23.0, "gpu_mem_util_percent": 3.0, "gpu_mem_used_mib": 8590.0, "gpu_mem_total_mib": 49140.0, "gpu_power_w": 91.06, "process_present": true, "process_mem_mib": 8094.0, "process_mem_share_percent": 16.47130647130647, "process_util_available": true, "process_util_backend": "nvml", "process_sm_util_percent": 22.0, "process_mem_util_percent": 2.0}
{"timestamp_unix": 1772436897.099496, "pid": 80154, "device_index": 0, "gpu_uuid": "GPU-6f954bfd-7081-31b7-f15c-f9a174bf4d7f", "gpu_util_percent": 19.0, "gpu_mem_util_percent": 2.0, "gpu_mem_used_mib": 8590.0, "gpu_mem_total_mib": 49140.0, "gpu_power_w": 90.77, "process_present": true, "process_mem_mib": 8128.0, "process_mem_share_percent": 16.54049654049654, "process_util_available": true, "process_util_backend": "nvml", "process_sm_util_percent": 7.0, "process_mem_util_percent": 0.0}
{"timestamp_unix": 1772436897.386021, "pid": 80154, "device_index": 0, "gpu_uuid": "GPU-6f954bfd-7081-31b7-f15c-f9a174bf4d7f", "gpu_util_percent": 19.0, "gpu_mem_util_percent": 2.0, "gpu_mem_used_mib": 8634.0, "gpu_mem_total_mib": 49140.0, "gpu_power_w": 88.64, "process_present": true, "process_mem_mib": 8138.0, "process_mem_share_percent": 16.560846560846564, "process_util_available": true, "process_util_backend": "nvml", "process_sm_util_percent": 23.0, "process_mem_util_percent": 3.0}
{"timestamp_unix": 1772436897.6754851, "pid": 80154, "device_index": 0, "gpu_uuid": "GPU-6f954bfd-7081-31b7-f15c-f9a174bf4d7f", "gpu_util_percent": 19.0, "gpu_mem_util_percent": 2.0, "gpu_mem_used_mib": 8634.0, "gpu_mem_total_mib": 49140.0, "gpu_power_w": 88.64, "process_present": true, "process_mem_mib": 8138.0, "process_mem_share_percent": 16.560846560846564, "process_util_available": true, "process_util_backend": "nvml", "process_sm_util_percent": 24.0, "process_mem_util_percent": 3.0}
{"timestamp_unix": 1772436897.9667153, "pid": 80154, "device_index": 0, "gpu_uuid": "GPU-6f954bfd-7081-31b7-f15c-f9a174bf4d7f", "gpu_util_percent": 23.0, "gpu_mem_util_percent": 3.0, "gpu_mem_used_mib": 8634.0, "gpu_mem_total_mib": 49140.0, "gpu_power_w": 89.38, "process_present": true, "process_mem_mib": 8138.0, "process_mem_share_percent": 16.560846560846564, "process_util_available": true, "process_util_backend": "nvml", "process_sm_util_percent": 24.0, "process_mem_util_percent": 3.0}
{"timestamp_unix": 1772436898.265468, "pid": 80154, "device_index": 0, "gpu_uuid": "GPU-6f954bfd-7081-31b7-f15c-f9a174bf4d7f", "gpu_util_percent": 23.0, "gpu_mem_util_percent": 3.0, "gpu_mem_used_mib": 8632.0, "gpu_mem_total_mib": 49140.0, "gpu_power_w": 89.38, "process_present": true, "process_mem_mib": 8138.0, "process_mem_share_percent": 16.560846560846564, "process_util_available": true, "process_util_backend": "nvml", "process_sm_util_percent": 24.0, "process_mem_util_percent": 3.0}
{"timestamp_unix": 1772436898.5674958, "pid": 80154, "device_index": 0, "gpu_uuid": "GPU-6f954bfd-7081-31b7-f15c-f9a174bf4d7f", "gpu_util_percent": 23.0, "gpu_mem_util_percent": 3.0, "gpu_mem_used_mib": 8632.0, "gpu_mem_total_mib": 49140.0, "gpu_power_w": 92.56, "process_present": true, "process_mem_mib": 8138.0, "process_mem_share_percent": 16.560846560846564, "process_util_available": true, "process_util_backend": "nvml", "process_sm_util_percent": 24.0, "process_mem_util_percent": 3.0}
{"timestamp_unix": 1772436898.8664975, "pid": 80154, "device_index": 0, "gpu_uuid": "GPU-6f954bfd-7081-31b7-f15c-f9a174bf4d7f", "gpu_util_percent": 23.0, "gpu_mem_util_percent": 3.0, "gpu_mem_used_mib": 8632.0, "gpu_mem_total_mib": 49140.0, "gpu_power_w": 92.49, "process_present": true, "process_mem_mib": 8138.0, "process_mem_share_percent": 16.560846560846564, "process_util_available": true, "process_util_backend": "nvml", "process_sm_util_percent": 12.0, "process_mem_util_percent": 1.0}
{"timestamp_unix": 1772436899.1586776, "pid": 80154, "device_index": 0, "gpu_uuid": "GPU-6f954bfd-7081-31b7-f15c-f9a174bf4d7f", "gpu_util_percent": 23.0, "gpu_mem_util_percent": 3.0, "gpu_mem_used_mib": 8632.0, "gpu_mem_total_mib": 49140.0, "gpu_power_w": 92.49, "process_present": true, "process_mem_mib": 8138.0, "process_mem_share_percent": 16.560846560846564, "process_util_available": true, "process_util_backend": "nvml", "process_sm_util_percent": 24.0, "process_mem_util_percent": 3.0}
{"timestamp_unix": 1772436899.4493275, "pid": 80154, "device_index": 0, "gpu_uuid": "GPU-6f954bfd-7081-31b7-f15c-f9a174bf4d7f", "gpu_util_percent": 23.0, "gpu_mem_util_percent": 3.0, "gpu_mem_used_mib": 8632.0, "gpu_mem_total_mib": 49140.0, "gpu_power_w": 92.42, "process_present": true, "process_mem_mib": 8138.0, "process_mem_share_percent": 16.560846560846564, "process_util_available": true, "process_util_backend": "nvml", "process_sm_util_percent": 24.0, "process_mem_util_percent": 3.0}
{"timestamp_unix": 1772436899.741368, "pid": 80154, "device_index": 0, "gpu_uuid": "GPU-6f954bfd-7081-31b7-f15c-f9a174bf4d7f", "gpu_util_percent": 23.0, "gpu_mem_util_percent": 3.0, "gpu_mem_used_mib": 8632.0, "gpu_mem_total_mib": 49140.0, "gpu_power_w": 92.42, "process_present": true, "process_mem_mib": 8138.0, "process_mem_share_percent": 16.560846560846564, "process_util_available": true, "process_util_backend": "nvml", "process_sm_util_percent": 24.0, "process_mem_util_percent": 3.0}
{"timestamp_unix": 1772436900.0331705, "pid": 80154, "device_index": 0, "gpu_uuid": "GPU-6f954bfd-7081-31b7-f15c-f9a174bf4d7f", "gpu_util_percent": 23.0, "gpu_mem_util_percent": 3.0, "gpu_mem_used_mib": 8632.0, "gpu_mem_total_mib": 49140.0, "gpu_power_w": 92.38, "process_present": true, "process_mem_mib": 8138.0, "process_mem_share_percent": 16.560846560846564, "process_util_available": true, "process_util_backend": "nvml", "process_sm_util_percent": 24.0, "process_mem_util_percent": 3.0}
{"timestamp_unix": 1772436900.3192606, "pid": 80154, "device_index": 0, "gpu_uuid": "GPU-6f954bfd-7081-31b7-f15c-f9a174bf4d7f", "gpu_util_percent": 23.0, "gpu_mem_util_percent": 3.0, "gpu_mem_used_mib": 8632.0, "gpu_mem_total_mib": 49140.0, "gpu_power_w": 92.38, "process_present": true, "process_mem_mib": 8138.0, "process_mem_share_percent": 16.560846560846564, "process_util_available": true, "process_util_backend": "nvml", "process_sm_util_percent": 12.0, "process_mem_util_percent": 1.0}
{"timestamp_unix": 1772436900.6076972, "pid": 80154, "device_index": 0, "gpu_uuid": "GPU-6f954bfd-7081-31b7-f15c-f9a174bf4d7f", "gpu_util_percent": 23.0, "gpu_mem_util_percent": 3.0, "gpu_mem_used_mib": 8632.0, "gpu_mem_total_mib": 49140.0, "gpu_power_w": 92.43, "process_present": true, "process_mem_mib": 8138.0, "process_mem_share_percent": 16.560846560846564, "process_util_available": true, "process_util_backend": "nvml", "process_sm_util_percent": null, "process_mem_util_percent": null}
{"timestamp_unix": 1772436900.9119346, "pid": 80154, "device_index": 0, "gpu_uuid": "GPU-6f954bfd-7081-31b7-f15c-f9a174bf4d7f", "gpu_util_percent": 22.0, "gpu_mem_util_percent": 3.0, "gpu_mem_used_mib": 8632.0, "gpu_mem_total_mib": 49140.0, "gpu_power_w": 92.37, "process_present": true, "process_mem_mib": 8138.0, "process_mem_share_percent": 16.560846560846564, "process_util_available": true, "process_util_backend": "nvml", "process_sm_util_percent": null, "process_mem_util_percent": null}
{"timestamp_unix": 1772436901.2216272, "pid": 80154, "device_index": 0, "gpu_uuid": "GPU-6f954bfd-7081-31b7-f15c-f9a174bf4d7f", "gpu_util_percent": 22.0, "gpu_mem_util_percent": 3.0, "gpu_mem_used_mib": 8625.0, "gpu_mem_total_mib": 49140.0, "gpu_power_w": 92.37, "process_present": true, "process_mem_mib": 8138.0, "process_mem_share_percent": 16.560846560846564, "process_util_available": true, "process_util_backend": "nvml", "process_sm_util_percent": 23.0, "process_mem_util_percent": 3.0}
{"timestamp_unix": 1772436901.5170145, "pid": 80154, "device_index": 0, "gpu_uuid": "GPU-6f954bfd-7081-31b7-f15c-f9a174bf4d7f", "gpu_util_percent": 22.0, "gpu_mem_util_percent": 3.0, "gpu_mem_used_mib": 8625.0, "gpu_mem_total_mib": 49140.0, "gpu_power_w": 92.18, "process_present": true, "process_mem_mib": 8138.0, "process_mem_share_percent": 16.560846560846564, "process_util_available": true, "process_util_backend": "nvml", "process_sm_util_percent": 22.0, "process_mem_util_percent": 2.0}
{"timestamp_unix": 1772436901.81566, "pid": 80154, "device_index": 0, "gpu_uuid": "GPU-6f954bfd-7081-31b7-f15c-f9a174bf4d7f", "gpu_util_percent": 22.0, "gpu_mem_util_percent": 3.0, "gpu_mem_used_mib": 8625.0, "gpu_mem_total_mib": 49140.0, "gpu_power_w": 92.18, "process_present": true, "process_mem_mib": 8138.0, "process_mem_share_percent": 16.560846560846564, "process_util_available": true, "process_util_backend": "nvml", "process_sm_util_percent": 21.0, "process_mem_util_percent": 2.0}
{"timestamp_unix": 1772436902.11736, "pid": 80154, "device_index": 0, "gpu_uuid": "GPU-6f954bfd-7081-31b7-f15c-f9a174bf4d7f", "gpu_util_percent": 22.0, "gpu_mem_util_percent": 3.0, "gpu_mem_used_mib": 8625.0, "gpu_mem_total_mib": 49140.0, "gpu_power_w": 92.08, "process_present": true, "process_mem_mib": 8138.0, "process_mem_share_percent": 16.560846560846564, "process_util_available": true, "process_util_backend": "nvml", "process_sm_util_percent": 22.0, "process_mem_util_percent": 3.0}
{"timestamp_unix": 1772436902.4076357, "pid": 80154, "device_index": 0, "gpu_uuid": "GPU-6f954bfd-7081-31b7-f15c-f9a174bf4d7f", "gpu_util_percent": 22.0, "gpu_mem_util_percent": 3.0, "gpu_mem_used_mib": 8625.0, "gpu_mem_total_mib": 49140.0, "gpu_power_w": 92.28, "process_present": true, "process_mem_mib": 8138.0, "process_mem_share_percent": 16.560846560846564, "process_util_available": true, "process_util_backend": "nvml", "process_sm_util_percent": 20.0, "process_mem_util_percent": 3.0}
{"timestamp_unix": 1772436902.698504, "pid": 80154, "device_index": 0, "gpu_uuid": "GPU-6f954bfd-7081-31b7-f15c-f9a174bf4d7f", "gpu_util_percent": 22.0, "gpu_mem_util_percent": 3.0, "gpu_mem_used_mib": 8625.0, "gpu_mem_total_mib": 49140.0, "gpu_power_w": 92.28, "process_present": true, "process_mem_mib": 8138.0, "process_mem_share_percent": 16.560846560846564, "process_util_available": true, "process_util_backend": "nvml", "process_sm_util_percent": 17.0, "process_mem_util_percent": 2.0}
{"timestamp_unix": 1772436902.987732, "pid": 80154, "device_index": 0, "gpu_uuid": "GPU-6f954bfd-7081-31b7-f15c-f9a174bf4d7f", "gpu_util_percent": 17.0, "gpu_mem_util_percent": 3.0, "gpu_mem_used_mib": 8625.0, "gpu_mem_total_mib": 49140.0, "gpu_power_w": 91.36, "process_present": true, "process_mem_mib": 8138.0, "process_mem_share_percent": 16.560846560846564, "process_util_available": true, "process_util_backend": "nvml", "process_sm_util_percent": 18.0, "process_mem_util_percent": 2.0}
{"timestamp_unix": 1772436903.2696114, "pid": 80154, "device_index": 0, "gpu_uuid": "GPU-6f954bfd-7081-31b7-f15c-f9a174bf4d7f", "gpu_util_percent": 17.0, "gpu_mem_util_percent": 3.0, "gpu_mem_used_mib": 8625.0, "gpu_mem_total_mib": 49140.0, "gpu_power_w": 91.36, "process_present": true, "process_mem_mib": 8138.0, "process_mem_share_percent": 16.560846560846564, "process_util_available": true, "process_util_backend": "nvml", "process_sm_util_percent": 19.0, "process_mem_util_percent": 2.0}
{"timestamp_unix": 1772436903.5579958, "pid": 80154, "device_index": 0, "gpu_uuid": "GPU-6f954bfd-7081-31b7-f15c-f9a174bf4d7f", "gpu_util_percent": 17.0, "gpu_mem_util_percent": 3.0, "gpu_mem_used_mib": 8625.0, "gpu_mem_total_mib": 49140.0, "gpu_power_w": 90.69, "process_present": true, "process_mem_mib": 8138.0, "process_mem_share_percent": 16.560846560846564, "process_util_available": true, "process_util_backend": "nvml", "process_sm_util_percent": 20.0, "process_mem_util_percent": 2.0}
{"timestamp_unix": 1772436903.850673, "pid": 80154, "device_index": 0, "gpu_uuid": "GPU-6f954bfd-7081-31b7-f15c-f9a174bf4d7f", "gpu_util_percent": 21.0, "gpu_mem_util_percent": 3.0, "gpu_mem_used_mib": 8625.0, "gpu_mem_total_mib": 49140.0, "gpu_power_w": 91.07, "process_present": true, "process_mem_mib": 8138.0, "process_mem_share_percent": 16.560846560846564, "process_util_available": true, "process_util_backend": "nvml", "process_sm_util_percent": 21.0, "process_mem_util_percent": 2.0}
{"timestamp_unix": 1772436904.178009, "pid": 80154, "device_index": 0, "gpu_uuid": "GPU-6f954bfd-7081-31b7-f15c-f9a174bf4d7f", "gpu_util_percent": 21.0, "gpu_mem_util_percent": 3.0, "gpu_mem_used_mib": 8625.0, "gpu_mem_total_mib": 49140.0, "gpu_power_w": 91.07, "process_present": true, "process_mem_mib": 8138.0, "process_mem_share_percent": 16.560846560846564, "process_util_available": true, "process_util_backend": "nvml", "process_sm_util_percent": 22.0, "process_mem_util_percent": 2.0}
{"timestamp_unix": 1772436904.4827383, "pid": 80154, "device_index": 0, "gpu_uuid": "GPU-6f954bfd-7081-31b7-f15c-f9a174bf4d7f", "gpu_util_percent": 21.0, "gpu_mem_util_percent": 3.0, "gpu_mem_used_mib": 8625.0, "gpu_mem_total_mib": 49140.0, "gpu_power_w": 91.15, "process_present": true, "process_mem_mib": 8138.0, "process_mem_share_percent": 16.560846560846564, "process_util_available": true, "process_util_backend": "nvml", "process_sm_util_percent": 23.0, "process_mem_util_percent": 2.0}
{"timestamp_unix": 1772436904.7838392, "pid": 80154, "device_index": 0, "gpu_uuid": "GPU-6f954bfd-7081-31b7-f15c-f9a174bf4d7f", "gpu_util_percent": 21.0, "gpu_mem_util_percent": 3.0, "gpu_mem_used_mib": 8625.0, "gpu_mem_total_mib": 49140.0, "gpu_power_w": 91.15, "process_present": true, "process_mem_mib": 8138.0, "process_mem_share_percent": 16.560846560846564, "process_util_available": true, "process_util_backend": "nvml", "process_sm_util_percent": 23.0, "process_mem_util_percent": 2.0}
{"timestamp_unix": 1772436905.0723336, "pid": 80154, "device_index": 0, "gpu_uuid": "GPU-6f954bfd-7081-31b7-f15c-f9a174bf4d7f", "gpu_util_percent": 22.0, "gpu_mem_util_percent": 3.0, "gpu_mem_used_mib": 8625.0, "gpu_mem_total_mib": 49140.0, "gpu_power_w": 91.25, "process_present": true, "process_mem_mib": 8138.0, "process_mem_share_percent": 16.560846560846564, "process_util_available": true, "process_util_backend": "nvml", "process_sm_util_percent": 23.0, "process_mem_util_percent": 2.0}
{"timestamp_unix": 1772436905.3649023, "pid": 80154, "device_index": 0, "gpu_uuid": "GPU-6f954bfd-7081-31b7-f15c-f9a174bf4d7f", "gpu_util_percent": 22.0, "gpu_mem_util_percent": 3.0, "gpu_mem_used_mib": 8625.0, "gpu_mem_total_mib": 49140.0, "gpu_power_w": 91.21, "process_present": true, "process_mem_mib": 8138.0, "process_mem_share_percent": 16.560846560846564, "process_util_available": true, "process_util_backend": "nvml", "process_sm_util_percent": 23.0, "process_mem_util_percent": 2.0}
{"timestamp_unix": 1772436905.6525874, "pid": 80154, "device_index": 0, "gpu_uuid": "GPU-6f954bfd-7081-31b7-f15c-f9a174bf4d7f", "gpu_util_percent": 22.0, "gpu_mem_util_percent": 3.0, "gpu_mem_used_mib": 8625.0, "gpu_mem_total_mib": 49140.0, "gpu_power_w": 91.21, "process_present": true, "process_mem_mib": 8138.0, "process_mem_share_percent": 16.560846560846564, "process_util_available": true, "process_util_backend": "nvml", "process_sm_util_percent": 23.0, "process_mem_util_percent": 3.0}
{"timestamp_unix": 1772436905.94309, "pid": 80154, "device_index": 0, "gpu_uuid": "GPU-6f954bfd-7081-31b7-f15c-f9a174bf4d7f", "gpu_util_percent": 23.0, "gpu_mem_util_percent": 3.0, "gpu_mem_used_mib": 8625.0, "gpu_mem_total_mib": 49140.0, "gpu_power_w": 91.28, "process_present": true, "process_mem_mib": 8138.0, "process_mem_share_percent": 16.560846560846564, "process_util_available": true, "process_util_backend": "nvml", "process_sm_util_percent": 23.0, "process_mem_util_percent": 3.0}
{"timestamp_unix": 1772436906.235743, "pid": 80154, "device_index": 0, "gpu_uuid": "GPU-6f954bfd-7081-31b7-f15c-f9a174bf4d7f", "gpu_util_percent": 23.0, "gpu_mem_util_percent": 3.0, "gpu_mem_used_mib": 8625.0, "gpu_mem_total_mib": 49140.0, "gpu_power_w": 91.28, "process_present": true, "process_mem_mib": 8138.0, "process_mem_share_percent": 16.560846560846564, "process_util_available": true, "process_util_backend": "nvml", "process_sm_util_percent": 23.0, "process_mem_util_percent": 3.0}
{"timestamp_unix": 1772436906.5246918, "pid": 80154, "device_index": 0, "gpu_uuid": "GPU-6f954bfd-7081-31b7-f15c-f9a174bf4d7f", "gpu_util_percent": 23.0, "gpu_mem_util_percent": 3.0, "gpu_mem_used_mib": 8625.0, "gpu_mem_total_mib": 49140.0, "gpu_power_w": 91.4, "process_present": true, "process_mem_mib": 8138.0, "process_mem_share_percent": 16.560846560846564, "process_util_available": true, "process_util_backend": "nvml", "process_sm_util_percent": 23.0, "process_mem_util_percent": 3.0}
{"timestamp_unix": 1772436906.8297186, "pid": 80154, "device_index": 0, "gpu_uuid": "GPU-6f954bfd-7081-31b7-f15c-f9a174bf4d7f", "gpu_util_percent": 23.0, "gpu_mem_util_percent": 3.0, "gpu_mem_used_mib": 8625.0, "gpu_mem_total_mib": 49140.0, "gpu_power_w": 91.4, "process_present": true, "process_mem_mib": 8138.0, "process_mem_share_percent": 16.560846560846564, "process_util_available": true, "process_util_backend": "nvml", "process_sm_util_percent": null, "process_mem_util_percent": null}
{"timestamp_unix": 1772436907.1340432, "pid": 80154, "device_index": 0, "gpu_uuid": "GPU-6f954bfd-7081-31b7-f15c-f9a174bf4d7f", "gpu_util_percent": 12.0, "gpu_mem_util_percent": 1.0, "gpu_mem_used_mib": 8689.0, "gpu_mem_total_mib": 49140.0, "gpu_power_w": 89.45, "process_present": true, "process_mem_mib": 8202.0, "process_mem_share_percent": 16.69108669108669, "process_util_available": true, "process_util_backend": "nvml", "process_sm_util_percent": 19.0, "process_mem_util_percent": 2.0}
{"timestamp_unix": 1772436907.4217708, "pid": 80154, "device_index": 0, "gpu_uuid": "GPU-6f954bfd-7081-31b7-f15c-f9a174bf4d7f", "gpu_util_percent": 12.0, "gpu_mem_util_percent": 1.0, "gpu_mem_used_mib": 8689.0, "gpu_mem_total_mib": 49140.0, "gpu_power_w": 89.25, "process_present": true, "process_mem_mib": 8202.0, "process_mem_share_percent": 16.69108669108669, "process_util_available": true, "process_util_backend": "nvml", "process_sm_util_percent": 24.0, "process_mem_util_percent": 3.0}
{"timestamp_unix": 1772436907.7165408, "pid": 80154, "device_index": 0, "gpu_uuid": "GPU-6f954bfd-7081-31b7-f15c-f9a174bf4d7f", "gpu_util_percent": 12.0, "gpu_mem_util_percent": 1.0, "gpu_mem_used_mib": 8689.0, "gpu_mem_total_mib": 49140.0, "gpu_power_w": 89.25, "process_present": true, "process_mem_mib": 8202.0, "process_mem_share_percent": 16.69108669108669, "process_util_available": true, "process_util_backend": "nvml", "process_sm_util_percent": 24.0, "process_mem_util_percent": 3.0}
{"timestamp_unix": 1772436908.0058029, "pid": 80154, "device_index": 0, "gpu_uuid": "GPU-6f954bfd-7081-31b7-f15c-f9a174bf4d7f", "gpu_util_percent": 24.0, "gpu_mem_util_percent": 3.0, "gpu_mem_used_mib": 8689.0, "gpu_mem_total_mib": 49140.0, "gpu_power_w": 91.16, "process_present": true, "process_mem_mib": 8202.0, "process_mem_share_percent": 16.69108669108669, "process_util_available": true, "process_util_backend": "nvml", "process_sm_util_percent": 24.0, "process_mem_util_percent": 3.0}
{"timestamp_unix": 1772436908.2952356, "pid": 80154, "device_index": 0, "gpu_uuid": "GPU-6f954bfd-7081-31b7-f15c-f9a174bf4d7f", "gpu_util_percent": 24.0, "gpu_mem_util_percent": 3.0, "gpu_mem_used_mib": 8689.0, "gpu_mem_total_mib": 49140.0, "gpu_power_w": 91.16, "process_present": true, "process_mem_mib": 8202.0, "process_mem_share_percent": 16.69108669108669, "process_util_available": true, "process_util_backend": "nvml", "process_sm_util_percent": 24.0, "process_mem_util_percent": 3.0}
{"timestamp_unix": 1772436908.5844767, "pid": 80154, "device_index": 0, "gpu_uuid": "GPU-6f954bfd-7081-31b7-f15c-f9a174bf4d7f", "gpu_util_percent": 24.0, "gpu_mem_util_percent": 3.0, "gpu_mem_used_mib": 8689.0, "gpu_mem_total_mib": 49140.0, "gpu_power_w": 92.89, "process_present": true, "process_mem_mib": 8202.0, "process_mem_share_percent": 16.69108669108669, "process_util_available": true, "process_util_backend": "nvml", "process_sm_util_percent": 24.0, "process_mem_util_percent": 3.0}
{"timestamp_unix": 1772436908.8722928, "pid": 80154, "device_index": 0, "gpu_uuid": "GPU-6f954bfd-7081-31b7-f15c-f9a174bf4d7f", "gpu_util_percent": 24.0, "gpu_mem_util_percent": 3.0, "gpu_mem_used_mib": 8689.0, "gpu_mem_total_mib": 49140.0, "gpu_power_w": 92.74, "process_present": true, "process_mem_mib": 8202.0, "process_mem_share_percent": 16.69108669108669, "process_util_available": true, "process_util_backend": "nvml", "process_sm_util_percent": 24.0, "process_mem_util_percent": 3.0}
{"timestamp_unix": 1772436909.160693, "pid": 80154, "device_index": 0, "gpu_uuid": "GPU-6f954bfd-7081-31b7-f15c-f9a174bf4d7f", "gpu_util_percent": 24.0, "gpu_mem_util_percent": 3.0, "gpu_mem_used_mib": 8689.0, "gpu_mem_total_mib": 49140.0, "gpu_power_w": 92.74, "process_present": true, "process_mem_mib": 8202.0, "process_mem_share_percent": 16.69108669108669, "process_util_available": true, "process_util_backend": "nvml", "process_sm_util_percent": 24.0, "process_mem_util_percent": 3.0}
{"timestamp_unix": 1772436909.4672048, "pid": 80154, "device_index": 0, "gpu_uuid": "GPU-6f954bfd-7081-31b7-f15c-f9a174bf4d7f", "gpu_util_percent": 24.0, "gpu_mem_util_percent": 3.0, "gpu_mem_used_mib": 8685.0, "gpu_mem_total_mib": 49140.0, "gpu_power_w": 92.8, "process_present": true, "process_mem_mib": 8202.0, "process_mem_share_percent": 16.69108669108669, "process_util_available": true, "process_util_backend": "nvml", "process_sm_util_percent": 24.0, "process_mem_util_percent": 3.0}
{"timestamp_unix": 1772436909.766855, "pid": 80154, "device_index": 0, "gpu_uuid": "GPU-6f954bfd-7081-31b7-f15c-f9a174bf4d7f", "gpu_util_percent": 24.0, "gpu_mem_util_percent": 3.0, "gpu_mem_used_mib": 8685.0, "gpu_mem_total_mib": 49140.0, "gpu_power_w": 92.8, "process_present": true, "process_mem_mib": 8202.0, "process_mem_share_percent": 16.69108669108669, "process_util_available": true, "process_util_backend": "nvml", "process_sm_util_percent": 24.0, "process_mem_util_percent": 3.0}
{"timestamp_unix": 1772436910.0543034, "pid": 80154, "device_index": 0, "gpu_uuid": "GPU-6f954bfd-7081-31b7-f15c-f9a174bf4d7f", "gpu_util_percent": 24.0, "gpu_mem_util_percent": 3.0, "gpu_mem_used_mib": 8685.0, "gpu_mem_total_mib": 49140.0, "gpu_power_w": 92.86, "process_present": true, "process_mem_mib": 8202.0, "process_mem_share_percent": 16.69108669108669, "process_util_available": true, "process_util_backend": "nvml", "process_sm_util_percent": 24.0, "process_mem_util_percent": 3.0}
{"timestamp_unix": 1772436910.3432703, "pid": 80154, "device_index": 0, "gpu_uuid": "GPU-6f954bfd-7081-31b7-f15c-f9a174bf4d7f", "gpu_util_percent": 24.0, "gpu_mem_util_percent": 3.0, "gpu_mem_used_mib": 8685.0, "gpu_mem_total_mib": 49140.0, "gpu_power_w": 92.79, "process_present": true, "process_mem_mib": 8202.0, "process_mem_share_percent": 16.69108669108669, "process_util_available": true, "process_util_backend": "nvml", "process_sm_util_percent": 24.0, "process_mem_util_percent": 3.0}
{"timestamp_unix": 1772436910.6344326, "pid": 80154, "device_index": 0, "gpu_uuid": "GPU-6f954bfd-7081-31b7-f15c-f9a174bf4d7f", "gpu_util_percent": 24.0, "gpu_mem_util_percent": 3.0, "gpu_mem_used_mib": 8685.0, "gpu_mem_total_mib": 49140.0, "gpu_power_w": 92.79, "process_present": true, "process_mem_mib": 8202.0, "process_mem_share_percent": 16.69108669108669, "process_util_available": true, "process_util_backend": "nvml", "process_sm_util_percent": 24.0, "process_mem_util_percent": 3.0}
{"timestamp_unix": 1772436910.9251535, "pid": 80154, "device_index": 0, "gpu_uuid": "GPU-6f954bfd-7081-31b7-f15c-f9a174bf4d7f", "gpu_util_percent": 25.0, "gpu_mem_util_percent": 3.0, "gpu_mem_used_mib": 8685.0, "gpu_mem_total_mib": 49140.0, "gpu_power_w": 92.74, "process_present": true, "process_mem_mib": 8202.0, "process_mem_share_percent": 16.69108669108669, "process_util_available": true, "process_util_backend": "nvml", "process_sm_util_percent": 24.0, "process_mem_util_percent": 3.0}
{"timestamp_unix": 1772436911.219086, "pid": 80154, "device_index": 0, "gpu_uuid": "GPU-6f954bfd-7081-31b7-f15c-f9a174bf4d7f", "gpu_util_percent": 25.0, "gpu_mem_util_percent": 3.0, "gpu_mem_used_mib": 8685.0, "gpu_mem_total_mib": 49140.0, "gpu_power_w": 92.74, "process_present": true, "process_mem_mib": 8202.0, "process_mem_share_percent": 16.69108669108669, "process_util_available": true, "process_util_backend": "nvml", "process_sm_util_percent": 24.0, "process_mem_util_percent": 3.0}
{"timestamp_unix": 1772436911.5078487, "pid": 80154, "device_index": 0, "gpu_uuid": "GPU-6f954bfd-7081-31b7-f15c-f9a174bf4d7f", "gpu_util_percent": 25.0, "gpu_mem_util_percent": 3.0, "gpu_mem_used_mib": 8685.0, "gpu_mem_total_mib": 49140.0, "gpu_power_w": 92.76, "process_present": true, "process_mem_mib": 8202.0, "process_mem_share_percent": 16.69108669108669, "process_util_available": true, "process_util_backend": "nvml", "process_sm_util_percent": 24.0, "process_mem_util_percent": 3.0}
{"timestamp_unix": 1772436911.8129432, "pid": 80154, "device_index": 0, "gpu_uuid": "GPU-6f954bfd-7081-31b7-f15c-f9a174bf4d7f", "gpu_util_percent": 25.0, "gpu_mem_util_percent": 3.0, "gpu_mem_used_mib": 8685.0, "gpu_mem_total_mib": 49140.0, "gpu_power_w": 92.76, "process_present": true, "process_mem_mib": 8202.0, "process_mem_share_percent": 16.69108669108669, "process_util_available": true, "process_util_backend": "nvml", "process_sm_util_percent": 24.0, "process_mem_util_percent": 3.0}
{"timestamp_unix": 1772436912.1173706, "pid": 80154, "device_index": 0, "gpu_uuid": "GPU-6f954bfd-7081-31b7-f15c-f9a174bf4d7f", "gpu_util_percent": 24.0, "gpu_mem_util_percent": 3.0, "gpu_mem_used_mib": 8685.0, "gpu_mem_total_mib": 49140.0, "gpu_power_w": 92.69, "process_present": true, "process_mem_mib": 8202.0, "process_mem_share_percent": 16.69108669108669, "process_util_available": true, "process_util_backend": "nvml", "process_sm_util_percent": 24.0, "process_mem_util_percent": 3.0}
{"timestamp_unix": 1772436912.4185836, "pid": 80154, "device_index": 0, "gpu_uuid": "GPU-6f954bfd-7081-31b7-f15c-f9a174bf4d7f", "gpu_util_percent": 24.0, "gpu_mem_util_percent": 3.0, "gpu_mem_used_mib": 8685.0, "gpu_mem_total_mib": 49140.0, "gpu_power_w": 92.59, "process_present": true, "process_mem_mib": 8202.0, "process_mem_share_percent": 16.69108669108669, "process_util_available": true, "process_util_backend": "nvml", "process_sm_util_percent": null, "process_mem_util_percent": null}
